id,company,code,ProductName,fixname,group,type,subtype,Category,DrugRegistor,Area,Unit,Barcode,AlarmExp,Remark,Show,Child,CI,CostActual,price,wholesaleprice,online,PriceA,PriceB,Max,Min,ROP,pic
3103,1,100001,Nifuroxazide 0.218g 60 ml (erfuzide),NIFUROXAZIDE,ANTIDIARRHOEALS,ขย.9,-,ยาน้ำสำหรับเด็ก,,,ขวด,8858670600431,100,NULL,FALSE,FALSE,NULL,,,0,0,0,0,0,0,,/uploads/100001_1.jpg
3104,1,100002,Nifuroxazide 0.218g 30 ml (erfuzide),NIFUROXAZIDE,ANTIDIARRHOEALS,ขย.9,NULL,ยาน้ำสำหรับเด็ก,,,ขวด,8858670600448,100,NULL,FALSE,FALSE,NULL,,,0,0,0,0,0,0,,/uploads/100002_1.jpg
3105,1,100003,Domperidone  (Motilium) 30 ml,DOMPERIDONE,ANTIEMETICS & ANTIVERTIGO DRUG,ขย.9,NULL,ยาน้ำสำหรับเด็ก,,,ขวด,8850583000469,100,NULL,FALSE,FALSE,NULL,,,0,0,0,0,0,0,,/uploads/100003_1.jpg
3106,1,100004,Molax Suspension 30 ml,DOMPERIDONE,ANTIEMETICS & ANTIVERTIGO DRUG,ขย.9,NULL,ยาน้ำสำหรับเด็ก,,,ขวด,8852738240430,100,NULL,FALSE,FALSE,NULL,,,0,0,0,0,0,0,,/uploads/100004_1.jpg
3107,1,100005,AIR-X drop 15 ml,SIMETHICONE,Upper/Lower GI,ขย.9,NULL,ยาน้ำสำหรับเด็ก,,,กล่อง,8852673000519,100,NULL,FALSE,FALSE,NULL,,,NULL,NULL,NULL,NULL,NULL,NULL,1,NULL
3108,1,100006,Dioxzye 15 ml,SIMETHICONE,Upper/Lower GI,ขย.9,NULL,ยาน้ำสำหรับเด็ก,,,กล่อง,8851473005670,100,NULL,FALSE,FALSE,NULL,,,NULL,NULL,NULL,NULL,NULL,NULL,1,NULL
3109,1,100007,Berclomine Syrup 60 ml,DICYCLOMINE+SIMETHICONE,Upper/Lower GI,ขย.9,NULL,ยาน้ำสำหรับเด็ก,,,ขวด,8852645506032,100,NULL,FALSE,FALSE,NULL,,,NULL,NULL,NULL,NULL,NULL,NULL,1,NULL
3110,1,100008,Scopas elixir 30ml,HYOSCINE,Upper/Lower GI,ขย.9,NULL,ยาน้ำสำหรับเด็ก,,,ขวด,8856351004615,100,NULL,FALSE,FALSE,NULL,,,NULL,NULL,NULL,NULL,NULL,NULL,1,NULL
3111,1,100009,Ferdek drop(ferrous )15 ml,FERROUS FUMALATE,MEDICAL SUPPLY,ขย.9,NULL,ยาน้ำสำหรับเด็ก,,,ขวด,8858690852100,100,NULL,FALSE,FALSE,NULL,,,NULL,NULL,NULL,NULL,NULL,NULL,1,NULL
3112,1,100010,Beramol drops 100mg/1ml 15 ml,PARACETAMOL,NSAIDs,ขย.9,NULL,ยาน้ำสำหรับเด็ก,,,ขวด,8853174003108,100,NULL,FALSE,FALSE,NULL,,,NULL,NULL,NULL,NULL,NULL,NULL,1,NULL
3113,1,100011,Kit-F drop 100mg/1ml 15 ml,PARACETAMOL,NSAIDs,ขย.9,NULL,ยาน้ำสำหรับเด็ก,,,ขวด,8858954802094,100,NULL,FALSE,FALSE,NULL,,,NULL,NULL,NULL,NULL,NULL,NULL,1,NULL
3114,1,100012,SARA drop 100mg/1ml 15 ml องุ่น,PARACETAMOL,NSAIDs,ขย.9,NULL,ยาน้ำสำหรับเด็ก,,,ขวด,8851473000958,100,NULL,FALSE,FALSE,NULL,,,NULL,NULL,NULL,NULL,NULL,NULL,1,NULL
3115,1,100013,Xebramol drop 100mg/ml 15ml,PARACETAMOL,NSAIDs,ขย.9,NULL,ยาน้ำสำหรับเด็ก,,,ขวด,8858698958064,100,NULL,FALSE,FALSE,NULL,,,NULL,NULL,NULL,NULL,NULL,NULL,1,NULL
3116,1,100014,Tempra Drop 100 mg/1 ml 15 ml องุ่น,PARACETAMOL,NSAIDs,ขย.9,NULL,ยาน้ำสำหรับเด็ก,,,ขวด,8995201800356,100,NULL,FALSE,FALSE,NULL,,,NULL,NULL,NULL,NULL,NULL,NULL,1,NULL
3117,1,100015,Tylenol 80mg/0.8ml 15ml,PARACETAMOL,NSAIDs,ขย.9,NULL,ยาน้ำสำหรับเด็ก,,,ขวด,8850007850540,100,NULL,FALSE,FALSE,NULL,,,NULL,NULL,NULL,NULL,NULL,NULL,1,NULL
3118,1,100016,Snake brand 60 ml,ASPIRIN,ASPIRIN,ขย.9,NULL,ยาน้ำสำหรับเด็ก,,,ขวด,8852086725108,100,NULL,FALSE,FALSE,NULL,,,NULL,NULL,NULL,NULL,NULL,NULL,1,NULL
3119,1,100017,Xebramol 120mg/5ml กลิ่นสละ 60ml,PARACETAMOL,NSAIDs,ขย.9,NULL,ยาน้ำสำหรับเด็ก,,,ขวด,8858698954226,100,NULL,FALSE,FALSE,NULL,,,NULL,NULL,NULL,NULL,NULL,NULL,1,NULL
3120,1,100018,Xebramol 120mg/5ml กลิ่นส้ม 60ml,PARACETAMOL,NSAIDs,ขย.9,NULL,ยาน้ำสำหรับเด็ก,,,ขวด,8858698954288,100,NULL,FALSE,FALSE,NULL,,,NULL,NULL,NULL,NULL,NULL,NULL,1,NULL
3121,1,100019,Beramol DEK 120mg/5ml syrup 60 ml,PARACETAMOL,NSAIDs,ขย.9,NULL,ยาน้ำสำหรับเด็ก,,,ขวด,8853174030111,100,NULL,FALSE,FALSE,NULL,,,NULL,NULL,NULL,NULL,NULL,NULL,1,NULL
3122,1,100020,Sara 250 mg/5ml รสส้ม 60ml,PARACETAMOL,NSAIDs,ขย.9,NULL,ยาน้ำสำหรับเด็ก,,,ขวด,8851473001047,100,NULL,FALSE,FALSE,NULL,,,NULL,NULL,NULL,NULL,NULL,NULL,1,NULL
3123,1,100021,Tempra Forte 250mg/5ml สตอเบอรรี่ 60ml,PARACETAMOL,NSAIDs,ขย.9,NULL,ยาน้ำสำหรับเด็ก,,,ขวด,8995201800332,100,NULL,FALSE,FALSE,NULL,,,NULL,NULL,NULL,NULL,NULL,NULL,1,NULL
3124,1,100022,Tempra kid 120mg/5ml สตอเบอรรี่ 60ml,PARACETAMOL,NSAIDs,ขย.9,NULL,ยาน้ำสำหรับเด็ก,,,ขวด,8995201800318,100,NULL,FALSE,FALSE,NULL,,,NULL,NULL,NULL,NULL,NULL,NULL,1,NULL
3125,1,100023,Tylenol 160mg/5ml รสเชอรี่ 60ml,PARACETAMOL,NSAIDs,ขย.9,NULL,ยาน้ำสำหรับเด็ก,,,ขวด,8850007850533,100,NULL,FALSE,FALSE,NULL,,,NULL,NULL,NULL,NULL,NULL,NULL,1,NULL
3126,1,100024,Sara 160mg/5ml  องุ่น 60ml,PARACETAMOL,NSAIDs,ขย.9,NULL,ยาน้ำสำหรับเด็ก,,,ขวด,8851473003195,100,NULL,FALSE,FALSE,NULL,,,NULL,NULL,NULL,NULL,NULL,NULL,1,NULL
3127,1,100025,Sara 120mg/5ml ทับทิม 60ml,PARACETAMOL,NSAIDs,ขย.9,NULL,ยาน้ำสำหรับเด็ก,,,ขวด,8851473000514,100,NULL,FALSE,FALSE,NULL,,,NULL,NULL,NULL,NULL,NULL,NULL,1,NULL
3128,1,100026,Sara 120mg/5ml มิกซ์เบอรี่ 60ml,PARACETAMOL,NSAIDs,ขย.9,NULL,ยาน้ำสำหรับเด็ก,,,ขวด,8851473008206,100,NULL,FALSE,FALSE,NULL,,,NULL,NULL,NULL,NULL,NULL,NULL,1,NULL
3129,1,100027,Sara 120 mg/5ml สตอเบอรี่ 60ml,PARACETAMOL,NSAIDs,ขย.9,NULL,ยาน้ำสำหรับเด็ก,,,ขวด,8851473000385,100,NULL,FALSE,FALSE,NULL,,,NULL,NULL,NULL,NULL,NULL,NULL,1,NULL
3130,1,100028,Lotemp fort 250 mg/5ml รสส้ม 60ml,PARACETAMOL,NSAIDs,ขย.9,NULL,ยาน้ำสำหรับเด็ก,,,ขวด,8852662200166,100,NULL,FALSE,FALSE,NULL,,,NULL,NULL,NULL,NULL,NULL,NULL,1,NULL
3131,1,100029,Lotemp 120mg/5ml สตอเบอรี่ 60ml,PARACETAMOL,NSAIDs,ขย.9,NULL,ยาน้ำสำหรับเด็ก,,,ขวด,8852662200258,100,NULL,FALSE,FALSE,NULL,,,NULL,NULL,NULL,NULL,NULL,NULL,1,NULL
3132,1,100030,Siamox syrup 125mg/5ml 60 ml,AMOXICILLINE,PENICILLINS,ขย.9,NULL,ยาน้ำสำหรับเด็ก,,,ขวด,8852738351914,100,NULL,FALSE,FALSE,NULL,,,NULL,NULL,NULL,NULL,NULL,NULL,1,NULL
3133,1,100031,Siamox syrup 250mg/5ml 60 ml,AMOXICILLINE,PENICILLINS,ขย.9,NULL,ยาน้ำสำหรับเด็ก,,,ขวด,8852738351976,100,NULL,FALSE,FALSE,NULL,,,NULL,NULL,NULL,NULL,NULL,NULL,1,NULL
3134,1,100032,Newtomox syrup 250mg/5ml 60 ml,AMOXICILLINE,PENICILLINS,ขย.9,NULL,ยาน้ำสำหรับเด็ก,,,ขวด,8858022003071,100,NULL,FALSE,FALSE,NULL,,,NULL,NULL,NULL,NULL,NULL,NULL,1,NULL
3135,1,100033,Manclamine 228.5mg/5ml  70ml,AMOX+CLAVU,PENICILLINS,ขย.9,NULL,ยาน้ำสำหรับเด็ก,,,ขวด,8856513004163,100,NULL,FALSE,FALSE,NULL,,,NULL,NULL,NULL,NULL,NULL,NULL,1,NULL
3136,1,100034,Samnir 125 mg/5ml 30 ml,CERDINIR,CEPHALOSPORINS,ขย.9,NULL,ยาน้ำสำหรับเด็ก,,,ขวด,8852738343070,100,NULL,FALSE,FALSE,NULL,,,NULL,NULL,NULL,NULL,NULL,NULL,1,NULL
3137,1,100035,omnicef 125mg/5ml  30ml,CERDINIR,CEPHALOSPORINS,ขย.9,NULL,ยาน้ำสำหรับเด็ก,,,ขวด,8852655395022,100,NULL,FALSE,FALSE,NULL,,,NULL,NULL,NULL,NULL,NULL,NULL,1,NULL
3138,1,100036,Sialexin syrup 125mg/5ml 60 ml,CEFALEXIN,CEPHALOSPORINS,ขย.9,NULL,ยาน้ำสำหรับเด็ก,,,ขวด,8852738341915,100,NULL,FALSE,FALSE,NULL,,,NULL,NULL,NULL,NULL,NULL,NULL,1,NULL
3139,1,100037,ONZET DRY SYRUP 15ml  รสเชอรี่,AZITHROMYCIN,MACROLIDES,ขย.9,NULL,ยาน้ำสำหรับเด็ก,,,ขวด,8852807458803,100,NULL,FALSE,FALSE,NULL,,,NULL,NULL,NULL,NULL,NULL,NULL,1,NULL
3140,1,100038,Zyrtec syrup 0.1% 75 ml,CETIRIZINE,ANTIHISTAMINES & ANTIALLERGICS,ขย.9,NULL,ยาน้ำสำหรับเด็ก,,,ขวด,8851007197116,100,NULL,FALSE,FALSE,NULL,,,NULL,NULL,NULL,NULL,NULL,NULL,1,NULL
3141,1,100039,Salmol Syrup 2mg/5ml ชมพู 60ml,SALBUTAMOL,ANTIASTHMATIC PREPARATIONS,ขย.9,NULL,ยาน้ำสำหรับเด็ก,,,ขวด,8852662200074,100,NULL,FALSE,FALSE,NULL,,,NULL,NULL,NULL,NULL,NULL,NULL,1,NULL
3142,1,100040,Salmol Syrup 1mg/5ml ฟ้า 60ml,SALBUTAMOL,ANTIASTHMATIC PREPARATIONS,ขย.9,NULL,ยาน้ำสำหรับเด็ก,,,ขวด,8852662200135,100,NULL,FALSE,FALSE,NULL,,,NULL,NULL,NULL,NULL,NULL,NULL,1,NULL
3143,1,100041,Meptin syrup 0.05mg/5ml 60ml,PROCATEROL,ANTIASTHMATIC PREPARATIONS,ขย.9,NULL,ยาน้ำสำหรับเด็ก,,,ขวด,8852629305088,100,NULL,FALSE,FALSE,NULL,,,NULL,NULL,NULL,NULL,NULL,NULL,1,NULL
3144,1,100042,Bisovon EX  syrup 125ml,BROMHEXINE + GUAIFENESIN,MUCOLYTIC,ขย.9,NULL,ยาน้ำสำหรับเด็ก,,,ขวด,8850886103065,100,NULL,FALSE,FALSE,NULL,,,NULL,NULL,NULL,NULL,NULL,NULL,1,NULL
3145,1,100043,Asovon syrup 4 mg 60 ml,BROMHEXINE,MUCOLYTIC,ขย.9,NULL,ยาน้ำสำหรับเด็ก,,,ขวด,8858698952086,100,NULL,FALSE,FALSE,NULL,,,NULL,NULL,NULL,NULL,NULL,NULL,1,NULL
3146,1,100044,Flemex syrup 120ml,CARBOCYSTEINE,MUCOLYTIC,ขย.9,NULL,ยาน้ำสำหรับเด็ก,,,ขวด,8852027349738,100,NULL,FALSE,FALSE,NULL,,,NULL,NULL,NULL,NULL,NULL,NULL,1,NULL
3147,1,100045,Flemex syrup Kid 60ml,CARBOCYSTEINE,MUCOLYTIC,ขย.9,NULL,ยาน้ำสำหรับเด็ก,,,ขวด,8852027349813,100,NULL,FALSE,FALSE,NULL,,,NULL,NULL,NULL,NULL,NULL,NULL,1,NULL
3148,1,100046,Solmax kid  60 ml,CARBOCYSTEINE,MUCOLYTIC,ขย.9,NULL,ยาน้ำสำหรับเด็ก,,,ขวด,8858965400678,100,NULL,FALSE,FALSE,NULL,,,NULL,NULL,NULL,NULL,NULL,NULL,1,NULL
3149,1,100047,MR.HERB แก้หวัดเด็ก 60 ml,NULL,COUGH & COLD REMEDIES,ขย.9,NULL,ยาน้ำสำหรับเด็ก,,,ขวด,8852913219916,100,NULL,FALSE,FALSE,NULL,,,NULL,NULL,NULL,NULL,NULL,NULL,1,NULL
3150,1,100048,MR.HERB แก้ไอเด็ก 60 ml,CAMPHOR,COUGH & COLD REMEDIES,ขย.9,NULL,ยาน้ำสำหรับเด็ก,,,ขวด,8852913210913,100,NULL,FALSE,FALSE,NULL,,,39,NULL,NULL,NULL,NULL,NULL,1,NULL
3151,1,100049,Ivorin syrup 60 ml,LEVODROPROPIZINE,COUGH & COLD REMEDIES,ขย.9,NULL,ยาน้ำสำหรับเด็ก,,,ขวด,8852294547011,100,NULL,FALSE,FALSE,NULL,,,NULL,NULL,NULL,NULL,NULL,NULL,1,NULL
3152,1,100050,Bronal syrup 120ml,LEVODROPROPIZINE,COUGH & COLD REMEDIES,ขย.9,NULL,ยาน้ำสำหรับเด็ก,,,ขวด,8714651100058,100,NULL,FALSE,FALSE,NULL,,,NULL,NULL,NULL,NULL,NULL,NULL,1,NULL
3153,1,100051,Allora syrup 60 ml,LORATADINE,ANTIHISTAMINES & ANTIALLERGICS,ขย.9,NULL,ยาน้ำสำหรับเด็ก,,,ขวด,8853935031845,100,NULL,FALSE,FALSE,NULL,,,NULL,NULL,NULL,NULL,NULL,NULL,1,NULL
3154,1,100052,ALLEX syrup 60 ml,LORATADINE,ANTIHISTAMINES & ANTIALLERGICS,ขย.9,NULL,ยาน้ำสำหรับเด็ก,,,กล่อง,8853174003191,100,NULL,FALSE,FALSE,NULL,,,NULL,NULL,NULL,NULL,NULL,NULL,1,NULL
3155,1,100053,Loracine syrup 60 ml,LORATADINE,ANTIHISTAMINES & ANTIALLERGICS,ขย.9,NULL,ยาน้ำสำหรับเด็ก,,,ขวด,8858698952215,100,NULL,FALSE,FALSE,NULL,,,NULL,NULL,NULL,NULL,NULL,NULL,1,NULL
3156,1,100054,ormist syrup 60 ml,CETIRIZINE,ANTIHISTAMINES & ANTIALLERGICS,ขย.9,NULL,ยาน้ำสำหรับเด็ก,,,ขวด,8851473005380,100,NULL,FALSE,FALSE,NULL,,,NULL,NULL,NULL,NULL,NULL,NULL,1,NULL
3157,1,100055,CETTEC syrup 100 ml,CETIRIZINE,ANTIHISTAMINES & ANTIALLERGICS,ขย.9,NULL,ยาน้ำสำหรับเด็ก,,,ขวด,8855451000732,100,NULL,FALSE,FALSE,NULL,,,NULL,NULL,NULL,NULL,NULL,NULL,1,NULL
3158,1,100056,LORIUS syrup 60 ml,DESLORATADINE,ANTIHISTAMINES & ANTIALLERGICS,ขย.9,NULL,ยาน้ำสำหรับเด็ก,,,กล่อง,8850239005312,100,NULL,FALSE,FALSE,NULL,,,NULL,NULL,NULL,NULL,NULL,NULL,1,NULL
3159,1,100057,PIP TARYNE syrup 60 ml,LORATADINE,ANTIHISTAMINES & ANTIALLERGICS,ขย.9,NULL,ยาน้ำสำหรับเด็ก,,,กล่อง,100057,100,NULL,FALSE,FALSE,NULL,,,NULL,NULL,NULL,NULL,NULL,NULL,1,NULL
3160,1,100058,Fatec syrup 1mg/ml 100ml,CETIRIZINE,ANTIHISTAMINES & ANTIALLERGICS,ขย.9,NULL,ยาน้ำสำหรับเด็ก,,,ขวด,8854596002328,100,NULL,FALSE,FALSE,NULL,,,NULL,NULL,NULL,NULL,NULL,NULL,1,NULL
3161,1,100059,chlorahist syrup 60 ml,CHLORPHENIRAMINE,ANTIHISTAMINES & ANTIALLERGICS,ขย.9,ขย.11,ยาน้ำสำหรับเด็ก,,,ขวด,8851467510203,100,NULL,FALSE,FALSE,NULL,,,NULL,NULL,NULL,NULL,NULL,NULL,1,NULL
3162,1,100060,Tiffy syrup 60 ml,PARACETAMOL+CPM+PHENYLEPHRINE HCL,ANTIHISTAMINES & ANTIALLERGICS,ขย.9,ขย.11,ยาน้ำสำหรับเด็ก,,,ขวด,8851473009975,100,NULL,FALSE,FALSE,NULL,,,NULL,NULL,NULL,NULL,NULL,NULL,1,NULL
3163,1,100061,Tiffy syrup 30 ml,PARACETAMOL+CPM+PHENYLEPHRINE HCL,ANTIHISTAMINES & ANTIALLERGICS,ขย.9,ขย.11,ยาน้ำสำหรับเด็ก,,,ขวด,8851473009968,100,NULL,FALSE,FALSE,NULL,,,NULL,NULL,NULL,NULL,NULL,NULL,1,NULL
3164,1,100062,Sulidine syrup CP 60 ml,PARACETAMOL+CPM+PHENYLEPHRINE HCL,ANTIHISTAMINES & ANTIALLERGICS,ขย.9,ขย.11,ยาน้ำสำหรับเด็ก,,,ขวด,8853174003283,100,NULL,FALSE,FALSE,NULL,,,NULL,NULL,NULL,NULL,NULL,NULL,1,NULL
3165,1,100063,Sulidine syrup 60 ml,PARACETAMOL+CPM+PHENYLEPHRINE HCL,ANTIHISTAMINES & ANTIALLERGICS,ขย.9,ขย.11,ยาน้ำสำหรับเด็ก,,,ขวด,8853174003344,100,NULL,FALSE,FALSE,NULL,,,NULL,NULL,NULL,NULL,NULL,NULL,1,NULL
3166,1,100064,B.M. baby cough syrup 60ml,CHLORPHENIRRAMINE+AMMONIUM CL+SO.CITRATE,ANTIHISTAMINES & ANTIALLERGICS,ขย.9,ขย.11,ยาน้ำสำหรับเด็ก,,,ขวด,8853174003177,100,NULL,FALSE,FALSE,NULL,,,NULL,NULL,NULL,NULL,NULL,NULL,1,NULL
3167,1,100065,R-RAX Syrup 60 ml,HYDROXYZINE,ANTIHISTAMINES & ANTIALLERGICS,ขย.9,ขย.11,ยาน้ำสำหรับเด็ก,,,ขวด,8858698952314,100,NULL,FALSE,FALSE,NULL,,,NULL,NULL,NULL,NULL,NULL,NULL,1,NULL
3168,1,100066,Dextro cough syrup 60ml,DEXTROMETHOPHAN+CHLORPHENIRAMINE+TERPIN,COUGH & COLD REMEDIES,ขย.9,ขย.11,ยาน้ำสำหรับเด็ก,,,ขวด,8852535003061,100,NULL,FALSE,FALSE,NULL,,,NULL,NULL,NULL,NULL,NULL,NULL,1,NULL
3169,1,100067,cougo syrup 60 ml,PARACETAMOL+CPM+PHENYLEPHRINE HCL,COUGH & COLD REMEDIES,ขย.9,ขย.11,ยาน้ำสำหรับเด็ก,,,ขวด,8853174003245,100,NULL,FALSE,FALSE,NULL,,,NULL,NULL,NULL,NULL,NULL,NULL,1,NULL
3170,1,100068,cyproheptadine 2mg (cypro),CYPROTERONE ACETATE+ETHINYLESTRADIOL,ANTIHISTAMINES & ANTIALLERGICS,ขย.9,ขย.11,ยาน้ำสำหรับเด็ก,,,ขวด,8858698952154,100,NULL,FALSE,FALSE,NULL,,,NULL,NULL,NULL,NULL,NULL,NULL,1,NULL
3171,1,100069,Minra syrup รสองุ่น 60 ml,BROMPHENIRAMINE+PHENYLPROPANILAMINE,ANTIHISTAMINES & ANTIALLERGICS,ขย.9,ขย.11,ยาน้ำสำหรับเด็ก,,,ขวด,8851473008459,100,NULL,FALSE,FALSE,NULL,,,NULL,NULL,NULL,NULL,NULL,NULL,1,NULL
3172,1,100070,Minra syrup รสส้ม 60 ml,BROMPHENIRAMINE+PHENYLPROPANILAMINE,ANTIHISTAMINES & ANTIALLERGICS,ขย.9,ขย.11,ยาน้ำสำหรับเด็ก,,,ขวด,8851473008336,100,NULL,FALSE,FALSE,NULL,,,NULL,NULL,NULL,NULL,NULL,NULL,1,NULL
3173,1,100071,asiatapp infant Drops 15 ml,BROMPHENIRAMINE+PHENYLPROPANILAMINE,ANTIHISTAMINES & ANTIALLERGICS,ขย.9,ขย.11,ยาน้ำสำหรับเด็ก,,,กล่อง,8856351006237,100,NULL,FALSE,FALSE,NULL,,,NULL,NULL,NULL,NULL,NULL,NULL,1,NULL
3174,1,100072,Vitamin B1 injection  1ml,NULL,VITAMINS & MINERALS,ขย.9,NULL,ยาหู ตา คอ จมูก,,,กล่อง,8854060000522,100,NULL,FALSE,FALSE,NULL,,,NULL,NULL,NULL,NULL,NULL,NULL,1,NULL
3175,1,100073,Fluimucil 3ml*5 amp/กล่อง,NULL,NULL,NULL,NULL,NULL,,,NULL,100073,100,NULL,FALSE,FALSE,NULL,,,NULL,NULL,NULL,NULL,NULL,NULL,1,NULL
3176,1,100074,vitamin C injection,ASCORBIC ACID,VITAMINS & MINERALS,ขย.9,NULL,ยาหู ตา คอ จมูก,,,กล่อง,8853533000533,100,NULL,FALSE,FALSE,NULL,,,NULL,NULL,NULL,NULL,NULL,NULL,1,NULL
3177,1,100075,Acetylcysteine 300mg injection (ACETIN),ASCORBIC ACID,VITAMINS & MINERALS,ขย.9,NULL,ยาหู ตา คอ จมูก,,,กล่อง,8852810196518,100,NULL,FALSE,FALSE,NULL,,,NULL,NULL,NULL,NULL,NULL,NULL,1,NULL
3178,1,100076,Vitop vitamin and mineral  10tab,VITAMIN B COMPLEX+MINERAL,VITAMINS & MINERALS,ขย.9,-,ยาหู ตา คอ จมูก,,,แผง,8858983003431,100,NULL,FALSE,FALSE,NULL,,,0,0,0,0,0,0,,/uploads/100076_1.jpg
3179,1,100077,Manoprovit 72  tab,VITAMIN B COMPLEX+MINERAL,VITAMINS & MINERALS,ขย.9,NULL,ยาหู ตา คอ จมูก,,,ขวด,8858148000329,100,NULL,FALSE,FALSE,NULL,,,NULL,NULL,NULL,NULL,NULL,NULL,1,NULL
3180,1,100078,Minra drop รสองุ่น 15 ml,BROMPHENIRAMINE+PHENYLPROPANILAMINE,ANTIHISTAMINES & ANTIALLERGICS,ขย.9,ขย.11,ยาน้ำสำหรับเด็ก,,,ขวด,8851473000842,100,NULL,FALSE,FALSE,NULL,,,NULL,NULL,NULL,NULL,NULL,NULL,1,NULL
3181,1,100079,vitamin A 25000iu 100 cap (MEGA),VITAMIN A 25000 UNITS,VITAMINS & MINERALS,ขย.9,NULL,ยาหู ตา คอ จมูก,,,กระปุก,8850769009187,100,NULL,FALSE,FALSE,NULL,,,NULL,NULL,NULL,NULL,NULL,NULL,1,NULL
3182,1,100080,Natural vitamin E 400 MEGA  30cap,VITAMIN E,VITAMINS & MINERALS,ขย.9,NULL,ยาหู ตา คอ จมูก,,,กระปุก,8850769008999,100,NULL,FALSE,FALSE,NULL,,,NULL,NULL,NULL,NULL,NULL,NULL,1,NULL
3183,1,100081,NEUROBION (B1-6-12) 10's,VITAMIN B1 + VITAMIN B6 + VITAMIN B12,VITAMINS & MINERALS,ขย.9,NULL,ยาหู ตา คอ จมูก,,,แผง,8852881026325,100,NULL,FALSE,FALSE,NULL,,,NULL,NULL,NULL,NULL,NULL,NULL,1,NULL
3184,1,100082,Haemovit Gold 31's,VITAMIN B COMPLEX+MINERAL,VITAMINS & MINERALS,ขย.9,NULL,ยาหู ตา คอ จมูก,,,กระปุก,8851847000249,100,NULL,FALSE,FALSE,NULL,,,NULL,NULL,NULL,NULL,NULL,NULL,1,NULL
3185,1,100083,Haemovit 100's,VITAMIN B COMPLEX+MINERAL,VITAMINS & MINERALS,ขย.9,NULL,ยาหู ตา คอ จมูก,,,กระปุก,8851847000034,100,NULL,FALSE,FALSE,NULL,,,NULL,NULL,NULL,NULL,NULL,NULL,1,NULL
3186,1,100084,New phavit  100's,VITAMIN B COMPLEX+MINERAL,VITAMINS & MINERALS,ขย.9,NULL,ยาหู ตา คอ จมูก,,,กระปุก,8855930000079,100,NULL,FALSE,FALSE,NULL,,,NULL,NULL,NULL,NULL,NULL,NULL,1,NULL
3187,1,100085,Newphavit B plus 100's,VITAMIN B COMPLEX+MINERAL,VITAMINS & MINERALS,ขย.9,NULL,ยาหู ตา คอ จมูก,,,กระปุก,8855930001007,100,NULL,FALSE,FALSE,NULL,,,NULL,NULL,NULL,NULL,NULL,NULL,1,NULL
3188,1,100086,OBIMIN-AZ (20's),VITAMIN B COMPLEX+MINERAL,VITAMINS & MINERALS,ขย.9,NULL,ยาหู ตา คอ จมูก,,,กระปุก,8851824000682,100,NULL,FALSE,FALSE,NULL,,,NULL,NULL,NULL,NULL,NULL,NULL,1,NULL
3189,1,100087,ravit-fort + folic calcium 30's,VITAMIN B COMPLEX+MINERAL,VITAMINS & MINERALS,ขย.9,NULL,ยาหู ตา คอ จมูก,,,กล่อง,8851467056008,100,NULL,FALSE,FALSE,NULL,,,NULL,NULL,NULL,NULL,NULL,NULL,1,NULL
3190,1,100088,Sambee (Vit B1-6-12) 10 tab,VITAMIN B1 + VITAMIN B6 + VITAMIN B12,VITAMINS & MINERALS,ขย.9,NULL,ยาหู ตา คอ จมูก,,,แผง,8855451000510,100,NULL,FALSE,FALSE,NULL,,,NULL,NULL,NULL,NULL,NULL,NULL,1,NULL
3191,1,100089,FBC บำรุงเลือด (100 เม็ด),VITAMIN B COMPLEX+MINERAL,VITAMINS & MINERALS,ขย.9,NULL,ยาหู ตา คอ จมูก,,,ถุง,92,100,NULL,FALSE,FALSE,NULL,,,NULL,NULL,NULL,NULL,NULL,NULL,1,NULL
3192,1,100090,Methycobal 30's,MECOBALAMIN,VITAMINS & MINERALS,ขย.9,NULL,วิตามินและอาหารเสริม,,,กล่อง,8858682900185,100,NULL,FALSE,FALSE,NULL,,,NULL,NULL,NULL,NULL,NULL,NULL,1,NULL
3193,1,100091,Folic 5 mg  10tab,FOLIC ACID,VITAMINS & MINERALS,ขย.9,NULL,ยาหู ตา คอ จมูก,,,แผง,8852978008388,100,NULL,FALSE,FALSE,NULL,,,NULL,NULL,NULL,NULL,NULL,NULL,1,NULL
3194,1,100092,Folic 5mg  GPO 30 's นับเม็ด,FOLIC ACID,VITAMINS & MINERALS,ขย.9,NULL,ยาหู ตา คอ จมูก,,,ถุง,8850678234113,100,NULL,FALSE,FALSE,NULL,,,NULL,NULL,NULL,NULL,NULL,NULL,1,NULL
3195,1,100093,Mysoven 600 mg สีฟ้า,ACETYLCYSTEINE,MUCOLYTIC,ขย.9,NULL,ยาหู ตา คอ จมูก,,,ซอง,8852294625078,100,NULL,FALSE,FALSE,NULL,,,NULL,NULL,NULL,NULL,NULL,NULL,1,NULL
3196,1,100094,Mysoven 100 mg สีส้ม สำหรับเด็ก,ACETYLCYSTEINE,MUCOLYTIC,ขย.9,NULL,ยาหู ตา คอ จมูก,,,ซอง,8852294602055,100,NULL,FALSE,FALSE,NULL,,,NULL,NULL,NULL,NULL,NULL,NULL,1,NULL
3197,1,100095,Mysoven 200 mg  สีเขียว,ACETYLCYSTEINE,MUCOLYTIC,ขย.9,NULL,ยาหู ตา คอ จมูก,,,ซอง,8852294617035,100,NULL,FALSE,FALSE,NULL,,,NULL,NULL,NULL,NULL,NULL,NULL,1,NULL
3198,1,100096,flemex 375 mg แผง 10's,CARBOCYSTEINE,MUCOLYTIC,ขย.9,NULL,ยาหู ตา คอ จมูก,,,แผง,8852027349769,100,NULL,FALSE,FALSE,NULL,,,NULL,NULL,NULL,NULL,NULL,NULL,1,NULL
3199,1,100097,Solmax 500 mg 10's,CARBOCYSTEINE,MUCOLYTIC,ขย.9,NULL,ยาหู ตา คอ จมูก,,,แผง,8851824385048,100,NULL,FALSE,FALSE,NULL,,,NULL,NULL,NULL,NULL,NULL,NULL,1,NULL
3200,1,100098,Bisolvon 8 mg 10's,BROMHEXINE,MUCOLYTIC,ขย.9,NULL,ยาหู ตา คอ จมูก,,,แผง,8850886103232,100,NULL,FALSE,FALSE,NULL,,,NULL,NULL,NULL,NULL,NULL,NULL,1,NULL
3201,1,100099,MUCOSOLVAN 30mg 10's,AMBROXOL,MUCOLYTIC,ขย.9,NULL,ยาหู ตา คอ จมูก,,,แผง,4800136340072,100,NULL,FALSE,FALSE,NULL,,,NULL,NULL,NULL,NULL,NULL,NULL,1,NULL
3202,1,100100,Mucolid 30 mg 10's,AMBROXOL,MUCOLYTIC,ขย.9,NULL,ยาหู ตา คอ จมูก,,,แผง,9988770002516,100,NULL,FALSE,FALSE,NULL,,,NULL,NULL,NULL,NULL,NULL,NULL,1,NULL
3203,1,100101,Desloratadine Sandoz 5 mg (10 tab),DESLORATADINE,ANTIHISTAMINES & ANTIALLERGICS,ขย.9,NULL,ยาหู ตา คอ จมูก,,,กล่อง,8859767400286,100,NULL,FALSE,FALSE,NULL,,,NULL,NULL,NULL,NULL,NULL,NULL,1,NULL
3204,1,100102,Loreze 10 mg 10's,LORATADINE,ANTIHISTAMINES & ANTIALLERGICS,ขย.9,NULL,ยาหู ตา คอ จมูก,,,กล่อง,8850769020892,100,NULL,FALSE,FALSE,NULL,,,NULL,NULL,NULL,NULL,NULL,NULL,1,NULL
3205,1,100103,montelukast 10 mg (AStair),MONTELUKAST,ANTIHISTAMINES & ANTIALLERGICS,ขย.9,NULL,ยาหู ตา คอ จมูก,,,แผง,8850239005770,100,NULL,FALSE,FALSE,NULL,,,NULL,NULL,NULL,NULL,NULL,NULL,1,NULL
3206,1,100104,ALLORA 5 mg 10's,DESLORATADINE,ANTIHISTAMINES & ANTIALLERGICS,ขย.9,NULL,ยาหู ตา คอ จมูก,,,กล่อง,8853935019805,100,NULL,FALSE,FALSE,NULL,,,NULL,NULL,NULL,NULL,NULL,NULL,1,NULL
3207,1,100105,Clarityne 10mg 10's,LORATADINE,ANTIHISTAMINES & ANTIALLERGICS,ขย.9,NULL,ยาหู ตา คอ จมูก,,,กล่อง,8850172270211,100,NULL,FALSE,FALSE,NULL,,,NULL,NULL,NULL,NULL,NULL,NULL,1,NULL
3208,1,100106,Clarityne 10mg 5's,LORATADINE,ANTIHISTAMINES & ANTIALLERGICS,ขย.9,NULL,ยาหู ตา คอ จมูก,,,กล่อง,4057599004663,100,NULL,FALSE,FALSE,NULL,,,NULL,NULL,NULL,NULL,NULL,NULL,1,NULL
3209,1,100107,ALLERNIX TABLET 10 mg 10's,LORATADINE,ANTIHISTAMINES & ANTIALLERGICS,ขย.9,NULL,ยาหู ตา คอ จมูก,,,กล่อง,8858965400838,100,NULL,FALSE,FALSE,NULL,,,NULL,NULL,NULL,NULL,NULL,NULL,1,NULL
3210,1,100108,Carinose 10 mg 10's,LORATADINE,ANTIHISTAMINES & ANTIALLERGICS,ขย.9,NULL,ยาหู ตา คอ จมูก,,,แผง,8853144313510,100,NULL,FALSE,FALSE,NULL,,,NULL,NULL,NULL,NULL,NULL,NULL,1,NULL
3211,1,100109,Tiffy dey 4'(ทิฟฟี่) แผง,PARACETAMOL+CPM+PHENYLEPHRINE HCL,NSAIDs,ขย.9,NULL,ยาหู ตา คอ จมูก,,,แผง,8851473007698,100,NULL,FALSE,FALSE,NULL,,,NULL,NULL,NULL,NULL,NULL,NULL,1,NULL
3212,1,100110,Tiffy dey 4'(ทิฟฟี่)**ยกกล่อง,PARACETAMOL+CPM+PHENYLEPHRINE HCL,NSAIDs,ขย.9,NULL,ยาหู ตา คอ จมูก,,,กล่อง,8851473007704,100,NULL,FALSE,FALSE,NULL,,,NULL,NULL,NULL,NULL,NULL,NULL,1,NULL
3213,1,100111,Decolgen Prin 4's แผง,PARACETAMOL+CPM+PHENYLEPHRINE HCL,NSAIDs,ขย.9,NULL,ยาหู ตา คอ จมูก,,,แผง,8851824336378,100,NULL,FALSE,FALSE,NULL,,,NULL,NULL,NULL,NULL,NULL,NULL,1,NULL
3214,1,100112,Decolgen prin **ยกกล่อง,PARACETAMOL+CPM+PHENYLEPHRINE HCL,NSAIDs,ขย.9,NULL,ยาหู ตา คอ จมูก,,,กล่อง,8851824336354,100,NULL,FALSE,FALSE,NULL,,,NULL,NULL,NULL,NULL,NULL,NULL,1,NULL
3215,1,100113,Baron 0.25 mg อมแก้เจ็บคอ 10's,DEQUALINIUM CHLORIDE,NULL,ขย.9,NULL,ยาหู ตา คอ จมูก,,,แผง,8858698946030,100,NULL,FALSE,FALSE,NULL,,,NULL,NULL,NULL,NULL,NULL,NULL,1,NULL
3216,1,100114,Bromcolex  8 mg 10' tab,BROMHEXINE,MUCOLYTIC,ขย.9,NULL,ยาหู ตา คอ จมูก,,,แผง,8852535005645,100,NULL,FALSE,FALSE,NULL,,,NULL,NULL,NULL,NULL,NULL,NULL,1,NULL
3217,1,100115,Bilastin 20mg (Bilaxten),BILASTIN,ANTIHISTAMINES & ANTIALLERGICS,ขย.9,NULL,ยาหู ตา คอ จมูก,,,กล่อง,8858789600827,100,NULL,FALSE,FALSE,NULL,,,NULL,NULL,NULL,NULL,NULL,NULL,1,NULL
3218,1,100116,TELFAST 180mg 10's,FEXOFENADINE,ANTIHISTAMINES & ANTIALLERGICS,ขย.9,NULL,ยาหู ตา คอ จมูก,,,แผง/กล่อง,8993237226072,100,NULL,FALSE,FALSE,NULL,,,NULL,NULL,NULL,NULL,NULL,NULL,1,NULL
3219,1,100117,TELFAST 60mg 10's,FEXOFENADINE,ANTIHISTAMINES & ANTIALLERGICS,ขย.9,NULL,ยาหู ตา คอ จมูก,,,แผง/กล่อง,8993237285017,100,NULL,FALSE,FALSE,NULL,,,NULL,NULL,NULL,NULL,NULL,NULL,1,NULL
3220,1,100118,Fenafex 180 mg 10's,FEXOFENADINE,ANTIHISTAMINES & ANTIALLERGICS,ขย.9,NULL,ยาหู ตา คอ จมูก,,,แผง/กล่อง,8850239000584,100,NULL,FALSE,FALSE,NULL,,,NULL,NULL,NULL,NULL,NULL,NULL,1,NULL
3221,1,100119,Fenafex 60 mg,FEXOFENADINE,ANTIHISTAMINES & ANTIALLERGICS,ขย.9,NULL,ยาหู ตา คอ จมูก,,,แผง/กล่อง,8850239003929,100,NULL,FALSE,FALSE,NULL,,,NULL,NULL,NULL,NULL,NULL,NULL,1,NULL
3222,1,100120,Ellezin 5mg  10's,LEVOCETIRIZINE,ANTIHISTAMINES & ANTIALLERGICS,ขย.9,NULL,ยาหู ตา คอ จมูก,,,แผง/กล่อง,8855459007924,100,NULL,FALSE,FALSE,NULL,,,NULL,NULL,NULL,NULL,NULL,NULL,1,NULL
3223,1,100121,Xyzal  10's,LEVOCETIRIZINE,ANTIHISTAMINES & ANTIALLERGICS,ขย.9,NULL,ยาหู ตา คอ จมูก,,,แผง/กล่อง,8851007197215,100,NULL,FALSE,FALSE,NULL,,,NULL,NULL,NULL,NULL,NULL,NULL,1,NULL
3224,1,100122,Zytec 10 mg,CETIRIZINE,ANTIHISTAMINES & ANTIALLERGICS,ขย.9,NULL,ยาหู ตา คอ จมูก,,,แผง/กล่อง,8851007197185,100,NULL,FALSE,FALSE,NULL,,,NULL,NULL,NULL,NULL,NULL,NULL,1,NULL
3225,1,100123,MEGA ZIRIN (10's),CETIRIZINE,ANTIHISTAMINES & ANTIALLERGICS,ขย.9,NULL,ยาหู ตา คอ จมูก,,,แผง/กล่อง,8850769021073,100,NULL,FALSE,FALSE,NULL,,,NULL,NULL,NULL,NULL,NULL,NULL,1,NULL
3226,1,100124,Cyproheptadine 4 mg นับเม็ด 10's,CYPROHEPTADINE,ANTIHISTAMINES & ANTIALLERGICS,ขย.9,NULL,ยาหู ตา คอ จมูก,,,เม็ด,8856513004620,100,NULL,FALSE,FALSE,NULL,,,NULL,NULL,NULL,NULL,NULL,NULL,1,NULL
3227,1,100125,Periactin 4 mg 10's,CYPROHEPTADINE,ANTIHISTAMINES & ANTIALLERGICS,ขย.9,NULL,ยาหู ตา คอ จมูก,,,แผง,128,100,NULL,FALSE,FALSE,NULL,,,NULL,NULL,NULL,NULL,NULL,NULL,1,NULL
3228,1,100126,Hydroxyzine-FC  10tab,HYDROXYZINE,ANTIHISTAMINES & ANTIALLERGICS,ขย.9,NULL,ยาหู ตา คอ จมูก,,,แผง,8855451001913,100,NULL,FALSE,FALSE,NULL,,,NULL,NULL,NULL,NULL,NULL,NULL,1,NULL
3229,1,100127,hydrox-25  10' เม็ดขาว  (100127),HYDROXYZINE,ANTIHISTAMINES & ANTIALLERGICS,ขย.9,NULL,ยาหู ตา คอ จมูก,,,แผง/กล่อง,8856513002275,100,NULL,FALSE,FALSE,NULL,,,NULL,NULL,NULL,NULL,NULL,NULL,1,NULL
3230,1,100129,CPM 100' ขวดเหลือง**กระปุกเล็ก,CHLORPHENIRAMINE,ANTIHISTAMINES & ANTIALLERGICS,ขย.9,NULL,ยาหู ตา คอ จมูก,,,กระปุก,8852197120298,100,NULL,FALSE,FALSE,NULL,,,NULL,NULL,NULL,NULL,NULL,NULL,1,NULL
3231,1,100130,CPM 100' ฝาน้ำเงิน**กระปุกเล็ก,CHLORPHENIRAMINE,ANTIHISTAMINES & ANTIALLERGICS,ขย.9,NULL,ยาหู ตา คอ จมูก,,,กระปุก,8858850300502,100,NULL,FALSE,FALSE,NULL,,,NULL,NULL,NULL,NULL,NULL,NULL,1,NULL
3232,1,100131,Sominar 10'S,DOXYLAMINE,ANTIHISTAMINES & ANTIALLERGICS,ขย.9,NULL,ยาหู ตา คอ จมูก,,,แผง,8858767410516,100,NULL,FALSE,FALSE,NULL,,,NULL,NULL,NULL,NULL,NULL,NULL,1,NULL
3233,1,100132,Alerest (แผง) 10's,CETIRIZINE,ANTIHISTAMINES & ANTIALLERGICS,ขย.9,NULL,ยาหู ตา คอ จมูก,,,แผง,8853144322017,100,NULL,FALSE,FALSE,NULL,,,NULL,NULL,NULL,NULL,NULL,NULL,1,NULL
3234,1,100133,Cettrizin ยกกล่อง 10*10's,CETIRIZINE,ANTIHISTAMINES & ANTIALLERGICS,ขย.9,NULL,ยาหู ตา คอ จมูก,,,กล่อง,0,100,NULL,FALSE,FALSE,NULL,,,NULL,NULL,NULL,NULL,NULL,NULL,1,NULL
3235,1,100134,cetirizine  สหแพทย์  10's     (100134),CETIRIZINE,ANTIHISTAMINES & ANTIALLERGICS,ขย.9,NULL,ยาหู ตา คอ จมูก,,,แผง,8855451003917,100,NULL,FALSE,FALSE,NULL,,,NULL,NULL,NULL,NULL,NULL,NULL,1,NULL
3236,1,100135,Nasotapp  (phenylep+bromphen) 10's,BROMPHENIRAMINE+PHENYLPROPANILAMINE,ANTIHISTAMINES & ANTIALLERGICS,ขย.9,NULL,ยาหู ตา คอ จมูก,,,แผง,8853144321850,100,NULL,FALSE,FALSE,NULL,,,NULL,NULL,NULL,NULL,NULL,NULL,1,NULL
3237,1,100136,Rhinotapp 10',BROMPHENIRAMINE+PHENYLPROPANILAMINE,ANTIHISTAMINES & ANTIALLERGICS,ขย.9,NULL,ยาหู ตา คอ จมูก,,,แผง,8858022004061,100,NULL,FALSE,FALSE,NULL,,,NULL,NULL,NULL,NULL,NULL,NULL,1,NULL
3238,1,100137,Sulidine tab 10's,CPM+PHENYLPROPANILAMINE,ANTIHISTAMINES & ANTIALLERGICS,ขย.9,NULL,ยาหู ตา คอ จมูก,,,แผง,8853174002804,100,NULL,FALSE,FALSE,NULL,,,NULL,NULL,NULL,NULL,NULL,NULL,1,NULL
3239,1,100138,Nasolin tab 10's,CPM+PHENYLPROPANILAMINE,ANTIHISTAMINES & ANTIALLERGICS,ขย.9,NULL,ยาหู ตา คอ จมูก,,,แผง,8851473006677,100,NULL,FALSE,FALSE,NULL,,,NULL,NULL,NULL,NULL,NULL,NULL,1,NULL
3240,1,100139,Apracur NC,PARACETAMOL+CPM+PHENYLEPHRINE HCL,ANTIHISTAMINES & ANTIALLERGICS,ขย.9,NULL,ยาหู ตา คอ จมูก,,,แผง,8859441343304,100,NULL,FALSE,FALSE,NULL,,,NULL,NULL,NULL,NULL,NULL,NULL,1,NULL
3241,1,100140,opsa-cin (สูตร poly oph) 5 ml,POLYMYCIN+NEOMYCIN+GRAMICIDIN,EYE PREPARATIONS,ขย.9,NULL,ยาหู ตา คอ จมูก,,,ขวด,8853965002808,100,NULL,FALSE,FALSE,NULL,,,NULL,NULL,NULL,NULL,NULL,NULL,1,NULL
3242,1,100141,poly oph 5 ml,POLYMYCIN+NEOMYCIN+GRAMICIDIN,EYE PREPARATIONS,ขย.9,NULL,ยาหู ตา คอ จมูก,,,ขวด,8854927000016,100,NULL,FALSE,FALSE,NULL,,,NULL,NULL,NULL,NULL,NULL,NULL,1,NULL
3243,1,100142,opsar-his (สูตร hista oph) 5 ml,ANTAZOLINE+TETRAHYDROZOLINE,EYE PREPARATIONS,ขย.9,NULL,ยาหู ตา คอ จมูก,,,ขวด,8853965002921,100,NULL,FALSE,FALSE,NULL,,,NULL,NULL,NULL,NULL,NULL,NULL,1,NULL
3244,1,100143,Antazallerge Eye Drops 10ml,ANTAZOLINE+TETRAHYDROZOLINE,EYE PREPARATIONS,ขย.9,NULL,ยาหู ตา คอ จมูก,,,ขวด,8852738630057,100,NULL,FALSE,FALSE,NULL,,,NULL,NULL,NULL,NULL,NULL,NULL,1,NULL
3245,1,100144,Millioph Eye Drop 10 ml,ANTAZOLINE+TETRAHYDROZOLINE,EYE PREPARATIONS,ขย.9,NULL,ยาหู ตา คอ จมูก,,,ขวด,8859446300258,100,NULL,FALSE,FALSE,NULL,,,NULL,NULL,NULL,NULL,NULL,NULL,1,NULL
3246,1,100145,Allergis eye drop 5 ml,ANTAZOLINE+TETRAHYDROZOLINE,EYE PREPARATIONS,ขย.9,NULL,ยาหู ตา คอ จมูก,,,ขวด,8851473004291,100,NULL,FALSE,FALSE,NULL,,,NULL,NULL,NULL,NULL,NULL,NULL,1,NULL
3247,1,100146,opsadex (สูตร dex oph) 5 ml,DEXAMETHASONE + NEOMYCIN,EYE PREPARATIONS,ขย.9,NULL,ยาหู ตา คอ จมูก,,,ขวด,8853965002846,100,NULL,FALSE,FALSE,NULL,,,NULL,NULL,NULL,NULL,NULL,NULL,1,NULL
3248,1,100147,CADEXCIN-N 4ml,DEXAMETHASONE + NEOMYCIN,EYE PREPARATIONS,ขย.9,NULL,ยาหู ตา คอ จมูก,,,ขวด,8851473004352,100,NULL,FALSE,FALSE,NULL,,,NULL,NULL,NULL,NULL,NULL,NULL,1,NULL
3249,1,100148,Dex oph 4 ml,DEXAMETHASONE + NEOMYCIN,EYE PREPARATIONS,ขย.9,NULL,ยาหู ตา คอ จมูก,,,ขวด,8854927000238,100,NULL,FALSE,FALSE,NULL,,,NULL,NULL,NULL,NULL,NULL,NULL,1,NULL
3250,1,100149,Inf-oph 5 ml,PREDNISOLONE,EYE PREPARATIONS,ขย.9,NULL,ยาหู ตา คอ จมูก,,,ขวด,8854927001280,100,NULL,FALSE,FALSE,NULL,,,NULL,NULL,NULL,NULL,NULL,NULL,1,NULL
3251,1,100150,Flarex TM 5 ml,FLUOROMETHOLONE,EYE PREPARATIONS,ขย.9,NULL,ยาหู ตา คอ จมูก,,,ขวด,5413895053757,100,NULL,FALSE,FALSE,NULL,,,NULL,NULL,NULL,NULL,NULL,NULL,1,NULL
3252,1,100151,Carvit ophthalmic solution 5 ml,LEVOFLOXACIN,EYE PREPARATIONS,ขย.9,NULL,ยาหู ตา คอ จมูก,,,ขวด,4987084551184,100,NULL,FALSE,FALSE,NULL,,,NULL,NULL,NULL,NULL,NULL,NULL,1,NULL
3253,1,100152,Candid 1% ear drop 15 ml,CLOTRIMAZOLE,EAR PREPARATIONS,ขย.9,NULL,ยาหู ตา คอ จมูก,,,ขวด,8904091112203,100,NULL,FALSE,FALSE,NULL,,,NULL,NULL,NULL,NULL,NULL,NULL,1,NULL
3254,1,100153,Dewax ear drops 15 ml,DOCUSATE SODIUM,EAR PREPARATIONS,ขย.9,NULL,ยาหู ตา คอ จมูก,,,ขวด,8901296058459,100,NULL,FALSE,FALSE,NULL,,,NULL,NULL,NULL,NULL,NULL,NULL,1,NULL
3255,1,100154,Earwax 15 ml,DOCUSATE SODIUM,EAR PREPARATIONS,ขย.9,NULL,ยาหู ตา คอ จมูก,,,ขวด,8858819351071,100,NULL,FALSE,FALSE,NULL,,,NULL,NULL,NULL,NULL,NULL,NULL,1,NULL
3256,1,100155,TERRAMYCIN ointment 3.5g,OXYTETRACYCLINE+POLYMYCIN,EYE PREPARATIONS,ขย.9,NULL,ยาหู ตา คอ จมูก,,,หลอด,8852655109001,100,NULL,FALSE,FALSE,NULL,,,NULL,NULL,NULL,NULL,NULL,NULL,1,NULL
3257,1,100156,Chloroph ointment 5 g,CHLORAMPHENICOL,CHLORAMPHENICOLS,ขย.9,NULL,ยาหู ตา คอ จมูก,,,หลอด,8854927000511,100,NULL,FALSE,FALSE,NULL,,,NULL,NULL,NULL,NULL,NULL,NULL,1,NULL
3258,1,100157,Kary Uni ophthalamic suspension 5ml,PIRENOXINE,EYE PREPARATIONS,ขย.9,NULL,ยาหู ตา คอ จมูก,,,ขวด,8851743101968,100,NULL,FALSE,FALSE,NULL,,,NULL,NULL,NULL,NULL,NULL,NULL,1,NULL
3259,1,100158,Naphcon-A 15 ml,NAPHAZOLINE + PHENIRAMINE,EYE PREPARATIONS,ขย.9,NULL,ยาหู ตา คอ จมูก,,,ขวด,5413895024146,100,NULL,FALSE,FALSE,NULL,,,NULL,NULL,NULL,NULL,NULL,NULL,1,NULL
3260,1,100159,1% isopto atropine 5ml Alcon,ATROPINE,EYE PREPARATIONS,ขย.9,NULL,ยาหู ตา คอ จมูก,,,ขวด,5413895003073,100,NULL,FALSE,FALSE,NULL,,,NULL,NULL,NULL,NULL,NULL,NULL,1,NULL
3261,1,100160,2% isopto carpine 15ml Novartis,PILOCARPINE,EYE PREPARATIONS,ขย.9,NULL,ยาหู ตา คอ จมูก,,,ขวด,5413895002045,100,NULL,FALSE,FALSE,NULL,,,NULL,NULL,NULL,NULL,NULL,NULL,1,NULL
3262,1,100161,TIMOLOL MALETE 0.5% 5ml Novartis,TIMOLOL,EYE PREPARATIONS,ขย.9,NULL,ยาหู ตา คอ จมูก,,,ขวด,5413895016813,100,NULL,FALSE,FALSE,NULL,,,NULL,NULL,NULL,NULL,NULL,NULL,1,NULL
3263,1,100162,0.75% CATALIN 15 ml DKSH,PIRENOXINE,EYE PREPARATIONS,ขย.9,NULL,ยาหู ตา คอ จมูก,,,ขวด,4987866402000,100,NULL,FALSE,FALSE,NULL,,,NULL,NULL,NULL,NULL,NULL,NULL,1,NULL
3264,1,100163,Genteal gel  10g Alcon,SODIUM PERBORATE,EYE PREPARATIONS,ขย.9,NULL,ยาหู ตา คอ จมูก,,,หลอด,8852364005519,100,NULL,FALSE,FALSE,NULL,,,NULL,NULL,NULL,NULL,NULL,NULL,1,NULL
3265,1,100164,0.2% Pataday 2.5 ml Novartis,OLOPATADINE HCL,EYE PREPARATIONS,ขย.9,NULL,ยาหู ตา คอ จมูก,,,ขวด,300650272377,100,NULL,FALSE,FALSE,NULL,,,NULL,NULL,NULL,NULL,NULL,NULL,1,NULL
3266,1,100165,Natear 0.3% eye drop 10 ml,HYDROXYPROPYLMETHYLCELLULOSE,EYE PREPARATIONS,ขย.9,NULL,ยาหู ตา คอ จมูก,,,ขวด,8851102003091,100,NULL,FALSE,FALSE,NULL,,,NULL,NULL,NULL,NULL,NULL,NULL,1,NULL
3267,1,100166,HIALID 0.1% 5 ml,SODIUM HYALURONATE,EYE PREPARATIONS,ขย.9,NULL,ยาหู ตา คอ จมูก,,,ขวด,4987084555014,100,NULL,FALSE,FALSE,NULL,,,NULL,NULL,NULL,NULL,NULL,NULL,1,NULL
3268,1,100167,Cellufresh MD 0.5% 15 ml,CARBOXYMETHYLCELLULOSE Na,EYE PREPARATIONS,ขย.9,NULL,ยาหู ตา คอ จมูก,,,ขวด,4897000500359,100,NULL,FALSE,FALSE,NULL,,,NULL,NULL,NULL,NULL,NULL,NULL,1,NULL
3269,1,100168,Cellufresh MD 0.5% 3ml,CARBOXYMETHYLCELLULOSE Na,EYE PREPARATIONS,ขย.9,NULL,ยาหู ตา คอ จมูก,,,ขวด,4897000500342,100,NULL,FALSE,FALSE,NULL,,,NULL,NULL,NULL,NULL,NULL,NULL,1,NULL
3270,1,100169,Lac-oph 0.5% eye drop 10 ml,HYDROXYPROPYLMETHYLCELLULOSE,EYE PREPARATIONS,ขย.9,NULL,ยาหู ตา คอ จมูก,,,ขวด,8854927001327,100,NULL,FALSE,FALSE,NULL,,,NULL,NULL,NULL,NULL,NULL,NULL,1,NULL
3271,1,100170,OPSAR 20% eye drop 5ml,SULFACETAMIDE,EYE PREPARATIONS,ขย.9,NULL,ยาหู ตา คอ จมูก,,,ขวด,8853965002884,100,NULL,FALSE,FALSE,NULL,,,NULL,NULL,NULL,NULL,NULL,NULL,1,NULL
3272,1,100171,Op-Ize Eye Wash 110 ml,SODIUM CHLORIDE,EYE PREPARATIONS,ขย.9,NULL,ยาหู ตา คอ จมูก,,,ขวด,8854060607011,100,NULL,FALSE,FALSE,NULL,,,NULL,NULL,NULL,NULL,NULL,NULL,1,NULL
3273,1,100172,OPSAR 120 ml,SODIUM CHLORIDE,EYE PREPARATIONS,ขย.9,NULL,ยาหู ตา คอ จมูก,,,ขวด,8853965005618,100,NULL,FALSE,FALSE,NULL,,,NULL,NULL,NULL,NULL,NULL,NULL,1,NULL
3274,1,100173,Opplin Sterile eye wash 100 ml,SODIUM CHLORIDE,EYE PREPARATIONS,ขย.9,NULL,ยาหู ตา คอ จมูก,,,ขวด,8851473011619,100,NULL,FALSE,FALSE,NULL,,,NULL,NULL,NULL,NULL,NULL,NULL,1,NULL
3275,1,100174,OCUSOFT LID SCRUB ORIGINAL PAD (30 pads),NULL,EYE PREPARATIONS,ขย.9,NULL,ยาหู ตา คอ จมูก,,,กล่อง,15718103301,100,NULL,FALSE,FALSE,NULL,,,NULL,NULL,NULL,NULL,NULL,NULL,1,NULL
3276,1,100175,Cellufresh eye drops 0.4 ml*30 units,CARBOXYMETHYLCELLULOSE Na,EYE PREPARATIONS,ขย.9,NULL,ยาหู ตา คอ จมูก,,,กล่อง,4897000502742,100,NULL,FALSE,FALSE,NULL,,,NULL,NULL,NULL,NULL,NULL,NULL,1,NULL
3277,1,100176,Natear ud 0.8 ml*7 tubes,HYPROMELLOSE,EYE PREPARATIONS,ขย.9,NULL,ยาหู ตา คอ จมูก,,,กล่อง,8851102004166,100,NULL,FALSE,FALSE,NULL,,,NULL,NULL,NULL,NULL,NULL,NULL,1,NULL
3278,1,100177,Vislube 0.45 ml* 20 units,SODIUM HYALURONATE,EYE PREPARATIONS,ขย.9,NULL,ยาหู ตา คอ จมูก,,,กล่อง,8858989100448,100,NULL,FALSE,FALSE,NULL,,,NULL,NULL,NULL,NULL,NULL,NULL,1,NULL
3279,1,100178,HYATEAR 0.3 ml*20 units,SODIUM HYALURONATE,EYE PREPARATIONS,ขย.9,NULL,ยาหู ตา คอ จมูก,,,กล่อง,8859446300333,100,NULL,FALSE,FALSE,NULL,,,NULL,NULL,NULL,NULL,NULL,NULL,1,NULL
3280,1,100179,NATEAR UD 0.8 ml*28 tubes,HYPROMELLOSE,EYE PREPARATIONS,ขย.9,NULL,ยาหู ตา คอ จมูก,,,กล่อง,8851102004111,100,NULL,FALSE,FALSE,NULL,,,NULL,NULL,NULL,NULL,NULL,NULL,1,NULL
3281,1,100180,Acnetin-a 0.025%10g,TRETINOIN,ANTIBIOTICS,ขย.9,NULL,ยาใช้เฉพาะที่,,,หลอด,8853348010789,100,NULL,FALSE,FALSE,NULL,,,NULL,NULL,NULL,NULL,NULL,NULL,1,NULL
3282,1,100181,Acnetin-A 0.05% 10g,TRETINOIN,ANTIBIOTICS,ขย.9,NULL,ยาใช้เฉพาะที่,,,หลอด,8853348010772,100,NULL,FALSE,FALSE,NULL,,,NULL,NULL,NULL,NULL,NULL,NULL,1,NULL
3283,1,100182,AkneDerm - BP 2.5  10g,BENZOYL PEROXIDE,ANTIBIOTICS,ขย.9,NULL,ยาใช้เฉพาะที่,,,หลอด,8853348010833,100,NULL,FALSE,FALSE,NULL,,,NULL,NULL,NULL,NULL,NULL,NULL,1,NULL
3284,1,100183,Benzac 5% 15 g,BENZOYL PEROXIDE,ANTIBIOTICS,ขย.9,NULL,ยาใช้เฉพาะที่,,,หลอด,3499320004596,100,NULL,FALSE,FALSE,NULL,,,NULL,NULL,NULL,NULL,NULL,NULL,1,NULL
3285,1,100184,BENZAC AC 2.5% 60g,BENZOYL PEROXIDE,ANTIBIOTICS,ขย.9,NULL,ยาใช้เฉพาะที่,,,หลอด,8806557001628,100,NULL,FALSE,FALSE,NULL,,,NULL,NULL,NULL,NULL,NULL,NULL,1,NULL
3286,1,100185,BENZAC AC 5% 60 g,BENZOYL PEROXIDE,ANTIBIOTICS,ขย.9,NULL,ยาใช้เฉพาะที่,,,หลอด,3499320000024,100,NULL,FALSE,FALSE,NULL,,,NULL,NULL,NULL,NULL,NULL,NULL,1,NULL
3287,1,100186,Benzac 2.5% 15g,BENZOYL PEROXIDE,ANTIBIOTICS,ขย.9,NULL,ยาใช้เฉพาะที่,,,หลอด,3499320007269,100,NULL,FALSE,FALSE,NULL,,,NULL,NULL,NULL,NULL,NULL,NULL,1,NULL
3288,1,100187,differin 0.1% 15g,ADAPALENE,ANTIBIOTICS,ขย.9,NULL,ยาใช้เฉพาะที่,,,หลอด,8806557000423,100,NULL,FALSE,FALSE,NULL,,,NULL,NULL,NULL,NULL,NULL,NULL,1,NULL
3289,1,100188,CLINDALIN GEL 10g,CLINDAMYCIN,ANTIBIOTICS,ขย.9,NULL,ยาใช้เฉพาะที่,,,หลอด,8858670600745,100,NULL,FALSE,FALSE,NULL,,,NULL,NULL,NULL,NULL,NULL,NULL,1,NULL
3290,1,100189,clindalin gel 5g,CLINDAMYCIN,ANTIBIOTICS,ขย.9,NULL,ยาใช้เฉพาะที่,,,หลอด,8858670600042,100,NULL,FALSE,FALSE,NULL,,,NULL,NULL,NULL,NULL,NULL,NULL,1,NULL
3291,1,100190,clinda-M 15 ml,CLINDAMYCIN,ANTIBIOTICS,ขย.9,NULL,ยาใช้เฉพาะที่,,,หลอด,8853543010423,100,NULL,FALSE,FALSE,NULL,,,NULL,NULL,NULL,NULL,NULL,NULL,1,NULL
3292,1,100191,DermaKlares AQUA GEL 5% 10g,BENZOYL PEROXIDE,ANTIBIOTICS,ขย.9,NULL,ยาใช้เฉพาะที่,,,หลอด,8852027352004,100,NULL,FALSE,FALSE,NULL,,,NULL,NULL,NULL,NULL,NULL,NULL,1,NULL
3293,1,100192,Skinoren cream 20% 30g,AZELAIC ACID,ANTIBIOTICS,ขย.9,NULL,ยาใช้เฉพาะที่,,,หลอด,5702191023503,100,NULL,FALSE,FALSE,NULL,,,NULL,NULL,NULL,NULL,NULL,NULL,1,NULL
3294,1,100193,Tomei gel  5g,CLINDAMYCIN,ANTIBIOTICS,ขย.9,NULL,ยาใช้เฉพาะที่,,,หลอด,8855107000871,100,NULL,FALSE,FALSE,NULL,,,NULL,NULL,NULL,NULL,NULL,NULL,1,NULL
3295,1,100194,C-20 360 ml แดง,CHLORHEXIDINE,NULL,ขย.9,NULL,ยาใช้เฉพาะที่,,,ขวด,8852535005652,100,NULL,FALSE,FALSE,NULL,,,0,0,0,0,0,0,,/uploads/100194_1.jpg
3296,1,100195,c-20 180ml แดง,CHLORHEXIDINE,NULL,ขย.9,NULL,ยาใช้เฉพาะที่,,,ขวด,8852535000671,100,NULL,FALSE,FALSE,NULL,,,0,0,0,0,0,0,,/uploads/100195_1.jpg
3297,1,100196,LONGMED pregnancy test strip,ACETYLCYSTEINE,MOUTH/THROAT PREPARATIONS,ขย.9,NULL,อุปกรณ์ทางการแพทย์,,,ชิ้น,8859095900014,100,NULL,FALSE,FALSE,NULL,,,23,NULL,NULL,NULL,NULL,NULL,1,NULL
3298,1,100197,LONGMED pregnancy test cassettic,ACETYLCYSTEINE,MOUTH/THROAT PREPARATIONS,ขย.9,NULL,อุปกรณ์ทางการแพทย์,,,ชิ้น,8859095900021,100,NULL,FALSE,FALSE,NULL,,,23,NULL,NULL,NULL,NULL,NULL,1,NULL
3299,1,100198,MAG test ชุดตรวจหาสารเสพติด,NULL,NULL,ขย.9,NULL,อุปกรณ์ทางการแพทย์,,,ชิ้น,8858924021067,100,NULL,FALSE,FALSE,NULL,,,NULL,NULL,NULL,NULL,NULL,NULL,1,NULL
3300,1,100199,FLORA capsule (30's),NULL,NULL,ขย.9,NULL,"ยาสมุนไพร, ยาแผนโบราณ",,,กล่อง,8858303000010,100,NULL,FALSE,FALSE,NULL,,,NULL,NULL,NULL,NULL,NULL,NULL,1,NULL
3301,1,100200,V-GIFF capsule (30's),NULL,NULL,ขย.9,NULL,"ยาสมุนไพร, ยาแผนโบราณ",,,กล่อง,8857109580351,100,NULL,FALSE,FALSE,NULL,,,NULL,NULL,NULL,NULL,NULL,NULL,1,NULL
3302,1,100201,ยาฟอกโลหิต ตราสิงห์แดง 40'cap,NULL,NULL,ขย.9,NULL,"ยาสมุนไพร, ยาแผนโบราณ",,,กล่อง,8858403000415,100,NULL,FALSE,FALSE,NULL,,,NULL,NULL,NULL,NULL,NULL,NULL,1,NULL
3303,1,100202,C&L ว่านชักมดลูก เอี๊ยะบ่อเช่า 20'cap,NULL,NULL,ขย.9,NULL,"ยาสมุนไพร, ยาแผนโบราณ",,,กล่อง,8858816690036,100,NULL,FALSE,FALSE,NULL,,,NULL,NULL,NULL,NULL,NULL,NULL,1,NULL
3304,1,100203,ยาว่านชักมดลูกจอมใจ 30'cap,NULL,NULL,ขย.9,NULL,"ยาสมุนไพร, ยาแผนโบราณ",,,กล่อง,8858797430034,100,NULL,FALSE,FALSE,NULL,,,NULL,NULL,NULL,NULL,NULL,NULL,1,NULL
3305,1,100204,ยาว่านชักมดลูก ตราโบว์แดง สูตร 1 30'cap,NULL,NULL,ขย.9,NULL,"ยาสมุนไพร, ยาแผนโบราณ",,,กล่อง,8857122450129,100,NULL,FALSE,FALSE,NULL,,,NULL,NULL,NULL,NULL,NULL,NULL,1,NULL
3306,1,100205,Scagel kids 9g,NULL,NULL,ขย.9,NULL,ยาใช้เฉพาะที่,,,หลอด,8858663804174,100,NULL,FALSE,FALSE,NULL,,,NULL,NULL,NULL,NULL,NULL,NULL,1,NULL
3307,1,100206,HIRUSCAR GEL post acne 10g ฟ้าขาว,NULL,NULL,ขย.9,NULL,ยาใช้เฉพาะที่,,,หลอด,8851743001258,100,NULL,FALSE,FALSE,NULL,,,NULL,NULL,NULL,NULL,NULL,NULL,1,NULL
3308,1,100207,hiruscar gel post acne 5 g ฟ้าขาว,NULL,NULL,ขย.9,NULL,ยาใช้เฉพาะที่,,,หลอด,8851743001241,100,NULL,FALSE,FALSE,NULL,,,NULL,NULL,NULL,NULL,NULL,NULL,1,NULL
3309,1,100208,HIRUSCAR GEL 25g ฟ้า-เหลือง,NULL,NULL,ขย.9,NULL,ยาใช้เฉพาะที่,,,หลอด,8851743001968,100,NULL,FALSE,FALSE,NULL,,,NULL,NULL,NULL,NULL,NULL,NULL,1,NULL
3310,1,100209,Hiruscar gel 7 g ฟ้า-เหลือง,NULL,NULL,ขย.9,NULL,ยาใช้เฉพาะที่,,,หลอด,8851743001951,100,NULL,FALSE,FALSE,NULL,,,NULL,NULL,NULL,NULL,NULL,NULL,1,NULL
3311,1,100210,ยาสตรีเพ็ญภาค สกัดชนิดแคปซูล 30'cap,NULL,NULL,ขย.9,NULL,ยาใช้เฉพาะที่,,,หลอด,8858736900055,100,NULL,FALSE,FALSE,NULL,,,NULL,NULL,NULL,NULL,NULL,NULL,1,NULL
3312,1,100211,Scagel kids 4 g,NULL,NULL,ขย.9,NULL,ยาใช้เฉพาะที่,,,หลอด,8858663808509,100,NULL,FALSE,FALSE,NULL,,,NULL,NULL,NULL,NULL,NULL,NULL,1,NULL
3313,1,100212,dermatix acne scar 5g,NULL,NULL,ขย.9,NULL,ยาใช้เฉพาะที่,,,หลอด,8055348241532,100,NULL,FALSE,FALSE,NULL,,,NULL,NULL,NULL,NULL,NULL,NULL,1,NULL
3314,1,100213,dermatix ultra gel 5g,NULL,NULL,ขย.9,NULL,ยาใช้เฉพาะที่,,,หลอด,8886456204085,100,NULL,FALSE,FALSE,NULL,,,NULL,NULL,NULL,NULL,NULL,NULL,1,NULL
3315,1,100214,dermatix ultra KID gel 5 g,NULL,NULL,ขย.9,NULL,ยาใช้เฉพาะที่,,,หลอด,8886456204634,100,NULL,FALSE,FALSE,NULL,,,NULL,NULL,NULL,NULL,NULL,NULL,1,NULL
3316,1,100215,Dermatix ultra gel 9 g,NULL,NULL,ขย.9,NULL,ยาใช้เฉพาะที่,,,หลอด,8886456203842,100,NULL,FALSE,FALSE,NULL,,,NULL,NULL,NULL,NULL,NULL,NULL,1,NULL
3317,1,100216,Falerm Cream 5 g,ACICLOVIR,ANTIVIRALS,ขย.9,NULL,ยาระบบการติดเชื้อ,,,หลอด,8854596002526,100,NULL,FALSE,FALSE,NULL,,,NULL,NULL,NULL,NULL,NULL,NULL,1,NULL
3318,1,100217,Amoksiklav 1000mg 10's,AMOX+CLAVU,PENICILLINS,ขย.9,NULL,ยาระบบการติดเชื้อ,,,กล่อง,3838957898510,100,NULL,FALSE,FALSE,NULL,,,NULL,NULL,NULL,NULL,NULL,NULL,1,NULL
3319,1,100218,Augmentin 1G 10's,AMOX+CLAVU,PENICILLINS,ขย.9,NULL,ยาระบบการติดเชื้อ,,,กล่อง,8851007101151,100,NULL,FALSE,FALSE,NULL,,,NULL,NULL,NULL,NULL,NULL,NULL,1,NULL
3320,1,100219,AMK 1000 mg 10's,AMOX+CLAVU,PENICILLINS,ขย.9,NULL,ยาระบบการติดเชื้อ,,,กล่อง,8852673003480,100,NULL,FALSE,FALSE,NULL,,,NULL,NULL,NULL,NULL,NULL,NULL,1,NULL
3321,1,100220,flemimg 1000 mg 10's,AMOX+CLAVU,PENICILLINS,ขย.9,NULL,ยาระบบการติดเชื้อ,,,กล่อง,8852616600240,100,NULL,FALSE,FALSE,NULL,,,NULL,NULL,NULL,NULL,NULL,NULL,1,NULL
3322,1,100221,IVER-6 tablet 2x6's,IVERMECTIN,ANTIAMOEBICS,ขย.9,NULL,ยาระบบการติดเชื้อ,,,กล่อง,8856513012229,100,NULL,FALSE,FALSE,NULL,,,NULL,NULL,NULL,NULL,NULL,NULL,1,NULL
3323,1,100222,Zeplex 500 mg 10'cap นับเม็ด,CEFALEXIN,CEPHALOSPORINS,ขย.9,NULL,ยาระบบการติดเชื้อ,,,แพ็ค,8852807451118,100,NULL,FALSE,FALSE,NULL,,,NULL,NULL,NULL,NULL,NULL,NULL,1,NULL
3324,1,100223,Zeplex 500 mg 10'cap,CEFALEXIN,CEPHALOSPORINS,ขย.9,NULL,ยาระบบการติดเชื้อ,,,แผง,8852807451101,100,NULL,FALSE,FALSE,NULL,,,NULL,NULL,NULL,NULL,NULL,NULL,1,NULL
3325,1,100224,Sialexin 500 mg 10's,CEFALEXIN,CEPHALOSPORINS,ขย.9,NULL,ยาระบบการติดเชื้อ,,,แผง,8852738341687,100,NULL,FALSE,FALSE,NULL,,,NULL,NULL,NULL,NULL,NULL,NULL,1,NULL
3326,1,100225,Clindavid 300 mg 10'cap,CLINDAMYCIN,AMINOGLYCOSIDES,ขย.9,NULL,ยาระบบการติดเชื้อ,,,แผง,8855459003100,100,NULL,FALSE,FALSE,NULL,,,NULL,NULL,NULL,NULL,NULL,NULL,1,NULL
3327,1,100226,Kanamycin 250 mg 10'cap,KANAMYCIN,AMINOGLYCOSIDES,ขย.9,NULL,ยาระบบการติดเชื้อ,,,แผง,8854221003164,100,NULL,FALSE,FALSE,NULL,,,NULL,NULL,NULL,NULL,NULL,NULL,1,NULL
3328,1,100227,ATOZIN 250 mg 1x6 capsule,AZITHROMYCIN,MACROLIDES,ขย.9,NULL,ยาระบบการติดเชื้อ,,,กล่อง,8855459007368,100,NULL,FALSE,FALSE,NULL,,,NULL,NULL,NULL,NULL,NULL,NULL,1,NULL
3329,1,100229,AZITHRO 250 mg 1x6 Capsule,AZITHROMYCIN,MACROLIDES,ขย.9,NULL,ยาระบบการติดเชื้อ,,,กล่อง,8852807402301,100,NULL,FALSE,FALSE,NULL,,,NULL,NULL,NULL,NULL,NULL,NULL,1,NULL
3330,1,100230,Masarox 150 mg 10's,ROXITHROMYCIN,MACROLIDES,ขย.9,NULL,ยาระบบการติดเชื้อ,,,แผง,8850921009475,100,NULL,FALSE,FALSE,NULL,,,NULL,NULL,NULL,NULL,NULL,NULL,1,NULL
3331,1,100231,Romed 150 mg 10's,ROXITHROMYCIN,MACROLIDES,ขย.9,NULL,ยาระบบการติดเชื้อ,,,แผง,8855451002538,100,NULL,FALSE,FALSE,NULL,,,NULL,NULL,NULL,NULL,NULL,NULL,1,NULL
3332,1,100232,Rothricin 150 mg 10's,ROXITHROMYCIN,MACROLIDES,ขย.9,NULL,ยาระบบการติดเชื้อ,,,กล่อง,8852738361517,100,NULL,FALSE,FALSE,NULL,,,NULL,NULL,NULL,NULL,NULL,NULL,1,NULL
3333,1,100233,Roxitop 300 mg  10's,ROXITHROMYCIN,MACROLIDES,ขย.9,NULL,ยาระบบการติดเชื้อ,,,แผง,8853348004184,100,NULL,FALSE,FALSE,NULL,,,NULL,NULL,NULL,NULL,NULL,NULL,1,NULL
3334,1,100234,Coroxin 300 mg 10's,ROXITHROMYCIN,MACROLIDES,ขย.9,NULL,ยาระบบการติดเชื้อ,,,แผง,8853144323113,100,NULL,FALSE,FALSE,NULL,,,NULL,NULL,NULL,NULL,NULL,NULL,1,NULL
3335,1,100235,TC mycin 500 mg 10's,TETRACYCLINE,TETRACYCLINES,ขย.9,NULL,ยาระบบการติดเชื้อ,,,กล่อง,8855107000505,100,NULL,FALSE,FALSE,NULL,,,NULL,NULL,NULL,NULL,NULL,NULL,1,NULL
3336,1,100236,tc mycin 250 mg 10's,TETRACYCLINE,TETRACYCLINES,ขย.9,NULL,ยาระบบการติดเชื้อ,,,กล่อง,8855107000017,100,NULL,FALSE,FALSE,NULL,,,NULL,NULL,NULL,NULL,NULL,NULL,1,NULL
3337,1,100237,Voflox 500 mg 1x5tab,LEVOFLOXACIN,QUINOLONES,ขย.9,NULL,ยาระบบการติดเชื้อ,,,แผง/กล่อง,8855459007849,100,NULL,FALSE,FALSE,NULL,,,NULL,NULL,NULL,NULL,NULL,NULL,1,NULL
3338,1,100238,Cravit tab 250 mg 5's,LEVOFLOXACIN,QUINOLONES,ขย.9,NULL,ยาระบบการติดเชื้อ,,,แผง/กล่อง,8858690800101,100,NULL,FALSE,FALSE,NULL,,,NULL,NULL,NULL,NULL,NULL,NULL,1,NULL
3339,1,100239,CRAVIT tab 500 mg 5's,LEVOFLOXACIN,QUINOLONES,ขย.9,NULL,ยาระบบการติดเชื้อ,,,เม็ด,8858690800040,100,NULL,FALSE,FALSE,NULL,,,0,0,0,0,0,0,,/uploads/100239_1.jpg
3340,1,100240,Ciproxyl 500 MG 10's,CIPROFLOXACIN,QUINOLONES,ขย.9,NULL,ยาระบบการติดเชื้อ,,,แผง,8853348002548,100,NULL,FALSE,FALSE,NULL,,,NULL,NULL,NULL,NULL,NULL,NULL,1,NULL
3341,1,100241,Konovid 200 mg 10's,OFLOXACIN,QUINOLONES,ขย.9,NULL,ยาระบบการติดเชื้อ,,,แผง,8851881211113,100,NULL,FALSE,FALSE,NULL,,,NULL,NULL,NULL,NULL,NULL,NULL,1,NULL
3342,1,100242,Ofloxin 200 mg 10's,OFLOXACIN,QUINOLONES,ขย.9,NULL,ยาระบบการติดเชื้อ,,,แผง,8852738361159,100,NULL,FALSE,FALSE,NULL,,,NULL,NULL,NULL,NULL,NULL,NULL,1,NULL
3343,1,100243,Medic Nor 400 mg 10's,NORFLOXACIN,QUINOLONES,ขย.9,NULL,ยาระบบการติดเชื้อ,,,แผง,8855451000190,100,NULL,FALSE,FALSE,NULL,,,NULL,NULL,NULL,NULL,NULL,NULL,1,NULL
3344,1,100244,Doxin 100 mg 10's,DOXYCYCLINE,TETRACYCLINES,ขย.9,NULL,ยาระบบการติดเชื้อ,,,แผง,8856351009054,100,NULL,FALSE,FALSE,NULL,,,NULL,NULL,NULL,NULL,NULL,NULL,1,NULL
3345,1,100245,GaNo SPEC 500 mg 10's,TETRACYCLINE,TETRACYCLINES,ขย.9,NULL,ยาระบบการติดเชื้อ,,,แผง/กล่อง,8857121139032,100,NULL,FALSE,FALSE,NULL,,,NULL,NULL,NULL,NULL,NULL,NULL,1,NULL
3346,1,100246,Fungazol 200 mg 10's,KETOCONAZOLE,ANTIFUNGALS,ขย.9,NULL,ยาระบบการติดเชื้อ,,,แผง,8852662000247,100,NULL,FALSE,FALSE,NULL,,,NULL,NULL,NULL,NULL,NULL,NULL,1,NULL
3347,1,100247,Pennicilin 500.000 Units/tab 2*6 tab,PENICILLIN,PENICILLINS,ขย.9,NULL,ยาระบบการติดเชื้อ,,,แผง/กล่อง,8854060002380,100,NULL,FALSE,FALSE,NULL,,,NULL,NULL,NULL,NULL,NULL,NULL,1,NULL
3348,1,100248,MOXY 500 mg H.K. (แผงฟ้า-เขียว),AMOXICILLINE,PENICILLINS,ขย.9,NULL,ยาระบบการติดเชื้อ,,,แผง,8859045320053,100,NULL,FALSE,FALSE,NULL,,,NULL,NULL,NULL,NULL,NULL,NULL,1,NULL
3349,1,100249,Dorox 500 mg 10's,NULL,NULL,NULL,NULL,NULL,,,NULL,8852807412126,100,NULL,TRUE,FALSE,NULL,,,NULL,NULL,NULL,NULL,NULL,NULL,1,NULL
3350,1,100250,Ampicillin capsule 500mg (แบ่งขาย) 10 cap,AMPICILLIN,PENICILLINS,ขย.9,NULL,ยาระบบการติดเชื้อ,,,แพ็ค,8858850300649,100,NULL,FALSE,FALSE,NULL,,,NULL,NULL,NULL,NULL,NULL,NULL,1,NULL
3351,1,100251,Dicloxmed 500 mg 10's,DICLOXACILLIN,PENICILLINS,ขย.9,NULL,ยาระบบการติดเชื้อ,,,แผง,8855451003641,100,NULL,FALSE,FALSE,NULL,,,NULL,NULL,NULL,NULL,NULL,NULL,1,NULL
3352,1,100252,Metrolex 200mg 10's,METRONIDAZOLE,ANTIAMOEBICS,ขย.9,NULL,ยาระบบการติดเชื้อ,,,แผง,8852738410253,100,NULL,FALSE,FALSE,NULL,,,0,0,0,0,0,0,,/uploads/100252_1.jpg
3353,1,100253,spornar 100 mg 4's,ITRACONAZOLE,ANTIFUNGALS,ขย.9,NULL,ยาระบบการติดเชื้อ,,,แผง,8858767411902,100,NULL,FALSE,FALSE,NULL,,,NULL,NULL,NULL,NULL,NULL,NULL,1,NULL
3354,1,100254,Fludizol 200 mg  5's,FLUCONAZOLE,ANTIFUNGALS,ขย.9,NULL,ยาระบบการติดเชื้อ,,,แผง,8852807404152,100,NULL,FALSE,FALSE,NULL,,,NULL,NULL,NULL,NULL,NULL,NULL,1,NULL
3355,1,100255,Flunco 200 mg 10's,FLUCONAZOLE,ANTIFUNGALS,ขย.9,NULL,ยาระบบการติดเชื้อ,,,แผง,8851881446072,100,NULL,FALSE,FALSE,NULL,,,NULL,NULL,NULL,NULL,NULL,NULL,1,NULL
3356,1,100256,Biozole 150 mg 1's,FLUCONAZOLE,ANTIFUNGALS,ขย.9,NULL,ยาระบบการติดเชื้อ,,,กล่อง,8852662100091,100,NULL,FALSE,FALSE,NULL,,,NULL,NULL,NULL,NULL,NULL,NULL,1,NULL
3357,1,100257,Zevin cream 3 g,ACICLOVIR,ANTIVIRALS,ขย.9,NULL,ยาระบบการติดเชื้อ,,,หลอด,8852662300231,100,NULL,FALSE,FALSE,NULL,,,NULL,NULL,NULL,NULL,NULL,NULL,1,NULL
3358,1,100258,Vilerm cream 5g,ACICLOVIR,ANTIVIRALS,ขย.9,NULL,ยาระบบการติดเชื้อ,,,หลอด,8852738420108,100,NULL,FALSE,FALSE,NULL,,,NULL,NULL,NULL,NULL,NULL,NULL,1,NULL
3359,1,100259,Clinovir 200 mg 5's,ACICLOVIR,ANTIVIRALS,ขย.9,NULL,ยาระบบการติดเชื้อ,,,แผง,8853348003422,100,NULL,FALSE,FALSE,NULL,,,NULL,NULL,NULL,NULL,NULL,NULL,1,NULL
3360,1,100260,Clinovir 800 mg 5's,ACICLOVIR,ANTIVIRALS,ขย.9,NULL,ยาระบบการติดเชื้อ,,,แผง,8853348005235,100,NULL,FALSE,FALSE,NULL,,,NULL,NULL,NULL,NULL,NULL,NULL,1,NULL
3361,1,100261,Clinovir 400 mg 5's,ACICLOVIR,ANTIVIRALS,ขย.9,NULL,ยาระบบการติดเชื้อ,,,แผง,264,100,NULL,FALSE,FALSE,NULL,,,NULL,NULL,NULL,NULL,NULL,NULL,1,NULL
3362,1,100262,Vilerm 800 mg 5's,ACICLOVIR,ANTIVIRALS,ขย.9,NULL,ยาระบบการติดเชื้อ,,,แผง,8852738420061,100,NULL,FALSE,FALSE,NULL,,,NULL,NULL,NULL,NULL,NULL,NULL,1,NULL
3363,1,100263,Virogon 200 mg 5's,ACICLOVIR,ANTIVIRALS,ขย.9,NULL,ยาระบบการติดเชื้อ,,,แผง,8859564200614,100,NULL,FALSE,FALSE,NULL,,,NULL,NULL,NULL,NULL,NULL,NULL,1,NULL
3364,1,100264,Virogon 400 mg 10's,ACICLOVIR,ANTIVIRALS,ขย.9,NULL,ยาระบบการติดเชื้อ,,,แผง,8859564200621,100,NULL,FALSE,FALSE,NULL,,,NULL,NULL,NULL,NULL,NULL,NULL,1,NULL
3365,1,100265,Virogon 800 mg 5's,ACICLOVIR,ANTIVIRALS,ขย.9,NULL,ยาระบบการติดเชื้อ,,,แผง,8859564200638,100,NULL,FALSE,FALSE,NULL,,,NULL,NULL,NULL,NULL,NULL,NULL,1,NULL
3366,1,100266,Antergen Cream 10 g,HYDROCORTISONE,STEROIDS,ขย.9,NULL,ยาระบบการติดเชื้อ,,,หลอด,8851473001177,100,NULL,FALSE,FALSE,NULL,,,NULL,NULL,NULL,NULL,NULL,NULL,1,NULL
3367,1,100267,Zyno 0.1% Cream 15g,TRIAMCINOLONE,STEROIDS,ขย.9,NULL,ยาระบบการติดเชื้อ,,,หลอด,8853348005020,100,NULL,FALSE,FALSE,NULL,,,NULL,NULL,NULL,NULL,NULL,NULL,1,NULL
3368,1,100268,Zyno 0.02% Cream 15g,TRIAMCINOLONE,STEROIDS,ขย.9,NULL,ยาระบบการติดเชื้อ,,,หลอด,8853348005044,100,NULL,FALSE,FALSE,NULL,,,0,0,0,0,0,0,,/uploads/100268_1.jpg
3369,1,100269,T.A.Cream 0.02% 15g,TRIAMCINOLONE,STEROIDS,ขย.9,NULL,ยาระบบการติดเชื้อ,,,หลอด,8852535008530,100,NULL,FALSE,FALSE,NULL,,,NULL,NULL,NULL,NULL,NULL,NULL,1,NULL
3370,1,100270,T.A.Cream 0.02%  5g,TRIAMCINOLONE,STEROIDS,ขย.9,NULL,ยาระบบการติดเชื้อ,,,หลอด,8852535008288,100,NULL,FALSE,FALSE,NULL,,,NULL,NULL,NULL,NULL,NULL,NULL,1,NULL
3371,1,100271,T.A .Cream 0.1% 5 g,TRIAMCINOLONE,STEROIDS,ขย.9,NULL,ยาระบบการติดเชื้อ,,,หลอด,8852535008271,100,NULL,FALSE,FALSE,NULL,,,NULL,NULL,NULL,NULL,NULL,NULL,1,NULL
3372,1,100272,T.A.cream 0.1% 15 g,TRIAMCINOLONE,STEROIDS,ขย.9,NULL,ยาระบบการติดเชื้อ,,,หลอด,8852535008547,100,NULL,FALSE,FALSE,NULL,,,NULL,NULL,NULL,NULL,NULL,NULL,1,NULL
3373,1,100273,Aristocort Cream 0.02%  15g,TRIAMCINOLONE,STEROIDS,ขย.9,NULL,ยาระบบการติดเชื้อ,,,หลอด,8851005910335,100,NULL,FALSE,FALSE,NULL,,,NULL,NULL,NULL,NULL,NULL,NULL,1,NULL
3374,1,100274,Aristocort cream 0.1%  15g,TRIAMCINOLONE,STEROIDS,ขย.9,NULL,ยาระบบการติดเชื้อ,,,หลอด,8851005910434,100,NULL,FALSE,FALSE,NULL,,,NULL,NULL,NULL,NULL,NULL,NULL,1,NULL
3375,1,100275,KELA cream TO  15 g,TRIAMCINOLONE,STEROIDS,ขย.9,NULL,ยาระบบการติดเชื้อ,,,หลอด,8851881711644,100,NULL,FALSE,FALSE,NULL,,,NULL,NULL,NULL,NULL,NULL,NULL,1,NULL
3376,1,100276,KELA cream TO 5 g,TRIAMCINOLONE,STEROIDS,ขย.9,NULL,ยาระบบการติดเชื้อ,,,หลอด,8851881711620,100,NULL,FALSE,FALSE,NULL,,,NULL,NULL,NULL,NULL,NULL,NULL,1,NULL
3377,1,100277,Bethasone Cream 15g,BETAMETHASONE,STEROIDS,ขย.9,NULL,ยาระบบการติดเชื้อ,,,หลอด,8852294706159,100,NULL,FALSE,FALSE,NULL,,,NULL,NULL,NULL,NULL,NULL,NULL,1,NULL
3378,1,100278,Bethasone Cream 5 g,BETAMETHASONE,STEROIDS,ขย.9,NULL,ยาระบบการติดเชื้อ,,,หลอด,8852294706050,100,NULL,FALSE,FALSE,NULL,,,NULL,NULL,NULL,NULL,NULL,NULL,1,NULL
3379,1,100279,Clinivate cream  5 g,BETAMETHASONE,STEROIDS,ขย.9,NULL,ยาระบบการติดเชื้อ,,,หลอด,8853348004023,100,NULL,FALSE,FALSE,NULL,,,NULL,NULL,NULL,NULL,NULL,NULL,1,NULL
3380,1,100280,Clinivate cream  15 g,BETAMETHASONE,STEROIDS,ขย.9,NULL,ยาระบบการติดเชื้อ,,,หลอด,8853348009356,100,NULL,FALSE,FALSE,NULL,,,NULL,NULL,NULL,NULL,NULL,NULL,1,NULL
3381,1,100281,Betosalic Ointment 5 g,BETAMETHASONE + SALICYLIC ACID,STEROIDS,ขย.9,NULL,ยาระบบการติดเชื้อ,,,หลอด,8851881723623,100,NULL,FALSE,FALSE,NULL,,,NULL,NULL,NULL,NULL,NULL,NULL,1,NULL
3382,1,100282,Clobet Cream 5g,CLOBETASONE,STEROIDS,ขย.9,NULL,ยาระบบการติดเชื้อ,,,หลอด,8852662300255,100,NULL,FALSE,FALSE,NULL,,,NULL,NULL,NULL,NULL,NULL,NULL,1,NULL
3383,1,100283,Dermatop Cream 5 g,PREDNICARBATE,STEROIDS,ขย.9,NULL,ยาระบบการติดเชื้อ,,,หลอด,8850886059201,100,NULL,FALSE,FALSE,NULL,,,NULL,NULL,NULL,NULL,NULL,NULL,1,NULL
3384,1,100284,Dermovate Cream 15g GSK,CLOBETASONE,STEROIDS,ขย.9,NULL,ยาระบบการติดเชื้อ,,,หลอด,8851007195440,100,NULL,FALSE,FALSE,NULL,,,NULL,NULL,NULL,NULL,NULL,NULL,1,NULL
3385,1,100285,Clobet Cream 10g,CLOBETASONE,STEROIDS,ขย.9,NULL,ยาระบบการติดเชื้อ,,,หลอด,8852662300262,100,NULL,FALSE,FALSE,NULL,,,NULL,NULL,NULL,NULL,NULL,NULL,1,NULL
3386,1,100286,Clinoderm Cream 5 g,CLOBETASONE,STEROIDS,ขย.9,NULL,ยาระบบการติดเชื้อ,,,หลอด,8853348001862,100,NULL,FALSE,FALSE,NULL,,,NULL,NULL,NULL,NULL,NULL,NULL,1,NULL
3387,1,100287,Clinoderm Cream 35g,CLOBETASONE,STEROIDS,ขย.9,NULL,ยาระบบการติดเชื้อ,,,หลอด,8858992501041,100,NULL,FALSE,FALSE,NULL,,,NULL,NULL,NULL,NULL,NULL,NULL,1,NULL
3388,1,100288,Ecosone Cream 15 g,TRIAMCINOLONE,STEROIDS,ขย.9,NULL,ยาระบบการติดเชื้อ,,,หลอด,8858783414031,100,NULL,FALSE,FALSE,NULL,,,NULL,NULL,NULL,NULL,NULL,NULL,1,NULL
3389,1,100289,Ecosone Cream 5 g,TRIAMCINOLONE,STEROIDS,ขย.9,NULL,ยาระบบการติดเชื้อ,,,หลอด,8858783414017,100,NULL,FALSE,FALSE,NULL,,,NULL,NULL,NULL,NULL,NULL,NULL,1,NULL
3390,1,100290,TARA-Plus cream 15g,MICONAZOLE + TRIAMCINOLONE,ANTIFUNGALS,ขย.9,NULL,ยาระบบการติดเชื้อ,,,หลอด,8852645683054,100,NULL,FALSE,FALSE,NULL,,,NULL,NULL,NULL,NULL,NULL,NULL,1,NULL
3391,1,100291,DERMACOMBIN CREAM 15g,NYSTATIN+NEOMYCIN+GRAMICIDIN+TRIAMCINOLONE,ANTIFUNGALS,ขย.9,NULL,ยาระบบการติดเชื้อ,,,หลอด,7290012066238,100,NULL,FALSE,FALSE,NULL,,,NULL,NULL,NULL,NULL,NULL,NULL,1,NULL
3392,1,100292,DERMACOMBIN CREAM 5g,NYSTATIN+NEOMYCIN+GRAMICIDIN+TRIAMCINOLONE,ANTIFUNGALS,ขย.9,NULL,ยาระบบการติดเชื้อ,,,หลอด,7290012066221,100,NULL,FALSE,FALSE,NULL,,,NULL,NULL,NULL,NULL,NULL,NULL,1,NULL
3393,1,100293,Lymarin cream 5g,MICONAZOLE + TRIAMCINOLONE,ANTIFUNGALS,ขย.9,NULL,ยาระบบการติดเชื้อ,,,หลอด,8850884111017,100,NULL,FALSE,FALSE,NULL,,,NULL,NULL,NULL,NULL,NULL,NULL,1,NULL
3394,1,100294,Lymarin cream 15g,MICONAZOLE + TRIAMCINOLONE,ANTIFUNGALS,ขย.9,NULL,ยาระบบการติดเชื้อ,,,หลอด,8850884111024,100,NULL,FALSE,FALSE,NULL,,,NULL,NULL,NULL,NULL,NULL,NULL,1,NULL
3395,1,100295,Tonaf-B cream  15g,BETAMETHASONE+TOLNAFTATE+IODOCHLORHYDROX,ANTIFUNGALS,ขย.9,NULL,ยาระบบการติดเชื้อ,,,หลอด,8854927002942,100,NULL,FALSE,FALSE,NULL,,,NULL,NULL,NULL,NULL,NULL,NULL,1,NULL
3396,1,100296,Tonaf-B cream  5g,BETAMETHASONE+TOLNAFTATE+IODOCHLORHYDROX,ANTIFUNGALS,ขย.9,NULL,ยาระบบการติดเชื้อ,,,หลอด,8854927002935,100,NULL,FALSE,FALSE,NULL,,,NULL,NULL,NULL,NULL,NULL,NULL,1,NULL
3397,1,100297,BETA-DIPO  15 g,BETAMETHASONE + NEOMYCIN,ANTIFUNGALS,ขย.9,NULL,ยาระบบการติดเชื้อ,,,หลอด,8851473001368,100,NULL,FALSE,FALSE,NULL,,,NULL,NULL,NULL,NULL,NULL,NULL,1,NULL
3398,1,100298,BETA-DIPO 5 g,BETAMETHASONE + NEOMYCIN,ANTIFUNGALS,ขย.9,NULL,ยาระบบการติดเชื้อ,,,หลอด,8851473001344,100,NULL,FALSE,FALSE,NULL,,,NULL,NULL,NULL,NULL,NULL,NULL,1,NULL
3399,1,100299,Bethasone-N Cream 15 g,BETAMETHASONE + NEOMYCIN,ANTIFUNGALS,ขย.9,NULL,ยาระบบการติดเชื้อ,,,หลอด,8852294707156,100,NULL,FALSE,FALSE,NULL,,,NULL,NULL,NULL,NULL,NULL,NULL,1,NULL
3400,1,100300,Bethasone-N  Cream 5g,BETAMETHASONE + NEOMYCIN,ANTIFUNGALS,ขย.9,NULL,ยาระบบการติดเชื้อ,,,หลอด,8852294707057,100,NULL,FALSE,FALSE,NULL,,,NULL,NULL,NULL,NULL,NULL,NULL,1,NULL
3401,1,100301,Fango-B cream 15 g,BETAMETHASONE + NEOMYCIN,ANTIFUNGALS,ขย.9,NULL,ยาระบบการติดเชื้อ,,,หลอด,8853348003521,100,NULL,FALSE,FALSE,NULL,,,NULL,NULL,NULL,NULL,NULL,NULL,1,NULL
3402,1,100302,CANAZOL-BE Cream 15 g,CLOTRIMAZOLE+BETAMETHASONE,ANTIFUNGALS,ขย.9,NULL,ยาระบบการติดเชื้อ,,,หลอด,8851881702642,100,NULL,FALSE,FALSE,NULL,,,NULL,NULL,NULL,NULL,NULL,NULL,1,NULL
3403,1,100303,Betamethasone-N Cream 15 g - GPO,BETAMETHASONE + NEOMYCIN,ANTIFUNGALS,ขย.9,NULL,ยาระบบการติดเชื้อ,,,หลอด,8850678160122,100,NULL,FALSE,FALSE,NULL,,,NULL,NULL,NULL,NULL,NULL,NULL,1,NULL
3404,1,100304,Betamethasone-N Cream 5g- GPO,BETAMETHASONE + NEOMYCIN,ANTIFUNGALS,ขย.9,NULL,ยาระบบการติดเชื้อ,,,หลอด,8850678160115,100,NULL,FALSE,FALSE,NULL,,,NULL,NULL,NULL,NULL,NULL,NULL,1,NULL
3405,1,100305,CANASONE Cream 10 g -TNP,CLOTRIMAZOLE,ANTIFUNGALS,ขย.9,NULL,ยาระบบการติดเชื้อ,,,หลอด,8851473002938,100,NULL,FALSE,FALSE,NULL,,,NULL,NULL,NULL,NULL,NULL,NULL,1,NULL
3406,1,100306,CANASONE CB Cream 15 g -TNP,CLOTRIMAZOLE,ANTIFUNGALS,ขย.9,NULL,ยาระบบการติดเชื้อ,,,หลอด,8851473000897,100,NULL,FALSE,FALSE,NULL,,,NULL,NULL,NULL,NULL,NULL,NULL,1,NULL
3407,1,100307,Fungiderm-B cream 20 g,CLOTRIMAZOLE+BETAMETHASONE,ANTIFUNGALS,ขย.9,NULL,ยาระบบการติดเชื้อ,,,หลอด,8852294713201,100,NULL,FALSE,FALSE,NULL,,,NULL,NULL,NULL,NULL,NULL,NULL,1,NULL
3408,1,100308,fungiderm-b cream  5 g,CLOTRIMAZOLE+BETAMETHASONE,ANTIFUNGALS,ขย.9,NULL,ยาระบบการติดเชื้อ,,,หลอด,8852294713058,100,NULL,FALSE,FALSE,NULL,,,NULL,NULL,NULL,NULL,NULL,NULL,1,NULL
3409,1,100309,Myda-B cream 25 g -T. MAN Pharma,CLOTRIMAZOLE+BETAMETHASONE,ANTIFUNGALS,ขย.9,NULL,ยาระบบการติดเชื้อ,,,หลอด,8856513000240,100,NULL,FALSE,FALSE,NULL,,,NULL,NULL,NULL,NULL,NULL,NULL,1,NULL
3410,1,100310,Myda-B cream 15 g-T. MAN Pharma,CLOTRIMAZOLE+BETAMETHASONE,ANTIFUNGALS,ขย.9,NULL,ยาระบบการติดเชื้อ,,,หลอด,8856513000226,100,NULL,FALSE,FALSE,NULL,,,NULL,NULL,NULL,NULL,NULL,NULL,1,NULL
3411,1,100311,Myda-B cream 5 g-T. MAN Pharma,CLOTRIMAZOLE+BETAMETHASONE,ANTIFUNGALS,ขย.9,NULL,ยาระบบการติดเชื้อ,,,หลอด,8856513000202,100,NULL,FALSE,FALSE,NULL,,,NULL,NULL,NULL,NULL,NULL,NULL,1,NULL
3412,1,100312,Myderm Quad crem 4 plus 5 gT. MAN,BETAMETHASONE+GENTAMYCIN+TONAFTATE+CLIOQUINOL,ANTIFUNGALS,ขย.9,NULL,ยาระบบการติดเชื้อ,,,หลอด,8856513006006,100,NULL,FALSE,FALSE,NULL,,,NULL,NULL,NULL,NULL,NULL,NULL,,NULL
3413,1,100313,Dermaheu cream 25g - TNP,BETAMETHASONE+TOLNAFTATE+IODOCHLORHYDROX,ANTIFUNGALS,ขย.9,NULL,ยาระบบการติดเชื้อ,,,หลอด,8851473007605,100,NULL,FALSE,FALSE,NULL,,,NULL,NULL,NULL,NULL,NULL,NULL,1,NULL
3414,1,100314,Dermaheu cream 15g - TNP,BETAMETHASONE+TOLNAFTATE+IODOCHLORHYDROX,ANTIFUNGALS,ขย.9,NULL,ยาระบบการติดเชื้อ,,,หลอด,8851473002310,100,NULL,FALSE,FALSE,NULL,,,NULL,NULL,NULL,NULL,NULL,NULL,1,NULL
3415,1,100315,DERTEC cream 15 g,BETAMETHASONE+TOLNAFTATE+IODOCHLORHYDROX,ANTIFUNGALS,ขย.9,NULL,ยาระบบการติดเชื้อ,,,หลอด,8855459003162,100,NULL,FALSE,FALSE,NULL,,,NULL,NULL,NULL,NULL,NULL,NULL,1,NULL
3416,1,100316,DERTEC cream 5 g,BETAMETHASONE+TOLNAFTATE+IODOCHLORHYDROX,ANTIFUNGALS,ขย.9,NULL,ยาระบบการติดเชื้อ,,,หลอด,8855459004121,100,NULL,FALSE,FALSE,NULL,,,NULL,NULL,NULL,NULL,NULL,NULL,1,NULL
3417,1,100317,Quadriderm cream 15 g-MSD,BETAMETHASONE+GENTAMYCIN+TONAFTATE+CLIOQUINOL,ANTIFUNGALS,ขย.9,NULL,ยาระบบการติดเชื้อ,,,หลอด,8850285001320,100,NULL,FALSE,FALSE,NULL,,,NULL,NULL,NULL,NULL,NULL,NULL,1,NULL
3418,1,100318,PHOEBUS cream 15g -Pharspec,BETAMETHASONE+GENTAMYCIN+TONAFTATE+CLIOQUINOL,ANTIFUNGALS,ขย.9,NULL,ยาระบบการติดเชื้อ,,,หลอด,8858907400070,100,NULL,FALSE,FALSE,NULL,,,NULL,NULL,NULL,NULL,NULL,NULL,1,NULL
3419,1,100319,Phoebus cream 5g -Pharspec,BETAMETHASONE+GENTAMYCIN+TONAFTATE+CLIOQUINOL,ANTIFUNGALS,ขย.9,NULL,ยาระบบการติดเชื้อ,,,หลอด,8858907400063,100,NULL,FALSE,FALSE,NULL,,,NULL,NULL,NULL,NULL,NULL,NULL,1,NULL
3420,1,100320,Tonaf 2% cream 15g (เขียว),TOLNAFTATE,ANTIFUNGALS,ขย.9,NULL,ยาระบบการติดเชื้อ,,,หลอด,8854927003192,100,NULL,FALSE,FALSE,NULL,,,NULL,NULL,NULL,NULL,NULL,NULL,1,NULL
3421,1,100321,Tonaf 2% cream 5 g (เขียว),TOLNAFTATE,ANTIFUNGALS,ขย.9,NULL,ยาระบบการติดเชื้อ,,,หลอด,8854927003185,100,NULL,FALSE,FALSE,NULL,,,NULL,NULL,NULL,NULL,NULL,NULL,1,NULL
3422,1,100322,Tonaf 1% cream 15 g แดง,TOLNAFTATE,ANTIFUNGALS,ขย.9,NULL,ยาระบบการติดเชื้อ,,,หลอด,8854927003130,100,NULL,FALSE,FALSE,NULL,,,NULL,NULL,NULL,NULL,NULL,NULL,1,NULL
3423,1,100323,Tonaf 1% cream 5 g แดง,TOLNAFTATE,ANTIFUNGALS,ขย.9,NULL,ยาระบบการติดเชื้อ,,,หลอด,8854927003123,100,NULL,FALSE,FALSE,NULL,,,NULL,NULL,NULL,NULL,NULL,NULL,1,NULL
3424,1,100324,Unison ointment 15 g(1%w/w)-Unison lab,CHLORAMPHENICOL,CHLORAMPHENICOLS,ขย.9,NULL,ยาระบบการติดเชื้อ,,,หลอด,8853935003255,100,NULL,FALSE,FALSE,NULL,,,NULL,NULL,NULL,NULL,NULL,NULL,1,NULL
3425,1,100325,Chloram ointment 15g (1%w/w)-A.N.B.,CHLORAMPHENICOL,CHLORAMPHENICOLS,ขย.9,NULL,ยาระบบการติดเชื้อ,,,หลอด,8854060001932,100,NULL,FALSE,FALSE,NULL,,,NULL,NULL,NULL,NULL,NULL,NULL,1,NULL
3426,1,100326,0.25% Topoxy skin cream 10g -SPS,DESOXIMETHASONE,STEROIDS,ขย.9,NULL,ยาระบบการติดเชื้อ,,,ขวด,8850239004490,100,NULL,FALSE,FALSE,NULL,,,NULL,NULL,NULL,NULL,NULL,NULL,1,NULL
3427,1,100327,0.25% Topicorte skin cream 5 g -Fidia,DESOXIMETHASONE,STEROIDS,ขย.9,NULL,ยาระบบการติดเชื้อ,,,ขวด,8033661806676,100,NULL,FALSE,FALSE,NULL,,,NULL,NULL,NULL,NULL,NULL,NULL,1,NULL
3428,1,100328,Esperson 5 g -SANOFI,DESOXIMETHASONE,STEROIDS,ขย.9,NULL,ยาระบบการติดเชื้อ,,,หลอด,8850886060207,100,NULL,FALSE,FALSE,NULL,,,NULL,NULL,NULL,NULL,NULL,NULL,1,NULL
3429,1,100329,Travocort cream 10 g-DKSH,ISOCONAZOLE + FLUCORTOLONE,ANTIFUNGALS,ขย.9,NULL,ยาระบบการติดเชื้อ,,,หลอด,5702191023497,100,NULL,FALSE,FALSE,NULL,,,NULL,NULL,NULL,NULL,NULL,NULL,1,NULL
3430,1,100330,Nyst oral  12 ml -CP,NYSTATIN,ANTIFUNGALS,ขย.9,NULL,ยาระบบการติดเชื้อ,,,ขวด,8858954802308,100,NULL,FALSE,FALSE,NULL,,,NULL,NULL,NULL,NULL,NULL,NULL,1,NULL
3431,1,100331,Dermovate scalp application 30 ml -gsk,CLOBETASONE,STEROIDS,ขย.9,NULL,ยาระบบการติดเชื้อ,,,ขวด,8851007134470,100,NULL,FALSE,FALSE,NULL,,,NULL,NULL,NULL,NULL,NULL,NULL,1,NULL
3432,1,100332,Funginox Solution 2% spray 25 ml,KETOCONAZOLE,ANTIFUNGALS,ขย.9,NULL,ยาระบบการติดเชื้อ,,,กล่อง,8858767410646,100,NULL,FALSE,FALSE,NULL,,,NULL,NULL,NULL,NULL,NULL,NULL,1,NULL
3433,1,100333,Nizorol cream 20 g,KETOCONAZOLE,ANTIFUNGALS,ขย.9,NULL,ยาระบบการติดเชื้อ,,,หลอด,8850583000087,100,NULL,FALSE,FALSE,NULL,,,NULL,NULL,NULL,NULL,NULL,NULL,1,NULL
3434,1,100334,nizoral cream  5g,KETOCONAZOLE,ANTIFUNGALS,ขย.9,NULL,ยาระบบการติดเชื้อ,,,หลอด,8850583000063,100,NULL,FALSE,FALSE,NULL,,,NULL,NULL,NULL,NULL,NULL,NULL,1,NULL
3435,1,100335,Kela lotion 60 ml -TO,TRIAMCINOLONE,STEROIDS,ขย.9,NULL,ยาระบบการติดเชื้อ,,,ขวด,8851881555408,100,NULL,FALSE,FALSE,NULL,,,NULL,NULL,NULL,NULL,NULL,NULL,1,NULL
3436,1,100336,Zema cream 15 g,CLOTRIMAZOLE,ANTIFUNGALS,ขย.9,NULL,ยาระบบการติดเชื้อ,,,หลอด,8858670600738,100,NULL,FALSE,FALSE,NULL,,,NULL,NULL,NULL,NULL,NULL,NULL,1,NULL
3437,1,100337,Zema cream  5 g,CLOTRIMAZOLE,ANTIFUNGALS,ขย.9,NULL,ยาระบบการติดเชื้อ,,,หลอด,8858670600141,100,NULL,FALSE,FALSE,NULL,,,NULL,NULL,NULL,NULL,NULL,NULL,1,NULL
3438,1,100338,zema lotion 30 ml,SALICYLIC ACID,ANTIFUNGALS,ขย.9,NULL,ยาระบบการติดเชื้อ,,,ขวด,8858670600752,100,NULL,FALSE,FALSE,NULL,,,NULL,NULL,NULL,NULL,NULL,NULL,1,NULL
3439,1,100339,Fango cream 15 g,CLOTRIMAZOLE,ANTIFUNGALS,ขย.9,NULL,ยาระบบการติดเชื้อ,,,หลอด,8853348003507,100,NULL,FALSE,FALSE,NULL,,,NULL,NULL,NULL,NULL,NULL,NULL,1,NULL
3440,1,100340,Canesten cream OD 10 g,BIFONAZOLE,ANTIFUNGALS,ขย.9,NULL,ยาระบบการติดเชื้อ,,,หลอด,8850172232509,100,NULL,FALSE,FALSE,NULL,,,NULL,NULL,NULL,NULL,NULL,NULL,1,NULL
3441,1,100341,Canesten Cream 10 g,CLOTRIMAZOLE,ANTIFUNGALS,ขย.9,NULL,ยาระบบการติดเชื้อ,,,หลอด,8850172230109,100,NULL,FALSE,FALSE,NULL,,,NULL,NULL,NULL,NULL,NULL,NULL,1,NULL
3442,1,100342,Lamazone cream 10g,CLOTRIMAZOLE,ANTIFUNGALS,ขย.9,NULL,ยาระบบการติดเชื้อ,,,หลอด,8855930000635,100,NULL,FALSE,FALSE,NULL,,,NULL,NULL,NULL,NULL,NULL,NULL,1,NULL
3443,1,100343,clotrimed lotion 1% 13ml,CLOTRIMAZOLE,ANTIFUNGALS,ขย.9,NULL,ยาระบบการติดเชื้อ,,,ขวด,8858698954103,100,NULL,FALSE,FALSE,NULL,,,NULL,NULL,NULL,NULL,NULL,NULL,1,NULL
3444,1,100344,TANOCS clotrimazole 15 ml,CLOTRIMAZOLE,ANTIFUNGALS,ขย.9,NULL,ยาระบบการติดเชื้อ,,,ขวด,100344,100,NULL,FALSE,FALSE,NULL,,,NULL,NULL,NULL,NULL,NULL,NULL,1,NULL
3445,1,100345,KELA lotion 30 ml -TO,TRIAMCINOLONE,STEROIDS,ขย.9,NULL,ยาระบบการติดเชื้อ,,,ขวด,8851881555378,100,NULL,FALSE,FALSE,NULL,,,NULL,NULL,NULL,NULL,NULL,NULL,1,NULL
3446,1,100346,T.V. Lone 30 ml-T.MAN,TRIAMCINOLONE,STEROIDS,ขย.9,NULL,ยาระบบการติดเชื้อ,,,ขวด,8856513001858,100,NULL,FALSE,FALSE,NULL,,,NULL,NULL,NULL,NULL,NULL,NULL,1,NULL
3447,1,100347,T.V.Lone 60 ml-T.MAN,TRIAMCINOLONE,STEROIDS,ขย.9,NULL,ยาระบบการติดเชื้อ,,,ขวด,8856513002206,100,NULL,FALSE,FALSE,NULL,,,NULL,NULL,NULL,NULL,NULL,NULL,1,NULL
3448,1,100348,Glucosa 500 กล่องส้ม 10x10 cap-Bangkok Lab,GLUCOSAMINE,AMINOGLYCOSIDES,ขย.9,NULL,ยาระบบกล้ามเนื้อ-ข้อต่อ,,,กล่อง,8853348005259,100,NULL,FALSE,FALSE,NULL,,,NULL,NULL,NULL,NULL,NULL,NULL,1,NULL
3449,1,100349,Athril Powder 3.95g/ซอง-TO,GLUCOSAMINE,AMINOGLYCOSIDES,ขย.9,NULL,ยาระบบกล้ามเนื้อ-ข้อต่อ,,,ซอง,100349,100,NULL,FALSE,FALSE,NULL,,,NULL,NULL,NULL,NULL,NULL,NULL,1,NULL
3450,1,100350,Millimed-Coxium Powder1500mg (ซอง),GLUCOSAMINE,AMINOGLYCOSIDES,ขย.9,NULL,ยาระบบกล้ามเนื้อ-ข้อต่อ,,,ซอง,8855459002967,100,NULL,FALSE,FALSE,NULL,,,NULL,NULL,NULL,NULL,NULL,NULL,1,NULL
3451,1,100351,Viartril-s powder 1500mg -MEDA,GLUCOSAMINE,AMINOGLYCOSIDES,ขย.9,NULL,ยาระบบกล้ามเนื้อ-ข้อต่อ,,,กล่อง,8019561081412,100,NULL,FALSE,FALSE,NULL,,,NULL,NULL,NULL,NULL,NULL,NULL,1,NULL
3452,1,100352,Caltrate plus 60 tab-gsk,CALCIUM CARBONATE,VITAMINS & MINERALS,ขย.9,NULL,ยาระบบกล้ามเนื้อ-ข้อต่อ,,,กล่อง,8851005163144,100,NULL,FALSE,FALSE,NULL,,,NULL,NULL,NULL,NULL,NULL,NULL,1,NULL
3453,1,100353,Z-BEC 60 tab-gsk,VITAMIN B COMPLEX+MINERAL,VITAMINS & MINERALS,ขย.9,NULL,ยาระบบกล้ามเนื้อ-ข้อต่อ,,,กล่อง,8851005166046,100,NULL,FALSE,FALSE,NULL,,,NULL,NULL,NULL,NULL,NULL,NULL,1,NULL
3454,1,100354,Subsyde-CR 10's,DICLOFENAC,NSAIDs,ขย.9,NULL,ยาระบบกล้ามเนื้อ-ข้อต่อ,,,แผง,8901401101292,100,NULL,FALSE,FALSE,NULL,,,NULL,NULL,NULL,NULL,NULL,NULL,1,NULL
3455,1,100355,Votaren SR 75 mg 10's,DICLOFENAC,NSAIDs,ขย.9,NULL,ยาระบบกล้ามเนื้อ-ข้อต่อ,,,แผง,8852364007209,100,NULL,FALSE,FALSE,NULL,,,NULL,NULL,NULL,NULL,NULL,NULL,1,NULL
3456,1,100356,Glucosa 1500 powder LEMON 10ซอง,GLUCOSAMINE,AMINOGLYCOSIDES,ขย.9,NULL,ยาระบบกล้ามเนื้อ-ข้อต่อ,,,กล่อง,8853348009837,100,NULL,FALSE,FALSE,NULL,,,NULL,NULL,NULL,NULL,NULL,NULL,1,NULL
3457,1,100357,Caltrate silver 50+ 60's อายุ 50 ปีขึ้นไป,CALCIUM CARBONATE,VITAMINS & MINERALS,ขย.9,NULL,ยาระบบกล้ามเนื้อ-ข้อต่อ,,,กล่อง,8851005400027,100,NULL,FALSE,FALSE,NULL,,,NULL,NULL,NULL,NULL,NULL,NULL,1,NULL
3458,1,100358,Bakamol 100 tab-Meddic Pharma,PARACETAMOL,NSAIDs,ขย.9,NULL,ยาระบบกล้ามเนื้อ-ข้อต่อ,,,กระปุก,8855451002958,100,NULL,FALSE,FALSE,NULL,,,NULL,NULL,NULL,NULL,NULL,NULL,1,NULL
3459,1,100359,Tylenol 500 mg  (100 เม็ด)-OLIC Limited,PARACETAMOL,NSAIDs,ขย.9,NULL,ยาระบบกล้ามเนื้อ-ข้อต่อ,,,กระปุก,8850007850496,100,NULL,FALSE,FALSE,NULL,,,NULL,NULL,NULL,NULL,NULL,NULL,1,NULL
3460,1,100360,SARA 100 เม็ดกลม -TNP,PARACETAMOL,NSAIDs,ขย.9,NULL,ยาระบบกล้ามเนื้อ-ข้อต่อ,,,กระปุก,8851473004338,100,NULL,FALSE,FALSE,NULL,,,NULL,NULL,NULL,NULL,NULL,NULL,1,NULL
3461,1,100361,MYMOL (100เม็ด/กระปุก)-B.P.O. (BURAPA),PARACETAMOL,NSAIDs,ขย.9,NULL,ยาระบบกล้ามเนื้อ-ข้อต่อ,,,กระปุก,8851467011205,100,NULL,FALSE,FALSE,NULL,,,NULL,NULL,NULL,NULL,NULL,NULL,1,NULL
3462,1,100362,MYMOL ฟ้า-ขาว(100เม็ด/กระปุก)-B.P.O. (BURAPA),PARACETAMOL,NSAIDs,ขย.9,NULL,ยาระบบกล้ามเนื้อ-ข้อต่อ,,,กระปุก,8851467011403,100,NULL,FALSE,FALSE,NULL,,,NULL,NULL,NULL,NULL,NULL,NULL,1,NULL
3463,1,100363,Cemol 100 tab -CPL,PARACETAMOL,NSAIDs,ขย.9,NULL,ยาระบบกล้ามเนื้อ-ข้อต่อ,,,กระปุก,8852978001150,100,NULL,FALSE,FALSE,NULL,,,NULL,NULL,NULL,NULL,NULL,NULL,1,NULL
3464,1,100364,SARA (100's) เม็ดรี -TNP,PARACETAMOL,NSAIDs,ขย.9,NULL,ยาระบบกล้ามเนื้อ-ข้อต่อ,,,กระปุก,8851473004345,100,NULL,FALSE,FALSE,NULL,,,NULL,NULL,NULL,NULL,NULL,NULL,1,NULL
3465,1,100365,PARA cap 100's,PARACETAMOL,NSAIDs,ขย.9,NULL,ยาระบบกล้ามเนื้อ-ข้อต่อ,,,กระปุก,8850921000083,100,NULL,FALSE,FALSE,NULL,,,NULL,NULL,NULL,NULL,NULL,NULL,1,NULL
3466,1,100366,Cemol white-blue 100 tab -CPL,PARACETAMOL,NSAIDs,ขย.9,NULL,ยาระบบกล้ามเนื้อ-ข้อต่อ,,,กระปุก,8852978008135,100,NULL,FALSE,FALSE,NULL,,,NULL,NULL,NULL,NULL,NULL,NULL,1,NULL
3467,1,100367,Calcium-D 60 cap - MEGA,CALCIUM+VITAMIN D,VITAMINS & MINERALS,ขย.9,NULL,ยาระบบกล้ามเนื้อ-ข้อต่อ,,,กระปุก,8850769012583,100,NULL,FALSE,FALSE,NULL,,,NULL,NULL,NULL,NULL,NULL,NULL,1,NULL
3468,1,100368,Caltab 1250 mg 10 tab - millimed,CALCIUM CARBONATE,VITAMINS & MINERALS,ขย.9,NULL,ยาระบบกล้ามเนื้อ-ข้อต่อ,,,แผง,8855459009669,100,NULL,FALSE,FALSE,NULL,,,0,0,0,0,0,0,,/uploads/100368_1.jpg
3469,1,100369,Veenac 25  10 tab -Medicine products,DICLOFENAC,NSAIDs,ขย.9,NULL,ยาระบบกล้ามเนื้อ-ข้อต่อ,,,แผง,8858698940335,100,NULL,FALSE,FALSE,NULL,,,NULL,NULL,NULL,NULL,NULL,NULL,1,NULL
3470,1,100370,vesconac 25  แบ่งขาย 10 tab-Vesco,DICLOFENAC,NSAIDs,ขย.9,NULL,ยาระบบกล้ามเนื้อ-ข้อต่อ,,,ซอง,8858252000345,100,NULL,FALSE,FALSE,NULL,,,NULL,NULL,NULL,NULL,NULL,NULL,1,NULL
3471,1,100371,Veenac 50 mg 10 tab -Medicine products,DICLOFENAC,NSAIDs,ขย.9,NULL,ยาระบบกล้ามเนื้อ-ข้อต่อ,,,แผง,8858698940342,100,NULL,FALSE,FALSE,NULL,,,NULL,NULL,NULL,NULL,NULL,NULL,1,NULL
3472,1,100372,Vesconac 50  แบ่งขาย 10 tab-Vesco,DICLOFENAC,NSAIDs,ขย.9,NULL,ยาระบบกล้ามเนื้อ-ข้อต่อ,,,ซอง,8858252000369,100,NULL,FALSE,FALSE,NULL,,,NULL,NULL,NULL,NULL,NULL,NULL,1,NULL
3473,1,100373,Lesflam 50 mg 10 tab-Medline,DICLOFENAC POTASSIUM,NSAIDs,ขย.9,NULL,ยาระบบกล้ามเนื้อ-ข้อต่อ,,,แผง,8853935003590,100,NULL,FALSE,FALSE,NULL,,,NULL,NULL,NULL,NULL,NULL,NULL,1,NULL
3474,1,100374,N-zen 50 mg 10 tab-TCP,DICLOFENAC,NSAIDs,ขย.9,NULL,ยาระบบกล้ามเนื้อ-ข้อต่อ,,,แผง,8855107000697,100,NULL,FALSE,FALSE,NULL,,,NULL,NULL,NULL,NULL,NULL,NULL,1,NULL
3475,1,100375,Difelene 50 mg กล่องแดง 10 tab -TNP,DICLOFENAC,NSAIDs,ขย.9,NULL,ยาระบบกล้ามเนื้อ-ข้อต่อ,,,แผง/กล่อง,8851473005526,100,NULL,FALSE,FALSE,NULL,,,NULL,NULL,NULL,NULL,NULL,NULL,1,NULL
3476,1,100376,Difelene 25 mg กล่องสีฟ้า 10 tab-TNP,DICLOFENAC,NSAIDs,ขย.9,NULL,ยาระบบกล้ามเนื้อ-ข้อต่อ,,,แผง/กล่อง,8851473005045,100,NULL,FALSE,FALSE,NULL,,,NULL,NULL,NULL,NULL,NULL,NULL,1,NULL
3477,1,100377,Sonap 275 mg 10 tab-SPS,NAPROXEN SODIUM,NSAIDs,ขย.9,NULL,ยาระบบกล้ามเนื้อ-ข้อต่อ,,,แผง,8850239003776,100,NULL,FALSE,FALSE,NULL,,,NULL,NULL,NULL,NULL,NULL,NULL,1,NULL
3478,1,100378,Soproxen (275 mg) 10 tab-Berlin,NAPROXEN SODIUM,NSAIDs,ขย.9,NULL,ยาระบบกล้ามเนื้อ-ข้อต่อ,,,แผง,8852616500250,100,NULL,FALSE,FALSE,NULL,,,NULL,NULL,NULL,NULL,NULL,NULL,1,NULL
3479,1,100379,Sonap forte (550 mg) 1x10-SPS,NAPROXEN SODIUM,NSAIDs,ขย.9,NULL,ยาระบบกล้ามเนื้อ-ข้อต่อ,,,แผง/กล่อง,8850239005602,100,NULL,FALSE,FALSE,NULL,,,NULL,NULL,NULL,NULL,NULL,NULL,1,NULL
3480,1,100380,Neotica 20mg 10 cap-TNP,PIROXICAM,NSAIDs,ขย.9,NULL,ยาระบบกล้ามเนื้อ-ข้อต่อ,,,แผง/กล่อง,8851473005021,100,NULL,FALSE,FALSE,NULL,,,NULL,NULL,NULL,NULL,NULL,NULL,1,NULL
3481,1,100381,Piroxicam 20 mg  10 tab-Rx,PIROXICAM,NSAIDs,ขย.9,NULL,ยาระบบกล้ามเนื้อ-ข้อต่อ,,,แผง,8853144321041,100,NULL,FALSE,FALSE,NULL,,,NULL,NULL,NULL,NULL,NULL,NULL,1,NULL
3482,1,100382,Carpirox 20 *10 cap-Chankit trading,PIROXICAM,NSAIDs,ขย.9,NULL,ยาระบบกล้ามเนื้อ-ข้อต่อ,,,แผง/กล่อง,8851048990202,100,NULL,FALSE,FALSE,NULL,,,NULL,NULL,NULL,NULL,NULL,NULL,1,NULL
3483,1,100383,Capirox-10 *10 cap-Chankit trading,PIROXICAM,NSAIDs,ขย.9,NULL,ยาระบบกล้ามเนื้อ-ข้อต่อ,,,แผง/กล่อง,8851048990103,100,NULL,FALSE,FALSE,NULL,,,NULL,NULL,NULL,NULL,NULL,NULL,1,NULL
3484,1,100384,POX 109 10 cap-H.K.,PIROXICAM,NSAIDs,ขย.9,NULL,ยาระบบกล้ามเนื้อ-ข้อต่อ,,,แผง/กล่อง,8857121139025,100,NULL,FALSE,FALSE,NULL,,,NULL,NULL,NULL,NULL,NULL,NULL,1,NULL
3485,1,100385,Pircam 20 mg 10 cap,PIROXICAM,NSAIDs,ขย.9,NULL,ยาระบบกล้ามเนื้อ-ข้อต่อ,,,แผง/กล่อง,8855930000116,100,NULL,FALSE,FALSE,NULL,,,NULL,NULL,NULL,NULL,NULL,NULL,1,NULL
3486,1,100386,Melobic 7.5 mg 10 tab-TO,MELOXICAM,NSAIDs,ขย.9,NULL,ยาระบบกล้ามเนื้อ-ข้อต่อ,,,แผง,8851881023105,100,NULL,FALSE,FALSE,NULL,,,NULL,NULL,NULL,NULL,NULL,NULL,1,NULL
3487,1,100387,Noxa 20 mg 10 cap-Krungdheb,PIROXICAM,NSAIDs,ขย.9,NULL,ยาระบบกล้ามเนื้อ-ข้อต่อ,,,แผง/กล่อง,8858293000106,100,NULL,FALSE,FALSE,NULL,,,NULL,NULL,NULL,NULL,NULL,NULL,1,NULL
3488,1,100388,ทัมใจ  ยกกล่อง 100 ซอง,ASPIRIN,NSAIDs,ขย.9,NULL,ยาระบบกล้ามเนื้อ-ข้อต่อ,,,กล่อง,8851123111089,100,NULL,FALSE,FALSE,NULL,,,NULL,NULL,NULL,NULL,NULL,NULL,1,NULL
3489,1,100389,ทัมใจ ตรากิเลน 0.87 กรัม,ASPIRIN,NSAIDs,ขย.9,NULL,ยาระบบกล้ามเนื้อ-ข้อต่อ,,,ซอง,0,100,NULL,FALSE,FALSE,NULL,,,NULL,NULL,NULL,NULL,NULL,NULL,1,NULL
3490,1,100390,Solufen 400 mg 10 Softgel-berlin,IBUPROFEN,NSAIDs,ขย.9,NULL,ยาระบบกล้ามเนื้อ-ข้อต่อ,,,แผง/กล่อง,8852616500335,100,NULL,FALSE,FALSE,NULL,,,NULL,NULL,NULL,NULL,NULL,NULL,1,NULL
3491,1,100391,ibucap 400mg 10 softgel -Millimed,IBUPROFEN,NSAIDs,ขย.9,NULL,ยาระบบกล้ามเนื้อ-ข้อต่อ,,,แผง/กล่อง,8855459008396,100,NULL,FALSE,FALSE,NULL,,,NULL,NULL,NULL,NULL,NULL,NULL,1,NULL
3492,1,100392,Gofen 400 mg 10cap-MEGA,IBUPROFEN,NSAIDs,ขย.9,NULL,ยาระบบกล้ามเนื้อ-ข้อต่อ,,,แผง/กล่อง,8850769021097,100,NULL,FALSE,FALSE,NULL,,,NULL,NULL,NULL,NULL,NULL,NULL,1,NULL
3493,1,100393,Zobrex 200 mg 10 cap-Macrophar,CELECOXIB,NSAIDs,ขย.9,NULL,ยาระบบกล้ามเนื้อ-ข้อต่อ,,,แผง/กล่อง,8853466000129,100,NULL,FALSE,FALSE,NULL,,,NULL,NULL,NULL,NULL,NULL,NULL,1,NULL
3494,1,100394,Torcozia 90 mg 10tab,ETORICOXIB,NSAIDs,ขย.9,NULL,ยาระบบกล้ามเนื้อ-ข้อต่อ,,,แผง/กล่อง,8853144325315,100,NULL,FALSE,FALSE,NULL,,,NULL,NULL,NULL,NULL,NULL,NULL,1,NULL
3495,1,100395,Biocoxib 90 mg  5 tab-Biopharn,ETORICOXIB,NSAIDs,ขย.9,NULL,ยาระบบกล้ามเนื้อ-ข้อต่อ,,,แผง,8852662001930,100,NULL,FALSE,FALSE,NULL,,,NULL,NULL,NULL,NULL,NULL,NULL,1,NULL
3496,1,100396,Biocoxib 120mg 5 tab-Biopharn,ETORICOXIB,NSAIDs,ขย.9,NULL,ยาระบบกล้ามเนื้อ-ข้อต่อ,,,แผง,8852662002012,100,NULL,FALSE,FALSE,NULL,,,NULL,NULL,NULL,NULL,NULL,NULL,1,NULL
3497,1,100397,JAPROLOX 60mg 20tab-Daiichi sankyo,LOXOPROFEN,NSAIDs,ขย.9,NULL,ยาระบบกล้ามเนื้อ-ข้อต่อ,,,กล่อง,8858690800408,100,NULL,FALSE,FALSE,NULL,,,NULL,NULL,NULL,NULL,NULL,NULL,1,NULL
3498,1,100398,Arcoxia 60 mg 5 tab-MSD,ETORICOXIB,NSAIDs,ขย.9,NULL,ยาระบบกล้ามเนื้อ-ข้อต่อ,,,แผง,402,100,NULL,FALSE,FALSE,NULL,,,NULL,NULL,NULL,NULL,NULL,NULL,1,NULL
3499,1,100399,Arcoxia 90 mg 5 tab-MSD,ETORICOXIB,NSAIDs,ขย.9,NULL,ยาระบบกล้ามเนื้อ-ข้อต่อ,,,แผง,403,100,NULL,FALSE,FALSE,NULL,,,NULL,NULL,NULL,NULL,NULL,NULL,1,NULL
3500,1,100400,Arcoxia 120 mg 5 tab-MSD,ETORICOXIB,NSAIDs,ขย.9,NULL,ยาระบบกล้ามเนื้อ-ข้อต่อ,,,แผง,404,100,NULL,FALSE,FALSE,NULL,,,NULL,NULL,NULL,NULL,NULL,NULL,1,NULL
3501,1,100401,BAKAMOL 500 mg (10เม็ด),PARACETAMOL,NSAIDs,ขย.9,NULL,ยาระบบกล้ามเนื้อ-ข้อต่อ,,,แผง,8855451003306,100,NULL,FALSE,FALSE,NULL,,,12,NULL,NULL,NULL,NULL,NULL,1,NULL
3502,1,100402,PARACAP 500 mg (10 เม็ด),PARACETAMOL,NSAIDs,ขย.9,NULL,ยาระบบกล้ามเนื้อ-ข้อต่อ,,,แผง,8850921009147,100,NULL,FALSE,FALSE,NULL,,,NULL,NULL,NULL,NULL,NULL,NULL,1,NULL
3503,1,100403,SARA 500 mg เม็ด รี 10 เม็ด,PARACETAMOL,NSAIDs,ขย.9,NULL,ยาระบบกล้ามเนื้อ-ข้อต่อ,,,แผง,8851473006233,100,NULL,FALSE,FALSE,NULL,,,NULL,NULL,NULL,NULL,NULL,NULL,1,NULL
3504,1,100404,SARA 500mg เม็ด กลม 10 เม็ด,PARACETAMOL,NSAIDs,ขย.9,NULL,ยาระบบกล้ามเนื้อ-ข้อต่อ,,,แผง,8851473001443,100,NULL,FALSE,FALSE,NULL,,,14,NULL,NULL,NULL,NULL,NULL,1,NULL
3505,1,100405,Tylenol 500 mg (10 เม็ด),PARACETAMOL,NSAIDs,ขย.9,NULL,ยาระบบกล้ามเนื้อ-ข้อต่อ,,,แผง,8850007850229,100,NULL,FALSE,FALSE,NULL,,,NULL,NULL,NULL,NULL,NULL,NULL,1,NULL
3506,1,100406,Probufen 600 mg  10 tab,IBUPROFEN,NSAIDs,ขย.9,NULL,ยาระบบกล้ามเนื้อ-ข้อต่อ,,,แผง,8859441342642,100,NULL,FALSE,FALSE,NULL,,,NULL,NULL,NULL,NULL,NULL,NULL,1,NULL
3507,1,100407,CEFEN 400 mg 10 tab-CPL,IBUPROFEN,NSAIDs,ขย.9,NULL,ยาระบบกล้ามเนื้อ-ข้อต่อ,,,แผง,8852978001068,100,NULL,FALSE,FALSE,NULL,,,NULL,NULL,NULL,NULL,NULL,NULL,1,NULL
3508,1,100408,Nurofen 400 mg  6 tab,IBUPROFEN,NSAIDs,ขย.9,NULL,ยาระบบกล้ามเนื้อ-ข้อต่อ,,,แผง,8851198310486,100,NULL,FALSE,FALSE,NULL,,,NULL,NULL,NULL,NULL,NULL,NULL,1,NULL
3509,1,100409,ibuman-plus 10 tab-T.MAN pharma,PARACETAMOL+IBUPROFEN,NSAIDs,ขย.9,NULL,ยาระบบกล้ามเนื้อ-ข้อต่อ,,,แผง,8856513003586,100,NULL,FALSE,FALSE,NULL,,,NULL,NULL,NULL,NULL,NULL,NULL,1,NULL
3510,1,100410,COLY 500 mg 10 tab -Px Chumchon,MEFENAMIC ACID,NSAIDs,ขย.9,NULL,ยาระบบกล้ามเนื้อ-ข้อต่อ,,,แผง,8853144313831,100,NULL,FALSE,FALSE,NULL,,,NULL,NULL,NULL,NULL,NULL,NULL,1,NULL
3511,1,100411,Fespa 500 mg 10tab-TNP,MEFENAMIC ACID,NSAIDs,ขย.9,NULL,ยาระบบกล้ามเนื้อ-ข้อต่อ,,,แผง/กล่อง,8851473005724,100,NULL,FALSE,FALSE,NULL,,,NULL,NULL,NULL,NULL,NULL,NULL,1,NULL
3512,1,100412,Spamus 50 mg 10tab-T.MAN,TOLPERISONE,MUSCLE RELAXANTS,ขย.9,NULL,ยาระบบกล้ามเนื้อ-ข้อต่อ,,,แผง,8856513001865,100,NULL,FALSE,FALSE,NULL,,,NULL,NULL,NULL,NULL,NULL,NULL,1,NULL
3513,1,100413,Biocalm 50 mg 10 tab-Biopharm,TOLPERISONE,MUSCLE RELAXANTS,ขย.9,NULL,ยาระบบกล้ามเนื้อ-ข้อต่อ,,,แผง,8852662001688,100,NULL,FALSE,FALSE,NULL,,,NULL,NULL,NULL,NULL,NULL,NULL,1,NULL
3514,1,100414,Myonal 50 mg 10 tab-Eisai,TOLPERISONE,MUSCLE RELAXANTS,ขย.9,NULL,ยาระบบกล้ามเนื้อ-ข้อต่อ,,,แผง,8858682900079,100,NULL,FALSE,FALSE,NULL,,,NULL,NULL,NULL,NULL,NULL,NULL,1,NULL
3515,1,100415,Reparil Dragees 20mg 10tab-Meda,AESCIN,ANTI-INFLAMMATORY ENZYMES,ขย.9,NULL,ยาระบบกล้ามเนื้อ-ข้อต่อ,,,แผง,8858972282380,100,NULL,FALSE,FALSE,NULL,,,NULL,NULL,NULL,NULL,NULL,NULL,1,NULL
3516,1,100416,Reparil gel N 10 g-MEDA,AESCIN,ANTI-INFLAMMATORY ENZYMES,ขย.9,NULL,ยาระบบกล้ามเนื้อ-ข้อต่อ,,,หลอด,4019338607535,100,NULL,FALSE,FALSE,NULL,,,0,0,0,0,0,0,,/uploads/100416_1.jpg
3517,1,100417,Leftose 30 mg 10's -Kenyaku,LYSOZYME HCL,ANTI-INFLAMMATORY ENZYMES,ขย.9,NULL,ยาระบบกล้ามเนื้อ-ข้อต่อ,,,แผง,8858722911799,100,NULL,FALSE,FALSE,NULL,,,NULL,NULL,NULL,NULL,NULL,NULL,1,NULL
3518,1,100418,PROCTASE-P 10 cap-Meiji,PROCTASE,ANTI-INFLAMMATORY ENZYMES,ขย.9,NULL,ยาระบบกล้ามเนื้อ-ข้อต่อ,,,แผง,8854221006561,100,NULL,FALSE,FALSE,NULL,,,NULL,NULL,NULL,NULL,NULL,NULL,1,NULL
3519,1,100419,ORANO 10 tab-Unison,PARACETAMOL + ORPHENADRINE,NSAIDs,ขย.9,NULL,ยาระบบกล้ามเนื้อ-ข้อต่อ,,,แผง,8853935007314,100,NULL,FALSE,FALSE,NULL,,,NULL,NULL,NULL,NULL,NULL,NULL,1,NULL
3520,1,100420,Myopas สูตร norgisic 10 tab-T.MAN,PARACETAMOL + ORPHENADRINE,NSAIDs,ขย.9,NULL,ยาระบบกล้ามเนื้อ-ข้อต่อ,,,แผง,9988770001771,100,NULL,FALSE,FALSE,NULL,,,NULL,NULL,NULL,NULL,NULL,NULL,1,NULL
3521,1,100421,Torrent 10 tab,PARACETAMOL + ORPHENADRINE,NSAIDs,ขย.9,NULL,ยาระบบกล้ามเนื้อ-ข้อต่อ,,,แผง/กล่อง,8851473005014,100,NULL,FALSE,FALSE,NULL,,,NULL,NULL,NULL,NULL,NULL,NULL,1,NULL
3522,1,100422,Norgisic 20 tab,PARACETAMOL + ORPHENADRINE,NSAIDs,ขย.9,NULL,ยาระบบกล้ามเนื้อ-ข้อต่อ,,,กล่อง,9314057023235,100,NULL,FALSE,FALSE,NULL,,,0,0,0,0,0,0,,/uploads/100422_1.jpg
3523,1,100423,Guttru Dual 10ml,SODIUM ALGINATE+BICARBONARE+CARBONATE,ANTIACIDS,ขย.9,NULL,ยาทางเดินอาหาร,,,ซอง,8851473010056,100,NULL,FALSE,FALSE,NULL,,,0,0,0,0,0,0,,/uploads/100423_1.jpg
3524,1,100424,Gaviscon Dual action 10 ml ซองสีชมพู,SODIUM ALGINATE+BICARBONARE+CARBONATE,ANTIACIDS,ขย.9,NULL,ยาทางเดินอาหาร,,,ซอง,96060063,100,NULL,FALSE,FALSE,NULL,,,NULL,NULL,NULL,NULL,NULL,NULL,1,NULL
3525,1,100425,Amogin-gel  15 ml,ALUMINIUM+MAGNESIUM OH+SIMETHICONE,ANTIACIDS,ขย.9,NULL,ยาทางเดินอาหาร,,,ซอง,8855459006330,100,NULL,FALSE,FALSE,NULL,,,NULL,NULL,NULL,NULL,NULL,NULL,1,NULL
3526,1,100426,Gaviscon suspension 10 ml ซองฟ้า,SODIUM ALGINATE+CARBONATE,ANTIACIDS,ขย.9,NULL,ยาทางเดินอาหาร,,,ซอง,50230112,100,NULL,FALSE,FALSE,NULL,,,NULL,NULL,NULL,NULL,NULL,NULL,1,NULL
3527,1,100427,Ulgastrin 42 tab-greater pharma,GLYCYRRHIZINE SICCUM+ALUMINIUM+BISMUSMUTH+SODIUM SULPHATE,ANTIACIDS,ขย.9,NULL,ยาทางเดินอาหาร,,,กระปุก,8854642001251,100,NULL,FALSE,FALSE,NULL,,,NULL,NULL,NULL,NULL,NULL,NULL,1,NULL
3528,1,100428,Magesto-F 3 layers 100's,CALCIUM CARBONATE,ANTIACIDS,ขย.9,NULL,ยาทางเดินอาหาร,,,กระปุก,8859203000117,100,NULL,FALSE,FALSE,NULL,,,NULL,NULL,NULL,NULL,NULL,NULL,1,NULL
3529,1,100429,Ulcefate suspension 60 ml,SUCRALFATE,ANTIACIDS,ขย.9,NULL,ยาทางเดินอาหาร,,,กระปุก,8852738010910,100,NULL,FALSE,FALSE,NULL,,,NULL,NULL,NULL,NULL,NULL,NULL,1,NULL
3530,1,100430,BELCID SUSPENSION 240 ML สีเขียว,ALUMINIUM+MAGNESIUM OH+SIMETHICONE,ANTIACIDS,ขย.9,NULL,ยาทางเดินอาหาร,,,ขวด,8852662200005,100,NULL,FALSE,FALSE,NULL,,,NULL,NULL,NULL,NULL,NULL,NULL,1,NULL
3531,1,100431,Antacil GEL 240 ML,ALUMINIUM+MAGNESIUM OH+SIMETHICONE,ANTIACIDS,ขย.9,NULL,ยาทางเดินอาหาร,,,ขวด,8851473000019,100,NULL,FALSE,FALSE,NULL,,,NULL,NULL,NULL,NULL,NULL,NULL,1,NULL
3532,1,100432,BOWA GEL 240 ML,ALUMINIUM+MAGNESIUM OH+SIMETHICONE,ANTIACIDS,ขย.9,NULL,ยาทางเดินอาหาร,,,ขวด,8851473001818,100,NULL,FALSE,FALSE,NULL,,,NULL,NULL,NULL,NULL,NULL,NULL,1,NULL
3533,1,100433,Belcid  forte 240 ml สีน้ำเงิน ***ขับลม,ALUMINIUM+MAGNESIUM OH+SIMETHICONE,ANTIDIARRHOEALS,ขย.9,NULL,ยาทางเดินอาหาร,,,ขวด,8852662200364,100,NULL,FALSE,FALSE,NULL,,,55,NULL,NULL,NULL,NULL,NULL,1,NULL
3534,1,100434,ZIGA Gel 240 ml,ALUMINIUM+MAGNESIUM OH+SIMETHICONE,ANTIACIDS,ขย.9,NULL,ยาทางเดินอาหาร,,,ขวด,8853348009967,100,NULL,FALSE,FALSE,NULL,,,NULL,NULL,NULL,NULL,NULL,NULL,1,NULL
3535,1,100435,AMOGIN-Gel 240 ML,ALUMINIUM+MAGNESIUM OH+SIMETHICONE,ANTIACIDS,ขย.9,NULL,ยาทางเดินอาหาร,,,ขวด,8855459005074,100,NULL,FALSE,FALSE,NULL,,,NULL,NULL,NULL,NULL,NULL,NULL,1,NULL
3536,1,100436,MAALOX I ALUM MILK 240 ML,ALUMINIUM HYDROXIDE+MAGNESIUM HYDROXIDE,ANTIACIDS,ขย.9,NULL,ยาทางเดินอาหาร,,,ขวด,8850886056125,100,NULL,FALSE,FALSE,NULL,,,NULL,NULL,NULL,NULL,NULL,NULL,1,NULL
3537,1,100437,Guttru Dual 150 ml ขวดสีส้ม,ACETYLCYSTEINE,ANTIDIARRHOEALS,ขย.9,NULL,ยาทางเดินอาหาร,,,ขวด,8851473010049,100,NULL,FALSE,FALSE,NULL,,,295,NULL,NULL,NULL,NULL,NULL,1,NULL
3538,1,100438,GAVISCON suspension 150ml ขวดฟ้า,SODIUM ALGINATE+BICARBONARE+CARBONATE,ANTIACIDS,ขย.9,NULL,ยาทางเดินอาหาร,,,ขวด,5000158066908,100,NULL,FALSE,FALSE,NULL,,,NULL,NULL,NULL,NULL,NULL,NULL,1,NULL
3539,1,100439,GAVISCON DUAL 150ml ขวดชมพู,SODIUM ALGINATE+BICARBONARE+CARBONATE,ANTIACIDS,ขย.9,NULL,ยาทางเดินอาหาร,,,ขวด,5000158068292,100,NULL,FALSE,FALSE,NULL,,,NULL,NULL,NULL,NULL,NULL,NULL,1,NULL
3540,1,100440,ยาธาตุน้ำขาว 200 ml (ไทยนคร),SALOL + MENTHOL,ANTIACIDS,ขย.9,NULL,ยาทางเดินอาหาร,,,ขวด,8851473004475,100,NULL,FALSE,FALSE,NULL,,,NULL,NULL,NULL,NULL,NULL,NULL,1,NULL
3541,1,100441,ธาตุน้ำขาวตรากระต่ายบินเล็ก 50 ml,SALOL + MENTHOL,ANTIACIDS,ขย.9,NULL,ยาทางเดินอาหาร,,,ขวด,8851847000010,100,NULL,FALSE,FALSE,NULL,,,0,0,0,0,0,0,,/uploads/100441_1.jpg
3542,1,100442,ธาตุน้ำขาวตรากระต่ายบิน 200 ml,SALOL + MENTHOL,ANTIACIDS,ขย.9,NULL,ยาทางเดินอาหาร,,,ขวด,8851847000904,100,NULL,FALSE,FALSE,NULL,,,NULL,NULL,NULL,NULL,NULL,NULL,1,NULL
3543,1,100443,ยาธาตุน้ำขาว สหการ 200 ml,SALOL + MENTHOL,ANTIACIDS,ขย.9,NULL,ยาทางเดินอาหาร,,,ขวด,8853428003199,100,NULL,FALSE,FALSE,NULL,,,NULL,NULL,NULL,NULL,NULL,NULL,1,NULL
3544,1,100444,diasgest tablets 10's,ALUMINIUM HYDROXIDE+MAGNESIUM HYDROXIDE,DIGESTIVE ENZYMES/DIGESTIVES,ขย.9,NULL,ยาทางเดินอาหาร,,,แผง,8852738020094,100,NULL,FALSE,FALSE,NULL,,,NULL,NULL,NULL,NULL,NULL,NULL,1,NULL
3545,1,100445,Combizym tablet 10's,PANCREATIN,DIGESTIVE ENZYMES/DIGESTIVES,ขย.9,NULL,ยาทางเดินอาหาร,,,แผง,8851743000138,100,NULL,FALSE,FALSE,NULL,,,NULL,NULL,NULL,NULL,NULL,NULL,1,NULL
3546,1,100446,Gaszym 10's,SIMETHICONE+PANCREATIN,DIGESTIVE ENZYMES/DIGESTIVES,ขย.9,NULL,ยาทางเดินอาหาร,,,แผง,8901296058534,100,NULL,FALSE,FALSE,NULL,,,NULL,NULL,NULL,NULL,NULL,NULL,1,NULL
3547,1,100447,MEGA AVARIN 10's,SIMETHICONE+ALVERINE CITRATE,DIGESTIVE ENZYMES/DIGESTIVES,ขย.9,NULL,ยาทางเดินอาหาร,,,แผง/กล่อง,8850769021110,100,NULL,FALSE,FALSE,NULL,,,NULL,NULL,NULL,NULL,NULL,NULL,1,NULL
3548,1,100448,PUdin HAra 10's,CARMINATIVE+ANTIFLATULENCE,DIGESTIVE ENZYMES/DIGESTIVES,ขย.9,NULL,ยาทางเดินอาหาร,,,แผง,8901207006975,100,NULL,FALSE,FALSE,NULL,,,NULL,NULL,NULL,NULL,NULL,NULL,1,NULL
3549,1,100449,Belfesh Mint Balls (BIOPHARM) 10 balls,CARMINATIVE+ANTIFLATULENCE,DIGESTIVE ENZYMES/DIGESTIVES,ขย.9,NULL,ยาทางเดินอาหาร,,,แผง,8857200485920,100,NULL,FALSE,FALSE,NULL,,,NULL,NULL,NULL,NULL,NULL,NULL,1,NULL
3550,1,100450,KREMIL_S สีส้ม 10's,ALUMINIUM+MAGNESIUM OH+SIMETHICONE+DICYCLOMINE HCL,ANTIACIDS,ขย.9,NULL,ยาทางเดินอาหาร,,,แผง,8851824662095,100,NULL,FALSE,FALSE,NULL,,,NULL,NULL,NULL,NULL,NULL,NULL,1,NULL
3551,1,100451,Berclomin tab 10's,DICYCLOMINE+SIMETHICONE,ANTISPASMODICS,ขย.9,NULL,ยาทางเดินอาหาร,,,แผง,8852645106041,100,NULL,FALSE,FALSE,NULL,,,NULL,NULL,NULL,NULL,NULL,NULL,1,NULL
3552,1,100452,Pro ABS tablet 10's,ACTIVATED CHARCOAL+MAGNESIUM+BELLADONNA+PEPERMINT OIL,ANTISPASMODICS,ขย.9,NULL,ยาทางเดินอาหาร,,,แผง,8858698940212,100,NULL,FALSE,FALSE,NULL,,,NULL,NULL,NULL,NULL,NULL,NULL,1,NULL
3553,1,100453,SULCAIN tablets 10's,SULCAIN+MAGCERIN,DIGESTIVE ENZYMES/DIGESTIVES,ขย.9,NULL,ยาทางเดินอาหาร,,,แผง,8858722911782,100,NULL,FALSE,FALSE,NULL,,,NULL,NULL,NULL,NULL,NULL,NULL,1,NULL
3554,1,100454,Dioxzye 80 mg (10 tab) รสมิ้น,SIMETHICONE,ANTIFLATULANCES,ขย.9,NULL,ยาทางเดินอาหาร,,,แผง,8851473008749,100,NULL,FALSE,FALSE,NULL,,,NULL,NULL,NULL,NULL,NULL,NULL,1,NULL
3555,1,100455,Dioxzye 80 mg (10 tab) รสส้ม,SIMETHICONE,ANTIFLATULANCES,ขย.9,NULL,ยาทางเดินอาหาร,,,แผง,8851473008756,100,NULL,FALSE,FALSE,NULL,,,NULL,NULL,NULL,NULL,NULL,NULL,1,NULL
3556,1,100456,AIR-X ส้ม 10's,SIMETHICONE,ANTIFLATULANCES,ขย.9,NULL,ยาทางเดินอาหาร,,,แผง,8852673000205,100,NULL,FALSE,FALSE,NULL,,,NULL,NULL,NULL,NULL,NULL,NULL,1,NULL
3557,1,100457,AIR-X มะนาว 10's,SIMETHICONE,ANTIFLATULANCES,ขย.9,NULL,ยาทางเดินอาหาร,,,แผง,8852673000359,100,NULL,FALSE,FALSE,NULL,,,NULL,NULL,NULL,NULL,NULL,NULL,1,NULL
3558,1,100458,AIR-X มิ้น 10's,SIMETHICONE,ANTIFLATULANCES,ขย.9,NULL,ยาทางเดินอาหาร,,,แผง,8852673000144,100,NULL,FALSE,FALSE,NULL,,,19,NULL,NULL,NULL,NULL,NULL,1,NULL
3559,1,100459,air-x 120  10's,SIMETHICONE,ANTIFLATULANCES,ขย.9,NULL,ยาทางเดินอาหาร,,,แผง,8852673004517,100,NULL,FALSE,FALSE,NULL,,,NULL,NULL,NULL,NULL,NULL,NULL,1,NULL
3560,1,100460,ANTACIL TAB 10's,ALUMINIUM HYDROXIDE+MAGNESIUM HYDROXIDE,ANTIACIDS,ขย.9,NULL,ยาทางเดินอาหาร,,,แผง,8851473008732,100,NULL,FALSE,FALSE,NULL,,,NULL,NULL,NULL,NULL,NULL,NULL,1,NULL
3561,1,100461,ENO รสมะนาว (4.3g),ACETYLCYSTEINE,ANTIDIARRHOEALS,ขย.9,NULL,ยาทางเดินอาหาร,,,ซอง,8850615100150,100,NULL,FALSE,FALSE,NULL,,,15,NULL,NULL,NULL,NULL,NULL,1,NULL
3562,1,100462,ENO รสส้ม (4.3g),ACETYLCYSTEINE,ANTIDIARRHOEALS,ขย.9,NULL,ยาทางเดินอาหาร,,,ซอง,8850615100129,100,NULL,FALSE,FALSE,NULL,,,15,NULL,NULL,NULL,NULL,NULL,1,NULL
3563,1,100463,Miracid 20 mg 10 cap,OMEPRAZOLE,ANTIACID,ขย.9,NULL,ยาทางเดินอาหาร,,,แผง,8852616200853,100,NULL,FALSE,FALSE,NULL,,,NULL,NULL,NULL,NULL,NULL,NULL,1,NULL
3564,1,100464,MIRACID 20 mg 14'cap,OMEPRAZOLE,ANTIACID,ขย.9,NULL,ยาทางเดินอาหาร,,,กล่อง,8852616200433,100,NULL,FALSE,FALSE,NULL,,,NULL,NULL,NULL,NULL,NULL,NULL,1,NULL
3565,1,100465,Omesan 20 mg 10'cap,OMEPRAZOLE,ANTIACID,ขย.9,NULL,ยาทางเดินอาหาร,,,แผง,8859045320879,100,NULL,FALSE,FALSE,NULL,,,NULL,NULL,NULL,NULL,NULL,NULL,1,NULL
3566,1,100466,Omesec 20 mg 2X7 capsules,OMEPRAZOLE,ANTIACIDS,ขย.9,NULL,ยาทางเดินอาหาร,,,แผง/กล่อง,8853428001454,100,NULL,FALSE,FALSE,NULL,,,NULL,NULL,NULL,NULL,NULL,NULL,1,NULL
3567,1,100467,GPO omeprazole 20 mg 10'cap,OMEPRAZOLE,ANTIACIDS,ขย.9,NULL,ยาทางเดินอาหาร,,,แผง,8850678024516,100,NULL,FALSE,FALSE,NULL,,,NULL,NULL,NULL,NULL,NULL,NULL,1,NULL
3568,1,100468,ULSAMET 400 mg 10's,CIMETIDINE,Upper/Lower GI,ขย.9,NULL,ยาทางเดินอาหาร,,,แผง,8851467024113,100,NULL,FALSE,FALSE,NULL,,,NULL,NULL,NULL,NULL,NULL,NULL,1,NULL
3569,1,100469,Ulcemet 400 mg นับเม็ด 10's,CIMETIDINE,Upper/Lower GI,ขย.9,NULL,ยาทางเดินอาหาร,,,ซอง,8851881150214,100,NULL,FALSE,FALSE,NULL,,,NULL,NULL,NULL,NULL,NULL,NULL,1,NULL
3570,1,100470,PEPFAMIN 20mg 10's,FAMOTIDINE,Upper/Lower GI,ขย.9,NULL,ยาทางเดินอาหาร,,,แผง,8852738010156,100,NULL,FALSE,FALSE,NULL,,,NULL,NULL,NULL,NULL,NULL,NULL,1,NULL
3571,1,100471,Siamidine 400 mg 10's,CIMETIDINE,Upper/Lower GI,ขย.9,NULL,ยาทางเดินอาหาร,,,แผง,8852738010651,100,NULL,FALSE,FALSE,NULL,,,NULL,NULL,NULL,NULL,NULL,NULL,1,NULL
3572,1,100472,MUCOSTA 100 mg,REBAMIPIDE,Upper/Lower GI,ขย.9,NULL,ยาทางเดินอาหาร,,,แผง,8852629336129,100,NULL,FALSE,FALSE,NULL,,,NULL,NULL,NULL,NULL,NULL,NULL,1,NULL
3573,1,100473,Soda Mint 100 tab,SODIUM BICARBONATE+PEPERMINT OIL,DIGESTIVE ENZYMES/DIGESTIVES,ขย.9,NULL,ยาทางเดินอาหาร,,,กระปุก,8852197120403,100,NULL,FALSE,FALSE,NULL,,,NULL,NULL,NULL,NULL,NULL,NULL,1,NULL
3574,1,100474,DEHECTA suspension 20ml (vanila&strawberry),DIOCTAHEDRAL SMECTITE,ANTIDIARRHOEALS,ขย.9,NULL,ยาทางเดินอาหาร,,,ซอง,8806940015812,100,NULL,FALSE,FALSE,NULL,,,NULL,NULL,NULL,NULL,NULL,NULL,1,NULL
3575,1,100475,Smecta  3g (vanila&orange),DIOCTAHEDRAL SMECTITE,ANTIDIARRHOEALS,ขย.9,NULL,ยาทางเดินอาหาร,,,ซอง,3665585001872,100,NULL,FALSE,FALSE,NULL,,,0,0,0,0,0,0,,/uploads/100475_1.jpg
3576,1,100476,CERA ORS orange flavored 4.2 g,GLUCOSE,ANTIDIARRHOEALS,ขย.9,NULL,ยาทางเดินอาหาร,,,ซอง,8858793201560,100,NULL,FALSE,FALSE,NULL,,,NULL,NULL,NULL,NULL,NULL,NULL,1,NULL
3577,1,100477,Oreda R.O orange 3.3 g,GLUCOSE,ANTIDIARRHOEALS,ขย.9,NULL,ยาทางเดินอาหาร,,,ซอง,8852914301306,100,NULL,FALSE,FALSE,NULL,,,NULL,NULL,NULL,NULL,NULL,NULL,1,NULL
3578,1,100478,olyne-dfk for children 4.5 g,DEXTROSE ANHYDROUS,ANTIDIARRHOEALS,ขย.9,NULL,ยาทางเดินอาหาร,,,ซอง,8853965003089,100,NULL,FALSE,FALSE,NULL,,,NULL,NULL,NULL,NULL,NULL,NULL,1,NULL
3579,1,100479,OSAR R.O 5.5 g,GLUCOSE,ANTIDIARRHOEALS,ขย.9,NULL,ยาทางเดินอาหาร,,,ซอง,8852914301405,100,NULL,FALSE,FALSE,NULL,,,NULL,NULL,NULL,NULL,NULL,NULL,1,NULL
3580,1,100480,DELTACARBON 10's,MEDICINAL CHARCOAL,ANTIDIARRHOEALS,ขย.9,NULL,ยาทางเดินอาหาร,,,แผง/กล่อง,8850239005442,100,NULL,FALSE,FALSE,NULL,,,NULL,NULL,NULL,NULL,NULL,NULL,1,NULL
3581,1,100481,CA-R-BON 10'S [GREATER] ,MEDICINAL CHARCOAL,ANTIDIARRHOEALS,ขย.9,NULL,ยาทางเดินอาหาร,,,แผง,8852294358013,100,NULL,FALSE,FALSE,NULL,,,NULL,NULL,NULL,NULL,NULL,NULL,1,NULL
3582,1,100482,Tedium 2 mg capsule 10s's,LOPERAMIDE,ANTIDIARRHOEALS,ขย.9,NULL,ยาทางเดินอาหาร,,,แผง,8856513004378,100,NULL,FALSE,FALSE,NULL,,,NULL,NULL,NULL,NULL,NULL,NULL,1,NULL
3583,1,100483,Imodium 2 mg capsule 6's,LOPERAMIDE,ANTIDIARRHOEALS,ขย.9,NULL,ยาทางเดินอาหาร,,,แผง,8850583001831,100,NULL,FALSE,FALSE,NULL,,,NULL,NULL,NULL,NULL,NULL,NULL,1,NULL
3584,1,100484,Noxzy 2 mg capsule 4's,LOPERAMIDE,ANTIDIARRHOEALS,ขย.9,NULL,ยาทางเดินอาหาร,,,แผง/กล่อง,8858293000045,100,NULL,FALSE,FALSE,NULL,,,NULL,NULL,NULL,NULL,NULL,NULL,1,NULL
3585,1,100485,Vomitil-M 10 mg 10's,DOMPERIDONE,ANTIEMETICS & ANTIVERTIGO DRUG,ขย.9,NULL,ยาทางเดินอาหาร,,,แผง,8853466000723,100,NULL,FALSE,FALSE,NULL,,,NULL,NULL,NULL,NULL,NULL,NULL,1,NULL
3586,1,100486,Domp-M 10 mg 10's,DOMPERIDONE,ANTIEMETICS & ANTIVERTIGO DRUG,ขย.9,NULL,ยาทางเดินอาหาร,,,แผง,8853144313640,100,NULL,FALSE,FALSE,NULL,,,NULL,NULL,NULL,NULL,NULL,NULL,1,NULL
3587,1,100487,MOTILIUM-M 10 mg 10's,DOMPERIDONE,ANTIEMETICS & ANTIVERTIGO DRUG,ขย.9,NULL,ยาทางเดินอาหาร,,,แผง,8850007850465,100,NULL,FALSE,FALSE,NULL,,,NULL,NULL,NULL,NULL,NULL,NULL,1,NULL
3588,1,100488,cencopan S 10 mg 10's,HYOSCINE,ANTISPASMODICS,ขย.9,NULL,ยาทางเดินอาหาร,,,แผง,8852978010589,100,NULL,FALSE,FALSE,NULL,,,NULL,NULL,NULL,NULL,NULL,NULL,1,NULL
3589,1,100489,BUSCOPAN 10 mg 10's,HYOSCINE,ANTISPASMODICS,ขย.9,NULL,ยาทางเดินอาหาร,,,แผง,8850886103010,100,NULL,FALSE,FALSE,NULL,,,NULL,NULL,NULL,NULL,NULL,NULL,1,NULL
3590,1,100490,U - Spa 100 mg 10's,FLAVOXATE,ANTISPASMODICS,ขย.9,NULL,ยาทางเดินอาหาร,,,แผง,8850239002861,100,NULL,FALSE,FALSE,NULL,,,NULL,NULL,NULL,NULL,NULL,NULL,1,NULL
3591,1,100491,Duspatin 135 mg 10's,MEBEVERINE HYDROCHLORIDE,ANTISPASMODICS,ขย.9,NULL,ยาทางเดินอาหาร,,,แผง,8852616200594,100,NULL,FALSE,FALSE,NULL,,,NULL,NULL,NULL,NULL,NULL,NULL,1,NULL
3592,1,100492,Bioflor sac 250 mg,NULL,NULL,ขย.9,NULL,ยาทางเดินอาหาร,,,ซอง,3583315558079,100,NULL,FALSE,FALSE,NULL,,,NULL,NULL,NULL,NULL,NULL,NULL,1,NULL
3593,1,100493,Bioflor 250 mg  5 cap,NULL,NULL,ขย.9,NULL,ยาทางเดินอาหาร,,,แผง,3583316669293,100,NULL,FALSE,FALSE,NULL,,,NULL,NULL,NULL,NULL,NULL,NULL,1,NULL
3594,1,100494,probac-7 interpharma 2 g,NULL,NULL,ขย.9,NULL,ยาทางเดินอาหาร,,,ซอง,8857122849015,100,NULL,FALSE,FALSE,NULL,,,NULL,NULL,NULL,NULL,NULL,NULL,1,NULL
3595,1,100495,SIDUOL 10 capsule,TOCOPHEROL CA+LYSOZYME CL+VITAMIN K +RUTIN +PLURONICF-68,"HAEMORRHOIDAL,PHLEBITIS & VARI",ขย.9,NULL,ยาทางเดินอาหาร,,,แผง,8858682900208,100,NULL,FALSE,FALSE,NULL,,,NULL,NULL,NULL,NULL,NULL,NULL,1,NULL
3596,1,100496,T-osmin 10'S,DIOSMINE+HESPERIDINE,"HAEMORRHOIDAL,PHLEBITIS & VARI",ขย.9,NULL,ยาทางเดินอาหาร,,,แผง,8856513003838,100,NULL,FALSE,FALSE,NULL,,,NULL,NULL,NULL,NULL,NULL,NULL,1,NULL
3597,1,100497,DAFLON 1000mg  3x10' กล่อง,DIOSMINE+HESPERIDINE,"HAEMORRHOIDAL,PHLEBITIS & VARI",ขย.9,NULL,ยาทางเดินอาหาร,,,กล่อง,3664898060026,100,NULL,FALSE,FALSE,NULL,,,NULL,NULL,NULL,NULL,NULL,NULL,1,NULL
3598,1,100498,Daflon 500mg 2x15 tab/กล่อง,DIOSMINE+HESPERIDINE,"HAEMORRHOIDAL,PHLEBITIS & VARI",ขย.9,NULL,ยาทางเดินอาหาร,,,กล่อง,3594456400202,100,NULL,FALSE,FALSE,NULL,,,NULL,NULL,NULL,NULL,NULL,NULL,1,NULL
3599,1,100499,proctosedyl oinment 15g,HYDROCORTISONE,"HAEMORRHOIDAL,PHLEBITIS & VARI",ขย.9,NULL,ยาใช้ภายนอก,,,หลอด,8850886087228,100,NULL,FALSE,FALSE,NULL,,,NULL,NULL,NULL,NULL,NULL,NULL,1,NULL
3600,1,100500,Doproct oinment 10g,HYDROCORTISONE,"HAEMORRHOIDAL,PHLEBITIS & VARI",ขย.9,NULL,ยาทางเดินอาหาร,,,หลอด,8858954804012,100,NULL,FALSE,FALSE,NULL,,,NULL,NULL,NULL,NULL,NULL,NULL,1,NULL
3601,1,100501,Scheriproct N cream  10g,FLUOCORTOLONE PIVALATE+ LIDOCAINE HCl,"HAEMORRHOIDAL,PHLEBITIS & VARI",ขย.9,NULL,ยาทางเดินอาหาร,,,หลอด,7350087732305,100,NULL,FALSE,FALSE,NULL,,,NULL,NULL,NULL,NULL,NULL,NULL,1,NULL
3602,1,100502,Mucillin orange 100g,ISPAGHULA HUSK,LAXATIVES,ขย.9,NULL,ยาทางเดินอาหาร,,,กระปุก,8852616200334,100,NULL,FALSE,FALSE,NULL,,,NULL,NULL,NULL,NULL,NULL,NULL,1,NULL
3603,1,100503,Mucillin Orange  400g,ISPAGHULA HUSK,LAXATIVES,ขย.9,NULL,ยาทางเดินอาหาร,,,กระปุก,8852616200341,100,NULL,FALSE,FALSE,NULL,,,NULL,NULL,NULL,NULL,NULL,NULL,1,NULL
3604,1,100504,Mucillin SF mixberry  5g,ISPAGHULA HUSK,LAXATIVES,ขย.9,NULL,ยาทางเดินอาหาร,,,ซอง,8852616200860,100,NULL,FALSE,FALSE,NULL,,,NULL,NULL,NULL,NULL,NULL,NULL,1,NULL
3605,1,100505,Mucillin orange 5g,ISPAGHULA HUSK,LAXATIVES,ขย.9,NULL,ยาทางเดินอาหาร,,,ซอง,8852616200310,100,NULL,FALSE,FALSE,NULL,,,NULL,NULL,NULL,NULL,NULL,NULL,1,NULL
3606,1,100506,Glycerin suppositories เหน็บผู้ใหญ่ 12 ชิ้น,GLYCERINE,LAXATIVES,ขย.9,NULL,ยาทางเดินอาหาร,,,กล่อง,8858022005730,100,NULL,FALSE,FALSE,NULL,,,NULL,NULL,NULL,NULL,NULL,NULL,1,NULL
3607,1,100507,Glycerin suppositories เหน็บเด็ก 12 ชิ้น,GLYCERINE,LAXATIVES,ขย.9,NULL,ยาทางเดินอาหาร,,,กล่อง,8858022005709,100,NULL,FALSE,FALSE,NULL,,,NULL,NULL,NULL,NULL,NULL,NULL,1,NULL
3608,1,100508,gastro bismol 524 mg 10'S,BISMUTH SUBSALICYLATE,LAXATIVES,ขย.9,NULL,ยาทางเดินอาหาร,,,แผง,8853348005532,100,NULL,FALSE,FALSE,NULL,,,NULL,NULL,NULL,NULL,NULL,NULL,1,NULL
3609,1,100509,Gasto-bismol 240 ml กลิ่นสละ,BISMUTH SUBSALICYLATE,LAXATIVES,ขย.9,NULL,ยาทางเดินอาหาร,,,ขวด,8853348002791,100,NULL,FALSE,FALSE,NULL,,,NULL,NULL,NULL,NULL,NULL,NULL,1,NULL
3610,1,100510,Hepalac 66.7g/100 ml  (สูตร lactulose),LACTULOSE,LAXATIVES,ขย.9,NULL,ยาทางเดินอาหาร,,,ขวด,8852616200297,100,NULL,FALSE,FALSE,NULL,,,NULL,NULL,NULL,NULL,NULL,NULL,1,NULL
3611,1,100511,Duphalac 66.7g/100 ml,LACTULOSE,LAXATIVES,ขย.9,NULL,ยาทางเดินอาหาร,,,ขวด,8852796916032,100,NULL,FALSE,FALSE,NULL,,,NULL,NULL,NULL,NULL,NULL,NULL,1,NULL
3612,1,100512,Gasto-bismol 240 ml กลิ่นส้ม,BISMUTH SUBSALICYLATE,LAXATIVES,ขย.9,NULL,ยาทางเดินอาหาร,,,ขวด,8853348009400,100,NULL,FALSE,FALSE,NULL,,,NULL,NULL,NULL,NULL,NULL,NULL,1,NULL
3613,1,100513,123 Laxative  10cap,NULL,LAXATIVES,ขย.9,NULL,ยาทางเดินอาหาร,,,กล่อง,8858797410012,100,NULL,FALSE,FALSE,NULL,,,NULL,NULL,NULL,NULL,NULL,NULL,1,NULL
3614,1,100514,Dulcolax tab 5mg 10's,BISACODYL,LAXATIVES,ขย.9,NULL,ยาทางเดินอาหาร,,,แผง,8850886103270,100,NULL,FALSE,FALSE,NULL,,,NULL,NULL,NULL,NULL,NULL,NULL,1,NULL
3615,1,100515,Albemed 200 mg  6's,ALBENDAZOLE,ANTIAMOEBICS,ขย.9,NULL,ยาทางเดินอาหาร,,,แผง,8855451001555,100,NULL,FALSE,FALSE,NULL,,,NULL,NULL,NULL,NULL,NULL,NULL,1,NULL
3616,1,100516,ALBEN 200mg 2's,ALBENDAZOLE,ANTIAMOEBICS,ขย.9,NULL,ยาทางเดินอาหาร,,,แผง/กล่อง,8852662001404,100,NULL,FALSE,FALSE,NULL,,,NULL,NULL,NULL,NULL,NULL,NULL,1,NULL
3617,1,100517,CB-400 1's,ALBENDAZOLE,ANTIAMOEBICS,ขย.9,NULL,ยาทางเดินอาหาร,,,แผง/กล่อง,8858767410509,100,NULL,FALSE,FALSE,NULL,,,NULL,NULL,NULL,NULL,NULL,NULL,1,NULL
3618,1,100518,Benda suspention 30ml,MEBENDAZOLE,ANTIAMOEBICS,ขย.9,NULL,ยาทางเดินอาหาร,,,ขวด,8851473007049,100,NULL,FALSE,FALSE,NULL,,,NULL,NULL,NULL,NULL,NULL,NULL,1,NULL
3619,1,100519,Benda 500  1tab,MEBENDAZOLE,ANTIAMOEBICS,ขย.9,NULL,ยาทางเดินอาหาร,,,แผง/กล่อง,8851473001191,100,NULL,FALSE,FALSE,NULL,,,NULL,NULL,NULL,NULL,NULL,NULL,1,NULL
3620,1,100520,Hexin 4 tab,NICLOSAMIDE + PHENOPHTHALINE,ANTIAMOEBICS,ขย.9,NULL,ยาทางเดินอาหาร,,,แผง/กล่อง,8858293000014,100,NULL,FALSE,FALSE,NULL,,,NULL,NULL,NULL,NULL,NULL,NULL,1,NULL
3621,1,100521,Aerobidol inhaler 200 doses,IPRATROPIUM BROMIDE+FENOTEROL HYDROBROMIDE,ANTIASTHMATIC PREPARATIONS,ขย.9,NULL,ยาระบบทางเดินหายใจ,,,กล่อง,8851090012914,100,NULL,FALSE,FALSE,NULL,,,NULL,NULL,NULL,NULL,NULL,NULL,1,NULL
3622,1,100522,berodual inhaler 200 doses,IPRATROPIUM BROMIDE+FENOTEROL HYDROBROMIDE,ANTIASTHMATIC PREPARATIONS,ขย.9,NULL,ยาระบบทางเดินหายใจ,,,กล่อง,4048846007544,100,NULL,FALSE,FALSE,NULL,,,NULL,NULL,NULL,NULL,NULL,NULL,1,NULL
3623,1,100523,Aerotamol 100 mcg 200 doses,SALBUTAMOL,ANTIASTHMATIC PREPARATIONS,ขย.9,NULL,ยาระบบทางเดินหายใจ,,,กล่อง,8851090012815,100,NULL,FALSE,FALSE,NULL,,,NULL,NULL,NULL,NULL,NULL,NULL,1,NULL
3624,1,100524,ventolin inhaler 100 mcg 200 doses,SALBUTAMOL,ANTIASTHMATIC PREPARATIONS,ขย.9,NULL,ยาระบบทางเดินหายใจ,,,กล่อง,8851007153105,100,NULL,FALSE,FALSE,NULL,,,NULL,NULL,NULL,NULL,NULL,NULL,1,NULL
3625,1,100525,sulbuta-N 5mg solution inhalation,SALBUTAMOL,ANTIASTHMATIC PREPARATIONS,ขย.9,NULL,ยาระบบทางเดินหายใจ,,,ขวด,8852810391500,100,NULL,FALSE,FALSE,NULL,,,NULL,NULL,NULL,NULL,NULL,NULL,1,NULL
3626,1,100526,Zigaless spray 15 ml ผสมหญ้าดอกขาว,NULL,NULL,ขย.9,NULL,ยาระบบทางเดินหายใจ,,,หลอด,8857121535483,100,NULL,FALSE,FALSE,NULL,,,NULL,NULL,NULL,NULL,NULL,NULL,1,NULL
3627,1,100527,0.05%Metzodin Nasal Spray 10 ml,OXYMETAZOLINE,DECONGESTANTS & OTHER NASAL PR,ขย.9,NULL,ยาระบบทางเดินหายใจ,,,ขวด,8850239004209,100,NULL,FALSE,FALSE,NULL,,,NULL,NULL,NULL,NULL,NULL,NULL,1,NULL
3628,1,100528,ยาใบมะขามแขก อ้วยอันโอสถ 30 แคปซูล,SENNOSIDE A & B,LAXATIVES,ขย.9,NULL,ยาทางเดินอาหาร,,,กล่อง,8852913910318,100,NULL,FALSE,FALSE,NULL,,,NULL,NULL,NULL,NULL,NULL,NULL,1,NULL
3629,1,100529,0.1% Otrivin spray 10 ml,XYLOMETAZOLIN,DECONGESTANTS & OTHER NASAL PR,ขย.9,NULL,ยาระบบทางเดินหายใจ,,,ขวด,8852364000972,100,NULL,FALSE,FALSE,NULL,,,NULL,NULL,NULL,NULL,NULL,NULL,1,NULL
3630,1,100530,0.05% otrivin child spray 10 ml,XYLOMETAZOLIN,DECONGESTANTS & OTHER NASAL PR,ขย.9,NULL,ยาระบบทางเดินหายใจ,,,ขวด,8852364007100,100,NULL,FALSE,FALSE,NULL,,,NULL,NULL,NULL,NULL,NULL,NULL,1,NULL
3631,1,100531,0.05% iliadine Drop (ผู้ใหญ่),OXYMETAZOLINE,DECONGESTANTS & OTHER NASAL PR,ขย.9,NULL,ยาระบบทางเดินหายใจ,,,ขวด,8852881017125,100,NULL,FALSE,FALSE,NULL,,,NULL,NULL,NULL,NULL,NULL,NULL,1,NULL
3632,1,100532,0.025% iliadine Drop (เด็ก<6ปี),OXYMETAZOLINE,DECONGESTANTS & OTHER NASAL PR,ขย.9,NULL,ยาระบบทางเดินหายใจ,,,ขวด,4987176188069,100,NULL,FALSE,FALSE,NULL,,,NULL,NULL,NULL,NULL,NULL,NULL,1,NULL
3633,1,100533,0.05% iliadin Nasal Spray 10 ml,OXYMETAZOLINE,DECONGESTANTS & OTHER NASAL PR,ขย.9,NULL,ยาระบบทางเดินหายใจ,,,ขวด,8852881017323,100,NULL,FALSE,FALSE,NULL,,,NULL,NULL,NULL,NULL,NULL,NULL,1,NULL
3634,1,100534,Nasol spray 15 ml,NAPHAZOLINE + PHENIRAMINE,DECONGESTANTS & OTHER NASAL PR,ขย.9,NULL,ยาระบบทางเดินหายใจ,,,ขวด,8851847100062,100,NULL,FALSE,FALSE,NULL,,,NULL,NULL,NULL,NULL,NULL,NULL,1,NULL
3635,1,100535,5% Mar plus spray 20 ml,DEXPANTHENOL,DECONGESTANTS & OTHER NASAL PR,ขย.9,NULL,ยาระบบทางเดินหายใจ,,,ขวด,4897003380033,100,NULL,FALSE,FALSE,NULL,,,NULL,NULL,NULL,NULL,NULL,NULL,1,NULL
3636,1,100536,0.5% Nasonex spray  60doses,MOMETASONE FUROATE,DECONGESTANTS & OTHER NASAL PR,ขย.9,NULL,ยาระบบทางเดินหายใจ,,,ขวด,8850285001221,100,NULL,FALSE,FALSE,NULL,,,NULL,NULL,NULL,NULL,NULL,NULL,1,NULL
3637,1,100537,0.5% Nasonex spray  140doses,MOMETASONE FUROATE,DECONGESTANTS & OTHER NASAL PR,ขย.9,NULL,ยาระบบทางเดินหายใจ,,,ขวด,840164515602,100,NULL,FALSE,FALSE,NULL,,,NULL,NULL,NULL,NULL,NULL,NULL,1,NULL
3638,1,100538,Nasacort AQ spray 120 doses,TRIAMCINOLONE,DECONGESTANTS & OTHER NASAL PR,ขย.9,NULL,ยาระบบทางเดินหายใจ,,,ขวด,3582910052104,100,NULL,FALSE,FALSE,NULL,,,NULL,NULL,NULL,NULL,NULL,NULL,1,NULL
3639,1,100539,First  Defence (VICKS) 15 ml,HYDROXYPROPYLMETHYLCELLULOSE,DECONGESTANTS & OTHER NASAL PR,ขย.9,NULL,ยาระบบทางเดินหายใจ,,,ขวด,5013965704666,100,NULL,FALSE,FALSE,NULL,,,NULL,NULL,NULL,NULL,NULL,NULL,1,NULL
3640,1,100540,Betadine Throat spray 12 ml,POVIDONE-IODIDE,MOUTH/THROAT PREPARATIONS,ขย.9,NULL,ยาระบบทางเดินหายใจ,,,ขวด,9314057022832,100,NULL,FALSE,FALSE,NULL,,,NULL,NULL,NULL,NULL,NULL,NULL,1,NULL
3641,1,100541,Hashi baby drop 4 ml ชุ่มชื่น 6.5 mg (ฟ้า),ACETYLCYSTEINE,DECONGESTANTS & OTHER NASAL PR,ขย.9,NULL,ยาระบบทางเดินหายใจ,,,ชิ้น,8855107001441,100,NULL,FALSE,FALSE,NULL,,,63,NULL,NULL,NULL,NULL,NULL,1,NULL
3642,1,100542,Hashi baby drop 4 ml อ่อนโยน 9 mg (เขียว),ACETYLCYSTEINE,DECONGESTANTS & OTHER NASAL PR,ขย.9,NULL,ยาระบบทางเดินหายใจ,,,ชิ้น,8855107001328,100,NULL,FALSE,FALSE,NULL,,,63,63,NULL,NULL,NULL,NULL,1,NULL
3643,1,100543,Aqua maris baby 50ml,ACETYLCYSTEINE,DECONGESTANTS & OTHER NASAL PR,ขย.9,NULL,ยาระบบทางเดินหายใจ,,,ขวด,3856013218201,100,NULL,FALSE,FALSE,NULL,,,399,NULL,NULL,NULL,NULL,NULL,1,NULL
3644,1,100544,Propoliz spray 15 ml,NULL,MOUTH/THROAT PREPARATIONS,ขย.9,NULL,ยาระบบทางเดินหายใจ,,,กล่อง,8857121535131,100,NULL,FALSE,FALSE,NULL,,,NULL,NULL,NULL,NULL,NULL,NULL,1,NULL
3645,1,100545,PROPOLIZ SPRAY plus กระชายขาว 15ml,NULL,MOUTH/THROAT PREPARATIONS,ขย.9,NULL,ยาระบบทางเดินหายใจ,,,กล่อง,8856513012144,100,NULL,FALSE,FALSE,NULL,,,NULL,NULL,NULL,NULL,NULL,NULL,1,NULL
3646,1,100546,สเปรย์แก้ไอ ตราตะขาบ 5 ตัว 20ml,PARACETAMOL,NSAIDs,ขย.9,NULL,ยาระบบทางเดินหายใจ,,,กล่อง,8852761002074,100,NULL,FALSE,FALSE,NULL,,,119,NULL,NULL,NULL,NULL,NULL,1,NULL
3647,1,100547,Kamilosan M spray 15 ml,NULL,MOUTH/THROAT PREPARATIONS,ขย.9,NULL,ยาระบบทางเดินหายใจ,,,กล่อง,8858789600018,100,NULL,FALSE,FALSE,NULL,,,NULL,NULL,NULL,NULL,NULL,NULL,1,NULL
3648,1,100548,REAL ELIXIR PROPOLIS FRESH SPRAY 30ml,NULL,NULL,ขย.9,NULL,ยาระบบทางเดินหายใจ,,,กล่อง,8858990803024,100,NULL,FALSE,FALSE,NULL,,,NULL,NULL,NULL,NULL,NULL,NULL,1,NULL
3649,1,100549,Myherbal Mybacin With Mangosteen Extract 15 ml,ACETYLCYSTEINE,MOUTH/THROAT PREPARATIONS,ขย.9,NULL,ยาระบบทางเดินหายใจ,,,กล่อง,8852294865016,100,NULL,FALSE,FALSE,NULL,,,145,NULL,NULL,NULL,NULL,NULL,1,NULL
3650,1,100550,spek mouth spray cool 20 ml,NULL,MOUTH/THROAT PREPARATIONS,ขย.9,NULL,ยาระบบทางเดินหายใจ,,,กล่อง,8855107001557,100,NULL,FALSE,FALSE,NULL,,,NULL,NULL,NULL,NULL,NULL,NULL,1,NULL
3651,1,100551,difflis spray 7 Natural Extracts 15 ml,NULL,MOUTH/THROAT PREPARATIONS,ขย.9,NULL,ยาระบบทางเดินหายใจ,,,กล่อง,9314057013953,100,NULL,FALSE,FALSE,NULL,,,NULL,NULL,NULL,NULL,NULL,NULL,1,NULL
3652,1,100552,DIFFLAM FORTE spray 15 ml,BENZYDAMINE HCL,MOUTH/THROAT PREPARATIONS,ขย.9,NULL,ยาระบบทางเดินหายใจ,,,กล่อง,9314057010297,100,NULL,FALSE,FALSE,NULL,,,NULL,NULL,NULL,NULL,NULL,NULL,1,NULL
3653,1,100553,I-kid mouth spray orange 15 ml,NULL,MOUTH/THROAT PREPARATIONS,ขย.9,NULL,ยาระบบทางเดินหายใจ,,,กล่อง,8855107001489,100,NULL,FALSE,FALSE,NULL,,,NULL,NULL,NULL,NULL,NULL,NULL,1,NULL
3654,1,100554,I-kid mouth spray straberry 15 ml,NULL,MOUTH/THROAT PREPARATIONS,ขย.9,NULL,ยาระบบทางเดินหายใจ,,,กล่อง,8855107001496,100,NULL,FALSE,FALSE,NULL,,,NULL,NULL,NULL,NULL,NULL,NULL,1,NULL
3655,1,100555,Meptin 50 mcg 10's,PROCATEROL,ANTIASTHMATIC PREPARATIONS,ขย.9,NULL,ยาระบบทางเดินหายใจ,,,แผง,8852629346203,100,NULL,FALSE,FALSE,NULL,,,NULL,NULL,NULL,NULL,NULL,NULL,1,NULL
3656,1,100556,Meptin 25 mcg 10's,PROCATEROL,ANTIASTHMATIC PREPARATIONS,ขย.9,NULL,ยาระบบทางเดินหายใจ,,,แผง,8852629346104,100,NULL,FALSE,FALSE,NULL,,,NULL,NULL,NULL,NULL,NULL,NULL,1,NULL
3657,1,100557,THEOTRIM 200  10's,THEOPHYLLINE,ANTIASTHMATIC PREPARATIONS,ขย.9,NULL,ยาระบบทางเดินหายใจ,,,แผง,7290000843896,100,NULL,FALSE,FALSE,NULL,,,NULL,NULL,NULL,NULL,NULL,NULL,1,NULL
3658,1,100558,Asmasolon 125 mg 10's,THEOPHYLLINE,ANTIASTHMATIC PREPARATIONS,ขย.9,NULL,ยาระบบทางเดินหายใจ,,,แผง,8851824307514,100,NULL,FALSE,FALSE,NULL,,,NULL,NULL,NULL,NULL,NULL,NULL,1,NULL
3659,1,100559,NUELIN SR 200 mg 20's,THEOPHYLLINE,ANTIASTHMATIC PREPARATIONS,ขย.9,NULL,ยาระบบทางเดินหายใจ,,,แผง,9314057010174,100,NULL,FALSE,FALSE,NULL,,,NULL,NULL,NULL,NULL,NULL,NULL,1,NULL
3660,1,100560,Terbutaline 2.5 mg 15 tab,TERBUTALINE,ANTIASTHMATIC PREPARATIONS,ขย.9,NULL,ยาระบบทางเดินหายใจ,,,ถุง,8851881125243,100,NULL,FALSE,FALSE,NULL,,,0,0,0,0,0,0,,/uploads/100560_1.jpg
3661,1,100561,SALBUTAMOL 2 mg 1 tab,SALBUTAMOL,ANTIASTHMATIC PREPARATIONS,ขย.9,NULL,ยาระบบทางเดินหายใจ,,,เม็ด,8855451000497,100,NULL,FALSE,FALSE,NULL,,,NULL,NULL,NULL,NULL,NULL,NULL,1,NULL
3662,1,100562,Violin 2 mg 1 tab,SALBUTAMOL,ANTIASTHMATIC PREPARATIONS,ขย.9,NULL,ยาระบบทางเดินหายใจ,,,เม็ด,8851881138243,100,NULL,FALSE,FALSE,NULL,,,NULL,NULL,NULL,NULL,NULL,NULL,1,NULL
3663,1,100563,CYSTALINE 600 mg 10's,ACETYLCYSTEINE,MUCOLYTIC,ขย.9,NULL,ยาระบบทางเดินหายใจ,,,หลอด,8859446301996,100,NULL,FALSE,FALSE,NULL,,,NULL,NULL,NULL,NULL,NULL,NULL,1,NULL
3664,1,100564,Muclear 600 mg 10's,ACETYLCYSTEINE,MUCOLYTIC,ขย.9,NULL,ยาระบบทางเดินหายใจ,,,หลอด,8850769012361,100,NULL,FALSE,FALSE,NULL,,,NULL,NULL,NULL,NULL,NULL,NULL,1,NULL
3665,1,100565,naclong 600 mg 10's,ACETYLCYSTEINE,MUCOLYTIC,ขย.9,NULL,ยาระบบทางเดินหายใจ,,,หลอด,8858789600155,100,NULL,FALSE,FALSE,NULL,,,NULL,NULL,NULL,NULL,NULL,NULL,1,NULL
3666,1,100566,Betadine gargle 30 ml SF,POVIDONE-IODIDE,MOUTH/THROAT PREPARATIONS,ขย.9,NULL,ยาระบบทางเดินหายใจ,,,กล่อง,9314057022818,100,NULL,FALSE,FALSE,NULL,,,0,0,0,0,0,0,,/uploads/100566_1.jpg
3667,1,100567,Puvadon gargle 30 ml,POVIDONE-IODIDE,MOUTH/THROAT PREPARATIONS,ขย.9,NULL,ยาระบบทางเดินหายใจ,,,กล่อง,8853871002909,100,NULL,FALSE,FALSE,NULL,,,NULL,NULL,NULL,NULL,NULL,NULL,1,NULL
3668,1,100568,STERZAR 1mg 7tab,FINASTERIDE,HORMONES,ขย.9,NULL,ยาคุมกำเนิดและฮอร์โมนทดแท,,,แผง,8850769014457,100,NULL,FALSE,FALSE,NULL,,,NULL,NULL,NULL,NULL,NULL,NULL,1,NULL
3669,1,100569,Firide 5 mg 10's,FINASTERIDE,HORMONES,ขย.9,NULL,ยาคุมกำเนิดและฮอร์โมนทดแท,,,แผง,8852738480034,100,NULL,FALSE,FALSE,NULL,,,NULL,NULL,NULL,NULL,NULL,NULL,1,NULL
3670,1,100570,5%Reten five 30ml,MINOXIDIL,ANTIHYPERTENSIVES,ขย.9,NULL,ยาคุมกำเนิดและฮอร์โมนทดแท,,,กล่อง,8851881577370,100,NULL,FALSE,FALSE,NULL,,,NULL,NULL,NULL,NULL,NULL,NULL,1,NULL
3671,1,100571,polygot 1/100 mg 10's,ERGOTAMINE TARTATE + CAFFEINE,ERGOT,ขย.9,NULL,ปวดหัว/ไมเกรน,,,แผง/กล่อง,8852978010619,100,NULL,FALSE,FALSE,NULL,,,NULL,NULL,NULL,NULL,NULL,NULL,1,NULL
3672,1,100572,Cafergot 1/100 mg 10's,ERGOTAMINE TARTATE + CAFFEINE,ERGOT,ขย.9,NULL,ปวดหัว/ไมเกรน,,,แผง/กล่อง,8858789600889,100,NULL,FALSE,FALSE,NULL,,,NULL,NULL,NULL,NULL,NULL,NULL,1,NULL
3673,1,100573,Avamigran 1/100 mg 10's,ERGOTAMINE TARTATE + CAFFEINE,ERGOT,ขย.9,NULL,ปวดหัว/ไมเกรน,,,แผง/กล่อง,8858789600858,100,NULL,FALSE,FALSE,NULL,,,NULL,NULL,NULL,NULL,NULL,NULL,1,NULL
3674,1,100574,Migana 1/100 mg 10's,ERGOTAMINE TARTATE + CAFFEINE,ERGOT,ขย.9,NULL,ปวดหัว/ไมเกรน,,,แผง/กล่อง,8856513010584,100,NULL,FALSE,FALSE,NULL,,,NULL,NULL,NULL,NULL,NULL,NULL,1,NULL
3675,1,100575,Tofago 1/100 mg  10's,ERGOTAMINE TARTATE + CAFFEINE,ERGOT,ขย.9,NULL,ปวดหัว/ไมเกรน,,,แผง/กล่อง,8851881019375,100,NULL,FALSE,FALSE,NULL,,,0,0,0,0,0,0,,/uploads/100575_1.jpg
3676,1,100576,Sobelin 5 mg 10'cap,FLUNARIZINE,ANTIEMETICS & ANTIVERTIGO DRUG,ขย.9,NULL,ปวดหัว/ไมเกรน,,,แผง,8851881406229,100,NULL,FALSE,FALSE,NULL,,,NULL,NULL,NULL,NULL,NULL,NULL,1,NULL
3677,1,100577,Simoyiam 5 mg 10'cap,FLUNARIZINE,ANTIEMETICS & ANTIVERTIGO DRUG,ขย.9,NULL,ปวดหัว/ไมเกรน,,,แผง,8852738080401,100,NULL,FALSE,FALSE,NULL,,,NULL,NULL,NULL,NULL,NULL,NULL,1,NULL
3678,1,100578,Merlin  6 mg 10's    T.O,BETAHISTINE,ANTIEMETICS & ANTIVERTIGO DRUG,ขย.9,NULL,ปวดหัว/ไมเกรน,,,แผง,8851881198223,100,NULL,FALSE,FALSE,NULL,,,NULL,NULL,NULL,NULL,NULL,NULL,1,NULL
3679,1,100579,merislon  6 mg 10's,BETAHISTINE,ANTIEMETICS & ANTIVERTIGO DRUG,ขย.9,NULL,ยาระบบทางเดินหายใจ,,,แผง,8858682900178,100,NULL,FALSE,FALSE,NULL,,,NULL,NULL,NULL,NULL,NULL,NULL,1,NULL
3680,1,100580,Merislon 12 mg 10's,BETAHISTINE,ANTIEMETICS & ANTIVERTIGO DRUG,ขย.9,NULL,ยาระบบทางเดินหายใจ,,,แผง,8858682900505,100,NULL,FALSE,FALSE,NULL,,,NULL,NULL,NULL,NULL,NULL,NULL,1,NULL
3681,1,100581,Betahis 12 mg 10's,BETAHISTINE,ANTIEMETICS & ANTIVERTIGO DRUG,ขย.9,NULL,ยาระบบทางเดินหายใจ,,,แผง,8853348005198,100,NULL,FALSE,FALSE,NULL,,,NULL,NULL,NULL,NULL,NULL,NULL,1,NULL
3682,1,100582,Stei 16 mg  10's,BETAHISTINE,ANTIEMETICS & ANTIVERTIGO DRUG,ขย.9,NULL,ยาระบบทางเดินหายใจ,,,แผง,8850239005664,100,NULL,FALSE,FALSE,NULL,,,NULL,NULL,NULL,NULL,NULL,NULL,1,NULL
3683,1,100583,HistiGo-16  10's,BETAHISTINE,ANTIEMETICS & ANTIVERTIGO DRUG,ขย.9,NULL,ยาระบบทางเดินหายใจ,,,แผง,8855459007627,100,NULL,FALSE,FALSE,NULL,,,NULL,NULL,NULL,NULL,NULL,NULL,1,NULL
3684,1,100584,HistiGo-24  10's,BETAHISTINE,ANTIEMETICS & ANTIVERTIGO DRUG,ขย.9,NULL,ยาระบบทางเดินหายใจ,,,แผง,8855459007634,100,NULL,FALSE,FALSE,NULL,,,NULL,NULL,NULL,NULL,NULL,NULL,1,NULL
3685,1,100585,Serc 16 mg  20's,BETAHISTINE,ANTIEMETICS & ANTIVERTIGO DRUG,ขย.9,NULL,ยาระบบทางเดินหายใจ,,,แผง/กล่อง,3760008320360,100,NULL,FALSE,FALSE,NULL,,,NULL,NULL,NULL,NULL,NULL,NULL,1,NULL
3686,1,100586,Serc 24 mg  20's,BETAHISTINE,ANTIEMETICS & ANTIVERTIGO DRUG,ขย.9,NULL,ยาระบบทางเดินหายใจ,,,แผง/กล่อง,3760008321206,100,NULL,FALSE,FALSE,NULL,,,NULL,NULL,NULL,NULL,NULL,NULL,1,NULL
3687,1,100587,Stei 24 mg  10's,BETAHISTINE,ANTIEMETICS & ANTIVERTIGO DRUG,ขย.9,NULL,ยาระบบทางเดินหายใจ,,,แผง,8850239005053,100,NULL,FALSE,FALSE,NULL,,,NULL,NULL,NULL,NULL,NULL,NULL,1,NULL
3688,1,100588,Sermion 10 mg  10's,NICERGOLINE,ANTIEMETICS & ANTIVERTIGO DRUG,ขย.9,NULL,ยาระบบทางเดินหายใจ,,,แผง/กล่อง,8852855762242,100,NULL,FALSE,FALSE,NULL,,,NULL,NULL,NULL,NULL,NULL,NULL,1,NULL
3689,1,100589,Stugeron 10's,CINNARIZINE,ANTIEMETICS & ANTIVERTIGO DRUG,ขย.9,NULL,ยาระบบทางเดินหายใจ,,,แผง,8850583003132,100,NULL,FALSE,FALSE,NULL,,,NULL,NULL,NULL,NULL,NULL,NULL,1,NULL
3690,1,100590,Cephadol 25 mg 10's,DIPHENIDOL HCL,ANTIEMETICS & ANTIVERTIGO DRUG,ขย.9,NULL,ยาระบบทางเดินหายใจ,,,แผง,8858722911768,100,NULL,FALSE,FALSE,NULL,,,NULL,NULL,NULL,NULL,NULL,NULL,1,NULL
3691,1,100591,Dramamine 50 mg 10's,DIMENHYDRINATE,ANTIEMETICS & ANTIVERTIGO DRUG,ขย.9,NULL,"ยาแก้อาเจียน,เมารถเมาเรือ",,,แผง,8858573000178,100,NULL,FALSE,FALSE,NULL,,,NULL,NULL,NULL,NULL,NULL,NULL,1,NULL
3692,1,100592,DIMENHYDRINATE 10's,DIMENHYDRINATE,ANTIEMETICS & ANTIVERTIGO DRUG,ขย.9,NULL,"ยาแก้อาเจียน,เมารถเมาเรือ",,,แผง,8858850300113,100,NULL,FALSE,FALSE,NULL,,,NULL,NULL,NULL,NULL,NULL,NULL,1,NULL
3693,1,100593,VULTIN 300 mg 10's,GABAPENTIN,AMINOGLYCOSIDES,ขย.9,NULL,ยาในโรคเรื้อรัง (Drug for,,,แผง,8853935014602,100,NULL,FALSE,FALSE,NULL,,,NULL,NULL,NULL,NULL,NULL,NULL,1,NULL
3694,1,100594,VULTIN 100 mg 10's,GABAPENTIN,ANTINEUROPATHIC,ขย.9,NULL,ยาในโรคเรื้อรัง (Drug for,,,แผง,8853935014589,100,NULL,FALSE,FALSE,NULL,,,NULL,NULL,NULL,NULL,NULL,NULL,1,NULL
3695,1,100595,amitrip 10 mg GPO 10's,AMITRIPTYLINE,ANTIDEPRESSANTS,ขย.9,NULL,ยาในโรคเรื้อรัง (Drug for,,,แผง,8850678230429,100,NULL,FALSE,FALSE,NULL,,,NULL,NULL,NULL,NULL,NULL,NULL,1,NULL
3696,1,100596,amitrip 25 mg GPO 10's,AMITRIPTYLINE,ANTIDEPRESSANTS,ขย.9,NULL,ยาในโรคเรื้อรัง (Drug for,,,แผง,8850678230528,100,NULL,FALSE,FALSE,NULL,,,NULL,NULL,NULL,NULL,NULL,NULL,1,NULL
3697,1,100597,Gabapentin GPO 300mg 10's,GABAPENTIN,ANTINEUROPATHIC,ขย.9,NULL,ยาในโรคเรื้อรัง (Drug for,,,แผง,8850678024714,100,NULL,FALSE,FALSE,NULL,,,NULL,NULL,NULL,NULL,NULL,NULL,1,NULL
3698,1,100598,Gabapentin GPO 100mg 10's,GABAPENTIN,ANTINEUROPATHIC,ขย.9,NULL,ยาในโรคเรื้อรัง (Drug for,,,แผง,8850678024615,100,NULL,FALSE,FALSE,NULL,,,NULL,NULL,NULL,NULL,NULL,NULL,1,NULL
3699,1,100599,Berlontin 300 mg 10's,GABAPENTIN,ANTINEUROPATHIC,ขย.9,NULL,ยาในโรคเรื้อรัง (Drug for,,,แผง,8852616400215,100,NULL,FALSE,FALSE,NULL,,,NULL,NULL,NULL,NULL,NULL,NULL,1,NULL
3700,1,100600,Berlontin 100mg 10's,GABAPENTIN,ANTINEUROPATHIC,ขย.9,NULL,ยาในโรคเรื้อรัง (Drug for,,,แผง,8852616400291,100,NULL,FALSE,FALSE,NULL,,,NULL,NULL,NULL,NULL,NULL,NULL,1,NULL
3701,1,100601,Tripta 25mg 10's,AMITRIPTYLINE,ANTIDEPRESSANTS,ขย.9,NULL,ยาในโรคเรื้อรัง (Drug for,,,ซอง,8853871002022,100,NULL,FALSE,FALSE,NULL,,,NULL,NULL,NULL,NULL,NULL,NULL,1,NULL
3702,1,100602,Tripta 10 mg 10's,AMITRIPTYLINE,ANTIDEPRESSANTS,ขย.9,NULL,ยาในโรคเรื้อรัง (Drug for,,,ซอง,8853871002015,100,NULL,FALSE,FALSE,NULL,,,NULL,NULL,NULL,NULL,NULL,NULL,1,NULL
3703,1,100603,Metformin GPO 500 mg 10's,METFORMIN,ANTIDIABETIC,ขย.9,NULL,ยาในโรคเรื้อรัง (Drug for,,,แผง,8850678240039,100,NULL,FALSE,FALSE,NULL,,,NULL,NULL,NULL,NULL,NULL,NULL,1,NULL
3704,1,100604,Glucophage 850 mg 10's,METFORMIN,ANTIDIABETIC,ขย.9,NULL,ยาในโรคเรื้อรัง (Drug for,,,แผง,8852881075132,100,NULL,FALSE,FALSE,NULL,,,NULL,NULL,NULL,NULL,NULL,NULL,1,NULL
3705,1,100605,Glucophage 500 mg 10's,METFORMIN,ANTIDIABETIC,ขย.9,NULL,ยาในโรคเรื้อรัง (Drug for,,,แผง,8852881074722,100,NULL,FALSE,FALSE,NULL,,,NULL,NULL,NULL,NULL,NULL,NULL,1,NULL
3706,1,100606,Siamformet 850 mg 10's,METFORMIN,ANTIDIABETIC,ขย.9,NULL,ยาในโรคเรื้อรัง (Drug for,,,แผง,8852738490484,100,NULL,FALSE,FALSE,NULL,,,NULL,NULL,NULL,NULL,NULL,NULL,1,NULL
3707,1,100607,Siamformet 500 mg 10's,METFORMIN,ANTIDIABETIC,ขย.9,NULL,ยาในโรคเรื้อรัง (Drug for,,,แผง,8852738490392,100,NULL,FALSE,FALSE,NULL,,,NULL,NULL,NULL,NULL,NULL,NULL,1,NULL
3708,1,100608,Furetic 40 mg 10's,FUROSEMIDE,ANTIHYPERTENSIVES,ขย.9,NULL,ยาในโรคเรื้อรัง (Drug for,,,แผง,8852738070280,100,NULL,FALSE,FALSE,NULL,,,NULL,NULL,NULL,NULL,NULL,NULL,1,NULL
3709,1,100609,Daonil 5 mg 10's,GLIBENCAMIDE,ANTIDIABETIC,ขย.9,NULL,ยาในโรคเรื้อรัง (Drug for,,,แผง,8993237225143,100,NULL,FALSE,FALSE,NULL,,,NULL,NULL,NULL,NULL,NULL,NULL,1,NULL
3710,1,100610,Dianicron MR 60 mg 30's,GLICAZIDE,ANTIDIABETIC,ขย.9,NULL,ยาในโรคเรื้อรัง (Drug for,,,กล่อง,3594452600804,100,NULL,FALSE,FALSE,NULL,,,NULL,NULL,NULL,NULL,NULL,NULL,1,NULL
3711,1,100611,Dipazide 5 mg 10's,GLIPIZIDE,ANTIDIABETIC,ขย.9,NULL,ยาในโรคเรื้อรัง (Drug for,,,แผง,8852738490149,100,NULL,FALSE,FALSE,NULL,,,NULL,NULL,NULL,NULL,NULL,NULL,1,NULL
3712,1,100612,Glizide 5 mg 15's,GLIPIZIDE,ANTIDIABETIC,ขย.9,NULL,ยาในโรคเรื้อรัง (Drug for,,,แผง,8854596000751,100,NULL,FALSE,FALSE,NULL,,,NULL,NULL,NULL,NULL,NULL,NULL,1,NULL
3713,1,100613,Minidiab 5 mg 30's,GLIPIZIDE,ANTIDIABETIC,ขย.9,NULL,ยาในโรคเรื้อรัง (Drug for,,,กล่อง,8852855427011,100,NULL,FALSE,FALSE,NULL,,,NULL,NULL,NULL,NULL,NULL,NULL,1,NULL
3714,1,100614,Thyrosit 100 mg 10's,LEVOTHYROXINE SODIUM,THYROID PREPARATIONS,ขย.9,NULL,ยาในโรคเรื้อรัง (Drug for,,,แผง,8850239003202,100,NULL,FALSE,FALSE,NULL,,,NULL,NULL,NULL,NULL,NULL,NULL,1,NULL
3715,1,100615,Timazol 5 mg 10's,METHIMAZOLE,THYROID PREPARATIONS,ขย.9,NULL,ยาในโรคเรื้อรัง (Drug for,,,แผง,8850239003868,100,NULL,FALSE,FALSE,NULL,,,NULL,NULL,NULL,NULL,NULL,NULL,1,NULL
3716,1,100616,Burinol 300 mg 10's,ALLOPURINOL,GOUT PREPARATIONS,ขย.9,NULL,ยาในโรคเรื้อรัง (Drug for,,,แผง,8851467054103,100,NULL,FALSE,FALSE,NULL,,,NULL,NULL,NULL,NULL,NULL,NULL,1,NULL
3717,1,100617,Puride 100 mg 10's,ALLOPURINOL,GOUT PREPARATIONS,ขย.9,NULL,ยาในโรคเรื้อรัง (Drug for,,,แผง,8852645161484,100,NULL,FALSE,FALSE,NULL,,,NULL,NULL,NULL,NULL,NULL,NULL,1,NULL
3718,1,100618,Pip Allo 100 mg 10's,ALLOPURINOL,GOUT PREPARATIONS,ขย.9,NULL,ยาในโรคเรื้อรัง (Drug for,,,แผง,8858789800234,100,NULL,FALSE,FALSE,NULL,,,NULL,NULL,NULL,NULL,NULL,NULL,1,NULL
3719,1,100619,Tolchicine 0.6 mg 10's,COLCHICINE,GOUT PREPARATIONS,ขย.9,NULL,ยาในโรคเรื้อรัง (Drug for,,,แผง,8851881156100,100,NULL,FALSE,FALSE,NULL,,,NULL,NULL,NULL,NULL,NULL,NULL,1,NULL
3720,1,100620,colchicine 0.6 mg 10's,COLCHICINE,GOUT PREPARATIONS,ขย.9,NULL,ยาในโรคเรื้อรัง (Drug for,,,แผง,8852027349066,100,NULL,FALSE,FALSE,NULL,,,NULL,NULL,NULL,NULL,NULL,NULL,1,NULL
3721,1,100621,Cazosin 2 mg 10's,DOXAZOSIN,ANTIHYPERTENSIVES,ขย.9,NULL,ยาในโรคเรื้อรัง (Drug for,,,แผง,8855459000017,100,NULL,FALSE,FALSE,NULL,,,NULL,NULL,NULL,NULL,NULL,NULL,1,NULL
3722,1,100622,Cazosin 4 mg 10's,DOXAZOSIN,ANTIHYPERTENSIVES,ขย.9,NULL,ยาในโรคเรื้อรัง (Drug for,,,แผง,8855459000024,100,NULL,FALSE,FALSE,NULL,,,NULL,NULL,NULL,NULL,NULL,NULL,1,NULL
3723,1,100623,Rowatinex 10's,PINENE+CAMPHENE+CINEOL+MENTHOL+MENTHONE+,ANTIHYPERTENSIVES,ขย.9,NULL,ยาในโรคเรื้อรัง (Drug for,,,แผง,5390387001031,100,NULL,FALSE,FALSE,NULL,,,NULL,NULL,NULL,NULL,NULL,NULL,1,NULL
3724,1,100624,Samarin 140 mg 10's,SILYMARIN,ANTIHYPERLIPIDAEMIC AGENTS,ขย.9,NULL,ยาในโรคเรื้อรัง (Drug for,,,แผง,8852616201218,100,NULL,FALSE,FALSE,NULL,,,NULL,NULL,NULL,NULL,NULL,NULL,1,NULL
3725,1,100625,Apolets 75 mg 10's,CLOPIDOGREL,CARDIAC DRUGS,ขย.9,NULL,ยาในโรคเรื้อรัง (Drug for,,,แผง,771313201049,100,NULL,FALSE,FALSE,NULL,,,NULL,NULL,NULL,NULL,NULL,NULL,1,NULL
3726,1,100626,Concor 2.5 mg 10's,BISOPROLOL,ANTIHYPERTENSIVES,ขย.9,NULL,ยาในโรคเรื้อรัง (Drug for,,,แผง,8852881284114,100,NULL,FALSE,FALSE,NULL,,,NULL,NULL,NULL,NULL,NULL,NULL,1,NULL
3727,1,100627,Concor 5 mg 10's,BISOPROLOL,ANTIHYPERTENSIVES,ขย.9,NULL,ยาในโรคเรื้อรัง (Drug for,,,แผง,8852881284213,100,NULL,FALSE,FALSE,NULL,,,NULL,NULL,NULL,NULL,NULL,NULL,1,NULL
3728,1,100628,Caraten 6.25 mg 10's,CARVEDIOL,ANTIHYPERTENSIVES,ขย.9,NULL,ยาในโรคเรื้อรัง (Drug for,,,แผง,8852616100603,100,NULL,FALSE,FALSE,NULL,,,NULL,NULL,NULL,NULL,NULL,NULL,1,NULL
3729,1,100629,Caraten 12.5 mg 10's,CARVEDIOL,ANTIHYPERTENSIVES,ขย.9,NULL,ยาในโรคเรื้อรัง (Drug for,,,แผง,8852616100726,100,NULL,FALSE,FALSE,NULL,,,NULL,NULL,NULL,NULL,NULL,NULL,1,NULL
3730,1,100630,Felopine 5 mg 10's,FELODIPINE,ANTIHYPERTENSIVES,ขย.9,NULL,ยาในโรคเรื้อรัง (Drug for,,,แผง,8852616101051,100,NULL,FALSE,FALSE,NULL,,,NULL,NULL,NULL,NULL,NULL,NULL,1,NULL
3731,1,100631,Plendil 5mg 30's,FELODIPINE,ANTIHYPERTENSIVES,ขย.9,NULL,ยาในโรคเรื้อรัง (Drug for,,,ขวด,5000456015011,100,NULL,FALSE,FALSE,NULL,,,NULL,NULL,NULL,NULL,NULL,NULL,1,NULL
3732,1,100632,Monolin (berlin) 20mg 10's,ISOSORBIDE MONONITRATE,NULL,ขย.9,NULL,ยาในโรคเรื้อรัง (Drug for,,,แผง,8852616100665,100,NULL,FALSE,FALSE,NULL,,,NULL,NULL,NULL,NULL,NULL,NULL,1,NULL
3733,1,100633,Isorem 5 mg 10's,ISOSORBIDE DINITRATE,CARDIAC DRUGS,ขย.9,NULL,ยาในโรคเรื้อรัง (Drug for,,,แผง,5290665001664,100,NULL,FALSE,FALSE,NULL,,,NULL,NULL,NULL,NULL,NULL,NULL,1,NULL
3734,1,100634,Dilizem 30mg 10's,DILTIAZEM,CARDIAC DRUGS,ขย.9,NULL,ยาในโรคเรื้อรัง (Drug for,,,แผง,8852616400109,100,NULL,FALSE,FALSE,NULL,,,NULL,NULL,NULL,NULL,NULL,NULL,1,NULL
3735,1,100635,Monolin SR  20mg 10's,ISOSORBIDE MONONITRATE,CARDIAC DRUGS,ขย.9,NULL,ยาในโรคเรื้อรัง (Drug for,,,แผง,8852616100733,100,NULL,FALSE,FALSE,NULL,,,NULL,NULL,NULL,NULL,NULL,NULL,1,NULL
3736,1,100636,Siamdopa 250mg 10's,METHYLDOPA,CARDIAC DRUGS,ขย.9,NULL,ยาในโรคเรื้อรัง (Drug for,,,แผง,8852738060939,100,NULL,FALSE,FALSE,NULL,,,NULL,NULL,NULL,NULL,NULL,NULL,1,NULL
3737,1,100637,cesoline W 10's,HYDRALAZINE,ANTIHYPERTENSIVES,ขย.9,NULL,ยาในโรคเรื้อรัง (Drug for,,,แผง,8852978010152,100,NULL,FALSE,FALSE,NULL,,,NULL,NULL,NULL,NULL,NULL,NULL,1,NULL
3738,1,100638,Hyles 25mg 10's,SPIRONOLACTONE,ANTIHYPERTENSIVES,ขย.9,NULL,ยาในโรคเรื้อรัง (Drug for,,,แผง,8852616100535,100,NULL,FALSE,FALSE,NULL,,,NULL,NULL,NULL,NULL,NULL,NULL,1,NULL
3739,1,100639,Cardeloc 100mg 10's,METOPROLOL,ANTIHYPERTENSIVES,ขย.9,NULL,ยาในโรคเรื้อรัง (Drug for,,,แผง,8851881148235,100,NULL,FALSE,FALSE,NULL,,,NULL,NULL,NULL,NULL,NULL,NULL,1,NULL
3740,1,100640,Madiplot 20mg 10's,MANIDIPINE,ANTIHYPERTENSIVES,ขย.9,NULL,ยาในโรคเรื้อรัง (Drug for,,,แผง,1540,100,NULL,FALSE,FALSE,NULL,,,NULL,NULL,NULL,NULL,NULL,NULL,1,NULL
3741,1,100641,Atorvastatin Sandoz 20mg 10's,ATORVASTATIN,ANTILEPROTICS,ขย.9,NULL,ยาในโรคเรื้อรัง (Drug for,,,แผง,8859767400590,100,NULL,FALSE,FALSE,NULL,,,NULL,NULL,NULL,NULL,NULL,NULL,1,NULL
3742,1,100642,Chlovas-40 mg 10's,ATORVASTATIN,ANTILEPROTICS,ขย.9,NULL,ยาในโรคเรื้อรัง (Drug for,,,แผง,8855459005975,100,NULL,FALSE,FALSE,NULL,,,NULL,NULL,NULL,NULL,NULL,NULL,1,NULL
3743,1,100643,Chlovas-20mg 10 tab,ATORVASTATIN,ANTILEPROTICS,ขย.9,NULL,ยาในโรคเรื้อรัง (Drug for,,,แผง,8855459007870,100,NULL,FALSE,FALSE,NULL,,,NULL,NULL,NULL,NULL,NULL,NULL,1,NULL
3744,1,100644,Zimmex 20 mg10's,Simvastatin,ANTILEPROTICS,ขย.9,NULL,ยาในโรคเรื้อรัง (Drug for,,,กล่อง,8859564200713,100,NULL,FALSE,FALSE,NULL,,,NULL,NULL,NULL,NULL,NULL,NULL,1,NULL
3745,1,100645,Zimmex 10mg 10's,SIMVASTATIN,ANTILEPROTICS,ขย.9,NULL,ยาในโรคเรื้อรัง (Drug for,,,กล่อง,8859564200683,100,NULL,FALSE,FALSE,NULL,,,NULL,NULL,NULL,NULL,NULL,NULL,1,NULL
3746,1,100646,Fibril 160mg 10's,FENOFIBRATE,ANTILEPROTICS,ขย.9,NULL,ยาในโรคเรื้อรัง (Drug for,,,แผง,8852616101013,100,NULL,FALSE,FALSE,NULL,,,NULL,NULL,NULL,NULL,NULL,NULL,1,NULL
3747,1,100647,Bestatin 40mg 10's,SIMVASTATIN,ANTILEPROTICS,ขย.9,NULL,ยาในโรคเรื้อรัง (Drug for,,,แผง,8852616100917,100,NULL,FALSE,FALSE,NULL,,,NULL,NULL,NULL,NULL,NULL,NULL,1,NULL
3748,1,100648,Bestatin 20mg 10's,SIMVASTATIN,ANTILEPROTICS,ขย.9,NULL,ยาในโรคเรื้อรัง (Drug for,,,แผง,8852616100955,100,NULL,FALSE,FALSE,NULL,,,NULL,NULL,NULL,NULL,NULL,NULL,1,NULL
3749,1,100649,Bestatin 10mg 10's,SIMVASTATIN,ANTILEPROTICS,ขย.9,NULL,ยาในโรคเรื้อรัง (Drug for,,,แผง,8852616100900,100,NULL,FALSE,FALSE,NULL,,,NULL,NULL,NULL,NULL,NULL,NULL,1,NULL
3750,1,100650,Hidil 300mg 10's,GEMFIBROZIL,ANTILEPROTICS,ขย.9,NULL,ยาในโรคเรื้อรัง (Drug for,,,แผง,8852616100627,100,NULL,FALSE,FALSE,NULL,,,NULL,NULL,NULL,NULL,NULL,NULL,1,NULL
3751,1,100651,Hidil 600mg 10's,GEMFIBROZIL,ANTILEPROTICS,ขย.9,NULL,ยาในโรคเรื้อรัง (Drug for,,,แผง,8852616100276,100,NULL,FALSE,FALSE,NULL,,,NULL,NULL,NULL,NULL,NULL,NULL,1,NULL
3752,1,100652,Enaril 5mg10's,ENALAPRIL,ANTIHYPERTENSIVES,ขย.9,NULL,ยาในโรคเรื้อรัง (Drug for,,,แผง,8852662000216,100,NULL,FALSE,FALSE,NULL,,,NULL,NULL,NULL,NULL,NULL,NULL,1,NULL
3753,1,100653,Enaril 20mg 10's,ENALAPRIL,ANTIHYPERTENSIVES,ขย.9,NULL,ยาในโรคเรื้อรัง (Drug for,,,แผง,8852662000223,100,NULL,FALSE,FALSE,NULL,,,NULL,NULL,NULL,NULL,NULL,NULL,1,NULL
3754,1,100654,Ambes-5 mg 10's,AMLODIPINE,ANTIHYPERTENSIVES,ขย.9,NULL,ยาในโรคเรื้อรัง (Drug for,,,แผง,8850678304298,100,NULL,FALSE,FALSE,NULL,,,NULL,NULL,NULL,NULL,NULL,NULL,1,NULL
3755,1,100655,Ambes-10mg10's,AMLODIPINE,ANTIHYPERTENSIVES,ขย.9,NULL,ยาในโรคเรื้อรัง (Drug for,,,แผง,8850678241630,100,NULL,FALSE,FALSE,NULL,,,NULL,NULL,NULL,NULL,NULL,NULL,1,NULL
3756,1,100656,Amlodac 10mg 10's,AMLODIPINE,ANTIHYPERTENSIVES,ขย.9,NULL,ยาในโรคเรื้อรัง (Drug for,,,แผง,8901120037285,100,NULL,FALSE,FALSE,NULL,,,NULL,NULL,NULL,NULL,NULL,NULL,1,NULL
3757,1,100657,Amlopine 5mg 10's,AMLODIPINE,ANTIHYPERTENSIVES,ขย.9,NULL,ยาในโรคเรื้อรัง (Drug for,,,แผง,8852616100795,100,NULL,FALSE,FALSE,NULL,,,NULL,NULL,NULL,NULL,NULL,NULL,1,NULL
3758,1,100658,Amlopine 10mg 10's,AMLODIPINE,ANTIHYPERTENSIVES,ขย.9,NULL,ยาในโรคเรื้อรัง (Drug for,,,แผง,8852616100801,100,NULL,FALSE,FALSE,NULL,,,NULL,NULL,NULL,NULL,NULL,NULL,1,NULL
3759,1,100659,Loranta 50mg 10's,LOSATAN K,ANTIHYPERTENSIVES,ขย.9,NULL,ยาในโรคเรื้อรัง (Drug for,,,แผง,8852738061387,100,NULL,FALSE,FALSE,NULL,,,NULL,NULL,NULL,NULL,NULL,NULL,1,NULL
3760,1,100660,Loranta 100mg 10's,LOSATAN K,ANTIHYPERTENSIVES,ขย.9,NULL,ยาในโรคเรื้อรัง (Drug for,,,แผง,8852738061394,100,NULL,FALSE,FALSE,NULL,,,NULL,NULL,NULL,NULL,NULL,NULL,1,NULL
3761,1,100661,Tanzaril 50mg 10's,LOSATAN K,ANTIHYPERTENSIVES,ขย.9,NULL,ยาในโรคเรื้อรัง (Drug for,,,แผง,8851102003169,100,NULL,FALSE,FALSE,NULL,,,NULL,NULL,NULL,NULL,NULL,NULL,1,NULL
3762,1,100662,Tanzaril 100mg 10's,LOSATAN K,ANTIHYPERTENSIVES,ขย.9,NULL,ยาในโรคเรื้อรัง (Drug for,,,แผง,8851102003305,100,NULL,FALSE,FALSE,NULL,,,NULL,NULL,NULL,NULL,NULL,NULL,1,NULL
3763,1,100663,Lanzaar 100mg 10's,LOSATAN K,ANTIHYPERTENSIVES,ขย.9,NULL,ยาในโรคเรื้อรัง (Drug for,,,แผง,8852616102218,100,NULL,FALSE,FALSE,NULL,,,NULL,NULL,NULL,NULL,NULL,NULL,1,NULL
3764,1,100664,Lanzaar 50mg 10's,LOSATAN K,ANTIHYPERTENSIVES,ขย.9,NULL,ยาในโรคเรื้อรัง (Drug for,,,แผง,8852616102201,100,NULL,FALSE,FALSE,NULL,,,NULL,NULL,NULL,NULL,NULL,NULL,1,NULL
3765,1,100665,Anapril 20mg 10's,ENALAPRIL,ANTIHYPERTENSIVES,ขย.9,NULL,ยาในโรคเรื้อรัง (Drug for,,,กล่อง,8852616100597,100,NULL,FALSE,FALSE,NULL,,,NULL,NULL,NULL,NULL,NULL,NULL,1,NULL
3766,1,100666,Anapril 5mg 10's,ENALAPRIL,ANTIHYPERTENSIVES,ขย.9,NULL,ยาในโรคเรื้อรัง (Drug for,,,แผง,8852616100580,100,NULL,FALSE,FALSE,NULL,,,NULL,NULL,NULL,NULL,NULL,NULL,1,NULL
3767,1,100667,Prenolol 50mg 10's,ATENOLOL,ANTIHYPERTENSIVES,ขย.9,NULL,ยาในโรคเรื้อรัง (Drug for,,,แผง,8852616100412,100,NULL,FALSE,FALSE,NULL,,,NULL,NULL,NULL,NULL,NULL,NULL,1,NULL
3768,1,100668,Prenolol 100mg 10's,ATENOLOL,ANTIHYPERTENSIVES,ขย.9,NULL,ยาในโรคเรื้อรัง (Drug for,,,แผง,8852616100450,100,NULL,FALSE,FALSE,NULL,,,NULL,NULL,NULL,NULL,NULL,NULL,1,NULL
3769,1,100669,Prenolol 25mg 10's,ATENOLOL,ANTIHYPERTENSIVES,ขย.9,NULL,ยาในโรคเรื้อรัง (Drug for,,,แผง,8852616100337,100,NULL,FALSE,FALSE,NULL,,,NULL,NULL,NULL,NULL,NULL,NULL,1,NULL
3770,1,100670,Propranolol 10mg 10's,PROPANOLOL,ANTIHYPERTENSIVES,ขย.9,NULL,ยาในโรคเรื้อรัง (Drug for,,,แผง,8850678237213,100,NULL,FALSE,FALSE,NULL,,,NULL,NULL,NULL,NULL,NULL,NULL,1,NULL
3771,1,100671,Betalol 10mg 10's,PROPANOLOL,ANTIHYPERTENSIVES,ขย.9,NULL,ยาในโรคเรื้อรัง (Drug for,,,แผง,8852616100023,100,NULL,FALSE,FALSE,NULL,,,NULL,NULL,NULL,NULL,NULL,NULL,1,NULL
3772,1,100672,Next Heal+h แผ่นวัดน้ำตาล 50 ชิ้น,NULL,NULL,ขย.9,NULL,อุปกรณ์ทางการแพทย์,,,กล่อง,0,100,NULL,FALSE,FALSE,NULL,,,0,0,0,0,0,0,,/uploads/100672_1.jpg
3773,1,100673,Lancets เข็มเจาะน้ำตาล 100ชิ้น,NULL,NULL,ขย.9,NULL,อุปกรณ์ทางการแพทย์,,,กล่อง,6949517000018,100,NULL,FALSE,FALSE,NULL,,,NULL,NULL,NULL,NULL,NULL,NULL,1,NULL
3774,1,100674,Next Heal+h เครื่องตรวจน้ำตาล,NULL,NULL,ขย.9,NULL,อุปกรณ์ทางการแพทย์,,,กล่อง,8856959006233,100,NULL,FALSE,FALSE,NULL,,,NULL,NULL,NULL,NULL,NULL,NULL,1,NULL
3775,1,100675,AMA เครื่องวัดความดัน,NULL,NULL,ขย.9,NULL,อุปกรณ์ทางการแพทย์,,,กล่อง,8859243303612,100,NULL,FALSE,FALSE,NULL,,,NULL,NULL,NULL,NULL,NULL,NULL,1,NULL
3776,1,100676,Primolut N 15's,NORETHISTERONE+MESTRANOL,CONTRACEPTIVE AGENTS,ขย.9,NULL,ยาคุมกำเนิดและฮอร์โมนทดแท,,,แผง,4057598010214,100,NULL,FALSE,FALSE,NULL,,,NULL,NULL,NULL,NULL,NULL,NULL,1,NULL
3777,1,100677,NORCA BP 5 mg 10's,NORETHISTERONE+MESTRANOL,CONTRACEPTIVE AGENTS,ขย.9,NULL,ยาคุมกำเนิดและฮอร์โมนทดแท,,,แผง,18904115700994,100,NULL,FALSE,FALSE,NULL,,,0,0,0,0,0,0,,/uploads/100677_1.jpg
3778,1,100678,Cyclo-Progynova  21's,ESTRADIOL+NORGESTREL,CONTRACEPTIVE AGENTS,ขย.9,NULL,ยาคุมกำเนิดและฮอร์โมนทดแท,,,แผง/กล่อง,8854849000118,100,NULL,FALSE,FALSE,NULL,,,NULL,NULL,NULL,NULL,NULL,NULL,1,NULL
3779,1,100679,Depo-A injection 3 ml,MEDROXYPROGESTERONE,CONTRACEPTIVE AGENTS,ขย.9,NULL,ยาคุมกำเนิดและฮอร์โมนทดแท,,,ขวด,8854060000621,100,NULL,FALSE,FALSE,NULL,,,0,0,0,0,0,0,1,/uploads/100679_1.jpg
3780,1,100680,Testos 3x10's,TESTOSTERONE,CONTRACEPTIVE AGENTS,ขย.9,NULL,ยาคุมกำเนิดและฮอร์โมนทดแท,,,กล่อง,8857121193614,100,NULL,FALSE,FALSE,NULL,,,NULL,NULL,NULL,NULL,NULL,NULL,1,NULL
3781,1,100681,ยาเกร็กคู Graku Capsule 6's,NULL,NULL,ขย.9,NULL,ยาคุมกำเนิดและฮอร์โมนทดแท,,,แผง/กล่อง,8859022600017,100,NULL,FALSE,FALSE,NULL,,,NULL,NULL,NULL,NULL,NULL,NULL,1,NULL
3782,1,100682,จิ่วเจิ้ง ปู่เซิน เจียวหนัง S one 6's,NULL,NULL,ขย.9,NULL,ยาคุมกำเนิดและฮอร์โมนทดแท,,,แผง/กล่อง,8856139904175,100,NULL,FALSE,FALSE,NULL,,,NULL,NULL,NULL,NULL,NULL,NULL,1,NULL
3783,1,100683,LADI-PLUS Body Spray For Men 6 ml,NULL,NULL,ขย.9,NULL,ยาคุมกำเนิดและฮอร์โมนทดแท,,,กล่อง,8857200389839,100,NULL,FALSE,FALSE,NULL,,,NULL,NULL,NULL,NULL,NULL,NULL,1,NULL
3784,1,100684,ผงพิเศษ ตราร่มชูชีพ 4 กรัม,NULL,NULL,ขย.9,NULL,ยาระบบการติดเชื้อ,,,ซอง,8854746009993,100,NULL,FALSE,FALSE,NULL,,,NULL,NULL,NULL,NULL,NULL,NULL,1,NULL
3785,1,100685,Lonnagel Peppermint 1g,TRIAMCINOLONE,STEROIDS,ขย.9,NULL,ยาใช้เฉพาะที่,,,ซอง,8855107000338,100,NULL,FALSE,FALSE,NULL,,,NULL,NULL,NULL,NULL,NULL,NULL,1,NULL
3786,1,100686,Lonnagel Orange 1g,TRIAMCINOLONE,STEROIDS,ขย.9,NULL,ยาใช้เฉพาะที่,,,ซอง,8855107000703,100,NULL,FALSE,FALSE,NULL,,,NULL,NULL,NULL,NULL,NULL,NULL,1,NULL
3787,1,100687,Lonnagel  Orange 5g,TRIAMCINOLONE,STEROIDS,ขย.9,NULL,ยาใช้เฉพาะที่,,,หลอด,8855107000741,100,NULL,FALSE,FALSE,NULL,,,NULL,NULL,NULL,NULL,NULL,NULL,1,NULL
3788,1,100688,Lonnagel Peppermint 5g,TRIAMCINOLONE,STEROIDS,ขย.9,NULL,ยาใช้เฉพาะที่,,,หลอด,8855107000314,100,NULL,FALSE,FALSE,NULL,,,NULL,NULL,NULL,NULL,NULL,NULL,1,NULL
3789,1,100689,Kanolone Ointment 1g,TRIAMCINOLONE,STEROIDS,ขย.9,NULL,ยาใช้เฉพาะที่,,,ซอง,8852810184522,100,NULL,FALSE,FALSE,NULL,,,NULL,NULL,NULL,NULL,NULL,NULL,1,NULL
3790,1,100690,Trinolone-Kids Oral Paste Strawberry  1g,TRIAMCINOLONE,STEROIDS,ขย.9,NULL,ยาใช้เฉพาะที่,,,ซอง,8858860101090,100,NULL,FALSE,FALSE,NULL,,,NULL,NULL,NULL,NULL,NULL,NULL,1,NULL
3791,1,100691,Trinolone Oral Rast Ointment 1g,TRIAMCINOLONE,STEROIDS,ขย.9,NULL,ยาใช้เฉพาะที่,,,ซอง,8858860100253,100,NULL,FALSE,FALSE,NULL,,,NULL,NULL,NULL,NULL,NULL,NULL,1,NULL
3792,1,100692,TIME Oral Ulcer Patch 1.5 cm 2 Patches,NULL,NULL,ขย.9,NULL,ยาใช้เฉพาะที่,,,ซอง,8859459700106,100,NULL,FALSE,FALSE,NULL,,,NULL,NULL,NULL,NULL,NULL,NULL,1,NULL
3793,1,100693,BACIDAL Ointment 5g,MUPIROCIN,ANTIBIOTICS,ขย.9,NULL,ยาระบบการติดเชื้อ,,,หลอด,8858942801023,100,NULL,FALSE,FALSE,NULL,,,NULL,NULL,NULL,NULL,NULL,NULL,1,NULL
3794,1,100694,Fucidin Cream  Fusidic acid 2% 15g,FUCIDIC ACID,ANTIBIOTICS,ขย.9,NULL,ยาระบบการติดเชื้อ,,,หลอด,5702191008159,100,NULL,FALSE,FALSE,NULL,,,NULL,NULL,NULL,NULL,NULL,NULL,1,NULL
3795,1,100695,Systral Cream 10g,CHLORPHENIRAMINE,ANTIHISTAMINES & ANTIALLERGICS,ขย.9,NULL,ยาใช้เฉพาะที่,,,หลอด,8858789600117,100,NULL,FALSE,FALSE,NULL,,,NULL,NULL,NULL,NULL,NULL,NULL,1,NULL
3796,1,100696,Systral Cream 25g,CHLORPHENIRAMINE,ANTIHISTAMINES & ANTIALLERGICS,ขย.9,NULL,ยาใช้เฉพาะที่,,,หลอด,8858789600124,100,NULL,FALSE,FALSE,NULL,,,NULL,NULL,NULL,NULL,NULL,NULL,1,NULL
3797,1,100697,Glucose Powder 454g,GLUCOSE,NULL,ขย.9,NULL,อุปกรณ์ทางการแพทย์,,,กระป๋อง,8852746070081,100,NULL,FALSE,FALSE,NULL,,,NULL,NULL,NULL,NULL,NULL,NULL,1,NULL
3798,1,100698,Mycozole Powder 50g,CLOTRIMAZOLE,ANTIFUNGALS,ขย.9,NULL,อุปกรณ์ทางการแพทย์,,,กล่อง,8852535005898,100,NULL,FALSE,FALSE,NULL,,,NULL,NULL,NULL,NULL,NULL,NULL,1,NULL
3799,1,100699,Canesbalance Vaginal Gel 5 ml ( 7หลอด/กล่อง),NULL,ANTIBIOTICS,ขย.9,NULL,อุปกรณ์ทางการแพทย์,,,กล่อง,4057599006551,100,NULL,FALSE,FALSE,NULL,,,NULL,NULL,NULL,NULL,NULL,NULL,1,NULL
3800,1,100700,Cerazette 1x28's,DESOGESTREL,CONTRACEPTIVE AGENTS,ขย.9,NULL,ยาคุมกำเนิดและฮอร์โมนทดแท,,,แผง/กล่อง,840164515626,100,NULL,FALSE,FALSE,NULL,,,NULL,NULL,NULL,NULL,NULL,NULL,1,NULL
3801,1,100701,Microgynon 30 ED 1x28's,LEVONORGESTREL+ETHINYLOESTRADIOL,CONTRACEPTIVE AGENTS,ขย.9,NULL,ยาคุมกำเนิดและฮอร์โมนทดแท,,,แผง/กล่อง,7896116866431,100,NULL,FALSE,FALSE,NULL,,,NULL,NULL,NULL,NULL,NULL,NULL,1,NULL
3802,1,100702,Diora 1x28's,D-NORGESTREL+ETHINYLESTRADIOL,CONTRACEPTIVE AGENTS,ขย.9,NULL,ยาคุมกำเนิดและฮอร์โมนทดแท,,,แผง/กล่อง,8851473008138,100,NULL,FALSE,FALSE,NULL,,,NULL,NULL,NULL,NULL,NULL,NULL,1,NULL
3803,1,100703,Rita28 1x28's,DESOGESTREL+ETHINYLESTRADIOL,CONTRACEPTIVE AGENTS,ขย.9,NULL,ยาคุมกำเนิดและฮอร์โมนทดแท,,,แผง/กล่อง,8852662002142,100,NULL,FALSE,FALSE,NULL,,,NULL,NULL,NULL,NULL,NULL,NULL,1,NULL
3804,1,100704,Dailyton 1x28's,LYNESTRENOL,CONTRACEPTIVE AGENTS,ขย.9,NULL,ยาคุมกำเนิดและฮอร์โมนทดแท,,,แผง/กล่อง,8853001001048,100,NULL,FALSE,FALSE,NULL,,,NULL,NULL,NULL,NULL,NULL,NULL,1,NULL
3805,1,100705,PREME28 1x28's,CYPROTERONE ACETATE+ETHINYLESTRADIOL,CONTRACEPTIVE AGENTS,ขย.9,NULL,ยาคุมกำเนิดและฮอร์โมนทดแท,,,แผง/กล่อง,8851473009852,100,NULL,FALSE,FALSE,NULL,,,NULL,NULL,NULL,NULL,NULL,NULL,1,NULL
3806,1,100706,R-den 1x28's,LEVONORGESTREL+ETHINYLOESTRADIOL,CONTRACEPTIVE AGENTS,ขย.9,NULL,ยาคุมกำเนิดและฮอร์โมนทดแท,,,แผง/กล่อง,8851473000996,100,NULL,FALSE,FALSE,NULL,,,NULL,NULL,NULL,NULL,NULL,NULL,1,NULL
3807,1,100707,Sucee28 1x28's,CYPROTERONE ACETATE+ETHINYLESTRADIOL,CONTRACEPTIVE AGENTS,ขย.9,NULL,ยาคุมกำเนิดและฮอร์โมนทดแท,,,แผง/กล่อง,8852662001541,100,NULL,FALSE,FALSE,NULL,,,NULL,NULL,NULL,NULL,NULL,NULL,1,NULL
3808,1,100708,CAMELLA28 1x28's,GESTODENE+ETHINYL ESTRADIOL,CONTRACEPTIVE AGENTS,ขย.9,NULL,ยาคุมกำเนิดและฮอร์โมนทดแท,,,แผง/กล่อง,8851473009814,100,NULL,FALSE,FALSE,NULL,,,NULL,NULL,NULL,NULL,NULL,NULL,1,NULL
3809,1,100709,Exluton 1x28's,LYNESTRENOL,CONTRACEPTIVE AGENTS,ขย.9,NULL,ยาคุมกำเนิดและฮอร์โมนทดแท,,,bottle,840164515657,100,NULL,FALSE,FALSE,NULL,,,NULL,NULL,NULL,NULL,NULL,NULL,1,NULL
3810,1,100710,Herz 1x28's,DROSPIRENENONE+ETHINYL ESTRADIOL,CONTRACEPTIVE AGENTS,ขย.9,NULL,ยาคุมกำเนิดและฮอร์โมนทดแท,,,แผง/กล่อง,8852662002081,100,NULL,FALSE,FALSE,NULL,,,NULL,NULL,NULL,NULL,NULL,NULL,1,NULL
3811,1,100711,Femine30 1x28's,DESOGESTREL+ETHINYLESTRADIOL,CONTRACEPTIVE AGENTS,ขย.9,NULL,ยาคุมกำเนิดและฮอร์โมนทดแท,,,แผง/กล่อง,8855459005197,100,NULL,FALSE,FALSE,NULL,,,NULL,NULL,NULL,NULL,NULL,NULL,1,NULL
3812,1,100712,Margaret X.O. 1x28's,NORETHISTERONE+MESTRANOL,CONTRACEPTIVE AGENTS,ขย.9,NULL,ยาคุมกำเนิดและฮอร์โมนทดแท,,,แผง/กล่อง,8858981113040,100,NULL,FALSE,FALSE,NULL,,,NULL,NULL,NULL,NULL,NULL,NULL,1,NULL
3813,1,100713,Marvelon28 1x28's,DESOGESTREL+ETHINYLESTRADIOL,CONTRACEPTIVE AGENTS,ขย.9,NULL,ยาคุมกำเนิดและฮอร์โมนทดแท,,,แผง/กล่อง,840164515695,100,NULL,FALSE,FALSE,NULL,,,NULL,NULL,NULL,NULL,NULL,NULL,1,NULL
3814,1,100714,Annylyn28 1x28's,GESTODENE+ETHINYL ESTRADIOL,CONTRACEPTIVE AGENTS,ขย.9,NULL,ยาคุมกำเนิดและฮอร์โมนทดแท,,,แผง/กล่อง,8851473005700,100,NULL,FALSE,FALSE,NULL,,,NULL,NULL,NULL,NULL,NULL,NULL,1,NULL
3815,1,100715,MINOZ 1x28's,GESTODENE+ETHINYL ESTRADIOL,CONTRACEPTIVE AGENTS,ขย.9,NULL,ยาคุมกำเนิดและฮอร์โมนทดแท,,,แผง/กล่อง,8855459005746,100,NULL,FALSE,FALSE,NULL,,,NULL,NULL,NULL,NULL,NULL,NULL,1,NULL
3816,1,100716,Minny28 1x28's,DESOGESTREL+ETHINYLESTRADIOL,CONTRACEPTIVE AGENTS,ขย.9,NULL,ยาคุมกำเนิดและฮอร์โมนทดแท,,,แผง/กล่อง,8852662001466,100,NULL,FALSE,FALSE,NULL,,,NULL,NULL,NULL,NULL,NULL,NULL,1,NULL
3817,1,100717,Mercilon28 1x28's,DESOGESTREL+ETHINYLESTRADIOL,CONTRACEPTIVE AGENTS,ขย.9,NULL,ยาคุมกำเนิดและฮอร์โมนทดแท,,,แผง/กล่อง,840164515718,100,NULL,FALSE,FALSE,NULL,,,NULL,NULL,NULL,NULL,NULL,NULL,1,NULL
3818,1,100718,ONJEL20 1x28's,GESTODENE+ETHINYL ESTRADIOL,CONTRACEPTIVE AGENTS,ขย.9,NULL,ยาคุมกำเนิดและฮอร์โมนทดแท,,,แผง/กล่อง,8855459006040,100,NULL,FALSE,FALSE,NULL,,,NULL,NULL,NULL,NULL,NULL,NULL,1,NULL
3819,1,100719,YAZ 1x28's,DROSPIRENENONE+ETHINYL ESTRADIOL,CONTRACEPTIVE AGENTS,ขย.9,NULL,ยาคุมกำเนิดและฮอร์โมนทดแท,,,แผง/กล่อง,8854849000545,100,NULL,FALSE,FALSE,NULL,,,NULL,NULL,NULL,NULL,NULL,NULL,1,NULL
3820,1,100720,minidoz 1x28's,GESTODENE+ETHINYL ESTRADIOL,CONTRACEPTIVE AGENTS,ขย.9,NULL,ยาคุมกำเนิดและฮอร์โมนทดแท,,,แผง/กล่อง,8858741500288,100,NULL,FALSE,FALSE,NULL,,,NULL,NULL,NULL,NULL,NULL,NULL,1,NULL
3821,1,100721,Synfonia 1x28's,DROSPIRENENONE+ETHINYL ESTRADIOL,CONTRACEPTIVE AGENTS,ขย.9,NULL,ยาคุมกำเนิดและฮอร์โมนทดแท,,,แผง/กล่อง,8858741500264,100,NULL,FALSE,FALSE,NULL,,,NULL,NULL,NULL,NULL,NULL,NULL,1,NULL
3822,1,100722,AnNa 1x28's,LEVONORGESTREL+ETHINYLOESTRADIOL,CONTRACEPTIVE AGENTS,ขย.9,NULL,ยาคุมกำเนิดและฮอร์โมนทดแท,,,แผง/กล่อง,8851473008237,100,NULL,FALSE,FALSE,NULL,,,NULL,NULL,NULL,NULL,NULL,NULL,1,NULL
3823,1,100723,ANAMAI 1x28's,NORETHISTERONE+MESTRANOL,CONTRACEPTIVE AGENTS,ขย.9,NULL,ยาคุมกำเนิดและฮอร์โมนทดแท,,,แผง/กล่อง,100723,100,NULL,FALSE,FALSE,NULL,,,NULL,NULL,NULL,NULL,NULL,NULL,1,NULL
3824,1,100724,Jeny FMP 1x28's,NORGESTREL+ETHINYLESTRADIOL,CONTRACEPTIVE AGENTS,ขย.9,NULL,ยาคุมกำเนิดและฮอร์โมนทดแท,,,แผง/กล่อง,100724,100,NULL,FALSE,FALSE,NULL,,,NULL,NULL,NULL,NULL,NULL,NULL,1,NULL
3825,1,100725,Madonna 1x2's,LEVONORGESTREL,CONTRACEPTIVE AGENTS,ขย.9,NULL,ยาคุมกำเนิดและฮอร์โมนทดแท,,,แผง/กล่อง,8852662000858,100,NULL,FALSE,FALSE,NULL,,,NULL,NULL,NULL,NULL,NULL,NULL,1,NULL
3826,1,100726,MARNON 1x28's,NORGESTREL+ETHINYLESTRADIOL,CONTRACEPTIVE AGENTS,ขย.9,NULL,ยาคุมกำเนิดและฮอร์โมนทดแท,,,แผง/กล่อง,100726,100,NULL,FALSE,FALSE,NULL,,,NULL,NULL,NULL,NULL,NULL,NULL,1,NULL
3827,1,100727,Maple Forte 1x1's,LEVONORGESTREL,CONTRACEPTIVE AGENTS,ขย.9,NULL,ยาคุมกำเนิดและฮอร์โมนทดแท,,,แผง/กล่อง,8855459007122,100,NULL,FALSE,FALSE,NULL,,,NULL,NULL,NULL,NULL,NULL,NULL,1,NULL
3828,1,100728,Gynecon 1x5's,NYSTATIN,ANTIFUNGALS,ขย.9,NULL,ยาระบบการติดเชื้อ,,,แผง,8858954800199,100,NULL,FALSE,FALSE,NULL,,,NULL,NULL,NULL,NULL,NULL,NULL,1,NULL
3829,1,100729,Dafne35 1x21's,CYPROTERONE ACETATE+ETHINYLESTRADIOL,CONTRACEPTIVE AGENTS,ขย.9,NULL,ยาคุมกำเนิดและฮอร์โมนทดแท,,,แผง/กล่อง,8858741500561,100,NULL,FALSE,FALSE,NULL,,,NULL,NULL,NULL,NULL,NULL,NULL,1,NULL
3830,1,100730,Diane35 1x21's,CYPROTERONE ACETATE+ETHINYLESTRADIOL,CONTRACEPTIVE AGENTS,ขย.9,NULL,ยาคุมกำเนิดและฮอร์โมนทดแท,,,แผง/กล่อง,4057598028110,100,NULL,FALSE,FALSE,NULL,,,NULL,NULL,NULL,NULL,NULL,NULL,1,NULL
3831,1,100731,OC35 1x21's,CYPROTERONE ACETATE+ETHINYLESTRADIOL,CONTRACEPTIVE AGENTS,ขย.9,NULL,ยาคุมกำเนิดและฮอร์โมนทดแท,,,แผง/กล่อง,8858983001185,100,NULL,FALSE,FALSE,NULL,,,NULL,NULL,NULL,NULL,NULL,NULL,1,NULL
3832,1,100732,Annie 1x21's,CYPROTERONE ACETATE+ETHINYLESTRADIOL,CONTRACEPTIVE AGENTS,ขย.9,NULL,ยาคุมกำเนิดและฮอร์โมนทดแท,,,แผง/กล่อง,8854596002700,100,NULL,FALSE,FALSE,NULL,,,NULL,NULL,NULL,NULL,NULL,NULL,1,NULL
3833,1,100733,Laura35 1x21's,CYPROTERONE ACETATE+ETHINYLESTRADIOL,CONTRACEPTIVE AGENTS,ขย.9,NULL,ยาคุมกำเนิดและฮอร์โมนทดแท,,,แผง/กล่อง,8853001000737,100,NULL,FALSE,FALSE,NULL,,,NULL,NULL,NULL,NULL,NULL,NULL,1,NULL
3834,1,100734,PREME  21's,CYPROTERONE ACETATE+ETHINYLESTRADIOL,CONTRACEPTIVE AGENTS,ขย.9,NULL,ยาคุมกำเนิดและฮอร์โมนทดแท,,,แผง/กล่อง,8851473000323,100,NULL,FALSE,FALSE,NULL,,,NULL,NULL,NULL,NULL,NULL,NULL,1,NULL
3835,1,100735,Sucee 1x21's,CYPROTERONE ACETATE+ETHINYLESTRADIOL,CONTRACEPTIVE AGENTS,ขย.9,NULL,ยาคุมกำเนิดและฮอร์โมนทดแท,,,แผง/กล่อง,8852662000391,100,NULL,FALSE,FALSE,NULL,,,NULL,NULL,NULL,NULL,NULL,NULL,1,NULL
3836,1,100736,Rita21 1x21's,DESOGESTREL+ETHINYLESTRADIOL,CONTRACEPTIVE AGENTS,ขย.9,NULL,ยาคุมกำเนิดและฮอร์โมนทดแท,,,แผง/กล่อง,8852662002135,100,NULL,FALSE,FALSE,NULL,,,NULL,NULL,NULL,NULL,NULL,NULL,1,NULL
3837,1,100737,Beriz 1x21's,DESOGESTREL+ETHINYLESTRADIOL,CONTRACEPTIVE AGENTS,ขย.9,NULL,ยาคุมกำเนิดและฮอร์โมนทดแท,,,แผง/กล่อง,8858645604211,100,NULL,FALSE,FALSE,NULL,,,NULL,NULL,NULL,NULL,NULL,NULL,1,NULL
3838,1,100738,Camella 1x21's,GESTODENE+ETHINYL ESTRADIOL,CONTRACEPTIVE AGENTS,ขย.9,NULL,ยาคุมกำเนิดและฮอร์โมนทดแท,,,แผง/กล่อง,8851473009791,100,NULL,FALSE,FALSE,NULL,,,NULL,NULL,NULL,NULL,NULL,NULL,1,NULL
3839,1,100739,Diora21 1x21's,D-NORGESTREL+ETHINYLESTRADIOL,CONTRACEPTIVE AGENTS,ขย.9,NULL,ยาคุมกำเนิดและฮอร์โมนทดแท,,,แผง/กล่อง,8851473008152,100,NULL,FALSE,FALSE,NULL,,,NULL,NULL,NULL,NULL,NULL,NULL,1,NULL
3840,1,100740,Marvelon 1x21's,DESOGESTREL+ETHINYLESTRADIOL,CONTRACEPTIVE AGENTS,ขย.9,NULL,ยาคุมกำเนิดและฮอร์โมนทดแท,,,แผง/กล่อง,840164515688,100,NULL,FALSE,FALSE,NULL,,,NULL,NULL,NULL,NULL,NULL,NULL,1,NULL
3841,1,100741,Minny 1x21's,DESOGESTREL+ETHINYLESTRADIOL,CONTRACEPTIVE AGENTS,ขย.9,NULL,ยาคุมกำเนิดและฮอร์โมนทดแท,,,แผง/กล่อง,8852662001459,100,NULL,FALSE,FALSE,NULL,,,NULL,NULL,NULL,NULL,NULL,NULL,1,NULL
3842,1,100742,Mercilon 1x21's,DESOGESTREL+ETHINYLESTRADIOL,CONTRACEPTIVE AGENTS,ขย.9,NULL,ยาคุมกำเนิดและฮอร์โมนทดแท,,,แผง/กล่อง,840164515701,100,NULL,FALSE,FALSE,NULL,,,NULL,NULL,NULL,NULL,NULL,NULL,1,NULL
3843,1,100743,Annylyn 1x21's,GESTODENE+ETHINYL ESTRADIOL,CONTRACEPTIVE AGENTS,ขย.9,NULL,ยาคุมกำเนิดและฮอร์โมนทดแท,,,แผง/กล่อง,8851473005687,100,NULL,FALSE,FALSE,NULL,,,NULL,NULL,NULL,NULL,NULL,NULL,1,NULL
3844,1,100744,Melodia 1x21's,DROSPIRENENONE+ETHINYL ESTRADIOL,CONTRACEPTIVE AGENTS,ขย.9,NULL,ยาคุมกำเนิดและฮอร์โมนทดแท,,,แผง/กล่อง,8858741500233,100,NULL,FALSE,FALSE,NULL,,,NULL,NULL,NULL,NULL,NULL,NULL,1,NULL
3845,1,100745,Yasmin 1x21's,DROSPIRENENONE+ETHINYL ESTRADIOL,CONTRACEPTIVE AGENTS,ขย.9,NULL,ยาคุมกำเนิดและฮอร์โมนทดแท,,,แผง/กล่อง,8854849000712,100,NULL,FALSE,FALSE,NULL,,,NULL,NULL,NULL,NULL,NULL,NULL,1,NULL
3846,1,100746,Novynette 21 tab,DESOGESTREL+ETHINYLESTRADIOL,CONTRACEPTIVE AGENTS,ขย.9,NULL,ยาคุมกำเนิดและฮอร์โมนทดแท,,,แผง/กล่อง,5997001357781,100,NULL,FALSE,FALSE,NULL,,,NULL,NULL,NULL,NULL,NULL,NULL,1,NULL
3847,1,100747,Candinox 1x1's,CLOTRIMAZOLE,ANTIBIOTICS,ขย.9,NULL,ยาระบบการติดเชื้อ,,,แผง/กล่อง,8858767411384,100,NULL,FALSE,FALSE,NULL,,,NULL,NULL,NULL,NULL,NULL,NULL,1,NULL
3848,1,100748,Cotren Vaginal Tablet 1x1's,CLOTRIMAZOLE,ANTIBIOTICS,ขย.9,NULL,ยาระบบการติดเชื้อ,,,แผง/กล่อง,8852662001534,100,NULL,FALSE,FALSE,NULL,,,NULL,NULL,NULL,NULL,NULL,NULL,1,NULL
3849,1,100749,Canesten  Vaginal  1's,CLOTRIMAZOLE,ANTIFUNGALS,ขย.9,NULL,ยาระบบการติดเชื้อ,,,แผง/กล่อง,8850172231106,100,NULL,FALSE,FALSE,NULL,,,NULL,NULL,NULL,NULL,NULL,NULL,1,NULL
3850,1,100750,HAFIF Shampoo 50 ml กำจัดเหา,CARBARIL,NULL,ขย.9,NULL,อุปกรณ์ทางการแพทย์,,,กล่อง,8852673001004,100,NULL,FALSE,FALSE,NULL,,,NULL,NULL,NULL,NULL,NULL,NULL,1,NULL
3851,1,100751,VISTRA Bilberry Extract Plus Lutein Beta Carotene& Vit.E 30 Cap,NULL,VITAMINS & MINERALS,ขย.9,NULL,วิตามินและอาหารเสริม,,,ขวด,8851515604557,100,NULL,FALSE,FALSE,NULL,,,NULL,NULL,NULL,NULL,NULL,NULL,1,NULL
3852,1,100752,VISTRA  Bran Oil&Rice Germ Oil Plus Wheat Germ Oil 1000 mg 40 Capsules,NULL,VITAMINS & MINERALS,ขย.9,NULL,วิตามินและอาหารเสริม,,,ขวด,8851515604335,100,NULL,FALSE,FALSE,NULL,,,NULL,NULL,NULL,NULL,NULL,NULL,1,NULL
3853,1,100753,VISTRA Gotu Kola Extract Plus Zinc 30 Capsules,NULL,VITAMINS & MINERALS,ขย.9,NULL,วิตามินและอาหารเสริม,,,ขวด,8851515603055,100,NULL,FALSE,FALSE,NULL,,,NULL,NULL,NULL,NULL,NULL,NULL,1,NULL
3854,1,100754,VISTRA Ginkgo120 Ginkgo Biloba Extract 12 mg  30 Tablets,NULL,VITAMINS & MINERALS,ขย.9,NULL,วิตามินและอาหารเสริม,,,ขวด,8851515603093,100,NULL,FALSE,FALSE,NULL,,,NULL,NULL,NULL,NULL,NULL,NULL,1,NULL
3855,1,100755,VISTRA L-Cysteine Plus Biotin 30 Tab,NULL,VITAMINS & MINERALS,ขย.9,NULL,วิตามินและอาหารเสริม,,,ขวด,8851515603123,100,NULL,FALSE,FALSE,NULL,,,NULL,NULL,NULL,NULL,NULL,NULL,1,NULL
3856,1,100756,VISTRA Tomato Extract Plus Beta-Carotene&Vit.E 30 Cap,NULL,VITAMINS & MINERALS,ขย.9,NULL,วิตามินและอาหารเสริม,,,ขวด,8851515604304,100,NULL,FALSE,FALSE,NULL,,,NULL,NULL,NULL,NULL,NULL,NULL,1,NULL
3857,1,100757,VISTRA L-ArGinine Plus L-Drnithine Hydrochloride 1000 mg 30 Tab,NULL,VITAMINS & MINERALS,ขย.9,NULL,วิตามินและอาหารเสริม,,,ขวด,8851515605325,100,NULL,FALSE,FALSE,NULL,,,NULL,NULL,NULL,NULL,NULL,NULL,1,NULL
3858,1,100758,VITRA Forty Plus40 Multivitamins&Evening Primrose Oil 30 cap,NULL,VITAMINS & MINERALS,ขย.9,NULL,วิตามินและอาหารเสริม,,,ขวด,8851515605363,100,NULL,FALSE,FALSE,NULL,,,NULL,NULL,NULL,NULL,NULL,NULL,1,NULL
3859,1,100759,VISTRA L-Carnitine 500 mg Plus 3L - 30 Tab,NULL,VITAMINS & MINERALS,ขย.9,NULL,วิตามินและอาหารเสริม,,,ขวด,8851515602942,100,NULL,FALSE,FALSE,NULL,,,NULL,NULL,NULL,NULL,NULL,NULL,1,NULL
3860,1,100760,VISTRA Odorless Fish Oil 1000 mg- 100 Tab,NULL,VITAMINS & MINERALS,ขย.9,NULL,วิตามินและอาหารเสริม,,,ขวด,8851515606551,100,NULL,FALSE,FALSE,NULL,,,NULL,NULL,NULL,NULL,NULL,NULL,1,NULL
3861,1,100761,VSTRA Lecithin Soy 1200mg Plus Vit.E -90 Cap,ACETYLCYSTEINE,VITAMINS & MINERALS,ขย.9,NULL,วิตามินและอาหารเสริม,,,ขวด,8851515605806,100,NULL,FALSE,FALSE,NULL,,,255,NULL,NULL,NULL,NULL,NULL,1,NULL
3862,1,100762,VISTRA Evening Primrose Oil 1000mg Plus Vit.E 75 Cap,NULL,VITAMINS & MINERALS,ขย.9,NULL,วิตามินและอาหารเสริม,,,ขวด,8858761901423,100,NULL,FALSE,FALSE,NULL,,,NULL,NULL,NULL,NULL,NULL,NULL,1,NULL
3863,1,100763,VISTRA VAGINY 30 Cap,NULL,VITAMINS & MINERALS,ขย.9,NULL,วิตามินและอาหารเสริม,,,ขวด,8851515606315,100,NULL,FALSE,FALSE,NULL,,,NULL,NULL,NULL,NULL,NULL,NULL,1,NULL
3864,1,100764,NEOCA Garlic 30 Cap,GARLIC EXTRACT,VITAMINS & MINERALS,ขย.9,NULL,วิตามินและอาหารเสริม,,,กล่อง,8857106790838,100,NULL,FALSE,FALSE,NULL,,,139,NULL,NULL,NULL,NULL,NULL,1,NULL
3865,1,100765, Lingzhi  เห็ดหลินจือ 30 Cap (อ้วยอันโอสถ),NULL,NULL,ขย.9,NULL,วิตามินและอาหารเสริม,,,กล่อง,8852913902313,100,NULL,FALSE,FALSE,NULL,,,NULL,NULL,NULL,NULL,NULL,NULL,1,NULL
3866,1,100766,YA COZZ 30 Cap (อ้วยอันโอสถ),NULL,NULL,ขย.9,NULL,"ยาสมุนไพร, ยาแผนโบราณ",,,กล่อง,8852913990419,100,NULL,FALSE,FALSE,NULL,,,NULL,NULL,NULL,NULL,NULL,NULL,1,NULL
3867,1,100767,VISTRA DT Daily Fiber 7000mg 8 g. 10 ซอง/กล่อง,NULL,VITAMINS & MINERALS,ขย.9,NULL,วิตามินและอาหารเสริม,,,กล่อง,8851515602904,100,NULL,FALSE,FALSE,NULL,,,NULL,NULL,NULL,NULL,NULL,NULL,1,NULL
3868,1,100768,THP Garlicap 50 Cap,GARLIC EXTRACT,NULL,ขย.9,NULL,"ยาสมุนไพร, ยาแผนโบราณ",,,กล่อง,750363792141,100,NULL,FALSE,FALSE,NULL,,,NULL,NULL,NULL,NULL,NULL,NULL,1,NULL
3869,1,100769, อภัยบี 70 Cap (อภัยภูเบศร),NULL,NULL,ขย.9,NULL,"ยาสมุนไพร, ยาแผนโบราณ",,,กล่อง,8855539060016,100,NULL,FALSE,FALSE,NULL,,,NULL,NULL,NULL,NULL,NULL,NULL,1,NULL
3870,1,100770,BOONE Ginseng Multiplus Cordyceps ถั่งเช่า 45 Tab,NULL,NULL,ขย.9,NULL,"ยาสมุนไพร, ยาแผนโบราณ",,,กล่อง,8858757006392,100,NULL,FALSE,FALSE,NULL,,,NULL,NULL,NULL,NULL,NULL,NULL,1,NULL
3871,1,100771,Y Gink Brand ตราวาย-กิง กิงโก บิโลบา 30 Tab,METHYL SALICYLATE+MENTHOL+EUGENOL,VITAMINS & MINERALS,ขย.9,NULL,"ยาสมุนไพร, ยาแผนโบราณ",,,กล่อง,776,100,NULL,FALSE,FALSE,NULL,,,260,NULL,NULL,NULL,NULL,NULL,1,NULL
3872,1,100772,VISTRA Zinc 15 mg 45 Cap,ZINC,VITAMINS & MINERALS,ขย.9,NULL,วิตามินและอาหารเสริม,,,ขวด,8858761901089,100,NULL,FALSE,FALSE,NULL,,,NULL,NULL,NULL,NULL,NULL,NULL,1,NULL
3873,1,100773,VISTRA B complex Plus Minerals 30 Tab,VITAMIN B COMPLEX,VITAMINS & MINERALS,ขย.9,NULL,วิตามินและอาหารเสริม,,,ขวด,8851515602775,100,NULL,FALSE,FALSE,NULL,,,NULL,NULL,NULL,NULL,NULL,NULL,1,NULL
3874,1,100774,VISTRA Collagen TriPeptide 1300&Coenzyme Q10 Plus 30 Tab,COLLAGEN,VITAMINS & MINERALS,ขย.9,NULL,วิตามินและอาหารเสริม,,,ขวด,8851515603154,100,NULL,FALSE,FALSE,NULL,,,NULL,NULL,NULL,NULL,NULL,NULL,1,NULL
3875,1,100775,VISTRA Acerola Cherry 1000mg& CitrusBioflavonoids Plus 45 Tab,NULL,VITAMINS & MINERALS,ขย.9,NULL,วิตามินและอาหารเสริม,,,ขวด,8858761900198,100,NULL,FALSE,FALSE,NULL,,,NULL,NULL,NULL,NULL,NULL,NULL,1,NULL
3876,1,100776,VISTRA Astaxanthin Plus Vit.E 30 Cap,NULL,VITAMINS & MINERALS,ขย.9,NULL,วิตามินและอาหารเสริม,,,ขวด,8851515604878,100,NULL,FALSE,FALSE,NULL,,,NULL,NULL,NULL,NULL,NULL,NULL,1,NULL
3877,1,100777,VISTRA BIO C 1000mg 30 Tab,ASCORBIC ACID,VITAMINS & MINERALS,ขย.9,NULL,วิตามินและอาหารเสริม,,,ขวด,8851515606339,100,NULL,FALSE,FALSE,NULL,,,NULL,NULL,NULL,NULL,NULL,NULL,1,NULL
3878,1,100778,VISTRA Coenzyme Q10 30mg - 30 Tab,COENZYME Q 10,VITAMINS & MINERALS,ขย.9,NULL,วิตามินและอาหารเสริม,,,ขวด,8851515603697,100,NULL,FALSE,FALSE,NULL,,,NULL,NULL,NULL,NULL,NULL,NULL,1,NULL
3879,1,100779,VISTRA Grape Seed 60mg 30 Cap,GINGKO-BILOBA,VITAMINS & MINERALS,ขย.9,NULL,วิตามินและอาหารเสริม,,,กล่อง,8858761900587,100,NULL,FALSE,FALSE,NULL,,,280,NULL,NULL,NULL,NULL,NULL,1,NULL
3880,1,100780,VISTRA Magnesium Complex Plus Vit.B1-6-12 - 30 Cap,NULL,VITAMINS & MINERALS,ขย.9,NULL,วิตามินและอาหารเสริม,,,ขวด,8851515605219,100,NULL,FALSE,FALSE,NULL,,,NULL,NULL,NULL,NULL,NULL,NULL,1,NULL
3881,1,100781,VISTRA Gluta Complex1000 Plus Red Orange Extract 30 Cap,GARLIC EXTRACT,VITAMINS & MINERALS,ขย.9,NULL,วิตามินและอาหารเสริม,,,ขวด,8851515605349,100,NULL,FALSE,FALSE,NULL,,,NULL,NULL,NULL,NULL,NULL,NULL,1,NULL
3882,1,100782,VISTRA Gluta Complex800 Plus Rice Extract 30 Cap,NULL,NULL,ขย.9,NULL,วิตามินและอาหารเสริม,,,ขวด,8851515603116,100,NULL,FALSE,FALSE,NULL,,,NULL,NULL,NULL,NULL,NULL,NULL,1,NULL
3883,1,100783,MEGA Fosh Oil 1000mg- 100Tab,NULL,VITAMINS & MINERALS,ขย.9,NULL,วิตามินและอาหารเสริม,,,กระปุก,8850769001747,100,NULL,FALSE,FALSE,NULL,,,NULL,NULL,NULL,NULL,NULL,NULL,1,NULL
3884,1,100784,BANNER Fish Oil +Vit.B complex 30 cap,NULL,VITAMINS & MINERALS,ขย.9,NULL,วิตามินและอาหารเสริม,,,ขวด,8851123133920,100,NULL,FALSE,FALSE,NULL,,,NULL,NULL,NULL,NULL,NULL,NULL,1,NULL
3885,1,100785,Obimin AZ 60 Tab,NULL,VITAMINS & MINERALS,ขย.9,NULL,วิตามินและอาหารเสริม,,,กระปุก,8851824000248,100,NULL,FALSE,FALSE,NULL,,,NULL,NULL,NULL,NULL,NULL,NULL,1,NULL
3886,1,100786,BANNER Hi-B With Fish Oil 30 cap,VITAMIN B COMPLEX+MINERAL,VITAMINS & MINERALS,ขย.9,NULL,วิตามินและอาหารเสริม,,,กล่อง,8851123133609,100,NULL,FALSE,FALSE,NULL,,,NULL,NULL,NULL,NULL,NULL,NULL,1,NULL
3887,1,100787,nent น้ำมันมะพร้าวสกัดเย็น 100% 100 ml,NULL,NULL,ขย.9,NULL,วิตามินและอาหารเสริม,,,ขวด,8858969500930,100,NULL,FALSE,FALSE,NULL,,,NULL,NULL,NULL,NULL,NULL,NULL,1,NULL
3888,1,100788,nent น้ำมันมะพร้าวสกัดเย็น 100% 200 ml,NULL,NULL,ขย.9,NULL,วิตามินและอาหารเสริม,,,ขวด,8858969500923,100,NULL,FALSE,FALSE,NULL,,,NULL,NULL,NULL,NULL,NULL,NULL,1,NULL
3889,1,100789,SHP Albumen  78 Tab,NULL,NULL,ขย.9,NULL,วิตามินและอาหารเสริม,,,กระปุก,8858862599376,100,NULL,FALSE,FALSE,NULL,,,NULL,NULL,NULL,NULL,NULL,NULL,1,NULL
3890,1,100790,BANNER Soy Protein+Lecithin 30 cap,NULL,NULL,ขย.9,NULL,วิตามินและอาหารเสริม,,,ขวด,8851123133906,100,NULL,FALSE,FALSE,NULL,,,NULL,NULL,NULL,NULL,NULL,NULL,1,NULL
3891,1,100791,EGG Albumin 1x10's,NULL,NULL,ขย.9,NULL,วิตามินและอาหารเสริม,,,แผง/กล่อง,8857124041165,100,NULL,FALSE,FALSE,NULL,,,NULL,NULL,NULL,NULL,NULL,NULL,1,NULL
3892,1,100792,EGG Alumin 60 Tab,NULL,NULL,ขย.9,NULL,วิตามินและอาหารเสริม,,,กระปุก,8857124041080,100,NULL,FALSE,FALSE,NULL,,,NULL,NULL,NULL,NULL,NULL,NULL,1,NULL
3893,1,100793,BANNER Multivitamins+Zinc 30 Cap,MULTIVITAMINS & MINERALS,VITAMINS & MINERALS,ขย.9,NULL,วิตามินและอาหารเสริม,,,ขวด,8851123133944,100,NULL,FALSE,FALSE,NULL,,,NULL,NULL,NULL,NULL,NULL,NULL,1,NULL
3894,1,100794,GPO Vitamin C 500mg 100 Tab,ASCORBIC ACID,VITAMINS & MINERALS,ขย.9,NULL,วิตามินและอาหารเสริม,,,ขวด,8850678240411,100,NULL,FALSE,FALSE,NULL,,,NULL,NULL,NULL,NULL,NULL,NULL,1,NULL
3895,1,100795,NEOCA C 1000mg 30 Tab,ASCORBIC ACID,VITAMINS & MINERALS,ขย.9,NULL,วิตามินและอาหารเสริม,,,ขวด,8855459006088,100,NULL,FALSE,FALSE,NULL,,,NULL,NULL,NULL,NULL,NULL,NULL,1,NULL
3896,1,100796,CC Plus Zinc 30 Tab,ASCORBIC ACID,VITAMINS & MINERALS,ขย.9,NULL,วิตามินและอาหารเสริม,,,กระปุก,526,100,NULL,FALSE,FALSE,NULL,,,NULL,NULL,NULL,NULL,NULL,NULL,1,NULL
3897,1,100797,MaxxLife Vitamin C 500mg 30 Tab,ASCORBIC ACID,VITAMINS & MINERALS,ขย.9,NULL,วิตามินและอาหารเสริม,,,ขวด,8898962901976,100,NULL,FALSE,FALSE,NULL,,,NULL,NULL,NULL,NULL,NULL,NULL,1,NULL
3898,1,100798,USP Acorbic Extra C 30 softgels,ASCORBIC ACID,VITAMINS & MINERALS,ขย.9,NULL,วิตามินและอาหารเสริม,,,กระปุก,8304951256300,100,NULL,FALSE,FALSE,NULL,,,NULL,NULL,NULL,NULL,NULL,NULL,1,NULL
3899,1,100799,QA Acorbic C 1000mg 30 Tab,ASCORBIC ACID,VITAMINS & MINERALS,ขย.9,NULL,วิตามินและอาหารเสริม,,,ขวด,74312715105,100,NULL,FALSE,FALSE,NULL,,,NULL,NULL,NULL,NULL,NULL,NULL,1,NULL
3900,1,100800,BlackMore Multi B 30 Tab,VITAMIN B COMPLEX,VITAMINS & MINERALS,ขย.9,NULL,วิตามินและอาหารเสริม,,,ขวด,93562669,100,NULL,FALSE,FALSE,NULL,,,NULL,NULL,NULL,NULL,NULL,NULL,1,NULL
3901,1,100801,BlackMores Exec B's 30 Tab,VITAMIN B COMPLEX,VITAMINS & MINERALS,ขย.9,NULL,วิตามินและอาหารเสริม,,,ขวด,93562676,100,NULL,FALSE,FALSE,NULL,,,NULL,NULL,NULL,NULL,NULL,NULL,1,NULL
3902,1,100802,BlackMores Folic Acid 90 Tab,FOLIC ACID,VITAMINS & MINERALS,ขย.9,NULL,วิตามินและอาหารเสริม,,,ขวด,93572446,100,NULL,FALSE,FALSE,NULL,,,NULL,NULL,NULL,NULL,NULL,NULL,1,NULL
3903,1,100803,BlackMores BIO C 1000mg 31 Tab,ASCORBIC ACID,VITAMINS & MINERALS,ขย.9,NULL,วิตามินและอาหารเสริม,,,ขวด,93894791,100,NULL,FALSE,FALSE,NULL,,,NULL,NULL,NULL,NULL,NULL,NULL,1,NULL
3904,1,100804,BlackMores Naturetime Buffered C - 31 Tab,ASCORBIC ACID,VITAMINS & MINERALS,ขย.9,NULL,วิตามินและอาหารเสริม,,,ขวด,93894876,100,NULL,FALSE,FALSE,NULL,,,NULL,NULL,NULL,NULL,NULL,NULL,1,NULL
3905,1,100805,MEGA We Care Lecithin 1200mg- 100 Cap,LECITHIN,VITAMINS & MINERALS,ขย.9,NULL,วิตามินและอาหารเสริม,,,กระปุก,8850769001662,100,NULL,FALSE,FALSE,NULL,,,NULL,NULL,NULL,NULL,NULL,NULL,1,NULL
3906,1,100806,MEGA We Care Evening PrimRose Oil 1000mg - 30 Cap,LECITHIN,VITAMINS & MINERALS,ขย.9,NULL,วิตามินและอาหารเสริม,,,กระปุก,8850769001655,100,NULL,FALSE,FALSE,NULL,,,NULL,NULL,NULL,NULL,NULL,NULL,1,NULL
3907,1,100807,MEGA We Care Nat Mag 30 Tab,MAGNESIUM HYDROXIDE,VITAMINS & MINERALS,ขย.9,NULL,วิตามินและอาหารเสริม,,,กระปุก,8850769022155,100,NULL,FALSE,FALSE,NULL,,,NULL,NULL,NULL,NULL,NULL,NULL,1,NULL
3908,1,100808,MEGA Nat B 100 Cap,VITAMIN B COMPLEX,VITAMINS & MINERALS,ขย.9,NULL,วิตามินและอาหารเสริม,,,กระปุก,8850769009453,100,NULL,FALSE,FALSE,NULL,,,NULL,NULL,NULL,NULL,NULL,NULL,1,NULL
3909,1,100809,MEGA Nat B 40 Cap,VITAMIN B COMPLEX,VITAMINS & MINERALS,ขย.9,NULL,วิตามินและอาหารเสริม,,,ขวด,8850769008913,100,NULL,FALSE,FALSE,NULL,,,NULL,NULL,NULL,NULL,NULL,NULL,1,NULL
3910,1,100810,MEGA Zincomin 60 Cap,ZINC+MAGNESIUM,VITAMINS & MINERALS,ขย.9,NULL,วิตามินและอาหารเสริม,,,กระปุก,8850769012576,100,NULL,FALSE,FALSE,NULL,,,NULL,NULL,NULL,NULL,NULL,NULL,1,NULL
3911,1,100811,MEGA Nat C 30 Tab,MULTIVITAMINS & MINERALS,VITAMINS & MINERALS,ขย.9,NULL,วิตามินและอาหารเสริม,,,กระป๋อง,8850769010732,100,NULL,FALSE,FALSE,NULL,,,NULL,NULL,NULL,NULL,NULL,NULL,1,NULL
3912,1,100812,MEGA Garlic Oil 100 Cap,GARLIC EXTRACT,VITAMINS & MINERALS,ขย.9,NULL,วิตามินและอาหารเสริม,,,กระปุก,8850769002379,100,NULL,FALSE,FALSE,NULL,,,NULL,NULL,NULL,NULL,NULL,NULL,1,NULL
3913,1,100813,MEGA Nat C 60 Tab,MULTIVITAMINS & MINERALS,VITAMINS & MINERALS,ขย.9,NULL,วิตามินและอาหารเสริม,,,กระปุก,8850769010749,100,NULL,FALSE,FALSE,NULL,,,NULL,NULL,NULL,NULL,NULL,NULL,1,NULL
3914,1,100814,VISTRA Way Protein 255 g (15ซอง),NULL,NULL,ขย.9,NULL,วิตามินและอาหารเสริม,,,กล่อง,8851515603512,100,NULL,FALSE,FALSE,NULL,,,NULL,NULL,NULL,NULL,NULL,NULL,1,NULL
3915,1,100815,VISTRA Collagen Type II 1000 mg Plus Turmeric Extract (10x10ซอง),NULL,NULL,ขย.9,NULL,วิตามินและอาหารเสริม,,,กล่อง,8851515607206,100,NULL,FALSE,FALSE,NULL,,,NULL,NULL,NULL,NULL,NULL,NULL,1,NULL
3916,1,100816,VISTRA Marine Collagen Tri Peptide 10000mg ส้ม สับปะรด 10 ซอง,NULL,NULL,ขย.9,NULL,วิตามินและอาหารเสริม,,,กล่อง,8851515603352,100,NULL,FALSE,FALSE,NULL,,,NULL,NULL,NULL,NULL,NULL,NULL,1,NULL
3917,1,100817,VISTRA Marine Collagen TriPeptide 10000mg สตรอเบอร์รี่ ลิ้นจี่ 10 ซอง,ACETYLCYSTEINE,DECONGESTANTS & OTHER NASAL PR,ขย.9,NULL,วิตามินและอาหารเสริม,,,กล่อง,8851515603369,100,NULL,FALSE,FALSE,NULL,,,630,NULL,NULL,NULL,NULL,NULL,1,NULL
3918,1,100818,TobraDex eye drop 5 ml Novartis,TOBRAMYCIN+DEXAMETHSONE,EYE PREPARATIONS,ขย.9,NULL,ยาหู ตา คอ จมูก,,,ขวด,5413895015755,100,NULL,FALSE,FALSE,NULL,,,NULL,NULL,NULL,NULL,NULL,NULL,1,NULL
3919,1,100819,TobraDex ointment 3.5 g Novartis,TOBRAMYCIN+DEXAMETHSONE,EYE PREPARATIONS,ขย.9,NULL,ยาหู ตา คอ จมูก,,,ขวด,5413895015779,100,NULL,FALSE,FALSE,NULL,,,NULL,NULL,NULL,NULL,NULL,NULL,1,NULL
3920,1,100820,Maxitrol ointment 3.5 g Novartis,NEOMYCIN,EYE PREPARATIONS,ขย.9,NULL,ยาหู ตา คอ จมูก,,,ขวด,5413895006319,100,NULL,FALSE,FALSE,NULL,,,NULL,NULL,NULL,NULL,NULL,NULL,1,NULL
3921,1,100821,ลูกประคบ สมุนไพร คงคาเฮิร์บ 200 กรัม,NULL,NULL,ขย.9,NULL,"ยาสมุนไพร, ยาแผนโบราณ",,,ชิ้น,8856051007169,100,NULL,FALSE,FALSE,NULL,,,NULL,NULL,NULL,NULL,NULL,NULL,1,NULL
3922,1,100822,เกลือแร่ Royal-D electrolyte beverge 25g,SODIUM CHLORIDE,NULL,ขย.9,NULL,ยาสามัญประจำบ้าน,,,ซอง,8852612000044,100,NULL,FALSE,FALSE,NULL,,,NULL,NULL,NULL,NULL,NULL,NULL,1,NULL
3923,1,100823,Royal D เกลือแร่ รสส้ม 25 g. ,GLUCOSE,NULL,ขย.9,NULL,ยาสามัญประจำบ้าน,,,ซอง,8852612000600,100,NULL,FALSE,FALSE,NULL,,,NULL,NULL,NULL,NULL,NULL,NULL,1,NULL
3924,1,100824,ENO LEMON  100g bottle,SODIUM BICARBONATE,ANTIACIDS,ขย.9,NULL,ยาทางเดินอาหาร,,,ขวด,8850615100174,100,NULL,FALSE,FALSE,NULL,,,NULL,NULL,NULL,NULL,NULL,NULL,1,NULL
3925,1,100825,ENO ORANGE 100g bottle,SODIUM BICARBONATE,ANTIACIDS,ขย.9,NULL,ยาทางเดินอาหาร,,,ขวด,8850615100143,100,NULL,FALSE,FALSE,NULL,,,NULL,NULL,NULL,NULL,NULL,NULL,1,NULL
3926,1,100826,เซโรงัง 50 เม็ด,NULL,DIGESTIVE ENZYMES/DIGESTIVES,ขย.9,NULL,ยาทางเดินอาหาร,,,ขวด,4987110002635,100,NULL,FALSE,FALSE,NULL,,,NULL,NULL,NULL,NULL,NULL,NULL,1,NULL
3927,1,100827,ไบเยล brygel 10's,ALUMINIUM HYDROXIDE+MAGNESIUM HYDROXIDE,ANTIACIDS,ขย.9,NULL,ยาทางเดินอาหาร,,,แผง,8858981102327,100,NULL,FALSE,FALSE,NULL,,,NULL,NULL,NULL,NULL,NULL,NULL,1,NULL
3928,1,100828,ยาอม mybacin Zinc orange flavor 10's,NULL,MOUTH/THROAT PREPARATIONS,ขย.9,NULL,ยาอม,,,ซอง,8852294022013,100,NULL,FALSE,FALSE,NULL,,,NULL,NULL,NULL,NULL,NULL,NULL,1,NULL
3929,1,100829,ยาอม mybacin Zinc lemon  flavor 10's,NULL,MOUTH/THROAT PREPARATIONS,ขย.9,NULL,ยาอม,,,ซอง,8852294021016,100,NULL,FALSE,FALSE,NULL,,,NULL,NULL,NULL,NULL,NULL,NULL,1,NULL
3930,1,100830,ยาอม mybacin Zinc finger root &ginger  flavor 10's,NULL,MOUTH/THROAT PREPARATIONS,ขย.9,NULL,ยาอม,,,ซอง,8852294030018,100,NULL,FALSE,FALSE,NULL,,,NULL,NULL,NULL,NULL,NULL,NULL,1,NULL
3931,1,100831,ยาอม mybacin THROAT mint  flavor 10's,NULL,MOUTH/THROAT PREPARATIONS,ขย.9,NULL,ยาอม,,,ซอง,8852294107017,100,NULL,FALSE,FALSE,NULL,,,NULL,NULL,NULL,NULL,NULL,NULL,1,NULL
3932,1,100832,ยาอมกำกิกเผี่ยง 20 เม็ด,NULL,MOUTH/THROAT PREPARATIONS,ขย.9,NULL,ยาอม,,,กล่อง,8851802012942,100,NULL,FALSE,FALSE,NULL,,,NULL,NULL,NULL,NULL,NULL,NULL,1,NULL
3933,1,100833,ยาอมมะแว้ง ตราไอยรา รสเปลือกส้ม 15 เม็ด,NULL,MOUTH/THROAT PREPARATIONS,ขย.9,NULL,ยาอม,,,ซอง,8856513004088,100,NULL,FALSE,FALSE,NULL,,,0,0,0,0,0,0,1,/uploads/100833_1.jpg
3934,1,100834,ยาอมมะแว้ง ตราไอยรา รสบ๊วย 15 เม็ด,NULL,MOUTH/THROAT PREPARATIONS,ขย.9,NULL,ยาอม,,,ซอง,8856513003845,100,NULL,FALSE,FALSE,NULL,,,NULL,NULL,NULL,NULL,NULL,NULL,1,NULL
3935,1,100835,ยาอม ยูอีคอฟ มะขามป้อม 20 เม็ด,NULL,MOUTH/THROAT PREPARATIONS,ขย.9,NULL,ยาอม,,,ซอง,8858704600475,100,NULL,FALSE,FALSE,NULL,,,0,0,0,0,0,0,1,/uploads/100835_1.jpg
3936,1,100836,ยาอม ยูอีคอฟ มะขามป้อม+สเปียร์มินท์ 20 เม็ด,NULL,MOUTH/THROAT PREPARATIONS,ขย.9,NULL,ยาอม,,,ซอง,8858704601694,100,NULL,FALSE,FALSE,NULL,,,NULL,NULL,NULL,NULL,NULL,NULL,1,NULL
3937,1,100837,ยาอม ยูอีคอฟ มะขามป้อม+น้ำผึ้งเลมอน 20 เม็ด,NULL,MOUTH/THROAT PREPARATIONS,ขย.9,NULL,ยาอม,,,ซอง,8858704601717,100,NULL,FALSE,FALSE,NULL,,,NULL,NULL,NULL,NULL,NULL,NULL,1,NULL
3938,1,100838,ยาอม อาปาเช่  รสมะขามป้อม 12 เม็ด,EUCALYPTUS,MOUTH/THROAT PREPARATIONS,ขย.9,NULL,ยาอม,,,ซอง,8857022000653,100,NULL,FALSE,FALSE,NULL,,,23,NULL,NULL,NULL,NULL,NULL,1,NULL
3939,1,100839,ยาบำรุงร่างกาย ตราพญานาค 150 ซีซี,NULL,NULL,ขย.9,NULL,"ยาสมุนไพร, ยาแผนโบราณ",,,ขวด,8858736911198,100,NULL,FALSE,FALSE,NULL,,,NULL,NULL,NULL,NULL,NULL,NULL,1,NULL
3940,1,100840,ยาน้ำแก้ไอ ยูอีคอฟ มะขามป้อม 120 ซีซี (ไม่มีน้ำตาล),NULL,MOUTH/THROAT PREPARATIONS,ขย.9,NULL,"ยาสมุนไพร, ยาแผนโบราณ",,,ขวด,8858704601090,100,NULL,FALSE,FALSE,NULL,,,NULL,NULL,NULL,NULL,NULL,NULL,1,NULL
3941,1,100841,ยาน้ำแก้ไอ ยูอีคอฟ มะขามป้อม 120 ซีซี,NULL,MOUTH/THROAT PREPARATIONS,ขย.9,NULL,"ยาสมุนไพร, ยาแผนโบราณ",,,ขวด,8858704600857,100,NULL,FALSE,FALSE,NULL,,,NULL,NULL,NULL,NULL,NULL,NULL,1,NULL
3942,1,100842,ยาแก้ไอ มะขามป้อม ตราปาริฉัตร 60 ซีซี,NULL,MOUTH/THROAT PREPARATIONS,ขย.9,NULL,"ยาสมุนไพร, ยาแผนโบราณ",,,ขวด,8856513006662,100,NULL,FALSE,FALSE,NULL,,,NULL,NULL,NULL,NULL,NULL,NULL,1,NULL
3943,1,100843,ยาน้ำแก้ไอ มะขามป้อม ตราห้างธงทองโอสถ 120 ซีซี,NULL,MOUTH/THROAT PREPARATIONS,ขย.9,NULL,"ยาสมุนไพร, ยาแผนโบราณ",,,ขวด,8857102880069,100,NULL,FALSE,FALSE,NULL,,,NULL,NULL,NULL,NULL,NULL,NULL,1,NULL
3944,1,100844,ยาน้ำแก้ไอ มะขามป้อม ตราแสงดาว 120 ซีซี,ACETYLCYSTEINE,MOUTH/THROAT PREPARATIONS,ขย.9,NULL,"ยาสมุนไพร, ยาแผนโบราณ",,,ขวด,8851124126204,100,NULL,FALSE,FALSE,NULL,,,26,NULL,NULL,NULL,NULL,NULL,1,NULL
3945,1,100845,ยาแก้ไอ ตราคีมเหล็ก 100 ซีซี,NULL,MOUTH/THROAT PREPARATIONS,ขย.9,NULL,"ยาสมุนไพร, ยาแผนโบราณ",,,ขวด,8859645802034,100,NULL,FALSE,FALSE,NULL,,,NULL,NULL,NULL,NULL,NULL,NULL,1,NULL
3946,1,100846,ยาแก้ไอมะแว้ง ตรามังกรทอง อ้วยอันโอสถ 60 ซีซี SF,NULL,MOUTH/THROAT PREPARATIONS,ขย.9,NULL,"ยาสมุนไพร, ยาแผนโบราณ",,,G 95/49,8852913210319,100,NULL,FALSE,FALSE,NULL,,,NULL,NULL,NULL,NULL,NULL,NULL,1,NULL
3947,1,100847,ยาแก้ไอน้ำดำ GPO 60 ซีซี,NULL,MOUTH/THROAT PREPARATIONS,ขย.9,NULL,"ยาสมุนไพร, ยาแผนโบราณ",,,ขวด,8850678060736,100,NULL,FALSE,FALSE,NULL,,,NULL,NULL,NULL,NULL,NULL,NULL,1,NULL
3948,1,100848,ยาน้ำแก้ไอผสมมะขามป้อม ตราอภัยภูเบศร 100 ซีซี,NULL,MOUTH/THROAT PREPARATIONS,ขย.9,NULL,"ยาสมุนไพร, ยาแผนโบราณ",,,ขวด,8855539010127,100,NULL,FALSE,FALSE,NULL,,,NULL,NULL,NULL,NULL,NULL,NULL,1,NULL
3949,1,100849,ชวนป๋วยปี่แปกอ 150 ซีซี,NULL,MOUTH/THROAT PREPARATIONS,ขย.9,NULL,"ยาสมุนไพร, ยาแผนโบราณ",,,ขวด,81364361693,100,NULL,FALSE,FALSE,NULL,,,NULL,NULL,NULL,NULL,NULL,NULL,1,NULL
3950,1,100850,ชวนป๋วยปี่แปกอ 75 ซีซี,NULL,MOUTH/THROAT PREPARATIONS,ขย.9,NULL,"ยาสมุนไพร, ยาแผนโบราณ",,,ขวด,81364361709,100,NULL,FALSE,FALSE,NULL,,,NULL,NULL,NULL,NULL,NULL,NULL,1,NULL
3951,1,100851,ชวนป๋วยปี่แป่โหล่ว 110 ซีซี,NULL,MOUTH/THROAT PREPARATIONS,ขย.9,NULL,"ยาสมุนไพร, ยาแผนโบราณ",,,ขวด,857,100,NULL,FALSE,FALSE,NULL,,,NULL,NULL,NULL,NULL,NULL,NULL,1,NULL
3952,1,100852,ชวนป๋วยปี่แป่โหล่ว 55 ซีซี,NULL,MOUTH/THROAT PREPARATIONS,ขย.9,NULL,"ยาสมุนไพร, ยาแผนโบราณ",,,ขวด,858,100,NULL,FALSE,FALSE,NULL,,,NULL,NULL,NULL,NULL,NULL,NULL,1,NULL
3953,1,100853,ยาน้ำแก้ไอ แป๊ะลี้ 60 ซีซี,NULL,MOUTH/THROAT PREPARATIONS,ขย.9,NULL,"ยาสมุนไพร, ยาแผนโบราณ",,,ขวด,8857109580320,100,NULL,FALSE,FALSE,NULL,,,NULL,NULL,NULL,NULL,NULL,NULL,1,NULL
3954,1,100854,ยาแก้ไอ ไอยสวรรค์ สูตร2 60 ซีซี (ฟ้าทะลายโจร+มะขามป้อม),NULL,MOUTH/THROAT PREPARATIONS,ขย.9,NULL,"ยาสมุนไพร, ยาแผนโบราณ",,,ขวด,8858757006651,100,NULL,FALSE,FALSE,NULL,,,NULL,NULL,NULL,NULL,NULL,NULL,1,NULL
3955,1,100855,ยาแก้ไอ ไอยสวรรค์ สูตร2 120 ซีซี (ฟ้าทะลายโจร+มะขามป้อม),NULL,MOUTH/THROAT PREPARATIONS,ขย.9,NULL,"ยาสมุนไพร, ยาแผนโบราณ",,,ขวด,8858757006446,100,NULL,FALSE,FALSE,NULL,,,NULL,NULL,NULL,NULL,NULL,NULL,1,NULL
3956,1,100856,ยาน้ำแก้ไอ ลอร์ซู 100 ซีซี,NULL,MOUTH/THROAT PREPARATIONS,ขย.9,NULL,"ยาสมุนไพร, ยาแผนโบราณ",,,ขวด,8859645804274,100,NULL,FALSE,FALSE,NULL,,,NULL,NULL,NULL,NULL,NULL,NULL,1,NULL
3957,1,100857,ยาน้ำแก้ไอน้ำดำ ตรางู 60 ซีซี,NULL,MOUTH/THROAT PREPARATIONS,ขย.9,NULL,"ยาสมุนไพร, ยาแผนโบราณ",,,ขวด,8852086725153,100,NULL,FALSE,FALSE,NULL,,,NULL,NULL,NULL,NULL,NULL,NULL,1,NULL
3958,1,100858,ยาน้ำแก้ไอ ตรา ไวกิ้ง 60 ซีซี,NULL,MOUTH/THROAT PREPARATIONS,ขย.9,NULL,"ยาสมุนไพร, ยาแผนโบราณ",,,ขวด,8853428002574,100,NULL,FALSE,FALSE,NULL,,,NULL,NULL,NULL,NULL,NULL,NULL,1,NULL
3959,1,100859,ยาแก้ไอมะแว้งน้ำเชื่อม อ้วยอันโอสถ 60 ซีซี,NULL,MOUTH/THROAT PREPARATIONS,ขย.9,NULL,"ยาสมุนไพร, ยาแผนโบราณ",,,ขวด,8852913210111,100,NULL,FALSE,FALSE,NULL,,,NULL,NULL,NULL,NULL,NULL,NULL,1,NULL
3960,1,100860,ยาแก้ไอ มะแว้งน้ำดำ ตรา ไฟโตแคร์ 60 ซีซี,NULL,MOUTH/THROAT PREPARATIONS,ขย.9,NULL,"ยาสมุนไพร, ยาแผนโบราณ",,,ขวด,8853433000596,100,NULL,FALSE,FALSE,NULL,,,NULL,NULL,NULL,NULL,NULL,NULL,1,NULL
3961,1,100861,ยาอมสมุนไพร I-HERB OTC 18 เม็ด,NULL,MOUTH/THROAT PREPARATIONS,ขย.9,NULL,ยาอม,,,กล่อง,8855459008310,100,NULL,FALSE,FALSE,NULL,,,NULL,NULL,NULL,NULL,NULL,NULL,1,NULL
3962,1,100862,ยาอม รีดูคอฟ 10 เม็ด,NULL,MOUTH/THROAT PREPARATIONS,ขย.9,NULL,ยาอม,,,แผง/กล่อง,8904092318949,100,NULL,FALSE,FALSE,NULL,,,NULL,NULL,NULL,NULL,NULL,NULL,1,NULL
3963,1,100863,ยาอม fisherman original 25g สีขาว,NULL,MOUTH/THROAT PREPARATIONS,ขย.9,NULL,ยาอม,,,ซอง,50819256,100,NULL,FALSE,FALSE,NULL,,,NULL,NULL,NULL,NULL,NULL,NULL,1,NULL
3964,1,100864,ยาอม fisherman mixed berries 25g สีแดง-ม่วง,NULL,MOUTH/THROAT PREPARATIONS,ขย.9,NULL,ยาอม,,,ซอง,96183298,100,NULL,FALSE,FALSE,NULL,,,NULL,NULL,NULL,NULL,NULL,NULL,1,NULL
3965,1,100865,ยาอม fisherman sugarfree original 25g สีขาว-ฟ้า,NULL,MOUTH/THROAT PREPARATIONS,ขย.9,NULL,ยาอม,,,ซอง,50357079,100,NULL,FALSE,FALSE,NULL,,,NULL,NULL,NULL,NULL,NULL,NULL,1,NULL
3966,1,100866,ยาอม fisherman blackcurrant 25g สีม่วง,NULL,MOUTH/THROAT PREPARATIONS,ขย.9,NULL,ยาอม,,,ซอง,96122839,100,NULL,FALSE,FALSE,NULL,,,NULL,NULL,NULL,NULL,NULL,NULL,1,NULL
3967,1,100867,ยาอม fisherman mint 25g สีเขียว,NULL,MOUTH/THROAT PREPARATIONS,ขย.9,NULL,ยาอม,,,ซอง,50043231,100,NULL,FALSE,FALSE,NULL,,,NULL,NULL,NULL,NULL,NULL,NULL,1,NULL
3968,1,100868,ยาอม fisherman cherry 25g สีแดง-ขาว,NULL,MOUTH/THROAT PREPARATIONS,ขย.9,NULL,ยาอม,,,ซอง,50084425,100,NULL,FALSE,FALSE,NULL,,,NULL,NULL,NULL,NULL,NULL,NULL,1,NULL
3969,1,100869,ยาน้ำระดมพล 300 ซีซี,NULL,NULL,ขย.9,NULL,"ยาสมุนไพร, ยาแผนโบราณ",,,ขวด,8859708800014,100,NULL,FALSE,FALSE,NULL,,,NULL,NULL,NULL,NULL,NULL,NULL,1,NULL
3970,1,100870,มิกซเจอร์ คาร์มิเนตีฟ 180 ซีซี,NULL,NULL,ขย.9,NULL,"ยาสมุนไพร, ยาแผนโบราณ",,,ขวด,8850678140711,100,NULL,FALSE,FALSE,NULL,,,NULL,NULL,NULL,NULL,NULL,NULL,1,NULL
3971,1,100871,มิกซเจอร์ คาร์มิเนตีฟ 450 ซีซี,NULL,NULL,ขย.9,NULL,"ยาสมุนไพร, ยาแผนโบราณ",,,ขวด,8850678140728,100,NULL,FALSE,FALSE,NULL,,,NULL,NULL,NULL,NULL,NULL,NULL,1,NULL
3972,1,100872,ยาธาตุ4 ตรากิเลน 300 ซีซี,NULL,NULL,ขย.9,NULL,"ยาสมุนไพร, ยาแผนโบราณ",,,ขวด,8851123113939,100,NULL,FALSE,FALSE,NULL,,,NULL,NULL,NULL,NULL,NULL,NULL,1,NULL
3973,1,100873,ยาธาตุ4 ตรากิเลน 450 ซีซี,NULL,NULL,ขย.9,NULL,"ยาสมุนไพร, ยาแผนโบราณ",,,ขวด,8851123113953,100,NULL,FALSE,FALSE,NULL,,,NULL,NULL,NULL,NULL,NULL,NULL,1,NULL
3974,1,100874,ยาธาตุน้ำแดง วิทยาศรม 300 ซีซี,NULL,NULL,ขย.9,NULL,"ยาสมุนไพร, ยาแผนโบราณ",,,ขวด,8850075001707,100,NULL,FALSE,FALSE,NULL,,,NULL,NULL,NULL,NULL,NULL,NULL,1,NULL
3975,1,100875,ยาธาตุน้ำแดง วิทยาศรม 500 ซีซี,NULL,NULL,ขย.9,NULL,"ยาสมุนไพร, ยาแผนโบราณ",,,ขวด,8850075001806,100,NULL,FALSE,FALSE,NULL,,,NULL,NULL,NULL,NULL,NULL,NULL,1,NULL
3976,1,100876,ไบร์เยล ชนิดน้ำ 240 ซีซี,ALUMINIUM HYDROXIDE+MAGNESIUM HYDROXIDE,ANTIACIDS,ขย.9,NULL,ยาทางเดินอาหาร,,,ขวด,8858981102044,100,NULL,FALSE,FALSE,NULL,,,NULL,NULL,NULL,NULL,NULL,NULL,1,NULL
3977,1,100877,ANTACIL GEL 450 ML,ALUMINIUM+MAGNESIUM OH+SIMETHICONE,ANTIACIDS,ขย.9,NULL,ยาทางเดินอาหาร,,,ขวด,8851473000026,100,NULL,FALSE,FALSE,NULL,,,NULL,NULL,NULL,NULL,NULL,NULL,1,NULL
3978,1,100878,Gaspec-S 240 ml,ALUMINIUM+MAGNESIUM OH+SIMETHICONE,ANTIACIDS,ขย.9,NULL,ยาทางเดินอาหาร,,,ขวด,8858907400575,100,NULL,FALSE,FALSE,NULL,,,NULL,NULL,NULL,NULL,NULL,NULL,1,NULL
3979,1,100879,มิลค์ ออฟ แมกนีเซีย 240 ซีซี,MAGNESIUM HYDROXIDE,LAXATIVES,ขย.9,NULL,ยาทางเดินอาหาร,,,ขวด,8850678141411,100,NULL,FALSE,FALSE,NULL,,,NULL,NULL,NULL,NULL,NULL,NULL,1,NULL
3980,1,100880,มิลค์ ออฟ แมกนีเซีย 450 ซีซี,MAGNESIUM HYDROXIDE,LAXATIVES,ขย.9,NULL,ยาทางเดินอาหาร,,,ขวด,8850678141428,100,NULL,FALSE,FALSE,NULL,,,NULL,NULL,NULL,NULL,NULL,NULL,1,NULL
3981,1,100881,มิลค์ ออฟ แมกนีเซีย ซี.บี. 240 ซีซี,MAGNESIUM HYDROXIDE,LAXATIVES,ขย.9,NULL,ยาทางเดินอาหาร,,,ขวด,8858767420041,100,NULL,FALSE,FALSE,NULL,,,NULL,NULL,NULL,NULL,NULL,NULL,1,NULL
3982,1,100882,ยาอม โทรทซิล รสน้ำผึ้งมะนาว 8 เม็ด,NULL,MOUTH/THROAT PREPARATIONS,ขย.9,NULL,ยาอม,,,ซอง,8855459002219,100,NULL,FALSE,FALSE,NULL,,,NULL,NULL,NULL,NULL,NULL,NULL,1,NULL
3983,1,100883,ยาอม โทรสซิล รสส้มผสมวิตามินซี 8 เม็ด,NULL,MOUTH/THROAT PREPARATIONS,ขย.9,NULL,ยาอม,,,ซอง,8855459002226,100,NULL,FALSE,FALSE,NULL,,,NULL,NULL,NULL,NULL,NULL,NULL,1,NULL
3984,1,100884,ยาอม Difflam รสน้ำผึ้งผสมมะนาว 8 เม็ด,NULL,MOUTH/THROAT PREPARATIONS,ขย.9,NULL,ยาอม,,,ซอง,9314057013021,100,NULL,FALSE,FALSE,NULL,,,NULL,NULL,NULL,NULL,NULL,NULL,1,NULL
3985,1,100885,ยาอม สเตร็ปซิล original HHR 8 เม็ด,NULL,MOUTH/THROAT PREPARATIONS,ขย.9,NULL,ยาอม,,,ซอง,8850360300041,100,NULL,FALSE,FALSE,NULL,,,NULL,NULL,NULL,NULL,NULL,NULL,1,NULL
3986,1,100886,ยาอม สเตร็ปซิล honey&lemon HHR 8 เม็ด,NULL,MOUTH/THROAT PREPARATIONS,ขย.9,NULL,ยาอม,,,ซอง,8850360310040,100,NULL,FALSE,FALSE,NULL,,,NULL,NULL,NULL,NULL,NULL,NULL,1,NULL
3987,1,100887,ยาอม สเตร็ปซิล Orange+vitamin C HHR 8 เม็ด,NULL,MOUTH/THROAT PREPARATIONS,ขย.9,NULL,ยาอม,,,ซอง,8850360320049,100,NULL,FALSE,FALSE,NULL,,,NULL,NULL,NULL,NULL,NULL,NULL,1,NULL
3988,1,100888,ยาอมแก้ไอ ตราตะขาบ 5 ตัว 3 กรัม,PARACETAMOL,MOUTH/THROAT PREPARATIONS,ขย.9,NULL,ยาอม,,,ซอง,8852761000063,100,NULL,FALSE,FALSE,NULL,,,18,NULL,NULL,NULL,NULL,NULL,1,NULL
3989,1,100889,ยาอมมะแว้ง ตราไฟโตรแคร์ 20 เม็ด,NULL,MOUTH/THROAT PREPARATIONS,ขย.9,NULL,ยาอม,,,ซอง,8853433000022,100,NULL,FALSE,FALSE,NULL,,,NULL,NULL,NULL,NULL,NULL,NULL,1,NULL
3990,1,100890,ยาอมมะแว้ง รสบ๊วย ตราไฟโตแคร์ 20 เม็ด,NULL,MOUTH/THROAT PREPARATIONS,ขย.9,NULL,ยาอม,,,ซอง,8853433000329,100,NULL,FALSE,FALSE,NULL,,,NULL,NULL,NULL,NULL,NULL,NULL,1,NULL
3991,1,100891,ยาอม โพรโพลิส น้ำผึ้งมะนาว 8 เม็ด,ACETYLCYSTEINE,MOUTH/THROAT PREPARATIONS,ขย.9,NULL,ยาอม,,,ซอง,8856513011215,100,NULL,FALSE,FALSE,NULL,,,24,NULL,NULL,NULL,NULL,NULL,1,NULL
3992,1,100892,ยาอม โบตัน ตรากิเลน รสดั้งเดิม 3.4 กรัม,NULL,MOUTH/THROAT PREPARATIONS,ขย.9,NULL,ยาอม,,,ซอง,8851123114011,100,NULL,FALSE,FALSE,NULL,,,NULL,NULL,NULL,NULL,NULL,NULL,1,NULL
3993,1,100893,ยาอม โบตัน ตรากิเลน 5.4 กรัม สีขาว,METHYL SALICYLATE+MENTHOL+EUGENOL,MOUTH/THROAT PREPARATIONS,ขย.9,NULL,ยาอม,,,ตลับ,8851123114035,100,NULL,FALSE,FALSE,NULL,,,19,NULL,NULL,NULL,NULL,NULL,1,NULL
3994,1,100894,ยาอม โบตัน ตรากิเลน 5.4 กรัม สีเหลือง,NULL,MOUTH/THROAT PREPARATIONS,ขย.9,NULL,ยาอม,,,ตลับ,8851123114394,100,NULL,FALSE,FALSE,NULL,,,NULL,NULL,NULL,NULL,NULL,NULL,1,NULL
3995,1,100895,ยาแก้ไอ ตราอาปาเช่ มะขามป้อม 60 ซีซี,CAMPHOR,MOUTH/THROAT PREPARATIONS,ขย.9,NULL,"ยาสมุนไพร, ยาแผนโบราณ",,,ขวด,8857022000134,100,NULL,FALSE,FALSE,NULL,,,22,NULL,NULL,NULL,NULL,NULL,1,NULL
3996,1,100896,ยาแก้ไอ ตราอาปาเช่ มะแว้ง+มะขามป้อม 60 ซีซี,CAMPHOR,MOUTH/THROAT PREPARATIONS,ขย.9,NULL,"ยาสมุนไพร, ยาแผนโบราณ",,,ขวด,8857022000622,100,NULL,FALSE,FALSE,NULL,,,22,NULL,NULL,NULL,NULL,NULL,1,NULL
3997,1,100897,ยาน้ำแก้ไอ ตราเสือ 11 ตัว สูตร 11 มะแว้ง 60 ซีซี,NULL,MOUTH/THROAT PREPARATIONS,ขย.9,NULL,"ยาสมุนไพร, ยาแผนโบราณ",,,ขวด,8852965100248,100,NULL,FALSE,FALSE,NULL,,,NULL,NULL,NULL,NULL,NULL,NULL,1,NULL
3998,1,100898,ยาน้ำแก้ไอ มะแว้ง ตรา ไอยรา 120 ซีซี,NULL,MOUTH/THROAT PREPARATIONS,ขย.9,NULL,"ยาสมุนไพร, ยาแผนโบราณ",,,ขวด,8856513003876,100,NULL,FALSE,FALSE,NULL,,,NULL,NULL,NULL,NULL,NULL,NULL,1,NULL
3999,1,100899,ยาน้ำแก้ไอ มะแว้ง ตรา ไอยรา 60 ซีซี,NULL,MOUTH/THROAT PREPARATIONS,ขย.9,NULL,"ยาสมุนไพร, ยาแผนโบราณ",,,ขวด,8856513010706,100,NULL,FALSE,FALSE,NULL,,,NULL,NULL,NULL,NULL,NULL,NULL,1,NULL
4000,1,100900,ยาน้ำแก้ไอ ตรา ไอยรา ไร้น้ำตาล 60 ซีซี,NULL,MOUTH/THROAT PREPARATIONS,ขย.9,NULL,"ยาสมุนไพร, ยาแผนโบราณ",,,ขวด,8857121535797,100,NULL,FALSE,FALSE,NULL,,,NULL,NULL,NULL,NULL,NULL,NULL,1,NULL
4001,1,100901,ยาน้ำแก้ไอ มะขามป้อม ตรา ไอยรา 60 ซีซี,NULL,MOUTH/THROAT PREPARATIONS,ขย.9,NULL,"ยาสมุนไพร, ยาแผนโบราณ",,,ขวด,8857121535940,100,NULL,FALSE,FALSE,NULL,,,NULL,NULL,NULL,NULL,NULL,NULL,1,NULL
4002,1,100902,ยาน้ำ แก้ไอ โยคี97 60 ซีซี,ACETYLCYSTEINE,MOUTH/THROAT PREPARATIONS,ขย.9,NULL,"ยาสมุนไพร, ยาแผนโบราณ",,,ขวด,8851124430608,100,NULL,FALSE,FALSE,NULL,,,21,NULL,NULL,NULL,NULL,NULL,1,NULL
4003,1,100903,ยาน้ำ แก้ไอ โยคี97 120 ซีซี,NULL,MOUTH/THROAT PREPARATIONS,ขย.9,NULL,"ยาสมุนไพร, ยาแผนโบราณ",,,ขวด,8851124431209,100,NULL,FALSE,FALSE,NULL,,,NULL,NULL,NULL,NULL,NULL,NULL,1,NULL
4004,1,100904,ยาแก้ไอ ซอมป่อยใหม่ 60 ซีซี,NULL,MOUTH/THROAT PREPARATIONS,ขย.9,NULL,"ยาสมุนไพร, ยาแผนโบราณ",,,ขวด,910,100,NULL,FALSE,FALSE,NULL,,,NULL,NULL,NULL,NULL,NULL,NULL,1,NULL
4005,1,100905,ยาแก้ไอ ซอมป่อยใหม่ 240 ซีซี,NULL,MOUTH/THROAT PREPARATIONS,ขย.9,NULL,"ยาสมุนไพร, ยาแผนโบราณ",,,ขวด,100905,100,NULL,FALSE,FALSE,NULL,,,0,0,0,0,0,0,,/uploads/100905_1.jpg
4006,1,100906,ยาแก้ไอ แสงสว่าง ตราค้างคาว สูตรมะแว้งเครือ 60 ซีซี,NULL,MOUTH/THROAT PREPARATIONS,ขย.9,NULL,"ยาสมุนไพร, ยาแผนโบราณ",,,ขวด,8853287002609,100,NULL,FALSE,FALSE,NULL,,,NULL,NULL,NULL,NULL,NULL,NULL,1,NULL
4007,1,100907,ยาน้ำแก้ไอ มะขามป้อม อ้วยอันโอสถ 60 ซีซี,NULL,MOUTH/THROAT PREPARATIONS,ขย.9,NULL,"ยาสมุนไพร, ยาแผนโบราณ",,,ขวด,8852913210210,100,NULL,FALSE,FALSE,NULL,,,NULL,NULL,NULL,NULL,NULL,NULL,1,NULL
4008,1,100908,ยาแก้ไอ ตราเสือดาว 180 ซีซี,NULL,MOUTH/THROAT PREPARATIONS,ขย.9,NULL,"ยาสมุนไพร, ยาแผนโบราณ",,,ขวด,8853042000437,100,NULL,FALSE,FALSE,NULL,,,NULL,NULL,NULL,NULL,NULL,NULL,1,NULL
4009,1,100909,ยาแก้ไอ ตราเสือดาว 60 ซีซี,NULL,MOUTH/THROAT PREPARATIONS,ขย.9,NULL,"ยาสมุนไพร, ยาแผนโบราณ",,,ขวด,8853042000109,100,NULL,FALSE,FALSE,NULL,,,NULL,NULL,NULL,NULL,NULL,NULL,1,NULL
4010,1,100910,ยาแก้ไอ ตราเสือดาว 120 ซีซี,NULL,MOUTH/THROAT PREPARATIONS,ขย.9,NULL,"ยาสมุนไพร, ยาแผนโบราณ",,,ขวด,8853042000420,100,NULL,FALSE,FALSE,NULL,,,NULL,NULL,NULL,NULL,NULL,NULL,1,NULL
4011,1,100911,ยาแก้ไแ ตรา เสือดาว รสน้ำผึ้งมะนาว 60 ซีซี,NULL,MOUTH/THROAT PREPARATIONS,ขย.9,NULL,"ยาสมุนไพร, ยาแผนโบราณ",,,ขวด,8853287003088,100,NULL,FALSE,FALSE,NULL,,,NULL,NULL,NULL,NULL,NULL,NULL,1,NULL
4012,1,100912,Cadramine-V 120 ml,CARAMINE+ZINE OXIDE+DIPHENHYDRAMINE+CAMPHOR+MENTHOL+ETHYL ALCOHOL,ANTIHISTAMINES & ANTIALLERGICS,ขย.9,NULL,ยาใช้เฉพาะที่,,,ขวด,8853871008260,100,NULL,FALSE,FALSE,NULL,,,NULL,NULL,NULL,NULL,NULL,NULL,1,NULL
4013,1,100913,cadramine-V 60 ml,CARAMINE+ZINE OXIDE+DIPHENHYDRAMINE+CAMPHOR+MENTHOL+ETHYL ALCOHOL,ANTIHISTAMINES & ANTIALLERGICS,ขย.9,NULL,ยาใช้เฉพาะที่,,,ขวด,8853871008253,100,NULL,FALSE,FALSE,NULL,,,NULL,NULL,NULL,NULL,NULL,NULL,1,NULL
4014,1,100914,calamine siribuncha 120 ml,CALAMINE+ZINC OXIDE+GLYCERINE,ANTIHISTAMINES & ANTIALLERGICS,ขย.9,NULL,ยาใช้เฉพาะที่,,,ขวด,8851124311204,100,NULL,FALSE,FALSE,NULL,,,35,NULL,NULL,NULL,NULL,NULL,1,NULL
4015,1,100915,calamine siribuncha 450 ml,CALAMINE+ZINC OXIDE+GLYCERINE,ANTIHISTAMINES & ANTIALLERGICS,ขย.9,NULL,ยาใช้เฉพาะที่,,,ขวด,8851124314502,100,NULL,FALSE,FALSE,NULL,,,NULL,NULL,NULL,NULL,NULL,NULL,1,NULL
4016,1,100916,renu fresh 60 ml,HYDROXYALKYLPHOSPHONATE+POLOXAMINE,EYE PREPARATIONS,ขย.9,NULL,ยาใช้เฉพาะที่,,,ขวด,310119038710,100,NULL,FALSE,FALSE,NULL,,,NULL,NULL,NULL,NULL,NULL,NULL,1,NULL
4017,1,100917,renu fresh 120 ml,HYDROXYALKYLPHOSPHONATE+POLOXAMINE,EYE PREPARATIONS,ขย.9,NULL,ยาใช้เฉพาะที่,,,ขวด,310119038727,100,NULL,FALSE,FALSE,NULL,,,NULL,NULL,NULL,NULL,NULL,NULL,1,NULL
4018,1,100918,renu fresh 355+60 ml,HYDROXYALKYLPHOSPHONATE+POLOXAMINE,EYE PREPARATIONS,ขย.9,NULL,ยาใช้เฉพาะที่,,,แพ็ค,8859086600251,100,NULL,FALSE,FALSE,NULL,,,NULL,NULL,NULL,NULL,NULL,NULL,1,NULL
4019,1,100919,opti-free replenish 300 ml,NULL,EYE PREPARATIONS,ขย.9,NULL,ยาใช้เฉพาะที่,,,ขวด,300651356083,100,NULL,FALSE,FALSE,NULL,,,NULL,NULL,NULL,NULL,NULL,NULL,1,NULL
4020,1,100920,bio-true contact lense 120+60 ml,NULL,EYE PREPARATIONS,ขย.9,NULL,ยาใช้เฉพาะที่,,,แพ็ค,310119039076,100,NULL,FALSE,FALSE,NULL,,,NULL,NULL,NULL,NULL,NULL,NULL,1,NULL
4021,1,100921,2.5% selsun suspension 30 ml,SELENIUM SULPHIDE,ANTIFUNGALS,ขย.9,NULL,ยาใช้เฉพาะที่,,,ขวด,8851520060126,100,NULL,FALSE,FALSE,NULL,,,NULL,NULL,NULL,NULL,NULL,NULL,1,NULL
4022,1,100922,2.5%  Selsun suspension 60 ml,SELENIUM SULPHIDE,ANTIFUNGALS,ขย.9,NULL,ยาใช้เฉพาะที่,,,ขวด,8851520060225,100,NULL,FALSE,FALSE,NULL,,,NULL,NULL,NULL,NULL,NULL,NULL,1,NULL
4023,1,100923,2.5%  SELSUN suspension 120 ml,SELENIUM SULPHIDE,ANTIFUNGALS,ขย.9,NULL,ยาใช้เฉพาะที่,,,ขวด,8851520060324,100,NULL,FALSE,FALSE,NULL,,,NULL,NULL,NULL,NULL,NULL,NULL,1,NULL
4024,1,100924,2.5% sellon shampoo 40 ml,SELENIUM SULPHIDE,ANTIFUNGALS,ขย.9,NULL,ยาใช้เฉพาะที่,,,กป,8853935013698,100,NULL,FALSE,FALSE,NULL,,,NULL,NULL,NULL,NULL,NULL,NULL,1,NULL
4025,1,100925,2%Nizoral original shampoo 50 ml,KETOCONAZOLE,ANTIFUNGALS,ขย.9,NULL,ยาใช้เฉพาะที่,,,ขวด,5036631011103,100,NULL,FALSE,FALSE,NULL,,,0,0,0,0,0,0,,/uploads/100925_1.jpg
4026,1,100926,2%Nizoral original shampoo 100 ml,KETOCONAZOLE,ANTIFUNGALS,ขย.9,NULL,ยาใช้เฉพาะที่,,,ขวด,5036631005133,100,NULL,FALSE,FALSE,NULL,,,NULL,NULL,NULL,NULL,NULL,NULL,1,NULL
4027,1,100927,2%Nizoral original shampoo 200 ml,KETOCONAZOLE,ANTIFUNGALS,ขย.9,NULL,ยาใช้เฉพาะที่,,,ขวด,5036631005140,100,NULL,FALSE,FALSE,NULL,,,NULL,NULL,NULL,NULL,NULL,NULL,1,NULL
4028,1,100928,2% Nora shampoo 50 ml,KETOCONAZOLE,ANTIFUNGALS,ขย.9,NULL,ยาใช้เฉพาะที่,,,ขวด,8851473000262,100,NULL,FALSE,FALSE,NULL,,,NULL,NULL,NULL,NULL,NULL,NULL,1,NULL
4029,1,100929,2% Nora shampoo 100 ml,KETOCONAZOLE,ANTIFLATULANCES,ขย.9,NULL,ยาใช้เฉพาะที่,,,ขวด,8851473000279,100,NULL,FALSE,FALSE,NULL,,,NULL,NULL,NULL,NULL,NULL,NULL,1,NULL
4030,1,100930,K-Y Gel Lubrificant 82g,NULL,NULL,ขย.9,NULL,ยาใช้เฉพาะที่,,,หลอด,5052197041545,100,NULL,FALSE,FALSE,NULL,,,NULL,NULL,NULL,NULL,NULL,NULL,1,NULL
4031,1,100931,Q-C lubricating jelly 50g,NULL,NULL,ขย.9,NULL,ยาใช้เฉพาะที่,,,หลอด,8851881719688,100,NULL,FALSE,FALSE,NULL,,,NULL,NULL,NULL,NULL,NULL,NULL,1,NULL
4032,1,100932,ถุงยางอนามัย ดูเร็กซ์ เฟเธอร์ไลท์ 3 ชิ้น,NULL,NULL,ขย.9,NULL,อุปกรณ์ทางการแพทย์,,,กล่อง,8850163000100,100,NULL,FALSE,FALSE,NULL,,,NULL,NULL,NULL,NULL,NULL,NULL,1,NULL
4033,1,100933,ถุงยางอนามัย ดูเร็กซ์ เพอร์ฟอร์มา 3 ชิ้น,NULL,NULL,ขย.9,NULL,อุปกรณ์ทางการแพทย์,,,กล่อง,5038483198148,100,NULL,FALSE,FALSE,NULL,,,NULL,NULL,NULL,NULL,NULL,NULL,1,NULL
4034,1,100934,ถุงยางอนามัย ดูเร็กซ์ แอรี่ แบบบาง 2 ชิ้น,NULL,NULL,ขย.9,NULL,อุปกรณ์ทางการแพทย์,,,กล่อง,5052197050783,100,NULL,FALSE,FALSE,NULL,,,NULL,NULL,NULL,NULL,NULL,NULL,1,NULL
4035,1,100935,ถุงยางอนามัย ดูเร็กซ์ เอ็กไซตา 3 ชิ้น,NULL,NULL,ขย.9,NULL,อุปกรณ์ทางการแพทย์,,,กล่อง,8850163000315,100,NULL,FALSE,FALSE,NULL,,,NULL,NULL,NULL,NULL,NULL,NULL,1,NULL
4036,1,100936,ถุงยางอนามัย ดูเร็กซ์ คอมฟอร์ท 3 ชิ้น,NULL,NULL,ขย.9,NULL,อุปกรณ์ทางการแพทย์,,,กล่อง,8850163000452,100,NULL,FALSE,FALSE,NULL,,,NULL,NULL,NULL,NULL,NULL,NULL,1,NULL
4037,1,100937,ถุงยางอนามัย durex สตรอเบอร์รี่  52.5 mm. 3 ชิ้น ,NULL,NULL,ขย.9,NULL,อุปกรณ์ทางการแพทย์,,,กล่อง,8850163000278,100,NULL,FALSE,FALSE,NULL,,,NULL,NULL,NULL,NULL,NULL,NULL,1,NULL
4038,1,100938,ถุงยางอนามัย ดูเร็กซ์ เฟเธอร์ไลท์ อัลติมา 3 ชิ้น,NULL,NULL,ขย.9,NULL,อุปกรณ์ทางการแพทย์,,,กล่อง,5038483866221,100,NULL,FALSE,FALSE,NULL,,,NULL,NULL,NULL,NULL,NULL,NULL,1,NULL
4039,1,100939,ถุงยางอนามัย ฟรีล็อค จอย 3 ชิ้น,NULL,NULL,ขย.9,NULL,อุปกรณ์ทางการแพทย์,,,กล่อง,8850956032660,100,NULL,FALSE,FALSE,NULL,,,NULL,NULL,NULL,NULL,NULL,NULL,1,NULL
4040,1,100940,ถุงยางอนามัย ฟรีล็อค มีสารหล่อลื่น 3 ชิ้น,NULL,NULL,ขย.9,NULL,อุปกรณ์ทางการแพทย์,,,กล่อง,8850956032639,100,NULL,FALSE,FALSE,NULL,,,NULL,NULL,NULL,NULL,NULL,NULL,1,NULL
4041,1,100941,ถุงยางอนามัย ฟรีล็อค แม็กซ์ 3 ชิ้น,NULL,NULL,ขย.9,NULL,อุปกรณ์ทางการแพทย์,,,กล่อง,8850956032646,100,NULL,FALSE,FALSE,NULL,,,NULL,NULL,NULL,NULL,NULL,NULL,1,NULL
4042,1,100942,ถุงยางอนามัย ฟรีล็อค สตรอเบอร์รี่ 3 ชิ้น,NULL,NULL,ขย.9,NULL,อุปกรณ์ทางการแพทย์,,,กล่อง,8850956032653,100,NULL,FALSE,FALSE,NULL,,,NULL,NULL,NULL,NULL,NULL,NULL,1,NULL
4043,1,100943,ถุงยางอนามัย แฟร์ วีซ่า 3 ชิ้น,NULL,NULL,ขย.9,NULL,อุปกรณ์ทางการแพทย์,,,กล่อง,8850910001053,100,NULL,FALSE,FALSE,NULL,,,NULL,NULL,NULL,NULL,NULL,NULL,1,NULL
4044,1,100944,ถุงยางอนามัย แฟร์ สตรอเบอร์รี่ 3 ชิ้น,NULL,NULL,ขย.9,NULL,อุปกรณ์ทางการแพทย์,,,กล่อง,8850910001022,100,NULL,FALSE,FALSE,NULL,,,NULL,NULL,NULL,NULL,NULL,NULL,1,NULL
4045,1,100945,ถุงยางอนามัย ซิลค์ 3 ชิ้น,NULL,NULL,ขย.9,NULL,อุปกรณ์ทางการแพทย์,,,กล่อง,8850956031724,100,NULL,FALSE,FALSE,NULL,,,NULL,NULL,NULL,NULL,NULL,NULL,1,NULL
4046,1,100946,ถุงยางอนามัย โปรเท็กซ์ตร้า อินสไตล์ โกลด์ 3 ชิ้น,NULL,NULL,ขย.9,NULL,อุปกรณ์ทางการแพทย์,,,กล่อง,8850639011883,100,NULL,FALSE,FALSE,NULL,,,NULL,NULL,NULL,NULL,NULL,NULL,1,NULL
4047,1,100947,ถุงยางอนามัย โปรเท็กซ์ตร้า อินสไตล์ 3 ชิ้น,NULL,NULL,ขย.9,NULL,อุปกรณ์ทางการแพทย์,,,กล่อง,8850639011852,100,NULL,FALSE,FALSE,NULL,,,NULL,NULL,NULL,NULL,NULL,NULL,1,NULL
4048,1,100948,ยาแคปซูลตรีผลา ตราไทรทอง 10 แคปซูล,NULL,NULL,ขย.9,NULL,"ยาสมุนไพร, ยาแผนโบราณ",,,แผง,8850921012116,100,NULL,FALSE,FALSE,NULL,,,NULL,NULL,NULL,NULL,NULL,NULL,1,NULL
4049,1,100949,ยาขม ชนิดเม็ด ตราใบห่อ 12 เม็ด,NULL,NULL,ขย.9,NULL,"ยาสมุนไพร, ยาแผนโบราณ",,,ซอง,8858935800118,100,NULL,FALSE,FALSE,NULL,,,0,0,0,0,0,0,,/uploads/100949_1.jpg
4050,1,100950,ยาขมเม็ด ตราตะขาบ 5 ตัว 15 เม็ด,NULL,NULL,ขย.9,NULL,"ยาสมุนไพร, ยาแผนโบราณ",,,ซอง,8852761000049,100,NULL,FALSE,FALSE,NULL,,,NULL,NULL,NULL,NULL,NULL,NULL,1,NULL
4051,1,100951,ยาขมเม็ด น้ำเต้าทอง 4 เม็ด,NULL,NULL,ขย.9,NULL,"ยาสมุนไพร, ยาแผนโบราณ",,,ซอง,8850698019028,100,NULL,FALSE,FALSE,NULL,,,NULL,NULL,NULL,NULL,NULL,NULL,1,NULL
4052,1,100952,ยาขม น้ำเต้าทอง สามแยกพระนคร 14 กรัม,NULL,NULL,ขย.9,NULL,"ยาสมุนไพร, ยาแผนโบราณ",,,ซอง,8850698019011,100,NULL,FALSE,FALSE,NULL,,,NULL,NULL,NULL,NULL,NULL,NULL,1,NULL
4053,1,100953,ยาขม ชง น้ำเต้าทอง 5 ซอง/กล่อง,NULL,NULL,ขย.9,NULL,"ยาสมุนไพร, ยาแผนโบราณ",,,กล่อง,8850698010032,100,NULL,FALSE,FALSE,NULL,,,NULL,NULL,NULL,NULL,NULL,NULL,1,NULL
4054,1,100954,ยาหวาน ชง น้ำเต้าทอง 5ซอง/กล่อง,NULL,NULL,ขย.9,NULL,"ยาสมุนไพร, ยาแผนโบราณ",,,กล่อง,8850698010049,100,NULL,FALSE,FALSE,NULL,,,NULL,NULL,NULL,NULL,NULL,NULL,1,NULL
4055,1,100955,ยานัตถุ์หมอมี 12 กรัม,NULL,NULL,ขย.9,NULL,"ยาสมุนไพร, ยาแผนโบราณ",,,ขวด,8856482000203,100,NULL,FALSE,FALSE,NULL,,,NULL,NULL,NULL,NULL,NULL,NULL,1,NULL
4056,1,100956,ยานัตถุ์หมอชิต 10 กรัม,NULL,NULL,ขย.9,NULL,"ยาสมุนไพร, ยาแผนโบราณ",,,ขวด,962,100,NULL,FALSE,FALSE,NULL,,,NULL,NULL,NULL,NULL,NULL,NULL,1,NULL
4057,1,100957,ยาหอมแก้ลม  ตราหมอเอี้ยง 74 กรัม,NULL,NULL,ขย.9,NULL,"ยาสมุนไพร, ยาแผนโบราณ",,,ขวด,100957,100,NULL,FALSE,FALSE,NULL,,,NULL,NULL,NULL,NULL,NULL,NULL,1,NULL
4058,1,100958,ยาหอม ตรา 5 เจดีย์ 12ซอง,NULL,NULL,ขย.9,NULL,"ยาสมุนไพร, ยาแผนโบราณ",,,แพ็ค,331603,100,NULL,FALSE,FALSE,NULL,,,NULL,NULL,NULL,NULL,NULL,NULL,1,NULL
4059,1,100959,ยาหอม 5 เจดีย์ 25 กรัม No.2,NULL,NULL,ขย.9,NULL,"ยาสมุนไพร, ยาแผนโบราณ",,,กล่อง,8853084001119,100,NULL,FALSE,FALSE,NULL,,,NULL,NULL,NULL,NULL,NULL,NULL,1,NULL
4060,1,100960,ยาหอม 5 เจดีย์ 9 กรัม No.2,NULL,NULL,ขย.9,NULL,"ยาสมุนไพร, ยาแผนโบราณ",,,กล่อง,8853084001218,100,NULL,FALSE,FALSE,NULL,,,NULL,NULL,NULL,NULL,NULL,NULL,1,NULL
4061,1,100961,ยาหอม 5 เจดีย์ 4 กรัม No. 3,NULL,NULL,ขย.9,NULL,"ยาสมุนไพร, ยาแผนโบราณ",,,กล่อง,8853084001317,100,NULL,FALSE,FALSE,NULL,,,NULL,NULL,NULL,NULL,NULL,NULL,1,NULL
4062,1,100962,ยาหอม ตราเด็กในพานทอง 17 กรัม,NULL,NULL,ขย.9,NULL,"ยาสมุนไพร, ยาแผนโบราณ",,,กล่อง,8857022000158,100,NULL,FALSE,FALSE,NULL,,,NULL,NULL,NULL,NULL,NULL,NULL,1,NULL
4063,1,100963,ยาหอม ตราเด็กในพานทอง 37 กรัม,NULL,NULL,ขย.9,NULL,"ยาสมุนไพร, ยาแผนโบราณ",,,กล่อง,8857022000141,100,NULL,FALSE,FALSE,NULL,,,NULL,NULL,NULL,NULL,NULL,NULL,1,NULL
4064,1,100964,ยาหอม ตราฤาษีทรงม้า 10 กรัม No.2,NULL,NULL,ขย.9,NULL,"ยาสมุนไพร, ยาแผนโบราณ",,,กล่อง,100964,100,NULL,FALSE,FALSE,NULL,,,NULL,NULL,NULL,NULL,NULL,NULL,1,NULL
4065,1,100965,ยาหอม ตราฤาษีทรงม้า 15 กรัม No.1,NULL,NULL,ขย.9,NULL,"ยาสมุนไพร, ยาแผนโบราณ",,,กล่อง,100965,100,NULL,FALSE,FALSE,NULL,,,NULL,NULL,NULL,NULL,NULL,NULL,1,NULL
4066,1,100966,ยาหอม ตราฤาษีทรงม้า 30 กรัม No.กล่องพิเศษ,NULL,NULL,ขย.9,NULL,"ยาสมุนไพร, ยาแผนโบราณ",,,กล่อง,100966,100,NULL,FALSE,FALSE,NULL,,,NULL,NULL,NULL,NULL,NULL,NULL,1,NULL
4067,1,100967,แมสก์ ดรอป กลิ่นเฟรชมิ้นท์ 3 ซีซี,NULL,NULL,ขย.9,NULL,เบ็ดเตล็ด,,,ชิ้น,8850109076510,100,NULL,FALSE,FALSE,NULL,,,NULL,NULL,NULL,NULL,NULL,NULL,1,NULL
4068,1,100968,แมสก์ ดรอป เซียงเพียว 3 ซีซี,GINGKO-BILOBA,VITAMINS & MINERALS,ขย.9,NULL,เบ็ดเตล็ด,,,ชิ้น,8850109013119,100,NULL,FALSE,FALSE,NULL,,,39,NULL,NULL,NULL,NULL,NULL,1,NULL
4069,1,100969,แมสก์ ดรอป กลิ่นแบล็คมิ้นท์ 3 ซีซี,NULL,NULL,ขย.9,NULL,เบ็ดเตล็ด,,,ชิ้น,8850109077517,100,NULL,FALSE,FALSE,NULL,,,NULL,NULL,NULL,NULL,NULL,NULL,1,NULL
4070,1,100970,ยากวาด ตราใบโพธิ์ บรรจุ 10 เม็ด,NULL,NULL,ขย.9,NULL,"ยาสมุนไพร, ยาแผนโบราณ",,,ซอง,8856971000028,100,NULL,FALSE,FALSE,NULL,,,NULL,NULL,NULL,NULL,NULL,NULL,1,NULL
4071,1,100971,ยาเขียว ตราดอกบัว (ชนิดเม็ด) บรรจุ 15 เม็ด,NULL,NULL,ขย.9,NULL,"ยาสมุนไพร, ยาแผนโบราณ",,,ซอง,8857022000288,100,NULL,FALSE,FALSE,NULL,,,NULL,NULL,NULL,NULL,NULL,NULL,1,NULL
4072,1,100972,ยาเขียว สามฤดู ตราปลาคู่ (สูตรเข้มข้น) 10 แคปซูล,NULL,NULL,ขย.9,NULL,"ยาสมุนไพร, ยาแผนโบราณ",,,แผง,8859117800100,100,NULL,FALSE,FALSE,NULL,,,NULL,NULL,NULL,NULL,NULL,NULL,1,NULL
4073,1,100973,ยาเขียว สามฤดู ตราปลาคู่ ชนิดผง 6 กรัม,NULL,NULL,ขย.9,NULL,"ยาสมุนไพร, ยาแผนโบราณ",,,ซอง,8859117800018,100,NULL,FALSE,FALSE,NULL,,,NULL,NULL,NULL,NULL,NULL,NULL,1,NULL
4074,1,100974,ยาเขียว ชนิดเม็ด ตราใบห่อ บรรจุ 12 เม็ด,NULL,NULL,ขย.9,NULL,"ยาสมุนไพร, ยาแผนโบราณ",,,ซอง,8858935800408,100,NULL,FALSE,FALSE,NULL,,,NULL,NULL,NULL,NULL,NULL,NULL,1,NULL
4075,1,100975,ยาเขียว สามฤดู ตราปลาคู่ ชนิดเม็ด 16 เม็ด,NULL,NULL,ขย.9,NULL,"ยาสมุนไพร, ยาแผนโบราณ",,,ซอง,8859117800049,100,NULL,FALSE,FALSE,NULL,,,NULL,NULL,NULL,NULL,NULL,NULL,1,NULL
4076,1,100976,ยาเขียว ตราดอกบัว (ชนิดผง) บรรจุ 5 กรัม,NULL,NULL,ขย.9,NULL,"ยาสมุนไพร, ยาแผนโบราณ",,,ซอง,8857022000271,100,NULL,FALSE,FALSE,NULL,,,NULL,NULL,NULL,NULL,NULL,NULL,1,NULL
4077,1,100977,ยาเขียว ชนิดผง ตราใบห่อ บรรจุ 8 กรัม,NULL,NULL,ขย.9,NULL,"ยาสมุนไพร, ยาแผนโบราณ",,,ซอง,8858935800309,100,NULL,FALSE,FALSE,NULL,,,NULL,NULL,NULL,NULL,NULL,NULL,1,NULL
4078,1,100978,ยาเขียว ตราใบโพธิ์ บรรจุ 15 เม็ด,NULL,NULL,ขย.9,NULL,"ยาสมุนไพร, ยาแผนโบราณ",,,ซอง,8856971000011,100,NULL,FALSE,FALSE,NULL,,,NULL,NULL,NULL,NULL,NULL,NULL,1,NULL
4079,1,100979,ยาดม หงษ์ไทย สูตร2 ขนาด 10 กรัม,METHYL SALICYLATE+MENTHOL+EUGENOL,MOUTH/THROAT PREPARATIONS,ขย.9,NULL,"ยาสมุนไพร, ยาแผนโบราณ",,,กระปุก,8859126000508,100,NULL,FALSE,FALSE,NULL,,,45,NULL,NULL,NULL,NULL,NULL,1,NULL
4080,1,100980,ยาดม หงษ์ไทย สูตร2 ขนาด 5 กรัม,NULL,NULL,ขย.9,NULL,"ยาสมุนไพร, ยาแผนโบราณ",,,กระปุก,8859126000089,100,NULL,FALSE,FALSE,NULL,,,NULL,NULL,NULL,NULL,NULL,NULL,1,NULL
4081,1,100981,ยาดมส้มมือจรุงจิต  ขนาด 2 กรัม,NULL,NULL,ขย.9,NULL,"ยาสมุนไพร, ยาแผนโบราณ",,,ขวด,8851124361018,100,NULL,FALSE,FALSE,NULL,,,NULL,NULL,NULL,NULL,NULL,NULL,1,NULL
4082,1,100982,ยาดม เป๊ปเปอร์มิ้นท์ ฟิลด์ 2 ซีซี,NULL,NULL,ขย.9,NULL,ยาดม,,,หลอด,8850109073311,100,NULL,FALSE,FALSE,NULL,,,NULL,NULL,NULL,NULL,NULL,NULL,1,NULL
4083,1,100983,ยาดม ท่านเจ้าคุณ คละสี 2 ซีซี,NULL,NULL,ขย.9,NULL,ยาดม,,,หลอด,8851473005359,100,NULL,FALSE,FALSE,NULL,,,NULL,NULL,NULL,NULL,NULL,NULL,1,NULL
4084,1,100984,ยาดม วาเป๊กซ์ ทูอินวัน 2 ซีซี,NULL,NULL,ขย.9,NULL,ยาดม,,,หลอด,8850172241419,100,NULL,FALSE,FALSE,NULL,,,NULL,NULL,NULL,NULL,NULL,NULL,1,NULL
4085,1,100985,ยาดม โป๊ยเซียน คละสี 2 ซีซี,NULL,NULL,ขย.9,NULL,ยาดม,,,หลอด,8851447010006,100,NULL,FALSE,FALSE,NULL,,,NULL,NULL,NULL,NULL,NULL,NULL,1,NULL
4086,1,100986,ยาดม พลาสเทล คละสี 1.5 ซีซี,NULL,NULL,ขย.9,NULL,ยาดม,,,หลอด,8859737610219,100,NULL,FALSE,FALSE,NULL,,,NULL,NULL,NULL,NULL,NULL,NULL,1,NULL
4087,1,100987,ยาดม พีเป๊กซ์ สีแดงหัวแหลม,NULL,NULL,ขย.9,NULL,ยาดม,,,หลอด,8851447020005,100,NULL,FALSE,FALSE,NULL,,,NULL,NULL,NULL,NULL,NULL,NULL,1,NULL
4088,1,100988,ยาดม ตราไผ่คู่ (เขียว) 2 กรัม,NULL,NULL,ขย.9,NULL,ยาดม,,,หลอด,8857022000028,100,NULL,FALSE,FALSE,NULL,,,NULL,NULL,NULL,NULL,NULL,NULL,1,NULL
4089,1,100989,ยาดม ตราไผ่คู่ (ขาว) 2 กรัม,NULL,NULL,ขย.9,NULL,ยาดม,,,หลอด,8857022000677,100,NULL,FALSE,FALSE,NULL,,,NULL,NULL,NULL,NULL,NULL,NULL,1,NULL
4090,1,100990,ยาดม เซียงเพียว สูตร2 ขนาด 2 ซีซี,NULL,NULL,ขย.9,NULL,ยาดม,,,หลอด,8850109011412,100,NULL,FALSE,FALSE,NULL,,,NULL,NULL,NULL,NULL,NULL,NULL,1,NULL
4091,1,100991,ยาดม ตราถ้วยทอง กลิ่นเลมอน  2 ซีซี,NULL,NULL,ขย.9,NULL,ยาดม,,,หลอด,8852197133106,100,NULL,FALSE,FALSE,NULL,,,NULL,NULL,NULL,NULL,NULL,NULL,1,NULL
4092,1,100992,ยาดม ตราถ้วยทอง กลิ่นลาเวนเดอร์ 2 ซีซี,NULL,NULL,ขย.9,NULL,ยาดม,,,หลอด,8852197133205,100,NULL,FALSE,FALSE,NULL,,,NULL,NULL,NULL,NULL,NULL,NULL,1,NULL
4093,1,100993,ยาดม ตราเฌอเอม 1 กรัม,NULL,NULL,ขย.9,NULL,ยาดม,,,หลอด,8855073000011,100,NULL,FALSE,FALSE,NULL,,,NULL,NULL,NULL,NULL,NULL,NULL,1,NULL
4094,1,100994,แป้งโยคี 1997 ขนาด 100 กรัม,ZINC+MAGNESIUM,NULL,ขย.9,NULL,ยาสามัญประจำบ้าน,,,ขวด,8851124891003,100,NULL,FALSE,FALSE,NULL,,,NULL,NULL,NULL,NULL,NULL,NULL,1,NULL
4095,1,100995,แป้งโยคี 1997 แบบเย็น ขนาด 60 กรัม,ZINC+MAGNESIUM,NULL,ขย.9,NULL,ยาสามัญประจำบ้าน,,,ขวด,8851124890600,100,NULL,FALSE,FALSE,NULL,,,NULL,NULL,NULL,NULL,NULL,NULL,1,NULL
4096,1,100996,แป้งโยคี ในรัศมีวงกลม สูตรเย็น ขนาด 60 กรัม,CALAMINE+ZINC OXIDE+GLYCERINE,NULL,ขย.9,NULL,ยาสามัญประจำบ้าน,,,ขวด,8858672900027,100,NULL,FALSE,FALSE,NULL,,,NULL,NULL,NULL,NULL,NULL,NULL,1,NULL
4097,1,100997,แป้งโยคี ในรัศมีวงกลม ขนาด 100 กรัม,CALAMINE+ZINC OXIDE+GLYCERINE,NULL,ขย.9,NULL,ยาสามัญประจำบ้าน,,,ขวด,8858672900034,100,NULL,FALSE,FALSE,NULL,,,NULL,NULL,NULL,NULL,NULL,NULL,1,NULL
4098,1,100998,ผงโยคี 1997 ขนาด 60 กรัม,NULL,NULL,ขย.9,NULL,ยาสามัญประจำบ้าน,,,ขวด,8851124420609,100,NULL,FALSE,FALSE,NULL,,,NULL,NULL,NULL,NULL,NULL,NULL,1,NULL
4099,1,100999,ยาหอมเทพจิต ตราห้าม้า บรรจุ 30 เม็ด,NULL,NULL,ขย.9,NULL,"ยาสมุนไพร, ยาแผนโบราณ",,,ชิ้น,8856570150018,100,NULL,FALSE,FALSE,NULL,,,NULL,NULL,NULL,NULL,NULL,NULL,1,NULL
4100,1,101000,ยาหอมเทพจิต ขาวละออ บรรจุ 15 เม็ด,NULL,NULL,ขย.9,NULL,"ยาสมุนไพร, ยาแผนโบราณ",,,ชิ้น,8850138011957,100,NULL,FALSE,FALSE,NULL,,,NULL,NULL,NULL,NULL,NULL,NULL,1,NULL
4101,1,101001,ยาถ่ายสมุนไพร (กษัยเส้นเดิม) ตราเด็กในพานทอง บรรจุ 25 เม็ด,NULL,NULL,ขย.9,NULL,"ยาสมุนไพร, ยาแผนโบราณ",,,กล่อง,8857022000189,100,NULL,FALSE,FALSE,NULL,,,NULL,NULL,NULL,NULL,NULL,NULL,1,NULL
4102,1,101002,ยากษัยเส้น ตราเด็กในพานทอง (ชนิดแคปซูล) บรรจุ 10 แคปซูล,NULL,NULL,ขย.9,NULL,"ยาสมุนไพร, ยาแผนโบราณ",,,กล่อง,8857022000370,100,NULL,FALSE,FALSE,NULL,,,NULL,NULL,NULL,NULL,NULL,NULL,1,NULL
4103,1,101003,ยาถ่ายสมุนไพร (กษัยเส้นเดิม) ตราเด็กในพานทอง บรรจุ 5 เม็ด,NULL,NULL,ขย.9,NULL,"ยาสมุนไพร, ยาแผนโบราณ",,,ซอง,8857022000196,100,NULL,FALSE,FALSE,NULL,,,NULL,NULL,NULL,NULL,NULL,NULL,1,NULL
4104,1,101004,พร-ยาเป่าคอ (ตรากาไก่) 2 กรัม,NULL,NULL,ขย.9,NULL,"ยาสมุนไพร, ยาแผนโบราณ",,,ซอง,8857121050030,100,NULL,FALSE,FALSE,NULL,,,NULL,NULL,NULL,NULL,NULL,NULL,1,NULL
4105,1,101005,ยากวาด สมานลิ้น ขาวละออ 2 กรัม,NULL,NULL,ขย.9,NULL,"ยาสมุนไพร, ยาแผนโบราณ",,,ซอง,8850138010141,100,NULL,FALSE,FALSE,NULL,,,NULL,NULL,NULL,NULL,NULL,NULL,1,NULL
4106,1,101006,ยากษัยเส้น ตราหัวเสือ บรรจุ 6 เม็ด,NULL,NULL,ขย.9,NULL,"ยาสมุนไพร, ยาแผนโบราณ",,,ซอง,8852965100040,100,NULL,FALSE,FALSE,NULL,,,NULL,NULL,NULL,NULL,NULL,NULL,1,NULL
4107,1,101007,VICKS วิคส์ วาโปรับ ขนาด 25 กรัม,CAMPHOR,ANTIHISTAMINES & ANTIALLERGICS,ขย.9,NULL,ยาสามัญประจำบ้าน,,,กระปุก,4987176003485,100,NULL,FALSE,FALSE,NULL,,,NULL,NULL,NULL,NULL,NULL,NULL,1,NULL
4108,1,101008,VICKS วิคส์ วาโปรับ ขนาด 10 กรัม,CAMPHOR,ANTIHISTAMINES & ANTIALLERGICS,ขย.9,NULL,ยาสามัญประจำบ้าน,,,ตลับ,4987176600776,100,NULL,FALSE,FALSE,NULL,,,53,NULL,NULL,NULL,NULL,NULL,1,NULL
4109,1,101009,VICKS วิคส์ วาโปรับ ขนาด 5 กรัม,CAMPHOR,NULL,ขย.9,NULL,ยาสามัญประจำบ้าน,,,ตลับ,101009,100,NULL,FALSE,FALSE,NULL,,,NULL,NULL,NULL,NULL,NULL,NULL,1,NULL
4110,1,101010,ยาหม่อง ตราถ้วยทอง 2 กรัม,METHYL SALICYLATE+MENTHOL+EUGENOL,NULL,ขย.9,NULL,ยาสามัญประจำบ้าน,,,ตลับ,8852197110015,100,NULL,FALSE,FALSE,NULL,,,NULL,NULL,NULL,NULL,NULL,NULL,1,NULL
4111,1,101011,ยาหม่อง ตราถ้วยทอง 4 กรัม,METHYL SALICYLATE+MENTHOL+EUGENOL,NULL,ขย.9,NULL,ยาสามัญประจำบ้าน,,,ตลับ,8852197110725,100,NULL,FALSE,FALSE,NULL,,,NULL,NULL,NULL,NULL,NULL,NULL,1,NULL
4112,1,101012,ยาหม่อง ตราถ้วยทอง 8 กรัม,METHYL SALICYLATE+MENTHOL+EUGENOL,NULL,ขย.9,NULL,ยาสามัญประจำบ้าน,,,ตลับ,8852197110039,100,NULL,FALSE,FALSE,NULL,,,NULL,NULL,NULL,NULL,NULL,NULL,1,NULL
4113,1,101013,ยาหม่อง ตราถ้วยทอง 22 กรัม,METHYL SALICYLATE+MENTHOL+EUGENOL,NULL,ขย.9,NULL,ยาสามัญประจำบ้าน,,,กระปุก,8852197110053,100,NULL,FALSE,FALSE,NULL,,,NULL,NULL,NULL,NULL,NULL,NULL,1,NULL
4114,1,101014,ยาหม่อง ตราถ้วยทอง 50 กรัม,METHYL SALICYLATE+MENTHOL+EUGENOL,NULL,ขย.9,NULL,ยาสามัญประจำบ้าน,,,กระปุก,8852197110312,100,NULL,FALSE,FALSE,NULL,,,NULL,NULL,NULL,NULL,NULL,NULL,1,NULL
4115,1,101015,ยาหม่อง ตราเสือ (แดง) 19.4 กรัม,CAMPHOR,NULL,ขย.9,NULL,ยาสามัญประจำบ้าน,,,กระปุก,8851990201074,100,NULL,FALSE,FALSE,NULL,,,NULL,NULL,NULL,NULL,NULL,NULL,1,NULL
4116,1,101016,ยาหม่อง ตราเสือ (แดง) 10 กรัม,CAMPHOR,NULL,ขย.9,NULL,ยาสามัญประจำบ้าน,,,กระปุก,8851990201050,100,NULL,FALSE,FALSE,NULL,,,NULL,NULL,NULL,NULL,NULL,NULL,1,NULL
4117,1,101017,ยาหม่องขาว เซียงเพียว 12 กรัม,METHYL SALICYLATE+MENTHOL+EUGENOL,NULL,ขย.9,NULL,ยาสามัญประจำบ้าน,,,กระปุก,8850109001314,100,NULL,FALSE,FALSE,NULL,,,NULL,NULL,NULL,NULL,NULL,NULL,1,NULL
4118,1,101018,ยาหม่องเหลือง เซียงเพียว 12 กรัม,METHYL SALICYLATE+MENTHOL+EUGENOL,NULL,ขย.9,NULL,ยาสามัญประจำบ้าน,,,กระปุก,8850109001215,100,NULL,FALSE,FALSE,NULL,,,NULL,NULL,NULL,NULL,NULL,NULL,1,NULL
4119,1,101019,ยาหม่องขวา ตรา 5 เจดีย์ ขนาด 10 กรัม,NULL,NULL,ขย.9,NULL,ยาสามัญประจำบ้าน,,,ตลับ,8853084004110,100,NULL,FALSE,FALSE,NULL,,,NULL,NULL,NULL,NULL,NULL,NULL,1,NULL
4120,1,101020,ยาหม่องขาว ตราลิงถือลูกท้อ ขนาด 4 กรัม,NULL,NULL,ขย.9,NULL,ยาสามัญประจำบ้าน,,,ตลับ,8858099000058,100,NULL,FALSE,FALSE,NULL,,,NULL,NULL,NULL,NULL,NULL,NULL,1,NULL
4121,1,101021,ยาหม่องขาว ตราลิงถือลูกท้อ ขนาดใหญ่พิเศษ 18 กรัม,NULL,NULL,ขย.9,NULL,ยาสามัญประจำบ้าน,,,กระปุก,8858099000089,100,NULL,FALSE,FALSE,NULL,,,NULL,NULL,NULL,NULL,NULL,NULL,1,NULL
4122,1,101022,VICKS วิคส์ วาโปรับ ขนาด 50 กรัม,CAMPHOR,NULL,ขย.9,NULL,ยาสามัญประจำบ้าน,,,กระปุก,4987176601285,100,NULL,FALSE,FALSE,NULL,,,0,0,0,0,0,0,,/uploads/101022_1.jpg
4123,1,101023,ทิฟฟี่รับ ขนาด 40 กรัม,CAMPHOR,ANTIDIARRHOEALS,ขย.9,NULL,ยาสามัญประจำบ้าน,,,กระปุก,8851473002648,100,NULL,FALSE,FALSE,NULL,,,109,NULL,NULL,NULL,NULL,NULL,1,NULL
4124,1,101024,ทิฟฟี่รับ ขนาด 20 กรัม,CAMPHOR,NULL,ขย.9,NULL,ยาสามัญประจำบ้าน,,,กระปุก,8851473002655,100,NULL,FALSE,FALSE,NULL,,,NULL,NULL,NULL,NULL,NULL,NULL,1,NULL
4125,1,101025,ทิฟฟี่รับ ขนาด 10 กรัม,CAMPHOR,MOUTH/THROAT PREPARATIONS,ขย.9,NULL,ยาสามัญประจำบ้าน,,,ตลับ,8851473008909,100,NULL,FALSE,FALSE,NULL,,,39,NULL,NULL,NULL,NULL,NULL,1,NULL
4126,1,101026,ยาหม่องเขียว ตรายุง บรรจุ 13 กรัม,NULL,NULL,ขย.9,NULL,ยาสามัญประจำบ้าน,,,กระปุก,8854609002178,100,NULL,FALSE,FALSE,NULL,,,NULL,NULL,NULL,NULL,NULL,NULL,1,NULL
4127,1,101027,แซม-บัค เอชอาร์ ขนาด 36 กรัม,EUCALYPTUS,NULL,ขย.9,NULL,ยาสามัญประจำบ้าน,,,ตลับ,8850172242225,100,NULL,FALSE,FALSE,NULL,,,NULL,NULL,NULL,NULL,NULL,NULL,1,NULL
4128,1,101028,Zambuk -HR  ขนาด 18 กรัม,EUCALYPTUS,MOUTH/THROAT PREPARATIONS,ขย.9,NULL,ยาสามัญประจำบ้าน,,,ตลับ,8850172242140,100,NULL,FALSE,FALSE,NULL,,,49,NULL,NULL,NULL,NULL,NULL,1,NULL
4129,1,101029,แซม-บัค เอชอาร์ ขนาด 8 กรัม,EUCALYPTUS,MOUTH/THROAT PREPARATIONS,ขย.9,NULL,ยาสามัญประจำบ้าน,,,ตลับ,8850172242010,100,NULL,FALSE,FALSE,NULL,,,32,NULL,NULL,NULL,NULL,NULL,1,NULL
4130,1,101030,น้ำมันยูคาลิปตัส โบสิสโต ตรานกแก้ว 8.5 ซีซี,EUCALYPTUS,NULL,ขย.9,NULL,ยาสามัญประจำบ้าน,,,ขวด,8858797620039,100,NULL,FALSE,FALSE,NULL,,,NULL,NULL,NULL,NULL,NULL,NULL,1,NULL
4131,1,101031,น้ำมันยูคาลิปตัส โบสิสโต ตรานกแก้ว 28 ซีซี,EUCALYPTUS,NULL,ขย.9,NULL,ยาสามัญประจำบ้าน,,,ขวด,8858797620022,100,NULL,FALSE,FALSE,NULL,,,NULL,NULL,NULL,NULL,NULL,NULL,1,NULL
4132,1,101032,น้ำมันยูคาลิปตัส ตรา วิทยาศรม 15 ซีซี,EUCALYPTUS,NULL,ขย.9,NULL,ยาสามัญประจำบ้าน,,,ขวด,101032,100,NULL,FALSE,FALSE,NULL,,,NULL,NULL,NULL,NULL,NULL,NULL,1,NULL
4133,1,101033,น้ำยายูคาลิปตัส ตรา วิทยาศรม 30 ซีซี,EUCALYPTUS,NULL,ขย.9,NULL,ยาสามัญประจำบ้าน,,,ขวด,8850075009406,100,NULL,FALSE,FALSE,NULL,,,NULL,NULL,NULL,NULL,NULL,NULL,1,NULL
4134,1,101034,ยาหม่องน้ำ เซียงเพียวอิ๊ว สูตร1 ขนาด 3 ซีซี (แดง),MENTHOL,NULL,ขย.9,NULL,"ยาสมุนไพร, ยาแผนโบราณ",,,ขวด,8850109001130,100,NULL,FALSE,FALSE,NULL,,,NULL,NULL,NULL,NULL,NULL,NULL,1,NULL
4135,1,101035,ยาหม่องน้ำ เซียงเพียวอิ๊ว สูตร1 ขนาด 7 ซีซี (แดง),MENTHOL,NULL,ขย.9,NULL,"ยาสมุนไพร, ยาแผนโบราณ",,,ขวด,8850109001123,100,NULL,FALSE,FALSE,NULL,,,NULL,NULL,NULL,NULL,NULL,NULL,1,NULL
4136,1,101036,ยาหม่องน้ำ เซียงเพียวอิ๊ว สูตร1 ขนาด 25 ซีซี (แดง),MENTHOL,NULL,ขย.9,NULL,"ยาสมุนไพร, ยาแผนโบราณ",,,ขวด,8850109001116,100,NULL,FALSE,FALSE,NULL,,,NULL,NULL,NULL,NULL,NULL,NULL,1,NULL
4137,1,101037,ยาหม่องน้ำ เซียงเพียวอิ๊ว สูตร2 ขนาด 3 ซีซี (ขาว),MENTHOL,NULL,ขย.9,NULL,"ยาสมุนไพร, ยาแผนโบราณ",,,ขวด,8850109001437,100,NULL,FALSE,FALSE,NULL,,,NULL,NULL,NULL,NULL,NULL,NULL,1,NULL
4138,1,101038,ยาหม่องน้ำ เซียงเพียวอิ๊ว สูตร2 ขนาด 7 ซีซี (ขาว),MENTHOL,NULL,ขย.9,NULL,"ยาสมุนไพร, ยาแผนโบราณ",,,ขวด,8850109001420,100,NULL,FALSE,FALSE,NULL,,,NULL,NULL,NULL,NULL,NULL,NULL,1,NULL
4139,1,101039,ยาหม่องน้ำ เซียงเพียวอิ๊ว สูตร2 ขนาด 25 ซีซี (ขาว),MENTHOL,NULL,ขย.9,NULL,"ยาสมุนไพร, ยาแผนโบราณ",,,ขวด,8850109011443,100,NULL,FALSE,FALSE,NULL,,,NULL,NULL,NULL,NULL,NULL,NULL,1,NULL
4140,1,101040,วาเป๊กซ์ เอชอาร์ 5 ซีซี,MENTHOL,VITAMINS & MINERALS,ขย.9,NULL,ยาสามัญประจำบ้าน,,,ขวด,8850172241303,100,NULL,FALSE,FALSE,NULL,,,43,NULL,NULL,NULL,NULL,NULL,1,NULL
4141,1,101041,วาเป๊กซ์ เอชอาร์ 14 ซีซี,MENTHOL,NULL,ขย.9,NULL,ยาสามัญประจำบ้าน,,,ขวด,8850172241310,100,NULL,FALSE,FALSE,NULL,,,NULL,NULL,NULL,NULL,NULL,NULL,1,NULL
4142,1,101042,พิมเสนน้ำ ตราโป๊ยเซียน 8 ซีซี,MENTHOL,NULL,ขย.9,NULL,"ยาสมุนไพร, ยาแผนโบราณ",,,ชิ้น,8851447430002,100,NULL,FALSE,FALSE,NULL,,,NULL,NULL,NULL,NULL,NULL,NULL,1,NULL
4143,1,101043,ไอซ์ เจลลิปาล์ม 7 กรัม,MENTHOL,VITAMINS & MINERALS,ขย.9,NULL,"ยาสมุนไพร, ยาแผนโบราณ",,,ชิ้น,8854060000010,100,NULL,FALSE,FALSE,NULL,,,26,NULL,NULL,NULL,NULL,NULL,1,NULL
4144,1,101044,ยาหม่อง ตราเสือ (ขาว) 10 กรัม,CAMPHOR,NULL,ขย.9,NULL,ยาสามัญประจำบ้าน,,,กระปุก,8851990201104,100,NULL,FALSE,FALSE,NULL,,,NULL,NULL,NULL,NULL,NULL,NULL,1,NULL
4145,1,101045,ยาหม่อง ตราเสือ (ขาว) 19.4 กรัม,CAMPHOR,NULL,ขย.9,NULL,"ยาสมุนไพร, ยาแผนโบราณ",,,กระปุก,8851990210298,100,NULL,FALSE,FALSE,NULL,,,NULL,NULL,NULL,NULL,NULL,NULL,1,NULL
4146,1,101046,เม็นโทลาทัม 28 กรัม,MENTHOL,NULL,ขย.9,NULL,ยาสามัญประจำบ้าน,,,กระปุก,8851520070125,100,NULL,FALSE,FALSE,NULL,,,NULL,NULL,NULL,NULL,NULL,NULL,1,NULL
4147,1,101047,เม็นโทลาทัม 85 กรัม,MENTHOL,NULL,ขย.9,NULL,ยาสามัญประจำบ้าน,,,กระปุก,8851520070132,100,NULL,FALSE,FALSE,NULL,,,NULL,NULL,NULL,NULL,NULL,NULL,1,NULL
4148,1,101048,ยาหม่องผสมเสลดพังพอน สูตร2 ตราวังพรม 20 กรัม,ACETYLCYSTEINE,ANTIDIARRHOEALS,ขย.9,NULL,"ยาสมุนไพร, ยาแผนโบราณ",,,กระปุก,8858111000110,100,NULL,FALSE,FALSE,NULL,,,44,NULL,NULL,NULL,NULL,NULL,1,NULL
4149,1,101049,ยาหม่องผสมเสลดพังพอน สูตร2 ตราวังพรม 50 กรัม เขียว,ACETYLCYSTEINE,MOUTH/THROAT PREPARATIONS,ขย.9,NULL,"ยาสมุนไพร, ยาแผนโบราณ",,,กระปุก,8858111000127,100,NULL,FALSE,FALSE,NULL,,,79,NULL,NULL,NULL,NULL,NULL,1,NULL
4150,1,101050,ยาหม่องผสมเสลดพังพอน สูตร2 ตราวังพรม 100 กรัม เขียว,ACETYLCYSTEINE,MOUTH/THROAT PREPARATIONS,ขย.9,NULL,"ยาสมุนไพร, ยาแผนโบราณ",,,กระปุก,8858111000134,100,NULL,FALSE,FALSE,NULL,,,136,NULL,NULL,NULL,NULL,NULL,1,NULL
4151,1,101051,ยาหม่องผสมไพล สูตร2 ตราวังพรม 20 กรัม,NULL,NULL,ขย.9,NULL,"ยาสมุนไพร, ยาแผนโบราณ",,,กระปุก,8858111000028,100,NULL,FALSE,FALSE,NULL,,,NULL,NULL,NULL,NULL,NULL,NULL,1,NULL
4152,1,101052,ยาหม่องผสมไพล สูตร2 ตราวังพรม 50 กรัม,NULL,NULL,ขย.9,NULL,"ยาสมุนไพร, ยาแผนโบราณ",,,กระปุก,8858111000035,100,NULL,FALSE,FALSE,NULL,,,NULL,NULL,NULL,NULL,NULL,NULL,1,NULL
4153,1,101053,ยาหม่องเสลดพังพอน ตราแม่กุหลาบ 50 กรัม,NULL,NULL,ขย.9,NULL,"ยาสมุนไพร, ยาแผนโบราณ",,,กรปุก,8856570110029,100,NULL,FALSE,FALSE,NULL,,,NULL,NULL,NULL,NULL,NULL,NULL,1,NULL
4154,1,101054,อุทัยทิพย์ ตรากิเลน 15 ซีซี,NULL,NULL,ขย.9,NULL,"ยาสมุนไพร, ยาแผนโบราณ",,,ขวด,8851123120005,100,NULL,FALSE,FALSE,NULL,,,NULL,NULL,NULL,NULL,NULL,NULL,1,NULL
4155,1,101055,ยาอุทัยหมอมี สูตร2 ขนาด 60 ซีซี,NULL,NULL,ขย.9,NULL,"ยาสมุนไพร, ยาแผนโบราณ",,,ขวด,8856482000609,100,NULL,FALSE,FALSE,NULL,,,48,NULL,NULL,NULL,NULL,NULL,1,NULL
4156,1,101056,ยาอุทัยหมอมี สูตร2 ขนาด 240 ซีซี,NULL,NULL,ขย.9,NULL,"ยาสมุนไพร, ยาแผนโบราณ",,,ขวด,8856482000708,100,NULL,FALSE,FALSE,NULL,,,NULL,NULL,NULL,NULL,NULL,NULL,1,NULL
4157,1,101057,เอ็ม.16 ตราปืน 3 ซีซี,LIDOCAINE,NULL,ขย.9,NULL,ยาใช้เฉพาะที่,,,ขวด,8855011000042,100,NULL,FALSE,FALSE,NULL,,,NULL,NULL,NULL,NULL,NULL,NULL,1,NULL
4158,1,101058,ฮาเร็ก บาล์ ขนาด 60 กรัม,METHYL SALICYLATE+MENTHOL+EUGENOL,NULL,ขย.9,NULL,ยาสามัญประจำบ้าน,,,กระปุก,8853838000054,100,NULL,FALSE,FALSE,NULL,,,NULL,NULL,NULL,NULL,NULL,NULL,1,NULL
4159,1,101059,ยาหม่องเสลดพังพอน ตรา สำเภาทอง 50 กรัม,ACETYLCYSTEINE,ANTIDIARRHOEALS,ขย.9,NULL,"ยาสมุนไพร, ยาแผนโบราณ",,,กระปุก,8857102910667,100,NULL,FALSE,FALSE,NULL,,,39,NULL,NULL,NULL,NULL,NULL,1,NULL
4160,1,101060,ยาหม่องเขียว หมอปริญญา ตราหนูชูยศ 50 กรัม,NULL,NULL,ขย.9,NULL,"ยาสมุนไพร, ยาแผนโบราณ",,,กระปุก,1066,100,NULL,FALSE,FALSE,NULL,,,NULL,NULL,NULL,NULL,NULL,NULL,1,NULL
4161,1,101061,ยาหม่องโอสถ ตรา 5 ม้า 50 กรัม,NULL,NULL,ขย.9,NULL,"ยาสมุนไพร, ยาแผนโบราณ",,,กระปุก,8856570180022,100,NULL,FALSE,FALSE,NULL,,,NULL,NULL,NULL,NULL,NULL,NULL,1,NULL
4162,1,101062,ยาหม่อง กลิ่นดอกโมก ตรา8ทิศ 50 กรัม,NULL,NULL,ขย.9,NULL,"ยาสมุนไพร, ยาแผนโบราณ",,,กระปุก,8858111000301,100,NULL,FALSE,FALSE,NULL,,,NULL,NULL,NULL,NULL,NULL,NULL,1,NULL
4163,1,101063,น้ำมันโอสถทิพย์ 60 กรัม,NULL,NULL,ขย.9,NULL,"ยาสมุนไพร, ยาแผนโบราณ",,,กระปุก,1069,100,NULL,FALSE,FALSE,NULL,,,NULL,NULL,NULL,NULL,NULL,NULL,1,NULL
4164,1,101064,น้ำมันโอสถทิพย์ สีเหลือง 100 กรัม,NULL,NULL,ขย.9,NULL,"ยาสมุนไพร, ยาแผนโบราณ",,,กระปุก,8856570180015,100,NULL,FALSE,FALSE,NULL,,,NULL,NULL,NULL,NULL,NULL,NULL,1,NULL
4165,1,101065,ยาน้ำสมุนไพร ตรารวงข้าว 24 ซีซี,METHYL SALICYLATE+MENTHOL+EUGENOL,MOUTH/THROAT PREPARATIONS,ขย.9,NULL,"ยาสมุนไพร, ยาแผนโบราณ",,,ขวด,8859512200024,100,NULL,FALSE,FALSE,NULL,,,79,NULL,NULL,NULL,NULL,NULL,1,NULL
4166,1,101066,น้ำมันยาตรานกอินทรีย์ 3 ซีซี,MENTHOL,NULL,ขย.9,NULL,"ยาสมุนไพร, ยาแผนโบราณ",,,ขวด,8888951888760,100,NULL,FALSE,FALSE,NULL,,,NULL,NULL,NULL,NULL,NULL,NULL,1,NULL
4167,1,101067,ยาขี้ผึ้งสีชมพู-40 ขนาด 12 กรัม,ZINC OXIDE,NULL,ขย.9,NULL,ยาสามัญประจำบ้าน,,,ตลับ,8858757000048,100,NULL,FALSE,FALSE,NULL,,,NULL,NULL,NULL,NULL,NULL,NULL,1,NULL
4168,1,101068,ยาขี้ผึ้งสีชมพู-40 ขนาด 30 กรัม,ZINC OXIDE,NULL,ขย.9,NULL,ยาสามัญประจำบ้าน,,,ตลับ,8858757003865,100,NULL,FALSE,FALSE,NULL,,,NULL,NULL,NULL,NULL,NULL,NULL,1,NULL
4169,1,101069,ยาน้ำมันกวางลุ้ง เอชอาร์ 3 ซีซี,MENTHOL,NULL,ขย.9,NULL,ยาสามัญประจำบ้าน,,,ขวด,8851990211004,100,NULL,FALSE,FALSE,NULL,,,NULL,NULL,NULL,NULL,NULL,NULL,1,NULL
4170,1,101070,ยาน้ำมันกวางลุ้ง เอชอาร์ 57 ซีซี,MENTHOL,NULL,ขย.9,NULL,ยาสามัญประจำบ้าน,,,ขวด,8851990211042,100,NULL,FALSE,FALSE,NULL,,,NULL,NULL,NULL,NULL,NULL,NULL,1,NULL
4171,1,101071,พิมเสนน้ำ ตราโป๊ยเซียน 3 ซีซี,MENTHOL,NULL,ขย.9,NULL,"ยาสมุนไพร, ยาแผนโบราณ",,,ขวด,8851447430088,100,NULL,FALSE,FALSE,NULL,,,NULL,NULL,NULL,NULL,NULL,NULL,1,NULL
4172,1,101072,พิมเสนน้ำ ตราโป๊ยเซียน 5 ซีซี,MENTHOL,NULL,ขย.9,NULL,"ยาสมุนไพร, ยาแผนโบราณ",,,ขวด,8851447430040,100,NULL,FALSE,FALSE,NULL,,,NULL,NULL,NULL,NULL,NULL,NULL,1,NULL
4173,1,101073,ยาหม่องน้ำ ตราถ้วยทอง 3 ซีซี,MENTHOL,NULL,ขย.9,NULL,"ยาสมุนไพร, ยาแผนโบราณ",,,ขวด,8852197131010,100,NULL,FALSE,FALSE,NULL,,,NULL,NULL,NULL,NULL,NULL,NULL,1,NULL
4174,1,101074,ยาหม่องน้ำ ตราถ้วยทอง 7 ซีซี,MENTHOL,NULL,ขย.9,NULL,"ยาสมุนไพร, ยาแผนโบราณ",,,ขวด,8852197131027,100,NULL,FALSE,FALSE,NULL,,,NULL,NULL,NULL,NULL,NULL,NULL,1,NULL
4175,1,101075,ยาหม่องน้ำ เซียงเพียวอิ๊ว สูตร1 ชนิดลูกกลิ้ง 3 ซีซี,MENTHOL,NULL,ขย.9,NULL,"ยาสมุนไพร, ยาแผนโบราณ",,,ชิ้น,8850109112119,100,NULL,FALSE,FALSE,NULL,,,NULL,NULL,NULL,NULL,NULL,NULL,1,NULL
4176,1,101076,ยาหม่องน้ำ เซียงเพียวอิ๊ว สูตร2 ชนิดลูกกลิ้ง 3 ซีซี,MENTHOL,NULL,ขย.9,NULL,"ยาสมุนไพร, ยาแผนโบราณ",,,ชิ้น,8850109052439,100,NULL,FALSE,FALSE,NULL,,,NULL,NULL,NULL,NULL,NULL,NULL,1,NULL
4177,1,101077,ยาน้ำมันสีเขียว ผสมเสลดพังพอน ตราวังพรม 20 ซีซี,NULL,NULL,ขย.9,NULL,"ยาสมุนไพร, ยาแผนโบราณ",,,ขวด,8858111000349,100,NULL,FALSE,FALSE,NULL,,,NULL,NULL,NULL,NULL,NULL,NULL,1,NULL
4178,1,101078,ยาน้ำมันเหลือง ผสมไพล ตราวังพรม 20 ซีซี,NULL,NULL,ขย.9,NULL,"ยาสมุนไพร, ยาแผนโบราณ",,,ขวด,8858111000370,100,NULL,FALSE,FALSE,NULL,,,NULL,NULL,NULL,NULL,NULL,NULL,1,NULL
4179,1,101079,น้ำมันสีเขียว หมอปริญญา ตราหนูชูยศ 24 ซีซี,NULL,NULL,ขย.9,NULL,"ยาสมุนไพร, ยาแผนโบราณ",,,ขวด,1085,100,NULL,FALSE,FALSE,NULL,,,NULL,NULL,NULL,NULL,NULL,NULL,1,NULL
4180,1,101080,กรีนเฮิร์บ ผสมโสม 8 ซีซี,MENTHOL,NULL,ขย.9,NULL,"ยาสมุนไพร, ยาแผนโบราณ",,,ขวด,8857102910841,100,NULL,FALSE,FALSE,NULL,,,NULL,NULL,NULL,NULL,NULL,NULL,1,NULL
4181,1,101081,ขี้ผึ้ง 29A ขนาดบรรจุ 7.5 กรัม,SALICYLIC ACID,NULL,ขย.9,NULL,ยาสามัญประจำบ้าน,,,กระปุก,101081,100,NULL,FALSE,FALSE,NULL,,,NULL,NULL,NULL,NULL,NULL,NULL,1,NULL
4182,1,101082,ยาน้ำมันเลียงผา ตราแม่กุหลาบ 20 ซีซี,NULL,NULL,ขย.9,NULL,"ยาสมุนไพร, ยาแผนโบราณ",,,ขวด,8856570340112,100,NULL,FALSE,FALSE,NULL,,,NULL,NULL,NULL,NULL,NULL,NULL,1,NULL
4183,1,101083,ยาน้ำมันเลียงผา ตราแม่กุหลาบ 3 ซีซี,NULL,NULL,ขย.9,NULL,"ยาสมุนไพร, ยาแผนโบราณ",,,ขวด,8856570340105,100,NULL,FALSE,FALSE,NULL,,,NULL,NULL,NULL,NULL,NULL,NULL,1,NULL
4184,1,101084,ยาน้ำมันผสมเสลดพังพอน ตราแม่กุหลาบ 20 ซีซี,NULL,NULL,ขย.9,NULL,"ยาสมุนไพร, ยาแผนโบราณ",,,ขวด,8856570280012,100,NULL,FALSE,FALSE,NULL,,,NULL,NULL,NULL,NULL,NULL,NULL,1,NULL
4185,1,101085,ยาน้ำมันผสมเสลดพังพอน ตราแม่กุหลาบ 3 ซีซี,NULL,NULL,ขย.9,NULL,"ยาสมุนไพร, ยาแผนโบราณ",,,ขวด,8856570280029,100,NULL,FALSE,FALSE,NULL,,,NULL,NULL,NULL,NULL,NULL,NULL,1,NULL
4186,1,101086,ยาน้ำมันเหลือง สมถวิล (อั้งกี้) ตราต้นโพธิ์ 20 ซีซี,NULL,NULL,ขย.9,NULL,"ยาสมุนไพร, ยาแผนโบราณ",,,ขวด,101086,100,NULL,FALSE,FALSE,NULL,,,NULL,NULL,NULL,NULL,NULL,NULL,1,NULL
4187,1,101087,ยาน้ำมันเหลือง สูตรไพล ตราแม่กุหลาบ 3 ซีซี,NULL,NULL,ขย.9,NULL,"ยาสมุนไพร, ยาแผนโบราณ",,,ขวด,8856570290028,100,NULL,FALSE,FALSE,NULL,,,NULL,NULL,NULL,NULL,NULL,NULL,1,NULL
4188,1,101088,กล้องยานัตถุ์,NULL,NULL,ขย.9,NULL,เบ็ดเตล็ด,,,อัน,5640,100,NULL,FALSE,FALSE,NULL,,,NULL,NULL,NULL,NULL,NULL,NULL,1,NULL
4189,1,101089,แผ่นสำหรับดองเหล้า 9 เหรียญ แผ่นละ 20 กรัม,NULL,NULL,ขย.9,NULL,"ยาสมุนไพร, ยาแผนโบราณ",,,ซอง,8857022000257,100,NULL,FALSE,FALSE,NULL,,,NULL,NULL,NULL,NULL,NULL,NULL,1,NULL
4190,1,101090,ยาผงสำหรับดองเหล้า ตรา 9 เหรียญ 20 กรัม,NULL,NULL,ขย.9,NULL,"ยาสมุนไพร, ยาแผนโบราณ",,,ซอง,8857022000240,100,NULL,FALSE,FALSE,NULL,,,NULL,NULL,NULL,NULL,NULL,NULL,1,NULL
4191,1,101091,ยาดองเหล้าแผ่นตราเสือ 11 ตัว สูตร11 แผ่นละ 20 กรัม,NULL,NULL,ขย.9,NULL,"ยาสมุนไพร, ยาแผนโบราณ",,,ซอง,8852965100477,100,NULL,FALSE,FALSE,NULL,,,NULL,NULL,NULL,NULL,NULL,NULL,1,NULL
4192,1,101092,ยาผงดองเหล้าตราเสือ 11 ตัว สูตร11 บรรจุ 15 กรัม,NULL,NULL,ขย.9,NULL,"ยาสมุนไพร, ยาแผนโบราณ",,,ซอง,8852965100026,100,NULL,FALSE,FALSE,NULL,,,NULL,NULL,NULL,NULL,NULL,NULL,1,NULL
4193,1,101093,ยาผงดองเหล้าตราเสือ 11 ตัว สูตร2 บรรจุ 15 กรัม,NULL,NULL,ขย.9,NULL,"ยาสมุนไพร, ยาแผนโบราณ",,,ซอง,8852965100064,100,NULL,FALSE,FALSE,NULL,,,NULL,NULL,NULL,NULL,NULL,NULL,1,NULL
4194,1,101094,ยาดองเหล้าตราเสือ 11 ตัว บรรจุ 300 ซีซี,NULL,NULL,ขย.9,NULL,"ยาสมุนไพร, ยาแผนโบราณ",,,ขวด,8852965100484,100,NULL,FALSE,FALSE,NULL,,,NULL,NULL,NULL,NULL,NULL,NULL,1,NULL
4195,1,101095,น้ำมันยา ตรามาร์วิน 70 กรัม,NULL,NULL,ขย.9,NULL,"ยาสมุนไพร, ยาแผนโบราณ",,,ขวด,8857022000400,100,NULL,FALSE,FALSE,NULL,,,NULL,NULL,NULL,NULL,NULL,NULL,1,NULL
4196,1,101096,น้ำมันยา ตรามาร์วิน 20 กรัม,NULL,NULL,ขย.9,NULL,"ยาสมุนไพร, ยาแผนโบราณ",,,ขวด,8857022000561,100,NULL,FALSE,FALSE,NULL,,,NULL,NULL,NULL,NULL,NULL,NULL,1,NULL
4197,1,101097,reparil-gel 20g,AESCIN,ANTI-INFLAMMATORY ENZYMES,ขย.9,NULL,ยาระบบกล้ามเนื้อ-ข้อต่อ,,,หลอด,8858972271087,100,NULL,FALSE,FALSE,NULL,,,NULL,NULL,NULL,NULL,NULL,NULL,1,NULL
4198,1,101098,reparil Ice-Spray 200 ml,AESCIN,ANTI-INFLAMMATORY ENZYMES,ขย.9,NULL,ยาระบบกล้ามเนื้อ-ข้อต่อ,,,กระป๋อง,4030041001731,100,NULL,FALSE,FALSE,NULL,,,NULL,NULL,NULL,NULL,NULL,NULL,1,NULL
4199,1,101099,ออลไรซ์ ไอซิ่ง สเปรย์ 75 ml,NULL,NULL,ขย.9,NULL,ยาสามัญประจำบ้าน,,,กระป๋อง,8859365100250,100,NULL,FALSE,FALSE,NULL,,,193,NULL,NULL,NULL,NULL,NULL,1,NULL
4200,1,101100,MUAY มวย ครีมยา บรรเทาปวด ตรามวย 100 กรัม,METHYL SALICYLATE+MENTHOL+EUGENOL,NULL,ขย.9,NULL,ยาสามัญประจำบ้าน,,,หลอด,8858467000086,100,NULL,FALSE,FALSE,NULL,,,NULL,NULL,NULL,NULL,NULL,NULL,1,NULL
4201,1,101101,น้ำมันมวย สำหรับนักกีฬา 30 ซีซี,METHYL SALICYLATE+MENTHOL+EUGENOL,NULL,ขย.9,NULL,ยาสามัญประจำบ้าน,,,ขวด,8858467000024,100,NULL,FALSE,FALSE,NULL,,,NULL,NULL,NULL,NULL,NULL,NULL,1,NULL
4202,1,101102,น้ำมันมวย สำหรับนักกีฬา 60 ซีซี,METHYL SALICYLATE+MENTHOL+EUGENOL,NULL,ขย.9,NULL,ยาสามัญประจำบ้าน,,,ขวด,8858467000031,100,NULL,FALSE,FALSE,NULL,,,79,NULL,NULL,NULL,NULL,NULL,1,NULL
4203,1,101103,น้ำมันมวย สำหรับนักกีฬา 450 ซีซี,METHYL SALICYLATE+MENTHOL+EUGENOL,NULL,ขย.9,NULL,ยาสามัญประจำบ้าน,,,ขวด,8858467000055,100,NULL,FALSE,FALSE,NULL,,,NULL,NULL,NULL,NULL,NULL,NULL,1,NULL
4204,1,101104,น้ำมันนวด ตรายันฮี 60 ซีซี,NULL,NULL,ขย.9,NULL,ยาสามัญประจำบ้าน,,,ขวด,8854609008668,100,NULL,FALSE,FALSE,NULL,,,NULL,NULL,NULL,NULL,NULL,NULL,1,NULL
4205,1,101105,ยาครีมพญายอ ตราอภัยภูเบศร 10 กรัม,NULL,NULL,ขย.9,NULL,"ยาสมุนไพร, ยาแผนโบราณ",,,หลอด,8855539002009,100,NULL,FALSE,FALSE,NULL,,,NULL,NULL,NULL,NULL,NULL,NULL,1,NULL
4206,1,101106,ครีมพญายอ ตราไฟโตแคร์ 5 กรัม,NULL,NULL,ขย.9,NULL,"ยาสมุนไพร, ยาแผนโบราณ",,,หลอด,8853433000138,100,NULL,FALSE,FALSE,NULL,,,NULL,NULL,NULL,NULL,NULL,NULL,1,NULL
4207,1,101107,ซาโตเจสิค เจล 35 กรัม,INDOMETHACIN,NULL,ขย.9,NULL,"ยาสมุนไพร, ยาแผนโบราณ",,,หลอด,4987316041056,100,NULL,FALSE,FALSE,NULL,,,NULL,NULL,NULL,NULL,NULL,NULL,1,NULL
4208,1,101108,เพนเนลีฟ คูลเจล 30 กรัม,DICLOFENAC,NULL,ขย.9,NULL,"ยาสมุนไพร, ยาแผนโบราณ",,,หลอด,8852086720172,100,NULL,FALSE,FALSE,NULL,,,NULL,NULL,NULL,NULL,NULL,NULL,1,NULL
4209,1,101109,เพนเนลีฟ คูลเจล 60 กรัม,DICLOFENAC,NULL,ขย.9,NULL,"ยาสมุนไพร, ยาแผนโบราณ",,,หลอด,8852086720189,100,NULL,FALSE,FALSE,NULL,,,NULL,NULL,NULL,NULL,NULL,NULL,1,NULL
4210,1,101110,perskindol COOL spray 250 ml,NULL,NULL,ขย.9,NULL,ยาสามัญประจำบ้าน,,,กระป๋อง,7640167725496,100,NULL,FALSE,FALSE,NULL,,,NULL,NULL,NULL,NULL,NULL,NULL,1,NULL
4211,1,101111,perskindol cool gel 100 ml,NULL,NULL,ขย.9,NULL,ยาสามัญประจำบ้าน,,,หลอด,7640167727773,100,NULL,FALSE,FALSE,NULL,,,NULL,NULL,NULL,NULL,NULL,NULL,1,NULL
4212,1,101112,perskindol classic spray 250 ml,NULL,NULL,ขย.9,NULL,ยาสามัญประจำบ้าน,,,กระป๋อง,7640167724185,100,NULL,FALSE,FALSE,NULL,,,NULL,NULL,NULL,NULL,NULL,NULL,1,NULL
4213,1,101113,perskindol classic gel 100 ml,NULL,NULL,ขย.9,NULL,ยาสามัญประจำบ้าน,,,หลอด,7640167727766,100,NULL,FALSE,FALSE,NULL,,,NULL,NULL,NULL,NULL,NULL,NULL,1,NULL
4214,1,101114,เอนชัวร์ โกลด์ กลิ่นวานิลลา 1200 กรัม,NULL,NULL,ขย.9,NULL,วิตามินและอาหารเสริม,,,กล่อง,8852796212301,100,NULL,FALSE,FALSE,NULL,,,NULL,NULL,NULL,NULL,NULL,NULL,1,NULL
4215,1,101115,เอนชัวร์ โกลด์ กลิ่นวานิลลา 850 กรัม,NULL,NULL,ขย.9,NULL,วิตามินและอาหารเสริม,,,กระป๋อง,8710428021304,100,NULL,FALSE,FALSE,NULL,,,NULL,NULL,NULL,NULL,NULL,NULL,1,NULL
4216,1,101116,เอนชัวร์ โกลด์ กลิ่นวานิลลา 400 กรัม,NULL,NULL,ขย.9,NULL,วิตามินและอาหารเสริม,,,กระป๋อง,8710428021137,100,NULL,FALSE,FALSE,NULL,,,NULL,NULL,NULL,NULL,NULL,NULL,1,NULL
4217,1,101117,เอนชัวร์ โกลด์ ช็อกโกแลต 400 กรัม,NULL,NULL,ขย.9,NULL,วิตามินและอาหารเสริม,,,กระป๋อง,8427030002996,100,NULL,FALSE,FALSE,NULL,,,NULL,NULL,NULL,NULL,NULL,NULL,1,NULL
4218,1,101118,เอนชัวร์ โกลด์ กลิ่นธัญพืช 400 กรัม,NULL,NULL,ขย.9,NULL,วิตามินและอาหารเสริม,,,กระป๋อง,8886451000576,100,NULL,FALSE,FALSE,NULL,,,NULL,NULL,NULL,NULL,NULL,NULL,1,NULL
4219,1,101119,นีโอ-มูน กลิ่นวานิลลา 400 กรัม,NULL,NULL,ขย.9,NULL,วิตามินและอาหารเสริม,,,กระป๋อง,8852629214052,100,NULL,FALSE,FALSE,NULL,,,NULL,NULL,NULL,NULL,NULL,NULL,1,NULL
4220,1,101120,วันซ์ ไดอะไลซ์ กลิ่นวานิลลา 400 กรัม,NULL,NULL,ขย.9,NULL,วิตามินและอาหารเสริม,,,กระป๋อง,8852629000334,100,NULL,FALSE,FALSE,NULL,,,NULL,NULL,NULL,NULL,NULL,NULL,1,NULL
4221,1,101121,อะมิโนเลแบน-ออราล กลิ่นส้ม 450 กรัม,NULL,NULL,ขย.9,NULL,วิตามินและอาหารเสริม,,,กระป๋อง,8852629215080,100,NULL,FALSE,FALSE,NULL,,,NULL,NULL,NULL,NULL,NULL,NULL,1,NULL
4222,1,101122,ฮอตต้า สูตรเข้มข้น ผสมหญ้าหวานสกัด ขนาด 14 ซอง,NULL,NULL,ขย.9,NULL,วิตามินและอาหารเสริม,,,แพ็ค,8850369031014,100,NULL,FALSE,FALSE,NULL,,,NULL,NULL,NULL,NULL,NULL,NULL,1,NULL
4223,1,101123,ฮอตต้า สูตรเข้มข้น ผสมหญ้าหวานสกัด ขนาด 5 ซอง,NULL,NULL,ขย.9,NULL,วิตามินและอาหารเสริม,,,แพ็ค,8850369031083,100,NULL,FALSE,FALSE,NULL,,,NULL,NULL,NULL,NULL,NULL,NULL,1,NULL
4224,1,101124,ยาชงสมุนไพร ตราฟิตเน่ บรรจุ 10 ซอง,NULL,NULL,ขย.9,NULL,วิตามินและอาหารเสริม,,,แพ็ค,8850369010088,100,NULL,FALSE,FALSE,NULL,,,NULL,NULL,NULL,NULL,NULL,NULL,1,NULL
4225,1,101125,ยาชงสมุนไพร ตราฟิตเน่ บรรจุ 20 ซอง,NULL,NULL,ขย.9,NULL,"ยาสมุนไพร, ยาแผนโบราณ",,,ถุง,8850369010095,100,NULL,FALSE,FALSE,NULL,,,NULL,NULL,NULL,NULL,NULL,NULL,1,NULL
4226,1,101126,ยาชงสมุนไพร รสชาเขียว ตราฟิตเน่ บรรจุ 8 ซอง,NULL,NULL,ขย.9,NULL,วิตามินและอาหารเสริม,,,แพ็ค,8850369014024,100,NULL,FALSE,FALSE,NULL,,,NULL,NULL,NULL,NULL,NULL,NULL,1,NULL
4227,1,101127,ยาชงสมุนไพร รสชาเขียว ตราฟิตเน่ บรรจุ 30 ซอง,NULL,NULL,ขย.9,NULL,วิตามินและอาหารเสริม,,,แพ็ค,8850369014284,100,NULL,FALSE,FALSE,NULL,,,NULL,NULL,NULL,NULL,NULL,NULL,1,NULL
4228,1,101128,ยาชงสมุนไพร รสเก๊กฮวย ตราฟิตเน่ บรรจุ 15 ซอง,NULL,NULL,ขย.9,NULL,วิตามินและอาหารเสริม,,,แพ็ค,8850369012259,100,NULL,FALSE,FALSE,NULL,,,NULL,NULL,NULL,NULL,NULL,NULL,1,NULL
4229,1,101129,fenistil gel 20 g,DIMETHINDENE,ANTIHISTAMINES & ANTIALLERGICS,ขย.9,NULL,ยาใช้เฉพาะที่,,,หลอด,8852364000446,100,NULL,FALSE,FALSE,NULL,,,NULL,NULL,NULL,NULL,NULL,NULL,1,NULL
4230,1,101130,โวลทาเรน อีมัลเจล 10 กรัม,DICLOFENAC,ANTI-INFLAMMATORY ENZYMES,ขย.9,NULL,ยาใช้เฉพาะที่,,,หลอด,8852364002242,100,NULL,FALSE,FALSE,NULL,,,NULL,NULL,NULL,NULL,NULL,NULL,1,NULL
4231,1,101131,โวลทาเรน อีมัลเจล 25 กรัม,DICLOFENAC,ANTI-INFLAMMATORY ENZYMES,ขย.9,NULL,ยาใช้เฉพาะที่,,,หลอด,8852364002266,100,NULL,FALSE,FALSE,NULL,,,NULL,NULL,NULL,NULL,NULL,NULL,1,NULL
4232,1,101132,โวลทาเรน อีมัลเจล 50 กรัม,DICLOFENAC,ANTI-INFLAMMATORY ENZYMES,ขย.9,NULL,ยาใช้เฉพาะที่,,,หลอด,8852364002280,100,NULL,FALSE,FALSE,NULL,,,NULL,NULL,NULL,NULL,NULL,NULL,1,NULL
4233,1,101133,โวลทาเรน ดับเบิ้ล สเตรงส์ อิมัลเจล 30 กรัม,DICLOFENAC,ANTI-INFLAMMATORY ENZYMES,ขย.9,NULL,ยาใช้เฉพาะที่,,,หลอด,8851007125119,100,NULL,FALSE,FALSE,NULL,,,NULL,NULL,NULL,NULL,NULL,NULL,1,NULL
4234,1,101134,ฟาสตั้ม เจล 50 กรัม,KETOPROFEN,ANTI-INFLAMMATORY ENZYMES,ขย.9,NULL,ยาใช้เฉพาะที่,,,หลอด,8852662300408,100,NULL,FALSE,FALSE,NULL,,,NULL,NULL,NULL,NULL,NULL,NULL,1,NULL
4235,1,101135,เคาน์เตอร์เพน คูล 30 กรัม,MENTHOL,NULL,ขย.9,NULL,ยาใช้เฉพาะที่,,,หลอด,8995201800257,100,NULL,FALSE,FALSE,NULL,,,NULL,NULL,NULL,NULL,NULL,NULL,1,NULL
4236,1,101136,เคาน์เตอร์เพน คูล 60 กรัม,MENTHOL,NULL,ขย.9,NULL,ยาใช้เฉพาะที่,,,หลอด,8995201800264,100,NULL,FALSE,FALSE,NULL,,,NULL,NULL,NULL,NULL,NULL,NULL,1,NULL
4237,1,101137,เคาน์เตอร์เพน คูล 120 กรัม,MENTHOL,NULL,ขย.9,NULL,ยาใช้เฉพาะที่,,,หลอด,8995201800271,100,NULL,FALSE,FALSE,NULL,,,NULL,NULL,NULL,NULL,NULL,NULL,1,NULL
4238,1,101138,เคาเตอร์เพน พลัส 25 กรัม,PIROXICAM,NULL,ขย.9,NULL,ยาใช้เฉพาะที่,,,หลอด,8995201800295,100,NULL,FALSE,FALSE,NULL,,,NULL,NULL,NULL,NULL,NULL,NULL,1,NULL
4239,1,101139,โคเพน ยันฮี 30 กรัม,MENTHOL,NULL,ขย.9,NULL,ยาใช้เฉพาะที่,,,หลอด,8854609005964,100,NULL,FALSE,FALSE,NULL,,,NULL,NULL,NULL,NULL,NULL,NULL,1,NULL
4240,1,101140,ไพร็อกโซน เจล 30 กรัม,PIROXICAM,NULL,ขย.9,NULL,ยาใช้เฉพาะที่,,,หลอด,8851467036208,100,NULL,FALSE,FALSE,NULL,,,NULL,NULL,NULL,NULL,NULL,NULL,1,NULL
4241,1,101141,แคปซิกา เจล 35 กรัม,CAPSAICIN,NULL,ขย.9,NULL,"ยาสมุนไพร, ยาแผนโบราณ",,,หลอด,8853348005051,100,NULL,FALSE,FALSE,NULL,,,NULL,NULL,NULL,NULL,NULL,NULL,1,NULL
4242,1,101142,แคปซิกา เจล 15  กรัม,CAPSAICIN,NULL,ขย.9,NULL,"ยาสมุนไพร, ยาแผนโบราณ",,,หลอด,8853348005006,100,NULL,FALSE,FALSE,NULL,,,NULL,NULL,NULL,NULL,NULL,NULL,1,NULL
4243,1,101143,Difelne 1%gel  30 กรัม,DICLOFENAC,NULL,ขย.9,NULL,ยาใช้เฉพาะที่,,,หลอด,8851473000231,100,NULL,FALSE,FALSE,NULL,,,NULL,NULL,NULL,NULL,NULL,NULL,1,NULL
4244,1,101144,Difelne 1%gel  60 กรัม,DICLOFENAC,NULL,ขย.9,NULL,ยาใช้เฉพาะที่,,,หลอด,8851473004628,100,NULL,FALSE,FALSE,NULL,,,NULL,NULL,NULL,NULL,NULL,NULL,1,NULL
4245,1,101145,เอ็น-เซ่น เจล 60 กรัม,DICLOFENAC,NULL,ขย.9,NULL,ยาใช้เฉพาะที่,,,หลอด,8855107000123,100,NULL,FALSE,FALSE,NULL,,,NULL,NULL,NULL,NULL,NULL,NULL,1,NULL
4246,1,101146,เอ็น-เซ่น เจล 30 กรัม,DICLOFENAC,NULL,ขย.9,NULL,ยาใช้เฉพาะที่,,,หลอด,8855107000093,100,NULL,FALSE,FALSE,NULL,,,NULL,NULL,NULL,NULL,NULL,NULL,1,NULL
4247,1,101147,อะโรติกา รัป 15 กรัม,CAPSAICIN,NULL,ขย.9,NULL,"ยาสมุนไพร, ยาแผนโบราณ",,,หลอด,8858992500136,100,NULL,FALSE,FALSE,NULL,,,NULL,NULL,NULL,NULL,NULL,NULL,1,NULL
4248,1,101148,อะโรติกา คลู เจล 35 กรัม,PIROXICAM,NULL,ขย.9,NULL,"ยาสมุนไพร, ยาแผนโบราณ",,,หลอด,8858992500365,100,NULL,FALSE,FALSE,NULL,,,NULL,NULL,NULL,NULL,NULL,NULL,1,NULL
4249,1,101149,ไพลวาน่า ครีม 15 กรัม,NULL,NULL,ขย.9,NULL,"ยาสมุนไพร, ยาแผนโบราณ",,,หลอด,8853348010130,100,NULL,FALSE,FALSE,NULL,,,NULL,NULL,NULL,NULL,NULL,NULL,1,NULL
4250,1,101150,Fastum Gel 2.5% ฟาสตั้ม เจล 30 กรัม,KETOPROFEN,ANTI-INFLAMMATORY ENZYMES,ขย.9,NULL,ยาใช้เฉพาะที่,,,หลอด,8852662300095,100,NULL,FALSE,FALSE,NULL,,,NULL,NULL,NULL,NULL,NULL,NULL,1,NULL
4251,1,101151,เซียงเพียว รีลีฟ ครีม 30 กรัม,METHYL SALICYLATE+MENTHOL+EUGENOL,VITAMINS & MINERALS,ขย.9,NULL,"ยาสมุนไพร, ยาแผนโบราณ",,,หลอด,8850109116117,100,NULL,FALSE,FALSE,NULL,,,49,NULL,NULL,NULL,NULL,NULL,1,NULL
4252,1,101152,เซียงเพียว รีลีฟ ครีม 62 กรัม,METHYL SALICYLATE+MENTHOL+EUGENOL,MOUTH/THROAT PREPARATIONS,ขย.9,NULL,"ยาสมุนไพร, ยาแผนโบราณ",,,หลอด,8850109116216,100,NULL,FALSE,FALSE,NULL,,,75,NULL,NULL,NULL,NULL,NULL,1,NULL
4253,1,101153,นีโอติก้า บาล์ม 30 กรัม,METHYL SALICYLATE+MENTHOL+EUGENOL,NULL,ขย.9,NULL,"ยาสมุนไพร, ยาแผนโบราณ",,,หลอด,8851473007339,100,NULL,FALSE,FALSE,NULL,,,NULL,NULL,NULL,NULL,NULL,NULL,1,NULL
4254,1,101154,นีโอติก้า บาล์ม 60 กรัม,METHYL SALICYLATE+MENTHOL+EUGENOL,NULL,ขย.9,NULL,"ยาสมุนไพร, ยาแผนโบราณ",,,หลอด,8851473000156,100,NULL,FALSE,FALSE,NULL,,,NULL,NULL,NULL,NULL,NULL,NULL,1,NULL
4255,1,101155,นีโอติก้า คูล 30 กรัม,PIROXICAM,NULL,ขย.9,NULL,ยาใช้เฉพาะที่,,,หลอด,8851473007353,100,NULL,FALSE,FALSE,NULL,,,NULL,NULL,NULL,NULL,NULL,NULL,1,NULL
4256,1,101156,ฟลานิล  ครีม 100 กรัม,METHYL SALICYLATE+MENTHOL+EUGENOL,NULL,ขย.9,NULL,ยาใช้เฉพาะที่,,,หลอด,8852662300163,100,NULL,FALSE,FALSE,NULL,,,NULL,NULL,NULL,NULL,NULL,NULL,1,NULL
4257,1,101157,ฟลานิล  ครีม 30 กรัม,METHYL SALICYLATE+MENTHOL+EUGENOL,NULL,ขย.9,NULL,ยาใช้เฉพาะที่,,,หลอด,8852662300149,100,NULL,FALSE,FALSE,NULL,,,NULL,NULL,NULL,NULL,NULL,NULL,1,NULL
4258,1,101158,เคาน์เตอร์เพน ครีม 30 กรัม,METHYL SALICYLATE+MENTHOL+EUGENOL,NULL,ขย.9,NULL,ยาใช้เฉพาะที่,,,หลอด,8995201800219,100,NULL,FALSE,FALSE,NULL,,,NULL,NULL,NULL,NULL,NULL,NULL,1,NULL
4259,1,101159,เคาน์เตอร์เพน ครีม 60 กรัม,METHYL SALICYLATE+MENTHOL+EUGENOL,NULL,ขย.9,NULL,ยาใช้เฉพาะที่,,,หลอด,8995201800226,100,NULL,FALSE,FALSE,NULL,,,NULL,NULL,NULL,NULL,NULL,NULL,1,NULL
4260,1,101160,เคาน์เตอร์เพน ครีม 120 กรัม,METHYL SALICYLATE+MENTHOL+EUGENOL,NULL,ขย.9,NULL,ยาใช้เฉพาะที่,,,หลอด,8995201800233,100,NULL,FALSE,FALSE,NULL,,,NULL,NULL,NULL,NULL,NULL,NULL,1,NULL
4261,1,101161,ลองกานอยด เอกซ์ คูล แอนด์ อโรมา 100 กรัม,NULL,NULL,ขย.9,NULL,ยาใช้เฉพาะที่,,,หลอด,8858694001399,100,NULL,FALSE,FALSE,NULL,,,NULL,NULL,NULL,NULL,NULL,NULL,1,NULL
4262,1,101162,ลองกานอยด เฮอร์เบอร์ ครีม 100 กรัม,NULL,NULL,ขย.9,NULL,ยาใช้เฉพาะที่,,,หลอด,8858694001429,100,NULL,FALSE,FALSE,NULL,,,NULL,NULL,NULL,NULL,NULL,NULL,1,NULL
4263,1,101163,เอ็ม-ซิน สเปรย์ 50 มิลลิลิตร,INDOMETHACIN,NULL,ขย.9,NULL,ยาใช้เฉพาะที่,,,ขวด,8853466000587,100,NULL,FALSE,FALSE,NULL,,,NULL,NULL,NULL,NULL,NULL,NULL,1,NULL
4264,1,101164,เอ็ม-เบรคซ์ 60 มิลลิลิตร,METHYL SALICYLATE+MENTHOL+EUGENOL,NULL,ขย.9,NULL,ยาใช้เฉพาะที่,,,ขวด,8853466001232,100,NULL,FALSE,FALSE,NULL,,,NULL,NULL,NULL,NULL,NULL,NULL,1,NULL
4265,1,101165,ยูนิเรน สเปรย์ 60 มิลลิลิตร,DICLOFENAC,NULL,ขย.9,NULL,ยาใช้เฉพาะที่,,,ขวด,8853935010949,100,NULL,FALSE,FALSE,NULL,,,NULL,NULL,NULL,NULL,NULL,NULL,1,NULL
4266,1,101166,เอลเมทาซิน สเปรย์ 50 มิลลิลิตร,INDOMETHACIN,NULL,ขย.9,NULL,ยาใช้เฉพาะที่,,,ขวด,8851743000411,100,NULL,FALSE,FALSE,NULL,,,NULL,NULL,NULL,NULL,NULL,NULL,1,NULL
4267,1,101167,โวลโคลแนค สเปรย์ 60 มิลลิลิตร,DICLOFENAC,NULL,ขย.9,NULL,ยาใช้เฉพาะที่,,,ขวด,8858819353525,100,NULL,FALSE,FALSE,NULL,,,NULL,NULL,NULL,NULL,NULL,NULL,1,NULL
4268,1,101168,แอมเม็ลทซ์ โยโกะ โยโกะ 82 มล.,METHYL SALICYLATE+MENTHOL+EUGENOL,NULL,ขย.9,NULL,ยาใช้เฉพาะที่,,,ขวด,4987072810033,100,NULL,FALSE,FALSE,NULL,,,NULL,NULL,NULL,NULL,NULL,NULL,1,NULL
4269,1,101169,แอมเม็ลทซ์ โยโกะ โยโกะ 48 มล.,METHYL SALICYLATE+MENTHOL+EUGENOL,NULL,ขย.9,NULL,ยาใช้เฉพาะที่,,,ขวด,4987072810040,100,NULL,FALSE,FALSE,NULL,,,NULL,NULL,NULL,NULL,NULL,NULL,1,NULL
4270,1,101170,แอมเม็ลทซ์ โยโกะ โยโกะ ฮีทแพทช์ 1แผ่น/ซอง,METHYL SALICYLATE+MENTHOL+EUGENOL,NULL,ขย.9,NULL,ยาใช้เฉพาะที่,,,ซอง,4987072022450,100,NULL,FALSE,FALSE,NULL,,,NULL,NULL,NULL,NULL,NULL,NULL,1,NULL
4271,1,101171,นีโอบัน พลาสเตอร์ 10 แผ่น/ซอง,METHYL SALICYLATE+MENTHOL+EUGENOL,NULL,ขย.9,NULL,ยาใช้เฉพาะที่,,,ซอง,8859774100223,100,NULL,FALSE,FALSE,NULL,,,NULL,NULL,NULL,NULL,NULL,NULL,1,NULL
4272,1,101172,ไรโนซาน พลาสเตอร์ 10 แผ่น/ซอง,METHYL SALICYLATE+MENTHOL+EUGENOL,NULL,ขย.9,NULL,ยาใช้เฉพาะที่,,,ซอง,8858758201505,100,NULL,FALSE,FALSE,NULL,,,NULL,NULL,NULL,NULL,NULL,NULL,1,NULL
4273,1,101173,นีโอบัน พลาสเตอร์ สูตรเย็น  7x10cm. 2 แผ่น/ซอง,NULL,NULL,ขย.9,NULL,ยาใช้เฉพาะที่,,,ซอง,8859774100315,100,NULL,FALSE,FALSE,NULL,,,NULL,NULL,NULL,NULL,NULL,NULL,1,NULL
4274,1,101174,ซาลอนพาส พลาสเตอร์ 10ชิ้น/กล่อง,METHYL SALICYLATE+MENTHOL+EUGENOL,NULL,ขย.9,NULL,ยาใช้เฉพาะที่,,,กล่อง,8992870509290,100,NULL,FALSE,FALSE,NULL,,,NULL,NULL,NULL,NULL,NULL,NULL,1,NULL
4275,1,101175,เอช โอ เอช พลัส ฟาร์ อินฟาเรด 2 ชิ้น/ซอง,METHYL SALICYLATE+MENTHOL+EUGENOL,NULL,ขย.9,NULL,ยาใช้เฉพาะที่,,,ซอง,8859243303193,100,NULL,FALSE,FALSE,NULL,,,NULL,NULL,NULL,NULL,NULL,NULL,1,NULL
4276,1,101176,เทอร์มา พลาสท์ 1 ชิ้น/ซอง,METHYL SALICYLATE+MENTHOL+EUGENOL,NULL,ขย.9,NULL,ยาใช้เฉพาะที่,,,ซอง,8850672030070,100,NULL,FALSE,FALSE,NULL,,,NULL,NULL,NULL,NULL,NULL,NULL,1,NULL
4277,1,101177,ฟาร์มิก้า พลาสเตอร์ยา-คูล 10x14cm. 2 แผ่น/ซอง,METHYL SALICYLATE+MENTHOL+EUGENOL,NULL,ขย.9,NULL,ยาใช้เฉพาะที่,,,ซอง,8858761807978,100,NULL,FALSE,FALSE,NULL,,,NULL,NULL,NULL,NULL,NULL,NULL,1,NULL
4278,1,101178,ฟาร์มิก้า พลาสเตอร์ยา-วอร์ม 10x12cm.2 แผ่น/ซอง,METHYL SALICYLATE+MENTHOL+EUGENOL,NULL,ขย.9,NULL,ยาใช้เฉพาะที่,,,ซอง,8858761807954,100,NULL,FALSE,FALSE,NULL,,,NULL,NULL,NULL,NULL,NULL,NULL,1,NULL
4279,1,101179,7*10 cm พลาสเตอร์ WARM ตราเสือ-อาร์ดี 2 แผ่น/ซอง,METHYL SALICYLATE+MENTHOL+EUGENOL,NULL,ขย.9,NULL,ยาใช้เฉพาะที่,,,ซอง,8851990403027,100,NULL,FALSE,FALSE,NULL,,,NULL,NULL,NULL,NULL,NULL,NULL,1,NULL
4280,1,101180,10*14 cm พลาสเตอร์ WARM ตราเสือ-อาร์ดี 2 แผ่น/ซอง,METHYL SALICYLATE+MENTHOL+EUGENOL,NULL,ขย.9,NULL,ยาใช้เฉพาะที่,,,ซอง,8851990404024,100,NULL,FALSE,FALSE,NULL,,,NULL,NULL,NULL,NULL,NULL,NULL,1,NULL
4281,1,101181,7*10 cm พลาสเตอร์ COOL ตราเสือ-อาร์ดี 2 แผ่น/ซอง,METHYL SALICYLATE+MENTHOL+EUGENOL,NULL,ขย.9,NULL,ยาใช้เฉพาะที่,,,ซอง,8851990406028,100,NULL,FALSE,FALSE,NULL,,,NULL,NULL,NULL,NULL,NULL,NULL,1,NULL
4282,1,101182,10*14 cm พลาสเตอร์ COOL ตราเสือ-อาร์ดี 2 แผ่น/ซอง,METHYL SALICYLATE+MENTHOL+EUGENOL,NULL,ขย.9,NULL,ยาใช้เฉพาะที่,,,ซอง,8851990406042,100,NULL,FALSE,FALSE,NULL,,,NULL,NULL,NULL,NULL,NULL,NULL,1,NULL
4283,1,101183,ยาสตรีนิสิงเห จอมทอง 300 ซีซี,NULL,NULL,ขย.9,NULL,"ยาสมุนไพร, ยาแผนโบราณ",,,ขวด,8858797440026,100,NULL,FALSE,FALSE,NULL,,,NULL,NULL,NULL,NULL,NULL,NULL,1,NULL
4284,1,101184,ยาสตรีนิสิงเห จอมทอง 750 ซีซี,NULL,NULL,ขย.9,NULL,"ยาสมุนไพร, ยาแผนโบราณ",,,ขวด,8858797440019,100,NULL,FALSE,FALSE,NULL,,,NULL,NULL,NULL,NULL,NULL,NULL,1,NULL
4285,1,101185,เล่งคุณ หลังคลอด สูตร2 บรรจุ 500 ซีซี,NULL,NULL,ขย.9,NULL,"ยาสมุนไพร, ยาแผนโบราณ",,,ขวด,8858704601021,100,NULL,FALSE,FALSE,NULL,,,NULL,NULL,NULL,NULL,NULL,NULL,1,NULL
4286,1,101186,ยาสตรี เบนโล 180 ซีซี,NULL,NULL,ขย.9,NULL,"ยาสมุนไพร, ยาแผนโบราณ",,,ขวด,8859314700319,100,NULL,FALSE,FALSE,NULL,,,NULL,NULL,NULL,NULL,NULL,NULL,1,NULL
4287,1,101187,ยาสตรี เบนโล 280 ซีซี,NULL,NULL,ขย.9,NULL,"ยาสมุนไพร, ยาแผนโบราณ",,,ขวด,8859314700326,100,NULL,FALSE,FALSE,NULL,,,NULL,NULL,NULL,NULL,NULL,NULL,1,NULL
4288,1,101188,ยาสตรี เล่งคุณ กราวเครือขาว สูตร2 ขนาด 250 ซีซี,NULL,NULL,ขย.9,NULL,"ยาสมุนไพร, ยาแผนโบราณ",,,ขวด,8858704600086,100,NULL,FALSE,FALSE,NULL,,,NULL,NULL,NULL,NULL,NULL,NULL,1,NULL
4289,1,101189,ยาสตรี เล่งคุณ ผสมโสม 250 ซีซี,NULL,NULL,ขย.9,NULL,"ยาสมุนไพร, ยาแผนโบราณ",,,ขวด,8858704600062,100,NULL,FALSE,FALSE,NULL,,,NULL,NULL,NULL,NULL,NULL,NULL,1,NULL
4290,1,101190,ยาสตรีชนิดน้ำ ตราเมรี สูตร2 ขนาด 750 ซีซี,NULL,NULL,ขย.9,NULL,"ยาสมุนไพร, ยาแผนโบราณ",,,ขวด,8857155607828,100,NULL,FALSE,FALSE,NULL,,,NULL,NULL,NULL,NULL,NULL,NULL,1,NULL
4291,1,101191,ยาสตรี จอมทอง 180 ซีซี,NULL,NULL,ขย.9,NULL,"ยาสมุนไพร, ยาแผนโบราณ",,,ขวด,8858797420028,100,NULL,FALSE,FALSE,NULL,,,NULL,NULL,NULL,NULL,NULL,NULL,1,NULL
4292,1,101192,ยาสตรี จอมทอง 300 ซีซี,NULL,NULL,ขย.9,NULL,"ยาสมุนไพร, ยาแผนโบราณ",,,ขวด,8858797420011,100,NULL,FALSE,FALSE,NULL,,,NULL,NULL,NULL,NULL,NULL,NULL,1,NULL
4293,1,101193,ยาฟอกโลหิต ตราสิงห์แดง 500 ซีซี,NULL,NULL,ขย.9,NULL,"ยาสมุนไพร, ยาแผนโบราณ",,,ขวด,8858403000248,100,NULL,FALSE,FALSE,NULL,,,NULL,NULL,NULL,NULL,NULL,NULL,1,NULL
4294,1,101194,ยาสตรี หมอเส็ง ชนิดน้ำ 450 ซีซี,NULL,NULL,ขย.9,NULL,"ยาสมุนไพร, ยาแผนโบราณ",,,ขวด,8857039000028,100,NULL,FALSE,FALSE,NULL,,,NULL,NULL,NULL,NULL,NULL,NULL,1,NULL
4295,1,101195,ยาสตรี หมอเส็ง ชนิดน้ำ 750 ซีซี,NULL,NULL,ขย.9,NULL,"ยาสมุนไพร, ยาแผนโบราณ",,,ขวด,8857039000011,100,NULL,FALSE,FALSE,NULL,,,NULL,NULL,NULL,NULL,NULL,NULL,1,NULL
4296,1,101196,ยาตรีนิสิงเห หมอมี 300 ซีซี,NULL,NULL,ขย.9,NULL,"ยาสมุนไพร, ยาแผนโบราณ",,,ขวด,8856482000302,100,NULL,FALSE,FALSE,NULL,,,NULL,NULL,NULL,NULL,NULL,NULL,1,NULL
4297,1,101197,ยาตรีนิสิงเห หมอมี 600 ซีซี,NULL,NULL,ขย.9,NULL,"ยาสมุนไพร, ยาแผนโบราณ",,,ขวด,8856482000401,100,NULL,FALSE,FALSE,NULL,,,NULL,NULL,NULL,NULL,NULL,NULL,1,NULL
4298,1,101198,ยาน้ำว่านชักมดลูก จอมใจ 300 ซีซี,NULL,NULL,ขย.9,NULL,"ยาสมุนไพร, ยาแผนโบราณ",,,ขวด,8858797430027,100,NULL,FALSE,FALSE,NULL,,,NULL,NULL,NULL,NULL,NULL,NULL,1,NULL
4299,1,101199,ยาน้ำว่านชักมดลูก ซีแอนด์แอล ผสมเอี๊ยะบ่อเช่า 350 ซีซี,NULL,NULL,ขย.9,NULL,"ยาสมุนไพร, ยาแผนโบราณ",,,ขวด,8857109580603,100,NULL,FALSE,FALSE,NULL,,,NULL,NULL,NULL,NULL,NULL,NULL,1,NULL
4300,1,101200,ยาน้ำว่านชักมดลูก ซีแอนด์แอล ผสมเอี๊ยะบ่อเช่า 750 ซีซี,NULL,NULL,ขย.9,NULL,"ยาสมุนไพร, ยาแผนโบราณ",,,ขวด,8857109580290,100,NULL,FALSE,FALSE,NULL,,,NULL,NULL,NULL,NULL,NULL,NULL,1,NULL
4301,1,101201,เอลมีโก สเปรย์ ขนาด 50 ซีซี,INDOMETHACIN,NULL,ขย.9,NULL,ยาใช้เฉพาะที่,,,ขวด,8851802020237,100,NULL,FALSE,FALSE,NULL,,,NULL,NULL,NULL,NULL,NULL,NULL,1,NULL
4302,1,101202,ยา ฟลอล่า พลัด 450 ซีซี,NULL,NULL,ขย.9,NULL,"ยาสมุนไพร, ยาแผนโบราณ",,,ขวด,8859645804014,100,NULL,FALSE,FALSE,NULL,,,NULL,NULL,NULL,NULL,NULL,NULL,1,NULL
4303,1,101203,ยาน้ำ วีกิ๊ฟ สมุนไพรรากสามสิบ 300 ซีซี,NULL,NULL,ขย.9,NULL,"ยาสมุนไพร, ยาแผนโบราณ",,,ขวด,8859645804212,100,NULL,FALSE,FALSE,NULL,,,NULL,NULL,NULL,NULL,NULL,NULL,1,NULL
4304,1,101204,ยาน้ำ วีกิ๊ฟ สมุนไพรรากสามสิบ 500 ซีซี,NULL,NULL,ขย.9,NULL,"ยาสมุนไพร, ยาแผนโบราณ",,,ขวด,8859645804229,100,NULL,FALSE,FALSE,NULL,,,NULL,NULL,NULL,NULL,NULL,NULL,1,NULL
4305,1,101205,ยาน้ำ ผสมรากสามสิบ คุณสัมฤทธิ์  300 ซีซี*3ขวด/กล่อง,NULL,NULL,ขย.9,NULL,"ยาสมุนไพร, ยาแผนโบราณ",,,กล่อง,8859480000398,100,NULL,FALSE,FALSE,NULL,,,NULL,NULL,NULL,NULL,NULL,NULL,1,NULL
4306,1,101206,ยาน้ำ ผสมรากสามสิบ คุณสัมฤทธิ์  300 ซีซี/ขวด,NULL,NULL,ขย.9,NULL,"ยาสมุนไพร, ยาแผนโบราณ",,,ขวด,8859480011301,100,NULL,FALSE,FALSE,NULL,,,NULL,NULL,NULL,NULL,NULL,NULL,1,NULL
4307,1,101207,ยาน้ำ ผสมว่านชักมดลูก เบอร์777 ตราหมอเส็ง 70 มล.,NULL,NULL,ขย.9,NULL,"ยาสมุนไพร, ยาแผนโบราณ",,,กรปุก,8857039000134,100,NULL,FALSE,FALSE,NULL,,,NULL,NULL,NULL,NULL,NULL,NULL,1,NULL
4308,1,101208,ยาน้ำ เล่งคุณเอี๊ยะบ๊อ 500 ซีซี,NULL,NULL,ขย.9,NULL,"ยาสมุนไพร, ยาแผนโบราณ",,,ขวด,8858704600017,100,NULL,FALSE,FALSE,NULL,,,NULL,NULL,NULL,NULL,NULL,NULL,1,NULL
4309,1,101209,ยาสตรีเพ็ญภาค 180 ซีซี,NULL,NULL,ขย.9,NULL,"ยาสมุนไพร, ยาแผนโบราณ",,,ขวด,8858736900031,100,NULL,FALSE,FALSE,NULL,,,NULL,NULL,NULL,NULL,NULL,NULL,1,NULL
4310,1,101210,ยาสตรีเพ็ญภาค 300 ซีซี,NULL,NULL,ขย.9,NULL,"ยาสมุนไพร, ยาแผนโบราณ",,,ขวด,8858736900017,100,NULL,FALSE,FALSE,NULL,,,NULL,NULL,NULL,NULL,NULL,NULL,1,NULL
4311,1,101211,ยาสตรีเพ็ญภาค สูตร2 ขนาด 180 ซีซี,NULL,NULL,ขย.9,NULL,"ยาสมุนไพร, ยาแผนโบราณ",,,ขวด,8858736900079,100,NULL,FALSE,FALSE,NULL,,,NULL,NULL,NULL,NULL,NULL,NULL,1,NULL
4312,1,101212,กระบอกปัสสาวะชาย ยูรินอล บรรจุ 800 ซีซี,ACETYLCYSTEINE,MOUTH/THROAT PREPARATIONS,ขย.9,NULL,อุปกรณ์ทางการแพทย์,,,ชิ้น,8854536000261,100,NULL,FALSE,FALSE,NULL,,,55,NULL,NULL,NULL,NULL,NULL,1,NULL
4313,1,101213,หม้อนอน สแตนเลส bedpan No.0101,NULL,NULL,ขย.9,NULL,อุปกรณ์ทางการแพทย์,,,กล่อง,8856422000010,100,NULL,FALSE,FALSE,NULL,,,NULL,NULL,NULL,NULL,NULL,NULL,1,NULL
4314,1,101214,หม้อนอน พลาสติก bedpan  B-01,NULL,NULL,ขย.9,NULL,อุปกรณ์ทางการแพทย์,,,กล่อง,8854536000018,100,NULL,FALSE,FALSE,NULL,,,NULL,NULL,NULL,NULL,NULL,NULL,1,NULL
4315,1,101215,กระเป๋าปฐมพยาบาล (เล็ก) 6*8*12 นิ้ว,ACETYLCYSTEINE,ANTIDIARRHOEALS,ขย.9,NULL,อุปกรณ์ทางการแพทย์,,,กล่อง,101215,100,NULL,FALSE,FALSE,NULL,,,NULL,NULL,NULL,NULL,NULL,NULL,1,NULL
4316,1,101216,กระเป๋าปฐมพยาบาล (ใหญ่) 8.5*9*14 นิ้ว,NULL,NULL,ขย.9,NULL,อุปกรณ์ทางการแพทย์,,,กล่อง,101216,100,NULL,FALSE,FALSE,NULL,,,NULL,NULL,NULL,NULL,NULL,NULL,1,NULL
4317,1,101217,mamarine OMEGA-3 &multivitamin 120 ml,NULL,NULL,ขย.9,NULL,วิตามินและอาหารเสริม,,,ขวด,8858757009225,100,NULL,FALSE,FALSE,NULL,,,NULL,NULL,NULL,NULL,NULL,NULL,1,NULL
4318,1,101218,mamarine BIO-C+multivitamin 120 ml,NULL,NULL,ขย.9,NULL,วิตามินและอาหารเสริม,,,ขวด,8858757009430,100,NULL,FALSE,FALSE,NULL,,,NULL,NULL,NULL,NULL,NULL,NULL,1,NULL
4319,1,101219,mamarine BIO-C+multivitamin 60 ml,NULL,NULL,ขย.9,NULL,วิตามินและอาหารเสริม,,,ขวด,8858757012973,100,NULL,FALSE,FALSE,NULL,,,NULL,NULL,NULL,NULL,NULL,NULL,1,NULL
4320,1,101220,mamarine OMEGA-3+lysine&multivitamin forte 60 ml,NULL,NULL,ขย.9,NULL,วิตามินและอาหารเสริม,,,ขวด,8858757012966,100,NULL,FALSE,FALSE,NULL,,,NULL,NULL,NULL,NULL,NULL,NULL,1,NULL
4321,1,101221,mamarine OMEGA-3+lysine&multivitamin forte 120 ml,ACETYLCYSTEINE,MOUTH/THROAT PREPARATIONS,ขย.9,NULL,วิตามินและอาหารเสริม,,,ขวด,8858757009249,100,NULL,FALSE,FALSE,NULL,,,170,NULL,NULL,NULL,NULL,NULL,1,NULL
4322,1,101222,syn-o-vits 60 ml (multivitamin+lysine),NULL,NULL,ขย.9,NULL,วิตามินและอาหารเสริม,,,ขวด,8852535009360,100,NULL,FALSE,FALSE,NULL,,,NULL,NULL,NULL,NULL,NULL,NULL,1,NULL
4323,1,101223,Bain syrup DHA70% 150 ml,PARACETAMOL,NSAIDs,ขย.9,NULL,วิตามินและอาหารเสริม,,,ขวด,8854424006153,100,NULL,FALSE,FALSE,NULL,,,195,NULL,NULL,NULL,NULL,NULL,1,NULL
4324,1,101224,seven seas Ocean Gold (Omega3+multimintavin) 100 ml,NULL,NULL,ขย.9,NULL,วิตามินและอาหารเสริม,,,ขวด,4987176188045,100,NULL,FALSE,FALSE,NULL,,,NULL,NULL,NULL,NULL,NULL,NULL,1,NULL
4325,1,101225,seven seas Multi-vitamin syr 120 ml,NULL,NULL,ขย.9,NULL,วิตามินและอาหารเสริม,,,ขวด,8852881158132,100,NULL,FALSE,FALSE,NULL,,,NULL,NULL,NULL,NULL,NULL,NULL,1,NULL
4326,1,101226,Patar cod liver oil 60 capsule,NULL,NULL,ขย.9,NULL,วิตามินและอาหารเสริม,,,กระปุก,8855011000165,100,NULL,FALSE,FALSE,NULL,,,NULL,NULL,NULL,NULL,NULL,NULL,1,NULL
4327,1,101227,ไบโอ-ออยล์ เจล 50 มล.,NULL,NULL,ขย.9,NULL,เครื่องสำอางและผลิตภัณฑ์ค,,,กระปุก,6001159118893,100,NULL,FALSE,FALSE,NULL,,,NULL,NULL,NULL,NULL,NULL,NULL,1,NULL
4328,1,101228,ไบโอ-ออยล์ สูตรออยล์ 60 มล.,NULL,NULL,ขย.9,NULL,เครื่องสำอางและผลิตภัณฑ์ค,,,ขวด,6001159112051,100,NULL,FALSE,FALSE,NULL,,,NULL,NULL,NULL,NULL,NULL,NULL,1,NULL
4329,1,101229,ยาประสะน้ำนม ตราพารา สูตร2,NULL,NULL,ขย.9,NULL,"ยาสมุนไพร, ยาแผนโบราณ",,,ซอง,8859122300268,100,NULL,FALSE,FALSE,NULL,,,NULL,NULL,NULL,NULL,NULL,NULL,1,NULL
4330,1,101230,cetaphil gentle skin cleanser 250 ml,NULL,NULL,ขย.9,NULL,เครื่องสำอางและผลิตภัณฑ์ค,,,ขวด,3499320013048,100,NULL,FALSE,FALSE,NULL,,,NULL,NULL,NULL,NULL,NULL,NULL,1,NULL
4331,1,101232,vitara-SE gel for scar 15 g,NULL,NULL,ขย.9,NULL,เครื่องสำอางและผลิตภัณฑ์ค,,,ขวด,8852660604638,100,NULL,FALSE,FALSE,NULL,,,NULL,NULL,NULL,NULL,NULL,NULL,1,NULL
4332,1,101233,smooth E-gold foam 45 g,NULL,NULL,ขย.9,NULL,เครื่องสำอางและผลิตภัณฑ์ค,,,หลอด,9300807032275,100,NULL,FALSE,FALSE,NULL,,,NULL,NULL,NULL,NULL,NULL,NULL,1,NULL
4333,1,101234,บีแคร์ ปั๊มนม,NULL,NULL,ขย.9,NULL,ผลิตภัณท์เด็ก,,,ชิ้น,8859095901011,100,NULL,FALSE,FALSE,NULL,,,NULL,NULL,NULL,NULL,NULL,NULL,1,NULL
4334,1,101235,ถุงเก็บน้ำนมแม่ เบีบี้บอล 9 ออนซ์ 20 ชิ้น/กล่อง,NULL,NULL,ขย.9,NULL,ผลิตภัณท์เด็ก,,,กล่อง,8857200222730,100,NULL,FALSE,FALSE,NULL,,,NULL,NULL,NULL,NULL,NULL,NULL,1,NULL
4335,1,101236,2.5% สบู่ซัลเฟอร์ 30 กรัม,SULPHUR+SALISALIC ACID,NULL,ขย.9,NULL,เครื่องสำอางและผลิตภัณฑ์ค,,,ก้อน,8859510400112,100,NULL,FALSE,FALSE,NULL,,,NULL,NULL,NULL,NULL,NULL,NULL,1,NULL
4336,1,101237,2% โพชั่นเคลียร์สิว 15 มล.,SALICYLIC ACID,NULL,ขย.9,NULL,เครื่องสำอางและผลิตภัณฑ์ค,,,ขวด,8859510400228,100,NULL,FALSE,FALSE,NULL,,,NULL,NULL,NULL,NULL,NULL,NULL,1,NULL
4337,1,101238,2% แอคเน่ สเปรย์ 50 มล.,SALICYLIC ACID,NULL,ขย.9,NULL,เครื่องสำอางและผลิตภัณฑ์ค,,,ขวด,8859510400020,100,NULL,FALSE,FALSE,NULL,,,NULL,NULL,NULL,NULL,NULL,NULL,1,NULL
4338,1,101239,ปั๊มนม Niko-Niko พร้อมขวดนม,NULL,NULL,ขย.9,NULL,เบ็ดเตล็ด,,,กล่อง,8850858008152,100,NULL,FALSE,FALSE,NULL,,,NULL,NULL,NULL,NULL,NULL,NULL,1,NULL
4339,1,101240,แผ่นแปะสิว cathy doll Y2018,NULL,NULL,ขย.9,NULL,เบ็ดเตล็ด,,,แพ็ค,8017990005009,100,NULL,FALSE,FALSE,NULL,,,NULL,NULL,NULL,NULL,NULL,NULL,1,NULL
4340,1,101241,แปรงสีฟัน beetle อายุ 2+ ปี,NULL,NULL,ขย.9,NULL,ผลิตภัณท์เด็ก,,,ชิ้น,8851973051450,100,NULL,FALSE,FALSE,NULL,,,NULL,NULL,NULL,NULL,NULL,NULL,1,NULL
4341,1,101242,แปรงสีฟัน สไมลลี่ ดั๊ก V-care อายุ 3+ ปี,NULL,NULL,ขย.9,NULL,ผลิตภัณท์เด็ก,,,ชิ้น,8851973059173,100,NULL,FALSE,FALSE,NULL,,,NULL,NULL,NULL,NULL,NULL,NULL,1,NULL
4342,1,101243,ขวดนม pigeon เซอคัส คลาสสิก การ์ตูน 8 ออนซ์,NULL,NULL,ขย.9,NULL,ผลิตภัณท์เด็ก,,,ขวด,8851973042120,100,NULL,FALSE,FALSE,NULL,,,NULL,NULL,NULL,NULL,NULL,NULL,1,NULL
4343,1,101244,ขวดนม pigeon เซอคัส คลาสสิก การ์ตูน 4 ออนซ์,NULL,NULL,ขย.9,NULL,ผลิตภัณท์เด็ก,,,ขวด,8851973042137,100,NULL,FALSE,FALSE,NULL,,,NULL,NULL,NULL,NULL,NULL,NULL,1,NULL
4344,1,101245,ขวดนม pigeon size S อายุ 0-3 เดือน 4 ออนซ์,NULL,NULL,ขย.9,NULL,ผลิตภัณท์เด็ก,,,ขวด,331829,100,NULL,FALSE,FALSE,NULL,,,NULL,NULL,NULL,NULL,NULL,NULL,1,NULL
4345,1,101246,ขวดนม pigeon size M อายุ 4-5 เดือน 8 ออนซ์,NULL,NULL,ขย.9,NULL,ผลิตภัณท์เด็ก,,,ขวด,331830,100,NULL,FALSE,FALSE,NULL,,,NULL,NULL,NULL,NULL,NULL,NULL,1,NULL
4346,1,101247,แปรงสีฟัน สไมลลี่ เพนกวิน V-care อายุ 3+ ปี,NULL,NULL,ขย.9,NULL,ผลิตภัณท์เด็ก,,,ชิ้น,8851973051467,100,NULL,FALSE,FALSE,NULL,,,NULL,NULL,NULL,NULL,NULL,NULL,1,NULL
4347,1,101248,แปรงสีฟัน สไมลลี่ กบ V-care อายุ 3+ ปี,NULL,NULL,ขย.9,NULL,ผลิตภัณท์เด็ก,,,ชิ้น,8851973059166,100,NULL,FALSE,FALSE,NULL,,,NULL,NULL,NULL,NULL,NULL,NULL,1,NULL
4348,1,101249,ลูกอม i-kid รสโคล่า,NULL,NULL,ขย.9,NULL,ผลิตภัณท์เด็ก,,,ชิ้น,8855107003186,100,NULL,FALSE,FALSE,NULL,,,NULL,NULL,NULL,NULL,NULL,NULL,1,NULL
4349,1,101250,ลูกอม i-kid รสเบอร์รี่,NULL,NULL,ขย.9,NULL,ผลิตภัณท์เด็ก,,,ชิ้น,8855107002271,100,NULL,FALSE,FALSE,NULL,,,NULL,NULL,NULL,NULL,NULL,NULL,1,NULL
4350,1,101251,ลูกอม i-kid รสน้ำผึ้งมะนาว,NULL,NULL,ขย.9,NULL,ผลิตภัณท์เด็ก,,,ชิ้น,8855107002257,100,NULL,FALSE,FALSE,NULL,,,NULL,NULL,NULL,NULL,NULL,NULL,1,NULL
4351,1,101252,ลูกอม i-kid รสแดงมะนาว,NULL,NULL,ขย.9,NULL,ผลิตภัณท์เด็ก,,,ชิ้น,8855107003179,100,NULL,FALSE,FALSE,NULL,,,NULL,NULL,NULL,NULL,NULL,NULL,1,NULL
4352,1,101253,บ๊วยหวาน ตราอีแอล 60 กรัม,NULL,NULL,ขย.9,NULL,เบ็ดเตล็ด,,,กระปุก,8851949010139,100,NULL,FALSE,FALSE,NULL,,,NULL,NULL,NULL,NULL,NULL,NULL,1,NULL
4353,1,101254,กิมจ้อรสบ๊วย 65 กรัม,NULL,NULL,ขย.9,NULL,เบ็ดเตล็ด,,,กระปุก,8851949010429,100,NULL,FALSE,FALSE,NULL,,,NULL,NULL,NULL,NULL,NULL,NULL,1,NULL
4354,1,101255,มะละกอ (บ่อฮวยบ๊วย) 45 กรัม,NULL,NULL,ขย.9,NULL,เบ็ดเตล็ด,,,กระปุก,8851949010405,100,NULL,FALSE,FALSE,NULL,,,NULL,NULL,NULL,NULL,NULL,NULL,1,NULL
4355,1,101256,เลมอนชิ้น (อบบ๊วย) 50 กรัม,NULL,NULL,ขย.9,NULL,เบ็ดเตล็ด,,,กระปุก,8851949010276,100,NULL,FALSE,FALSE,NULL,,,NULL,NULL,NULL,NULL,NULL,NULL,1,NULL
4356,1,101257,ลูกท้ออบแห้ง ตราอีแอล 60 กรัม,NULL,NULL,ขย.9,NULL,เบ็ดเตล็ด,,,กระปุก,8851949010283,100,NULL,FALSE,FALSE,NULL,,,NULL,NULL,NULL,NULL,NULL,NULL,1,NULL
4357,1,101258,บ๊วยเค็มอบแห้ง ตราอีแอล 50 กรัม,NULL,NULL,ขย.9,NULL,เบ็ดเตล็ด,,,กระปุก,8851949010498,100,NULL,FALSE,FALSE,NULL,,,NULL,NULL,NULL,NULL,NULL,NULL,1,NULL
4358,1,101259,maxxLife gummy 120 กรัม,ACETYLCYSTEINE,DECONGESTANTS & OTHER NASAL PR,ขย.9,NULL,เบ็ดเตล็ด,,,กระปุก,8859102500206,100,NULL,FALSE,FALSE,NULL,,,245,NULL,NULL,NULL,NULL,NULL,1,NULL
4359,1,101260,biopham vitamin C gummy 60 g,NULL,NULL,ขย.9,NULL,เบ็ดเตล็ด,,,ซอง,8853141825108,100,NULL,FALSE,FALSE,NULL,,,NULL,NULL,NULL,NULL,NULL,NULL,1,NULL
4360,1,101261,biopham calcium gummy 24 g,NULL,NULL,ขย.9,NULL,เบ็ดเตล็ด,,,ซอง,8853141825658,100,NULL,FALSE,FALSE,NULL,,,NULL,NULL,NULL,NULL,NULL,NULL,1,NULL
4361,1,101262,biopham MultiVitamin gummy 60 g,NULL,NULL,ขย.9,NULL,เบ็ดเตล็ด,,,ซอง,8853141825122,100,NULL,FALSE,FALSE,NULL,,,NULL,NULL,NULL,NULL,NULL,NULL,1,NULL
4362,1,101263,biopham Fish oil gummy 20 g,NULL,NULL,ขย.9,NULL,เบ็ดเตล็ด,,,ซอง,8853141825634,100,NULL,FALSE,FALSE,NULL,,,NULL,NULL,NULL,NULL,NULL,NULL,1,NULL
4363,1,101264,Hy vitamin C 50 orange 20's,NULL,NULL,ขย.9,NULL,เบ็ดเตล็ด,,,ซอง,8850993203825,100,NULL,FALSE,FALSE,NULL,,,NULL,NULL,NULL,NULL,NULL,NULL,1,NULL
4364,1,101265,Hy vitamin C 50 strawberry 20's,NULL,NULL,ขย.9,NULL,เบ็ดเตล็ด,,,ซอง,8850993203887,100,NULL,FALSE,FALSE,NULL,,,NULL,NULL,NULL,NULL,NULL,NULL,1,NULL
4365,1,101266,นมอัดเม็ด รสหวาน ตรา มิ้ลค์ มิ้ลค์ 15's,NULL,NULL,ขย.9,NULL,เบ็ดเตล็ด,,,ซอง,8850993203498,100,NULL,FALSE,FALSE,NULL,,,NULL,NULL,NULL,NULL,NULL,NULL,1,NULL
4366,1,101267,นมอัดเม็ด รสหวาน ตราไวท์ฟาร์ม 11.2 กรัม,NULL,NULL,ขย.9,NULL,เบ็ดเตล็ด,,,ซอง,8854424014394,100,NULL,FALSE,FALSE,NULL,,,NULL,NULL,NULL,NULL,NULL,NULL,1,NULL
4367,1,101268,นมอัดเม็ด รสสตอรเบอร์รี่ ตราไวท์ฟาร์ม 11.2 กรัม,NULL,NULL,ขย.9,NULL,เบ็ดเตล็ด,,,ซอง,8854424014981,100,NULL,FALSE,FALSE,NULL,,,NULL,NULL,NULL,NULL,NULL,NULL,1,NULL
4368,1,101269,นมอัดเม็ด รสช็อกโกแลต ตราไวท์ฟาร์ม 11.2 กรัม,NULL,NULL,ขย.9,NULL,เบ็ดเตล็ด,,,ซอง,8854424014417,100,NULL,FALSE,FALSE,NULL,,,NULL,NULL,NULL,NULL,NULL,NULL,1,NULL
4369,1,101270,มิลกี้-ดี นมชมพู (เม็ดอม) 6 กรัม,NULL,NULL,ขย.9,NULL,เบ็ดเตล็ด,,,ซอง,8858757008594,100,NULL,FALSE,FALSE,NULL,,,NULL,NULL,NULL,NULL,NULL,NULL,1,NULL
4370,1,101271,Milk Milkนมปรุงแต่งชนิดเม็ด วานิลลา 40 เม็ด,ACETYLCYSTEINE,VITAMINS & MINERALS,ขย.9,NULL,เบ็ดเตล็ด,,,ขวด,8850993204495,100,NULL,FALSE,FALSE,NULL,,,59,NULL,NULL,NULL,NULL,NULL,1,NULL
4371,1,101272,Milk Milkนมปรุงแต่งชนิดเม็ด ช็อกโกแลต 40 เม็ด,ACETYLCYSTEINE,VITAMINS & MINERALS,ขย.9,NULL,วิตามินและอาหารเสริม,,,ขวด,8850993203924,100,NULL,FALSE,FALSE,NULL,,,59,NULL,NULL,NULL,NULL,NULL,1,NULL
4372,1,101273,Milk Milk นมปรุงแต่ง กลิ่นหวาน 40 เม็ด,ACETYLCYSTEINE,MOUTH/THROAT PREPARATIONS,ขย.9,NULL,เบ็ดเตล็ด,,,กระปุก,8850993203481,100,NULL,FALSE,FALSE,NULL,,,59,NULL,NULL,NULL,NULL,NULL,1,NULL
4373,1,101274,วิตามินซี ตราพาตาร์( แบ่งขาย 60 เม็ด),ASCORBIC ACID,NULL,ขย.9,NULL,เบ็ดเตล็ด,,,ซอง,101274,100,NULL,FALSE,FALSE,NULL,,,NULL,NULL,NULL,NULL,NULL,NULL,1,NULL
4374,1,101275,vita-C strawberry 1000's,ASCORBIC ACID,NULL,ขย.9,NULL,วิตามินและอาหารเสริม,,,กระปุก,8857121535841,100,NULL,FALSE,FALSE,NULL,,,NULL,NULL,NULL,NULL,NULL,NULL,1,NULL
4375,1,101276,vita-C pineapple 1000's,ASCORBIC ACID,NULL,ขย.9,NULL,วิตามินและอาหารเสริม,,,กระปุก,8858757004992,100,NULL,FALSE,FALSE,NULL,,,NULL,NULL,NULL,NULL,NULL,NULL,1,NULL
4376,1,101277,vita-C grape 1000's,ASCORBIC ACID,NULL,ขย.9,NULL,วิตามินและอาหารเสริม,,,กระปุก,8857121535063,100,NULL,FALSE,FALSE,NULL,,,NULL,NULL,NULL,NULL,NULL,NULL,1,NULL
4377,1,101278,VITA C 25mg กลิ่นส้ม 1000 ' ,ASCORBIC ACID,NULL,ขย.9,NULL,วิตามินและอาหารเสริม,,,กระปุก,8856513000103,100,NULL,FALSE,FALSE,NULL,,,NULL,NULL,NULL,NULL,NULL,NULL,1,NULL
4378,1,101279,Ascobic acid Vitamin C Patar กลิ่นส้ม1000's,ASCORBIC ACID,NULL,ขย.9,NULL,วิตามินและอาหารเสริม,,,กระปุก,8855011000004,100,NULL,FALSE,FALSE,NULL,,,NULL,NULL,NULL,NULL,NULL,NULL,1,NULL
4379,1,101280,ขนมไวท์ฟาร์ม แคลเซียมสูง อบกรอบ 17 กรัม,NULL,NULL,ขย.9,NULL,เบ็ดเตล็ด,,,ซอง,8854424010174,100,NULL,FALSE,FALSE,NULL,,,NULL,NULL,NULL,NULL,NULL,NULL,1,NULL
4380,1,101281,hicee 100 4's,ASCORBIC ACID,NULL,ขย.9,NULL,เบ็ดเตล็ด,,,ชิ้น,8851963174251,100,NULL,FALSE,FALSE,NULL,,,NULL,NULL,NULL,NULL,NULL,NULL,1,NULL
4381,1,101282,ยาอมสมุนไพร ตรามังกรทอง รสบ๊วย 100 เม็ด,NULL,NULL,ขย.9,NULL,เบ็ดเตล็ด,,,กระปุก,8852913104113,100,NULL,FALSE,FALSE,NULL,,,NULL,NULL,NULL,NULL,NULL,NULL,1,NULL
4382,1,101283,ยาอมสมุนไพร ตรามังกรทอง รสมะนาว 100 เม็ด,NULL,NULL,ขย.9,NULL,เบ็ดเตล็ด,,,กระปุก,8852913104519,100,NULL,FALSE,FALSE,NULL,,,NULL,NULL,NULL,NULL,NULL,NULL,1,NULL
4383,1,101284,ยาอมสมุนไพร ตรามังกรทอง รสเปลือกส้ม 100 เม็ด,NULL,NULL,ขย.9,NULL,เบ็ดเตล็ด,,,กระปุก,8852913105219,100,NULL,FALSE,FALSE,NULL,,,NULL,NULL,NULL,NULL,NULL,NULL,1,NULL
4384,1,101285,ชุดฝึกทานอาหารพร้อมช้อนนิ่มพิเศษ Pigeon +6 m,NULL,NULL,ขย.9,NULL,ผลิตภัณท์เด็ก,,,อัน,4902508045797,100,NULL,FALSE,FALSE,NULL,,,NULL,NULL,NULL,NULL,NULL,NULL,1,NULL
4385,1,101286,ชามบดอาหารพร้อมช้อน Pigeon +6 m,NULL,NULL,ขย.9,NULL,ผลิตภัณท์เด็ก,,,อัน,8851973038376,100,NULL,FALSE,FALSE,NULL,,,NULL,NULL,NULL,NULL,NULL,NULL,1,NULL
4386,1,101287,ชุดดูดน้ำมูก ชนิดควบคุมแรงดูดจากปากแม่ Attoon,NULL,NULL,ขย.9,NULL,ผลิตภัณท์เด็ก,,,อัน,8858740516280,100,NULL,FALSE,FALSE,NULL,,,NULL,NULL,NULL,NULL,NULL,NULL,1,NULL
4387,1,101288,ที่ดูดน้ำมูก ซิลิโคน ชนิดหัวเรียวพิเศษ,NULL,NULL,ขย.9,NULL,ผลิตภัณท์เด็ก,,,อัน,8858740514941,100,NULL,FALSE,FALSE,NULL,,,NULL,NULL,NULL,NULL,NULL,NULL,1,NULL
4388,1,101289,ชุดป้อนอาหารชนิดนิ่มพิเศษ Pigeon +6 m,NULL,NULL,ขย.9,NULL,ผลิตภัณท์เด็ก,,,อัน,4902508033114,100,NULL,FALSE,FALSE,NULL,,,NULL,NULL,NULL,NULL,NULL,NULL,1,NULL
4389,1,101290,จุกนมยางดูดเล่น pigeon size S (0-3 m) สีฟ้า,NULL,NULL,ขย.9,NULL,ผลิตภัณท์เด็ก,,,ชิ้น,4902508132817,100,NULL,FALSE,FALSE,NULL,,,NULL,NULL,NULL,NULL,NULL,NULL,1,NULL
4390,1,101291,จุกนมยางดูดเล่น pigeon size S (0-3 m) สีชมพู,NULL,NULL,ขย.9,NULL,ผลิตภัณท์เด็ก,,,ชิ้น,4902508132848,100,NULL,FALSE,FALSE,NULL,,,NULL,NULL,NULL,NULL,NULL,NULL,1,NULL
4391,1,101292,จุกนมยางดูดเล่น pigeon size M (3-6 m) สีเหลือง,NULL,NULL,ขย.9,NULL,ผลิตภัณท์เด็ก,,,ชิ้น,4902508132824,100,NULL,FALSE,FALSE,NULL,,,NULL,NULL,NULL,NULL,NULL,NULL,1,NULL
4392,1,101293,จุกนมยางดูดเล่น pigeon size M (3-6 m) สีชมพู,NULL,NULL,ขย.9,NULL,ผลิตภัณท์เด็ก,,,ชิ้น,4902508132855,100,NULL,FALSE,FALSE,NULL,,,NULL,NULL,NULL,NULL,NULL,NULL,1,NULL
4393,1,101294,จุกนมยางดูดเล่น pigeon size L (6-18 m),NULL,NULL,ขย.9,NULL,ผลิตภัณท์เด็ก,,,ชิ้น,4902508132831,100,NULL,FALSE,FALSE,NULL,,,NULL,NULL,NULL,NULL,NULL,NULL,1,NULL
4394,1,101295,เซรั่มอัญชัน บำรุงคิ้ว สำหรับเด็ก 1 มล.,NULL,NULL,ขย.9,NULL,ผลิตภัณท์เด็ก,,,ชิ้น,8859378000110,100,NULL,FALSE,FALSE,NULL,,,NULL,NULL,NULL,NULL,NULL,NULL,1,NULL
4395,1,101296,จุกนมซิลิคอนคลาสสิค size L 6+m/3ชิ้น,NULL,NULL,ขย.9,NULL,ผลิตภัณท์เด็ก,,,ชิ้น,8851973007990,100,NULL,FALSE,FALSE,NULL,,,NULL,NULL,NULL,NULL,NULL,NULL,1,NULL
4396,1,101297,แอคเน่-เอด บาร์ (คุมความมัน) 100 กรัม,NULL,NULL,ขย.9,NULL,"สบู่,  สบู่เหลว,  ครีมอาบ",,,ก้อน,9314057016923,100,NULL,FALSE,FALSE,NULL,,,NULL,NULL,NULL,NULL,NULL,NULL,1,NULL
4397,1,101298,แอคเน่-เอด ลิควิด เคลนเซอร์ (คุมความมัน) 100 มล.,NULL,NULL,ขย.9,NULL,"สบู่,  สบู่เหลว,  ครีมอาบ",,,ขวด,9314057016701,100,NULL,FALSE,FALSE,NULL,,,NULL,NULL,NULL,NULL,NULL,NULL,1,NULL
4398,1,101299,แอคเน่-เอด เจนเทิล เคลนเซอร์ (ผิวแพ้ง่าย) 100 มล.,NULL,NULL,ขย.9,NULL,"สบู่,  สบู่เหลว,  ครีมอาบ",,,ขวด,9314057016688,100,NULL,FALSE,FALSE,NULL,,,NULL,NULL,NULL,NULL,NULL,NULL,1,NULL
4399,1,101300,โปรวาเมต วิตามินอี เซรั่ม 30 มล.,NULL,NULL,ขย.9,NULL,เครื่องสำอางและผลิตภัณฑ์ค,,,ขวด,8858761802713,100,NULL,FALSE,FALSE,NULL,,,NULL,NULL,NULL,NULL,NULL,NULL,1,NULL
4400,1,101301,98%ปาล์มเมอร์ สูตรโกโก้บัตเตอร์ มาสซาสครีม สูตรเข้มข้น,NULL,NULL,ขย.9,NULL,เครื่องสำอางและผลิตภัณฑ์ค,,,หลอด,10181040351,100,NULL,FALSE,FALSE,NULL,,,NULL,NULL,NULL,NULL,NULL,NULL,1,NULL
4401,1,101302,แป้งเด็ก ฮาย สำหรับเด็ก 200 กรัม,GINGKO-BILOBA,VITAMINS & MINERALS,ขย.9,NULL,ผลิตภัณท์เด็ก,,,ขวด,8857111110010,100,NULL,FALSE,FALSE,NULL,,,70,NULL,NULL,NULL,NULL,NULL,1,NULL
4402,1,101303,ศรีจันทร์เบบี้ นิวบอร์น พาวเดอร์ 150 กรัม,CAMPHOR,ANTIHISTAMINES & ANTIALLERGICS,ขย.9,NULL,ผลิตภัณท์เด็ก,,,ขวด,8858696807876,100,NULL,FALSE,FALSE,NULL,,,56,NULL,NULL,NULL,NULL,NULL,1,NULL
4403,1,101304,ศรีจันทร์ เบบี้ เบบี้ พาวเดอร์ 50 กรัม,METHYL SALICYLATE+MENTHOL+EUGENOL,MOUTH/THROAT PREPARATIONS,ขย.9,NULL,ผลิตภัณท์เด็ก,,,กระปุก,8858696802093,100,NULL,FALSE,FALSE,NULL,,,65,63,NULL,NULL,NULL,NULL,1,NULL
4404,1,101305,สมูทอี แอคเน่ ไฮโดรเจล พลัส 10 กรัม,NULL,NULL,ขย.9,NULL,เครื่องสำอางและผลิตภัณฑ์ค,,,หลอด,9300807056097,100,NULL,FALSE,FALSE,NULL,,,NULL,NULL,NULL,NULL,NULL,NULL,1,NULL
4405,1,101306,10% ยูเดีย 30 กรัม,UREA,NULL,ขย.9,NULL,เครื่องสำอางและผลิตภัณฑ์ค,,,หลอด,8856513009953,100,NULL,FALSE,FALSE,NULL,,,NULL,NULL,NULL,NULL,NULL,NULL,1,NULL
4406,1,101307,10% ไดอะบีเดิร์ม ครีม 100 กรัม,UREA,NULL,ขย.9,NULL,เครื่องสำอางและผลิตภัณฑ์ค,,,หลอด,8853348009493,100,NULL,FALSE,FALSE,NULL,,,NULL,NULL,NULL,NULL,NULL,NULL,1,NULL
4407,1,101308,20% ไดอะบีเดิร์ม ครีม  35 กรัม,UREA,NULL,ขย.9,NULL,ยาใช้ภายนอก,,,หลอด,8853348009608,100,NULL,FALSE,FALSE,NULL,,,NULL,NULL,NULL,NULL,NULL,NULL,1,NULL
4408,1,101309,HIRUDOID cream สีแดง 40 กรัม,MUCOPOLYSACCHARIDE POLYSULFATE,NULL,ขย.9,NULL,เครื่องสำอางและผลิตภัณฑ์ค,,,หลอด,8851743000534,100,NULL,FALSE,FALSE,NULL,,,NULL,NULL,NULL,NULL,NULL,NULL,1,NULL
4409,1,101310,Hirudoid cream สีแดง 20 กรัม,MUCOPOLYSACCHARIDE POLYSULFATE,NULL,ขย.9,NULL,เครื่องสำอางและผลิตภัณฑ์ค,,,หลอด,8851743003429,100,NULL,FALSE,FALSE,NULL,,,NULL,NULL,NULL,NULL,NULL,NULL,1,NULL
4410,1,101311,hirudoid cream สีแดง 10 กรัม,MUCOPOLYSACCHARIDE POLYSULFATE,NULL,ขย.9,NULL,เครื่องสำอางและผลิตภัณฑ์ค,,,หลอด,8851743003412,100,NULL,FALSE,FALSE,NULL,,,NULL,NULL,NULL,NULL,NULL,NULL,1,NULL
4411,1,101312,Hirudoid Forte  cream สีน้ำเงิน 20 กรัม,MUCOPOLYSACCHARIDE POLYSULFATE,NULL,ขย.9,NULL,เครื่องสำอางและผลิตภัณฑ์ค,,,หลอด,8851743003443,100,NULL,FALSE,FALSE,NULL,,,NULL,NULL,NULL,NULL,NULL,NULL,1,NULL
4412,1,101313,hirudoid Forte  cream สีน้ำเงิน 10 กรัม,MUCOPOLYSACCHARIDE POLYSULFATE,NULL,ขย.9,NULL,เครื่องสำอางและผลิตภัณฑ์ค,,,หลอด,8851743003436,100,NULL,FALSE,FALSE,NULL,,,NULL,NULL,NULL,NULL,NULL,NULL,1,NULL
4413,1,101314,แอนตี้ เอคเน่ ไฮโดรเจล 7 กรัม,NULL,NULL,ขย.9,NULL,เครื่องสำอางและผลิตภัณฑ์ค,,,หลอด,9300807046814,100,NULL,FALSE,FALSE,NULL,,,NULL,NULL,NULL,NULL,NULL,NULL,1,NULL
4414,1,101315,clenascar C silicone gel 7 g,NULL,NULL,ขย.9,NULL,เครื่องสำอางและผลิตภัณฑ์ค,,,หลอด,8858992502345,100,NULL,FALSE,FALSE,NULL,,,NULL,NULL,NULL,NULL,NULL,NULL,1,NULL
4415,1,101316,cleanscar gel 7 g,NULL,NULL,ขย.9,NULL,เครื่องสำอางและผลิตภัณฑ์ค,,,หลอด,8858992501645,100,NULL,FALSE,FALSE,NULL,,,NULL,NULL,NULL,NULL,NULL,NULL,1,NULL
4416,1,101317,ว่านหางจระเข้ bernova,NULL,NULL,ขย.9,NULL,เครื่องสำอางและผลิตภัณฑ์ค,,,หลอด,8852660607011,100,NULL,FALSE,FALSE,NULL,,,NULL,NULL,NULL,NULL,NULL,NULL,1,NULL
4417,1,101318,ว่านหางจระเข้ aloe gel,NULL,NULL,ขย.9,NULL,เครื่องสำอางและผลิตภัณฑ์ค,,,หลอด,8853433000077,100,NULL,FALSE,FALSE,NULL,,,NULL,NULL,NULL,NULL,NULL,NULL,1,NULL
4418,1,101319,Puricas Dragon's Blood Scar Gel 8g,NULL,NULL,ขย.9,NULL,เครื่องสำอางและผลิตภัณฑ์ค,,,หลอด,8859554300010,100,NULL,FALSE,FALSE,NULL,,,NULL,NULL,NULL,NULL,NULL,NULL,1,NULL
4419,1,101320,เน็กซ์แคร์ แผ่นดูดซับสิว รุ่นบาง 30 ชิ้น,NULL,NULL,ขย.9,NULL,เครื่องสำอางและผลิตภัณฑ์ค,,,กล่อง,8850304105756,100,NULL,FALSE,FALSE,NULL,,,NULL,NULL,NULL,NULL,NULL,NULL,1,NULL
4420,1,101321,แผ่นแปะลดไข้ bye bye-fever 0-2y 2ชิ้น/ซอง,NULL,NULL,ขย.9,NULL,เบ็ดเตล็ด,,,ซอง,4987188567258,100,NULL,FALSE,FALSE,NULL,,,0,0,0,0,0,0,,/uploads/101321_1.jpg
4421,1,101322,แผ่นแปะลดไข้ bye bye-fever 3-6y 2ชิ้น/ซอง,NULL,NULL,ขย.9,NULL,เบ็ดเตล็ด,,,ซอง,4987188567234,100,NULL,FALSE,FALSE,NULL,,,NULL,NULL,NULL,NULL,NULL,NULL,1,NULL
4422,1,101323,แผ่นแปะลดไข้ bye bye-fever 12+y 2ชิ้น/ซอง,NULL,NULL,ขย.9,NULL,เบ็ดเตล็ด,,,ซอง,4987188567241,100,NULL,FALSE,FALSE,NULL,,,NULL,NULL,NULL,NULL,NULL,NULL,1,NULL
4423,1,101324,แผ่นแปะลดไข้ เด็ก kool fever 0-2y สีชมพู 2ชิ้น/ซอง,ACETYLCYSTEINE,ANTIDIARRHOEALS,ขย.9,NULL,เบ็ดเตล็ด,,,ซอง,4987072003718,100,NULL,FALSE,FALSE,NULL,,,NULL,NULL,NULL,NULL,NULL,NULL,1,NULL
4424,1,101325,แผ่นแปะลดไข้ เด็ก kool fever 2+y สีน้ำเงิน2ชิ้น/ซอง,NULL,NULL,ขย.9,NULL,ยาใช้เฉพาะที่,,,ซอง,101325,100,NULL,FALSE,FALSE,NULL,,,NULL,NULL,NULL,NULL,NULL,NULL,1,NULL
4425,1,101326,แผ่นแปะลดไข้ ผู้ใหญ่ kool fever ติดแน่น สีน้ำเงิน 2 ชิ้น,NULL,NULL,ขย.9,NULL,เบ็ดเตล็ด,,,ซอง,101326,100,NULL,FALSE,FALSE,NULL,,,NULL,NULL,NULL,NULL,NULL,NULL,1,NULL
4426,1,101327,แผ่นเจลลดไข้เด็ก สีฟ้า Jelly Cool 2 แผ่น/ซอง,NULL,NULL,ขย.9,NULL,เบ็ดเตล็ด,,,ซอง,101327,100,NULL,FALSE,FALSE,NULL,,,NULL,NULL,NULL,NULL,NULL,NULL,1,NULL
4427,1,101328,แผ่นเจลลดไข้ cool Temp 2แผ่น/ซอง อายุ 6+ปี,NULL,NULL,ขย.9,NULL,เบ็ดเตล็ด,,,ซอง,8857121193454,100,NULL,FALSE,FALSE,NULL,,,NULL,NULL,NULL,NULL,NULL,NULL,1,NULL
4428,1,101329,แผ่นเจลลดไข้ cooling 1ชิ้น/ซอง อายุ 2+ปี,NULL,NULL,ขย.9,NULL,เบ็ดเตล็ด,,,ซอง,8859243302691,100,NULL,FALSE,FALSE,NULL,,,NULL,NULL,NULL,NULL,NULL,NULL,1,NULL
4429,1,101330,ยาน้ำ วูดเวอร์ด ไกร๊ป วอเตอร์ 148 มล.,SODIUM BICARBONATE,NULL,ขย.9,NULL,ผลิตภัณท์เด็ก,,,ขวด,8850163900035,100,NULL,FALSE,FALSE,NULL,,,NULL,NULL,NULL,NULL,NULL,NULL,1,NULL
4430,1,101331,เบบี้ดอล bebidol 120 มล.,SODIUM BICARBONATE,NULL,ขย.9,NULL,ผลิตภัณท์เด็ก,,,ขวด,8851473002242,100,NULL,FALSE,FALSE,NULL,,,NULL,NULL,NULL,NULL,NULL,NULL,1,NULL
4431,1,101332,มหาหิงคุ์ ลูกกลิ้ง ตรามงกุฏพญานาคคู่ 60 ซีซี,NULL,NULL,ขย.9,NULL,ผลิตภัณท์เด็ก,,,ขวด,8851124270648,100,NULL,FALSE,FALSE,NULL,,,NULL,NULL,NULL,NULL,NULL,NULL,1,NULL
4432,1,101333,มหาหิงคุ์ วี.เอส. ลูกกลิ้ง ตราวิทยาศรม 60 ซีซี,ACETYLCYSTEINE,MOUTH/THROAT PREPARATIONS,ขย.9,NULL,ผลิตภัณท์เด็ก,,,ขวด,8850075016503,100,NULL,FALSE,FALSE,NULL,,,44,NULL,NULL,NULL,NULL,NULL,1,NULL
4433,1,101334,มหาหิงคุ์ วี.เอส. ตราวิทยาศรม 60 ซีซี,PARACETAMOL,NSAIDs,ขย.9,NULL,ผลิตภัณท์เด็ก,,,ขวด,8850075018309,100,NULL,FALSE,FALSE,NULL,,,32,NULL,NULL,NULL,NULL,NULL,1,NULL
4434,1,101335,มหาหิงคุ์ วี.เอส. ตราวิทยาศรม 120 ซีซี,NULL,NULL,ขย.9,NULL,ผลิตภัณท์เด็ก,,,ขวด,8850075011102,100,NULL,FALSE,FALSE,NULL,,,NULL,NULL,NULL,NULL,NULL,NULL,1,NULL
4435,1,101336,กลีเซอรีนบอแรกซ์ 100 กรัม/15มล,GLYCERINE,NULL,ขย.9,NULL,เบ็ดเตล็ด,,,ขวด,8850075004500,100,NULL,FALSE,FALSE,NULL,,,NULL,NULL,NULL,NULL,NULL,NULL,1,NULL
4436,1,101337,เยนเชียน ไวโอเล็ต 0.5กรัม/15 มล.,NULL,NULL,ขย.9,NULL,เบ็ดเตล็ด,,,ขวด,8853428000372,100,NULL,FALSE,FALSE,NULL,,,NULL,NULL,NULL,NULL,NULL,NULL,1,NULL
4437,1,101338,เขากุย สีน้ำตาล 200 ซีซี,NULL,NULL,ขย.9,NULL,ผลิตภัณท์เด็ก,,,ขวด,8859417400017,100,NULL,FALSE,FALSE,NULL,,,NULL,NULL,NULL,NULL,NULL,NULL,1,NULL
4438,1,101339,เขากุย สีขาว อ้วยอันโอสถ 240 ซีซี,NULL,NULL,ขย.9,NULL,ผลิตภัณท์เด็ก,,,ขวด,8852913200914,100,NULL,FALSE,FALSE,NULL,,,NULL,NULL,NULL,NULL,NULL,NULL,1,NULL
4439,1,101340,ซอลเจลล่า เดอร์โมลิควิด อินทิเมท 100 ซีซี (สูตรมั่นใจ),NULL,NULL,ขย.9,NULL,"สบู่,  สบู่เหลว,  ครีมอาบ",,,ขวด,8019561171601,100,NULL,FALSE,FALSE,NULL,,,NULL,NULL,NULL,NULL,NULL,NULL,1,NULL
4440,1,101341,ซอลเจลล่า แอ็คติว่า อินทิเมท 100 ซีซี (สูตรปกป้อง),MENTHOL,VITAMINS & MINERALS,ขย.9,NULL,"สบู่,  สบู่เหลว,  ครีมอาบ",,,ขวด,8019561171700,100,NULL,FALSE,FALSE,NULL,,,43,165,NULL,NULL,NULL,NULL,1,NULL
4441,1,101342,แนปปี้-ฮิปโป้ ซิงค์ ออกไซด์ 5 กรัม,ZINC OXIDE,NULL,ขย.9,NULL,ผลิตภัณท์เด็ก,,,หลอด,8850239002618,100,NULL,FALSE,FALSE,NULL,,,NULL,NULL,NULL,NULL,NULL,NULL,1,NULL
4442,1,101343,แนปปี้-ฮิปโป้ ซิงค์ ออกไซด์ 25 กรัม,ZINC OXIDE,NULL,ขย.9,NULL,ผลิตภัณท์เด็ก,,,หลอด,8850239003431,100,NULL,FALSE,FALSE,NULL,,,NULL,NULL,NULL,NULL,NULL,NULL,1,NULL
4443,1,101344,แพมเพอริน ครีม 25 กรัม,NULL,NULL,ขย.9,NULL,ผลิตภัณท์เด็ก,,,หลอด,8850239004568,100,NULL,FALSE,FALSE,NULL,,,NULL,NULL,NULL,NULL,NULL,NULL,1,NULL
4444,1,101345,บีแพนเธน ออยเมนต์ 30 กรัม,NULL,NULL,ขย.9,NULL,ผลิตภัณท์เด็ก,,,หลอด,8850172243017,100,NULL,FALSE,FALSE,NULL,,,NULL,NULL,NULL,NULL,NULL,NULL,1,NULL
4445,1,101346,บีแพนเธน ออยเมนต์ 50 กรัม,NULL,NULL,ขย.9,NULL,ผลิตภัณท์เด็ก,,,หลอด,8850172243048,100,NULL,FALSE,FALSE,NULL,,,NULL,NULL,NULL,NULL,NULL,NULL,1,NULL
4446,1,101347,บีแพนเธน เซนซิเดิร์ม ครีม 20 กรัม,NULL,NULL,ขย.9,NULL,ผลิตภัณท์เด็ก,,,หลอด,8850172243055,100,NULL,FALSE,FALSE,NULL,,,NULL,NULL,NULL,NULL,NULL,NULL,1,NULL
4447,1,101348,บีเพนเธน เฟิร์สเอด ครีม 30 กรัม,DEXPANTHENOL,NULL,ขย.9,NULL,ผลิตภัณท์เด็ก,,,หลอด,8850172243024,100,NULL,FALSE,FALSE,NULL,,,NULL,NULL,NULL,NULL,NULL,NULL,1,NULL
4448,1,101349,ยาสีฟันชนิดเจล เด็ก12+m รสสตอเบอร์รี่ pigeon 45g,NULL,NULL,ขย.9,NULL,ผลิตภัณท์เด็ก,,,หลอด,4902508795654,100,NULL,FALSE,FALSE,NULL,,,NULL,NULL,NULL,NULL,NULL,NULL,1,NULL
4449,1,101350,ยาสีฟันชนิดเจล เด็ก1+y รสองุ่น pigeon 45g,NULL,NULL,ขย.9,NULL,ผลิตภัณท์เด็ก,,,หลอด,4902508782074,100,NULL,FALSE,FALSE,NULL,,,79,NULL,NULL,NULL,NULL,NULL,1,NULL
4450,1,101351,สติ๊กเกอร์หัวหอม blue formula 6ชิ้น/กล่อง,NULL,NULL,ขย.9,NULL,ผลิตภัณท์เด็ก,,,กล่อง,8859520900411,100,NULL,FALSE,FALSE,NULL,,,NULL,NULL,NULL,NULL,NULL,NULL,1,NULL
4451,1,101352,สติ๊กเกอร์หัวหอม green formula 6ชิ้น/กล่อง,NULL,NULL,ขย.9,NULL,ผลิตภัณท์เด็ก,,,กล่อง,8859520900619,100,NULL,FALSE,FALSE,NULL,,,NULL,NULL,NULL,NULL,NULL,NULL,1,NULL
4452,1,101353,สติ๊กเกอร์หัวหอม original 6ชิ้น/กล่อง,ACETYLCYSTEINE,ANTIDIARRHOEALS,ขย.9,NULL,ผลิตภัณท์เด็ก,,,กล่อง,8859520900305,100,NULL,FALSE,FALSE,NULL,,,95,NULL,NULL,NULL,NULL,NULL,1,NULL
4453,1,101354,สติ๊กเกอร์ เมอร์ซี่ หัวหอมแดง 6 ชิ้น/กล่อง,NULL,NULL,ขย.9,NULL,ผลิตภัณท์เด็ก,,,กล่อง,8851736882260,100,NULL,FALSE,FALSE,NULL,,,NULL,NULL,NULL,NULL,NULL,NULL,1,NULL
4454,1,101355,สติ๊กเกอร์ขิง เมอร์ซี่ 6 ชิ้น/กล่อง,NULL,NULL,ขย.9,NULL,ผลิตภัณท์เด็ก,,,กล่อง,8851736882314,100,NULL,FALSE,FALSE,NULL,,,NULL,NULL,NULL,NULL,NULL,NULL,1,NULL
4455,1,101356,หอม หอม บาล์ม เจล 17 กรัม,NULL,NULL,ขย.9,NULL,ผลิตภัณท์เด็ก,,,ขวด,8857200378925,100,NULL,FALSE,FALSE,NULL,,,NULL,NULL,NULL,NULL,NULL,NULL,1,NULL
4456,1,101357,วาสลีน 100%เพียวรีแพร์ริ่ง เจลลี่ 50 มล.,NULL,NULL,ขย.9,NULL,เบ็ดเตล็ด,,,กระปุก,8851932375719,100,NULL,FALSE,FALSE,NULL,,,NULL,NULL,NULL,NULL,NULL,NULL,1,NULL
4457,1,101358,วาสลีน 100%เพียวรีแพร์ริ่ง เจลลี่ 100 มล.,NULL,NULL,ขย.9,NULL,เบ็ดเตล็ด,,,กระปุก,8851932375733,100,NULL,FALSE,FALSE,NULL,,,NULL,NULL,NULL,NULL,NULL,NULL,1,NULL
4458,1,101359,เมดเมเกอร์ ปิโตรเลียมเจลลี่ เบบี้ (สีชมพู) 50 กรัม,ACETYLCYSTEINE,MOUTH/THROAT PREPARATIONS,ขย.9,NULL,เบ็ดเตล็ด,,,กระปุก,8850884029015,100,NULL,FALSE,FALSE,NULL,,,60,NULL,NULL,NULL,NULL,NULL,1,NULL
4459,1,101360,เมดเมเกอร์ ปิโตรเลียมเจลลี่ 50 กรัม,NULL,NULL,ขย.9,NULL,เบ็ดเตล็ด,,,กระปุก,8850884009017,100,NULL,FALSE,FALSE,NULL,,,NULL,NULL,NULL,NULL,NULL,NULL,1,NULL
4460,1,101361,โพลาร์ สเปรย์ปรับอากาศ กลิ่นยูคาลิปตัส 280 มล.,NULL,NULL,ขย.9,NULL,เบ็ดเตล็ด,,,ขวด,8856513006853,100,NULL,FALSE,FALSE,NULL,,,NULL,NULL,NULL,NULL,NULL,NULL,1,NULL
4461,1,101362,สเปรย์ น้ำมันบูคาลิปตัส โบสิสโต ตรานกแก้ว 300 มล.,NULL,NULL,ขย.9,NULL,เบ็ดเตล็ด,,,ขวด,8858797600017,100,NULL,FALSE,FALSE,NULL,,,NULL,NULL,NULL,NULL,NULL,NULL,1,NULL
4462,1,101363,ม็อซซี่การ์ด ครีม 50 กรัม,METHYL SALICYLATE+MENTHOL+EUGENOL,VITAMINS & MINERALS,ขย.9,NULL,เบ็ดเตล็ด,,,หลอด,8856513009052,100,NULL,FALSE,FALSE,NULL,,,112,NULL,NULL,NULL,NULL,NULL,1,NULL
4463,1,101364,ครีมกำจัดเหาเฮซิน 20 กรัม,NULL,NULL,ขย.9,NULL,ยาใช้เฉพาะที่,,,หลอด,8858293000687,100,NULL,FALSE,FALSE,NULL,,,NULL,NULL,NULL,NULL,NULL,NULL,1,NULL
4464,1,101365,สคัลลี่ แชมพูขจัดเหา 100 มล.,NULL,NULL,ขย.9,NULL,ยาใช้เฉพาะที่,,,ขวด,8851495008352,100,NULL,FALSE,FALSE,NULL,,,NULL,NULL,NULL,NULL,NULL,NULL,1,NULL
4465,1,101366,Manoprovit syrup 3 oz.,VITAMIN B COMPLEX+MINERAL,VITAMINS & MINERALS,ขย.9,NULL,วิตามินและอาหารเสริม,,,ขวด,8858148000398,100,NULL,FALSE,FALSE,NULL,,,NULL,NULL,NULL,NULL,NULL,NULL,1,NULL
4466,1,101367,ยากุมาร แสงชัย ผสมน้ำผึ้ง 180 ซีซี,NULL,NULL,ขย.9,NULL,เครื่องสำอางและผลิตภัณฑ์ค,,,ขวด,8857122539046,100,NULL,FALSE,FALSE,NULL,,,NULL,NULL,NULL,NULL,NULL,NULL,1,NULL
4467,1,101368,ยากุมาร แสงชัย ผสมน้ำผึ้ง 360 ซีซี,NULL,NULL,ขย.9,NULL,"ยาสมุนไพร, ยาแผนโบราณ",,,ขวด,8857122539053,100,NULL,FALSE,FALSE,NULL,,,67,NULL,NULL,NULL,NULL,NULL,1,NULL
4468,1,101369,ม็อซซี่การ์ด แผ่นแปะกันยุง 2ชิ้น,NULL,NULL,ขย.9,NULL,เบ็ดเตล็ด,,,ซอง,8856513003708,100,NULL,FALSE,FALSE,NULL,,,NULL,NULL,NULL,NULL,NULL,NULL,1,NULL
4469,1,101370,สเปรย์ น้ำมันบูคาลิปตัส โบสิสโต ตรานกแก้ว 150 มล.,ACETYLCYSTEINE,DECONGESTANTS & OTHER NASAL PR,ขย.9,NULL,เบ็ดเตล็ด,,,ขวด,8858797600024,100,NULL,FALSE,FALSE,NULL,,,179,NULL,NULL,NULL,NULL,NULL,1,NULL
4470,1,101371,โลชั่นทากันยุง ก.ย.15 ขนาด 40 มล.,PARACETAMOL,NSAIDs,ขย.9,NULL,เบ็ดเตล็ด,,,ขวด,8851826061216,100,NULL,FALSE,FALSE,NULL,,,43,NULL,NULL,NULL,NULL,NULL,1,NULL
4471,1,101372,สเปรย์กันยุง ก.ย.15 ขนาด 40 มล.,NULL,NULL,ขย.9,NULL,เบ็ดเตล็ด,,,ขวด,8851826062442,100,NULL,FALSE,FALSE,NULL,,,NULL,NULL,NULL,NULL,NULL,NULL,1,NULL
4472,1,101373,มิ้ลกี้โลชั่นาทกันยุง ก.ย.15 ขนาด 8 กรัม (กลิ่นเฟรช),NULL,NULL,ขย.9,NULL,เบ็ดเตล็ด,,,ซอง,8851826063111,100,NULL,FALSE,FALSE,NULL,,,NULL,NULL,NULL,NULL,NULL,NULL,1,NULL
4473,1,101374,มิ้ลกี้โลชั่นาทกันยุง ก.ย.15 ขนาด 8 กรัม (กลิ่นลาเวนเดอร์),NULL,NULL,ขย.9,NULL,เบ็ดเตล็ด,,,ซอง,8851826069113,100,NULL,FALSE,FALSE,NULL,,,NULL,NULL,NULL,NULL,NULL,NULL,1,NULL
4474,1,101375,เมอร์ซี่ สเปรย์กันยุง กลิ่นเฟรช 70 มล.,NULL,NULL,ขย.9,NULL,เบ็ดเตล็ด,,,ขวด,8851736888446,100,NULL,FALSE,FALSE,NULL,,,NULL,NULL,NULL,NULL,NULL,NULL,1,NULL
4475,1,101376,เมอร์ซี่ สเปรย์กันยุง กลิ่นฟลอร่า 70 มล.,NULL,NULL,ขย.9,NULL,เบ็ดเตล็ด,,,ขวด,8851736888545,100,NULL,FALSE,FALSE,NULL,,,NULL,NULL,NULL,NULL,NULL,NULL,1,NULL
4476,1,101377,ซอฟเฟล โลชั่นทากันยุง กลิ่นฟลอร่า 60 มล.,NULL,NULL,ขย.9,NULL,เบ็ดเตล็ด,,,ขวด,8992772065023,100,NULL,FALSE,FALSE,NULL,,,NULL,NULL,NULL,NULL,NULL,NULL,1,NULL
4477,1,101378,ซอฟเฟล โลชั่นทากันยุง กลิ่นเฟรช 60 มล.,NULL,NULL,ขย.9,NULL,เบ็ดเตล็ด,,,ขวด,8992772065085,100,NULL,FALSE,FALSE,NULL,,,NULL,NULL,NULL,NULL,NULL,NULL,1,NULL
4478,1,101379,ซอฟเฟล สเปรย์กันยุง กลิ่นฟลอร่า 30 มล.,NULL,NULL,ขย.9,NULL,เบ็ดเตล็ด,,,ขวด,8992772065122,100,NULL,FALSE,FALSE,NULL,,,NULL,NULL,NULL,NULL,NULL,NULL,1,NULL
4479,1,101380,ซอฟเฟล สเปรย์กันยุง กลิ่นเฟรช 30 มล.,NULL,NULL,ขย.9,NULL,เบ็ดเตล็ด,,,ขวด,8992772065146,100,NULL,FALSE,FALSE,NULL,,,NULL,NULL,NULL,NULL,NULL,NULL,1,NULL
4480,1,101381,ซอฟเฟล สเปรย์กันยุง กลิ่นเฟรช 80 มล.,NULL,NULL,ขย.9,NULL,เบ็ดเตล็ด,,,ขวด,8992772065184,100,NULL,FALSE,FALSE,NULL,,,NULL,NULL,NULL,NULL,NULL,NULL,1,NULL
4481,1,101382,จอห์นสัน เบบี้-แชมพู 200 มล.,NULL,NULL,ขย.9,NULL,ผลิตภัณท์เด็ก,,,ขวด,9556006000250,100,NULL,FALSE,FALSE,NULL,,,NULL,NULL,NULL,NULL,NULL,NULL,1,NULL
4482,1,101383,จอห์นสัน ท็อปทูโท เบบี้ บาธ 200 มล.,NIFUROXAZIDE,ANTIDIARRHOEALS,ขย.9,NULL,ผลิตภัณท์เด็ก,,,ขวด,9556006012093,100,NULL,FALSE,FALSE,NULL,,,70,NULL,NULL,NULL,NULL,NULL,1,NULL
4483,1,101384,จอห์นสัน เบบี้ ออยล์ 125 มล.,NULL,NULL,ขย.9,NULL,ผลิตภัณท์เด็ก,,,ขวด,4801010501312,100,NULL,FALSE,FALSE,NULL,,,NULL,NULL,NULL,NULL,NULL,NULL,1,NULL
4484,1,101385,จอห์นสัน เบบี้ ออยล์ 50 มล.,NULL,NULL,ขย.9,NULL,ผลิตภัณท์เด็ก,,,ขวด,8850007060314,100,NULL,FALSE,FALSE,NULL,,,NULL,NULL,NULL,NULL,NULL,NULL,1,NULL
4485,1,101386,hypodermic syringe 10 CC,NULL,NULL,ขย.9,NULL,อุปกรณ์ทางการแพทย์,,,อัน,1392,100,NULL,FALSE,FALSE,NULL,,,NULL,NULL,NULL,NULL,NULL,NULL,1,NULL
4486,1,101387,hypodermic syringe 20 CC,NULL,NULL,ขย.9,NULL,อุปกรณ์ทางการแพทย์,,,อัน,1393,100,NULL,FALSE,FALSE,NULL,,,NULL,NULL,NULL,NULL,NULL,NULL,1,NULL
4487,1,101388,hypodermic syringe 50 CC,NULL,NULL,ขย.9,NULL,อุปกรณ์ทางการแพทย์,,,อัน,8858907400841,100,NULL,FALSE,FALSE,NULL,,,NULL,NULL,NULL,NULL,NULL,NULL,1,NULL
4488,1,101389,Terumo u-100 insulin 1ml No.29'',NULL,NULL,ขย.9,NULL,อุปกรณ์ทางการแพทย์,,,ชิ้น,101389,100,NULL,FALSE,FALSE,NULL,,,NULL,NULL,NULL,NULL,NULL,NULL,1,NULL
4489,1,101390,NIPRO scalp vein set 24G*19mm,NULL,NULL,ขย.9,NULL,อุปกรณ์ทางการแพทย์,,,ชิ้น,9851939600752,100,NULL,FALSE,FALSE,NULL,,,NULL,NULL,NULL,NULL,NULL,NULL,1,NULL
4490,1,101391,NIPRO needle No.18'',NULL,NULL,ขย.9,NULL,อุปกรณ์ทางการแพทย์,,,ชิ้น,8858939600387,100,NULL,FALSE,FALSE,NULL,,,NULL,NULL,NULL,NULL,NULL,NULL,1,NULL
4491,1,101392,NIPRO needle No.24'',NULL,NULL,ขย.9,NULL,อุปกรณ์ทางการแพทย์,,,ชิ้น,8858939600516,100,NULL,FALSE,FALSE,NULL,,,NULL,NULL,NULL,NULL,NULL,NULL,1,NULL
4492,1,101393,NIPRO needle No.25'',NULL,NULL,ขย.9,NULL,อุปกรณ์ทางการแพทย์,,,ชิ้น,8858939600554,100,NULL,FALSE,FALSE,NULL,,,NULL,NULL,NULL,NULL,NULL,NULL,1,NULL
4493,1,101394,NIPRO needle No.26'',NULL,NULL,ขย.9,NULL,อุปกรณ์ทางการแพทย์,,,ชิ้น,8858939600578,100,NULL,FALSE,FALSE,NULL,,,NULL,NULL,NULL,NULL,NULL,NULL,1,NULL
4494,1,101395,NIPRO needle No.27'',NULL,NULL,ขย.9,NULL,อุปกรณ์ทางการแพทย์,,,ชิ้น,8858939600608,100,NULL,FALSE,FALSE,NULL,,,NULL,NULL,NULL,NULL,NULL,NULL,1,NULL
4495,1,101396,NIPRO needle IV catheter No.24''G3/4,NULL,NULL,ขย.9,NULL,อุปกรณ์ทางการแพทย์,,,ชิ้น,8858939600837,100,NULL,FALSE,FALSE,NULL,,,NULL,NULL,NULL,NULL,NULL,NULL,1,NULL
4496,1,101397,กอเอี๊ยะแปะฝี ตราแมวกงจักร์ 4 ชิ้น/ซอง,NULL,NULL,ขย.9,NULL,อุปกรณ์ทางการแพทย์,,,ซอง,1403,100,NULL,FALSE,FALSE,NULL,,,NULL,NULL,NULL,NULL,NULL,NULL,1,NULL
4497,1,101398,NIPRO syring 3 ml,NULL,NULL,ขย.9,NULL,อุปกรณ์ทางการแพทย์,,,ชิ้น,8858939602992,100,NULL,FALSE,FALSE,NULL,,,NULL,NULL,NULL,NULL,NULL,NULL,1,NULL
4498,1,101399,NIPRO syring 5 ml,NULL,NULL,ขย.9,NULL,อุปกรณ์ทางการแพทย์,,,ชิ้น,,100,NULL,FALSE,FALSE,NULL,,,NULL,NULL,NULL,NULL,NULL,NULL,1,NULL
4499,1,101400,NIPRO syring 10 ml,NULL,NULL,ขย.9,NULL,อุปกรณ์ทางการแพทย์,,,ชิ้น,101400,100,NULL,FALSE,FALSE,NULL,,,NULL,NULL,NULL,NULL,NULL,NULL,1,NULL
4500,1,101401,NIPRO syring 20 ml,NULL,NULL,ขย.9,NULL,อุปกรณ์ทางการแพทย์,,,ชิ้น,,100,NULL,FALSE,FALSE,NULL,,,NULL,NULL,NULL,NULL,NULL,NULL,1,NULL
4501,1,101402,NIPRO syring 50 ml หัวสั้น,NULL,NULL,ขย.9,NULL,อุปกรณ์ทางการแพทย์,,,ชิ้น,8858939601391,100,NULL,FALSE,FALSE,NULL,,,NULL,NULL,NULL,NULL,NULL,NULL,1,NULL
4502,1,101403,อุปกรณ์ประคบเย็นและร้อน รุ่น CSI-CH-II 300,NULL,NULL,ขย.9,NULL,อุปกรณ์ทางการแพทย์,,,กล่อง,8859255100957,100,NULL,FALSE,FALSE,NULL,,,NULL,NULL,NULL,NULL,NULL,NULL,1,NULL
4503,1,101404,3เอ็ม เน็กซ์แคร์ อุปกรณ์ประคบเย็นและร้อน ไซต์ M,NULL,NULL,ขย.9,NULL,อุปกรณ์ทางการแพทย์,,,กล่อง,8850304015079,100,NULL,FALSE,FALSE,NULL,,,0,0,0,0,0,0,,/uploads/101404_1.jpg
4504,1,101405,ทีแคร์ มินิ อุปรณ์ประคบร้อนและเย็น,NULL,NULL,ขย.9,NULL,อุปกรณ์ทางการแพทย์,,,กล่อง,8850858008145,100,NULL,FALSE,FALSE,NULL,,,NULL,NULL,NULL,NULL,NULL,NULL,1,NULL
4505,1,101406,เอ็กซ์เตอร์ เจลประคบเย็นร้อน 350 กรัม,NULL,NULL,ขย.9,NULL,อุปกรณ์ทางการแพทย์,,,กล่อง,8852713251178,100,NULL,FALSE,FALSE,NULL,,,NULL,NULL,NULL,NULL,NULL,NULL,1,NULL
4506,1,101407,100% silicone stomach tube,NULL,NULL,ขย.9,NULL,อุปกรณ์ทางการแพทย์,,,ชิ้น,331410,100,NULL,FALSE,FALSE,NULL,,,NULL,NULL,NULL,NULL,NULL,NULL,1,NULL
4507,1,101408,ชามรูปไต พลาสติก 6 นิ้ว,NULL,NULL,ขย.9,NULL,อุปกรณ์ทางการแพทย์,,,ใบ,331674,100,NULL,FALSE,FALSE,NULL,,,NULL,NULL,NULL,NULL,NULL,NULL,1,NULL
4508,1,101409,beautiful eye mask hot&cold,NULL,NULL,ขย.9,NULL,อุปกรณ์ทางการแพทย์,,,ชิ้น,9300807032152,100,NULL,FALSE,FALSE,NULL,,,NULL,NULL,NULL,NULL,NULL,NULL,1,NULL
4509,1,101410,3%ไฮโดรเจน เพอร์ออกไซต์ ศิริบัญชา 60 ซีซี,NULL,NULL,ขย.9,NULL,อุปกรณ์ทางการแพทย์,,,ขวด,8851124230604,100,NULL,FALSE,FALSE,NULL,,,NULL,NULL,NULL,NULL,NULL,NULL,1,NULL
4510,1,101411,3%ไฮโดรเจน เพอร์ออกไซต์ ศิริบัญชา 450 ซีซี,NULL,NULL,ขย.9,NULL,อุปกรณ์ทางการแพทย์,,,ขวด,8851124234503,100,NULL,FALSE,FALSE,NULL,,,NULL,NULL,NULL,NULL,NULL,NULL,1,NULL
4511,1,101412,3%ไฮโดรเจน เพอร์ออกไซต์ ศิริบัญชา 30 ซีซี,NULL,NULL,ขย.9,NULL,อุปกรณ์ทางการแพทย์,,,ขวด,8851124230307,100,NULL,FALSE,FALSE,NULL,,,NULL,NULL,NULL,NULL,NULL,NULL,1,NULL
4512,1,101413,ไฮโดรเย่น เพอร์อ๊อกไซด์ วิทยาศรม 60 ซีซี,NULL,NULL,ขย.9,NULL,อุปกรณ์ทางการแพทย์,,,ขวด,8850075013601,100,NULL,FALSE,FALSE,NULL,,,NULL,NULL,NULL,NULL,NULL,NULL,1,NULL
4513,1,101414,แอมโมเนียหอม วิทยาศรม 30 ซีซี,NULL,NULL,ขย.9,NULL,อุปกรณ์ทางการแพทย์,,,ขวด,8850075012901,100,NULL,FALSE,FALSE,NULL,,,NULL,NULL,NULL,NULL,NULL,NULL,1,NULL
4514,1,101415,ด่างทับทิม แสงสว่างตราค้างคาว 10 กรัม,ACETYLCYSTEINE,MOUTH/THROAT PREPARATIONS,ขย.9,NULL,อุปกรณ์ทางการแพทย์,,,กระปุก,8853287001503,100,NULL,FALSE,FALSE,NULL,,,18,NULL,NULL,NULL,NULL,NULL,1,NULL
4515,1,101416,ด่างทับทิม ตรามงกุฎพญานาคคู่ 400 กรัม,NULL,NULL,ขย.9,NULL,อุปกรณ์ทางการแพทย์,,,กระปุก,8851124224313,100,NULL,FALSE,FALSE,NULL,,,NULL,NULL,NULL,NULL,NULL,NULL,1,NULL
4516,1,101417,2%ยาแดง วิทยาศรม 15 ซีซี,MERBROMIN,NULL,ขย.9,NULL,อุปกรณ์ทางการแพทย์,,,ขวด,8850075007402,100,NULL,FALSE,FALSE,NULL,,,NULL,NULL,NULL,NULL,NULL,NULL,1,NULL
4517,1,101418,2%ยาแดง วิทยาศรม 30 ซีซี,MERBROMIN,NULL,ขย.9,NULL,อุปกรณ์ทางการแพทย์,,,ขวด,8850075007501,100,NULL,FALSE,FALSE,NULL,,,NULL,NULL,NULL,NULL,NULL,NULL,1,NULL
4518,1,101419,2%ยาแดง วิทยาศรม 60 ซีซี,MERBROMIN,NULL,ขย.9,NULL,อุปกรณ์ทางการแพทย์,,,ขวด,8850075007600,100,NULL,FALSE,FALSE,NULL,,,NULL,NULL,NULL,NULL,NULL,NULL,1,NULL
4519,1,101420,2% ยาแดง สหการ 15 ซีซี,MERBROMIN,NULL,ขย.9,NULL,อุปกรณ์ทางการแพทย์,,,ขวด,8853428000242,100,NULL,FALSE,FALSE,NULL,,,NULL,NULL,NULL,NULL,NULL,NULL,1,NULL
4520,1,101421,1% โพวิดีน (ที.แมน) โซลูชั่น 30 ซีซี,POVIDONE-IODIDE,NULL,ขย.9,NULL,อุปกรณ์ทางการแพทย์,,,ขวด,8856513002350,100,NULL,FALSE,FALSE,NULL,,,NULL,NULL,NULL,NULL,NULL,NULL,1,NULL
4521,1,101422,1% เซพทิล 15 ซีซี,POVIDONE-IODIDE,NULL,ขย.9,NULL,อุปกรณ์ทางการแพทย์,,,ขวด,8851467043411,100,NULL,FALSE,FALSE,NULL,,,NULL,NULL,NULL,NULL,NULL,NULL,1,NULL
4522,1,101423,1% เพียวริดีน ศิริบัญชา 15 ซีซี,POVIDONE-IODIDE,NULL,ขย.9,NULL,อุปกรณ์ทางการแพทย์,,,ขวด,8851124150155,100,NULL,FALSE,FALSE,NULL,,,NULL,NULL,NULL,NULL,NULL,NULL,1,NULL
4523,1,101424,2% ทิงเจอร์ไอโอดีน 15 ซีซี,POVIDONE-IODIDE,NULL,ขย.9,NULL,อุปกรณ์ทางการแพทย์,,,ขวด,8850075019900,100,NULL,FALSE,FALSE,NULL,,,NULL,NULL,NULL,NULL,NULL,NULL,1,NULL
4524,1,101425,1% เบตาดีน โซลูชั่น 15 ซีซี,POVIDONE-IODIDE,NULL,ขย.9,NULL,อุปกรณ์ทางการแพทย์,,,ขวด,8850336100088,100,NULL,FALSE,FALSE,NULL,,,NULL,NULL,NULL,NULL,NULL,NULL,1,NULL
4525,1,101426,Betadine 1% โซลูชั่น 30 ซีซี,POVIDONE-IODIDE,NULL,ขย.9,NULL,อุปกรณ์ทางการแพทย์,,,ขวด,9314057022719,100,NULL,FALSE,FALSE,NULL,,,NULL,NULL,NULL,NULL,NULL,NULL,1,NULL
4526,1,101427,เบตาดีน พลาสเตอร์เจล 8 กรัม,NULL,NULL,ขย.9,NULL,อุปกรณ์ทางการแพทย์,,,ขวด,8859262301217,100,NULL,FALSE,FALSE,NULL,,,NULL,NULL,NULL,NULL,NULL,NULL,1,NULL
4527,1,101428,Betadine ointment 50g 10%,POVIDONE-IODIDE,NULL,ขย.9,NULL,อุปกรณ์ทางการแพทย์,,,กระปุก,9314057022788,100,NULL,FALSE,FALSE,NULL,,,NULL,NULL,NULL,NULL,NULL,NULL,1,NULL
4528,1,101429,1% เบตาดีน โซลูชั่น 500 ซีซี,POVIDONE-IODIDE,NULL,ขย.9,NULL,อุปกรณ์ทางการแพทย์,,,ขวด,8850336100170,100,NULL,FALSE,FALSE,NULL,,,NULL,NULL,NULL,NULL,NULL,NULL,1,NULL
4529,1,101430,1% เพียวริดีน ศิริบัญชา 450 ซีซี,POVIDONE-IODIDE,NULL,ขย.9,NULL,อุปกรณ์ทางการแพทย์,,,ขวด,8851124154504,100,NULL,FALSE,FALSE,NULL,,,NULL,NULL,NULL,NULL,NULL,NULL,1,NULL
4530,1,101431,1% โปลิดีน โซลูชั่น 30 ซีซี,POVIDONE-IODIDE,NULL,ขย.9,NULL,อุปกรณ์ทางการแพทย์,,,ขวด,8858022003729,100,NULL,FALSE,FALSE,NULL,,,NULL,NULL,NULL,NULL,NULL,NULL,1,NULL
4531,1,101432,70% แอลกอฮอล์ ศิริบัญชา 450 ซีซี,ETHYL ALCOHOL,NULL,ขย.9,NULL,อุปกรณ์ทางการแพทย์,,,ขวด,8851124104592,100,NULL,FALSE,FALSE,NULL,,,NULL,NULL,NULL,NULL,NULL,NULL,1,NULL
4532,1,101433,70% แอลกอฮอล์ ศิริบัญชา 180 ซีซี,ETHYL ALCOHOL,NULL,ขย.9,NULL,อุปกรณ์ทางการแพทย์,,,ขวด,8851124101805,100,NULL,FALSE,FALSE,NULL,,,NULL,NULL,NULL,NULL,NULL,NULL,1,NULL
4533,1,101434,70% แอลกอฮอล์ ศิริบัญชา 60 ซีซี,ETHYL ALCOHOL,NULL,ขย.9,NULL,อุปกรณ์ทางการแพทย์,,,ขวด,8851124100600,100,NULL,FALSE,FALSE,NULL,,,NULL,NULL,NULL,NULL,NULL,NULL,1,NULL
4534,1,101435,70% แอลกอฮอล์ ศิริบัญชา 30 ซีซี,ETHYL ALCOHOL,NULL,ขย.9,NULL,อุปกรณ์ทางการแพทย์,,,ขวด,8851124970302,100,NULL,FALSE,FALSE,NULL,,,NULL,NULL,NULL,NULL,NULL,NULL,1,NULL
4535,1,101436,70% แอลกอฮอล์ แอลซอฟฟ์ 450 ซีซี,ETHYL ALCOHOL,NULL,ขย.9,NULL,อุปกรณ์ทางการแพทย์,,,ขวด,8853042000536,100,NULL,FALSE,FALSE,NULL,,,NULL,NULL,NULL,NULL,NULL,NULL,1,NULL
4536,1,101437,70% แอลกอฮอล์ แอลซอฟฟ์ 60 ซีซี,ETHYL ALCOHOL,NULL,ขย.9,NULL,อุปกรณ์ทางการแพทย์,,,ขวด,8853042002011,100,NULL,FALSE,FALSE,NULL,,,NULL,NULL,NULL,NULL,NULL,NULL,1,NULL
4537,1,101438,70% แอลซอฟฟ์พิ้งค์ 450 ซีซี,ETHYL ALCOHOL,NULL,ขย.9,NULL,อุปกรณ์ทางการแพทย์,,,ขวด,8853042002103,100,NULL,FALSE,FALSE,NULL,,,59,NULL,NULL,NULL,NULL,NULL,1,NULL
4538,1,101439,สำลีชุบแอลกอฮอล์ 70% OREEX 10 ก้อน/แผง,ETHYL ALCOHOL,NULL,ขย.9,NULL,อุปกรณ์ทางการแพทย์,,,แผง,8858758200355,100,NULL,FALSE,FALSE,NULL,,,NULL,NULL,NULL,NULL,NULL,NULL,1,NULL
4539,1,101440,4% เฮ็กซีน สกิน คลีนเซอร์ 100 ซีซี,CHLORHEXIDINE,NULL,ขย.9,NULL,อุปกรณ์ทางการแพทย์,,,ขวด,8852535001203,100,NULL,FALSE,FALSE,NULL,,,NULL,NULL,NULL,NULL,NULL,NULL,1,NULL
4540,1,101441,4% เฮ็กซีน สกิน คลีนเซอร์ 500 ซีซี,CHLORHEXIDINE,NULL,ขย.9,NULL,อุปกรณ์ทางการแพทย์,,,ขวด,8852535001197,100,NULL,FALSE,FALSE,NULL,,,NULL,NULL,NULL,NULL,NULL,NULL,1,NULL
4541,1,101442,เดทตอล น้ำยาฆ่าเชื้อโรค 1000 ซีซี,NULL,NULL,ขย.9,NULL,อุปกรณ์ทางการแพทย์,,,ขวด,8850360034106,100,NULL,FALSE,FALSE,NULL,,,NULL,NULL,NULL,NULL,NULL,NULL,1,NULL
4542,1,101443,เดทตอล น้ำยาฆ่าเชื้อโรค 750 ซีซี,NULL,NULL,ขย.9,NULL,อุปกรณ์ทางการแพทย์,,,ขวด,8850360021052,100,NULL,FALSE,FALSE,NULL,,,NULL,NULL,NULL,NULL,NULL,NULL,1,NULL
4543,1,101444,เดทตอล น้ำยาฆ่าเชื้อโรค 250 ซีซี,NULL,NULL,ขย.9,NULL,อุปกรณ์ทางการแพทย์,,,ขวด,8850360021038,100,NULL,FALSE,FALSE,NULL,,,NULL,NULL,NULL,NULL,NULL,NULL,1,NULL
4544,1,101445,ถุงใส่อาหาร TCP 500 ml,NULL,NULL,ขย.9,NULL,อุปกรณ์ทางการแพทย์,,,ชิ้น,8859503300023,100,NULL,FALSE,FALSE,NULL,,,NULL,NULL,NULL,NULL,NULL,NULL,1,NULL
4545,1,101446,ถุงใส่อาหาร Nuiri-BAG 500  ml,NULL,NULL,ขย.9,NULL,อุปกรณ์ทางการแพทย์,,,ชิ้น,8859304911251,100,NULL,FALSE,FALSE,NULL,,,NULL,NULL,NULL,NULL,NULL,NULL,1,NULL
4546,1,101447,Nutri Line-B 1set,NULL,NULL,ขย.9,NULL,อุปกรณ์ทางการแพทย์,,,ชิ้น,8859304911091,100,NULL,FALSE,FALSE,NULL,,,NULL,NULL,NULL,NULL,NULL,NULL,1,NULL
4547,1,101448,สายน้ำเกลือ I.V. set needle 21G*11/2'',NULL,NULL,ขย.9,NULL,อุปกรณ์ทางการแพทย์,,,ชิ้น,8859095901622,100,NULL,FALSE,FALSE,NULL,,,NULL,NULL,NULL,NULL,NULL,NULL,1,NULL
4548,1,101449,สายให้อาหาร TCP nutriline+C,NULL,NULL,ขย.9,NULL,อุปกรณ์ทางการแพทย์,,,ชิ้น,8859503300030,100,NULL,FALSE,FALSE,NULL,,,NULL,NULL,NULL,NULL,NULL,NULL,1,NULL
4549,1,101450,urine bag MB medical 2000 ml,NULL,NULL,ขย.9,NULL,อุปกรณ์ทางการแพทย์,,,ชิ้น,1456,100,NULL,FALSE,FALSE,NULL,,,NULL,NULL,NULL,NULL,NULL,NULL,1,NULL
4550,1,101451,ฺnss 0.9% NaCl 5 ml,NULL,NULL,ขย.9,NULL,อุปกรณ์ทางการแพทย์,,,ชิ้น,1457,100,NULL,FALSE,FALSE,NULL,,,NULL,NULL,NULL,NULL,NULL,NULL,1,NULL
4551,1,101452,NSS 0.9% NaCl ABC lab. 500 ml (drip IV),NULL,NULL,ขย.9,NULL,อุปกรณ์ทางการแพทย์,,,bag,8854060001277,100,NULL,FALSE,FALSE,NULL,,,NULL,NULL,NULL,NULL,NULL,NULL,1,NULL
4552,1,101453,NSS 0.9% NaCl ABC lab. 100 ml (drip IV),NULL,NULL,ขย.9,NULL,อุปกรณ์ทางการแพทย์,,,bag,8854060001697,100,NULL,FALSE,FALSE,NULL,,,NULL,NULL,NULL,NULL,NULL,NULL,1,NULL
4553,1,101455,Klean&Kare NSS 0.9% น้ำเกลือ 1000 ml จุกแหลม,NULL,NULL,ขย.9,NULL,อุปกรณ์ทางการแพทย์,,,ขวด,8854060615030,100,NULL,FALSE,FALSE,NULL,,,NULL,NULL,NULL,NULL,NULL,NULL,1,NULL
4554,1,101456,0.9% NaCl klean&kare 100 ml,NULL,NULL,ขย.9,NULL,อุปกรณ์ทางการแพทย์,,,ขวด,8854060615016,100,NULL,FALSE,FALSE,NULL,,,NULL,NULL,NULL,NULL,NULL,NULL,1,NULL
4555,1,101457,0.9% sofclens NSS 1000 ml,NULL,NULL,ขย.9,NULL,อุปกรณ์ทางการแพทย์,,,ขวด,8851473001030,100,NULL,FALSE,FALSE,NULL,,,NULL,NULL,NULL,NULL,NULL,NULL,1,NULL
4556,1,101458,0.9% sofclens NSS 100 ml,NULL,NULL,ขย.9,NULL,อุปกรณ์ทางการแพทย์,,,ขวด,8851473001016,100,NULL,FALSE,FALSE,NULL,,,NULL,NULL,NULL,NULL,NULL,NULL,1,NULL
4557,1,101459,หน้ากากอนามัย 3 ชั้น สำหรับเด็ก (4-15ปี) บ.แม็กดีซีน 50 ชิ้น,NULL,NULL,ขย.9,NULL,อุปกรณ์ทางการแพทย์,,,กล่อง,8858924041454,100,NULL,FALSE,FALSE,NULL,,,NULL,NULL,NULL,NULL,NULL,NULL,1,NULL
4558,1,101460,หน้ากากอนามัยเด็ก 3 ชั้น klean mask 50 ชิ้น (สีขาว),NULL,NULL,ขย.9,NULL,อุปกรณ์ทางการแพทย์,,,กล่อง,8859095901660,100,NULL,FALSE,FALSE,NULL,,,NULL,NULL,NULL,NULL,NULL,NULL,1,NULL
4559,1,101461,หน้ากากอนามัยผู้ใหญ่ 3 ชั้น klean mask 50 ชิ้น (สีดำ),NULL,NULL,ขย.9,NULL,อุปกรณ์ทางการแพทย์,,,กล่อง,8859095901424,100,NULL,FALSE,FALSE,NULL,,,NULL,NULL,NULL,NULL,NULL,NULL,1,NULL
4560,1,101462,หน้ากากอนามัยผู้ใหญ่ 3M medical mask 50 ชิ้น (สีเขียว),NULL,NULL,ขย.9,NULL,อุปกรณ์ทางการแพทย์,,,กล่อง,8850304219811,100,NULL,FALSE,FALSE,NULL,,,NULL,NULL,NULL,NULL,NULL,NULL,1,NULL
4561,1,101463,หน้ากากอนามัย ผู้ใหญ่ เอ็กซ์แมส 50 ชิ้น (สีเขียว),NULL,NULL,ขย.9,NULL,อุปกรณ์ทางการแพทย์,,,กล่อง,8857125541398,100,NULL,FALSE,FALSE,NULL,,,NULL,NULL,NULL,NULL,NULL,NULL,1,NULL
4562,1,101464,กระดาษม้วนเกรซ รุ่นยาวพิเศษ 6ม้วน/แพ็ค,NULL,NULL,ขย.9,NULL,"สำลี, กระดาษทิชชู",,,แพ็ค,8858678494063,100,NULL,FALSE,FALSE,NULL,,,NULL,NULL,NULL,NULL,NULL,NULL,1,NULL
4563,1,101465,สำลีแผ่น ตรารถพยาบาล 50 กรัม,NULL,NULL,ขย.9,NULL,"สำลี, กระดาษทิชชู",,,ห่อ,8850185002618,100,NULL,FALSE,FALSE,NULL,,,NULL,NULL,NULL,NULL,NULL,NULL,1,NULL
4564,1,101466,สำลีก้อน ตรารถพยาบาล 40 กรัม (0.5กรัม/ก้อน),NULL,NULL,ขย.9,NULL,"สำลี, กระดาษทิชชู",,,ห่อ,8850185002571,100,NULL,FALSE,FALSE,NULL,,,NULL,NULL,NULL,NULL,NULL,NULL,1,NULL
4565,1,101467,สำลีก้อน ตรารถพยาบาล 450 กรัม (1.4กรัม/ก้อน),NULL,NULL,ขย.9,NULL,"สำลี, กระดาษทิชชู",,,ห่อ,8850185000478,100,NULL,FALSE,FALSE,NULL,,,NULL,NULL,NULL,NULL,NULL,NULL,1,NULL
4566,1,101468,สำลีแผ่น (รีดข้าง) ตรารถพยาบาล 50 กรัม,NULL,NULL,ขย.9,NULL,"สำลี, กระดาษทิชชู",,,ห่อ,8850185002649,100,NULL,FALSE,FALSE,NULL,,,NULL,NULL,NULL,NULL,NULL,NULL,1,NULL
4567,1,101469,สำลีแผ่นใหญ 4*4ตรารถพยาบาล 450 กรัม,NULL,NULL,ขย.9,NULL,"สำลี, กระดาษทิชชู",,,ห่อ,8850185001277,100,NULL,FALSE,FALSE,NULL,,,NULL,NULL,NULL,NULL,NULL,NULL,1,NULL
4568,1,101470,สำลีม้วน ตรารถพยาบาล 450 กรัม,NULL,NULL,ขย.9,NULL,"สำลี, กระดาษทิชชู",,,ห่อ,8850185000485,100,NULL,FALSE,FALSE,NULL,,,NULL,NULL,NULL,NULL,NULL,NULL,1,NULL
4569,1,101471,สำลีม้วน ตรารถพยาบาล 80 กรัม,NULL,NULL,ขย.9,NULL,"สำลี, กระดาษทิชชู",,,ห่อ,8850185002663,100,NULL,FALSE,FALSE,NULL,,,NULL,NULL,NULL,NULL,NULL,NULL,1,NULL
4570,1,101472,สำลีม้วน ตรารถพยาบาล 25 กรัม,NULL,NULL,ขย.9,NULL,"สำลี, กระดาษทิชชู",,,ห่อ,8850185002656,100,NULL,FALSE,FALSE,NULL,,,NULL,NULL,NULL,NULL,NULL,NULL,1,NULL
4571,1,101473,สำลีม้วน ตรา นางพยาบาล 25 กรัม,NULL,NULL,ขย.9,NULL,"สำลี, กระดาษทิชชู",,,ห่อ,8857123748027,100,NULL,FALSE,FALSE,NULL,,,NULL,NULL,NULL,NULL,NULL,NULL,1,NULL
4572,1,101474,สำลีก้าน dual cosmetic buds ตรารถพยาบาล 22 กรัม/100 ก้าน,NULL,NULL,ขย.9,NULL,"สำลี, กระดาษทิชชู",,,กระปุก,8850185001413,100,NULL,FALSE,FALSE,NULL,,,NULL,NULL,NULL,NULL,NULL,NULL,1,NULL
4573,1,101475,สำลีก้าน ตรารถพยาบาล 100 ก้าน,NULL,NULL,ขย.9,NULL,"สำลี, กระดาษทิชชู",,,ห่อ,8850185002601,100,NULL,FALSE,FALSE,NULL,,,NULL,NULL,NULL,NULL,NULL,NULL,1,NULL
4574,1,101476,สำลีก้าน บ.สหธารา 100 ก้าน,NULL,NULL,ขย.9,NULL,"สำลี, กระดาษทิชชู",,,ห่อ,8854536000643,100,NULL,FALSE,FALSE,NULL,,,NULL,NULL,NULL,NULL,NULL,NULL,1,NULL
4575,1,101477,ดูดูเลิฟ สำลีก้านกระดาษ ชนิดหัวเล็ก 2 หัว (200 ก้าน),NULL,NULL,ขย.9,NULL,"สำลี, กระดาษทิชชู",,,กระปุก,245578,100,NULL,FALSE,FALSE,NULL,,,NULL,NULL,NULL,NULL,NULL,NULL,1,NULL
4576,1,101478,ไซริงค์บอล เบอร์ 2 ขนาด 45 ซีซี,NULL,NULL,ขย.9,NULL,อุปกรณ์ทางการแพทย์,,,ชิ้น,8854536000124,100,NULL,FALSE,FALSE,NULL,,,NULL,NULL,NULL,NULL,NULL,NULL,1,NULL
4577,1,101479,ไซริงค์บอล เบอร์ 3 ขนาด 65 ซีซี,NULL,NULL,ขย.9,NULL,อุปกรณ์ทางการแพทย์,,,ชิ้น,8854536000131,100,NULL,FALSE,FALSE,NULL,,,NULL,NULL,NULL,NULL,NULL,NULL,1,NULL
4578,1,101480,ลูกยางดูด (หัวยาง) เด็กแรกเกิด,NULL,NULL,ขย.9,NULL,อุปกรณ์ทางการแพทย์,,,ชิ้น,8854536000360,100,NULL,FALSE,FALSE,NULL,,,NULL,NULL,NULL,NULL,NULL,NULL,1,NULL
4579,1,101481,นิซซี่ สเปรยื น้ำเกลือพ่นจมูก 18 ซีซี,NULL,NULL,ขย.9,NULL,อุปกรณ์ทางการแพทย์,,,กล่อง,8854060904059,100,NULL,FALSE,FALSE,NULL,,,NULL,NULL,NULL,NULL,NULL,NULL,1,NULL
4580,1,101482,คลีนแอนด์แคร์ นาซาลคิท ชุดอุปกรณ์ล้างจมูก,ACETYLCYSTEINE,MOUTH/THROAT PREPARATIONS,ขย.9,NULL,อุปกรณ์ทางการแพทย์,,,ชิ้น,8854060901034,100,NULL,FALSE,FALSE,NULL,,,40,NULL,NULL,NULL,NULL,NULL,1,NULL
4581,1,101483,จุกล้างจมูก คลีนแอนด์แคร์ บรรจุ 2 ชิ้น,NULL,NULL,ขย.9,NULL,อุปกรณ์ทางการแพทย์,,,อัน,8854060901010,100,NULL,FALSE,FALSE,NULL,,,NULL,NULL,NULL,NULL,NULL,NULL,1,NULL
4582,1,101484,ลองเทมปรอทวัดไข้ บรรจุ 1ชิ้น/กล่อง,NULL,NULL,ขย.9,NULL,อุปกรณ์ทางการแพทย์,,,กล่อง,8859095901301,100,NULL,FALSE,FALSE,NULL,,,NULL,NULL,NULL,NULL,NULL,NULL,1,NULL
4583,1,101485,แก้วตวงยา 30 ซีซี,NULL,NULL,ขย.9,NULL,อุปกรณ์ทางการแพทย์,,,ใบ,331395,100,NULL,FALSE,FALSE,NULL,,,NULL,NULL,NULL,NULL,NULL,NULL,1,NULL
4584,1,101486,แก้วตวงยาพลาสติก 30 ซีซี,NULL,NULL,ขย.9,NULL,อุปกรณ์ทางการแพทย์,,,ใบ,331396,100,NULL,FALSE,FALSE,NULL,,,NULL,NULL,NULL,NULL,NULL,NULL,1,NULL
4585,1,101487,โกร่งบดยา 9 cm,NULL,NULL,ขย.9,NULL,อุปกรณ์ทางการแพทย์,,,อัน,2344,100,NULL,FALSE,FALSE,NULL,,,NULL,NULL,NULL,NULL,NULL,NULL,1,NULL
4586,1,101488,โกร่งบดยา 7 cm,NULL,NULL,ขย.9,NULL,อุปกรณ์ทางการแพทย์,,,อัน,1494,100,NULL,FALSE,FALSE,NULL,,,NULL,NULL,NULL,NULL,NULL,NULL,1,NULL
4587,1,101489,Nexcare โคแบน เทปพันยืดหยุ่นได้  1นิ้ว/5หลา/ม้วน,NULL,NULL,ขย.9,NULL,อุปกรณ์ทางการแพทย์,,,ม้วน,8850304070993,100,NULL,FALSE,FALSE,NULL,,,NULL,NULL,NULL,NULL,NULL,NULL,1,NULL
4588,1,101490,เอ็น-เซ่น เฟิร์สแบนด์ ขนาด 1 นิ้ว,NULL,NULL,ขย.9,NULL,อุปกรณ์ทางการแพทย์,,,ม้วน,8855107000925,100,NULL,FALSE,FALSE,NULL,,,NULL,NULL,NULL,NULL,NULL,NULL,1,NULL
4589,1,101491,เอ็น-เซ่น เฟิร์สแบนด์ ขนาด 3 นิ้ว,NULL,NULL,ขย.9,NULL,อุปกรณ์ทางการแพทย์,,,ม้วน,8855107000895,100,NULL,FALSE,FALSE,NULL,,,NULL,NULL,NULL,NULL,NULL,NULL,1,NULL
4590,1,101492,ฮาชชิ พลัส ชุดอุปกรณ์ล้างจมูก 1.7กรัม*15 ซอง,ACETYLCYSTEINE,DECONGESTANTS & OTHER NASAL PR,ขย.9,NULL,อุปกรณ์ทางการแพทย์,,,กล่อง,8855107000802,100,NULL,FALSE,FALSE,NULL,,,229,NULL,NULL,NULL,NULL,NULL,1,NULL
4591,1,101493,ฮาชชิ เกลือล้างจมูก สูตรออริจินอล 2.8กรัม*30ซอง,NULL,NULL,ขย.9,NULL,อุปกรณ์ทางการแพทย์,,,กล่อง,8855107000819,100,NULL,FALSE,FALSE,NULL,,,NULL,NULL,NULL,NULL,NULL,NULL,1,NULL
4592,1,101494,ฮาชชิ เกลือล้างจมูก สูตรอ่อนโยน 1.7กรัม*30ซอง,NULL,NULL,ขย.9,NULL,อุปกรณ์ทางการแพทย์,,,กล่อง,8855107000949,100,NULL,FALSE,FALSE,NULL,,,NULL,NULL,NULL,NULL,NULL,NULL,1,NULL
4593,1,101495,ถุงมือการแพทย์ ซาโตรี่ ไซต์ M 100ชิ้น/กล่อง ไม่มีแป้ง,NULL,NULL,ขย.9,NULL,อุปกรณ์ทางการแพทย์,,,กล่อง,8859130618935,100,NULL,FALSE,FALSE,NULL,,,NULL,NULL,NULL,NULL,NULL,NULL,1,NULL
4594,1,101496,ถุงมือการแพทย์ ไฮแคร์  แบบมีแป้ง Size.M 100 ชิ้น,NULL,NULL,ขย.9,NULL,อุปกรณ์ทางการแพทย์,,,กล่อง,8859701400297,100,NULL,FALSE,FALSE,NULL,,,NULL,NULL,NULL,NULL,NULL,NULL,1,NULL
4595,1,101497,ถุงมือ คลีนโกรฟ ไนโตรสังเคาระห์ สีดำ ไซต์ M 100ชิ้น/กล่อง,NULL,NULL,ขย.9,NULL,อุปกรณ์ทางการแพทย์,,,กล่อง,8859095903015,100,NULL,FALSE,FALSE,NULL,,,NULL,NULL,NULL,NULL,NULL,NULL,1,NULL
4596,1,101498,ถุงมือ คลีนโกรฟ ไนโตรสังเคาระห์ สีดำ ไซต์ L 100ชิ้น/กล่อง,NULL,NULL,ขย.9,NULL,อุปกรณ์ทางการแพทย์,,,กล่อง,8859095903039,100,NULL,FALSE,FALSE,NULL,,,NULL,NULL,NULL,NULL,NULL,NULL,1,NULL
4597,1,101499,ถุงมือการแพทย์ ซาโตรี่ ไซต์ L100ชิ้น/กล่อง ไมีมีแป้ง,NULL,NULL,ขย.9,NULL,อุปกรณ์ทางการแพทย์,,,กล่อง,8859130618942,100,NULL,FALSE,FALSE,NULL,,,NULL,NULL,NULL,NULL,NULL,NULL,1,NULL
4598,1,101500,ถุงมือฆ่าเชื้อ ศรีตรังโกลฟส์ ไซต์ S 50คู่/กล่อง,NULL,NULL,ขย.9,NULL,อุปกรณ์ทางการแพทย์,,,กล่อง,8859130619215,100,NULL,FALSE,FALSE,NULL,,,NULL,NULL,NULL,NULL,NULL,NULL,1,NULL
4599,1,101501,ผ้าก๊อซม้วน 6 นิ้ว ฟาร์มาฮอฟ,NULL,NULL,ขย.9,NULL,อุปกรณ์ทางการแพทย์,,,ม้วน,332091,100,NULL,FALSE,FALSE,NULL,,,NULL,NULL,NULL,NULL,NULL,NULL,1,NULL
4600,1,101502,ไทเกอร์พล๊าส พลาสติกสีเนื้อ 10แผ่น/ซอง,NULL,NULL,ขย.9,NULL,อุปกรณ์ทางการแพทย์,,,ซอง,8850672330019,100,NULL,FALSE,FALSE,NULL,,,NULL,NULL,NULL,NULL,NULL,NULL,1,NULL
4601,1,101503,ไรโนพอร์ 1นิ้ว*5หลา/ม้วน,NULL,NULL,ขย.9,NULL,อุปกรณ์ทางการแพทย์,,,ม้วน,108858419008973,100,NULL,FALSE,FALSE,NULL,,,NULL,NULL,NULL,NULL,NULL,NULL,1,NULL
4602,1,101504,นีโอเทป 1นิ้ว*5หลา/ม้วน,NULL,NULL,ขย.9,NULL,อุปกรณ์ทางการแพทย์,,,ม้วน,8850304082439,100,NULL,FALSE,FALSE,NULL,,,NULL,NULL,NULL,NULL,NULL,NULL,1,NULL
4603,1,101505,3M NexcareMicropore 1/2นิ้ว*10หลา/ม้วน,NULL,NULL,ขย.9,NULL,อุปกรณ์ทางการแพทย์,,,ม้วน,8850304013204,100,NULL,FALSE,FALSE,NULL,,,NULL,NULL,NULL,NULL,NULL,NULL,1,NULL
4604,1,101506,SOS TR3 เทปแต่งแผล ชนิดใส 1นิ้ว*10หลา/ม้วน,NULL,NULL,ขย.9,NULL,อุปกรณ์ทางการแพทย์,,,ม้วน,8857122406744,100,NULL,FALSE,FALSE,NULL,,,NULL,NULL,NULL,NULL,NULL,NULL,1,NULL
4605,1,101507,SOS TR1 เทปแต่งแผล ชนิดใส 1/2นิ้ว*10หลา/ม้วน,ACETYLCYSTEINE,MOUTH/THROAT PREPARATIONS,ขย.9,NULL,อุปกรณ์ทางการแพทย์,,,ม้วน,8857122406768,100,NULL,FALSE,FALSE,NULL,,,NULL,NULL,NULL,NULL,NULL,NULL,1,NULL
4606,1,101508,SOS PR2 เทปแต่งแผล ชนิดเยื่อกระดาษ 1นิ้ว*10หลา/ม้วน,NULL,NULL,ขย.9,NULL,อุปกรณ์ทางการแพทย์,,,ม้วน,8857122406386,100,NULL,FALSE,FALSE,NULL,,,NULL,NULL,NULL,NULL,NULL,NULL,1,NULL
4607,1,101509,SOS PR1 เทปแต่งแผล ชนิดเยื่อกระดาษ 1/2นิ้ว*10หลา/ม้วน,NULL,NULL,ขย.9,NULL,อุปกรณ์ทางการแพทย์,,,ม้วน,8857122406720,100,NULL,FALSE,FALSE,NULL,,,NULL,NULL,NULL,NULL,NULL,NULL,1,NULL
4608,1,101510,ไทเกอร์พล๊าส ชนิดผ้ายืด 5 ชิ้น,NULL,NULL,ขย.9,NULL,อุปกรณ์ทางการแพทย์,,,ชิ้น,5747,100,NULL,FALSE,FALSE,NULL,,,NULL,NULL,NULL,NULL,NULL,NULL,1,NULL
4609,1,101511,ไทเกอร์พล๊าส ชนิดผ้ายืด 100 แผ่น/กล่อง,NULL,NULL,ขย.9,NULL,อุปกรณ์ทางการแพทย์,,,กล่อง,8850672230128,100,NULL,FALSE,FALSE,NULL,,,NULL,NULL,NULL,NULL,NULL,NULL,1,NULL
4610,1,101512,Rhinoplast  พลาสเตอร์ปิดแผล 100แผ่น/กล่อง,ACETYLCYSTEINE,DECONGESTANTS & OTHER NASAL PR,ขย.9,NULL,อุปกรณ์ทางการแพทย์,,,กล่อง,8858758202915,100,NULL,FALSE,FALSE,NULL,,,65,NULL,NULL,NULL,NULL,NULL,1,NULL
4611,1,101513,นีโอพลาสท์-เอส ผ้าปิดแผล 100แผ่น/กล่อง,NULL,NULL,ขย.9,NULL,อุปกรณ์ทางการแพทย์,,,กล่อง,8858467020084,100,NULL,FALSE,FALSE,NULL,,,NULL,NULL,NULL,NULL,NULL,NULL,1,NULL
4612,1,101514,Neoplast-S นีโอพลาสท์-เอส ผ้าปิดแผล 4ชิ้น/แผง,NULL,NULL,ขย.9,NULL,อุปกรณ์ทางการแพทย์,,,แผง,101514,100,NULL,FALSE,FALSE,NULL,,,NULL,NULL,NULL,NULL,NULL,NULL,1,NULL
4613,1,101515,เทนโซพล๊าสติค ใสสีเนื้อ 100ชิ้น/กล่อง,NULL,NULL,ขย.9,NULL,อุปกรณ์ทางการแพทย์,,,กล่อง,8850672310035,100,NULL,FALSE,FALSE,NULL,,,NULL,NULL,NULL,NULL,NULL,NULL,1,NULL
4614,1,101516,เทนโซพล๊าสติค ใสสีเนื้อ 5ชิ้น,NULL,NULL,ขย.9,NULL,อุปกรณ์ทางการแพทย์,,,ชิ้น,5635,100,NULL,FALSE,FALSE,NULL,,,NULL,NULL,NULL,NULL,NULL,NULL,1,NULL
4615,1,101517,เทนโซพล๊าสติค ใสการ์ตูน 5ชิ้น,NULL,NULL,ขย.9,NULL,อุปกรณ์ทางการแพทย์,,,ชิ้น,5736,100,NULL,FALSE,FALSE,NULL,,,NULL,NULL,NULL,NULL,NULL,NULL,1,NULL
4616,1,101518,comforming bandage 2'',NULL,NULL,ขย.9,NULL,อุปกรณ์ทางการแพทย์,,,ม้วน,8859095900106,100,NULL,FALSE,FALSE,NULL,,,NULL,NULL,NULL,NULL,NULL,NULL,1,NULL
4617,1,101519,comforming bandage 3'',NULL,NULL,ขย.9,NULL,อุปกรณ์ทางการแพทย์,,,ม้วน,8859095900113,100,NULL,FALSE,FALSE,NULL,,,NULL,NULL,NULL,NULL,NULL,NULL,1,NULL
4618,1,101520,comforming bandage 4'',NULL,NULL,ขย.9,NULL,อุปกรณ์ทางการแพทย์,,,ม้วน,8859095900250,100,NULL,FALSE,FALSE,NULL,,,NULL,NULL,NULL,NULL,NULL,NULL,1,NULL
4619,1,101521,คลีนก๊อช ลองเมด 3'',NULL,NULL,ขย.9,NULL,อุปกรณ์ทางการแพทย์,,,ห่อ,8859095900175,100,NULL,FALSE,FALSE,NULL,,,NULL,NULL,NULL,NULL,NULL,NULL,1,NULL
4620,1,101522,คลีนก๊อช ลองเมด 4'',NULL,NULL,ขย.9,NULL,อุปกรณ์ทางการแพทย์,,,ห่อ,8859095900182,100,NULL,FALSE,FALSE,NULL,,,NULL,NULL,NULL,NULL,NULL,NULL,1,NULL
4621,1,101523,เนทก็อซ ลองเมด 3'',NULL,NULL,ขย.9,NULL,อุปกรณ์ทางการแพทย์,,,ห่อ,8859095900731,100,NULL,FALSE,FALSE,NULL,,,NULL,NULL,NULL,NULL,NULL,NULL,1,NULL
4622,1,101524,เนทก็อซ ลองเมด 4'',NULL,NULL,ขย.9,NULL,อุปกรณ์ทางการแพทย์,,,ห่อ,8859095900748,100,NULL,FALSE,FALSE,NULL,,,NULL,NULL,NULL,NULL,NULL,NULL,1,NULL
4623,1,101525,ผ้ากีอซแผ่น GAUZE PAD 2'',NULL,NULL,ขย.9,NULL,อุปกรณ์ทางการแพทย์,,,ห่อ,8854536000438,100,NULL,FALSE,FALSE,NULL,,,NULL,NULL,NULL,NULL,NULL,NULL,1,NULL
4624,1,101526,ไทเกอร์พล๊าส กันน้ำ W1 (60*70mm) 3แผ่น/กล่อง,NULL,NULL,ขย.9,NULL,อุปกรณ์ทางการแพทย์,,,กล่อง,8850672338022,100,NULL,FALSE,FALSE,NULL,,,NULL,NULL,NULL,NULL,NULL,NULL,1,NULL
4625,1,101527,ไทเกอร์พล๊าส กันน้ำ W2 (60*100mm) 2แผ่น/กล่อง,NULL,NULL,ขย.9,NULL,อุปกรณ์ทางการแพทย์,,,กล่อง,8850672338091,100,NULL,FALSE,FALSE,NULL,,,NULL,NULL,NULL,NULL,NULL,NULL,1,NULL
4626,1,101528,ไทเกอร์พล๊าส กันน้ำ W3 (80*100mm) 2แผ่น/กล่อง,NULL,NULL,ขย.9,NULL,อุปกรณ์ทางการแพทย์,,,กล่อง,8850672338107,100,NULL,FALSE,FALSE,NULL,,,NULL,NULL,NULL,NULL,NULL,NULL,1,NULL
4627,1,101529,ไทเกอร์พล๊าส กันน้ำ N3 (80*100mm) 5แผ่น/กล่อง,NULL,NULL,ขย.9,NULL,อุปกรณ์ทางการแพทย์,,,กล่อง,8850672338145,100,NULL,FALSE,FALSE,NULL,,,NULL,NULL,NULL,NULL,NULL,NULL,1,NULL
4628,1,101530,ไทเกอร์พล๊าส ซอฟท์แพด P1 (60*70mm) 5แผ่น/กล่อง,NULL,NULL,ขย.9,NULL,อุปกรณ์ทางการแพทย์,,,กล่อง,8850672232023,100,NULL,FALSE,FALSE,NULL,,,NULL,NULL,NULL,NULL,NULL,NULL,1,NULL
4629,1,101531,ไทเกอร์พล๊าส ซอฟท์แพด P2 (60*100mm) 4แผ่น/กล่อง,NULL,NULL,ขย.9,NULL,อุปกรณ์ทางการแพทย์,,,กล่อง,8850672232047,100,NULL,FALSE,FALSE,NULL,,,NULL,NULL,NULL,NULL,NULL,NULL,1,NULL
4630,1,101532,ไทเกอร์พล๊าส ซอฟท์แพด P4 (100*120mm) 3แผ่น/กล่อง,NULL,NULL,ขย.9,NULL,อุปกรณ์ทางการแพทย์,,,กล่อง,8850672232061,100,NULL,FALSE,FALSE,NULL,,,NULL,NULL,NULL,NULL,NULL,NULL,1,NULL
4631,1,101533,พลาสเตอร์ปิดตา 5.8*8.3 ซม. 2 แผ่น/ซอง,NULL,NULL,ขย.9,NULL,อุปกรณ์ทางการแพทย์,,,ซอง,8859243301830,100,NULL,FALSE,FALSE,NULL,,,NULL,NULL,NULL,NULL,NULL,NULL,1,NULL
4632,1,101534,BACTIGRAS 10CM*10CM,NULL,NULL,ขย.9,NULL,อุปกรณ์ทางการแพทย์,,,แผ่น,5000223421984,100,NULL,FALSE,FALSE,NULL,,,NULL,NULL,NULL,NULL,NULL,NULL,1,NULL
4633,1,101535,3M เทกาเดิร์ม ฟิล์มปิดแผลกันน้ำ size M 3ชิ้น/กล่อง,NULL,NULL,ขย.9,NULL,อุปกรณ์ทางการแพทย์,,,กล่อง,8850304212508,100,NULL,FALSE,FALSE,NULL,,,NULL,NULL,NULL,NULL,NULL,NULL,1,NULL
4634,1,101536,3M เทกาเดิร์ม ฟิล์มปิดแผลกันน้ำ size L 3ชิ้น/กล่อง,NULL,NULL,ขย.9,NULL,อุปกรณ์ทางการแพทย์,,,กล่อง,8850304212515,100,NULL,FALSE,FALSE,NULL,,,NULL,NULL,NULL,NULL,NULL,NULL,1,NULL
4635,1,101537,พลาสเตอร์ปิดตา 5.8*8.3 ซม. 10ซอง,NULL,NULL,ขย.9,NULL,อุปกรณ์ทางการแพทย์,,,กล่อง,8859243302431,100,NULL,FALSE,FALSE,NULL,,,NULL,NULL,NULL,NULL,NULL,NULL,1,NULL
4636,1,101538,SOS R8 เทปผ้าแต่งแผล 10ซม*1ม./ม้วน,NULL,NULL,ขย.9,NULL,อุปกรณ์ทางการแพทย์,,,ม้วน,8859243301038,100,NULL,FALSE,FALSE,NULL,,,NULL,NULL,NULL,NULL,NULL,NULL,1,NULL
4637,1,101539,3M เน็กซ์แคร์ อ๊อฟติคลูด พลาสเตอร์ปิดตา 5.7*8.25ซม   1',NULL,NULL,ขย.9,NULL,อุปกรณ์ทางการแพทย์,,,ชิ้น,51131000230,100,NULL,FALSE,FALSE,NULL,,,NULL,NULL,NULL,NULL,NULL,NULL,1,NULL
4638,1,101540,ไฮโดรเจลสำหรับใส่แผล 25กรัม/หลอด,NULL,NULL,ขย.9,NULL,อุปกรณ์ทางการแพทย์,,,กล่อง,8852266001084,100,NULL,FALSE,FALSE,NULL,,,NULL,NULL,NULL,NULL,NULL,NULL,1,NULL
4639,1,101541,SOS R2 เทปผ้าแต่งแผล 10ซม*10ม./ม้วน,NULL,NULL,ขย.9,NULL,อุปกรณ์ทางการแพทย์,,,ม้วน,8857122406713,100,NULL,FALSE,FALSE,NULL,,,NULL,NULL,NULL,NULL,NULL,NULL,1,NULL
4640,1,101542,KLEANSET ชุดทำแผล,NULL,NULL,ขย.9,NULL,อุปกรณ์ทางการแพทย์,,,ชุด,8859095901257,100,NULL,FALSE,FALSE,NULL,,,NULL,NULL,NULL,NULL,NULL,NULL,1,NULL
4641,1,101543,สำลีก้าน BIO PLAST size L 100 ก้าน,NULL,NULL,ขย.9,NULL,อุปกรณ์ทางการแพทย์,,,ถุง,8859130299963,100,NULL,FALSE,FALSE,NULL,,,NULL,NULL,NULL,NULL,NULL,NULL,1,NULL
4642,1,101544,สำลีก้าน BIO PLAST size M 100 ก้าน,NULL,NULL,ขย.9,NULL,อุปกรณ์ทางการแพทย์,,,ถุง,8859130299962,100,NULL,FALSE,FALSE,NULL,,,NULL,NULL,NULL,NULL,NULL,NULL,1,NULL
4643,1,101545,สำลีก้าน SOFTIP size S 100 ชิ้น,NULL,NULL,ขย.9,NULL,อุปกรณ์ทางการแพทย์,,,ถุง,8859095901028,100,NULL,FALSE,FALSE,NULL,,,NULL,NULL,NULL,NULL,NULL,NULL,1,NULL
4644,1,101546,สำลีก้าน sterile 6 ก้าน,NULL,NULL,ขย.9,NULL,อุปกรณ์ทางการแพทย์,,,ซอง,8853699009210,100,NULL,FALSE,FALSE,NULL,,,NULL,NULL,NULL,NULL,NULL,NULL,1,NULL
4645,1,101547,Longmed elastic bandage 2'',NULL,NULL,ขย.9,NULL,อุปกรณ์ทางการแพทย์,,,ม้วน,8859095900120,100,NULL,FALSE,FALSE,NULL,,,NULL,NULL,NULL,NULL,NULL,NULL,1,NULL
4646,1,101548,Longmed elastic bandage 4'',NULL,NULL,ขย.9,NULL,อุปกรณ์ทางการแพทย์,,,ม้วน,8859095900267,100,NULL,FALSE,FALSE,NULL,,,NULL,NULL,NULL,NULL,NULL,NULL,1,NULL
4647,1,101549,Longmed elastic bandage 3'',NULL,NULL,ขย.9,NULL,อุปกรณ์ทางการแพทย์,,,ม้วน,8859095900137,100,NULL,FALSE,FALSE,NULL,,,NULL,NULL,NULL,NULL,NULL,NULL,1,NULL
4648,1,101550,RSC elastic bandage 2'',NULL,NULL,ขย.9,NULL,อุปกรณ์ทางการแพทย์,,,ม้วน,2565002220019,100,NULL,FALSE,FALSE,NULL,,,NULL,NULL,NULL,NULL,NULL,NULL,1,NULL
4649,1,101551,RSC elastic bandage 3'',NULL,NULL,ขย.9,NULL,อุปกรณ์ทางการแพทย์,,,ม้วน,2565002230018,100,NULL,FALSE,FALSE,NULL,,,NULL,NULL,NULL,NULL,NULL,NULL,1,NULL
4650,1,101552,RSC elastic bandage 4'',NULL,NULL,ขย.9,NULL,อุปกรณ์ทางการแพทย์,,,ม้วน,2565002240017,100,NULL,FALSE,FALSE,NULL,,,NULL,NULL,NULL,NULL,NULL,NULL,1,NULL
4651,1,101553,STANDA elastic bandage 3'',NULL,NULL,ขย.9,NULL,อุปกรณ์ทางการแพทย์,,,ม้วน,8854536000070,100,NULL,FALSE,FALSE,NULL,,,NULL,NULL,NULL,NULL,NULL,NULL,1,NULL
4652,1,101554,SOS ผ้าก๊อซปิดแผล 10*20ซม 2แผ่น/กล่อง,NULL,NULL,ขย.9,NULL,อุปกรณ์ทางการแพทย์,,,กล่อง,8857122406263,100,NULL,FALSE,FALSE,NULL,,,NULL,NULL,NULL,NULL,NULL,NULL,1,NULL
4653,1,101555,SOS S 3x3(12x12cm.)ผ้าก๊อซปิดแผล  3แผ่น,NULL,NULL,ขย.9,NULL,อุปกรณ์ทางการแพทย์,,,กล่อง,8857122406324,100,NULL,FALSE,FALSE,NULL,,,NULL,NULL,NULL,NULL,NULL,NULL,1,NULL
4654,1,101556,SOS S 2x2 (8x8cm.)ผ้าก๊อซปิดแผล 4แผ่น,NULL,NULL,ขย.9,NULL,อุปกรณ์ทางการแพทย์,,,กล่อง,8857122406317,100,NULL,FALSE,FALSE,NULL,,,NULL,NULL,NULL,NULL,NULL,NULL,1,NULL
4655,1,101557,SOS S3 ผ้าก๊อซปิดแผล 6*10ซม 4แผ่น/กล่อง,NULL,NULL,ขย.9,NULL,อุปกรณ์ทางการแพทย์,,,กล่อง,8857122406133,100,NULL,FALSE,FALSE,NULL,,,NULL,NULL,NULL,NULL,NULL,NULL,1,NULL
4656,1,101558,SOS S2 ผ้าก๊อซปิดแผล 6*7ซม 5แผ่น/กล่อง,NULL,NULL,ขย.9,NULL,อุปกรณ์ทางการแพทย์,,,กล่อง,8857122406126,100,NULL,FALSE,FALSE,NULL,,,NULL,NULL,NULL,NULL,NULL,NULL,1,NULL
4657,1,101559,SOS T 2x2(8x8cm.)พลาสเตอร์ใสปิดแผลกันน้ำ 3แผ่น,NULL,NULL,ขย.9,NULL,อุปกรณ์ทางการแพทย์,,,กล่อง,8859243300659,100,NULL,FALSE,FALSE,NULL,,,NULL,NULL,NULL,NULL,NULL,NULL,1,NULL
4658,1,101560,SOS T2*4'' พลาสเตอร์ใสปิดแผลกันน้ำ 2แผ่น/กล่อง,NULL,NULL,ขย.9,NULL,อุปกรณ์ทางการแพทย์,,,กล่อง,8857122406300,100,NULL,FALSE,FALSE,NULL,,,NULL,NULL,NULL,NULL,NULL,NULL,1,NULL
4659,1,101561,SOS T3x3 (12x12)พลาสเตอร์ใสปิดแผลกันน้ำ 2แผ่น,NULL,NULL,ขย.9,NULL,อุปกรณ์ทางการแพทย์,,,กล่อง,8859243300666,100,NULL,FALSE,FALSE,NULL,,,NULL,NULL,NULL,NULL,NULL,NULL,1,NULL
4660,1,101562,SOS M 4*7 cm.พลาสเตอร์ใสปิดแผลกันน้ำ 3แผ่น,NULL,NULL,ขย.9,NULL,อุปกรณ์ทางการแพทย์,,,กล่อง,8859243303384,100,NULL,FALSE,FALSE,NULL,,,NULL,NULL,NULL,NULL,NULL,NULL,1,NULL
4661,1,101563,SOS T1  2.5x5.6cm.พลาสเตอร์ใสปิดแผลกันน้ำ 10แผ่น/กล่อง,NULL,NULL,ขย.9,NULL,อุปกรณ์ทางการแพทย์,,,กล่อง,8857122406096,100,NULL,FALSE,FALSE,NULL,,,NULL,NULL,NULL,NULL,NULL,NULL,1,NULL
4662,1,101564,SOS T2  6x7cm.พลาสเตอร์ใสปิดแผลกันน้ำ 3แผ่น ,NULL,NULL,ขย.9,NULL,อุปกรณ์ทางการแพทย์,,,กล่อง,8857122406102,100,NULL,FALSE,FALSE,NULL,,,NULL,NULL,NULL,NULL,NULL,NULL,1,NULL
4663,1,101565,SOS T3 6x10cm.พลาสเตอร์ใสปิดแผลกันน้ำ 2 แผ่น,NULL,NULL,ขย.9,NULL,อุปกรณ์ทางการแพทย์,,,กล่อง,8857122406119,100,NULL,FALSE,FALSE,NULL,,,NULL,NULL,NULL,NULL,NULL,NULL,1,NULL
4664,1,101566,SOS T4 พลาสเตอร์ใสปิดแผลกันน้ำ 10แผ่น/กล่อง 10*25 cm,NULL,NULL,ขย.9,NULL,อุปกรณ์ทางการแพทย์,,,กล่อง,8857122406546,100,NULL,FALSE,FALSE,NULL,,,NULL,NULL,NULL,NULL,NULL,NULL,1,NULL
4665,1,101567,Clip cap pink 100 pcs,NULL,NULL,ขย.9,NULL,อุปกรณ์ทางการแพทย์,,,แพ็ค,8859095902407,100,NULL,FALSE,FALSE,NULL,,,NULL,NULL,NULL,NULL,NULL,NULL,1,NULL
4666,1,101568,Clip cap green 100 pcs,NULL,NULL,ขย.9,NULL,อุปกรณ์ทางการแพทย์,,,แพ็ค,8859095902360,100,NULL,FALSE,FALSE,NULL,,,NULL,NULL,NULL,NULL,NULL,NULL,1,NULL
4667,1,101569,Clip cap white ขาว 100 pcs,NULL,NULL,ขย.9,NULL,อุปกรณ์ทางการแพทย์,,,แพ็ค,8859095902421,100,NULL,FALSE,FALSE,NULL,,,NULL,NULL,NULL,NULL,NULL,NULL,1,NULL
4668,1,101570,ยาสวนทวาร ยูนีซัน สำหรับเด็ก 10ชิ้น/กล่อง,NULL,NULL,ขย.9,NULL,อุปกรณ์ทางการแพทย์,,,กล่อง,8853935010239,100,NULL,FALSE,FALSE,NULL,,,NULL,NULL,NULL,NULL,NULL,NULL,1,NULL
4669,1,101571,ยาสวนทวาร ยูนีซัน สำหรับผูใหญ่ 10ชิ้น/กล่อง,CAMPHOR,ANTIDIARRHOEALS,ขย.9,NULL,อุปกรณ์ทางการแพทย์,,,กล่อง,8853935010246,100,NULL,FALSE,FALSE,NULL,,,NULL,NULL,NULL,NULL,NULL,NULL,1,NULL
4670,1,101572,U-ENEMA 100 cc,SODIUM CHLORIDE,NULL,ขย.9,NULL,อุปกรณ์ทางการแพทย์,,,กล่อง,8853935007420,100,NULL,FALSE,FALSE,NULL,,,NULL,NULL,NULL,NULL,NULL,NULL,1,NULL
4671,1,101573,ยูนีซัน เด็ก 10 ซีซี,SODIUM CHLORIDE,NULL,ขย.9,NULL,อุปกรณ์ทางการแพทย์,,,ชิ้น,8853935010253,100,NULL,FALSE,FALSE,NULL,,,NULL,NULL,NULL,NULL,NULL,NULL,1,NULL
4672,1,101574,๊๊ยูนิซัน ผู้ใหญ่ 20 ซีซี,SODIUM CHLORIDE,ANTIDIARRHOEALS,ขย.9,NULL,อุปกรณ์ทางการแพทย์,,,ชิ้น,8853935010260,100,NULL,FALSE,FALSE,NULL,,,9,NULL,NULL,NULL,NULL,NULL,1,NULL
4673,1,101575,Rhinotape Porous 1'',NULL,NULL,ขย.9,NULL,อุปกรณ์ทางการแพทย์,,,ม้วน,118858419008785,100,NULL,FALSE,FALSE,NULL,,,NULL,NULL,NULL,NULL,NULL,NULL,1,NULL
4674,1,101576,Rhinotape Porous 2'',NULL,NULL,ขย.9,NULL,อุปกรณ์ทางการแพทย์,,,ม้วน,8858758202533,100,NULL,FALSE,FALSE,NULL,,,NULL,NULL,NULL,NULL,NULL,NULL,1,NULL
4675,1,101577,Urethral catheter 100% Greetmed No.14,NULL,NULL,ขย.9,NULL,อุปกรณ์ทางการแพทย์,,,กล่อง,331414,100,NULL,FALSE,FALSE,NULL,,,NULL,NULL,NULL,NULL,NULL,NULL,1,NULL
4676,1,101578,หน้ากากอนามัย klean mask 4 ชั้น สีดำ 10 ชิ้น,NULL,NULL,ขย.9,NULL,เบ็ดเตล็ด,,,ซอง,8859095902469,100,NULL,FALSE,FALSE,NULL,,,NULL,NULL,NULL,NULL,NULL,NULL,1,NULL
4677,1,101579,หน้ากากอนามัย klean mask 4 ชั้น สีฟ้า,NULL,NULL,ขย.9,NULL,เบ็ดเตล็ด,,,ซอง,8859095902506,100,NULL,FALSE,FALSE,NULL,,,NULL,NULL,NULL,NULL,NULL,NULL,1,NULL
4678,1,101580,หน้ากากอนามัย klean mask 4 ชั้น สีชมพู 10 ชิ้น,NULL,NULL,ขย.9,NULL,เบ็ดเตล็ด,,,ซอง,8859095902742,100,NULL,FALSE,FALSE,NULL,,,NULL,NULL,NULL,NULL,NULL,NULL,1,NULL
4679,1,101581,หน้ากากอนามัย klean mask 4 ชั้น สีขาว 10 ชิ้น,NULL,NULL,ขย.9,NULL,เบ็ดเตล็ด,,,ซอง,8859095902445,100,NULL,FALSE,FALSE,NULL,,,NULL,NULL,NULL,NULL,NULL,NULL,1,NULL
4680,1,101582,หน้ากาก KN95 MAD D Care 1ชิ้น,NULL,NULL,ขย.9,NULL,เบ็ดเตล็ด,,,ชิ้น,8858924031202,100,NULL,FALSE,FALSE,NULL,,,NULL,NULL,NULL,NULL,NULL,NULL,1,NULL
4681,1,101583,หน้ากากอนามัยเด็ก Kids Mask 10 ชิ้น,NULL,NULL,ขย.9,NULL,เบ็ดเตล็ด,,,ซอง,6927282160069,100,NULL,FALSE,FALSE,NULL,,,NULL,NULL,NULL,NULL,NULL,NULL,1,NULL
4682,1,101584,หน้ากากอนามัยเด็ก Kid mask การ์ตูน 10 ชิ้น,NULL,NULL,ขย.9,NULL,เบ็ดเตล็ด,,,ซอง,6972946751640,100,NULL,FALSE,FALSE,NULL,,,NULL,NULL,NULL,NULL,NULL,NULL,1,NULL
4683,1,101585,ไลปอนเอฟ สูตรอนามัย 500 มล.,NULL,NULL,ขย.9,NULL,เบ็ดเตล็ด,,,ขวด,8850002010123,100,NULL,FALSE,FALSE,NULL,,,NULL,NULL,NULL,NULL,NULL,NULL,1,NULL
4684,1,101586,ซันไลต์ เลมอน เทอร์โบ 150 มล.,NULL,NULL,ขย.9,NULL,เบ็ดเตล็ด,,,ขวด,8851932371025,100,NULL,FALSE,FALSE,NULL,,,NULL,NULL,NULL,NULL,NULL,NULL,1,NULL
4685,1,101587,ซันไลต์ เลมอน เทอร์โบ 300 มล.,NULL,NULL,ขย.9,NULL,เบ็ดเตล็ด,,,ถุง,8851932368544,100,NULL,FALSE,FALSE,NULL,,,NULL,NULL,NULL,NULL,NULL,NULL,1,NULL
4686,1,101588,ซันไลต์ เลมอน เทอร์โบ หัวปั๊ม 750 มล.,NULL,NULL,ขย.9,NULL,เบ็ดเตล็ด,,,ขวด,8851932392228,100,NULL,FALSE,FALSE,NULL,,,NULL,NULL,NULL,NULL,NULL,NULL,1,NULL
4687,1,101589,ซันไลต์ เลมอน เทอร์โบ 480 มล.,NULL,NULL,ขย.9,NULL,เบ็ดเตล็ด,,,ขวด,8851932370998,100,NULL,FALSE,FALSE,NULL,,,NULL,NULL,NULL,NULL,NULL,NULL,1,NULL
4688,1,101590,ซันไลต์ แอนตี้แบค หัวปั๊ม 750 มล.,NULL,NULL,ขย.9,NULL,เบ็ดเตล็ด,,,ขวด,8851932392204,100,NULL,FALSE,FALSE,NULL,,,NULL,NULL,NULL,NULL,NULL,NULL,1,NULL
4689,1,101591,ลอรีเอะ ซูเปอร์ อัลตร้า สลิม 25 ซม./9ชิ้น,NULL,NULL,ขย.9,NULL,เบ็ดเตล็ด,,,ห่อ,8851818074866,100,NULL,FALSE,FALSE,NULL,,,NULL,NULL,NULL,NULL,NULL,NULL,1,NULL
4690,1,101592,ลอรีเอะ เนเชอรัล แอนตี้แบค สลิม 25 ซม./7ชิ้น,NULL,NULL,ขย.9,NULL,เบ็ดเตล็ด,,,ห่อ,8851818229464,100,NULL,FALSE,FALSE,NULL,,,NULL,NULL,NULL,NULL,NULL,NULL,1,NULL
4691,1,101593,ลอรีเอะ ซอฟท์ แอน เซฟ สลิม 25 ซม./5ชิ้น,NULL,NULL,ขย.9,NULL,เบ็ดเตล็ด,,,ห่อ,8851818191747,100,NULL,FALSE,FALSE,NULL,,,NULL,NULL,NULL,NULL,NULL,NULL,1,NULL
4692,1,101594,โซฟี คลูลิ่ง เฟรช สลิม 25 ซม./5ชิ้น,NULL,NULL,ขย.9,NULL,เบ็ดเตล็ด,,,ห่อ,8851111114016,100,NULL,FALSE,FALSE,NULL,,,NULL,NULL,NULL,NULL,NULL,NULL,1,NULL
4693,1,101595,โซฟี คลูลิ่ง เฟรช เนเชอรัล แตงกวา สลิม 25 ซม./5ชิ้น,NULL,NULL,ขย.9,NULL,เบ็ดเตล็ด,,,ห่อ,8851111158010,100,NULL,FALSE,FALSE,NULL,,,NULL,NULL,NULL,NULL,NULL,NULL,1,NULL
4694,1,101596,ลอรีเอะ ดีโอเดอแรนด์ 18 ชิ้น,NULL,NULL,ขย.9,NULL,เบ็ดเตล็ด,,,ห่อ,8851818544604,100,NULL,FALSE,FALSE,NULL,,,NULL,NULL,NULL,NULL,NULL,NULL,1,NULL
4695,1,101597,ลอรีเอะ เดลี่คลีน 20 ชิ้น,NULL,NULL,ขย.9,NULL,เบ็ดเตล็ด,,,ห่อ,8851818544413,100,NULL,FALSE,FALSE,NULL,,,NULL,NULL,NULL,NULL,NULL,NULL,1,NULL
4696,1,101598,ลอรีเอะ ซูเปอร์ อัลตร้า สลิม 17 ซม./20ชิ้น,NULL,NULL,ขย.9,NULL,เบ็ดเตล็ด,,,ห่อ,4901301506986,100,NULL,FALSE,FALSE,NULL,,,NULL,NULL,NULL,NULL,NULL,NULL,1,NULL
4697,1,101599,โซฟี กลางคืน มามาก 29ซม./8ชิ้น,NULL,NULL,ขย.9,NULL,เบ็ดเตล็ด,,,ห่อ,8851111105021,100,NULL,FALSE,FALSE,NULL,,,NULL,NULL,NULL,NULL,NULL,NULL,1,NULL
4698,1,101600,ลอรีเอะ ซอฟท์ แอน เซฟ กลางคืน 30 ซม./4ชิ้น,NULL,NULL,ขย.9,NULL,เบ็ดเตล็ด,,,ห่อ,8851818191891,100,NULL,FALSE,FALSE,NULL,,,NULL,NULL,NULL,NULL,NULL,NULL,1,NULL
4699,1,101601,ลอรีเอะ ซอฟท์ แอน เซฟ คลู 30 ซม./5ชิ้น,NULL,NULL,ขย.9,NULL,เบ็ดเตล็ด,,,ห่อ,8851818100831,100,NULL,FALSE,FALSE,NULL,,,NULL,NULL,NULL,NULL,NULL,NULL,1,NULL
4700,1,101602,ลอรีเอะ ซูเปอร์ อัลตร้า สลิม กลางคืน 30 ซม./8ชิ้น,NULL,NULL,ขย.9,NULL,เบ็ดเตล็ด,,,ห่อ,6908594417027,100,NULL,FALSE,FALSE,NULL,,,NULL,NULL,NULL,NULL,NULL,NULL,1,NULL
4701,1,101603,ผ้าอนามัยแบบสอด โอบีโปรคอมฟอร์ด ขนาดธรรมดา 8 ชิ้น,NULL,NULL,ขย.9,NULL,เบ็ดเตล็ด,,,กล่อง,48933629,100,NULL,FALSE,FALSE,NULL,,,NULL,NULL,NULL,NULL,NULL,NULL,1,NULL
4702,1,101604,เบบี้เลิฟ เดย์ ไนท์ แพ้นท์ ไซต์S 4ชิ้น,NULL,NULL,ขย.9,NULL,เบ็ดเตล็ด,,,ห่อ,8850709200018,100,NULL,FALSE,FALSE,NULL,,,NULL,NULL,NULL,NULL,NULL,NULL,1,NULL
4703,1,101605,เบบี้เลิฟ เดย์ ไนท์ แพ้นท์ ไซต์M 4ชิ้น,NULL,NULL,ขย.9,NULL,เบ็ดเตล็ด,,,ห่อ,8850709761120,100,NULL,FALSE,FALSE,NULL,,,NULL,NULL,NULL,NULL,NULL,NULL,1,NULL
4704,1,101606,เบบี้เลิฟ เดย์ ไนท์ แพ้นท์ ไซต์L 4ชิ้น,NULL,NULL,ขย.9,NULL,เบ็ดเตล็ด,,,ห่อ,8850709761137,100,NULL,FALSE,FALSE,NULL,,,NULL,NULL,NULL,NULL,NULL,NULL,1,NULL
4705,1,101607,เบบี้เลิฟ เดย์ ไนท์ แพ้นท์ ไซต์XL 4ชิ้น,NULL,NULL,ขย.9,NULL,เบ็ดเตล็ด,,,ห่อ,8850709761144,100,NULL,FALSE,FALSE,NULL,,,NULL,NULL,NULL,NULL,NULL,NULL,1,NULL
4706,1,101608,ตลับใส่ยา pill planner L 7day,NULL,NULL,ขย.9,NULL,เบ็ดเตล็ด,,,ตลับ,25715677903,100,NULL,FALSE,FALSE,NULL,,,NULL,NULL,NULL,NULL,NULL,NULL,1,NULL
4707,1,101609,ตลับใส่ยา pill planner 7day,NULL,NULL,ขย.9,NULL,เบ็ดเตล็ด,,,ตลับ,25715670096,100,NULL,FALSE,FALSE,NULL,,,NULL,NULL,NULL,NULL,NULL,NULL,1,NULL
4708,1,101610,ตลับใส่ยา pill planner 4day,NULL,NULL,ขย.9,NULL,เบ็ดเตล็ด,,,ตลับ,25715670164,100,NULL,FALSE,FALSE,NULL,,,NULL,NULL,NULL,NULL,NULL,NULL,1,NULL
4709,1,101611,ที่ตัดยา pill cutter,NULL,NULL,ขย.9,NULL,เบ็ดเตล็ด,,,ชิ้น,25715670157,100,NULL,FALSE,FALSE,NULL,,,NULL,NULL,NULL,NULL,NULL,NULL,1,NULL
4710,1,101612,ที่ตัดยา Nik Nik pillcutter,NULL,NULL,ขย.9,NULL,เบ็ดเตล็ด,,,ชิ้น,8854536001480,100,NULL,FALSE,FALSE,NULL,,,NULL,NULL,NULL,NULL,NULL,NULL,1,NULL
4711,1,101613,ถุงมือยางการแพทย์ ไซต์ M 1 คู่,NULL,NULL,ขย.9,NULL,เบ็ดเตล็ด,,,คู่,37,100,NULL,FALSE,FALSE,NULL,,,NULL,NULL,NULL,NULL,NULL,NULL,1,NULL
4712,1,101614,OLENE น้ำมันมะกอก โอลีน-อี (เอส.บี.) 120 มล.,NULL,NULL,ขย.9,NULL,เบ็ดเตล็ด,,,ขวด,8851124161205,100,NULL,FALSE,FALSE,NULL,,,NULL,NULL,NULL,NULL,NULL,NULL,1,NULL
4713,1,101615,น้ำมันมะกอก B.P. วิทยาศรม 60 ml,SIMETHICONE,ANTIFLATULANCES,ขย.9,NULL,เบ็ดเตล็ด,,,ขวด,8850075009109,100,NULL,FALSE,FALSE,NULL,,,33,NULL,NULL,NULL,NULL,NULL,1,NULL
4714,1,101616,longmed กระเป๋าน้ำร้อนเล็ก,NULL,NULL,ขย.9,NULL,เบ็ดเตล็ด,,,ชิ้น,8859095901288,100,NULL,FALSE,FALSE,NULL,,,NULL,NULL,NULL,NULL,NULL,NULL,1,NULL
4715,1,101617,longmed กระเป๋าน้ำร้อนใหญ่,NULL,NULL,ขย.9,NULL,เบ็ดเตล็ด,,,ชิ้น,8859095901059,100,NULL,FALSE,FALSE,NULL,,,NULL,NULL,NULL,NULL,NULL,NULL,1,NULL
4716,1,101618,กระเป๋าน้ำร้อนใหญ่ GS รุ่นพิเษศ,NULL,NULL,ขย.9,NULL,เบ็ดเตล็ด,,,ชิ้น,8850858099037,100,NULL,FALSE,FALSE,NULL,,,NULL,NULL,NULL,NULL,NULL,NULL,1,NULL
4717,1,101619,กระเป๋าน้ำร้อน คละสี ใบใหญ่ อย่างดี แคนตัน,NULL,NULL,ขย.9,NULL,เบ็ดเตล็ด,,,ชิ้น,8854536000568,100,NULL,FALSE,FALSE,NULL,,,NULL,NULL,NULL,NULL,NULL,NULL,1,NULL
4718,1,101620,Blue pet แผ่นรองซับ,NULL,NULL,ขย.9,NULL,เบ็ดเตล็ด,,,ห่อ,8859015500218,100,NULL,FALSE,FALSE,NULL,,,NULL,NULL,NULL,NULL,NULL,NULL,1,NULL
4719,1,101621,มามี่โพโคแบบเทป NB4+1,NULL,NULL,ขย.9,NULL,เบ็ดเตล็ด,,,ห่อ,8851111400447,100,NULL,FALSE,FALSE,NULL,,,NULL,NULL,NULL,NULL,NULL,NULL,1,NULL
4720,1,101622,มามี่โพโค แฮปปี้แพ้นท์ M 4 ชิ้น,NULL,NULL,ขย.9,NULL,เบ็ดเตล็ด,,,ห่อ,8851111418343,100,NULL,FALSE,FALSE,NULL,,,NULL,NULL,NULL,NULL,NULL,NULL,1,NULL
4721,1,101623,มามี่โพโค แฮปปี้แพ้นท์ L 3 ชิ้น,NULL,NULL,ขย.9,NULL,เบ็ดเตล็ด,,,ห่อ,8851111419012,100,NULL,FALSE,FALSE,NULL,,,NULL,NULL,NULL,NULL,NULL,NULL,1,NULL
4722,1,101624,มามี่โพโค แฮปปี้แพ้นท์ XXL,NULL,NULL,ขย.9,NULL,เบ็ดเตล็ด,,,ห่อ,8851111421022,100,NULL,FALSE,FALSE,NULL,,,NULL,NULL,NULL,NULL,NULL,NULL,1,NULL
4723,1,101625,มามี่โพโค แฮปปี้แพ้นท์ XL,NULL,NULL,ขย.9,NULL,เบ็ดเตล็ด,,,ห่อ,8851111420230,100,NULL,FALSE,FALSE,NULL,,,NULL,NULL,NULL,NULL,NULL,NULL,1,NULL
4724,1,101626,เบบี้เลิฟ เดย์ ไนท์ เพ้น ทดลอง XXL,NULL,NULL,ขย.9,NULL,เบ็ดเตล็ด,,,ห่อ,8850709200407,100,NULL,FALSE,FALSE,NULL,,,NULL,NULL,NULL,NULL,NULL,NULL,1,NULL
4725,1,101627,มามี่โพโค แฮปปี้แพ้นท์ M 17 ชิ้น,NULL,NULL,ขย.9,NULL,เบ็ดเตล็ด,,,ห่อ,8851111418282,100,NULL,FALSE,FALSE,NULL,,,NULL,NULL,NULL,NULL,NULL,NULL,1,NULL
4726,1,101628,ยาสีฟันสมุนไพร รุ่งอรุณ 100 กรัม,NULL,NULL,ขย.9,NULL,เบ็ดเตล็ด,,,หลอด,8850489342212,100,NULL,FALSE,FALSE,NULL,,,NULL,NULL,NULL,NULL,NULL,NULL,1,NULL
4727,1,101629,POLIDENT Flavour Free Cream 60g,NULL,NULL,ขย.9,NULL,เบ็ดเตล็ด,,,หลอด,8851007143038,100,NULL,FALSE,FALSE,NULL,,,NULL,NULL,NULL,NULL,NULL,NULL,1,NULL
4728,1,101630,โพลิเด้นท์ สำหรับแช่ ฟันปลอม 30 เม็ด,NULL,NULL,ขย.9,NULL,เครื่องสำอางและสินค้าอุปโภคบริโภค,,,กล่อง,8851007100727,100,NULL,FALSE,FALSE,NULL,,,NULL,NULL,NULL,NULL,NULL,NULL,1,NULL
4729,1,101631,โพลิเด้นท์ สำหรับแช่ รีเทนเนอร์ 30 เม็ด,NULL,NULL,ขย.9,NULL,เบ็ดเตล็ด,,,กล่อง,8851007130786,100,NULL,FALSE,FALSE,NULL,,,NULL,NULL,NULL,NULL,NULL,NULL,1,NULL
4730,1,101632,สบู่สมุนไพรกลั่น มาดามเฮง 160 กรัม,NULL,NULL,ขย.9,NULL,"สบู่,  สบู่เหลว,  ครีมอาบ",,,ก้อน,8853502009505,100,NULL,FALSE,FALSE,NULL,,,NULL,NULL,NULL,NULL,NULL,NULL,1,NULL
4731,1,101633,ยาสีฟันสมุนไพร  รสดั้งเดิม เทพไทย 30 กรัม,NULL,NULL,ขย.9,NULL,เบ็ดเตล็ด,,,หลอด,8857123060051,100,NULL,FALSE,FALSE,NULL,,,NULL,NULL,NULL,NULL,NULL,NULL,1,NULL
4732,1,101634,POLIDENT Flavour Free Cream 20g  ครีมติดฟันปลอม,EUCALYPTUS,MOUTH/THROAT PREPARATIONS,ขย.9,NULL,เบ็ดเตล็ด,,,หลอด,8851007143106,100,NULL,FALSE,FALSE,NULL,,,NULL,NULL,NULL,NULL,NULL,NULL,1,NULL
4733,1,101635,ยาสีฟัน มิสทิน พร้อมแปรงสีฟัน 1 ชุด,NULL,NULL,ขย.9,NULL,เบ็ดเตล็ด,,,คู่,8859178736394,100,NULL,FALSE,FALSE,NULL,,,NULL,NULL,NULL,NULL,NULL,NULL,1,NULL
4734,1,101636,สบู่เบนเนท วิตามินซี แอน อี 130 กรัม,NULL,NULL,ขย.9,NULL,"สบู่,  สบู่เหลว,  ครีมอาบ",,,ก้อน,8850784994796,100,NULL,FALSE,FALSE,NULL,,,NULL,NULL,NULL,NULL,NULL,NULL,1,NULL
4735,1,101637,สบู่สมุนไพรกลั่นรอว์ร่า 170 กรัม,EUCALYPTUS,MOUTH/THROAT PREPARATIONS,ขย.9,NULL,"สบู่,  สบู่เหลว,  ครีมอาบ",,,ก้อน,8850784778136,100,NULL,FALSE,FALSE,NULL,,,40,NULL,NULL,NULL,NULL,NULL,1,NULL
4736,1,101638,ยาสีฟันสมุนไพร รุ่งอรุณ ชนิดผง 18 กรัม,NULL,NULL,ขย.9,NULL,เบ็ดเตล็ด,,,ซอง,8850489342199,100,NULL,FALSE,FALSE,NULL,,,NULL,NULL,NULL,NULL,NULL,NULL,1,NULL
4737,1,101639,ยาสีฟัน วิเศษนิยม 40 กรัม,NULL,NULL,ขย.9,NULL,เบ็ดเตล็ด,,,ซอง,8852348201005,100,NULL,FALSE,FALSE,NULL,,,NULL,NULL,NULL,NULL,NULL,NULL,1,NULL
4738,1,101640,ขี้ผึ้งสำหรับคนจัดฟัน dr.phillips 2 boxes,NULL,NULL,ขย.9,NULL,เบ็ดเตล็ด,,,ชิ้น,8854706001883,100,NULL,FALSE,FALSE,NULL,,,NULL,NULL,NULL,NULL,NULL,NULL,1,NULL
4739,1,101641,ขวดพลาสติก (กลาง),NULL,NULL,ขย.9,NULL,เบ็ดเตล็ด,,,ขวด,1657,100,NULL,FALSE,FALSE,NULL,,,NULL,NULL,NULL,NULL,NULL,NULL,1,NULL
4740,1,101642,ขวดพลาสติก (เล็ก),NULL,NULL,ขย.9,NULL,เบ็ดเตล็ด,,,ขวด,1658,100,NULL,FALSE,FALSE,NULL,,,NULL,NULL,NULL,NULL,NULL,NULL,1,NULL
4741,1,101643,ขวดพลาสติก (ใหญ่),NULL,NULL,ขย.9,NULL,เบ็ดเตล็ด,,,ขวด,1659,100,NULL,FALSE,FALSE,NULL,,,NULL,NULL,NULL,NULL,NULL,NULL,1,NULL
4742,1,101644,ฟอร์เซปจาร์ 1*4'',NULL,NULL,ขย.9,NULL,อุปกรณ์ทางการแพทย์,,,ชิ้น,8856422000386,100,NULL,FALSE,FALSE,NULL,,,NULL,NULL,NULL,NULL,NULL,NULL,1,NULL
4743,1,101645,ฟอร์เซปจาร์ 2*4.5'',NULL,NULL,ขย.9,NULL,อุปกรณ์ทางการแพทย์,,,ชิ้น,8856422000393,100,NULL,FALSE,FALSE,NULL,,,NULL,NULL,NULL,NULL,NULL,NULL,1,NULL
4744,1,101646,กล่องสำลี 4*5 พร้อมฝา,NULL,NULL,ขย.9,NULL,อุปกรณ์ทางการแพทย์,,,ชิ้น,8856422000881,100,NULL,FALSE,FALSE,NULL,,,NULL,NULL,NULL,NULL,NULL,NULL,1,NULL
4745,1,101647,กล่องสำลี 4*3 พร้อมฝา,NULL,NULL,ขย.9,NULL,อุปกรณ์ทางการแพทย์,,,ชิ้น,8856422000874,100,NULL,FALSE,FALSE,NULL,,,NULL,NULL,NULL,NULL,NULL,NULL,1,NULL
4746,1,101648,ทิชชูเปียก ไฮคลีน อโรเวร่า 56 ชิ้น,NULL,NULL,ขย.9,NULL,"สำลี, กระดาษทิชชู",,,ห่อ,8857125541022,100,NULL,FALSE,FALSE,NULL,,,NULL,NULL,NULL,NULL,NULL,NULL,1,NULL
4747,1,101649,ทิชชูเปียก ไฮคลีน พีช 56 ชิ้น,NULL,NULL,ขย.9,NULL,"สำลี, กระดาษทิชชู",,,ห่อ,8857125541015,100,NULL,FALSE,FALSE,NULL,,,NULL,NULL,NULL,NULL,NULL,NULL,1,NULL
4748,1,101650,ชุดหูฟังแพทย์ stethoscope,NULL,NULL,ขย.9,NULL,อุปกรณ์ทางการแพทย์,,,ชิ้น,6931038630027,100,NULL,FALSE,FALSE,NULL,,,NULL,NULL,NULL,NULL,NULL,NULL,1,NULL
4749,1,101651,ไม้กดลิ้น Wuyang 100 ชิ้น/กล่อง,NULL,NULL,ขย.9,NULL,อุปกรณ์ทางการแพทย์,,,กล่อง,331522,100,NULL,FALSE,FALSE,NULL,,,NULL,NULL,NULL,NULL,NULL,NULL,1,NULL
4750,1,101652,ยาประดงพระสังข์ ทรงช้าง 40 เม็ด,NULL,NULL,ขย.9,NULL,"ยาสมุนไพร, ยาแผนโบราณ",,,กล่อง,8857200080958,100,NULL,FALSE,FALSE,NULL,,,NULL,NULL,NULL,NULL,NULL,NULL,1,NULL
4751,1,101653,ยาชงตรางามระหง,NULL,NULL,ขย.9,NULL,"ยาสมุนไพร, ยาแผนโบราณ",,,กล่อง,8850993101022,100,NULL,FALSE,FALSE,NULL,,,NULL,NULL,NULL,NULL,NULL,NULL,1,NULL
4752,1,101654,ยาเม็ดตรางามระหง 80 เม็ด,NULL,NULL,ขย.9,NULL,"ยาสมุนไพร, ยาแผนโบราณ",,,กล่อง,8850993102043,100,NULL,FALSE,FALSE,NULL,,,NULL,NULL,NULL,NULL,NULL,NULL,1,NULL
4753,1,101655,อบเชย แคปซูล ตราไฟโตร์ 60 แคปซูล,NULL,NULL,ขย.9,NULL,"ยาสมุนไพร, ยาแผนโบราณ",,,กระปุก,8853433000558,100,NULL,FALSE,FALSE,NULL,,,NULL,NULL,NULL,NULL,NULL,NULL,1,NULL
4754,1,101656,ยาตราใบแก้วชนิดเม็ด 70 เม็ด,NULL,NULL,ขย.9,NULL,"ยาสมุนไพร, ยาแผนโบราณ",,,กระปุก,8858935800019,100,NULL,FALSE,FALSE,NULL,,,NULL,NULL,NULL,NULL,NULL,NULL,1,NULL
4755,1,101657,ยาเม็ดบรรเทาริดสีดวง ตราปลามังกร 200 เม็ด,NULL,NULL,ขย.9,NULL,"ยาสมุนไพร, ยาแผนโบราณ",,,กระปุก,8853215000011,100,NULL,FALSE,FALSE,NULL,,,NULL,NULL,NULL,NULL,NULL,NULL,1,NULL
4756,1,101658,ยากษัยเส้น ตราสมเจตน์ 120 เม็ด,NULL,NULL,ขย.9,NULL,"ยาสมุนไพร, ยาแผนโบราณ",,,กระปุก,1807,100,NULL,FALSE,FALSE,NULL,,,NULL,NULL,NULL,NULL,NULL,NULL,1,NULL
4757,1,101659,ยาเม็ดบรรเทาริดสีดวงทวาร สามก๊ก 120 เม็ด,NULL,NULL,ขย.9,NULL,"ยาสมุนไพร, ยาแผนโบราณ",,,กระปุก,8857121139056,100,NULL,FALSE,FALSE,NULL,,,NULL,NULL,NULL,NULL,NULL,NULL,1,NULL
4758,1,101660,ยาเม็ดรางจืด ขาวละออ 100 เม็ด,NULL,NULL,ขย.9,NULL,"ยาสมุนไพร, ยาแผนโบราณ",,,กระปุก,8850138012725,100,NULL,FALSE,FALSE,NULL,,,NULL,NULL,NULL,NULL,NULL,NULL,1,NULL
4759,1,101661,ใบมะขามแขก อ้วยอันโอสถ 100 แคปซูล,NULL,NULL,ขย.9,NULL,"ยาสมุนไพร, ยาแผนโบราณ",,,กระปุก,8852913910417,100,NULL,FALSE,FALSE,NULL,,,NULL,NULL,NULL,NULL,NULL,NULL,1,NULL
4760,1,101662,ยาแคปซูลผสมรางจืด อภัยภูเบศร 70 แคปซูล,NULL,NULL,ขย.9,NULL,"ยาสมุนไพร, ยาแผนโบราณ",,,กระปุก,8855539010196,100,NULL,FALSE,FALSE,NULL,,,NULL,NULL,NULL,NULL,NULL,NULL,1,NULL
4761,1,101663,ยาแคปซูลเพชรสังฆาต อภัยภูเบศร 70 แคปซูล,NULL,NULL,ขย.9,NULL,"ยาสมุนไพร, ยาแผนโบราณ",,,กระปุก,8855539000012,,NULL,FALSE,FALSE,NULL,,,NULL,NULL,NULL,NULL,NULL,NULL,1,NULL
4762,1,101664,ยาแคปซูลบัวบก อภัยภูเบศร 70 แคปซูล,NULL,NULL,ขย.9,NULL,"ยาสมุนไพร, ยาแผนโบราณ",,,กระปุก,8855539000029,100,NULL,FALSE,FALSE,NULL,,,NULL,NULL,NULL,NULL,NULL,NULL,1,NULL
4763,1,101665,สมุนไพร คุณสัมฤทธิ์ ริดสีดวงทวาร 60's,NULL,NULL,ขย.9,NULL,"ยาสมุนไพร, ยาแผนโบราณ",,,กระปุก,8859480001081,100,NULL,FALSE,FALSE,NULL,,,NULL,NULL,NULL,NULL,NULL,NULL,1,NULL
4764,1,101666,สมุนไพร คุณสัมฤทธิ์ บรรเทาอาการปวดเมื่อย 60's,NULL,NULL,ขย.9,NULL,"ยาสมุนไพร, ยาแผนโบราณ",,,กระปุก,8859480000916,100,NULL,FALSE,FALSE,NULL,,,NULL,NULL,NULL,NULL,NULL,NULL,1,NULL
4765,1,101667,สมุนไพร คุณสัมฤทธิ์ รากสามสิบ 60's,NULL,NULL,ขย.9,NULL,"ยาสมุนไพร, ยาแผนโบราณ",,,กระปุก,8859480001111,100,NULL,FALSE,FALSE,NULL,,,NULL,NULL,NULL,NULL,NULL,NULL,1,NULL
4766,1,101668,สมุนไพร คุณสัมฤทธิ์ กำลังช้างสาร 60's,NULL,NULL,ขย.9,NULL,"ยาสมุนไพร, ยาแผนโบราณ",,,กระปุก,8859480001098,100,NULL,FALSE,FALSE,NULL,,,NULL,NULL,NULL,NULL,NULL,NULL,1,NULL
4767,1,101669,สมุนไพร คุณสัมฤทธิ์ ยาระบาย 60's,NULL,NULL,ขย.9,NULL,"ยาสมุนไพร, ยาแผนโบราณ",,,กระปุก,8859480000923,100,NULL,FALSE,FALSE,NULL,,,NULL,NULL,NULL,NULL,NULL,NULL,1,NULL
4768,1,101670,สมุนไพร คุณสัมฤทธิ์ พลูคาว  60's,NULL,NULL,ขย.9,NULL,"ยาสมุนไพร, ยาแผนโบราณ",,,กระปุก,,100,NULL,FALSE,FALSE,NULL,,,NULL,NULL,NULL,NULL,NULL,NULL,1,NULL
4769,1,101671,ยาแคปซูลฟ้าทะลายโจร อภัยภูเบศร 60's,METHYL SALICYLATE+MENTHOL+EUGENOL,VITAMINS & MINERALS,ขย.9,NULL,"ยาสมุนไพร, ยาแผนโบราณ",,,กระปุก,8855539010165,100,NULL,FALSE,FALSE,NULL,,,85,NULL,NULL,NULL,NULL,NULL,1,NULL
4770,1,101672,ยาฟ้าทะลายโจรชนิดเม็ด ตราใบห่อ 70's,NULL,NULL,ขย.9,NULL,"ยาสมุนไพร, ยาแผนโบราณ",,,กล่อง,8858935800217,100,NULL,FALSE,FALSE,NULL,,,NULL,NULL,NULL,NULL,NULL,NULL,1,NULL
4771,1,101673,ยาแคปซูลกวาวเครือขาว ตราแม่กุหลาบ 100's,NULL,NULL,ขย.9,NULL,"ยาสมุนไพร, ยาแผนโบราณ",,,กระปุก,8856570923018,100,NULL,FALSE,FALSE,NULL,,,NULL,NULL,NULL,NULL,NULL,NULL,1,NULL
4772,1,101674,ยาฟ้าทะลายโจรสกัด อ้วยอันโอสถ 45's,CAMPHOR,MOUTH/THROAT PREPARATIONS,ขย.9,NULL,"ยาสมุนไพร, ยาแผนโบราณ",,,กระปุก,8852913911995,100,NULL,FALSE,FALSE,NULL,,,195,NULL,NULL,NULL,NULL,NULL,1,NULL
4773,1,101675,ฟ้าทะลายโจร อ้วยอันโอสถ 100's,NULL,NULL,ขย.9,NULL,"ยาสมุนไพร, ยาแผนโบราณ",,,กระปุก,8852913902610,100,NULL,FALSE,FALSE,NULL,,,NULL,NULL,NULL,NULL,NULL,NULL,1,NULL
4774,1,101676,ยาแคปซูลมะระขี้นก อภัยภูเบศร 70's,NULL,NULL,ขย.9,NULL,"ยาสมุนไพร, ยาแผนโบราณ",,,กระปุก,8855539000180,100,NULL,FALSE,FALSE,NULL,,,NULL,NULL,NULL,NULL,NULL,NULL,1,NULL
4775,1,101677,ยาแคปซูลกราวเครือขาว herbal one 100's,NULL,NULL,ขย.9,NULL,"ยาสมุนไพร, ยาแผนโบราณ",,,กระปุก,8853353200816,100,NULL,FALSE,FALSE,NULL,,,NULL,NULL,NULL,NULL,NULL,NULL,1,NULL
4776,1,101678,ยามะระขี้นก ชนิดเม็ด ตราดอกว่าน ขาวละออ 100 เม็ด,NULL,NULL,ขย.9,NULL,"ยาสมุนไพร, ยาแผนโบราณ",,,กระปุก,8850138012244,100,NULL,FALSE,FALSE,NULL,,,NULL,NULL,NULL,NULL,NULL,NULL,1,NULL
4777,1,101679,สารสกัดจากเมล็ดงาดำ herbal one 60's,ACETYLCYSTEINE,MOUTH/THROAT PREPARATIONS,ขย.9,NULL,"ยาสมุนไพร, ยาแผนโบราณ",,,กระปุก,8853353301810,100,NULL,FALSE,FALSE,NULL,,,275,NULL,NULL,NULL,NULL,NULL,1,NULL
4778,1,101680,ยาแคปซูลกระชายดำ ขาวละออ 100 แคปซูล,NULL,NULL,ขย.9,NULL,"ยาสมุนไพร, ยาแผนโบราณ",,,กระปุก,8850138016419,100,NULL,FALSE,FALSE,NULL,,,NULL,NULL,NULL,NULL,NULL,NULL,1,NULL
4779,1,101681,ยาแคปซูล ฟ้าทะลายโจร ตราพิมพา 60's,NULL,NULL,ขย.9,NULL,"ยาสมุนไพร, ยาแผนโบราณ",,,กระปุก,8857122035043,100,NULL,FALSE,FALSE,NULL,,,NULL,NULL,NULL,NULL,NULL,NULL,1,NULL
4780,1,101682,กระชายดำ herbal one 100's,NULL,NULL,ขย.9,NULL,"ยาสมุนไพร, ยาแผนโบราณ",,,กระปุก,8853353201714,100,NULL,FALSE,FALSE,NULL,,,NULL,NULL,NULL,NULL,NULL,NULL,1,NULL
4781,1,101683,ขมิ้นชัน อ้วยอันโอสถ 100 แคปซูล,NULL,NULL,ขย.9,NULL,"ยาสมุนไพร, ยาแผนโบราณ",,,กระปุก,8852913910219,100,NULL,FALSE,FALSE,NULL,,,NULL,NULL,NULL,NULL,NULL,NULL,1,NULL
4782,1,101684,ยาแคปซูล ขมิ้นชัน ศิริบัญชา,NULL,NULL,ขย.9,NULL,"ยาสมุนไพร, ยาแผนโบราณ",,,กระปุก,8851124590609,100,NULL,FALSE,FALSE,NULL,,,NULL,NULL,NULL,NULL,NULL,NULL,1,NULL
4783,1,101685,ยาแคปซูลขมิ้นชัน ตราอภัยภูเบศร 60's,NULL,NULL,ขย.9,NULL,"ยาสมุนไพร, ยาแผนโบราณ",,,กระปุก,8855539010158,100,NULL,FALSE,FALSE,NULL,,,NULL,NULL,NULL,NULL,NULL,NULL,1,NULL
4784,1,101686,ยาขม ตราใบห่อ 70 เม็ด,NULL,NULL,ขย.9,NULL,"ยาสมุนไพร, ยาแผนโบราณ",,,กล่อง,8858935800101,100,NULL,FALSE,FALSE,NULL,,,NULL,NULL,NULL,NULL,NULL,NULL,1,NULL
4785,1,101687,ยาขมิ้นชัน แคปซูล KMP 100's,NULL,NULL,ขย.9,NULL,"ยาสมุนไพร, ยาแผนโบราณ",,,กระปุก,8858694901408,100,NULL,FALSE,FALSE,NULL,,,NULL,NULL,NULL,NULL,NULL,NULL,1,NULL
4786,1,101688,ยาแคปซูล ขมิ้นชันพลัส อ้วยอันโอสถ 60's,NULL,NULL,ขย.9,NULL,"ยาสมุนไพร, ยาแผนโบราณ",,,กระปุก,8852913911124,100,NULL,FALSE,FALSE,NULL,,,NULL,NULL,NULL,NULL,NULL,NULL,1,NULL
4787,1,101689,ยาขมิ้นชัน ชนิดเม็ด ตราดอกว่าน ขาวละออ 100's,NULL,NULL,ขย.9,NULL,"ยาสมุนไพร, ยาแผนโบราณ",,,กระปุก,8850138012671,100,NULL,FALSE,FALSE,NULL,,,NULL,NULL,NULL,NULL,NULL,NULL,1,NULL
4788,1,101690,ขมิ้นชันแคปซูล ตราไฟโตรแคร์ 10's,EUCALYPTUS,MOUTH/THROAT PREPARATIONS,ขย.9,NULL,"ยาสมุนไพร, ยาแผนโบราณ",,,แผง,8853433000435,100,NULL,FALSE,FALSE,NULL,,,13,NULL,NULL,NULL,NULL,NULL,1,NULL
4789,1,101691,ขมิ้นผงแม้ ตราโพธิ์แก้ว 8 กรัม,NULL,NULL,ขย.9,NULL,"ยาสมุนไพร, ยาแผนโบราณ",,,ซอง,101691,100,NULL,FALSE,FALSE,NULL,,,NULL,NULL,NULL,NULL,NULL,NULL,1,NULL
4790,1,101692,ขมิ้นผงแสงชัย 12 กรัม,NULL,NULL,ขย.9,NULL,"ยาสมุนไพร, ยาแผนโบราณ",,,ซอง,331490,100,NULL,FALSE,FALSE,NULL,,,NULL,NULL,NULL,NULL,NULL,NULL,1,NULL
4791,1,101693,Certainty กางเกง 10 ชิ้น L แบบแปะ,NULL,NULL,ขย.9,NULL,ผ้าอ้อม,,,แพ็ค,8850709230039,100,NULL,FALSE,FALSE,NULL,,,NULL,NULL,NULL,NULL,NULL,NULL,1,NULL
4792,1,101694,แผ่นรองซับ Sunmed,NULL,NULL,ขย.9,NULL,ผ้าอ้อม,,,ห่อ,8935142970107,100,NULL,FALSE,FALSE,NULL,,,NULL,NULL,NULL,NULL,NULL,NULL,1,NULL
4793,1,101695,Sunmed ผ้าอ้อมผู้ใหญ่ L-XL 24 ชิ้น,NULL,NULL,ขย.9,NULL,ผ้าอ้อม,,,แพ็ค,8935142931016,100,NULL,FALSE,FALSE,NULL,,,NULL,NULL,NULL,NULL,NULL,NULL,1,NULL
4794,1,101696,มามี่โพโคพรีเมียมเอ็กตร้าเทป NB 82 ชิ้น,NULL,NULL,ขย.9,NULL,ผ้าอ้อม,,,แพ็ค,8851111403264,100,NULL,FALSE,FALSE,NULL,,,NULL,NULL,NULL,NULL,NULL,NULL,1,NULL
4795,1,101697,มามี่โพโคพรีเมียมเอ็กตร้าเทป S 74 ชิ้น,NULL,NULL,ขย.9,NULL,ผ้าอ้อม,,,แพ็ค,8851111404223,100,NULL,FALSE,FALSE,NULL,,,NULL,NULL,NULL,NULL,NULL,NULL,1,NULL
4796,1,101698,มามี่โพโค เดย์ แอนด์ไนท์ M 74 ชิ้น,NULL,NULL,ขย.9,NULL,ผ้าอ้อม,,,แพ็ค,8851111418565,100,NULL,FALSE,FALSE,NULL,,,NULL,NULL,NULL,NULL,NULL,NULL,1,NULL
4797,1,101699,มามี่โพโคแฮปปี้เพ้น XL 54 ชิ้น,NULL,NULL,ขย.9,NULL,ผ้าอ้อม,,,แพ็ค,8851111420384,100,NULL,FALSE,FALSE,NULL,,,NULL,NULL,NULL,NULL,NULL,NULL,1,NULL
4798,1,101700,มามี่โพโคแฮปปี้เพ้น XXL 48 ชิ้น,NULL,NULL,ขย.9,NULL,ผ้าอ้อม,,,แพ็ค,8851111421091,100,NULL,FALSE,FALSE,NULL,,,NULL,NULL,NULL,NULL,NULL,NULL,1,NULL
4799,1,101701,เบบี้เลิฟเทปจัมโบ้ แรกเกิด NB 56 ชิ้น,NULL,NULL,ขย.9,NULL,ผ้าอ้อม,,,แพ็ค,8850709100011,100,NULL,FALSE,FALSE,NULL,,,NULL,NULL,NULL,NULL,NULL,NULL,1,NULL
4800,1,101702,เบบี้เลิฟ เพลเพ้นพรีเมียม XXL 36ชิ้น,NULL,NULL,ขย.9,NULL,ผ้าอ้อม,,,แพ็ค,8850709201121,100,NULL,FALSE,FALSE,NULL,,,NULL,NULL,NULL,NULL,NULL,NULL,1,NULL
4801,1,101703,เบบี้เลิฟเทปจัมโบ้ L 44 ชิ้น,NULL,NULL,ขย.9,NULL,ผ้าอ้อม,,,แพ็ค,8850709761434,100,NULL,FALSE,FALSE,NULL,,,NULL,NULL,NULL,NULL,NULL,NULL,1,NULL
4802,1,101704,เบบี้เลิฟ เดย์ ไนท์ XL 40ชิ้น,NULL,NULL,ขย.9,NULL,ผ้าอ้อม,,,แพ็ค,8850709761441,100,NULL,FALSE,FALSE,NULL,,,NULL,NULL,NULL,NULL,NULL,NULL,1,NULL
4803,1,101705,เบบี้เลิฟ M 17 ชิ้น,NULL,NULL,ขย.9,NULL,ผ้าอ้อม,,,แพ็ค,8850709761229,100,NULL,FALSE,FALSE,NULL,,,NULL,NULL,NULL,NULL,NULL,NULL,1,NULL
4804,1,101706,มามี่โพโคแฮปปี้แพ้นท์ L62 ชิ้น,NULL,NULL,ขย.9,NULL,ผ้าอ้อม,,,แพ็ค,8851111419425,100,NULL,FALSE,FALSE,NULL,,,NULL,NULL,NULL,NULL,NULL,NULL,1,NULL
4805,1,101707,ผ้ายืดรัดต้นขา tubigrip ไซต์ L,NULL,NULL,ขย.9,NULL,เบ็ดเตล็ด,,,ชิ้น,8852027350109,100,NULL,FALSE,FALSE,NULL,,,NULL,NULL,NULL,NULL,NULL,NULL,1,NULL
4806,1,101708,ผ้าพยุงมือ /ฝ่ามือ tubigrip ไซต์ XL,NULL,NULL,ขย.9,NULL,เบ็ดเตล็ด,,,ชิ้น,8852027352868,100,NULL,FALSE,FALSE,NULL,,,NULL,NULL,NULL,NULL,NULL,NULL,1,NULL
4807,1,101709,ผ้าพยุงหัวเข่า tubigrip ไซต์ XL,NULL,NULL,ขย.9,NULL,เบ็ดเตล็ด,,,ชิ้น,8852027352905,100,NULL,FALSE,FALSE,NULL,,,NULL,NULL,NULL,NULL,NULL,NULL,1,NULL
4808,1,101710,ผ้าพยุงหัวเข่า tubigrip ไซต์ M,NULL,NULL,ขย.9,NULL,เบ็ดเตล็ด,,,ชิ้น,8852027352882,100,NULL,FALSE,FALSE,NULL,,,NULL,NULL,NULL,NULL,NULL,NULL,1,NULL
4809,1,101711,ผ้าพยุงมือ /ฝ่ามือ tubigrip ไซต์ S,NULL,NULL,ขย.9,NULL,เบ็ดเตล็ด,,,ชิ้น,8852027352837,100,NULL,FALSE,FALSE,NULL,,,NULL,NULL,NULL,NULL,NULL,NULL,1,NULL
4810,1,101712,ผ้ายืดรัดข้อมือ/ฝ่ามือ tubigrip ไซต์ L,NULL,NULL,ขย.9,NULL,เบ็ดเตล็ด,,,ชิ้น,8852027349592,100,NULL,FALSE,FALSE,NULL,,,NULL,NULL,NULL,NULL,NULL,NULL,1,NULL
4811,1,101713,tubigrip อุปกรณ์ อุปกรณ์พยุงหัวเข่า Size L,NULL,NULL,ขย.9,NULL,เบ็ดเตล็ด,,,ชิ้น,8852027352899,100,NULL,FALSE,FALSE,NULL,,,NULL,NULL,NULL,NULL,NULL,NULL,1,NULL
4812,1,101714,tubigrip อุปกรณ์พยุงข้อเท้า Size M,NULL,NULL,ขย.9,NULL,เบ็ดเตล็ด,,,ชิ้น,8852027352806,100,NULL,FALSE,FALSE,NULL,,,NULL,NULL,NULL,NULL,NULL,NULL,1,NULL
4813,1,101715,ผ้ายืดรัดข้อเท้า tubigrip ไซต์ L,NULL,NULL,ขย.9,NULL,เบ็ดเตล็ด,,,ชิ้น,8852027349639,100,NULL,FALSE,FALSE,NULL,,,NULL,NULL,NULL,NULL,NULL,NULL,1,NULL
4814,1,101716,3M อุปกรณ์พยุงข้อมือ Futuro freesize,NULL,NULL,ขย.9,NULL,เบ็ดเตล็ด,,,ชิ้น,51131196773,100,NULL,FALSE,FALSE,NULL,,,NULL,NULL,NULL,NULL,NULL,NULL,1,NULL
4815,1,101717,3M Futuro พยุงนิ้วหัวแม่มือ รุ่นสีดำ Size S/M,NULL,NULL,ขย.9,NULL,เบ็ดเตล็ด,,,ชิ้น,51131198555,100,NULL,FALSE,FALSE,NULL,,,NULL,NULL,NULL,NULL,NULL,NULL,1,NULL
4816,1,101718,3M futuro knee support พยุงเข่า S,NULL,NULL,ขย.9,NULL,เบ็ดเตล็ด,,,ชิ้น,51131200982,100,NULL,FALSE,FALSE,NULL,,,NULL,NULL,NULL,NULL,NULL,NULL,1,NULL
4817,1,101719,3M Futuro พยุงข้อเท้า สีดำ ขนาด 17.8-26.7 ซม.,NULL,NULL,ขย.9,NULL,เบ็ดเตล็ด,,,ชิ้น,51131200579,100,NULL,FALSE,FALSE,NULL,,,NULL,NULL,NULL,NULL,NULL,NULL,1,NULL
4818,1,101720,3M อุปกรณ์พยุงข้อเท้า แบบสวม Futuro S,NULL,NULL,ขย.9,NULL,เบ็ดเตล็ด,,,ชิ้น,51131201019,100,NULL,FALSE,FALSE,NULL,,,NULL,NULL,NULL,NULL,NULL,NULL,1,NULL
4819,1,101721,3M อุปกรณ์พยุงข้อเท้า แบบสวม Futuro M,NULL,NULL,ขย.9,NULL,เบ็ดเตล็ด,,,ชิ้น,51131201026,100,NULL,FALSE,FALSE,NULL,,,NULL,NULL,NULL,NULL,NULL,NULL,1,NULL
4820,1,101722,3M อุปกรณ์พยุงข้อเท้า แบบสวม Futuro L,NULL,NULL,ขย.9,NULL,เบ็ดเตล็ด,,,ชิ้น,51131201033,100,NULL,FALSE,FALSE,NULL,,,NULL,NULL,NULL,NULL,NULL,NULL,1,NULL
4821,1,101723,3M อุปกรณ์พยุงข้อเท้า เพิ่มความกระชับ Futuro S,NULL,NULL,ขย.9,NULL,เบ็ดเตล็ด,,,ชิ้น,51131200777,100,NULL,FALSE,FALSE,NULL,,,NULL,NULL,NULL,NULL,NULL,NULL,1,NULL
4822,1,101724,3M อุปกรณ์พยุงข้อเท้า เพิ่มความกระชับ Futuro M,NULL,NULL,ขย.9,NULL,เบ็ดเตล็ด,,,ชิ้น,51131200784,100,NULL,FALSE,FALSE,NULL,,,NULL,NULL,NULL,NULL,NULL,NULL,1,NULL
4823,1,101725,3M อุปกรณ์พยุงข้อเท้า เพิ่มความกระชับ Futuro L,NULL,NULL,ขย.9,NULL,เบ็ดเตล็ด,,,ชิ้น,51131200791,100,NULL,FALSE,FALSE,NULL,,,NULL,NULL,NULL,NULL,NULL,NULL,1,NULL
4824,1,101726,3M อุปกรณ์พยุงหัวเข่า ชนิดเสริมแกนด้านข้าง Futuro M,NULL,NULL,ขย.9,NULL,เบ็ดเตล็ด,,,ชิ้น,51131200746,100,NULL,FALSE,FALSE,NULL,,,NULL,NULL,NULL,NULL,NULL,NULL,1,NULL
4825,1,101727,3M อุปกรณ์พยุงหัวเข่า ชนิดเสริมแกนด้านข้าง Futuro L,NULL,NULL,ขย.9,NULL,เบ็ดเตล็ด,,,ชิ้น,51131200753,100,NULL,FALSE,FALSE,NULL,,,NULL,NULL,NULL,NULL,NULL,NULL,1,NULL
4826,1,101728,Arm sling color standard  พยุงแขน Size S,NULL,NULL,ขย.9,NULL,อุปกรณ์ทางการแพทย์,,,ชิ้น,8859305400112,100,NULL,FALSE,FALSE,NULL,,,NULL,NULL,NULL,NULL,NULL,NULL,1,NULL
4827,1,101729,Arm sling color standard  พยุงแขน Size M,NULL,NULL,ขย.9,NULL,อุปกรณ์ทางการแพทย์,,,ชิ้น,8859305400129,100,NULL,FALSE,FALSE,NULL,,,NULL,NULL,NULL,NULL,NULL,NULL,1,NULL
4828,1,101730,Arm sling color standard  พยุงแขน Size L,NULL,NULL,ขย.9,NULL,อุปกรณ์ทางการแพทย์,,,ชิ้น,8859305400136,100,NULL,FALSE,FALSE,NULL,,,NULL,NULL,NULL,NULL,NULL,NULL,1,NULL
4829,1,101731,Arm sling color standard  พยุงแขน Size XL,NULL,NULL,ขย.9,NULL,อุปกรณ์ทางการแพทย์,,,ชิ้น,8859305400143,100,NULL,FALSE,FALSE,NULL,,,NULL,NULL,NULL,NULL,NULL,NULL,1,NULL
4830,1,101732,Lumbosacral support standard size S,NULL,NULL,ขย.9,NULL,อุปกรณ์ทางการแพทย์,,,กล่อง,8859305402024,100,NULL,FALSE,FALSE,NULL,,,NULL,NULL,NULL,NULL,NULL,NULL,1,NULL
4831,1,101733,Lumbosacral support standard size M,NULL,NULL,ขย.9,NULL,อุปกรณ์ทางการแพทย์,,,กล่อง,8859305402031,100,NULL,FALSE,FALSE,NULL,,,NULL,NULL,NULL,NULL,NULL,NULL,1,NULL
4832,1,101734,Lumbosacral support standard size L,NULL,NULL,ขย.9,NULL,อุปกรณ์ทางการแพทย์,,,กล่อง,8859305402048,100,NULL,FALSE,FALSE,NULL,,,NULL,NULL,NULL,NULL,NULL,NULL,1,NULL
4833,1,101735,Lumbosacral support standard size XL,NULL,NULL,ขย.9,NULL,อุปกรณ์ทางการแพทย์,,,กล่อง,8859305402055,100,NULL,FALSE,FALSE,NULL,,,NULL,NULL,NULL,NULL,NULL,NULL,1,NULL
4834,1,101736,Lumbosacral support มีแกนอลูมิเนียม size S,NULL,NULL,ขย.9,NULL,อุปกรณ์ทางการแพทย์,,,กล่อง,8859305400785,100,NULL,FALSE,FALSE,NULL,,,NULL,NULL,NULL,NULL,NULL,NULL,1,NULL
4835,1,101737,Lumbosacral support มีแกนอลูมิเนียม size M,NULL,NULL,ขย.9,NULL,อุปกรณ์ทางการแพทย์,,,กล่อง,8859305400792,100,NULL,FALSE,FALSE,NULL,,,NULL,NULL,NULL,NULL,NULL,NULL,1,NULL
4836,1,101738,Lumbosacral support มีแกนอลูมิเนียม size L,NULL,NULL,ขย.9,NULL,อุปกรณ์ทางการแพทย์,,,กล่อง,8859305400808,100,NULL,FALSE,FALSE,NULL,,,NULL,NULL,NULL,NULL,NULL,NULL,1,NULL
4837,1,101739,Lumbosacral support มีแกนอลูมิเนียม size XL,NULL,NULL,ขย.9,NULL,อุปกรณ์ทางการแพทย์,,,กล่อง,8859305400815,100,NULL,FALSE,FALSE,NULL,,,NULL,NULL,NULL,NULL,NULL,NULL,1,NULL
4838,1,101740,Industrial back support มีแกนพลาสติกอ่อน size S,NULL,NULL,ขย.9,NULL,อุปกรณ์ทางการแพทย์,,,กล่อง,8859305400020,100,NULL,FALSE,FALSE,NULL,,,NULL,NULL,NULL,NULL,NULL,NULL,1,NULL
4839,1,101741,Industrial back support มีแกนพลาสติกอ่อน size M,NULL,NULL,ขย.9,NULL,อุปกรณ์ทางการแพทย์,,,กล่อง,8859305400037,100,NULL,FALSE,FALSE,NULL,,,NULL,NULL,NULL,NULL,NULL,NULL,1,NULL
4840,1,101742,Industrial back support มีแกนพลาสติกอ่อน size L,NULL,NULL,ขย.9,NULL,อุปกรณ์ทางการแพทย์,,,กล่อง,8859305400044,100,NULL,FALSE,FALSE,NULL,,,NULL,NULL,NULL,NULL,NULL,NULL,1,NULL
4841,1,101743,Industrial back support มีแกนพลาสติกอ่อน size XL,NULL,NULL,ขย.9,NULL,อุปกรณ์ทางการแพทย์,,,กล่อง,8859305400051,100,NULL,FALSE,FALSE,NULL,,,NULL,NULL,NULL,NULL,NULL,NULL,1,NULL
4842,1,101744,I Flex ไอ-เฟล็กซ์ รัดเอว Size M,NULL,NULL,ขย.9,NULL,อุปกรณ์ทางการแพทย์,,,กล่อง,8855045030596,100,NULL,FALSE,FALSE,NULL,,,NULL,NULL,NULL,NULL,NULL,NULL,1,NULL
4843,1,101745,SARA strawberry 250mg/5ml 60ml,PARACETAMOL,NSAIDs,ขย.9,NULL,ยาน้ำสำหรับเด็ก,,,ขวด,8851473008411,100,NULL,FALSE,FALSE,NULL,,,NULL,NULL,NULL,NULL,NULL,NULL,1,NULL
4844,1,101746,Duran 100 mg/5 ml orange 60 ml,IBUPROFEN,NSAIDs,ขย.9,NULL,ยาน้ำสำหรับเด็ก,,,ขวด,8851473000484,100,NULL,FALSE,FALSE,NULL,,,NULL,NULL,NULL,NULL,NULL,NULL,1,NULL
4845,1,101747,BisolvonEX 4/100mg60ml,BROMHEXINE + GUAIFENESIN,MUCOLYTIC,ขย.9,NULL,ยาน้ำสำหรับเด็ก,,,ขวด,8850886103058,100,NULL,FALSE,FALSE,NULL,,,NULL,NULL,NULL,NULL,NULL,NULL,1,NULL
4846,1,101748,Solmax forte 500mg/5ml 60 ml,CARBOCYSTEINE,MUCOLYTIC,ขย.9,NULL,ยาน้ำสำหรับเด็ก,,,ขวด,8858965400661,100,NULL,FALSE,FALSE,NULL,,,NULL,NULL,NULL,NULL,NULL,NULL,1,NULL
4847,1,101749,CISTEINE 250 MG/5ML 60ML,CARBOCYSTEINE,MUCOLYTIC,ขย.9,NULL,ยาน้ำสำหรับเด็ก,,,ขวด,8851473004178,100,NULL,FALSE,FALSE,NULL,,,NULL,NULL,NULL,NULL,NULL,NULL,1,NULL
4848,1,101750,cisteine 100mg/5ml 60ml,CARBOCYSTEINE,MUCOLYTIC,ขย.9,NULL,ยาน้ำสำหรับเด็ก,,,ขวด,8851473004185,100,NULL,FALSE,FALSE,NULL,,,NULL,NULL,NULL,NULL,NULL,NULL,1,NULL
4849,1,101751,mucolid syrup 30mg/5ml 60ml,AMBROXOL,MUCOLYTIC,ขย.9,NULL,ยาน้ำสำหรับเด็ก,,,ขวด,8852294501600,100,NULL,FALSE,FALSE,NULL,,,NULL,NULL,NULL,NULL,NULL,NULL,1,NULL
4850,1,101752,PIP taryne syrup 5 mg/5ml 60 ml,LORATADINE,ANTIHISTAMINES & ANTIALLERGICS,ขย.9,NULL,ยาน้ำสำหรับเด็ก,,,ขวด,8858789804119,100,NULL,FALSE,FALSE,NULL,,,NULL,NULL,NULL,NULL,NULL,NULL,1,NULL
4851,1,101753,NaSolin P.L. syrup 60 ml,CHLORPHEN+PSEUDOEPHEDRINE+DEXTRO,ANTIHISTAMINES & ANTIALLERGICS,ขย.9,NULL,ยาน้ำสำหรับเด็ก,,,ขวด,8851473008886,100,NULL,FALSE,FALSE,NULL,,,NULL,NULL,NULL,NULL,NULL,NULL,1,NULL
4852,1,101754,ลูทีน่า บำรุงสายตา 60 แคปซูล,NULL,NULL,ขย.9,NULL,ยาหู ตา คอ จมูก,,,กล่อง,8857121535544,100,NULL,FALSE,FALSE,NULL,,,NULL,NULL,NULL,NULL,NULL,NULL,1,NULL
4853,1,101755,B-100 COMPLEX inj.50amp,VITAMIN B COMPLEX+MINERAL,VITAMINS & MINERALS,ขย.9,NULL,ยาหู ตา คอ จมูก,,,กล่อง,8853533000083,100,NULL,FALSE,FALSE,NULL,,,NULL,NULL,NULL,NULL,NULL,NULL,1,NULL
4854,1,101756,PERIACTIN 4 MG 10'S,CYPROHEPTADINE,ANTIHISTAMINES & ANTIALLERGICS,ขย.9,NULL,ยาหู ตา คอ จมูก,,,แผง,1772,100,NULL,FALSE,FALSE,NULL,,,NULL,NULL,NULL,NULL,NULL,NULL,1,NULL
4855,1,101757,hista oph eye drops 5ml,ANTAZOLINE+TETRAHYDROZOLINE,ANTIHISTAMINES & ANTIALLERGICS,ขย.9,NULL,ยาหู ตา คอ จมูก,,,ขวด,8854927000948,100,NULL,FALSE,FALSE,NULL,,,NULL,NULL,NULL,NULL,NULL,NULL,1,NULL
4856,1,101758,ReNu eye Drops 8ml,NULL,EYE PREPARATIONS,ขย.9,NULL,ยาหู ตา คอ จมูก,,,ขวด,4891486721468,100,NULL,FALSE,FALSE,NULL,,,NULL,NULL,NULL,NULL,NULL,NULL,1,NULL
4857,1,101759,OPTI-FREE eye Drops 10ml,NULL,EYE PREPARATIONS,ขย.9,NULL,ยาหู ตา คอ จมูก,,,ขวด,300650193320,100,NULL,FALSE,FALSE,NULL,,,NULL,NULL,NULL,NULL,NULL,NULL,1,NULL
4858,1,101760,CLENS 100 eye Drops 8ml,NULL,EYE PREPARATIONS,ขย.9,NULL,ยาหู ตา คอ จมูก,,,ขวด,300650192255,100,NULL,FALSE,FALSE,NULL,,,NULL,NULL,NULL,NULL,NULL,NULL,1,NULL
4859,1,101761,Opsil Tears eye Drops 10ml,HYDROXYPROPYLMETHYLCELLULOSE,EYE PREPARATIONS,ขย.9,NULL,ยาหู ตา คอ จมูก,,,ขวด,8851102004098,100,NULL,FALSE,FALSE,NULL,,,NULL,NULL,NULL,NULL,NULL,NULL,1,NULL
4860,1,101762,BETOSALIC ointment 15g,BETAMETHASONE,STEROIDS,ขย.9,NULL,ยาระบบการติดเชื้อ,,,หลอด,8851881723647,100,NULL,FALSE,FALSE,NULL,,,NULL,NULL,NULL,NULL,NULL,NULL,1,NULL
4861,1,101763,Clinivate-N  15g,BETAMETHASONE + NEOMYCIN,STEROIDS,ขย.9,NULL,ยาระบบการติดเชื้อ,,,หลอด,8853348003811,100,NULL,FALSE,FALSE,NULL,,,NULL,NULL,NULL,NULL,NULL,NULL,1,NULL
4862,1,101764,Clinivate-N  5g,BETAMETHASONE + NEOMYCIN,STEROIDS,ขย.9,NULL,ยาระบบการติดเชื้อ,,,หลอด,8853348003804,100,NULL,FALSE,FALSE,NULL,,,NULL,NULL,NULL,NULL,NULL,NULL,1,NULL
4863,1,101765,Myderm Quad 15g,BETAMETHASONE + GENTAMYCIN,ANTIFUNGALS,ขย.9,NULL,ยาระบบการติดเชื้อ,,,หลอด,8856513006983,100,NULL,FALSE,FALSE,NULL,,,NULL,NULL,NULL,NULL,NULL,NULL,1,NULL
4864,1,101766,CON CON 15ml,SALICYLIC ACID,NULL,ขย.9,NULL,ยาระบบการติดเชื้อ,,,ขวด,8852914200807,100,NULL,FALSE,FALSE,NULL,,,NULL,NULL,NULL,NULL,NULL,NULL,1,NULL
4865,1,101767,ZEMA lotion 15ml,SALICYLIC ACID,NULL,ขย.9,NULL,ยาระบบการติดเชื้อ,,,ขวด,8858670600417,100,NULL,FALSE,FALSE,NULL,,,NULL,NULL,NULL,NULL,NULL,NULL,1,NULL
4866,1,101768,GLUCOSA 1500mg  30x3.95 g,GLUCOSAMINE,NULL,ขย.9,NULL,ยาระบบกล้ามเนื้อ-ข้อต่อ,,,กล่อง,8853348008977,100,NULL,FALSE,FALSE,NULL,,,NULL,NULL,NULL,NULL,NULL,NULL,1,NULL
4867,1,101769,CALHOF PLUS 60 tab,CALCIUM+VITAMIN D,NULL,ขย.9,NULL,ยาระบบกล้ามเนื้อ-ข้อต่อ,,,กล่อง,8854596003776,100,NULL,FALSE,FALSE,NULL,,,NULL,NULL,NULL,NULL,NULL,NULL,1,NULL
4868,1,101770,Ponstan 500 10 tab,MEFENAMIC ACID,NSAIDs,ขย.9,NULL,ยาระบบกล้ามเนื้อ-ข้อต่อ,,,แผง,8850339110527,100,NULL,FALSE,FALSE,NULL,,,NULL,NULL,NULL,NULL,NULL,NULL,1,NULL
4869,1,101771,MYDOCALM,TOLPERISONE,MUSCLE RELAXANTS,ขย.9,NULL,ยาระบบกล้ามเนื้อ-ข้อต่อ,,,กล่อง,8853935011656,100,NULL,FALSE,FALSE,NULL,,,NULL,NULL,NULL,NULL,NULL,NULL,1,NULL
4870,1,101772,ILIADIN (ผู้ใหญ่) 10ml,OXYMETAZOLINE,DECONGESTANTS & OTHER NASAL PR,ขย.9,NULL,ยาใช้เฉพาะที่,,,กล่อง,4987176187987,100,NULL,FALSE,FALSE,NULL,,,NULL,NULL,NULL,NULL,NULL,NULL,1,NULL
4871,1,101773,RHINOCORT AQUA  120 sprays 8.43ml,BUDESONIDE,STEROIDS,ขย.9,NULL,ยาใช้เฉพาะที่,,,กล่อง,8850007850311,100,NULL,FALSE,FALSE,NULL,,,NULL,NULL,NULL,NULL,NULL,NULL,1,NULL
4872,1,101774,FLEMOMILE  ZINC  ADVAVCED Mouth Spray 10ml,ACETYLCYSTEINE,MOUTH/THROAT PREPARATIONS,ขย.9,NULL,ยาระบบทางเดินหายใจ,,,กล่อง,8852027352776,100,NULL,FALSE,FALSE,NULL,,,119,NULL,NULL,NULL,NULL,NULL,1,NULL
4873,1,101775,MIGANO 10 tab,ERGOTAMINE TARTATE + CAFFEINE,NULL,ขย.9,NULL,ยาระบบทางเดินหายใจ,,,กล่อง,8852645248024,100,NULL,FALSE,FALSE,NULL,,,NULL,NULL,NULL,NULL,NULL,NULL,1,NULL
4874,1,101777,Amlodec 5 mg 10's,AMLODIPINE,ANTIHYPERTENSIVES,ขย.9,NULL,ยาในโรคเรื้อรัง (Drug for,,,แผง,8901120002894,100,NULL,FALSE,FALSE,NULL,,,NULL,NULL,NULL,NULL,NULL,NULL,1,NULL
4875,1,101778,Trinolone oral paste 5g,TRIAMCINOLONE,NULL,ขย.9,NULL,ยาใช้เฉพาะที่,,,หลอด,8858860100246,100,NULL,FALSE,FALSE,NULL,,,NULL,NULL,NULL,NULL,NULL,NULL,1,NULL
4876,1,101779,BACTEX 5g,MUPIROCIN,NULL,ขย.9,NULL,ยาใช้เฉพาะที่,,,หลอด,8858670600011,100,NULL,FALSE,FALSE,NULL,,,NULL,NULL,NULL,NULL,NULL,NULL,1,NULL
4877,1,101780,Justima 21tab,DROSPIRENENONE+ETHINYL ESTRADIOL,CONTRACEPTIVE AGENTS,ขย.9,NULL,ยาคุมกำเนิดและฮอร์โมนทดแท,,,กล่อง,8856989001260,100,NULL,FALSE,FALSE,NULL,,,NULL,NULL,NULL,NULL,NULL,NULL,1,NULL
4878,1,101781,FADAVAG 500  1tab,CLOTRIMAZOLE,ANTIFUNGALS,ขย.9,NULL,ยาใช้เฉพาะที่,,,กล่อง,8854596007286,100,NULL,FALSE,FALSE,NULL,,,NULL,NULL,NULL,NULL,NULL,NULL,1,NULL
4879,1,101782,GLUCOSE injection 50% 50ml,GLUCOSE,NULL,ขย.9,NULL,ยาใช้เฉพาะที่,,,ขวด,8854060001802,100,NULL,FALSE,FALSE,NULL,,,NULL,NULL,NULL,NULL,NULL,NULL,1,NULL
4880,1,101783,Vistra Fish Oil 1000mg 75cap,NULL,VITAMINS & MINERALS,ขย.9,NULL,วิตามินและอาหารเสริม,,,ขวด,8858761900471,100,NULL,FALSE,FALSE,NULL,,,NULL,NULL,NULL,NULL,NULL,NULL,1,NULL
4881,1,101784,NATURE BALACE ZINC,ZINC,VITAMINS & MINERALS,ขย.9,NULL,วิตามินและอาหารเสริม,,,ขวด,8853543002312,100,NULL,FALSE,FALSE,NULL,,,NULL,NULL,NULL,NULL,NULL,NULL,1,NULL
4882,1,101785,NATURE BALACE  Biotin,BIOTIN,VITAMINS & MINERALS,ขย.9,NULL,วิตามินและอาหารเสริม,,,ขวด,8853543002251,100,NULL,FALSE,FALSE,NULL,,,NULL,NULL,NULL,NULL,NULL,NULL,1,NULL
4883,1,101786,HARU zinc 15mg 3cap,ZINC,VITAMINS & MINERALS,ขย.9,NULL,วิตามินและอาหารเสริม,,,กล่อง,8856513006907,100,NULL,FALSE,FALSE,NULL,,,NULL,NULL,NULL,NULL,NULL,NULL,1,NULL
4884,1,101787,HARU Biotin Max,BIOTIN,VITAMINS & MINERALS,ขย.9,NULL,วิตามินและอาหารเสริม,,,กล่อง,8856513006655,100,NULL,FALSE,FALSE,NULL,,,NULL,NULL,NULL,NULL,NULL,NULL,1,NULL
4885,1,101788,MaxxLife ZINC 30cap,ZINC,VITAMINS & MINERALS,ขย.9,NULL,วิตามินและอาหารเสริม,,,กล่อง,8858962900379,100,NULL,FALSE,FALSE,NULL,,,NULL,NULL,NULL,NULL,NULL,NULL,1,NULL
4886,1,101789,REGENEZ  Hair Tonic MEGA WE CARE 30ml,NULL,VITAMINS & MINERALS,ขย.9,NULL,วิตามินและอาหารเสริม,,,กล่อง,8850769018523,100,NULL,FALSE,FALSE,NULL,,,NULL,NULL,NULL,NULL,NULL,NULL,1,NULL
4887,1,101790,EQUAL classic 100 sticks,NULL,VITAMINS & MINERALS,ขย.9,NULL,วิตามินและอาหารเสริม,,,กล่อง,8850186100078,100,NULL,FALSE,FALSE,NULL,,,NULL,NULL,NULL,NULL,NULL,NULL,1,NULL
4888,1,101791,Centrum silver  50+  30cap,METHYL SALICYLATE+MENTHOL+EUGENOL,VITAMINS & MINERALS,ขย.9,NULL,วิตามินและอาหารเสริม,,,กล่อง,8851005100057,100,NULL,FALSE,FALSE,NULL,,,340,NULL,NULL,NULL,NULL,NULL,1,NULL
4889,1,101792,Centrum  30 cap,NULL,VITAMINS & MINERALS,ขย.9,NULL,วิตามินและอาหารเสริม,,,กล่อง,8851005100026,100,NULL,FALSE,FALSE,NULL,,,0,0,0,0,0,0,,/uploads/101792_1.jpg
4890,1,101794,AMSEL ZINC 3cap,ZINC,VITAMINS & MINERALS,ขย.9,NULL,วิตามินและอาหารเสริม,,,ขวด,8859090057195,100,NULL,FALSE,FALSE,NULL,,,NULL,NULL,NULL,NULL,NULL,NULL,1,NULL
4891,1,101795,MEGA Ginkgo Biloba 60cap,GINGKO-BILOBA,VITAMINS & MINERALS,ขย.9,NULL,วิตามินและอาหารเสริม,,,กระปุก,8850769001983,100,NULL,FALSE,FALSE,NULL,,,250,NULL,NULL,NULL,NULL,NULL,1,NULL
4892,1,101796,MEGA Fish Oil 1000mg 30cap,NULL,VITAMINS & MINERALS,ขย.9,NULL,วิตามินและอาหารเสริม,,,กระปุก,8850769001907,100,NULL,FALSE,FALSE,NULL,,,NULL,NULL,NULL,NULL,NULL,NULL,1,NULL
4893,1,101797,MEGA D-TOXL 30cap,NULL,VITAMINS & MINERALS,ขย.9,NULL,วิตามินและอาหารเสริม,,,กระปุก,8850769009620,100,NULL,FALSE,FALSE,NULL,,,NULL,NULL,NULL,NULL,NULL,NULL,1,NULL
4894,1,101798,THE CHARMING GARDEN,NULL,VITAMINS & MINERALS,ขย.9,NULL,วิตามินและอาหารเสริม,,,กล่อง,8859510301525,100,NULL,FALSE,FALSE,NULL,,,NULL,NULL,NULL,NULL,NULL,NULL,1,NULL
4895,1,101799,CDR calcium-d-redoxon 15tap,NULL,VITAMINS & MINERALS,ขย.9,NULL,วิตามินและอาหารเสริม,,,หลอด,8850172251111,100,NULL,FALSE,FALSE,NULL,,,NULL,NULL,NULL,NULL,NULL,NULL,1,NULL
4896,1,101800,BEROCCA 15tab,NULL,VITAMINS & MINERALS,ขย.9,NULL,วิตามินและอาหารเสริม,,,หลอด,8850172253009,100,NULL,FALSE,FALSE,NULL,,,NULL,NULL,NULL,NULL,NULL,NULL,1,NULL
4897,1,101801,REDOXON  15Tab,NULL,VITAMINS & MINERALS,ขย.9,NULL,วิตามินและอาหารเสริม,,,หลอด,4057599007657,100,NULL,FALSE,FALSE,NULL,,,NULL,NULL,NULL,NULL,NULL,NULL,1,NULL
4898,1,101802,HICEE vitamin C  15tab,ASCORBIC ACID,VITAMINS & MINERALS,ขย.9,NULL,วิตามินและอาหารเสริม,,,หลอด,8851963066082,100,NULL,FALSE,FALSE,NULL,,,NULL,NULL,NULL,NULL,NULL,NULL,1,NULL
4899,1,101803,MyDERMQuad crem 4 plus 15 gT. MAN,BETAMETHASONE+GENTAMYCIN+TONAFTATE+CLIOQUINOL,ANTIFUNGALS,ขย.9,NULL,ยาระบบการติดเชื้อ,,,หลอด,0,100,NULL,FALSE,FALSE,NULL,,,NULL,NULL,NULL,NULL,NULL,NULL,1,NULL
4900,1,101804,ยาดม ตราแม่กุหลาบห้าม้า 15 กรัม,NULL,NULL,ขย.9,NULL,"ยาสมุนไพร, ยาแผนโบราณ",,,กระปุก,8856570600018,100,NULL,FALSE,FALSE,NULL,,,0,0,0,0,0,0,,/uploads/101804_1.jpg
4901,1,101805,กัมมี่ วิตามินซี 24 กรัม,NULL,NULL,ขย.9,NULL,ยาน้ำสำหรับเด็ก,,,ซอง,8853141825627,100,NULL,FALSE,FALSE,NULL,,,NULL,NULL,NULL,NULL,NULL,NULL,1,NULL
4902,1,101806,2.5% Sellon shampoo 120 ml,SELENIUM SULPHIDE,ANTIFUNGALS,ขย.9,NULL,ยาใช้เฉพาะที่,,,ขวด,8853935013278,100,NULL,FALSE,FALSE,NULL,,,NULL,NULL,NULL,NULL,NULL,NULL,1,NULL
4903,1,101807,clinoderm 15 grams,CLOBETASOL,STEROIDS,ขย.9,NULL,ยาใช้เฉพาะที่,,,หลอด,8853348003613,100,NULL,FALSE,FALSE,NULL,,,NULL,NULL,NULL,NULL,NULL,NULL,1,NULL
4904,1,101808,Clinovir-400 5's,ACICLOVIR,ANTIVIRALS,ขย.9,NULL,ยาระบบการติดเชื้อ,,,แผง,8853348003439,100,NULL,FALSE,FALSE,NULL,,,NULL,NULL,NULL,NULL,NULL,NULL,1,NULL
4905,1,101809,10% diabederm 35 g,UREA,NULL,ขย.9,NULL,ยาใช้เฉพาะที่,,,หลอด,8853348009486,100,NULL,FALSE,FALSE,NULL,,,NULL,NULL,NULL,NULL,NULL,NULL,1,NULL
4906,1,101810,Doproct supp 10's,HYDROCORTISONE,STEROIDS,ขย.9,NULL,ยาใช้เฉพาะที่,,,กล่อง,8858954803022,100,NULL,FALSE,FALSE,NULL,,,NULL,NULL,NULL,NULL,NULL,NULL,1,NULL
4907,1,101811,20% ยูเดีย 30 กรัม (กล่องแดง),UREA,NULL,ขย.9,NULL,ยาใช้เฉพาะที่,,,หลอด,8856513009960,100,NULL,FALSE,FALSE,NULL,,,NULL,NULL,NULL,NULL,NULL,NULL,1,NULL
4908,1,101812,แผ่นเจลลดไข้ ผู้ใหญ่ kool fever Extra cool 2 ชิ้น,NULL,NULL,ขย.9,NULL,อุปกรณ์ทางการแพทย์,,,ซอง,101812,100,NULL,FALSE,FALSE,NULL,,,NULL,NULL,NULL,NULL,NULL,NULL,1,NULL
4909,1,101813,แผ่นเจลลดไข้ ผู้ใหญ่ Bye Bye Fever Super cool 10 ชม. 2 ชิ้น,NULL,NULL,ขย.9,NULL,อุปกรณ์ทางการแพทย์,,,ซอง,4987188567340,100,NULL,FALSE,FALSE,NULL,,,NULL,NULL,NULL,NULL,NULL,NULL,1,NULL
4910,1,101814,ยาน้ำแก้ไอขับเสมหะ I-HERB 60ml,NULL,NULL,ขย.9,NULL,"ยาสมุนไพร, ยาแผนโบราณ",,,ขวด,8855459008754,100,NULL,FALSE,FALSE,NULL,,,NULL,NULL,NULL,NULL,NULL,NULL,1,NULL
4911,1,101815,ยาน้ำแก้ไอมะแว้งผสม เอี๊ยะปอห่อ 60 มล.,NULL,NULL,ขย.9,NULL,"ยาสมุนไพร, ยาแผนโบราณ",,,ขวด,8857109580672,100,NULL,FALSE,FALSE,NULL,,,NULL,NULL,NULL,NULL,NULL,NULL,1,NULL
4912,1,101816,ยาน้ำเอี๊ยะบ่อเช่า C&L สีทอง 350ml,NULL,NULL,ขย.9,NULL,"ยาสมุนไพร, ยาแผนโบราณ",,,กล่อง,8858816690258,100,NULL,FALSE,FALSE,NULL,,,NULL,NULL,NULL,NULL,NULL,NULL,1,NULL
4913,1,101818,Canazol -BE 5g,CLOTRIMAZOLE+BETAMETHASONE,NULL,ขย.9,NULL,ยาระบบการติดเชื้อ,,,กล่อง,8851881702628,100,NULL,FALSE,FALSE,NULL,,,NULL,NULL,NULL,NULL,NULL,NULL,1,NULL
4914,1,101819,Epiduo 0.1%/2.5% gel 15g,BENZOYL PEROXIDE,NULL,ขย.9,NULL,ยาใช้เฉพาะที่,,,กล่อง,3499320010047,100,NULL,FALSE,FALSE,NULL,,,NULL,NULL,NULL,NULL,NULL,NULL,1,NULL
4916,1,101821,กระชายขาว Herbal One 60's,NULL,NULL,ขย.9,NULL,"ยาสมุนไพร, ยาแผนโบราณ",,,กระปุก,8853353500084,100,NULL,FALSE,FALSE,NULL,,,NULL,NULL,NULL,NULL,NULL,NULL,1,NULL
4917,1,101822,ยาน้ำแก้ไอ ยู อี คอฟ CD มะขามป้อม 60 มล.,NULL,NULL,ขย.9,NULL,"ยาสมุนไพร, ยาแผนโบราณ",,,กล่อง,8858704602332,100,NULL,FALSE,FALSE,NULL,,,NULL,NULL,NULL,NULL,NULL,NULL,1,NULL
4918,1,101823,อะโรติกา รัป 35 กรัม,METHYL SALICYLATE+MENTHOL+EUGENOL,NULL,ขย.9,NULL,ยาใช้เฉพาะที่,,,หลอด,8858992500143,100,NULL,FALSE,FALSE,NULL,,,NULL,NULL,NULL,NULL,NULL,NULL,1,NULL
4919,1,101824,ยาหม่องเสลดพังพอน เฌอเอม 65 กรัม,NULL,NULL,ขย.9,NULL,ยาใช้เฉพาะที่,,,กระปุก,8855073002275,100,NULL,FALSE,FALSE,NULL,,,NULL,NULL,NULL,NULL,NULL,NULL,1,NULL
4920,1,101825,ยาน้ำแก้ไอมะขามป้อม ตราแสงดาว 120 ซีซี,NULL,NULL,ขย.9,NULL,"ยาสมุนไพร, ยาแผนโบราณ",,,ขวด,8851124126211,100,NULL,FALSE,FALSE,NULL,,,NULL,NULL,NULL,NULL,NULL,NULL,1,NULL
4921,1,101827,Patar-cap เม็ดแดง 10's,DEXTROMETHORPHAN + GUAIFENESIN,MUCOLYTIC,ขย.9,ขย.11,ยาระบบทางเดินหายใจ,,,แผง,8855011000103,100,NULL,FALSE,FALSE,NULL,,,NULL,NULL,NULL,NULL,NULL,NULL,1,NULL
4922,1,101828,Vidisic gel 10 g,CETRIMIDE,EYE PREPARATIONS,ขย.9,NULL,ยาหู ตา คอ จมูก,,,หลอด,4030571006534,100,NULL,FALSE,FALSE,NULL,,,NULL,NULL,NULL,NULL,NULL,NULL,1,NULL
4923,1,101829,seven seas วิตามินรวมผสมไลซีน 100 มล.,NULL,NULL,ขย.9,NULL,วิตามินและอาหารเสริม,,,ขวด,8994573005352,100,NULL,FALSE,FALSE,NULL,,,NULL,NULL,NULL,NULL,NULL,NULL,1,NULL
4924,1,101831,Kamistad-Gel N Sugar Free 10 g,NULL,NULL,ขย.9,NULL,ยาใช้เฉพาะที่,,,กล่อง,4897003380545,100,NULL,FALSE,FALSE,NULL,,,NULL,NULL,NULL,NULL,NULL,NULL,1,NULL
4925,1,101832,bonjela sugar free 15 g,NULL,NULL,ขย.9,NULL,ยาใช้เฉพาะที่,,,กล่อง,5000158062139,100,NULL,FALSE,FALSE,NULL,,,NULL,NULL,NULL,NULL,NULL,NULL,1,NULL
4926,1,101833,ยาแก้ไอLP น้ำดำตราเสือดาว,NULL,NULL,ขย.9,NULL,"ยาสมุนไพร, ยาแผนโบราณ",,,กล่อง,8853042002998,100,NULL,FALSE,FALSE,NULL,,,NULL,NULL,NULL,NULL,NULL,NULL,1,NULL
4927,1,101834,Gauze Pad 2x2x8,NULL,NULL,ขย.9,NULL,อุปกรณ์ทางการแพทย์,,,ห่อ,8854536000339,100,NULL,FALSE,FALSE,NULL,,,NULL,NULL,NULL,NULL,NULL,NULL,1,NULL
4928,1,101835,น้ำมันมวย 120CC,NULL,NULL,ขย.9,NULL,ยาใช้เฉพาะที่,,,ขวด,8858467000048,100,NULL,FALSE,FALSE,NULL,,,NULL,NULL,NULL,NULL,NULL,NULL,1,NULL
4929,1,101836, Klean&Kare 500 ml  น้ำเกลือจุกแหลม,NULL,NULL,ขย.9,NULL,ยาสามัญประจำบ้าน,,,ขวด,8854060615023,100,NULL,FALSE,FALSE,NULL,,,NULL,NULL,NULL,NULL,NULL,NULL,1,NULL
4930,1,101837,Flemex 60ml,CARBOCYSTEINE,NULL,ขย.9,NULL,ยาหู ตา คอ จมูก,,,กล่อง,8852027349721,100,NULL,FALSE,FALSE,NULL,,,NULL,NULL,NULL,NULL,NULL,NULL,1,NULL
4931,1,101838,B-aspirin 81 mg,ASPIRIN,NULL,ขย.9,NULL,ยาในโรคเรื้อรัง (Drug for,,,แผง,1854,100,NULL,FALSE,FALSE,NULL,,,NULL,NULL,NULL,NULL,NULL,NULL,1,NULL
4932,1,101840,Cardiplot20 10x10,MANIDIPINE,NULL,ขย.9,NULL,ยาในโรคเรื้อรัง (Drug for,,,กล่อง,8852616102065,100,NULL,FALSE,FALSE,NULL,,,NULL,NULL,NULL,NULL,NULL,NULL,1,NULL
4933,1,101841,น้ำมันเขียว ตราแม่มะลิ 5 ml,NULL,NULL,ขย.9,NULL,"ยาสมุนไพร, ยาแผนโบราณ",,,ขวด,101841,100,NULL,FALSE,FALSE,NULL,,,NULL,NULL,NULL,NULL,NULL,NULL,1,NULL
4934,1,101842,Berina  ครีมเปลี่ยนสีผม A27 สีน้ำตาลอ่อนธรรมชาติ,NULL,NULL,NULL,NULL,เครื่องสำอางและสินค้าอุปโภคบริโภค,,,ชิ้น                ,8850398080380,100,NULL,FALSE,FALSE,NULL,,,NULL,NULL,NULL,NULL,NULL,NULL,1,NULL
4935,1,101843,Berina  ครีมเปลี่ยนสีผม A6 สีม่วง,NULL,NULL,NULL,NULL,เครื่องสำอางและสินค้าอุปโภคบริโภค,,,ชิ้น                ,8850398080205,100,NULL,FALSE,FALSE,NULL,,,NULL,NULL,NULL,NULL,NULL,NULL,1,NULL
4936,1,101844,Berina  ครีมเปลี่ยนสีผม A41 สีน้ำเงิน,NULL,NULL,NULL,NULL,เครื่องสำอางและสินค้าอุปโภคบริโภค,,,ชิ้น                ,8850398080526,100,NULL,FALSE,FALSE,NULL,,,NULL,NULL,NULL,NULL,NULL,NULL,1,NULL
4937,1,101845,สีบลอนด์เบจ (VANILLA BEIGE),NULL,NULL,NULL,NULL,เครื่องสำอางและสินค้าอุปโภคบริโภค,,,ชิ้น                ,8851332009474,100,NULL,FALSE,FALSE,NULL,,,NULL,NULL,NULL,NULL,NULL,NULL,1,NULL
4938,1,101846,ลิเซ่โฟมเปลี่ยนสีผม NaturalBlack,NULL,NULL,NULL,NULL,เครื่องสำอางและสินค้าอุปโภคบริโภค,,,ชิ้น                ,8851818053687,100,NULL,FALSE,FALSE,NULL,,,NULL,NULL,NULL,NULL,NULL,NULL,1,NULL
4939,1,101847,ลิเซ่ โฟมเปลี่ยนสีผม dark navy,NULL,NULL,NULL,NULL,เครื่องสำอางและสินค้าอุปโภคบริโภค,,,ชิ้น                ,4901301370372,100,NULL,FALSE,FALSE,NULL,,,NULL,NULL,NULL,NULL,NULL,NULL,1,NULL
4940,1,101848,DIPSO / ดิ๊พโซ่ แฮร์ คัลเลอร์ เบอร์ S08 เอ 8/11,NULL,NULL,NULL,NULL,เครื่องสำอางและสินค้าอุปโภคบริโภค,,,ชิ้น                ,8850518052167,100,NULL,FALSE,FALSE,NULL,,,NULL,NULL,NULL,NULL,NULL,NULL,1,NULL
4941,1,101849,DIPSO / ดิ๊พโซ่ แฮร์ คัลเลอร์ เบอร์ S09 SB 12/81,NULL,NULL,NULL,NULL,เครื่องสำอางและสินค้าอุปโภคบริโภค,,,ชิ้น                ,8850518060049,100,NULL,FALSE,FALSE,NULL,,,NULL,NULL,NULL,NULL,NULL,NULL,1,NULL
4942,1,101850,ครีมยืดผม ชวาร์สคอฟ สเตรท แกลทท์ 0+N / 2+N 120 มล,NULL,NULL,NULL,NULL,เครื่องสำอางและสินค้าอุปโภคบริโภค,,,ชิ้น                ,6924339210685,100,NULL,FALSE,FALSE,NULL,,,NULL,NULL,NULL,NULL,NULL,NULL,1,NULL
4943,1,101851,Lolane พิกเซล ครีมยึดผม สตรอง 110 g V4,NULL,NULL,NULL,NULL,เครื่องสำอางและสินค้าอุปโภคบริโภค,,,ชิ้น                ,8850460989504,100,NULL,FALSE,FALSE,NULL,,,NULL,NULL,NULL,NULL,NULL,NULL,1,NULL
4944,1,101852,Farger Hair Care Expert Color Cream 100 ml 9/12 แกรนิต บราวน์,NULL,NULL,NULL,NULL,เครื่องสำอางและสินค้าอุปโภคบริโภค,,,ชิ้น                ,8858875704972,100,NULL,FALSE,FALSE,NULL,,,NULL,NULL,NULL,NULL,NULL,NULL,1,NULL
4945,1,101853,Lolane Pixxel P44 สีบลอนด์เข้มประกายเขียว,NULL,NULL,NULL,NULL,เครื่องสำอางและสินค้าอุปโภคบริโภค,,,ชิ้น                ,8850460985223,100,NULL,FALSE,FALSE,NULL,,,NULL,NULL,NULL,NULL,NULL,NULL,1,NULL
4946,1,101854,Lolane Pixxel P38 แม่สีน้ำเงิน,NULL,NULL,NULL,NULL,เครื่องสำอางและสินค้าอุปโภคบริโภค,,,ชิ้น                ,8850460989870,100,NULL,FALSE,FALSE,NULL,,,NULL,NULL,NULL,NULL,NULL,NULL,1,NULL
4947,1,101855,DIPSO V8 สีเทาอมเขียวประกายเขียวหมอก ซีจี 3/1,NULL,NULL,NULL,NULL,เครื่องสำอางและสินค้าอุปโภคบริโภค,,,ชิ้น                ,8850518060728,100,NULL,FALSE,FALSE,NULL,,,NULL,NULL,NULL,NULL,NULL,NULL,1,NULL
4948,1,101856,DIPSO VB 27  สีม่วงประกายแดง อาร์วี 5/6,NULL,NULL,NULL,NULL,เครื่องสำอางและสินค้าอุปโภคบริโภค,,,ชิ้น                ,8850518060773,100,NULL,FALSE,FALSE,NULL,,,NULL,NULL,NULL,NULL,NULL,NULL,1,NULL
4949,1,101857,DIPSO V25 สีน้ำตาลช็อคโกแลต บีอาร์ 6/75,NULL,NULL,NULL,NULL,เครื่องสำอางและสินค้าอุปโภคบริโภค,,,ชิ้น                ,8850518080054,100,NULL,FALSE,FALSE,NULL,,,NULL,NULL,NULL,NULL,NULL,NULL,1,NULL
4950,1,101858,Lolane Z-Cool Color Milk Y32 สีเทาหม่นเหลือบเขียว 45 g,NULL,NULL,NULL,NULL,เครื่องสำอางและสินค้าอุปโภคบริโภค,,,ชิ้น                ,8850460981409,100,NULL,FALSE,FALSE,NULL,,,NULL,NULL,NULL,NULL,NULL,NULL,1,NULL
4951,1,101859,Lolane Z-Cool Color Milk Y6 บลอนด์อ่อนหม่นเขียว (Light Green Ash Blonde) 45 g,NULL,NULL,NULL,NULL,เครื่องสำอางและสินค้าอุปโภคบริโภค,,,ชิ้น                ,8850460985810,100,NULL,FALSE,FALSE,NULL,,,NULL,NULL,NULL,NULL,NULL,NULL,1,NULL
4952,1,101860,Lolane Z-Cool Color Milk Y5 บลอนด์ประกายหม่น (Light Golden Ash Blonde) 45 g,NULL,NULL,NULL,NULL,เครื่องสำอางและสินค้าอุปโภคบริโภค,,,ชิ้น                ,8850460985827,100,NULL,FALSE,FALSE,NULL,,,NULL,NULL,NULL,NULL,NULL,NULL,1,NULL
4953,1,101861,Lolane Z-Cool Color Milk Y2 บลอนด์เข้ม (Dark Golden Blonde) 45 g,NULL,NULL,NULL,NULL,เครื่องสำอางและสินค้าอุปโภคบริโภค,,,ชิ้น                ,8850460985858,100,NULL,FALSE,FALSE,NULL,,,NULL,NULL,NULL,NULL,NULL,NULL,1,NULL
4954,1,101862,Lolane Z-Cool Color Milk Y1 บลอนด์อ่อนมาก (Very Light Intense Golden Blonde) 45 g,NULL,NULL,NULL,NULL,เครื่องสำอางและสินค้าอุปโภคบริโภค,,,ชิ้น                ,8850460985865,100,NULL,FALSE,FALSE,NULL,,,NULL,NULL,NULL,NULL,NULL,NULL,1,NULL
4955,1,101863,ลอรีอัลเอกเซลเลนซ์ 1,NULL,NULL,NULL,NULL,เครื่องสำอางและสินค้าอุปโภคบริโภค,,,ชิ้น                ,8850434200154,100,NULL,FALSE,FALSE,NULL,,,NULL,NULL,NULL,NULL,NULL,NULL,1,NULL
4956,1,101864,ลอรีอัลเอกเซลเลนซ์ 4,NULL,NULL,NULL,NULL,เครื่องสำอางและสินค้าอุปโภคบริโภค,,,ชิ้น                ,8850434200215,100,NULL,FALSE,FALSE,NULL,,,NULL,NULL,NULL,NULL,NULL,NULL,1,NULL
4957,1,101865,ลอรีอัลเอกเซลเลนซ์ 7.1,NULL,NULL,NULL,NULL,เครื่องสำอางและสินค้าอุปโภคบริโภค,,,ชิ้น                ,6928820035450,100,NULL,FALSE,FALSE,NULL,,,NULL,NULL,NULL,NULL,NULL,NULL,1,NULL
4958,1,101866,Dcash Mass 50 ml MG802 น้ำตาลทองอ่อน,NULL,NULL,NULL,NULL,เครื่องสำอางและสินค้าอุปโภคบริโภค,,,ชิ้น                ,8851144281044,100,NULL,FALSE,FALSE,NULL,,,NULL,NULL,NULL,NULL,NULL,NULL,1,NULL
4959,1,101867,Dcash Mass 50 ml MR301  น้ำตาลออกแดง,NULL,NULL,NULL,NULL,เครื่องสำอางและสินค้าอุปโภคบริโภค,,,ชิ้น                ,8851144281365,100,NULL,FALSE,FALSE,NULL,,,NULL,NULL,NULL,NULL,NULL,NULL,1,NULL
4960,1,101868,Dcash Mass 50 ml MG801 น้ำตาลประกายทอง,NULL,NULL,NULL,NULL,เครื่องสำอางและสินค้าอุปโภคบริโภค,,,ชิ้น                ,8851144281129,100,NULL,FALSE,FALSE,NULL,,,NULL,NULL,NULL,NULL,NULL,NULL,1,NULL
4961,1,101869,ครีมย้อมผมอีซี่คัลเลอร์ 484 โฉมใหม่ สีน้ำตาลเข้ม 8,NULL,NULL,NULL,NULL,เครื่องสำอางและสินค้าอุปโภคบริโภค,,,ชิ้น                ,8859178707981,100,NULL,FALSE,FALSE,NULL,,,NULL,NULL,NULL,NULL,NULL,NULL,1,NULL
4962,1,101871,ดิ๊พโซ่แว็กหลอดสีส้มประกายทองแดง150มล.,NULL,NULL,NULL,NULL,เครื่องสำอางและสินค้าอุปโภคบริโภค,,,ชิ้น                ,8850518140277,100,NULL,FALSE,FALSE,NULL,,,NULL,NULL,NULL,NULL,NULL,NULL,1,NULL
4963,1,101872,Dipso Hair Color Wax Treatment 150 ml สีม่วงแดง,NULL,NULL,NULL,NULL,เครื่องสำอางและสินค้าอุปโภคบริโภค,,,ชิ้น                ,8850518051597,100,NULL,FALSE,FALSE,NULL,,,NULL,NULL,NULL,NULL,NULL,NULL,1,NULL
4964,1,101873,FG Keratin Hair Color 235ml สีแดง,NULL,NULL,NULL,NULL,เครื่องสำอางและสินค้าอุปโภคบริโภค,,,ชิ้น                ,8858875708277,100,NULL,FALSE,FALSE,NULL,,,NULL,NULL,NULL,NULL,NULL,NULL,1,NULL
4965,1,101874,FG Keratin Hair Color 235ml สีเคลือบ,NULL,NULL,NULL,NULL,เครื่องสำอางและสินค้าอุปโภคบริโภค,,,ชิ้น                ,8858875708222,100,NULL,FALSE,FALSE,NULL,,,NULL,NULL,NULL,NULL,NULL,NULL,1,NULL
4966,1,101875,Loreal revitalift Night,NULL,NULL,NULL,NULL,เครื่องสำอางและสินค้าอุปโภคบริโภค,,,ซอง                 ,8850434174141,100,NULL,FALSE,FALSE,NULL,,,NULL,NULL,NULL,NULL,NULL,NULL,1,NULL
4967,1,101876,ลอรีอัล รีไวทัลลิฟท์ มอยซ์เจอร์ไรซ์ซิ่ง ครีม เดย์ แอนไท ริงเคิล+เรเดียนส์ SPF 35 PA++,NULL,NULL,NULL,NULL,เครื่องสำอางและสินค้าอุปโภคบริโภค,,,ชิ้น                ,8850434174158,100,NULL,FALSE,FALSE,NULL,,,NULL,NULL,NULL,NULL,NULL,NULL,1,NULL
4968,1,101877,Whitamin C Day Cream & Whitamin C Spot Serum 6ml+6ml Cathy Doll,NULL,NULL,NULL,NULL,เครื่องสำอางและสินค้าอุปโภคบริโภค,,,ชิ้น                ,8858842079249,100,NULL,FALSE,FALSE,NULL,,,NULL,NULL,NULL,NULL,NULL,NULL,1,NULL
4969,1,101878,Keumhyeon Vitamin C & Glutathione Plus Ginseng 8ml Bergamo*,NULL,NULL,NULL,NULL,เครื่องสำอางและสินค้าอุปโภคบริโภค,,,ชิ้น                ,8809602020483,100,NULL,FALSE,FALSE,NULL,,,NULL,NULL,NULL,NULL,NULL,NULL,1,NULL
4970,1,101879,lighi HD sivanna01,NULL,NULL,NULL,NULL,เครื่องสำอางและสินค้าอุปโภคบริโภค,,,กล่อง               ,8858994403206,100,NULL,FALSE,FALSE,NULL,,,NULL,NULL,NULL,NULL,NULL,NULL,1,NULL
4971,1,101880,Moods HORSE OIL Aqua Moisturizing Water Lotion (HM171L),NULL,NULL,NULL,NULL,เครื่องสำอางและสินค้าอุปโภคบริโภค,,,ชิ้น                ,8859128305007,100,NULL,FALSE,FALSE,NULL,,,NULL,NULL,NULL,NULL,NULL,NULL,1,NULL
4972,1,101881,Himalaya Since 1930 Under Eye Cream 15 ml ครีมทาใต้ตา,NULL,NULL,NULL,NULL,เครื่องสำอางและสินค้าอุปโภคบริโภค,,,ชิ้น                ,8901138712235,100,NULL,FALSE,FALSE,NULL,,,NULL,NULL,NULL,NULL,NULL,NULL,1,NULL
4973,1,101882,Whitamin C Day Cream 50ml Cathy Doll,NULL,NULL,NULL,NULL,เครื่องสำอางและสินค้าอุปโภคบริโภค,,,ชิ้น                ,8858842079164,100,NULL,FALSE,FALSE,NULL,,,NULL,NULL,NULL,NULL,NULL,NULL,1,NULL
4974,1,101883,นีเวียสเปรย์เอ็กซ์ตร้าซี&อี150มล,NULL,NULL,NULL,NULL,เครื่องสำอางและสินค้าอุปโภคบริโภค,,,ชิ้น                ,8850029035543,100,NULL,FALSE,FALSE,NULL,,,NULL,NULL,NULL,NULL,NULL,NULL,1,NULL
4975,1,101884,White Spa White Mask Roll-on 100 ml.,NULL,NULL,NULL,NULL,เครื่องสำอางและสินค้าอุปโภคบริโภค,,,อัน                 ,8859178706908,100,NULL,FALSE,FALSE,NULL,,,NULL,NULL,NULL,NULL,NULL,NULL,1,NULL
4976,1,101885,Mistine white Spa Roll-on 100 ml.,NULL,NULL,NULL,NULL,เครื่องสำอางและสินค้าอุปโภคบริโภค,,,อัน                 ,8859178706847,100,NULL,FALSE,FALSE,NULL,,,NULL,NULL,NULL,NULL,NULL,NULL,1,NULL
4977,1,101886,กลิ่น แคทลียาโรลออน 50 มล.,NULL,NULL,NULL,NULL,เครื่องสำอางและสินค้าอุปโภคบริโภค,,,ชิ้น                ,8859178709671,100,NULL,FALSE,FALSE,NULL,,,NULL,NULL,NULL,NULL,NULL,NULL,1,NULL
4978,1,101887,White Moon Perfume Lotion 150ml Cathy Doll,NULL,NULL,NULL,NULL,เครื่องสำอางและสินค้าอุปโภคบริโภค,,,ชิ้น                ,8858842087794,100,NULL,FALSE,FALSE,NULL,,,NULL,NULL,NULL,NULL,NULL,NULL,1,NULL
4979,1,101888,มิสทีน ซุปเปอร์ นาโน ไวท์เทนนิ่ง โลชั่น 250 มล.,NULL,NULL,NULL,NULL,เครื่องสำอางและสินค้าอุปโภคบริโภค,,,ชิ้น                ,8859178737858,100,NULL,FALSE,FALSE,NULL,,,NULL,NULL,NULL,NULL,NULL,NULL,1,NULL
4980,1,101889,มิสทีน ซุปเปอร์ ไวท์เทนนิ่ง เนเชอรัล เอเอชเอ ยูวี โลชั่น 250 มล.,NULL,NULL,NULL,NULL,เครื่องสำอางและสินค้าอุปโภคบริโภค,,,ชิ้น                ,8859178743927,100,NULL,FALSE,FALSE,NULL,,,NULL,NULL,NULL,NULL,NULL,NULL,1,NULL
4981,1,101890,ไวท์ สปา โกลด์ คาเวียร์ ชาวเวอร์ ครีม 200 มล.,NULL,NULL,NULL,NULL,เครื่องสำอางและสินค้าอุปโภคบริโภค,,,ชิ้น                ,8859178743538,100,NULL,FALSE,FALSE,NULL,,,NULL,NULL,NULL,NULL,NULL,NULL,1,NULL
4982,1,101891,ไวท์ สปา ไวท์ มัคส์ ชาวเวอร์ ครีม 200 มล.,NULL,NULL,NULL,NULL,เครื่องสำอางและสินค้าอุปโภคบริโภค,,,ชิ้น                ,8859178743514,100,NULL,FALSE,FALSE,NULL,,,NULL,NULL,NULL,NULL,NULL,NULL,1,NULL
4983,1,101892,ไวท์ สปา ไวท์ เบอร์รี่ ชาวเวอร์ ครีม 200 มล.,NULL,NULL,NULL,NULL,เครื่องสำอางและสินค้าอุปโภคบริโภค,,,ชิ้น                ,8859178743545,100,NULL,FALSE,FALSE,NULL,,,NULL,NULL,NULL,NULL,NULL,NULL,1,NULL
4984,1,101893,KA เอ็กซ์เพิร์ท แอนตี้ เมลาสม่า เซรั่ม  ท่าฝ้า 7 g,NULL,NULL,NULL,NULL,เครื่องสำอางและสินค้าอุปโภคบริโภค,,,ชิ้น                ,8850822250631,100,NULL,FALSE,FALSE,NULL,,,NULL,NULL,NULL,NULL,NULL,NULL,1,NULL
4985,1,101894,อะลิเซ่เซรั่มเกาหลีมิราเคิลบูสติ้งซอง7มล.,NULL,NULL,NULL,NULL,เครื่องสำอางและสินค้าอุปโภคบริโภค,,,ชิ้น                ,8850723746486,100,NULL,FALSE,FALSE,NULL,,,NULL,NULL,NULL,NULL,NULL,NULL,1,NULL
4986,1,101895,ครีมอาบน้ำรีเฟรช เอนเนอร์ใจซิ่ง อโรมา 500 มล.,NULL,NULL,NULL,NULL,เครื่องสำอางและสินค้าอุปโภคบริโภค,,,ชิ้น                ,8859178710783,100,NULL,FALSE,FALSE,NULL,,,NULL,NULL,NULL,NULL,NULL,NULL,1,NULL
4987,1,101896,ครีมอาบน้ำมะหาด ชาวเวอร์ ครีม 500 มล.,NULL,NULL,NULL,NULL,เครื่องสำอางและสินค้าอุปโภคบริโภค,,,ชิ้น                ,8859178707592,100,NULL,FALSE,FALSE,NULL,,,NULL,NULL,NULL,NULL,NULL,NULL,1,NULL
4988,1,101897,Palmolive Naturals Irresistible Softness Shower Milk 500 ml,NULL,NULL,NULL,NULL,เครื่องสำอางและสินค้าอุปโภคบริโภค,,,ชิ้น                ,8850006480892,100,NULL,FALSE,FALSE,NULL,,,NULL,NULL,NULL,NULL,NULL,NULL,1,NULL
4989,1,101898,ท็อป คันทรี่ ชาวเวอร์ 500 มล.ฟรี ท็อป คันทรี แอคเนย์,NULL,NULL,NULL,NULL,เครื่องสำอางและสินค้าอุปโภคบริโภค,,,ชิ้น                ,8859178740971,100,NULL,FALSE,FALSE,NULL,,,NULL,NULL,NULL,NULL,NULL,NULL,1,NULL
4990,1,101899,มิสทีน ซุปเปอร์ นาโน ไวท์เทนนิ่ง โลชั่น 400 มล.,NULL,NULL,NULL,NULL,เครื่องสำอางและสินค้าอุปโภคบริโภค,,,ชิ้น                ,8859178738190,100,NULL,FALSE,FALSE,NULL,,,NULL,NULL,NULL,NULL,NULL,NULL,1,NULL
4991,1,101900,Karmart Browit Professional Clean Eye &Lip เช็ดเครื่องสำอาง 45 ml,NULL,NULL,NULL,NULL,เครื่องสำอางและสินค้าอุปโภคบริโภค,,,ชิ้น                ,8858842087916,100,NULL,FALSE,FALSE,NULL,,,NULL,NULL,NULL,NULL,NULL,NULL,1,NULL
4992,1,101901,30% Sea Water Essence Mist 110ml Cathy Doll,NULL,NULL,NULL,NULL,เครื่องสำอางและสินค้าอุปโภคบริโภค,,,ชิ้น                ,8858842079379,100,NULL,FALSE,FALSE,NULL,,,NULL,NULL,NULL,NULL,NULL,NULL,1,NULL
4993,1,101902,Cathy Doll Bright Up Cleansing Water,NULL,NULL,NULL,NULL,เครื่องสำอางและสินค้าอุปโภคบริโภค,,,ชิ้น                ,8858842073124,100,NULL,FALSE,FALSE,NULL,,,NULL,NULL,NULL,NULL,NULL,NULL,1,NULL
4994,1,101903,Lifeford Cica Micellar Cleansing  Water,NULL,NULL,NULL,NULL,เครื่องสำอางและสินค้าอุปโภคบริโภค,,,ชิ้น                ,8858072002215,100,NULL,FALSE,FALSE,NULL,,,NULL,NULL,NULL,NULL,NULL,NULL,1,NULL
4995,1,101904,Vanekaa Orange Hyaluronic Acid Ampoule Essence Lotion 500ml,NULL,NULL,NULL,NULL,เครื่องสำอางและสินค้าอุปโภคบริโภค,,,ชิ้น                ,6937624458075,100,NULL,FALSE,FALSE,NULL,,,NULL,NULL,NULL,NULL,NULL,NULL,1,NULL
4996,1,101905,ไลฟ์ฟอร์ด วิซ ฮาเซล & โรส วิเตอร์ เฟซ โทนเนอร์ต เซรั่ม 280 ml,NULL,NULL,NULL,NULL,เครื่องสำอางและสินค้าอุปโภคบริโภค,,,ชิ้น                ,8858072002253,100,NULL,FALSE,FALSE,NULL,,,NULL,NULL,NULL,NULL,NULL,NULL,1,NULL
4997,1,101906,ไลฟ์ฟอร์ด ไซกา ทรานซามิค แอซิค รีเฟรชชิ่ง เฟช เซรั่ม 280 ml,NULL,NULL,NULL,NULL,เครื่องสำอางและสินค้าอุปโภคบริโภค,,,ชิ้น                ,8858072002185,100,NULL,FALSE,FALSE,NULL,,,NULL,NULL,NULL,NULL,NULL,NULL,1,NULL
4998,1,101907,ไลฟ์ฟอร์ด วิท ซี ไวท์เทนนิ่ง เฟซ   เซรั่ม 280 ml,NULL,NULL,NULL,NULL,เครื่องสำอางและสินค้าอุปโภคบริโภค,,,ชิ้น                ,8858072002208,100,NULL,FALSE,FALSE,NULL,,,NULL,NULL,NULL,NULL,NULL,NULL,1,NULL
4999,1,101908,ฮาดะมิเรอิไวท์เทนนิ่งน้ำตบ180มล(มิวมิว),NULL,NULL,NULL,NULL,เครื่องสำอางและสินค้าอุปโภคบริโภค,,,ชิ้น                ,8856155000042,100,NULL,FALSE,FALSE,NULL,,,NULL,NULL,NULL,NULL,NULL,NULL,1,NULL
5000,1,101909,Bioderma Sebium Gel moussant 200 ml,NULL,NULL,NULL,NULL,เครื่องสำอางและสินค้าอุปโภคบริโภค,,,ชิ้น                ,8859362000232,100,NULL,FALSE,FALSE,NULL,,,NULL,NULL,NULL,NULL,NULL,NULL,1,NULL
5001,1,101910,Bioderma Sebium H2O 100 ml,NULL,NULL,NULL,NULL,เครื่องสำอางและสินค้าอุปโภคบริโภค,,,ชิ้น                ,8859362000201,100,NULL,FALSE,FALSE,NULL,,,NULL,NULL,NULL,NULL,NULL,NULL,1,NULL
5002,1,101911,มิลค์กี้เคล็นซิ่งโลชั่น 100 มล.,NULL,NULL,NULL,NULL,เครื่องสำอางและสินค้าอุปโภคบริโภค,,,ชิ้น                ,8855629003855,100,NULL,FALSE,FALSE,NULL,,,NULL,NULL,NULL,NULL,NULL,NULL,1,NULL
5003,1,101912,KA ไวท์โฟม 50 g,NULL,NULL,NULL,NULL,เครื่องสำอางและสินค้าอุปโภคบริโภค,,,ชิ้น                ,8850822185025,100,NULL,FALSE,FALSE,NULL,,,NULL,NULL,NULL,NULL,NULL,NULL,1,NULL
5004,1,101913,KA วิฟโฟมล้างหน้า 50 g,NULL,NULL,NULL,NULL,เครื่องสำอางและสินค้าอุปโภคบริโภค,,,ชิ้น                ,8850822220252,100,NULL,FALSE,FALSE,NULL,,,NULL,NULL,NULL,NULL,NULL,NULL,1,NULL
5005,1,101914,Senka Perfect Whip White Clay,NULL,NULL,NULL,NULL,เครื่องสำอางและสินค้าอุปโภคบริโภค,,,ชิ้น                ,4901872451708,100,NULL,FALSE,FALSE,NULL,,,NULL,NULL,NULL,NULL,NULL,NULL,1,NULL
5006,1,101915,Senka Perfect Whip Collage,NULL,NULL,NULL,NULL,เครื่องสำอางและสินค้าอุปโภคบริโภค,,,ชิ้น                ,4901872462087,100,NULL,FALSE,FALSE,NULL,,,NULL,NULL,NULL,NULL,NULL,NULL,1,NULL
5007,1,101916,Hya Cushion Facial Foam Cleanser 120ml Cathy Doll,ACETYLCYSTEINE,MOUTH/THROAT PREPARATIONS,ขย.9,NULL,เครื่องสำอางและสินค้าอุปโภคบริโภค,,,ขวด,8858842073605,100,NULL,FALSE,FALSE,NULL,,,60,NULL,NULL,NULL,NULL,NULL,1,NULL
5008,1,101917,Acne Solution Serum Foam Cleanser 100ml (New Package) Cathy Doll,ACETYLCYSTEINE,ANTIDIARRHOEALS,ขย.9,NULL,เครื่องสำอางและสินค้าอุปโภคบริโภค,,,ขวด,8809203130536,100,NULL,FALSE,FALSE,NULL,,,60,NULL,NULL,NULL,NULL,NULL,1,NULL
5009,1,101918,Make Up Remover Toner & Serum Foam Cleanser 100ml (New Package) Cathy Doll,ACETYLCYSTEINE,ANTIDIARRHOEALS,ขย.9,NULL,เครื่องสำอางและสินค้าอุปโภคบริโภค,,,ขวด,8809203130604,100,NULL,FALSE,FALSE,NULL,,,59,NULL,NULL,NULL,NULL,NULL,1,NULL
5010,1,101919,Clean and Clear Natural Bright Face Wash 50 ml,ACETYLCYSTEINE,ANTIDIARRHOEALS,ขย.9,NULL,เครื่องสำอางและสินค้าอุปโภคบริโภค,,,ขวด,8850007652601,100,NULL,FALSE,FALSE,NULL,,,75,NULL,NULL,NULL,NULL,NULL,1,NULL
5011,1,101920,Clean and Clear Foaming Face wash 50 ml,NULL,NULL,NULL,NULL,เครื่องสำอางและสินค้าอุปโภคบริโภค,,,ชิ้น                ,88531472,100,NULL,FALSE,FALSE,NULL,,,NULL,NULL,NULL,NULL,NULL,NULL,1,NULL
5012,1,101921,Clean and Clear Morning Energy Gel Cleanser Energizing Berry 100 ml,NULL,NULL,NULL,NULL,เครื่องสำอางและสินค้าอุปโภคบริโภค,,,ชิ้น                ,8850007652076,100,NULL,FALSE,FALSE,NULL,,,NULL,NULL,NULL,NULL,NULL,NULL,1,NULL
5013,1,101922,Clean and Clear Morning Energy Gel Cleanser Energizing Berry 100 ml,NULL,NULL,NULL,NULL,เครื่องสำอางและสินค้าอุปโภคบริโภค,,,ชิ้น                ,8850007652076,100,NULL,FALSE,FALSE,NULL,,,NULL,NULL,NULL,NULL,NULL,NULL,1,NULL
5014,1,101923,Clean and Clear Morning Energy Gel Cleanser Brightening Lemon 100 ml,NULL,NULL,NULL,NULL,เครื่องสำอางและสินค้าอุปโภคบริโภค,,,ชิ้น                ,8850007652083,100,NULL,FALSE,FALSE,NULL,,,NULL,NULL,NULL,NULL,NULL,NULL,1,NULL
5015,1,101924,คลีน & แคร์ดีพเคล็นซิ่งโลชั่น (ผิวผสม) 120 ml,NULL,NULL,NULL,NULL,เครื่องสำอางและสินค้าอุปโภคบริโภค,,,ชิ้น                ,8859178710127,100,NULL,FALSE,FALSE,NULL,,,NULL,NULL,NULL,NULL,NULL,NULL,1,NULL
5016,1,101925,Baby Bright Watermelon & Hya Facial Foam,NULL,NULL,NULL,NULL,เครื่องสำอางและสินค้าอุปโภคบริโภค,,,ชิ้น                ,8858842083451,100,NULL,FALSE,FALSE,NULL,,,NULL,NULL,NULL,NULL,NULL,NULL,1,NULL
5017,1,101926,POND'S White Beauty Facial Foam 15 g,NULL,NULL,NULL,NULL,เครื่องสำอางและสินค้าอุปโภคบริโภค,,,ชิ้น                ,8851932179577,100,NULL,FALSE,FALSE,NULL,,,NULL,NULL,NULL,NULL,NULL,NULL,1,NULL
5018,1,101927,MAENAY Scrub Soap สบู่แม่นายขัดผิวขาว 50 g,ACETYLCYSTEINE,MOUTH/THROAT PREPARATIONS,ขย.9,NULL,เครื่องสำอางและสินค้าอุปโภคบริโภค,,,ขวด,6133,100,NULL,FALSE,FALSE,NULL,,,30,NULL,NULL,NULL,NULL,NULL,1,NULL
5019,1,101928,เรยาฮานาโกะสบู่มะละกอ160กรัม,NULL,NULL,NULL,NULL,เครื่องสำอางและสินค้าอุปโภคบริโภค,,,ชิ้น                ,8858902509358,100,NULL,FALSE,FALSE,NULL,,,NULL,NULL,NULL,NULL,NULL,NULL,1,NULL
5020,1,101929,แป้งหอมโรยตัวบลอสซั่มพิ้งค์โรส 100 กรัม,NULL,NULL,NULL,NULL,เครื่องสำอางและสินค้าอุปโภคบริโภค,,,ชิ้น                ,8859178709657,100,NULL,FALSE,FALSE,NULL,,,NULL,NULL,NULL,NULL,NULL,NULL,1,NULL
5021,1,101930,ทานาคา ทัลคัม พาวเดอร์ 100 กรัม,NULL,NULL,NULL,NULL,เครื่องสำอางและสินค้าอุปโภคบริโภค,,,ชิ้น                ,8855629005262,100,NULL,FALSE,FALSE,NULL,,,NULL,NULL,NULL,NULL,NULL,NULL,1,NULL
5022,1,101931,Sissano 60 g  ครีมมะละกอรอยดำตามตัว ขาวใน 3 วัน,NULL,NULL,NULL,NULL,เครื่องสำอางและสินค้าอุปโภคบริโภค,,,ชิ้น                ,9999999999276,100,NULL,FALSE,FALSE,NULL,,,NULL,NULL,NULL,NULL,NULL,NULL,1,NULL
5023,1,101932,C & E Rose & Strawberry Body Lotion 150ml Baby Bright,NULL,NULL,NULL,NULL,เครื่องสำอางและสินค้าอุปโภคบริโภค,,,ชิ้น                ,8858842086742,100,NULL,FALSE,FALSE,NULL,,,NULL,NULL,NULL,NULL,NULL,NULL,1,NULL
5024,1,101933,UV+LED Nail Lamp เครื่อง UV อบเล็บ,NULL,NULL,NULL,NULL,เครื่องสำอางและสินค้าอุปโภคบริโภค,,,ชิ้น                ,4963,100,NULL,FALSE,FALSE,NULL,,,NULL,NULL,NULL,NULL,NULL,NULL,1,NULL
5025,1,101934,เครื่องนวดหน้า ผลักครีม ยกกระชับ นวดหน้า สปาหน้า สปา SPA,NULL,NULL,NULL,NULL,เครื่องสำอางและสินค้าอุปโภคบริโภค,,,ชิ้น                ,6548,100,NULL,FALSE,FALSE,NULL,,,NULL,NULL,NULL,NULL,NULL,NULL,1,NULL
5026,1,101935,Face Massage Beauty เครื่องนวดหน้าอัลตร้าโซนิค ผลักครีม กระชับรูขมขน มีถ่านพร้อมใช้ 1ก้อน,NULL,NULL,NULL,NULL,เครื่องสำอางและสินค้าอุปโภคบริโภค,,,ชิ้น                ,6956996709721,100,NULL,FALSE,FALSE,NULL,,,NULL,NULL,NULL,NULL,NULL,NULL,1,NULL
5027,1,101936,แป้ง ไวท์สปา ยูวี ไวท์ เพอร์ฟูม ทัล 200 กรัม,NULL,NULL,NULL,NULL,เครื่องสำอางและสินค้าอุปโภคบริโภค,,,ชิ้น                ,8859178709572,100,NULL,FALSE,FALSE,NULL,,,NULL,NULL,NULL,NULL,NULL,NULL,1,NULL
5028,1,101937,แป้งหอมโรยตัว มิสทินไวท์สปาไวท์มัสค์200กรัม,NULL,NULL,NULL,NULL,เครื่องสำอางและสินค้าอุปโภคบริโภค,,,ขวด                 ,8859178709619,100,NULL,FALSE,FALSE,NULL,,,NULL,NULL,NULL,NULL,NULL,NULL,1,NULL
5029,1,101938,มิสทีน แป้ง สวีท แอนด์ บิวตี้ฟูล เพอร์ฟูม ทัลค์ 200 กรัม,NULL,NULL,NULL,NULL,เครื่องสำอางและสินค้าอุปโภคบริโภค,,,ชิ้น                ,8859178706748,100,NULL,FALSE,FALSE,NULL,,,NULL,NULL,NULL,NULL,NULL,NULL,1,NULL
5030,1,101939,แบ่งหอมโรยตัว กลิ่นแคทลียา เพอร์ฟูม ทัล 100 กรัม,NULL,NULL,NULL,NULL,เครื่องสำอางและสินค้าอุปโภคบริโภค,,,ชิ้น                ,8859178709558,100,NULL,FALSE,FALSE,NULL,,,NULL,NULL,NULL,NULL,NULL,NULL,1,NULL
5031,1,101940,แป้งสวีท&บิวตี้ 100 กรัม,NULL,NULL,NULL,NULL,เครื่องสำอางและสินค้าอุปโภคบริโภค,,,ชิ้น                ,8859178706731,100,NULL,FALSE,FALSE,NULL,,,NULL,NULL,NULL,NULL,NULL,NULL,1,NULL
5032,1,101941,เอบอนเน่เกลือสปาไวเทนนึ่งลูกพืชB3 350กรัม,NULL,NULL,NULL,NULL,เครื่องสำอางและสินค้าอุปโภคบริโภค,,,ชิ้น                ,8857087001305,100,NULL,FALSE,FALSE,NULL,,,NULL,NULL,NULL,NULL,NULL,NULL,1,NULL
5033,1,101942,เดอลิเซ่เกลือสปาว่านหางจระเข้800กรัม,NULL,NULL,NULL,NULL,เครื่องสำอางและสินค้าอุปโภคบริโภค,,,ชิ้น                ,8858947902428,100,NULL,FALSE,FALSE,NULL,,,NULL,NULL,NULL,NULL,NULL,NULL,1,NULL
5034,1,101943,แป้งหอมแคทลียา 400 กรัม,NULL,NULL,NULL,NULL,เครื่องสำอางและสินค้าอุปโภคบริโภค,,,ชิ้น                ,8859178709565,100,NULL,FALSE,FALSE,NULL,,,NULL,NULL,NULL,NULL,NULL,NULL,1,NULL
5035,1,101944,แป้งเย็น Protex  บลอสซัม  280 กรัม ,NULL,NULL,ขย.9,NULL,เครื่องสำอางและสินค้าอุปโภคบริโภค,,,ขวด                 ,8850006675052,100,NULL,FALSE,FALSE,NULL,,,NULL,NULL,NULL,NULL,NULL,NULL,1,NULL
5036,1,101945,แป้งเย็น Protex ฟลอรัล พิงค์ 280 กรัม ,NULL,NULL,ขย.9,NULL,เครื่องสำอางและสินค้าอุปโภคบริโภค,,,ขวด                 ,8850006605806,100,NULL,FALSE,FALSE,NULL,,,NULL,NULL,NULL,NULL,NULL,NULL,1,NULL
5037,1,101946,แป้งเย็น นกแก้ว (ชมพู) 260 กรัม,NULL,NULL,NULL,NULL,เครื่องสำอางและสินค้าอุปโภคบริโภค,,,ขวด                 ,8851929021438,100,NULL,FALSE,FALSE,NULL,,,NULL,NULL,NULL,NULL,NULL,NULL,1,NULL
5038,1,101947,LUOFMISS แฮนด์ครีม ครีมบำรุงผิวมือ ครีมทามือ สูตรผลไม้ 30 g. Moisture Hand Cream,NULL,NULL,NULL,NULL,เครื่องสำอางและสินค้าอุปโภคบริโภค,,,ชิ้น                ,6941349366119,100,NULL,FALSE,FALSE,NULL,,,NULL,NULL,NULL,NULL,NULL,NULL,1,NULL
5039,1,101948,Polka ทาส้นเท้าแตก,NULL,NULL,NULL,NULL,เครื่องสำอางและสินค้าอุปโภคบริโภค,,,กล่อง               ,8850822140109,100,NULL,FALSE,FALSE,NULL,,,NULL,NULL,NULL,NULL,NULL,NULL,1,NULL
5040,1,101949,นวดหน้าอกอิสมี 100g,NULL,NULL,NULL,NULL,เครื่องสำอางและสินค้าอุปโภคบริโภค,,,ชิ้น                ,8852522027070,100,NULL,FALSE,FALSE,NULL,,,NULL,NULL,NULL,NULL,NULL,NULL,1,NULL
5041,1,101950,เอบอนเน่เกลือขัดผิวแตงโม350g,NULL,NULL,NULL,NULL,เครื่องสำอางและสินค้าอุปโภคบริโภค,,,ชิ้น                ,8857087001329,100,NULL,FALSE,FALSE,NULL,,,NULL,NULL,NULL,NULL,NULL,NULL,1,NULL
5042,1,101951,เบซซี่เลอสกินบอดี้แว็กซ์/ 10แผ่น,NULL,NULL,NULL,NULL,เครื่องสำอางและสินค้าอุปโภคบริโภค,,,ชิ้น                ,8859092800607,100,NULL,FALSE,FALSE,NULL,,,NULL,NULL,NULL,NULL,NULL,NULL,1,NULL
5043,1,101952,Moods Snail Gold Starry Facial Treatment Mask,NULL,NULL,NULL,NULL,เครื่องสำอางและสินค้าอุปโภคบริโภค,,,ชิ้น                ,8859128305342,100,NULL,FALSE,FALSE,NULL,,,NULL,NULL,NULL,NULL,NULL,NULL,1,NULL
5044,1,101953,EAST SKIN Lemon Moisturizing Facial Mask,NULL,NULL,NULL,NULL,เครื่องสำอางและสินค้าอุปโภคบริโภค,,,ชิ้น                ,8859128304024,100,NULL,FALSE,FALSE,NULL,,,NULL,NULL,NULL,NULL,NULL,NULL,1,NULL
5045,1,101954,โรจูคิสมาคหน้าสูตรแอคเน่25มล.,NULL,NULL,NULL,NULL,เครื่องสำอางและสินค้าอุปโภคบริโภค,,,ชิ้น                ,8809474498755,100,NULL,FALSE,FALSE,NULL,,,NULL,NULL,NULL,NULL,NULL,NULL,1,NULL
5046,1,101955,โรจูคิสมาคหน้าสูตรเฟิร์ม25มล.,NULL,NULL,NULL,NULL,เครื่องสำอางและสินค้าอุปโภคบริโภค,,,ชิ้น                ,8809057515671,100,NULL,FALSE,FALSE,NULL,,,NULL,NULL,NULL,NULL,NULL,NULL,1,NULL
5047,1,101956,Moods Watermelon Moist and Smooth,NULL,NULL,NULL,NULL,เครื่องสำอางและสินค้าอุปโภคบริโภค,,,ชิ้น                ,8859128305762,100,NULL,FALSE,FALSE,NULL,,,NULL,NULL,NULL,NULL,NULL,NULL,1,NULL
5048,1,101957,mask  ส้ม,NULL,NULL,NULL,NULL,เครื่องสำอางและสินค้าอุปโภคบริโภค,,,ซอง                 ,8859128303799,100,NULL,FALSE,FALSE,NULL,,,NULL,NULL,NULL,NULL,NULL,NULL,1,NULL
5049,1,101958,Tomato Mosisturizing,NULL,NULL,NULL,NULL,เครื่องสำอางและสินค้าอุปโภคบริโภค,,,ชิ้น                ,8859128304000,100,NULL,FALSE,FALSE,NULL,,,NULL,NULL,NULL,NULL,NULL,NULL,1,NULL
5050,1,101959,Lively Carrot Mask 25g (EXP) Cathy Doll (F) Sweety Recipe,NULL,NULL,ขย.9,NULL,เครื่องสำอางและสินค้าอุปโภคบริโภค,,,ชิ้น                ,8809396170098,100,NULL,FALSE,FALSE,NULL,,,NULL,NULL,NULL,NULL,NULL,NULL,1,NULL
5051,1,101960,mask cucumber แตงกวา,NULL,NULL,NULL,NULL,เครื่องสำอางและสินค้าอุปโภคบริโภค,,,ซอง                 ,8859128303959,100,NULL,FALSE,FALSE,NULL,,,NULL,NULL,NULL,NULL,NULL,NULL,1,NULL
5052,1,101961,Shiny Purple Cabbage Mask 25g (EXP) Cathy Doll (F) Sweety Recipe,NULL,NULL,NULL,NULL,เครื่องสำอางและสินค้าอุปโภคบริโภค,,,ชิ้น                ,8809396170128,100,NULL,FALSE,FALSE,NULL,,,NULL,NULL,NULL,NULL,NULL,NULL,1,NULL
5053,1,101962,BELOV ALOE VERA Moisturizing Facial Mask (JI0041As),NULL,NULL,NULL,NULL,เครื่องสำอางและสินค้าอุปโภคบริโภค,,,ชิ้น                ,8859128303980,100,NULL,FALSE,FALSE,NULL,,,NULL,NULL,NULL,NULL,NULL,NULL,1,NULL
5054,1,101963,สบู่ไซโกโนะ60กรัม,NULL,NULL,NULL,NULL,เครื่องสำอางและสินค้าอุปโภคบริโภค,,,ชิ้น                ,5971,100,NULL,FALSE,FALSE,NULL,,,NULL,NULL,NULL,NULL,NULL,NULL,1,NULL
5055,1,101965,มาดามเฮงไวท์สปาสูตร150กรัม,NULL,NULL,NULL,NULL,เครื่องสำอางและสินค้าอุปโภคบริโภค,,,ชิ้น                ,8853502010693,100,NULL,FALSE,FALSE,NULL,,,NULL,NULL,NULL,NULL,NULL,NULL,1,NULL
5056,1,101967,ยาสีฟัน กลิ่นผลไม้ ฟันขาว ป้องกันฟันพุ ลดกลิ่นปาก องุ่น-น้ำผึ้ง,NULL,NULL,NULL,NULL,เครื่องสำอางและสินค้าอุปโภคบริโภค,,,ชิ้น                ,6973702830043,100,NULL,FALSE,FALSE,NULL,,,NULL,NULL,NULL,NULL,NULL,NULL,1,NULL
5057,1,101968,ยาสีฟัน กลิ่นผลไม้ ฟันขาว ป้องกันฟันพุ ลดกลิ่นปาก พีช-น้ำผึ้ง,NULL,NULL,NULL,NULL,เครื่องสำอางและสินค้าอุปโภคบริโภค,,,ชิ้น                ,6973702830050,100,NULL,FALSE,FALSE,NULL,,,NULL,NULL,NULL,NULL,NULL,NULL,1,NULL
5058,1,101969,เอ็ิกซ์คิวท์ มี ซิมพลี ยาสีฟัน สูตร เฮร์บ แอคทีฟ เฟรชฟันขาว 30 g.,NULL,NULL,NULL,NULL,เครื่องสำอางและสินค้าอุปโภคบริโภค,,,ชิ้น                ,8859175233018,100,NULL,FALSE,FALSE,NULL,,,NULL,NULL,NULL,NULL,NULL,NULL,1,NULL
5059,1,101971,ซิสเท็มมา เชอร์รี่ บลอสซัม อัลตร้า แคร์&โพรเทคท์ 40 g,NULL,NULL,NULL,NULL,เครื่องสำอางและสินค้าอุปโภคบริโภค,,,ชิ้น                ,8850002020429,100,NULL,FALSE,FALSE,NULL,,,NULL,NULL,NULL,NULL,NULL,NULL,1,NULL
5060,1,101974,เอบีน่า - สบู่ทองคำ สำหรับหน้าฝ้า 30 g,NULL,NULL,NULL,NULL,เครื่องสำอางและสินค้าอุปโภคบริโภค,,,ชิ้น                ,8858882501090,100,NULL,FALSE,FALSE,NULL,,,NULL,NULL,NULL,NULL,NULL,NULL,1,NULL
5061,1,101975,เดอลีฟสบู่ทับทิม100g,NULL,NULL,NULL,NULL,เครื่องสำอางและสินค้าอุปโภคบริโภค,,,ชิ้น                ,8859239402091,100,NULL,FALSE,FALSE,NULL,,,NULL,NULL,NULL,NULL,NULL,NULL,1,NULL
5062,1,101983,เอ็กซ์คิวมีครีมบํารุงเส้นผมเอ็กซ์มอยส์ตร้าสีชมพู 220มล.,NULL,NULL,NULL,NULL,เครื่องสำอางและสินค้าอุปโภคบริโภค,,,ชิ้น                ,8851144652110,100,NULL,FALSE,FALSE,NULL,,,NULL,NULL,NULL,NULL,NULL,NULL,1,NULL
5063,1,101984,แคร์บิวสเปรย์ผมลีฟออนแฮร์เคราติน 220 มล,NULL,NULL,NULL,NULL,เครื่องสำอางและสินค้าอุปโภคบริโภค,,,ชิ้น                ,8851427019456,100,NULL,FALSE,FALSE,NULL,,,NULL,NULL,NULL,NULL,NULL,NULL,1,NULL
5064,1,101985,แคร์บิวแฮร์เซรั่มเคราติน280มล,NULL,NULL,NULL,NULL,เครื่องสำอางและสินค้าอุปโภคบริโภค,,,ชิ้น                ,8851427017261,100,NULL,FALSE,FALSE,NULL,,,NULL,NULL,NULL,NULL,NULL,NULL,1,NULL
5065,1,101986,โลแลนลิควิดเจล200มล.,NULL,NULL,NULL,NULL,เครื่องสำอางและสินค้าอุปโภคบริโภค,,,ชิ้น                ,8850460990647,100,NULL,FALSE,FALSE,NULL,,,NULL,NULL,NULL,NULL,NULL,NULL,1,NULL
5066,1,101987,Zilkopf Expert  18 Amino acid & Tsubaki Hair Serum เซรั่มบำรุงผม,NULL,NULL,NULL,NULL,เครื่องสำอางและสินค้าอุปโภคบริโภค,,,ชิ้น                ,8858845432560,100,NULL,FALSE,FALSE,NULL,,,NULL,NULL,NULL,NULL,NULL,NULL,1,NULL
5067,1,101988,ดิ๊พโซ่จับลอนผมดัด150g,NULL,NULL,NULL,NULL,เครื่องสำอางและสินค้าอุปโภคบริโภค,,,ชิ้น                ,8850518010174,100,NULL,FALSE,FALSE,NULL,,,NULL,NULL,NULL,NULL,NULL,NULL,1,NULL
5068,1,101989,ดิ๊ฟโซ่แอร์สเปรย์ซุปเปอร์สตรองโฮลด์สีชมพู220มล.,NULL,NULL,NULL,NULL,เครื่องสำอางและสินค้าอุปโภคบริโภค,,,ชิ้น                ,8850518100196,100,NULL,FALSE,FALSE,NULL,,,NULL,NULL,NULL,NULL,NULL,NULL,1,NULL
5069,1,101990,แคริ่ง สเปร์ยแข็งฟ้า 120Iml(สเปรย์เขียว),NULL,NULL,NULL,NULL,เครื่องสำอางและสินค้าอุปโภคบริโภค,,,ชิ้น                ,8852053014082,100,NULL,FALSE,FALSE,NULL,,,NULL,NULL,NULL,NULL,NULL,NULL,1,NULL
5070,1,101991,แคร์ริ่งสเปรย์แข็งม่วง120มล. (สเปรย์แดง),NULL,NULL,NULL,NULL,เครื่องสำอางและสินค้าอุปโภคบริโภค,,,ชิ้น                ,8852053014099,100,NULL,FALSE,FALSE,NULL,,,NULL,NULL,NULL,NULL,NULL,NULL,1,NULL
5071,1,101992,แครึ่งจับลอนขาว350มล,NULL,NULL,NULL,NULL,เครื่องสำอางและสินค้าอุปโภคบริโภค,,,ชิ้น                ,8852053012019,100,NULL,FALSE,FALSE,NULL,,,NULL,NULL,NULL,NULL,NULL,NULL,1,NULL
5072,1,101993,โลแลน ฟรีสไตล์ เจล สเปรย์ 215 มล  สีม่วง,NULL,NULL,NULL,NULL,เครื่องสำอางและสินค้าอุปโภคบริโภค,,,ชิ้น                ,8850460998698,100,NULL,FALSE,FALSE,NULL,,,NULL,NULL,NULL,NULL,NULL,NULL,1,NULL
5073,1,101994,โลแลน ฟรีสไตล์ เจล สเปรย์ 215 มล  สีฟ้า,NULL,NULL,NULL,NULL,เครื่องสำอางและสินค้าอุปโภคบริโภค,,,ชิ้น                ,8850460999893,100,NULL,FALSE,FALSE,NULL,,,NULL,NULL,NULL,NULL,NULL,NULL,1,NULL
5074,1,101995,แครึ่ง สเปร์ยแข็งม่วง220ml(สเปรย์แดง),NULL,NULL,NULL,NULL,เครื่องสำอางและสินค้าอุปโภคบริโภค,,,ชิ้น                ,8852053014013,100,NULL,FALSE,FALSE,NULL,,,NULL,NULL,NULL,NULL,NULL,NULL,1,NULL
5075,1,101996,ดิ๊พโซ่ซีเคร็ทสมูทติ้งสูตรคอลลาเจน200ml.,NULL,NULL,NULL,NULL,เครื่องสำอางและสินค้าอุปโภคบริโภค,,,ชิ้น                ,8850518100011,100,NULL,FALSE,FALSE,NULL,,,NULL,NULL,NULL,NULL,NULL,NULL,1,NULL
5076,1,101997,Caring Hair Expert D-Panthenol 130 ml,NULL,NULL,NULL,NULL,เครื่องสำอางและสินค้าอุปโภคบริโภค,,,ชิ้น                ,8852053015041,100,NULL,FALSE,FALSE,NULL,,,NULL,NULL,NULL,NULL,NULL,NULL,1,NULL
5077,1,101998,Tros Super Hold  สีม่วง 45 g,NULL,NULL,NULL,NULL,เครื่องสำอางและสินค้าอุปโภคบริโภค,,,ชิ้น                ,8851989020792,100,NULL,FALSE,FALSE,NULL,,,NULL,NULL,NULL,NULL,NULL,NULL,1,NULL
5078,1,101999,ดิ๊ฟโซ่สเปรย์ฝุ่นเจสซีก้า350ml,NULL,NULL,NULL,NULL,เครื่องสำอางและสินค้าอุปโภคบริโภค,,,ชิ้น                ,8850518130018,100,NULL,FALSE,FALSE,NULL,,,NULL,NULL,NULL,NULL,NULL,NULL,1,NULL
5079,1,102000,ดีแคชสเปรย์ฝุ่นส้ม-เงา400มล.,NULL,NULL,NULL,NULL,เครื่องสำอางและสินค้าอุปโภคบริโภค,,,ชิ้น                ,8851144121203,100,NULL,FALSE,FALSE,NULL,,,NULL,NULL,NULL,NULL,NULL,NULL,1,NULL
5080,1,102001,spvสเปรย์ฝุ่น320ml,NULL,NULL,NULL,NULL,เครื่องสำอางและสินค้าอุปโภคบริโภค,,,ชิ้น                ,8858728012056,100,NULL,FALSE,FALSE,NULL,,,NULL,NULL,NULL,NULL,NULL,NULL,1,NULL
5081,1,102002,โลแลนแฮร์สเปรย์ทอง350กรัม,NULL,NULL,NULL,NULL,เครื่องสำอางและสินค้าอุปโภคบริโภค,,,ชิ้น                ,8850460999879,100,NULL,FALSE,FALSE,NULL,,,NULL,NULL,NULL,NULL,NULL,NULL,1,NULL
5082,1,102003,แคริ่ง มูสชมพู 220มล,NULL,NULL,NULL,NULL,เครื่องสำอางและสินค้าอุปโภคบริโภค,,,ชิ้น                ,8852053015010,100,NULL,FALSE,FALSE,NULL,,,NULL,NULL,NULL,NULL,NULL,NULL,1,NULL
5083,1,102004,เบอริน่า มูสชมพู220มลsale,NULL,NULL,NULL,NULL,เครื่องสำอางและสินค้าอุปโภคบริโภค,,,ชิ้น                ,8850398020010,100,NULL,FALSE,FALSE,NULL,,,NULL,NULL,NULL,NULL,NULL,NULL,1,NULL
5084,1,102005,เบอริน่ามูส ชมพู 130มล.sale,NULL,NULL,NULL,NULL,เครื่องสำอางและสินค้าอุปโภคบริโภค,,,ชิ้น                ,8850398020034,100,NULL,FALSE,FALSE,NULL,,,NULL,NULL,NULL,NULL,NULL,NULL,1,NULL
5085,1,102006,FGแฮร์ เพอร์เฟ็คเตอร์พีเอช บาลานซ์ แฮร์ (No.3) 170 มล.,NULL,NULL,NULL,NULL,เครื่องสำอางและสินค้าอุปโภคบริโภค,,,ชิ้น                ,8858875708215,100,NULL,FALSE,FALSE,NULL,,,NULL,NULL,NULL,NULL,NULL,NULL,1,NULL
5086,1,102007,FGเพอร์เฟ็ก โปรตีน แฮร์ เซรั่ม (No.2) 170 มล.,NULL,NULL,NULL,NULL,เครื่องสำอางและสินค้าอุปโภคบริโภค,,,ชิ้น                ,8858875708208,100,NULL,FALSE,FALSE,NULL,,,NULL,NULL,NULL,NULL,NULL,NULL,1,NULL
5087,1,102008,FGเพอร์เฟ็ค แฮร์รีแพร์(No.1) 170 มล.,NULL,NULL,NULL,NULL,เครื่องสำอางและสินค้าอุปโภคบริโภค,,,ชิ้น                ,8858875708192,100,NULL,FALSE,FALSE,NULL,,,NULL,NULL,NULL,NULL,NULL,NULL,1,NULL
5088,1,102009,LLพิกเซลออพติมัมฮีท200มล.,NULL,NULL,NULL,NULL,เครื่องสำอางและสินค้าอุปโภคบริโภค,,,ชิ้น                ,8850460984912,100,NULL,FALSE,FALSE,NULL,,,NULL,NULL,NULL,NULL,NULL,NULL,1,NULL
5089,1,102010,BSC All Day Repair Hair Cream 120 ml ครีมบำรุงผมไม่ต้องล้างออก,NULL,NULL,NULL,NULL,เครื่องสำอางและสินค้าอุปโภคบริโภค,,,ชิ้น                ,8852525832077,100,NULL,FALSE,FALSE,NULL,,,NULL,NULL,NULL,NULL,NULL,NULL,1,NULL
5090,1,102011,(แชมพูชิง) เอ็กซ์คิวท์ มี ซิมพลี จึงเจอร์ แชมพู 85 กรัม,NULL,NULL,NULL,NULL,เครื่องสำอางและสินค้าอุปโภคบริโภค,,,ชิ้น                ,8859175231212,100,NULL,FALSE,FALSE,NULL,,,NULL,NULL,NULL,NULL,NULL,NULL,1,NULL
5091,1,102012,(แชมพูดอกโบตั๋น)เอ็กซ์คิวท์ มีซิมพลี โบตั๋น เซนซิที่ฟ แคร์ แชมพู  85 กรัม,NULL,NULL,NULL,NULL,เครื่องสำอางและสินค้าอุปโภคบริโภค,,,ชิ้น                ,8859175273182,100,NULL,FALSE,FALSE,NULL,,,NULL,NULL,NULL,NULL,NULL,NULL,1,NULL
5092,1,102013,(แซมพูอัญชัน) เอ็กซ์คิวท์ มี ซิมพลี บัตเตอร์ฟลาย พี แชมพู 85 กรัม,NULL,NULL,NULL,NULL,เครื่องสำอางและสินค้าอุปโภคบริโภค,,,ชิ้น                ,8859175231229,100,NULL,FALSE,FALSE,NULL,,,NULL,NULL,NULL,NULL,NULL,NULL,1,NULL
5093,1,102014,BoYA Q 10 Shampoo 500 ml Karmart,NULL,NULL,NULL,NULL,เครื่องสำอางและสินค้าอุปโภคบริโภค,,,ชิ้น                ,8858842062364,100,NULL,FALSE,FALSE,NULL,,,NULL,NULL,NULL,NULL,NULL,NULL,1,NULL
5094,1,102017,Lolane For Color Care 50 ml สำหรับผมทำสี,NULL,NULL,NULL,NULL,เครื่องสำอางและสินค้าอุปโภคบริโภค,,,ชิ้น                ,8850460987869,100,NULL,FALSE,FALSE,NULL,,,NULL,NULL,NULL,NULL,NULL,NULL,1,NULL
5095,1,102018,ซันออน โสม,NULL,NULL,NULL,NULL,เครื่องสำอางและสินค้าอุปโภคบริโภค,,,ขวด                 ,8855115009712,100,NULL,FALSE,FALSE,NULL,,,NULL,NULL,NULL,NULL,NULL,NULL,1,NULL
5096,1,102019,ซันออนแฮร์โทนิกชาเขียว100 มล,NULL,NULL,NULL,NULL,เครื่องสำอางและสินค้าอุปโภคบริโภค,,,ชิ้น                ,8855115009514,100,NULL,FALSE,FALSE,NULL,,,NULL,NULL,NULL,NULL,NULL,NULL,1,NULL
5097,1,102020,ซันออนแฮร์โทนิกสาหร่าย100 มล.,NULL,NULL,NULL,NULL,เครื่องสำอางและสินค้าอุปโภคบริโภค,,,ชิ้น                ,8855115009613,100,NULL,FALSE,FALSE,NULL,,,NULL,NULL,NULL,NULL,NULL,NULL,1,NULL
5098,1,102021,ซันออนแฮร์โทนิกทานตะวัน100 มล.,NULL,NULL,NULL,NULL,เครื่องสำอางและสินค้าอุปโภคบริโภค,,,ชิ้น                ,8855115009088,100,NULL,FALSE,FALSE,NULL,,,NULL,NULL,NULL,NULL,NULL,NULL,1,NULL
5099,1,102022,ลีกาโน่วิตามินผมทานตะวัน120มล.,NULL,NULL,NULL,NULL,เครื่องสำอางและสินค้าอุปโภคบริโภค,,,ชิ้น                ,8856680013753,100,NULL,FALSE,FALSE,NULL,,,NULL,NULL,NULL,NULL,NULL,NULL,1,NULL
5100,1,102023,แชมพูเด็กน่ารักบลูเบอรี่สีฟ้า) 200 มล.,NULL,NULL,NULL,NULL,เครื่องสำอางและสินค้าอุปโภคบริโภค,,,ชิ้น                ,8850094247353,100,NULL,FALSE,FALSE,NULL,,,NULL,NULL,NULL,NULL,NULL,NULL,1,NULL
5101,1,102024,แชมพูเด็กน่ารักมายค์ (สีเหลือง)200 มล.,NULL,NULL,NULL,NULL,เครื่องสำอางและสินค้าอุปโภคบริโภค,,,ชิ้น                ,8850094077158,100,NULL,FALSE,FALSE,NULL,,,NULL,NULL,NULL,NULL,NULL,NULL,1,NULL
5102,1,102025,แชมพูเด็กน่ารักมังคุด200มล.,NULL,NULL,NULL,NULL,เครื่องสำอางและสินค้าอุปโภคบริโภค,,,ชิ้น                ,8850094287038,100,NULL,FALSE,FALSE,NULL,,,NULL,NULL,NULL,NULL,NULL,NULL,1,NULL
5103,1,102026,แอทแทค 3D ถุง770มล.,NULL,NULL,NULL,NULL,เครื่องสำอางและสินค้าอุปโภคบริโภค,,,ชิ้น                ,8851818553125,100,NULL,FALSE,FALSE,NULL,,,NULL,NULL,NULL,NULL,NULL,NULL,1,NULL
5104,1,102027,แอทแทค3Dทรีดีสปอร์ตสูตรน้ำ720มล,NULL,NULL,NULL,NULL,เครื่องสำอางและสินค้าอุปโภคบริโภค,,,ชิ้น                ,8851818592339,100,NULL,FALSE,FALSE,NULL,,,NULL,NULL,NULL,NULL,NULL,NULL,1,NULL
5105,1,102028,แอทแทค3dซอฟแดงสูตรน้ำถุง720มล. Sale,NULL,NULL,NULL,NULL,เครื่องสำอางและสินค้าอุปโภคบริโภค,,,ชิ้น                ,8851818107113,100,NULL,FALSE,FALSE,NULL,,,NULL,NULL,NULL,NULL,NULL,NULL,1,NULL
5106,1,102029,ดาวน์นี่ซักผ้าตากในที่ร่มเขียวถุง600มล,NULL,NULL,NULL,NULL,เครื่องสำอางและสินค้าอุปโภคบริโภค,,,ชิ้น                ,4902430867672,100,NULL,FALSE,FALSE,NULL,,,NULL,NULL,NULL,NULL,NULL,NULL,1,NULL
5107,1,102030,ดาวนี่ซักผ้าการ์เด้นท์บลูม550มล,NULL,NULL,NULL,NULL,เครื่องสำอางและสินค้าอุปโภคบริโภค,,,ชิ้น                ,4987176054647,100,NULL,FALSE,FALSE,NULL,,,NULL,NULL,NULL,NULL,NULL,NULL,1,NULL
5108,1,102031,แพนทีน โปร วี ไมเซล่า ดีทอกซ์ แอนด์ เพียวริฟาย แอลจีเอกซ์แทรก สคาร์ป แชมพู 300 ml,NULL,NULL,NULL,NULL,เครื่องสำอางและสินค้าอุปโภคบริโภค,,,ชิ้น                ,6903148264805,100,NULL,FALSE,FALSE,NULL,,,NULL,NULL,NULL,NULL,NULL,NULL,1,NULL
5109,1,102032,แพนทีน โปร วี ไมเซล่า ดีทอกซ์ แอนด์ ไฮเดรต โรส วอเตอร์เอกซ์แทรก ไลท์ คอนดิชันเนอร์ 300 ml,NULL,NULL,NULL,NULL,เครื่องสำอางและสินค้าอุปโภคบริโภค,,,ชิ้น                ,4902430919449,100,NULL,FALSE,FALSE,NULL,,,NULL,NULL,NULL,NULL,NULL,NULL,1,NULL
5110,1,102033,แพนทีน โปร วี ไมเซล่า ดีทอกซ์ แอนด์ สคาร์ป คลีนซ์ ไวท์ ชาโค เอกซ์แทรก สคาร์ป แมพู 300 ml,NULL,NULL,NULL,NULL,เครื่องสำอางและสินค้าอุปโภคบริโภค,,,ชิ้น                ,4902430851855,100,NULL,FALSE,FALSE,NULL,,,NULL,NULL,NULL,NULL,NULL,NULL,1,NULL
5111,1,102034,แพนทีน โปร วี ไมเซล่า ดีทอกซ์ แอนด์ เพียวริฟาย แอลจีเอกซ์แทรก ไลท์ คอนดิชันเนอร์ 300 ml,NULL,NULL,NULL,NULL,เครื่องสำอางและสินค้าอุปโภคบริโภค,,,ชิ้น                ,6903148264812,100,NULL,FALSE,FALSE,NULL,,,NULL,NULL,NULL,NULL,NULL,NULL,1,NULL
5112,1,102035,แพนทีน โปร วี ไมเซล่า ดีทอกซ์ แอนด์ ไฮเดรต โรส วอเตอร์เอกซ์แทรก สคาร์ป แมพู 300 ml,NULL,NULL,NULL,NULL,เครื่องสำอางและสินค้าอุปโภคบริโภค,,,ชิ้น                ,4902430919432,100,NULL,FALSE,FALSE,NULL,,,NULL,NULL,NULL,NULL,NULL,NULL,1,NULL
5113,1,102036,เอ็กซ์คิวท์มีแชมพู+ทรีทเมันท์ซิมพลีบัตเตอร์ฟลาย 320 กรัม.,NULL,NULL,NULL,NULL,เครื่องสำอางและสินค้าอุปโภคบริโภค,,,ชิ้น                ,8859175231281,100,NULL,FALSE,FALSE,NULL,,,NULL,NULL,NULL,NULL,NULL,NULL,1,NULL
5114,1,102037,มิสทิน เดอะ โมเดิร์น บาย โปรเฟสชั่นแนล แซมพู 350 ม,NULL,NULL,NULL,NULL,เครื่องสำอางและสินค้าอุปโภคบริโภค,,,ชิ้น                ,8855629005934,100,NULL,FALSE,FALSE,NULL,,,NULL,NULL,NULL,NULL,NULL,NULL,1,NULL
5115,1,102038,ดอกบัวคู่แชมพูซีรั่ม450 มล(ผมทําสีผมดัด),NULL,NULL,NULL,NULL,เครื่องสำอางและสินค้าอุปโภคบริโภค,,,ชิ้น                ,8850348300391,100,NULL,FALSE,FALSE,NULL,,,NULL,NULL,NULL,NULL,NULL,NULL,1,NULL
5116,1,102039,แคร์บิวแชมพูแฟนตาซี ไบโอติน&อัลมอนด์400กรัม,NULL,NULL,NULL,NULL,เครื่องสำอางและสินค้าอุปโภคบริโภค,,,ชิ้น                ,8851427019753,100,NULL,FALSE,FALSE,NULL,,,NULL,NULL,NULL,NULL,NULL,NULL,1,NULL
5117,1,102040,ลอรีอัลแฮร์สปาดีเอ็กซ์500ml(น้ำเงิน),NULL,NULL,NULL,NULL,เครื่องสำอางและสินค้าอุปโภคบริโภค,,,ชิ้น                ,6955818251820,100,NULL,FALSE,FALSE,NULL,,,NULL,NULL,NULL,NULL,NULL,NULL,1,NULL
5118,1,102041,โอเคเฮอร์เบิ้ลทรีทเม้นท์250มล,NULL,NULL,NULL,NULL,เครื่องสำอางและสินค้าอุปโภคบริโภค,,,ชิ้น                ,8851826672108,100,NULL,FALSE,FALSE,NULL,,,NULL,NULL,NULL,NULL,NULL,NULL,1,NULL
5119,1,102042,ทองสุขทรีทเม้นท์มะกรูดว่านหางจระเข้250มล. (แคร์บิว),NULL,NULL,NULL,NULL,เครื่องสำอางและสินค้าอุปโภคบริโภค,,,ชิ้น                ,8851427019012,100,NULL,FALSE,FALSE,NULL,,,NULL,NULL,NULL,NULL,NULL,NULL,1,NULL
5120,1,102043,LLอินเทนซ์แคร์200กรัมผมแห้งเสีย(ฟ้า),NULL,NULL,NULL,NULL,เครื่องสำอางและสินค้าอุปโภคบริโภค,,,ชิ้น                ,8850460986695,100,NULL,FALSE,FALSE,NULL,,,NULL,NULL,NULL,NULL,NULL,NULL,1,NULL
5121,1,102044,Modern by professionnal 150 g,NULL,NULL,NULL,NULL,เครื่องสำอางและสินค้าอุปโภคบริโภค,,,ชิ้น                ,8855629005941,100,NULL,FALSE,FALSE,NULL,,,NULL,NULL,NULL,NULL,NULL,NULL,1,NULL
5122,1,102045,เอ็กซ์คิวท์ มี เอ็กซ์ตร้า มอยส์ แฮร์ ทวีทเม้นท์ 250 ml,NULL,NULL,NULL,NULL,เครื่องสำอางและสินค้าอุปโภคบริโภค,,,ชิ้น                ,8859175201048,100,NULL,FALSE,FALSE,NULL,,,NULL,NULL,NULL,NULL,NULL,NULL,1,NULL
5123,1,102046,X cute me hair treatment 250 ml.,NULL,NULL,NULL,NULL,เครื่องสำอางและสินค้าอุปโภคบริโภค,,,ชิ้น                ,8859175201062,100,NULL,FALSE,FALSE,NULL,,,NULL,NULL,NULL,NULL,NULL,NULL,1,NULL
5124,1,102047,เอ็กซ์คิวมีทรีทเม้นท์เอ็กซ์ ตร้าแดเมทสีเขียว 250มล,NULL,NULL,NULL,NULL,เครื่องสำอางและสินค้าอุปโภคบริโภค,,,ชิ้น                ,8859175201055,100,NULL,FALSE,FALSE,NULL,,,NULL,NULL,NULL,NULL,NULL,NULL,1,NULL
5125,1,102048,แฮรเบสท์ แฮร์ ลอส คอนโทรล คอนดิชั้นเนอร์ 250 มล.,NULL,NULL,NULL,NULL,เครื่องสำอางและสินค้าอุปโภคบริโภค,,,ชิ้น                ,8859178710998,100,NULL,FALSE,FALSE,NULL,,,NULL,NULL,NULL,NULL,NULL,NULL,1,NULL
5126,1,102049,ลอริอัลครีมบํารุงเอลเชฟคัลเลอร์โปรเทคสีแดง 450 มล.,NULL,NULL,NULL,NULL,เครื่องสำอางและสินค้าอุปโภคบริโภค,,,ชิ้น                ,8992304078880,100,NULL,FALSE,FALSE,NULL,,,NULL,NULL,NULL,NULL,NULL,NULL,1,NULL
5127,1,102050,ลอรีอัลแอลแซฟฟอลรีซิสท์นวด ดํา450มล.,NULL,NULL,NULL,NULL,เครื่องสำอางและสินค้าอุปโภคบริโภค,,,ชิ้น                ,8992304035494,100,NULL,FALSE,FALSE,NULL,,,NULL,NULL,NULL,NULL,NULL,NULL,1,NULL
5128,1,102051,ลอรีอัลแอลแซฟฟอลรีซิสท์นวด ดํา450มล.,NULL,NULL,NULL,NULL,เครื่องสำอางและสินค้าอุปโภคบริโภค,,,ชิ้น                ,8992304035494,100,NULL,FALSE,FALSE,NULL,,,NULL,NULL,NULL,NULL,NULL,NULL,1,NULL
5129,1,102052,ลอรีอัลแฮร์สปาดีพนูริชชี่ 600 มล.,NULL,NULL,NULL,NULL,เครื่องสำอางและสินค้าอุปโภคบริโภค,,,ชิ้น                ,6955818251608,100,NULL,FALSE,FALSE,NULL,,,NULL,NULL,NULL,NULL,NULL,NULL,1,NULL
5130,1,102053,PTNครีมนวดเดลิ่มอยล์ 410มล,NULL,NULL,NULL,NULL,เครื่องสำอางและสินค้าอุปโภคบริโภค,,,ชิ้น                ,4902430541695,100,NULL,FALSE,FALSE,NULL,,,NULL,NULL,NULL,NULL,NULL,NULL,1,NULL
5131,1,102054,โฮมน้ำยาปรับผ้านุ่มเด็กซอฟเทนเนอร์ถุง600มล,NULL,NULL,NULL,NULL,เครื่องสำอางและสินค้าอุปโภคบริโภค,,,ชิ้น                ,8851826834322,100,NULL,FALSE,FALSE,NULL,,,NULL,NULL,NULL,NULL,NULL,NULL,1,NULL
5132,1,102055,วิซถูพื้นชมพู450มล,NULL,NULL,NULL,NULL,เครื่องสำอางและสินค้าอุปโภคบริโภค,,,ชิ้น                ,8850092102210,100,NULL,FALSE,FALSE,NULL,,,NULL,NULL,NULL,NULL,NULL,NULL,1,NULL
5133,1,102056,วิซถูพื้นม่วง450มล,NULL,NULL,NULL,NULL,เครื่องสำอางและสินค้าอุปโภคบริโภค,,,ชิ้น                ,8850092106119,100,NULL,FALSE,FALSE,NULL,,,NULL,NULL,NULL,NULL,NULL,NULL,1,NULL
5134,1,102057,บรีส เอกเซล ซอง,NULL,NULL,NULL,NULL,เครื่องสำอางและสินค้าอุปโภคบริโภค,,,ซอง                 ,8851932238717,100,NULL,FALSE,FALSE,NULL,,,NULL,NULL,NULL,NULL,NULL,NULL,1,NULL
5135,1,102058,คอมฟอร์ดสูตรมาตรฐานสีฟ้า580มล,NULL,NULL,NULL,NULL,เครื่องสำอางและสินค้าอุปโภคบริโภค,,,ชิ้น                ,8851932187985,100,NULL,FALSE,FALSE,NULL,,,NULL,NULL,NULL,NULL,NULL,NULL,1,NULL
5136,1,102059,คอมฟอร์ทสูตรมาตรสีแดงร80มล.,NULL,NULL,NULL,NULL,เครื่องสำอางและสินค้าอุปโภคบริโภค,,,ชิ้น                ,8851932288071,100,NULL,FALSE,FALSE,NULL,,,NULL,NULL,NULL,NULL,NULL,NULL,1,NULL
5137,1,102060,ไฮยีน รีดเรียบ ฟ้า550มล (ซอง),NULL,NULL,NULL,NULL,เครื่องสำอางและสินค้าอุปโภคบริโภค,,,ชิ้น                ,8850092224516,100,NULL,FALSE,FALSE,NULL,,,NULL,NULL,NULL,NULL,NULL,NULL,1,NULL
5138,1,102061,ไฮคลาสปรับผ้านุ่มเหลือง,NULL,NULL,NULL,NULL,เครื่องสำอางและสินค้าอุปโภคบริโภค,,,ชิ้น                ,8850002028678,100,NULL,FALSE,FALSE,NULL,,,NULL,NULL,NULL,NULL,NULL,NULL,1,NULL
5139,1,102062,สมุทติ้ง แวกซ์ สทริพส์ 20ชิ้น,NULL,NULL,NULL,NULL,เครื่องสำอางและสินค้าอุปโภคบริโภค,,,ชิ้น                ,8859178710776,100,NULL,FALSE,FALSE,NULL,,,NULL,NULL,NULL,NULL,NULL,NULL,1,NULL
5140,1,102063,กําจัดขนออลแว็กซ์ออเร้นเซท2ชิ้น,NULL,NULL,NULL,NULL,เครื่องสำอางและสินค้าอุปโภคบริโภค,,,ชิ้น                ,8857126414035,100,NULL,FALSE,FALSE,NULL,,,NULL,NULL,NULL,NULL,NULL,NULL,1,NULL
5141,1,102064,กําจัดขนออลแว็กซ์อโรเวร่าเซท2ชิ้น,NULL,NULL,NULL,NULL,เครื่องสำอางและสินค้าอุปโภคบริโภค,,,ชิ้น                ,8857126414042,100,NULL,FALSE,FALSE,NULL,,,NULL,NULL,NULL,NULL,NULL,NULL,1,NULL
5142,1,102065,กําจัดขนออลแว็กซ์บลูเซทเวชิ้น,NULL,NULL,NULL,NULL,เครื่องสำอางและสินค้าอุปโภคบริโภค,,,ชิ้น                ,8857126414028,100,NULL,FALSE,FALSE,NULL,,,NULL,NULL,NULL,NULL,NULL,NULL,1,NULL
5143,1,102066,จัสท์สปลิด&ดีฟรีแพร์แฮร์มาส์กบํารุงปลายผม 20ก รัม,NULL,NULL,NULL,NULL,เครื่องสำอางและสินค้าอุปโภคบริโภค,,,ชิ้น                ,8859290916452,100,NULL,FALSE,FALSE,NULL,,,NULL,NULL,NULL,NULL,NULL,NULL,1,NULL
5144,1,102067,จัสท์เคราตินแอร์มาสก์ซอง35มล.,NULL,NULL,NULL,NULL,เครื่องสำอางและสินค้าอุปโภคบริโภค,,,ชิ้น                ,8859290916001,100,NULL,FALSE,FALSE,NULL,,,NULL,NULL,NULL,NULL,NULL,NULL,1,NULL
5145,1,102068,ซันไลต์ แอนตี้แบค 750 มล.หัวปั้ม,NULL,NULL,NULL,NULL,เครื่องสำอางและสินค้าอุปโภคบริโภค,,,ขวด                 ,8851932392204,100,NULL,FALSE,FALSE,NULL,,,NULL,NULL,NULL,NULL,NULL,NULL,1,NULL
5146,1,102069,ซันไลต์เลมอนเทอร์โบ485มล.,NULL,NULL,NULL,NULL,เครื่องสำอางและสินค้าอุปโภคบริโภค,,,ชิ้น                ,8851932370998,100,NULL,FALSE,FALSE,NULL,,,NULL,NULL,NULL,NULL,NULL,NULL,1,NULL
5147,1,102070,ไลปอนเอฟ สูตรอนามัย 500 มล.,NULL,NULL,NULL,NULL,เครื่องสำอางและสินค้าอุปโภคบริโภค,,,ขวด                 ,8850002010123,100,NULL,FALSE,FALSE,NULL,,,NULL,NULL,NULL,NULL,NULL,NULL,1,NULL
5148,1,102071,Butae Super Oil Control Poeder 14 g No. 03,NULL,NULL,NULL,NULL,เครื่องสำอางและสินค้าอุปโภคบริโภค,,,ชิ้น                ,3417,100,NULL,FALSE,FALSE,NULL,,,NULL,NULL,NULL,NULL,NULL,NULL,1,NULL
5149,1,102072,Butae Super Oil Control Poeder 14 g No. 02,NULL,NULL,NULL,NULL,เครื่องสำอางและสินค้าอุปโภคบริโภค,,,ชิ้น                ,8850722039534,100,NULL,FALSE,FALSE,NULL,,,NULL,NULL,NULL,NULL,NULL,NULL,1,NULL
5150,1,102073,Butae Super Oil Control Poeder 14 g No. 01,NULL,NULL,NULL,NULL,เครื่องสำอางและสินค้าอุปโภคบริโภค,,,ชิ้น                ,8850722030975,100,NULL,FALSE,FALSE,NULL,,,NULL,NULL,NULL,NULL,NULL,NULL,1,NULL
5151,1,102074,Butae Since 19957 Oil Control Powder 17 g No.02,NULL,NULL,NULL,NULL,เครื่องสำอางและสินค้าอุปโภคบริโภค,,,ชิ้น                ,8853827006845,100,NULL,FALSE,FALSE,NULL,,,NULL,NULL,NULL,NULL,NULL,NULL,1,NULL
5152,1,102075,Butae Vitamin C Double Moisture Powder 11 g  No. 01,NULL,NULL,NULL,NULL,เครื่องสำอางและสินค้าอุปโภคบริโภค,,,ชิ้น                ,8850722035925,100,NULL,FALSE,FALSE,NULL,,,NULL,NULL,NULL,NULL,NULL,NULL,1,NULL
5153,1,102076,Zendori SPF30 Extra Cover Foundation No.01,NULL,NULL,NULL,NULL,เครื่องสำอางและสินค้าอุปโภคบริโภค,,,ชิ้น                ,8853204105215,100,NULL,FALSE,FALSE,NULL,,,NULL,NULL,NULL,NULL,NULL,NULL,1,NULL
5154,1,102077,Zendori  UV Oil Free เบอร์ 01,NULL,NULL,NULL,NULL,เครื่องสำอางและสินค้าอุปโภคบริโภค,,,ชิ้น                ,8853204100012,100,NULL,FALSE,FALSE,NULL,,,NULL,NULL,NULL,NULL,NULL,NULL,1,NULL
5155,1,102078,ไลฟ์ฟอร์ด ปารีส ซอฟท์ ทัช พาวเดอร์ SPF 15 PA++  8 g. No.03,NULL,NULL,NULL,NULL,เครื่องสำอางและสินค้าอุปโภคบริโภค,,,ชิ้น                ,8858072251033,100,NULL,FALSE,FALSE,NULL,,,NULL,NULL,NULL,NULL,NULL,NULL,1,NULL
5156,1,102079,ไลฟ์ฟอร์ด ปารีส ซอฟท์ ทัช พาวเดอร์ SPF 15 PA++  8 g. No.01,NULL,NULL,NULL,NULL,เครื่องสำอางและสินค้าอุปโภคบริโภค,,,ชิ้น                ,8858072251019,100,NULL,FALSE,FALSE,NULL,,,NULL,NULL,NULL,NULL,NULL,NULL,1,NULL
5157,1,102080,ยูสตาร์ ซีลด์ ซัน โปร คอมแพ็ค เอสพีเอฟ 50 พีเอ ++++,NULL,NULL,NULL,NULL,เครื่องสำอางและสินค้าอุปโภคบริโภค,,,ชิ้น                ,8856961218655,100,NULL,FALSE,FALSE,NULL,,,NULL,NULL,NULL,NULL,NULL,NULL,1,NULL
5158,1,102081,Maybelline New York แป้งคุมมัน 24 ชม.ทนเหงื่อ ทนน้ำ กันแดด SPF 32 PA+++ No.02,NULL,NULL,NULL,NULL,เครื่องสำอางและสินค้าอุปโภคบริโภค,,,ชิ้น                ,8992304016707,100,NULL,FALSE,FALSE,NULL,,,NULL,NULL,NULL,NULL,NULL,NULL,1,NULL
5159,1,102082,Maybelline New York แป้งคุมมัน 24 ชม.ทนเหงื่อ ทนน้ำ กันแดด SPF 32 PA+++ No.01,NULL,NULL,NULL,NULL,เครื่องสำอางและสินค้าอุปโภคบริโภค,,,ชิ้น                ,8992304016646,100,NULL,FALSE,FALSE,NULL,,,NULL,NULL,NULL,NULL,NULL,NULL,1,NULL
5160,1,102083,คิวท์เพรสอิเวอร์รี่  P1 (จริง),NULL,NULL,NULL,NULL,เครื่องสำอางและสินค้าอุปโภคบริโภค,,,ชิ้น                ,8850080743548,100,NULL,FALSE,FALSE,NULL,,,NULL,NULL,NULL,NULL,NULL,NULL,1,NULL
5161,1,102084,ฟลาวเวอร์บีบีเพาเดอร์เอส 1,NULL,NULL,NULL,NULL,เครื่องสำอางและสินค้าอุปโภคบริโภค,,,ชิ้น                ,8859178706137,100,NULL,FALSE,FALSE,NULL,,,NULL,NULL,NULL,NULL,NULL,NULL,1,NULL
5162,1,102085,KA บลูมิ่ง ไวท์พาวเด้ร์ K2,NULL,NULL,NULL,NULL,เครื่องสำอางและสินค้าอุปโภคบริโภค,,,ชิ้น                ,8850822230046,100,NULL,FALSE,FALSE,NULL,,,NULL,NULL,NULL,NULL,NULL,NULL,1,NULL
5163,1,102086,KA บลูมิ่ง ไวท์พาวเด้ร์ K1,NULL,NULL,NULL,NULL,เครื่องสำอางและสินค้าอุปโภคบริโภค,,,ชิ้น                ,8850822230039,100,NULL,FALSE,FALSE,NULL,,,NULL,NULL,NULL,NULL,NULL,NULL,1,NULL
5164,1,102087,Porelution Compact Powder SPF30 10g Crayon %2302 Sand Beige  Baby bright,NULL,NULL,NULL,NULL,เครื่องสำอางและสินค้าอุปโภคบริโภค,,,ชิ้น                ,8858842085769,100,NULL,FALSE,FALSE,NULL,,,NULL,NULL,NULL,NULL,NULL,NULL,1,NULL
5165,1,102088,Porelution Compact Powder SPF30 10g Crayon %2301 Light Baby Bright,NULL,NULL,NULL,NULL,เครื่องสำอางและสินค้าอุปโภคบริโภค,,,ชิ้น                ,8858842085752,100,NULL,FALSE,FALSE,NULL,,,NULL,NULL,NULL,NULL,NULL,NULL,1,NULL
5166,1,102089,เมยฟลาวเวอร์เพาเดอร์เอส2 10 ก.,NULL,NULL,NULL,NULL,เครื่องสำอางและสินค้าอุปโภคบริโภค,,,ชิ้น                ,8855629008706,100,NULL,FALSE,FALSE,NULL,,,NULL,NULL,NULL,NULL,NULL,NULL,1,NULL
5167,1,102090,Sivanna Colors SECRET COVER (HF5020) No.03,NULL,NULL,NULL,NULL,เครื่องสำอางและสินค้าอุปโภคบริโภค,,,ชิ้น                ,8858994409390,100,NULL,FALSE,FALSE,NULL,,,NULL,NULL,NULL,NULL,NULL,NULL,1,NULL
5168,1,102091,Nice Shop Double Skin Whitening  02,NULL,NULL,NULL,NULL,เครื่องสำอางและสินค้าอุปโภคบริโภค,,,ชิ้น                ,111250,100,NULL,FALSE,FALSE,NULL,,,NULL,NULL,NULL,NULL,NULL,NULL,1,NULL
5169,1,102092,แป้งเจ้านาง No.03,NULL,NULL,NULL,NULL,เครื่องสำอางและสินค้าอุปโภคบริโภค,,,ชิ้น                ,8857200237734,100,NULL,FALSE,FALSE,NULL,,,NULL,NULL,NULL,NULL,NULL,NULL,1,NULL
5170,1,102093,Sivanna Colors Setting loose Powder เบอร์ 01,NULL,NULL,NULL,NULL,เครื่องสำอางและสินค้าอุปโภคบริโภค,,,ชิ้น                ,8858994409420,100,NULL,FALSE,FALSE,NULL,,,NULL,NULL,NULL,NULL,NULL,NULL,1,NULL
5171,1,102094,Valkyries Powder White Collagen  SPF25 PA++ 03,NULL,NULL,NULL,NULL,เครื่องสำอางและสินค้าอุปโภคบริโภค,,,ชิ้น                ,3338,100,NULL,FALSE,FALSE,NULL,,,NULL,NULL,NULL,NULL,NULL,NULL,1,NULL
5172,1,102095,BB icci baby face Powder SPF15   %2321,NULL,NULL,NULL,NULL,เครื่องสำอางและสินค้าอุปโภคบริโภค,,,ชิ้น                ,3331,100,NULL,FALSE,FALSE,NULL,,,NULL,NULL,NULL,NULL,NULL,NULL,1,NULL
5173,1,102096,แบั้งไมโยชิ - ขาวออร่า 10 g - สติกเกอร์สีชมพู เบอร์ 2,NULL,NULL,NULL,NULL,เครื่องสำอางและสินค้าอุปโภคบริโภค,,,ชิ้น                ,8858882510399,100,NULL,FALSE,FALSE,NULL,,,NULL,NULL,NULL,NULL,NULL,NULL,1,NULL
5174,1,102097,แป้งไมโยชิ - ปกปิดพิเศษ10 g - สติกเกอร์สีฟ้า เบอร์ 1,NULL,NULL,ขย.9,NULL,เครื่องสำอางและสินค้าอุปโภคบริโภค,,,ชิ้น                ,8858882510405,100,NULL,FALSE,FALSE,NULL,,,NULL,NULL,NULL,NULL,NULL,NULL,1,NULL
5175,1,102098,แป้งไมโยชิ - ปกปิดพิเศษ 10g สติกเกอร์สีฟ้า เบอร์ 2,NULL,NULL,NULL,NULL,เครื่องสำอางและสินค้าอุปโภคบริโภค,,,ชิ้น                ,8858882510412,100,NULL,FALSE,FALSE,NULL,,,NULL,NULL,NULL,NULL,NULL,NULL,1,NULL
5176,1,102099,แป้งไมโยชิ คุมมันพิเศษ 10g สติกเกอร์สีเขียว เบอร์ 2,NULL,NULL,NULL,NULL,เครื่องสำอางและสินค้าอุปโภคบริโภค,,,ชิ้น                ,8858882510436,100,NULL,FALSE,FALSE,NULL,,,NULL,NULL,NULL,NULL,NULL,NULL,1,NULL
5177,1,102100,แป้งไมโยชิ - คุมมันพิเศษ 10 g - สติกเกอร์สีเขียว เบอร์ 1,NULL,NULL,NULL,NULL,เครื่องสำอางและสินค้าอุปโภคบริโภค,,,ชิ้น                ,8858882510429,100,NULL,FALSE,FALSE,NULL,,,NULL,NULL,NULL,NULL,NULL,NULL,1,NULL
5178,1,102101,ฟองน้ำแต่งหน้า  Mingxier  Tools,NULL,NULL,NULL,NULL,เครื่องสำอางและสินค้าอุปโภคบริโภค,,,ชิ้น                ,6971121160321,100,NULL,FALSE,FALSE,NULL,,,NULL,NULL,NULL,NULL,NULL,NULL,1,NULL
5179,1,102102,ที่ดัดขนตา เหล็กดำ,NULL,NULL,NULL,NULL,เครื่องสำอางและสินค้าอุปโภคบริโภค,,,ชิ้น                ,9999999999848,100,NULL,FALSE,FALSE,NULL,,,NULL,NULL,NULL,NULL,NULL,NULL,1,NULL
5180,1,102103,youmel อุปกรณ์แต่งหน้า,NULL,NULL,NULL,NULL,เครื่องสำอางและสินค้าอุปโภคบริโภค,,,อัน                 ,6971091792379,100,NULL,FALSE,FALSE,NULL,,,NULL,NULL,NULL,NULL,NULL,NULL,1,NULL
5181,1,102104,odbo Transparent PerfectPuff พับแต่งหน้า,NULL,NULL,NULL,NULL,เครื่องสำอางและสินค้าอุปโภคบริโภค,,,ชิ้น                ,8858910607930,100,NULL,FALSE,FALSE,NULL,,,NULL,NULL,NULL,NULL,NULL,NULL,1,NULL
5182,1,102105,odbo Transparent PerfectPuff พับแต่งหน้า,NULL,NULL,NULL,NULL,เครื่องสำอางและสินค้าอุปโภคบริโภค,,,ชิ้น                ,8858910607930,100,NULL,FALSE,FALSE,NULL,,,NULL,NULL,NULL,NULL,NULL,NULL,1,NULL
5183,1,102106,Suzijie แปรงซิลิโคนสำหรับทามาส์คหน้า สีขาว,NULL,NULL,NULL,NULL,เครื่องสำอางและสินค้าอุปโภคบริโภค,,,ชิ้น                ,9999999999873,100,NULL,FALSE,FALSE,NULL,,,NULL,NULL,NULL,NULL,NULL,NULL,1,NULL
5184,1,102107,Bianfens กรรไกตัดผม,NULL,NULL,NULL,NULL,เครื่องสำอางและสินค้าอุปโภคบริโภค,,,ชิ้น                ,9202011170012,100,NULL,FALSE,FALSE,NULL,,,NULL,NULL,NULL,NULL,NULL,NULL,1,NULL
5185,1,102108,Bianfens กรรไกซอยผม,NULL,NULL,NULL,NULL,เครื่องสำอางและสินค้าอุปโภคบริโภค,,,ชิ้น                ,9202011170029,100,NULL,FALSE,FALSE,NULL,,,NULL,NULL,NULL,NULL,NULL,NULL,1,NULL
5186,1,102109,ชุดกดสิวมืออาชีพ 5 ชิ้น  พร้อมกล่องใส่,NULL,NULL,NULL,NULL,เครื่องสำอางและสินค้าอุปโภคบริโภค,,,ชิ้น                ,9999999999823,100,NULL,FALSE,FALSE,NULL,,,NULL,NULL,NULL,NULL,NULL,NULL,1,NULL
5187,1,102110,ไฟร์ด้า เอเอ็น ที่กดสิวสแตนเลสห่วงคู่,NULL,NULL,NULL,NULL,เครื่องสำอางและสินค้าอุปโภคบริโภค,,,ชิ้น                ,8858072011057,100,NULL,FALSE,FALSE,NULL,,,NULL,NULL,NULL,NULL,NULL,NULL,1,NULL
5188,1,102111,ไฟร์ด้า เอเอ็น ที่ดัดขนตาต้ามพลาสติก,NULL,NULL,NULL,NULL,เครื่องสำอางและสินค้าอุปโภคบริโภค,,,ชิ้น                ,8858072011217,100,NULL,FALSE,FALSE,NULL,,,NULL,NULL,NULL,NULL,NULL,NULL,1,NULL
5189,1,102112,Sivanna Colors Browcara ปัดคิ้ว B1 น้ำตาลอ่อน,NULL,NULL,NULL,NULL,เครื่องสำอางและสินค้าอุปโภคบริโภค,,,ชิ้น                ,8858994417937,100,NULL,FALSE,FALSE,NULL,,,NULL,NULL,NULL,NULL,NULL,NULL,1,NULL
5190,1,102113,Sivanna Colors Browcara ปัดคิ้ว B3 น้ำตาลเข้ม,NULL,NULL,NULL,NULL,เครื่องสำอางและสินค้าอุปโภคบริโภค,,,ชิ้น                ,8858994417951,100,NULL,FALSE,FALSE,NULL,,,NULL,NULL,NULL,NULL,NULL,NULL,1,NULL
5191,1,102114,Sivanna Colors Browcara ปัดคิ้ว B2 น้ำตาลกลาง,NULL,NULL,NULL,NULL,เครื่องสำอางและสินค้าอุปโภคบริโภค,,,ชิ้น                ,3469,100,NULL,FALSE,FALSE,NULL,,,NULL,NULL,NULL,NULL,NULL,NULL,1,NULL
5192,1,102115,BROWIT By Nongchat Eyemazing Shadow And Liner 2 in 1 ดินสอ+ทาเปลือก %23Charming Apricot,NULL,NULL,NULL,NULL,เครื่องสำอางและสินค้าอุปโภคบริโภค,,,ชิ้น                ,8858842066577,100,NULL,FALSE,FALSE,NULL,,,NULL,NULL,NULL,NULL,NULL,NULL,1,NULL
5193,1,102116,GINA Glam Queen's Scepter Waterproof Luxury Eyebrow เขียนคิ้วกันน้ำ B5 Dark Brown,NULL,NULL,NULL,NULL,เครื่องสำอางและสินค้าอุปโภคบริโภค,,,ชิ้น                ,8858994417579,100,NULL,FALSE,FALSE,NULL,,,NULL,NULL,NULL,NULL,NULL,NULL,1,NULL
5194,1,102117,Baby Bright Lip&Cheek Color Stain Essence%2310 Pink Seaweed,NULL,NULL,NULL,NULL,เครื่องสำอางและสินค้าอุปโภคบริโภค,,,ชิ้น                ,8858842075937,100,NULL,FALSE,FALSE,NULL,,,NULL,NULL,NULL,NULL,NULL,NULL,1,NULL
5195,1,102118,Baby Bright Lip&Cheek Matte Tint 23 Samon,NULL,NULL,NULL,NULL,เครื่องสำอางและสินค้าอุปโภคบริโภค,,,ชิ้น                ,8858842088609,100,NULL,FALSE,FALSE,NULL,,,NULL,NULL,NULL,NULL,NULL,NULL,1,NULL
5196,1,102119,KMพีช โกลว์พื้นท์03,NULL,NULL,NULL,NULL,เครื่องสำอางและสินค้าอุปโภคบริโภค,,,ชิ้น                ,8858842086490,100,NULL,FALSE,FALSE,NULL,,,NULL,NULL,NULL,NULL,NULL,NULL,1,NULL
5197,1,102120,Baby Bright Lip&Cheek Matte Tint 26 Apricot,NULL,NULL,NULL,NULL,เครื่องสำอางและสินค้าอุปโภคบริโภค,,,ชิ้น                ,8858842088630,100,NULL,FALSE,FALSE,NULL,,,NULL,NULL,NULL,NULL,NULL,NULL,1,NULL
5198,1,102121,Baby Bright Lip&Cheek Peach Glow Tint %2305 Orang Peach,NULL,NULL,NULL,NULL,เครื่องสำอางและสินค้าอุปโภคบริโภค,,,ชิ้น                ,8858842086513,100,NULL,FALSE,FALSE,NULL,,,NULL,NULL,NULL,NULL,NULL,NULL,1,NULL
5199,1,102122,Baby Bright Lip&Cheek Peach Glow Tint %2304 Cinnamon,NULL,NULL,NULL,NULL,เครื่องสำอางและสินค้าอุปโภคบริโภค,,,ชิ้น                ,8858842086506,100,NULL,FALSE,FALSE,NULL,,,NULL,NULL,NULL,NULL,NULL,NULL,1,NULL
5200,1,102123,คบิสตัส ตะไบขัดเล็บ,NULL,NULL,NULL,NULL,เครื่องสำอางและสินค้าอุปโภคบริโภค,,,ชิ้น                ,9999999999380,100,NULL,FALSE,FALSE,NULL,,,NULL,NULL,NULL,NULL,NULL,NULL,1,NULL
5201,1,102124,ที่ทาตาหัวฟองน้ำ,NULL,NULL,NULL,NULL,เครื่องสำอางและสินค้าอุปโภคบริโภค,,,ชิ้น                ,6924271690743,100,NULL,FALSE,FALSE,NULL,,,NULL,NULL,NULL,NULL,NULL,NULL,1,NULL
5202,1,102125,แปรงทาตา หัวพู่กันใหญ่,NULL,NULL,NULL,NULL,เครื่องสำอางและสินค้าอุปโภคบริโภค,,,ชิ้น                ,6924271690705,100,NULL,FALSE,FALSE,NULL,,,NULL,NULL,NULL,NULL,NULL,NULL,1,NULL
5203,1,102126,แปรงทาตา หัวพู่กันใหญ่,NULL,NULL,NULL,NULL,เครื่องสำอางและสินค้าอุปโภคบริโภค,,,ชิ้น                ,6924271690705,100,NULL,FALSE,FALSE,NULL,,,NULL,NULL,NULL,NULL,NULL,NULL,1,NULL
5204,1,102127,Focallure แปรงทาตาหัวตัดเอียง,NULL,NULL,NULL,NULL,เครื่องสำอางและสินค้าอุปโภคบริโภค,,,ชิ้น                ,6924271690712,100,NULL,FALSE,FALSE,NULL,,,NULL,NULL,NULL,NULL,NULL,NULL,1,NULL
5205,1,102128,แปรงทาตา หัวพู่กันเอียง,NULL,NULL,NULL,NULL,เครื่องสำอางและสินค้าอุปโภคบริโภค,,,ชิ้น                ,6924271690729,100,NULL,FALSE,FALSE,NULL,,,NULL,NULL,NULL,NULL,NULL,NULL,1,NULL
5206,1,102129,ที่ทาตาหัวฟองน้ำ,NULL,NULL,NULL,NULL,เครื่องสำอางและสินค้าอุปโภคบริโภค,,,ชิ้น                ,6924271690743,100,NULL,FALSE,FALSE,NULL,,,NULL,NULL,NULL,NULL,NULL,NULL,1,NULL
5207,1,102130,เซ็ตแปรงแต่งหน้า 5 ชิ้น ขนาดพกพา,NULL,NULL,NULL,NULL,เครื่องสำอางและสินค้าอุปโภคบริโภค,,,ชิ้น                ,9999999999829,100,NULL,FALSE,FALSE,NULL,,,NULL,NULL,NULL,NULL,NULL,NULL,1,NULL
5208,1,102131,กรรไกรตัดขนจมูก กรรไกรจิ๋ว กรรไกรตัดขนคิ้ว,NULL,NULL,NULL,NULL,เครื่องสำอางและสินค้าอุปโภคบริโภค,,,ชิ้น                ,6970975170029,100,NULL,FALSE,FALSE,NULL,,,NULL,NULL,NULL,NULL,NULL,NULL,1,NULL
5209,1,102132,(1 เซต มี 8 ชิ้น) แปรงแต่งหน้าขนาดพกพา มาพร้อมถุง คละสี,NULL,NULL,NULL,NULL,เครื่องสำอางและสินค้าอุปโภคบริโภค,,,ชิ้น                ,6585,100,NULL,FALSE,FALSE,NULL,,,NULL,NULL,NULL,NULL,NULL,NULL,1,NULL
5210,1,102133,Aac  Powder Blush แปรงรองพื้น สีดำ,NULL,NULL,NULL,NULL,เครื่องสำอางและสินค้าอุปโภคบริโภค,,,ชิ้น                ,6951690116011,100,NULL,FALSE,FALSE,NULL,,,NULL,NULL,NULL,NULL,NULL,NULL,1,NULL
5211,1,102134,กรรไกรตัดเล็บ ตอง777,NULL,NULL,NULL,NULL,เครื่องสำอางและสินค้าอุปโภคบริโภค,,,ชิ้น                ,9999999999382,100,NULL,FALSE,FALSE,NULL,,,NULL,NULL,NULL,NULL,NULL,NULL,1,NULL
5212,1,102135,ไฟร์ด้า เอเอ็น ที่ตัดเล็บปลายโค้ง,NULL,NULL,NULL,NULL,เครื่องสำอางและสินค้าอุปโภคบริโภค,,,ชิ้น                ,8858072010289,100,NULL,FALSE,FALSE,NULL,,,NULL,NULL,NULL,NULL,NULL,NULL,1,NULL
5213,1,102136,ไฟร์ด้า เอเอ็น ที่ตัดเล็บใบมีดโค้งตามเล็บมือ,NULL,NULL,NULL,NULL,เครื่องสำอางและสินค้าอุปโภคบริโภค,,,ชิ้น                ,8858072010296,100,NULL,FALSE,FALSE,NULL,,,NULL,NULL,NULL,NULL,NULL,NULL,1,NULL
5214,1,102137,ตะไบขัดเล็บ แบบบาง,NULL,NULL,NULL,NULL,เครื่องสำอางและสินค้าอุปโภคบริโภค,,,ชิ้น                ,9999999999388,100,NULL,FALSE,FALSE,NULL,,,NULL,NULL,NULL,NULL,NULL,NULL,1,NULL
5215,1,102138,Browit By Nongchat Liquid Eyebrows Mate,NULL,NULL,NULL,NULL,เครื่องสำอางและสินค้าอุปโภคบริโภค,,,ชิ้น                ,8858842058961,100,NULL,FALSE,FALSE,NULL,,,NULL,NULL,NULL,NULL,NULL,NULL,1,NULL
5216,1,102139,Browit By Nongchat  Liquid Eyebrow Matte2 g No 05 Carcoal Milk  ปัดคิ้ว,NULL,NULL,NULL,NULL,เครื่องสำอางและสินค้าอุปโภคบริโภค,,,ชิ้น                ,8858842059739,100,NULL,FALSE,FALSE,NULL,,,NULL,NULL,NULL,NULL,NULL,NULL,1,NULL
5217,1,102140,BROWIT By Nongchat Brow And Blending Cushion 2 in 1 ดินสอ+คูชั่นเขียนคิ้ว%23Smoke Gray,NULL,NULL,NULL,NULL,เครื่องสำอางและสินค้าอุปโภคบริโภค,,,ชิ้น                ,8858842090077,100,NULL,FALSE,FALSE,NULL,,,NULL,NULL,NULL,NULL,NULL,NULL,1,NULL
5218,1,102141,KM โปรวิทคิ้วบราวอีทชาร์ป*เพนคาราเมลบราวน์,NULL,NULL,NULL,NULL,เครื่องสำอางและสินค้าอุปโภคบริโภค,,,ชิ้น                ,8858842087190,100,NULL,FALSE,FALSE,NULL,,,NULL,NULL,NULL,NULL,NULL,NULL,1,NULL
5219,1,102142,Sivanna Slim Chic Just For you Naturally Define Eye Brow ดินสอ+แปรงปัดคิ้ว 02Caramel,NULL,NULL,NULL,NULL,เครื่องสำอางและสินค้าอุปโภคบริโภค,,,ชิ้น                ,8858994417777,100,NULL,FALSE,FALSE,NULL,,,NULL,NULL,NULL,NULL,NULL,NULL,1,NULL
5220,1,102143,Sivanna DUO Automatic EyeBrow Painting Pen เขียนคิ้วสีน้ำตาลแดงB5 Red Brow,NULL,NULL,NULL,NULL,เครื่องสำอางและสินค้าอุปโภคบริโภค,,,ชิ้น                ,8858994417456,100,NULL,FALSE,FALSE,NULL,,,NULL,NULL,NULL,NULL,NULL,NULL,1,NULL
5221,1,102144,Sivanna Super Fine Automatic Eyebrow Pencil ดินสอเขียนคิ้วกันน้ำ 01 Light Brown,NULL,NULL,NULL,NULL,เครื่องสำอางและสินค้าอุปโภคบริโภค,,,ชิ้น                ,8858994417524,100,NULL,FALSE,FALSE,NULL,,,NULL,NULL,NULL,NULL,NULL,NULL,1,NULL
5222,1,102145,Meilinda 3D Slim Pencil เขียนคิ้ว 01 Red Brow,NULL,NULL,NULL,NULL,เครื่องสำอางและสินค้าอุปโภคบริโภค,,,ชิ้น                ,8858518021961,100,NULL,FALSE,FALSE,NULL,,,NULL,NULL,NULL,NULL,NULL,NULL,1,NULL
5223,1,102146,KM คิ้วแชพเพนบราวน์ *hot cocoa brown,NULL,NULL,NULL,NULL,เครื่องสำอางและสินค้าอุปโภคบริโภค,,,ชิ้น                ,8858842090039,100,NULL,FALSE,FALSE,NULL,,,NULL,NULL,NULL,NULL,NULL,NULL,1,NULL
5224,1,102147,km8คิ้วลิขวิดแอนคาร่าแกลมไนท์บราวน์,NULL,NULL,NULL,NULL,เครื่องสำอางและสินค้าอุปโภคบริโภค,,,ชิ้น                ,8858842067147,100,NULL,FALSE,FALSE,NULL,,,NULL,NULL,NULL,NULL,NULL,NULL,1,NULL
5225,1,102148,BROWIT By Nongchat Brow And Blending Cushion 2 in 1 ดินสอ+คูชั่นเขียนคิ้ว%23Dark Blonde,NULL,NULL,NULL,NULL,เครื่องสำอางและสินค้าอุปโภคบริโภค,,,ชิ้น                ,8858842071779,100,NULL,FALSE,FALSE,NULL,,,NULL,NULL,NULL,NULL,NULL,NULL,1,NULL
5226,1,102149,SIVANNA COLORS Matte  Lips No. 05,NULL,NULL,NULL,NULL,เครื่องสำอางและสินค้าอุปโภคบริโภค,,,ชิ้น                ,8858994472981,100,NULL,FALSE,FALSE,NULL,,,NULL,NULL,NULL,NULL,NULL,NULL,1,NULL
5227,1,102150,shกิ๊บคําสั้น7cml*12,NULL,NULL,NULL,NULL,เครื่องสำอางและสินค้าอุปโภคบริโภค,,,ชิ้น                ,8859569708337,100,NULL,FALSE,FALSE,NULL,,,NULL,NULL,NULL,NULL,NULL,NULL,1,NULL
5228,1,102151,latin america (อุปกรณ์เเต่งหน้า),NULL,NULL,NULL,NULL,เครื่องสำอางและสินค้าอุปโภคบริโภค,,,อัน                 ,6925751020036,100,NULL,FALSE,,NULL,,,NULL,NULL,NULL,NULL,NULL,NULL,1,NULL
5229,1,102152,odbo OD8-111 พัฟเกลี่ยรองพื้นรูปไข่,NULL,NULL,NULL,NULL,เครื่องสำอางและสินค้าอุปโภคบริโภค,,,ชิ้น                ,8858910622964,100,NULL,FALSE,FALSE,NULL,,,NULL,NULL,NULL,NULL,NULL,NULL,1,NULL
5230,1,102153,Air Powder Puff พัฟแต่งหน้า,NULL,NULL,NULL,NULL,เครื่องสำอางและสินค้าอุปโภคบริโภค,,,ชิ้น                ,6937630039749,100,NULL,FALSE,FALSE,NULL,,,NULL,NULL,NULL,NULL,NULL,NULL,1,NULL
5231,1,102154,Air Powder Puff พัฟแต่งหน้า,NULL,NULL,NULL,NULL,เครื่องสำอางและสินค้าอุปโภคบริโภค,,,ชิ้น                ,6937630039749,100,NULL,FALSE,FALSE,NULL,,,NULL,NULL,NULL,NULL,NULL,NULL,1,NULL
5232,1,102155,Air Powder Puff พัฟแต่งหน้าสีเขียว,NULL,NULL,NULL,NULL,เครื่องสำอางและสินค้าอุปโภคบริโภค,,,ชิ้น                ,6941520373707,100,NULL,FALSE,FALSE,NULL,,,NULL,NULL,NULL,NULL,NULL,NULL,1,NULL
5233,1,102156,Air Powder Puff พัฟแต่งหน้า,NULL,NULL,NULL,NULL,เครื่องสำอางและสินค้าอุปโภคบริโภค,,,ชิ้น                ,6937630039749,100,NULL,FALSE,FALSE,NULL,,,NULL,NULL,NULL,NULL,NULL,NULL,1,NULL
5234,1,102157,Air Powder Puff พัฟแต่งหน้า,NULL,NULL,NULL,NULL,เครื่องสำอางและสินค้าอุปโภคบริโภค,,,ชิ้น                ,6937630039749,100,NULL,FALSE,FALSE,NULL,,,NULL,NULL,NULL,NULL,NULL,NULL,1,NULL
5235,1,102158,like way อุปกรณ์แต่งหน้า,NULL,NULL,NULL,NULL,เครื่องสำอางและสินค้าอุปโภคบริโภค,,,อัน                 ,9966551014174,100,NULL,FALSE,FALSE,NULL,,,NULL,NULL,NULL,NULL,NULL,NULL,1,NULL
5236,1,102159,กรรไกรตัดแต่งขนคิ้ว ที่กันคิ้ว อุปกรณ์ตกแต่งคิ้ว,NULL,NULL,NULL,NULL,เครื่องสำอางและสินค้าอุปโภคบริโภค,,,ชิ้น                ,8806165928546,100,NULL,FALSE,FALSE,NULL,,,NULL,NULL,NULL,NULL,NULL,NULL,1,NULL
5237,1,102160,Stated Tweezer ที่ถอนขนคิ้ว,NULL,NULL,NULL,NULL,เครื่องสำอางและสินค้าอุปโภคบริโภค,,,ชิ้น                ,9999999999859,100,NULL,FALSE,FALSE,NULL,,,NULL,NULL,NULL,NULL,NULL,NULL,1,NULL
5238,1,102161,Frida เอเอ็น แหนบสแตนเลสสีดำ 9.6 cm,NULL,NULL,NULL,NULL,เครื่องสำอางและสินค้าอุปโภคบริโภค,,,ชิ้น                ,8858072010036,100,NULL,FALSE,FALSE,NULL,,,NULL,NULL,NULL,NULL,NULL,NULL,1,NULL
5239,1,102162,ตะไบขัดเล็บแบบ หนา,NULL,NULL,NULL,NULL,เครื่องสำอางและสินค้าอุปโภคบริโภค,,,ชิ้น                ,9999999999389,100,NULL,FALSE,FALSE,NULL,,,NULL,NULL,NULL,NULL,NULL,NULL,1,NULL
5240,1,102163,kmคิ้วชาร์พเพนบราวน์*มอคค่าบราวน์,NULL,NULL,NULL,NULL,เครื่องสำอางและสินค้าอุปโภคบริโภค,,,ชิ้น                ,8858842078716,100,NULL,FALSE,FALSE,NULL,,,NULL,NULL,NULL,NULL,NULL,NULL,1,NULL
5241,1,102164,KM โปรวิทคิ้วบราวอิทชา ร์ปเพน*ชาร์โคลบราวน์,NULL,NULL,NULL,NULL,เครื่องสำอางและสินค้าอุปโภคบริโภค,,,ชิ้น                ,8858842090046,100,NULL,FALSE,FALSE,NULL,,,NULL,NULL,NULL,NULL,NULL,NULL,1,NULL
5242,1,102165,KM โปรวิทคิ้วบราวอีทชาร์ป*เพนคาราเมลบราวน์,NULL,NULL,NULL,NULL,เครื่องสำอางและสินค้าอุปโภคบริโภค,,,ชิ้น                ,8858842087190,100,NULL,FALSE,FALSE,NULL,,,NULL,NULL,NULL,NULL,NULL,NULL,1,NULL
5243,1,102166,Sivanna Peach Eyebrow Pencil 3D Natural Longlasting ดินสอ+ฟองน้าแต่งคิ้ว 01,NULL,NULL,NULL,NULL,เครื่องสำอางและสินค้าอุปโภคบริโภค,,,ชิ้น                ,8858994417739,100,NULL,FALSE,FALSE,NULL,,,NULL,NULL,NULL,NULL,NULL,NULL,1,NULL
5244,1,102167,kmดูโอ้อาย& บราวน์จัสท์กอฟฟีอ2,NULL,NULL,NULL,NULL,เครื่องสำอางและสินค้าอุปโภคบริโภค,,,ชิ้น                ,8858842079119,100,NULL,FALSE,FALSE,NULL,,,NULL,NULL,NULL,NULL,NULL,NULL,1,NULL
5245,1,102168,GINA Glam Coloring Eye Brown ปัดคิ้ว No.02,NULL,NULL,NULL,NULL,เครื่องสำอางและสินค้าอุปโภคบริโภค,,,ชิ้น                ,8858994417074,100,NULL,FALSE,FALSE,NULL,,,NULL,NULL,NULL,NULL,NULL,NULL,1,NULL
5246,1,102169,GINA Glam Coloring Eye Brown ปัดคิ้ว 01,NULL,NULL,NULL,NULL,เครื่องสำอางและสินค้าอุปโภคบริโภค,,,ชิ้น                ,8858994417067,100,NULL,FALSE,FALSE,NULL,,,NULL,NULL,NULL,NULL,NULL,NULL,1,NULL
5247,1,102170,GINA Glam Coloring Eye Brown ปัดคิ้ว No.03,NULL,NULL,NULL,NULL,เครื่องสำอางและสินค้าอุปโภคบริโภค,,,ชิ้น                ,8858994417081,100,NULL,FALSE,FALSE,NULL,,,NULL,NULL,NULL,NULL,NULL,NULL,1,NULL
5248,1,102171,GINA Glam Royal Princess Shaping Luxury Eyebrow เขียนคิ้ว B2 Natural Brown,NULL,NULL,NULL,NULL,เครื่องสำอางและสินค้าอุปโภคบริโภค,,,ชิ้น                ,8858994417661,100,NULL,FALSE,FALSE,NULL,,,NULL,NULL,NULL,NULL,NULL,NULL,1,NULL
5249,1,102172,X Cute Me Kawaiii Series Eyebrow Pencil 2IN 1 เขียนคิ้ว สีอัลมอนด์,NULL,NULL,NULL,NULL,เครื่องสำอางและสินค้าอุปโภคบริโภค,,,ชิ้น                ,8851144656224,100,NULL,FALSE,FALSE,NULL,,,NULL,NULL,NULL,NULL,NULL,NULL,1,NULL
5250,1,102173,X Cute Me Kawaiii Series Eyebrow Pencil 2IN 1 เขียนคิ้ว สีชินนามอน,NULL,NULL,NULL,NULL,เครื่องสำอางและสินค้าอุปโภคบริโภค,,,ชิ้น                ,8851144656231,100,NULL,FALSE,FALSE,NULL,,,NULL,NULL,NULL,NULL,NULL,NULL,1,NULL
5251,1,102174,Sivanna Slim Chic Just For you Naturally Define Eye Brow ดินสอ+แปรงปัดคิ้ว 01Mocha,NULL,NULL,NULL,NULL,เครื่องสำอางและสินค้าอุปโภคบริโภค,,,ชิ้น                ,8858994417760,100,NULL,FALSE,FALSE,NULL,,,NULL,NULL,NULL,NULL,NULL,NULL,1,NULL
5252,1,102175,ยางรัดผม 100 เส้น มีซองซิปใส่ให้ด้วย สีดำ,NULL,NULL,NULL,NULL,เครื่องสำอางและสินค้าอุปโภคบริโภค,,,ชิ้น                ,9999999999863,100,NULL,FALSE,FALSE,NULL,,,NULL,NULL,NULL,NULL,NULL,NULL,1,NULL
5253,1,102176,shโรลกรอบพลาสติก 3.6 cm4ชิ้น,NULL,NULL,NULL,NULL,เครื่องสำอางและสินค้าอุปโภคบริโภค,,,ชิ้น                ,8859569703318,100,NULL,FALSE,FALSE,NULL,,,NULL,NULL,NULL,NULL,NULL,NULL,1,NULL
5254,1,102177,ใยขัดตัว ขัดผิวกาย สีเขียว,NULL,NULL,NULL,NULL,เครื่องสำอางและสินค้าอุปโภคบริโภค,,,ชิ้น                ,9999999999801,100,NULL,FALSE,FALSE,NULL,,,NULL,NULL,NULL,NULL,NULL,NULL,1,NULL
5255,1,102178,หวีการ์ตูน หวีลดไฟฟ้าสถิตย์ แป้งหวีผม ลายน่ารัก ลดผมขาดร่วง นวดหนังศรีษะ  ดำ,NULL,NULL,NULL,NULL,เครื่องสำอางและสินค้าอุปโภคบริโภค,,,ชิ้น                ,9999999999834,100,NULL,FALSE,FALSE,NULL,,,NULL,NULL,NULL,NULL,NULL,NULL,1,NULL
5256,1,102179,Jifenli Special ใบมีดโกน 10 ชอ้น/กล่อง,NULL,NULL,NULL,NULL,เครื่องสำอางและสินค้าอุปโภคบริโภค,,,ชิ้น                ,6973519580063,100,NULL,FALSE,FALSE,NULL,,,NULL,NULL,NULL,NULL,NULL,NULL,1,NULL
5257,1,102180,ด้ามมีดโกน คละสี,NULL,NULL,NULL,NULL,เครื่องสำอางและสินค้าอุปโภคบริโภค,,,ชิ้น                ,9999999999386,100,NULL,FALSE,FALSE,NULL,,,NULL,NULL,NULL,NULL,NULL,NULL,1,NULL
5258,1,102181,ํYiwuoufa ที่เก็บไรผม 1 คู่,NULL,NULL,NULL,NULL,เครื่องสำอางและสินค้าอุปโภคบริโภค,,,ชิ้น                ,9999999999893,100,NULL,FALSE,FALSE,NULL,,,NULL,NULL,NULL,NULL,NULL,NULL,1,NULL
5259,1,102182,ashley AP-006 ดำ,NULL,NULL,NULL,NULL,เครื่องสำอางและสินค้าอุปโภคบริโภค,,,แท่ง                ,220260,100,NULL,FALSE,FALSE,NULL,,,NULL,NULL,NULL,NULL,NULL,NULL,1,NULL
5260,1,102183,Cosmetic ART ดินสอเขียนคิ้ว สี Gtay No.05,NULL,NULL,NULL,NULL,เครื่องสำอางและสินค้าอุปโภคบริโภค,,,ชิ้น                ,220254,100,NULL,FALSE,FALSE,NULL,,,NULL,NULL,NULL,NULL,NULL,NULL,1,NULL
5261,1,102184,X Cute Me Kawaiii Series Eyebrow Pencil 2IN 1 เขียนคิ้ว สีดาร์คบราวน์,NULL,NULL,NULL,NULL,เครื่องสำอางและสินค้าอุปโภคบริโภค,,,ชิ้น                ,8851144563010,100,NULL,FALSE,FALSE,NULL,,,NULL,NULL,NULL,NULL,NULL,NULL,1,NULL
5262,1,102185,Sweet Heart Eye Brow Pencil (สีดำ),NULL,NULL,NULL,NULL,เครื่องสำอางและสินค้าอุปโภคบริโภค,,,ชิ้น                ,3218,100,NULL,FALSE,FALSE,NULL,,,NULL,NULL,NULL,NULL,NULL,NULL,1,NULL
5263,1,102186,ดินสอเขียนคิ้ว Sweet Heart สี Dark Brown,NULL,NULL,NULL,NULL,เครื่องสำอางและสินค้าอุปโภคบริโภค,,,ชิ้น                ,3448,100,NULL,FALSE,FALSE,NULL,,,NULL,NULL,NULL,NULL,NULL,NULL,1,NULL
5264,1,102187,Sweet Heart Eye Brow & EyeLiner Pencil สี Red Brow,NULL,NULL,NULL,NULL,เครื่องสำอางและสินค้าอุปโภคบริโภค,,,ชิ้น                ,8850419510841,100,NULL,FALSE,FALSE,NULL,,,NULL,NULL,NULL,NULL,NULL,NULL,1,NULL
5265,1,102188,ดินสอเขียนคิ้ว Sweet Heart สี Red Brown,NULL,NULL,NULL,NULL,เครื่องสำอางและสินค้าอุปโภคบริโภค,,,ชิ้น                ,3450,100,NULL,FALSE,FALSE,NULL,,,NULL,NULL,NULL,NULL,NULL,NULL,1,NULL
5266,1,102189,ดินสอเขียนคิ้ว Sweet Heart สี Deep Black,NULL,NULL,NULL,NULL,เครื่องสำอางและสินค้าอุปโภคบริโภค,,,ชิ้น                ,8850419413517,100,NULL,FALSE,FALSE,NULL,,,NULL,NULL,NULL,NULL,NULL,NULL,1,NULL
5267,1,102190,ดินสอเขียนคิ้ว ashlay สี Ap052-01 Black,NULL,NULL,NULL,NULL,เครื่องสำอางและสินค้าอุปโภคบริโภค,,,ชิ้น                ,3462,100,NULL,FALSE,FALSE,NULL,,,NULL,NULL,NULL,NULL,NULL,NULL,1,NULL
5268,1,102191,โปรเชฟ อายบราว เพนซิล No.01สีน้ำตาลเข้ม 0.27g,NULL,NULL,NULL,NULL,เครื่องสำอางและสินค้าอุปโภคบริโภค,,,ชิ้น                ,3246,100,NULL,FALSE,FALSE,NULL,,,NULL,NULL,NULL,NULL,NULL,NULL,1,NULL
5269,1,102192,Cathy Doll Skinny Brow %2305,NULL,NULL,NULL,NULL,เครื่องสำอางและสินค้าอุปโภคบริโภค,,,ชิ้น                ,8858842055472,100,NULL,FALSE,FALSE,NULL,,,NULL,NULL,NULL,NULL,NULL,NULL,1,NULL
5270,1,102193,Cathy Doll Skinny Brow %2304,NULL,NULL,NULL,NULL,เครื่องสำอางและสินค้าอุปโภคบริโภค,,,ชิ้น                ,8858842055465,100,NULL,FALSE,FALSE,NULL,,,NULL,NULL,NULL,NULL,NULL,NULL,1,NULL
5271,1,102194,TANAKO Magic Conserve,NULL,NULL,NULL,NULL,เครื่องสำอางและสินค้าอุปโภคบริโภค,,,ชิ้น                ,3308,100,NULL,FALSE,FALSE,NULL,,,NULL,NULL,NULL,NULL,NULL,NULL,1,NULL
5272,1,102195,Kiss Beauty LIP & CHEEK,NULL,NULL,NULL,NULL,เครื่องสำอางและสินค้าอุปโภคบริโภค,,,ชิ้น                ,111002,100,NULL,FALSE,FALSE,NULL,,,NULL,NULL,NULL,NULL,NULL,NULL,1,NULL
5273,1,102196,SIVANNA COLORS Pretty Peach Blusher Palette (Set) No.01,NULL,NULL,NULL,NULL,เครื่องสำอางและสินค้าอุปโภคบริโภค,,,ชิ้น                ,8858994455939,100,NULL,FALSE,FALSE,NULL,,,NULL,NULL,NULL,NULL,NULL,NULL,1,NULL
5274,1,102197,SIVANNA COLORS Matte Stay Lipstick Kiss Me No. 03,NULL,NULL,NULL,NULL,เครื่องสำอางและสินค้าอุปโภคบริโภค,,,ชิ้น                ,3117,100,NULL,FALSE,FALSE,NULL,,,NULL,NULL,NULL,NULL,NULL,NULL,1,NULL
5275,1,102198,SIVANNA COLORS Matte Stay Lipstick Kiss Me No. 04,NULL,NULL,NULL,NULL,เครื่องสำอางและสินค้าอุปโภคบริโภค,,,ชิ้น                ,8858994471809,100,NULL,FALSE,FALSE,NULL,,,NULL,NULL,NULL,NULL,NULL,NULL,1,NULL
5276,1,102199,Sivanna Colors  Rainbow Baked Blush No.03,NULL,NULL,NULL,NULL,เครื่องสำอางและสินค้าอุปโภคบริโภค,,,ชิ้น                ,3198,100,NULL,FALSE,FALSE,NULL,,,NULL,NULL,NULL,NULL,NULL,NULL,1,NULL
5277,1,102200,SIVANNA COLORS Matte Stay Lipstick Kiss Me No. 04,NULL,NULL,NULL,NULL,เครื่องสำอางและสินค้าอุปโภคบริโภค,,,ชิ้น                ,8858994471809,100,NULL,FALSE,FALSE,NULL,,,NULL,NULL,NULL,NULL,NULL,NULL,1,NULL
5278,1,102201,SIVANNA COLORS Matte Stay Lipstick Kiss Me No. 03,NULL,NULL,NULL,NULL,เครื่องสำอางและสินค้าอุปโภคบริโภค,,,ชิ้น                ,3117,100,NULL,FALSE,FALSE,NULL,,,NULL,NULL,NULL,NULL,NULL,NULL,1,NULL
5279,1,102202,SIVANNA COLOR Sweety Kitten Fack Palette No.03,NULL,NULL,NULL,NULL,เครื่องสำอางและสินค้าอุปโภคบริโภค,,,ชิ้น                ,8858994456387,100,NULL,FALSE,FALSE,NULL,,,NULL,NULL,NULL,NULL,NULL,NULL,1,NULL
5280,1,102203,GINA GLAM Lip No. 02,NULL,NULL,NULL,NULL,เครื่องสำอางและสินค้าอุปโภคบริโภค,,,ชิ้น                ,8858994475654,100,NULL,FALSE,FALSE,NULL,,,NULL,NULL,NULL,NULL,NULL,NULL,1,NULL
5281,1,102204,GINA GLAM Lip No. 05,NULL,NULL,NULL,NULL,เครื่องสำอางและสินค้าอุปโภคบริโภค,,,ชิ้น                ,8858994475685,100,NULL,FALSE,FALSE,NULL,,,NULL,NULL,NULL,NULL,NULL,NULL,1,NULL
5282,1,102205,Clean and Clear Morning Energy Gel Cleanser Brightening Lemon 50 ml,NIFUROXAZIDE,ANTIDIARRHOEALS,ขย.9,NULL,เครื่องสำอางและสินค้าอุปโภคบริโภค,,,ขวด,8850007652212,100,NULL,FALSE,FALSE,NULL,,,25,NULL,NULL,NULL,NULL,NULL,1,NULL
5283,1,102206,เอ็กซ์ศิวห์ มีชีค คัลเลอร์ บสัช ชิมเมอว์  5 กรัม S06 นูด พีช,NULL,NULL,NULL,NULL,เครื่องสำอางและสินค้าอุปโภคบริโภค,,,ชิ้น                ,3403,100,NULL,FALSE,FALSE,NULL,,,NULL,NULL,NULL,NULL,NULL,NULL,1,NULL
5284,1,102207,เอ็กซ์คิวท์ มีชีค คัลเลอร์ บลัช ชิมเมอร์ 5 กรัม S07 ชันนี่ ฟันนี่,NULL,NULL,NULL,NULL,เครื่องสำอางและสินค้าอุปโภคบริโภค,,,ชิ้น                ,8859175252101,100,NULL,FALSE,FALSE,NULL,,,NULL,NULL,NULL,NULL,NULL,NULL,1,NULL
5285,1,102208,เอ็กซ์คิวท์ มีชีค คัลเลอร์ บลัช แมทท์ 5 กรัม M09 ซอฟท์ บราว,NULL,NULL,NULL,NULL,เครื่องสำอางและสินค้าอุปโภคบริโภค,,,ชิ้น                ,3406,100,NULL,FALSE,FALSE,NULL,,,NULL,NULL,NULL,NULL,NULL,NULL,1,NULL
5286,1,102209,เอ็กซ์คิวท์ มี ชีค คัลเลอร์ บลัช แมทท์ 5 กรัม M16 โรส เบจ,NULL,NULL,NULL,NULL,เครื่องสำอางและสินค้าอุปโภคบริโภค,,,ชิ้น                ,3408,100,NULL,FALSE,FALSE,NULL,,,NULL,NULL,NULL,NULL,NULL,NULL,1,NULL
5287,1,102210,เอ็กซ์คิวท์ มีชิค คัลเลอร์ บลัช ชิมเมอร์ 5 กรัม S11 โรซี,NULL,NULL,NULL,NULL,เครื่องสำอางและสินค้าอุปโภคบริโภค,,,ชิ้น                ,3407,100,NULL,FALSE,FALSE,NULL,,,NULL,NULL,NULL,NULL,NULL,NULL,1,NULL
5288,1,102211,เอ็กซ์คิวท์ มี ชีค คัลเลอร์ บลัช แมทท์ 5 กรัม M21 เบบี้ พิงค์,NULL,NULL,NULL,NULL,เครื่องสำอางและสินค้าอุปโภคบริโภค,,,ชิ้น                ,8859175252040,100,NULL,FALSE,FALSE,NULL,,,NULL,NULL,NULL,NULL,NULL,NULL,1,NULL
5289,1,102212,เอ็กซ์คิวท์ มี ชีค คัลเลอร์ บลัช แมทท์ 5 กรัม M04 เรด โรส,NULL,NULL,NULL,NULL,เครื่องสำอางและสินค้าอุปโภคบริโภค,,,ชิ้น                ,8859175252026,100,NULL,FALSE,FALSE,NULL,,,NULL,NULL,NULL,NULL,NULL,NULL,1,NULL
5290,1,102213,เอ็กซ์คิวท์ มี ชีค คัลเลอร์ บลัช แมทท์ 5 กรัม M06  คอรัล,NULL,NULL,NULL,NULL,เครื่องสำอางและสินค้าอุปโภคบริโภค,,,ชิ้น                ,3402,100,NULL,FALSE,FALSE,NULL,,,NULL,NULL,NULL,NULL,NULL,NULL,1,NULL
5291,1,102214,เอ็กซ์คิวท์ มี ชีค คัลเลอร์ บลัช แมทท์ 5 กรัม M07 พีช,NULL,NULL,NULL,NULL,เครื่องสำอางและสินค้าอุปโภคบริโภค,,,ชิ้น                ,8859175252064,100,NULL,FALSE,FALSE,NULL,,,NULL,NULL,NULL,NULL,NULL,NULL,1,NULL
5292,1,102215,SIVANNA COLOR Fantastic Blusher No.03,NULL,NULL,NULL,NULL,เครื่องสำอางและสินค้าอุปโภคบริโภค,,,ชิ้น                ,3161,100,NULL,FALSE,FALSE,NULL,,,NULL,NULL,NULL,NULL,NULL,NULL,1,NULL
5293,1,102216,SIVANNA COLOR Fantastic Blusher No.02,NULL,NULL,NULL,NULL,เครื่องสำอางและสินค้าอุปโภคบริโภค,,,ชิ้น                ,8858994450149,100,NULL,FALSE,FALSE,NULL,,,NULL,NULL,NULL,NULL,NULL,NULL,1,NULL
5294,1,102217,SIVANNA COLOR Fantastic Blusher No.01,NULL,NULL,NULL,NULL,เครื่องสำอางและสินค้าอุปโภคบริโภค,,,ชิ้น                ,3159,100,NULL,FALSE,FALSE,NULL,,,NULL,NULL,NULL,NULL,NULL,NULL,1,NULL
5295,1,102218,SIVANNA COLOR Fantastic Blusher No.10,NULL,NULL,NULL,NULL,เครื่องสำอางและสินค้าอุปโภคบริโภค,,,ชิ้น                ,8858994450224,100,NULL,FALSE,FALSE,NULL,,,NULL,NULL,NULL,NULL,NULL,NULL,1,NULL
5296,1,102219,SIVANNA COLOR Fantastic Blusher No.11,NULL,NULL,NULL,NULL,เครื่องสำอางและสินค้าอุปโภคบริโภค,,,ชิ้น                ,3169,100,NULL,FALSE,FALSE,NULL,,,NULL,NULL,NULL,NULL,NULL,NULL,1,NULL
5297,1,102220,SIVANNA COLOR Fantastic Blusher No.05,NULL,NULL,NULL,NULL,เครื่องสำอางและสินค้าอุปโภคบริโภค,,,ชิ้น                ,3163,100,NULL,FALSE,FALSE,NULL,,,NULL,NULL,NULL,NULL,NULL,NULL,1,NULL
5298,1,102221,SIVANNA COLOR Fantastic Blusher No.06,NULL,NULL,NULL,NULL,เครื่องสำอางและสินค้าอุปโภคบริโภค,,,ชิ้น                ,8858994455731,100,NULL,FALSE,FALSE,NULL,,,NULL,NULL,NULL,NULL,NULL,NULL,1,NULL
5299,1,102222,SIVANNA COLOR Fantastic Blusher No.07,NULL,NULL,NULL,NULL,เครื่องสำอางและสินค้าอุปโภคบริโภค,,,ชิ้น                ,3165,100,NULL,FALSE,FALSE,NULL,,,NULL,NULL,NULL,NULL,NULL,NULL,1,NULL
5300,1,102223,SIVANNA COLOR Fantastic Blusher No.10,NULL,NULL,NULL,NULL,เครื่องสำอางและสินค้าอุปโภคบริโภค,,,ชิ้น                ,8858994450224,100,NULL,FALSE,FALSE,NULL,,,NULL,NULL,NULL,NULL,NULL,NULL,1,NULL
5301,1,102224,SIVANNA COLOR MEKEUP STUDIO Nude Blush No.09,NULL,NULL,NULL,NULL,เครื่องสำอางและสินค้าอุปโภคบริโภค,,,ชิ้น                ,3153,100,NULL,FALSE,FALSE,NULL,,,NULL,NULL,NULL,NULL,NULL,NULL,1,NULL
5302,1,102225,SIVANNA COLOR MEKEUP STUDIO Nude Blush No.08,NULL,NULL,NULL,NULL,เครื่องสำอางและสินค้าอุปโภคบริโภค,,,ชิ้น                ,8858994455656,100,NULL,FALSE,FALSE,NULL,,,NULL,NULL,NULL,NULL,NULL,NULL,1,NULL
5303,1,102226,SIVANNA Soft Matte Lip Cream No. B,NULL,NULL,NULL,NULL,เครื่องสำอางและสินค้าอุปโภคบริโภค,,,ชิ้น                ,3130,100,NULL,FALSE,FALSE,NULL,,,NULL,NULL,NULL,NULL,NULL,NULL,1,NULL
5304,1,102227,Svahf4032ลิปวีเวทเบบี้ลิขวิด01,NULL,NULL,NULL,NULL,เครื่องสำอางและสินค้าอุปโภคบริโภค,,,ชิ้น                ,8858994475784,100,NULL,FALSE,FALSE,NULL,,,NULL,NULL,NULL,NULL,NULL,NULL,1,NULL
5305,1,102228,MHM (3 Color) No. 1658 Noble Scepter Luxury Lipstick,NULL,NULL,NULL,NULL,เครื่องสำอางและสินค้าอุปโภคบริโภค,,,ชิ้น                ,6944787716584,100,NULL,FALSE,FALSE,NULL,,,NULL,NULL,NULL,NULL,NULL,NULL,1,NULL
5306,1,102230,คลีนก๊อซ ลองเมด ใยสังเคราะห์ 2x2 นิ้ว,NULL,NULL,ขย.9,NULL,อุปกรณ์ทางการแพทย์,,,ห่อ,8859095900168,100,NULL,FALSE,FALSE,NULL,,,NULL,NULL,NULL,NULL,NULL,NULL,1,NULL
5307,1,102231,Votaren  25 mg 10's,DICLOFENAC,ANTIDIARRHOEALS,ขย.9,NULL,ยาระบบกล้ามเนื้อ-ข้อต่อ,,,แผง,8852364008015,100,NULL,FALSE,FALSE,NULL,,,NULL,NULL,NULL,NULL,NULL,NULL,1,NULL
5308,1,102232,Naphcon-A 15ml,PHENTERMINE,NULL,ขย.9,NULL,ยาหู ตา คอ จมูก,,,กล่อง,300650287067,100,NULL,FALSE,FALSE,NULL,,,NULL,NULL,NULL,NULL,NULL,NULL,1,NULL
5309,1,102233,Antergan 5g,MEPYRAMINE,NULL,ขย.9,NULL,ยาระบบการติดเชื้อ,,,หลอด,8851473001153,100,NULL,FALSE,FALSE,NULL,,,NULL,NULL,NULL,NULL,NULL,NULL,1,NULL
5310,1,102234,หน้ากากอนามัย คลีมาส์ก สีเขียว,NULL,NULL,ขย.9,NULL,อุปกรณ์ทางการแพทย์,,,กล่อง,8859095900700,100,NULL,FALSE,FALSE,NULL,,,NULL,NULL,NULL,NULL,NULL,NULL,1,NULL
5311,1,102235,ผ้าพยุงมือ /ฝ่ามือ tubigrip ไซต์ M,NULL,NULL,ขย.9,NULL,อุปกรณ์ทางการแพทย์,,,กล่อง,8852027352844,100,NULL,FALSE,FALSE,NULL,,,NULL,NULL,NULL,NULL,NULL,NULL,1,NULL
5312,1,102236,ผ้าพยุงหัวเข่า  tubigrip ไซร์ S,NULL,NULL,ขย.9,NULL,อุปกรณ์ทางการแพทย์,,,กล่อง,8852027352875,100,NULL,FALSE,FALSE,NULL,,,NULL,NULL,NULL,NULL,NULL,NULL,1,NULL
5313,1,102237,Ethyl Alcohol 70% Spray พ่น ศิริบัญชา 240 ml,ETHYL ALCOHOL,NULL,ขย.9,NULL,อุปกรณ์ทางการแพทย์,,,ขวด,8851124103014,100,NULL,FALSE,FALSE,NULL,,,NULL,NULL,NULL,NULL,NULL,NULL,1,NULL
5314,1,102238,FUTURO 3M KNEE Comfort Support  Size S,NULL,NULL,ขย.9,NULL,อุปกรณ์ทางการแพทย์,,,กล่อง,51131200739,100,NULL,FALSE,FALSE,NULL,,,NULL,NULL,NULL,NULL,NULL,NULL,1,NULL
5315,1,102239,Fango B cream 5 g,CLOTRIMAZOLE+BETAMETHASONE,ANTIFUNGALS,ขย.9,NULL,ยาใช้เฉพาะที่,,,หลอด,8853348003514,100,NULL,FALSE,FALSE,NULL,,,NULL,NULL,NULL,NULL,NULL,NULL,1,NULL
5316,1,102240,Net Gauze Long med ขนาด 2X2 นิ้ว,NULL,NULL,ขย.9,NULL,อุปกรณ์ทางการแพทย์,,,ห่อ,8859095900724,100,NULL,FALSE,FALSE,NULL,,,NULL,NULL,NULL,NULL,NULL,NULL,1,NULL
5317,1,102241,i-cof kids,CARBOCYSTEINE,NULL,ขย.9,NULL,ยาน้ำสำหรับเด็ก,,,กล่อง,8855107000390,100,NULL,FALSE,FALSE,NULL,,,NULL,NULL,NULL,NULL,NULL,NULL,1,NULL
5318,1,102242,re nu fresh multi purpose solution 120 ml,NULL,NULL,ขย.9,NULL,อุปกรณ์ทางการแพทย์,,,กล่อง,310119038727,100,NULL,FALSE,FALSE,NULL,,,NULL,NULL,NULL,NULL,NULL,NULL,1,NULL
5319,1,102243,Fungiderm B cream 10 g,CLOTRIMAZOLE+BETAMETHASONE,ANTIFUNGALS,ขย.9,NULL,อุปกรณ์ทางการแพทย์,,,หลอด,8852294713102,100,NULL,FALSE,FALSE,NULL,,,NULL,NULL,NULL,NULL,NULL,NULL,1,NULL
5320,1,102244,ลิปส์แคร์ (Lipcrae) ตราเภสัชกร 2 กรัม,NULL,NULL,ขย.9,NULL,เครื่องสำอางและผลิตภัณฑ์ค,,,ตลับ,8857200055529,100,NULL,FALSE,FALSE,NULL,,,NULL,NULL,NULL,NULL,NULL,NULL,1,NULL
5321,1,102231,Naphcon-A 15ml,PHENTERMINE,NULL,ขย.9,NULL,ยาหู ตา คอ จมูก,,,กล่อง,300650287067,100,NULL,FALSE,FALSE,NULL,,,NULL,NULL,NULL,NULL,NULL,NULL,1,NULL
5322,1,102245,Canasone CB 5g,CLOTRIMAZOLE,NULL,ขย.9,NULL,ยาระบบการติดเชื้อ,,,กล่อง,8851473000873,100,NULL,FALSE,FALSE,NULL,,,NULL,NULL,NULL,NULL,NULL,NULL,1,NULL
5323,1,102246,แบนเนอร์ โปรตีนจากถั่วเหลือง (แดง),NULL,NULL,ขย.9,NULL,วิตามินและอาหารเสริม,,,ขวด,8851123133814,100,NULL,FALSE,FALSE,NULL,,,NULL,NULL,NULL,NULL,NULL,NULL,1,NULL
5324,1,102247,Madonna 1 ยาคุมฉุกเฉิน,LEVONORGESTREL,NULL,ขย.9,NULL,ยาคุมกำเนิดและฮอร์โมนทดแท,,,กล่อง,8852662002302,100,NULL,FALSE,FALSE,NULL,,,NULL,NULL,NULL,NULL,NULL,NULL,1,NULL
5325,1,102248,Zovirax cream 5 g,ACICLOVIR,ANTIVIRALS,ขย.9,NULL,ยาใช้เฉพาะที่,,,กล่อง,8851007115684,100,NULL,FALSE,FALSE,NULL,,,NULL,NULL,NULL,NULL,NULL,NULL,1,NULL
5326,1,102249,Covid 19 (Nasal/Saliva Swab) 2 in 1 /set,ACETYLCYSTEINE,ANTIDIARRHOEALS,ขย.9,NULL,อุปกรณ์ทางการแพทย์,,,กล่อง,6952804813451,100,NULL,FALSE,FALSE,NULL,,,NULL,NULL,NULL,NULL,NULL,NULL,1,NULL
5327,1,102250,GICA  A/B+RSV 1 Set,NULL,NULL,ขย.9,NULL,อุปกรณ์ทางการแพทย์,,,กล่อง,8859237203355,100,NULL,FALSE,FALSE,NULL,,,NULL,NULL,NULL,NULL,NULL,NULL,1,NULL
5328,1,102251,ขมิ้นผงแท้  ตราโพธิ์แก้ว 400 กรัม,NULL,NULL,ขย.9,NULL,"ยาสมุนไพร, ยาแผนโบราณ",,,กล่อง,102251,100,NULL,FALSE,FALSE,NULL,,,NULL,NULL,NULL,NULL,NULL,NULL,1,NULL
5329,1,102252,vita-Cสับปะรด 1000เม็ด,ASCORBIC ACID,VITAMINS & MINERALS,ขย.9,NULL,วิตามินและอาหารเสริม,,,กระปุก,8857121535773,100,NULL,FALSE,FALSE,NULL,,,NULL,NULL,NULL,NULL,NULL,NULL,1,NULL
5330,1,102253,ยาน้ำมันเหลืองสูตรไพล  ตราแม่กุหลาบ 20 ml,NULL,NULL,ขย.9,NULL,"ยาสมุนไพร, ยาแผนโบราณ",,,ขวด,8856570290011,100,NULL,FALSE,FALSE,NULL,,,NULL,NULL,NULL,NULL,NULL,NULL,1,NULL
5331,1,102254,Deanxit Film-Coates Tablet 10 tab,FLUPENTIXOL + MELITRACEN,NULL,ขย.9,NULL,ยาในโรคเรื้อรัง (Drug for,,,แผง,5702157113002,100,NULL,FALSE,FALSE,NULL,,,NULL,NULL,NULL,NULL,NULL,NULL,1,NULL
5332,1,102255,ผ้าอนามัย ลอรีเอะ 35cm 4 ชิ้น-,NULL,NULL,NULL,NULL,เบ็ดเตล็ด,,,ห่อ,8992727004145,100,NULL,FALSE,FALSE,NULL,,,NULL,NULL,NULL,NULL,NULL,NULL,1,NULL
5333,1,102256,มามี่โพโคแฮปปี้เเพ้นท์ S 4ชิ้น,NULL,NULL,NULL,NULL,เบ็ดเตล็ด,,,ห่อ,8851111417018,100,NULL,FALSE,FALSE,NULL,,,NULL,NULL,NULL,NULL,NULL,NULL,1,NULL
5334,1,102257,ผ้าอ้อมผู้ใหญ่ เซอร์เทนตี้ เทป M,NULL,NULL,NULL,NULL,เบ็ดเตล็ด,,,ห่อ,8850709230022,100,NULL,FALSE,FALSE,NULL,,,NULL,NULL,NULL,NULL,NULL,NULL,1,NULL
5335,1,102258,PuLmicort  Tubuhaler 200 mcg /dose,BUDESONIDE,ANTIASTHMATIC PREPARATIONS,ขย.9,NULL,ยาในโรคเรื้อรัง (Drug for,,,กล่อง,5000456018869,100,NULL,FALSE,FALSE,NULL,,,NULL,NULL,NULL,NULL,NULL,NULL,1,NULL
5336,1,102259,Emulax 10x10,BISACODYL,LAXATIVES,ขย.9,NULL,ยาทางเดินอาหาร,,,แผง,8852086715253,100,NULL,FALSE,FALSE,NULL,,,NULL,NULL,NULL,NULL,NULL,NULL,1,NULL
5337,1,102260,Lonnagel กลิ่นเชอรี่ (ซอง),NULL,STEROIDS,ขย.9,NULL,ยาใช้เฉพาะที่,,,ซอง,8855107000710,100,NULL,FALSE,FALSE,NULL,,,NULL,NULL,NULL,NULL,NULL,NULL,1,NULL
5338,1,102261,PYGABA75,NULL,NULL,NULL,NULL,NULL,,,NULL,8853466001690,100,NULL,FALSE,FALSE,NULL,,,NULL,NULL,NULL,NULL,NULL,NULL,1,NULL
5339,1,102262,AQUA MARIS Strong,NULL,NULL,NULL,NULL,NULL,,,NULL,3856013218225,100,NULL,FALSE,FALSE,NULL,,,NULL,NULL,NULL,NULL,NULL,NULL,1,NULL
5340,1,102263,ปรอทวัดไข้ ดิจิตอล,NULL,NULL,NULL,NULL,NULL,,,NULL,8859095900618,100,NULL,FALSE,FALSE,NULL,,,NULL,NULL,NULL,NULL,NULL,NULL,1,NULL
5341,1,102264,Senolax 10 ',NULL,NULL,ขย.9,NULL,NULL,,,แผง,8850239004353,100,NULL,FALSE,FALSE,NULL,,,NULL,NULL,NULL,NULL,NULL,NULL,1,NULL
5342,1,102265,Tylenol 8 hour,NULL,NULL,ขย.9,NULL,NULL,,,NULL,8850007850472,100,NULL,FALSE,FALSE,NULL,,,NULL,NULL,NULL,NULL,NULL,NULL,1,NULL
5343,1,102266,KERRA,NULL,NULL,NULL,NULL,NULL,,,NULL,8858994921205,100,NULL,FALSE,FALSE,NULL,,,NULL,NULL,NULL,NULL,NULL,NULL,1,NULL
5344,1,102267,BUFENAC FORTE 10 tab,DICLOFENAC,NSAIDs,ขย.9,NULL,ยาในโรคเรื้อรัง (Drug for,,,แผง,8851467044111,100,NULL,FALSE,FALSE,NULL,,,NULL,NULL,NULL,NULL,NULL,NULL,1,NULL
5345,1,102268,Canesten  Cream 20g,CLOTRIMAZOLE,ANTIFUNGALS,ขย.9,NULL,ยาใช้ภายนอก,,,หลอด,8850172230208,100,NULL,FALSE,FALSE,NULL,,,NULL,NULL,NULL,NULL,NULL,NULL,1,NULL
5346,1,102269,Silverderm cream 25g,SILVER SULFADIAZINE,ANTIBIOTICS,ขย.9,NULL,ยาใช้เฉพาะที่,,,หลอด,8851881715666,100,NULL,FALSE,FALSE,NULL,,,NULL,NULL,NULL,NULL,NULL,NULL,1,NULL
5347,1,102270,M-Flox 400,NULL,NULL,NULL,NULL,NULL,,,NULL,8858922700124,100,NULL,FALSE,FALSE,NULL,,,NULL,NULL,NULL,NULL,NULL,NULL,1,NULL
5348,1,102271,Sofclens 500ml,NULL,NULL,ขย.9,NULL,อุปกรณ์ทางการแพทย์,,,ขวด,8851473001023,100,NULL,FALSE,FALSE,NULL,,,NULL,NULL,NULL,NULL,NULL,NULL,1,NULL
5349,1,102272,SOS แผ่นแอลกอฮอล์ 70% ทางการแพทย์ 1 แผ่น/ซอง,NULL,NULL,ขย.9,NULL,อุปกรณ์ทางการแพทย์,,,ซอง,8859243304855,100,NULL,FALSE,FALSE,NULL,,,NULL,NULL,NULL,NULL,NULL,NULL,1,NULL
5350,1,102274,มะขามป้อม ตราแสงดาว 60 ม.ล,NULL,NULL,NULL,NULL,NULL,,,NULL,8851124126600,100,NULL,FALSE,FALSE,NULL,,,NULL,NULL,NULL,NULL,NULL,NULL,1,NULL
5351,1,102275,ezy dose Pill Planner ตลับใส่เม็ดยา สีเขียว,NULL,NULL,NULL,NULL,NULL,,,NULL,102275,100,NULL,FALSE,FALSE,NULL,,,NULL,NULL,NULL,NULL,NULL,NULL,1,NULL
5352,1,102276,สมุนไพรคุณสัมฤทธิ์ พลูคาว 60 แคปซูล,NULL,NULL,NULL,NULL,NULL,,,NULL,8859480000909,100,NULL,FALSE,FALSE,NULL,,,NULL,NULL,NULL,NULL,NULL,NULL,1,NULL
5353,1,102277,Brusoft 400 mg 10  soft capsules ,IBUPROFEN,NULL,ขย.9,NULL,ปวดหัว/ไมเกรน,,,กล่อง,8859436000021,100,NULL,FALSE,FALSE,NULL,,,NULL,NULL,NULL,NULL,NULL,NULL,1,NULL
5354,1,102278,C&Lว่านชักมดลูก ผสมเอี๊ยะบ่อเช่า ตราซีแอนด์แอล 40 แคปซูล,NULL,NULL,NULL,NULL,NULL,,,NULL,8858816690043,100,NULL,FALSE,FALSE,NULL,,,NULL,NULL,NULL,NULL,NULL,NULL,1,NULL
5355,1,102279,Dermaheu Cream 5g,NULL,NULL,ขย.9,NULL,NULL,,,หลอด,8851473002303,100,NULL,FALSE,FALSE,NULL,,,NULL,NULL,NULL,NULL,NULL,NULL,1,NULL
5356,1,102280,opti-free 10ml,NULL,NULL,NULL,NULL,NULL,,,NULL,300650193320,100,NULL,FALSE,FALSE,NULL,,,NULL,NULL,NULL,NULL,NULL,NULL,1,NULL
5357,1,102281,TC-MYCIN oinment,NULL,NULL,NULL,NULL,NULL,,,NULL,8855107000062,100,NULL,FALSE,FALSE,NULL,,,NULL,NULL,NULL,NULL,NULL,NULL,1,NULL
5358,1,102282,Progynova 1 mg  1x28',NULL,HORMONES,ขย.9,NULL,ยาคุมกำเนิดและฮอร์โมนทดแท,,,แผง,4057598020497,100,NULL,FALSE,FALSE,NULL,,,NULL,NULL,NULL,NULL,NULL,NULL,1,NULL
5359,1,102283,Klean&kare NSS 1000 ml,NULL,NULL,ขย.9,NULL,NULL,,,NULL,8854060615320,,NULL,FALSE,FALSE,NULL,,,NULL,NULL,NULL,NULL,NULL,NULL,,NULL
5360,1,102284,ยาอม มะขามป้อม ตราห้างธงทองโอสถ 10 เม็ด,LEVONORGESTREL,MOUTH/THROAT PREPARATIONS,ขย.9,NULL,"ยาสมุนไพร, ยาแผนโบราณ",,,ซอง,8857102880175,,NULL,FALSE,FALSE,NULL,,,NULL,NULL,NULL,NULL,NULL,NULL,,NULL
5361,1,102285,Zimva 20mg,Simvastatin,ANTILEPROTICS,ขย.9,NULL,ยาในโรคเรื้อรัง (Drug for,,,แผง,8850678241821,,NULL,FALSE,FALSE,NULL,,,NULL,NULL,NULL,NULL,NULL,NULL,,NULL
5362,1,102286,ยาอมผสมกิกเก้ ตราไกรทอง,NULL,NULL,ขย.9,NULL,"ยาสมุนไพร, ยาแผนโบราณ",,,แผง,8850921015919,,NULL,FALSE,FALSE,NULL,,,NULL,NULL,NULL,NULL,NULL,NULL,,NULL
5363,1,102289,Difflam orange ,NULL,NULL,ขย.9,NULL,ยาอม,,,แผง,9314057013038,,NULL,FALSE,FALSE,NULL,,,NULL,NULL,NULL,NULL,NULL,NULL,,NULL
5364,1,102287,GLYCERIN 12ชิ้น/กล่อง (เด็ก),CYPROTERONE ACETATE,LAXATIVES,ขย.9,NULL,ยาทางเดินอาหาร,,,กระปุก,8858022005723,,NULL,FALSE,FALSE,NULL,,,NULL,NULL,NULL,NULL,NULL,NULL,1,NULL
5365,1,102288,iliadin 0.05% nasol drops >6year ,OXYMETAZOLINE,DECONGESTANTS & OTHER NASAL PR,ขย.9,NULL,ยาระบบทางเดินหายใจ,,,ขวด,4987176187970,100,NULL,FALSE,FALSE,NULL,,,NULL,NULL,NULL,NULL,NULL,NULL,1,NULL
5366,1,102290,ยาหม่องขาวตรา 5 เจดีย์ 10 กรัม,NULL,NULL,ขย.9,NULL,NULL,,,NULL,8853084004011,,NULL,FALSE,FALSE,NULL,,,22,NULL,NULL,NULL,NULL,NULL,1,NULL
5367,1,102291,Bronal Syrup 60ml,LEVODROPROPIZINE,COUGH & COLD REMEDIES,ขย.9,NULL,ยาน้ำสำหรับเด็ก,,,ขวด,8714651100041,,NULL,FALSE,TRUE,NULL,,,NULL,NULL,NULL,NULL,NULL,NULL,,NULL
5368,1,102292,Skinoren 30g,AZELAIC ACID,ANTIBIOTICS,ขย.9,NULL,ยาใช้เฉพาะที่,,,กล่อง,5702191029468,,NULL,FALSE,FALSE,NULL,,,NULL,NULL,NULL,NULL,NULL,NULL,,NULL
5369,1,102293,ยาไม่ต้องอยู่ไฟ ตราพารา ขนาด 10 ออนซ์,NULL,NULL,ขย.9,NULL,"ยาสมุนไพร, ยาแผนโบราณ",,,ขวด,8859122300039,,NULL,FALSE,FALSE,NULL,,,NULL,NULL,NULL,NULL,NULL,NULL,,NULL
5370,1,102294,futuro ข้อมือ free size 1ชิ้น/กล่อง,NULL,NULL,NULL,NULL,อุปกรณ์ทางการแพทย์,,,ชิ้น,0,100,NULL,FALSE,FALSE,NULL,,,NULL,NULL,NULL,NULL,NULL,NULL,1,NULL
5371,1,102295,เอ็น-เซ่น เฟิร์สแบนด์ ขนาด 2 นิ้ว,NULL,NULL,NULL,NULL,อุปกรณ์ทางการแพทย์,,,ชิ้น,8855107000864,100,NULL,FALSE,FALSE,NULL,,,NULL,NULL,NULL,NULL,NULL,NULL,1,NULL
5372,1,102296,Redoxon Zinc,MULTIVITAMINS & MINERALS,VITAMINS & MINERALS,ขย.9,ขย.9,วิตามินและอาหารเสริม,,,กล่อง,8850172251166,100,NULL,FALSE,FALSE,NULL,,,NULL,NULL,NULL,NULL,NULL,NULL,1,NULL
5373,1,100000,BLACKMORES MULTIVITAMIN NUTRI 50+ 30 TAB,NULL,VITAMINS & MINERALS,ขย.9,ขย.9,วิตามินและอาหารเสริม,,,ขวด,93562812,,NULL,FALSE,FALSE,NULL,,,NULL,NULL,NULL,NULL,NULL,NULL,,NULL
5374,1,102297,povidne วิทยาศรม 30ml,NULL,NULL,ขย.9,NULL,อุปกรณ์ทางการแพทย์,,,ขวด,8850075015902,,NULL,FALSE,FALSE,NULL,,,NULL,NULL,NULL,NULL,NULL,NULL,,NULL
5375,1,102298,ดูดูเลิฟ สำลีจิ๋วบริสุทธิ์ 100 ก้าน,NULL,NULL,ขย.9,NULL,อุปกรณ์ทางการแพทย์,,,ซอง,249542,100,NULL,FALSE,FALSE,NULL,,,NULL,NULL,NULL,NULL,NULL,NULL,1,NULL
5376,1,102299,RACHI extra UV protection 10 g,NULL,NULL,ขย.9,NULL,เครื่องสำอางและสินค้าอุปโภคบริโภค,,,NULL,8859510302010,100,NULL,FALSE,FALSE,NULL,,,NULL,NULL,NULL,NULL,NULL,NULL,1,NULL
5377,1,102300,Yerpall Thailand Since 2012  Bio Lyn Anti Acne Cream 6g,NULL,NULL,ขย.9,NULL,เครื่องสำอางและสินค้าอุปโภคบริโภค,,,ขวด,4514,100,NULL,FALSE,FALSE,NULL,,,NULL,NULL,NULL,NULL,NULL,NULL,,NULL
5378,1,102301,GYN SPF50PA+++(ขาว),NULL,NULL,ขย.9,NULL,เครื่องสำอางและสินค้าอุปโภคบริโภค,,,ชิ้น,220204,100,NULL,FALSE,FALSE,NULL,,,NULL,NULL,NULL,NULL,NULL,NULL,1,NULL
5379,1,102302,Classy HYA Serum 500 ml,NULL,NULL,ขย.9,NULL,เครื่องสำอางและสินค้าอุปโภคบริโภค,,,ขวด,4665,100,NULL,FALSE,FALSE,NULL,,,NULL,NULL,NULL,NULL,NULL,NULL,1,NULL
5380,1,102303,The Elf NaNo White Dose 60 ml หัวเชื้อบำรุงผิว,NULL,NULL,ขย.9,NULL,เครื่องสำอางและสินค้าอุปโภคบริโภค,,,ขวด,4452,100,NULL,FALSE,FALSE,NULL,,,NULL,NULL,NULL,NULL,NULL,NULL,1,NULL
5381,1,102304,Nivea Dewy Sakura White Lotion 200 ml,NULL,NULL,ขย.9,NULL,เครื่องสำอางและสินค้าอุปโภคบริโภค,,,ขวด,8850029031361,100,NULL,FALSE,FALSE,NULL,,,NULL,NULL,NULL,NULL,NULL,NULL,1,NULL
5382,1,102305,Clean and Clear Foaming Face wash 100 ml,NULL,NULL,ขย.9,NULL,เครื่องสำอางและสินค้าอุปโภคบริโภค,,,ขวด,8850007450023,100,NULL,FALSE,FALSE,NULL,,,NULL,NULL,NULL,NULL,NULL,NULL,1,NULL
5383,1,102306,MADAME HENG สบู่สมุนไพรกลั่น 160 g,NULL,NULL,ขย.9,NULL,เครื่องสำอางและสินค้าอุปโภคบริโภค,,,กล่อง,5958,100,NULL,FALSE,FALSE,NULL,,,NULL,NULL,NULL,NULL,NULL,NULL,1,NULL
5384,1,102307,STAR HUB Whitening Serum Suitable For Sensitive Skin Vitamin C E B3 + Hiya  15 ml,NULL,NULL,ขย.9,NULL,เครื่องสำอางและสินค้าอุปโภคบริโภค,,,ขวด,102307,100,NULL,FALSE,FALSE,NULL,,,NULL,NULL,NULL,NULL,NULL,NULL,1,NULL
5385,1,102308,เกลือสปามีนาน้ำนม350กรัม,NULL,NULL,ขย.9,NULL,เครื่องสำอางและสินค้าอุปโภคบริโภค,,,ถุง,8859070653058,100,NULL,FALSE,FALSE,NULL,,,NULL,NULL,NULL,NULL,NULL,NULL,1,NULL
5386,1,102309,เกลือมีนาขมิ้น350กรัม,NULL,NULL,ขย.9,NULL,เครื่องสำอางและสินค้าอุปโภคบริโภค,,,ถุง,8859070653010,100,NULL,FALSE,FALSE,NULL,,,NULL,NULL,NULL,NULL,NULL,NULL,1,NULL
5387,1,102310,TIGERPLAST 80mmx100m P3,NULL,NULL,ขย.9,NULL,อุปกรณ์ทางการแพทย์,,,กล่อง,8850672232054,100,NULL,FALSE,FALSE,NULL,,,NULL,NULL,NULL,NULL,NULL,NULL,1,NULL
5388,1,102311,ถุงมือ progroves Size.S สีขาว 100 ชิ้น,NULL,NULL,ขย.9,NULL,อุปกรณ์ทางการแพทย์,,,กล่อง,8215701300423,100,NULL,FALSE,FALSE,NULL,,,NULL,NULL,NULL,NULL,NULL,NULL,1,NULL
5389,1,102312,KLEANGLOVE ถุงมือ S สีฟ้า,NULL,NULL,ขย.9,NULL,อุปกรณ์ทางการแพทย์,,,กล่อง,8859095903329,100,NULL,FALSE,FALSE,NULL,,,NULL,NULL,NULL,NULL,NULL,NULL,1,NULL
5390,1,102313,KLEANGLOVE ถุงมือ M สีฟ้า,NULL,NULL,ขย.9,NULL,อุปกรณ์ทางการแพทย์,,,กล่อง,8859095903732,100,NULL,FALSE,FALSE,NULL,,,NULL,NULL,NULL,NULL,NULL,NULL,1,NULL
5391,1,102314,ไม้กดลิ้น Wuyang 100 ชิ้น/กล่องสีเขียว,NULL,NULL,ขย.9,NULL,อุปกรณ์ทางการแพทย์,,,กล่อง,102314,100,NULL,FALSE,FALSE,NULL,,,NULL,NULL,NULL,NULL,NULL,NULL,1,NULL
5392,1,102315,tubigrip ( L ) สวมเข่า,NULL,NULL,ขย.9,NULL,อุปกรณ์ทางการแพทย์,,,ชิ้น,102315,100,NULL,FALSE,FALSE,NULL,,,NULL,NULL,NULL,NULL,NULL,NULL,1,NULL
5393,1,102316,tubigrip อุปกรณ์พยุงข้อเท้า Size S,NULL,NULL,ขย.9,NULL,อุปกรณ์ทางการแพทย์,,,ชิ้น,8852027352790,100,NULL,FALSE,FALSE,NULL,,,NULL,NULL,NULL,NULL,NULL,NULL,1,NULL
5394,1,102317,กล่องใส่ยา,NULL,NULL,ขย.9,NULL,อุปกรณ์ทางการแพทย์,,,กล่อง,102317,100,NULL,FALSE,FALSE,NULL,,,NULL,NULL,NULL,NULL,NULL,NULL,1,NULL
5395,1,102318,ชุด PPE ไซต์ M 1 ชุด,NULL,NULL,ขย.9,NULL,อุปกรณ์ทางการแพทย์,,,ชิ้น,102318,100,NULL,FALSE,FALSE,NULL,,,NULL,NULL,NULL,NULL,NULL,NULL,1,NULL
5396,1,102319,3M Futuro พยุงนิ้วหัวแม่มือ รุ่นสีดำ Size L/XL,NULL,NULL,ขย.9,NULL,อุปกรณ์ทางการแพทย์,,,ชิ้น,51131198548,100,NULL,FALSE,FALSE,NULL,,,NULL,NULL,NULL,NULL,NULL,NULL,1,NULL
5397,1,102320,3M futuro knee support พยุงเข่า L ,NULL,NULL,ขย.9,NULL,อุปกรณ์ทางการแพทย์,,,ชิ้น,51131201002,100,NULL,FALSE,FALSE,NULL,,,NULL,NULL,NULL,NULL,NULL,NULL,1,NULL
5398,1,102321,3M futuro knee support พยุงเข่า M,NULL,NULL,ขย.9,NULL,อุปกรณ์ทางการแพทย์,,,ชิ้น,51131200999,100,NULL,FALSE,FALSE,NULL,,,NULL,NULL,NULL,NULL,NULL,NULL,1,NULL
5399,1,102322,Face Shield Acrylic ,NULL,NULL,ขย.9,NULL,อุปกรณ์ทางการแพทย์,,,ชิ้น,102322,100,NULL,FALSE,FALSE,NULL,,,NULL,NULL,NULL,NULL,NULL,NULL,1,NULL
5400,1,102323,Topicote 0.25% Skin ceam 15 g,DESOXIMETHASONE,ANTIFUNGALS,ขย.9,NULL,ยาใช้เฉพาะที่,,,กล่อง,8033661806683,,NULL,FALSE,FALSE,NULL,,,NULL,NULL,NULL,NULL,NULL,NULL,,NULL
5401,1,102324,Supirocin Oin Oinment 5 g.,MUPIROCIN,ANTIBIOTICS,ขย.9,NULL,ยาใช้เฉพาะที่,,,หลอด,8904091102204,,NULL,FALSE,FALSE,NULL,,,NULL,NULL,NULL,NULL,NULL,NULL,,NULL
5402,1,102325,ขวดนม pigeon RPP ไม่มีการ์ตูน 8 ออนซ์,NULL,NULL,NULL,NULL,ผลิตภัณท์เด็ก,,,ขวด,102325,100,NULL,FALSE,FALSE,NULL,,,NULL,NULL,NULL,NULL,NULL,NULL,1,NULL
5403,1,102326,ขวดนม pigeon RPP ไม่มีการ์ตูน 4 ออนซ์,NULL,NULL,NULL,NULL,ผลิตภัณท์เด็ก,,,ขวด,102326,100,NULL,FALSE,FALSE,NULL,,,NULL,NULL,NULL,NULL,NULL,NULL,1,NULL
5404,1,102327,ยาดม peppermint  black,NULL,NULL,ขย.9,NULL,"ยาสมุนไพร, ยาแผนโบราณ",,,หลอด,8850109075315,100,NULL,FALSE,FALSE,NULL,,,NULL,NULL,NULL,NULL,NULL,NULL,1,NULL
5405,1,102328,tubigrip อุปกรณ์พยุงข้อเท้า Size XL,NULL,NULL,ขย.9,NULL,อุปกรณ์ทางการแพทย์,,,กล่อง,8852027352820,,NULL,FALSE,FALSE,NULL,,,NULL,NULL,NULL,NULL,NULL,NULL,,NULL
5406,1,102329,Falatien Junior 60 ml  น้ำเชื่อม สับปะรด,LORATADINE,ANTIHISTAMINES & ANTIALLERGICS,ขย.9,NULL,ยาน้ำสำหรับเด็ก,,,ขวด,8851473012845,100,NULL,FALSE,FALSE,NULL,,,NULL,NULL,NULL,NULL,NULL,NULL,1,NULL
5407,1,102330,Vistra FISH OiL 1000mg  75เม็ด,CARMINATIVE+ANTIFLATULENCE,NULL,ขย.9,NULL,วิตามินและอาหารเสริม,,,ขวด,8851515606544,,NULL,FALSE,FALSE,NULL,,,NULL,NULL,NULL,NULL,NULL,NULL,,NULL
5408,1,102331,A-Tussin Coated 10 Tab,Dextromethorphan Hydrobromide,Antitussives,ขย.11,ขย.11,ยาหู ตา คอ จมูก,,,แผง,8852535000152,100,NULL,FALSE,FALSE,NULL,,,NULL,NULL,NULL,NULL,NULL,NULL,1,NULL
5409,1,102332,Klean&Kare NSS 0.9% น้ำเกลือ 500 ml จุกแหลม,NULL,NULL,ขย.9,NULL,อุปกรณ์ทางการแพทย์,,,ขวด,8854060615337,100,NULL,FALSE,FALSE,NULL,,,NULL,NULL,NULL,NULL,NULL,NULL,1,NULL
5410,1,102333,FLANIL 60g,NULL,NULL,ขย.9,NULL,ยาใช้เฉพาะที่,,,หลอด,8852662300156,,NULL,FALSE,FALSE,NULL,,,NULL,NULL,NULL,NULL,NULL,NULL,,NULL
5411,1,102334,Belara  21tab,CHLORMADIONE ACETATE+EE,CONTRACEPTIVE AGENTS,ขย.9,NULL,ยาคุมกำเนิดและฮอร์โมนทดแท,,,กล่อง,8852796402009,100,NULL,FALSE,FALSE,NULL,,,NULL,NULL,NULL,NULL,NULL,NULL,1,NULL
5412,1,102335,Pregabalin Sandoz 25 mg,PREGABALIN,ANTINEUROPATHIC,ขย.9,NULL,ยาในโรคเรื้อรัง (Drug for,,,กล่อง,8852364010223,,NULL,FALSE,FALSE,NULL,,,NULL,NULL,685,NULL,NULL,NULL,,NULL
5413,1,102336,Ganaton 50 mg 1x10 tab,ITOPRIDE HYDROCHLORIDE,ANTIACID,ขย.9,NULL,ยาทางเดินอาหาร,,,กล่อง,8002660039323,,NULL,FALSE,FALSE,NULL,,,NULL,NULL,180,NULL,NULL,NULL,,NULL
5414,1,102337,Mistine Goat Milk extra mild lotion 300 ml,NULL,NULL,NULL,NULL,เครื่องสำอางและสินค้าอุปโภคบริโภค,,,ขวด,8859178710516,,NULL,FALSE,FALSE,NULL,,,69,NULL,NULL,NULL,NULL,NULL,,NULL
5415,1,102338,ฮอทต้า ขิงสูตรต้นตำรับ 14 ซอง,NULL,NULL,ขย.9,NULL,"ยาสมุนไพร, ยาแผนโบราณ",,,ซอง,8850369030017,,NULL,FALSE,FALSE,NULL,,,NULL,NULL,NULL,NULL,NULL,NULL,,NULL
5416,1,102339,ฮอทต้า สูตรต้นตำรับ 5 ซอง,NULL,NULL,ขย.9,NULL,"ยาสมุนไพร, ยาแผนโบราณ",,,ซอง,8850369030116,,NULL,FALSE,FALSE,NULL,,,NULL,NULL,NULL,NULL,NULL,NULL,,NULL
5417,1,100000,ที่ขัดตัว ซิลิโคน,NULL,VITAMINS & MINERALS,ขย.9,ขย.9,อุปกรณ์ทางการแพทย์,,,อัน,6598,,NULL,FALSE,FALSE,NULL,,,NULL,NULL,NULL,NULL,NULL,NULL,,NULL
5418,1,102340,Fango cream 5 g,CLOTRIMAZOLE,NULL,ขย.9,NULL,ยาระบบการติดเชื้อ,,,กล่อง,8853348003491,,NULL,FALSE,FALSE,NULL,,,NULL,NULL,NULL,NULL,NULL,NULL,,NULL
5419,1,102341,น้ำเกลือ 0.9% NaCl klean&Kare 1000 ml ฝาเกลียว ,NULL,NULL,ขย.9,NULL,อุปกรณ์ทางการแพทย์,,,ขวด,8854060001413,,NULL,FALSE,FALSE,NULL,,,NULL,NULL,NULL,NULL,NULL,NULL,,NULL
5420,1,102342,สำลีก้าน BIO PLAST size S 100 ก้าน,NULL,NULL,ขย.9,NULL,อุปกรณ์ทางการแพทย์,,,ห่อ,8859130299961,,NULL,FALSE,FALSE,NULL,,,NULL,NULL,NULL,NULL,NULL,NULL,,NULL
5421,1,102343,ผ้าอนามัย แบบสอด O.B ProComfort 8 ชิ้น,NULL,NULL,ขย.9,NULL,เครื่องสำอางและสินค้าอุปโภคบริโภค,,,กล่อง,4891080374015,,NULL,FALSE,FALSE,NULL,,,NULL,NULL,NULL,NULL,NULL,NULL,,NULL
5422,1,102344,Nelapine 20 mg SR 3x10',NIFIDIPINE,NULL,ขย.9,NULL,ยาในโรคเรื้อรัง (Drug for,,,กล่อง,8852616100764,,NULL,FALSE,FALSE,NULL,,,NULL,NULL,NULL,NULL,NULL,NULL,,NULL
5423,1,102345,Voltaren SR100,DICLOFENAC,NSAIDs,ขย.9,NULL,ยาระบบกล้ามเนื้อ-ข้อต่อ,,,แผง,8852364007216,,NULL,FALSE,FALSE,NULL,,,NULL,NULL,NULL,NULL,NULL,NULL,,NULL
5424,1,102346,Zertine Syrup,CETIRIZINE,ANTIHISTAMINES & ANTIALLERGICS,ขย.9,NULL,ยาน้ำสำหรับเด็ก,,,ขวด,8853348004580,,NULL,FALSE,FALSE,NULL,,,NULL,NULL,NULL,NULL,NULL,NULL,,NULL
5425,1,102347,CEZA Syrup 60ml,CETIRIZINE,ANTIHISTAMINES & ANTIALLERGICS,ขย.9,NULL,ยาน้ำสำหรับเด็ก,,,ขวด,8858983000690,100,NULL,FALSE,FALSE,NULL,,,NULL,NULL,NULL,NULL,NULL,NULL,1,NULL
5426,1,102348,I Fen Syrup 60ml,IBUPROFEN,NSAIDs,ขย.9,NULL,ยาน้ำสำหรับเด็ก,,,ขวด,8855011000691,100,NULL,FALSE,FALSE,NULL,,,NULL,NULL,NULL,NULL,NULL,NULL,1,NULL
5427,1,102349,TERCO-D 10 tab,DEXTROMETHORPH+GUAIFENESIN+TERPIN HYDRATE,Antitussives,ขย.9,ขย.11,ยาระบบทางเดินหายใจ,,,แผง,8852914106727,100,NULL,FALSE,FALSE,NULL,,,NULL,NULL,NULL,NULL,NULL,NULL,1,NULL
5428,1,102350,MEGA Evening Primrose Oil 1000 mg  100 tab,NULL,NULL,ขย.9,NULL,วิตามินและอาหารเสริม,,,กระปุก,8850769001730,,NULL,FALSE,FALSE,NULL,,,NULL,NULL,NULL,NULL,NULL,NULL,,NULL
5429,1,102351,Kanolone Oral Paste ขี้ผรสส้ม 5 g.  ,MICONAZOLE + TRIAMCINOLONE,ANTI-INFLAMMATORY ENZYMES,ขย.9,NULL,ยาใช้เฉพาะที่,,,หลอด,8852810184539,,NULL,FALSE,FALSE,NULL,,,NULL,NULL,NULL,NULL,NULL,NULL,,NULL
5430,1,102352,Nutroplex Oilgo 100 ml ,NULL,NULL,ขย.9,NULL,วิตามินและอาหารเสริม,,,ขวด,8858965400265,,NULL,FALSE,FALSE,NULL,,,NULL,NULL,NULL,NULL,NULL,NULL,,NULL
5431,1,102353,อโรติกา คูลเจล ไพร็อคซิแคม 100 กรัม,PIROXICAM,ANTI-INFLAMMATORY ENZYMES,ขย.9,NULL,ยาใช้เฉพาะที่,,,หลอด,8858992500846,,NULL,FALSE,FALSE,NULL,,,NULL,NULL,NULL,NULL,NULL,NULL,,NULL
5432,1,102354,bio Green Treatment Cream 30 ml,NULL,NULL,ขย.9,NULL,เครื่องสำอางและสินค้าอุปโภคบริโภค,,,ซอง,8853801028030,,NULL,FALSE,FALSE,NULL,,,NULL,NULL,NULL,NULL,NULL,NULL,,NULL
5433,1,102355,SIVANNA Soft Matte Lip Cream Set No. E,NULL,NULL,NULL,NULL,เครื่องสำอางและสินค้าอุปโภคบริโภค,,,กล่อง,0,,NULL,FALSE,FALSE,NULL,,,NULL,NULL,NULL,NULL,NULL,NULL,,NULL
5434,1,102356,CALTAB 30 tab,CALCIUM+VITAMIN D,NULL,ขย.9,NULL,วิตามินและอาหารเสริม,,,กล่อง,8855459000550,,NULL,FALSE,FALSE,NULL,,,NULL,NULL,NULL,NULL,NULL,NULL,,NULL
5435,1,102357,ผ้าพยุงข้อเท้า tubigrip ไซต์ L,NULL,NULL,ขย.9,NULL,อุปกรณ์ทางการแพทย์,,,NULL,8852027352813,,NULL,FALSE,FALSE,NULL,,,NULL,NULL,NULL,NULL,NULL,NULL,,NULL
5436,1,102358,3M FUTURO พยุงข้อมือ ADJ ขนาด 14-24.1 ซม.,NULL,NULL,ขย.9,NULL,อุปกรณ์ทางการแพทย์,,,กล่อง,51131200913,,NULL,FALSE,FALSE,NULL,,,NULL,NULL,NULL,NULL,NULL,NULL,,NULL
5437,1,102359,BETA-DIPO 25 g,BETAMETHASONE + NEOMYCIN,STEROIDS,ขย.9,NULL,ยาระบบการติดเชื้อ,,,หลอด,8851473007667,100,NULL,FALSE,FALSE,NULL,,,NULL,NULL,NULL,NULL,NULL,NULL,1,NULL
5438,1,102360,Icorin Kid  รสสละ - greaterPharma 60 ml,BUTAMIRATE CITRATE,COUGH & COLD REMEDIES,ขย.9,NULL,ยาน้ำสำหรับเด็ก,,,ขวด,8852294524012,,NULL,FALSE,FALSE,NULL,,,NULL,NULL,NULL,NULL,NULL,NULL,,NULL
5439,1,102361,Fitne ฟิตเน่ (รสเก็กฮวย เล็ก) 8 ซอง,NULL,NULL,ขย.9,NULL,เครื่องสำอางและสินค้าอุปโภคบริโภค,,,ห่อ,8850369012082,,NULL,FALSE,FALSE,NULL,,,NULL,NULL,NULL,NULL,NULL,NULL,,NULL
5440,1,102362,Aspirin 81 mg ตรางู 10's,ASPIRIN,ANTIPATELET,ขย.9,ขย.10,ยาในโรคเรื้อรัง (Drug for,,,แผง,0,100,NULL,FALSE,FALSE,NULL,,,NULL,NULL,NULL,NULL,NULL,NULL,1,NULL
5441,1,102363,Ayura Pinklady  อายูร่าพิ้งค์เลดี้ สูตร2 ปริมาตร 500 ml,NULL,NULL,ขย.9,NULL,ยาคุมกำเนิดและฮอร์โมนทดแท,,,ขวด,8858681011158,,NULL,FALSE,FALSE,NULL,,,NULL,NULL,NULL,NULL,NULL,NULL,,NULL
5442,1,102364,กล่อง เบอร์ 00  (ขนาด 9.75x14x6),NULL,NULL,NULL,NULL,เบ็ดเตล็ด,,,กล่อง,0,,NULL,FALSE,FALSE,NULL,,,NULL,NULL,NULL,NULL,NULL,NULL,,NULL
5443,1,102365,กล่อง เบอร์ 0  (ขนาด 11x17x6 ),NULL,NULL,NULL,NULL,เบ็ดเตล็ด,,,กล่อง,0,,NULL,FALSE,FALSE,NULL,,,NULL,NULL,NULL,NULL,NULL,NULL,,NULL
5444,1,102366,กล่อง เบอร์ 0+4  (ขนาด 11x17x10 ),NULL,NULL,NULL,NULL,เบ็ดเตล็ด,,,กล่อง,0,,NULL,FALSE,FALSE,NULL,,,NULL,NULL,NULL,NULL,NULL,NULL,,NULL
5445,1,102367,กล่อง เบอร์ 0+3  (ขนาด 11x15x10 ),NULL,NULL,NULL,NULL,NULL,,,NULL,0,,NULL,FALSE,FALSE,NULL,,,NULL,NULL,NULL,NULL,NULL,NULL,,NULL
5446,1,102368,กล่อง เบอร์ A (ขนาด 14 x 20 x 6),NULL,NULL,NULL,NULL,เบ็ดเตล็ด,,,กล่อง,0,,NULL,FALSE,FALSE,NULL,,,NULL,NULL,NULL,NULL,NULL,NULL,,NULL
5447,1,102369,กล่อง เบอร์ AA (ขนาด 13x17x7),NULL,NULL,NULL,NULL,NULL,,,NULL,0,,NULL,FALSE,FALSE,NULL,,,NULL,NULL,NULL,NULL,NULL,NULL,,NULL
5448,1,102370,กล่อง เบอร์ 2A (ขนาด 14x20x12),NULL,NULL,NULL,NULL,เบ็ดเตล็ด,,,กล่อง,0,,NULL,FALSE,FALSE,NULL,,,NULL,NULL,NULL,NULL,NULL,NULL,,NULL
5449,1,102371,กล่อง เบอร์ 0+A (ขนาด ),NULL,NULL,NULL,NULL,NULL,,,NULL,0,,NULL,FALSE,FALSE,NULL,,,NULL,NULL,NULL,NULL,NULL,NULL,,NULL
5450,1,102372,กล่อง เบอร์ AB (ขนาด14x20x9 ),NULL,NULL,NULL,NULL,NULL,,,NULL,0,,NULL,FALSE,FALSE,NULL,,,NULL,NULL,NULL,NULL,NULL,NULL,,NULL
5451,1,102373,กล่อง เบอร์ B (ขนาด17x25x9 ),NULL,NULL,NULL,NULL,เบ็ดเตล็ด,,,กล่อง,0,,NULL,FALSE,FALSE,NULL,,,NULL,NULL,NULL,NULL,NULL,NULL,,NULL
5452,1,102374,กล่อง เบอร์ 2B (ขนาด17x25x17 ),NULL,NULL,NULL,NULL,เบ็ดเตล็ด,,,กล่อง,0,,NULL,FALSE,FALSE,NULL,,,NULL,NULL,NULL,NULL,NULL,NULL,,NULL
5453,1,102375,กล่อง เบอร์  C  (ขนาด 20x30x11),NULL,NULL,NULL,NULL,เบ็ดเตล็ด,,,กล่อง,0,,NULL,FALSE,FALSE,NULL,,,NULL,NULL,NULL,NULL,NULL,NULL,,NULL
5454,1,102376,กล่อง เบอร์  CD  (ขนาด 15x15x15),NULL,NULL,NULL,NULL,เบ็ดเตล็ด,,,กล่อง,0,,NULL,FALSE,FALSE,NULL,,,NULL,NULL,NULL,NULL,NULL,NULL,,NULL
5455,1,102377,กล่อง เบอร์  D  (ขนาด 22x35x14),NULL,NULL,NULL,NULL,NULL,,,NULL,0,,NULL,FALSE,FALSE,NULL,,,NULL,NULL,NULL,NULL,NULL,NULL,,NULL
5456,1,102378,กล่อง เบอร์  C+8  (ขนาด 20x30x19),NULL,NULL,NULL,NULL,NULL,,,NULL,0,,NULL,FALSE,FALSE,NULL,,,NULL,NULL,NULL,NULL,NULL,NULL,,NULL
5457,1,102379,Packing ค่าแพ๊คกล่อง (เทปใส-ใบแปะหน้า-บัปเบิ้ล),NULL,NULL,NULL,NULL,เบ็ดเตล็ด,,,แพ็ค,0,,NULL,FALSE,FALSE,NULL,,,NULL,NULL,NULL,NULL,NULL,NULL,,NULL
5458,1,102380,VESOPH 5ml,DEXAMETHASONE + NEOMYCIN,EYE PREPARATIONS,ขย.9,NULL,ยาหู ตา คอ จมูก,,,กล่อง,8855107000420,,NULL,FALSE,FALSE,NULL,,,NULL,NULL,NULL,NULL,NULL,NULL,,NULL
5459,1,102381,DESTA SYRUP 60ml,DESLORATADINE,ANTIHISTAMINES & ANTIALLERGICS,ขย.9,NULL,ยาน้ำสำหรับเด็ก,,,กล่อง,8853466004103,100,NULL,FALSE,FALSE,NULL,,,NULL,NULL,NULL,NULL,NULL,NULL,1,NULL
5460,1,102382,ที่อุดหู+ตลับ 1 คู่,NULL,NULL,NULL,NULL,เบ็ดเตล็ด,,,ตลับ,102382,,NULL,FALSE,FALSE,NULL,,,NULL,NULL,NULL,NULL,NULL,NULL,,NULL
5461,1,102383,Eurofer-lron syrup 60ml,HYDROXIDE,VITAMINS & MINERALS,ขย.9,NULL,ยาน้ำสำหรับเด็ก,,,กล่อง,8714651100317,,NULL,FALSE,FALSE,NULL,,,NULL,NULL,NULL,NULL,NULL,NULL,,NULL
5462,1,102384,THRTOATSIL 250 60 ml ราสเบอร์รี่,CARBOCYSTEINE,MUCOLYTIC,ขย.9,NULL,ยาน้ำสำหรับเด็ก,,,กล่อง,8855459000574,,NULL,FALSE,FALSE,NULL,,,NULL,NULL,NULL,NULL,NULL,NULL,,NULL
5463,1,102385,THRTOATSIL 100 60 ml ราสเบอร์รี่,CARBOCYSTEINE,MUCOLYTIC,ขย.9,NULL,ยาน้ำสำหรับเด็ก,,,กล่อง,8855459000567,,NULL,FALSE,FALSE,NULL,,,NULL,NULL,NULL,NULL,NULL,NULL,,NULL
5464,1,102386,BRONCET 60ml,GUAIFENESIN,MUCOLYTIC,ขย.9,NULL,ยาน้ำสำหรับเด็ก,,,กล่อง,8851473004697,,NULL,FALSE,FALSE,NULL,,,NULL,NULL,NULL,NULL,NULL,NULL,,NULL
5465,1,102387,CEFEN 600 mg 10 tab-CPL,IBUPROFEN,ANTI-INFLAMMATORY ENZYMES,ขย.9,NULL,ปวดหัว/ไมเกรน,,,แผง,8852978009781,,NULL,FALSE,FALSE,NULL,,,NULL,NULL,NULL,NULL,NULL,NULL,,NULL
5466,1,102388,กัมมี่ ผสม วิตามินรวม 24 กรัม,NULL,NULL,ขย.9,NULL,เครื่องสำอางและสินค้าอุปโภคบริโภค,,,ซอง,8853141825641,,NULL,FALSE,FALSE,NULL,,,NULL,NULL,NULL,NULL,NULL,NULL,,NULL
5467,1,102389,Cool Baby (NanoMed)  2 แผ่น,NULL,NULL,ขย.9,NULL,ผลิตภัณท์เด็ก,,,ซอง,8857121193188,,NULL,FALSE,FALSE,NULL,,,NULL,NULL,NULL,NULL,NULL,NULL,,NULL
5468,1,102390,การบูร หอมธรรมชาติ( Camphor) 30 g,CAMPHOR,NULL,ขย.9,NULL,อุปกรณ์ทางการแพทย์,,,ซอง,8851949060004,,NULL,FALSE,FALSE,NULL,,,NULL,NULL,NULL,NULL,NULL,NULL,,NULL
5469,1,102391,BABY BALL ปั้มนม,NULL,NULL,ขย.9,NULL,NULL,,,กล่อง,8859140150081,,NULL,FALSE,FALSE,NULL,,,NULL,NULL,NULL,NULL,NULL,NULL,,NULL
5470,1,102392,GAVISCON DUAL 16เม็ด ,NULL,NULL,ขย.9,NULL,ยาทางเดินอาหาร,,,กล่อง,5000158068308,,NULL,FALSE,FALSE,NULL,,,NULL,NULL,NULL,NULL,NULL,NULL,,NULL
5471,1,102393,DIPROSALIC OINTMENT15G,NULL,NULL,ขย.9,NULL,ยาใช้เฉพาะที่,,,กล่อง,840164515893,,NULL,FALSE,FALSE,NULL,,,NULL,NULL,NULL,NULL,NULL,NULL,,NULL
5472,1,102394,ZEMA CREAM 10G,CLOTRIMAZOLE,NULL,ขย.9,NULL,ยาใช้เฉพาะที่,,,กล่อง,8858670600158,100,NULL,FALSE,FALSE,NULL,,,NULL,NULL,NULL,NULL,NULL,NULL,1,NULL
5473,1,102395,ถุงมือ FREELOX 100 ชิ้น แบบมีแป้ง size.S,NULL,NULL,ขย.9,NULL,อุปกรณ์ทางการแพทย์,,,NULL,102395,,NULL,FALSE,FALSE,NULL,,,NULL,NULL,NULL,NULL,NULL,NULL,,NULL
5474,1,102396,"vistra astraxanthin 4 mg 30""s",NULL,VITAMINS & MINERALS,ขย.9,NULL,วิตามินและอาหารเสริม,,,กระปุก,8851515603765,100,NULL,FALSE,FALSE,NULL,,,NULL,NULL,NULL,NULL,NULL,NULL,1,NULL
5475,1,102397,Tizine syrup 60 ml ,CETIRIZINE,ANTIHISTAMINES & ANTIALLERGICS,ขย.9,NULL,ยาน้ำสำหรับเด็ก,,,ขวด,8852914202504,100,NULL,FALSE,FALSE,NULL,,,NULL,NULL,NULL,NULL,NULL,NULL,1,NULL
5476,1,102398,นีโอติก้า บาล์ม 100 กรัม,NULL,NULL,ขย.9,NULL,ยาใช้เฉพาะที่,,,หลอด,8851473000170,,NULL,FALSE,FALSE,NULL,,,NULL,NULL,NULL,NULL,NULL,NULL,,NULL
5477,1,102399,ดูเร็กซ์ คิงเท็ค 3 ชิ้น ขนาด 49 มม.,NULL,NULL,ขย.9,NULL,เบ็ดเตล็ด,,,กล่อง,8850163000377,,NULL,FALSE,FALSE,NULL,,,NULL,NULL,NULL,NULL,NULL,NULL,,NULL
5478,1,102400,Opsil-A 10 ml ,NULL,NULL,ขย.9,NULL,ยาหู ตา คอ จมูก,,,ขวด,8851102002797,,NULL,FALSE,FALSE,NULL,,,NULL,NULL,NULL,NULL,NULL,NULL,,NULL
5479,1,102401,HICEE 100 mg  50 tab,ASCORBIC ACID,VITAMINS & MINERALS,ขย.9,NULL,วิตามินและอาหารเสริม,,,กล่อง,8851963172103,,NULL,FALSE,FALSE,NULL,,,NULL,NULL,NULL,NULL,NULL,NULL,,NULL
5480,1,102402,V-cap 150 mg 10's,SIMETHICONE,ANTIFLATULANCES,ขย.9,NULL,ยาทางเดินอาหาร,,,แผง,8855011000141,100,NULL,FALSE,FALSE,NULL,,,NULL,NULL,NULL,NULL,NULL,NULL,1,NULL
5481,1,102403,นิจิดิส์ ครีมทาผิวหนัง  มือ เนียน นุ่ม 15.3 กรัม,NULL,NULL,ขย.9,NULL,เครื่องสำอางและสินค้าอุปโภคบริโภค,,,กล่อง,8850845000022,,NULL,FALSE,FALSE,NULL,,,NULL,NULL,NULL,NULL,NULL,NULL,,NULL
5482,1,102404,ครีม 91 อี ทาส้นเท้าแตก ผสมวิตามินอี 8.3 กรัม,NULL,NULL,ขย.9,NULL,เครื่องสำอางและสินค้าอุปโภคบริโภค,,,กล่อง,8855930000192,,NULL,FALSE,FALSE,NULL,,,NULL,NULL,NULL,NULL,NULL,NULL,,NULL
5483,1,102405,แอลจี้ พลัส แคร็ก ฮีล ครีม ทาส้นเท้า 50 กรัม,NULL,NULL,ขย.9,NULL,เครื่องสำอางและสินค้าอุปโภคบริโภค,,,กล่อง,9556258121192,,NULL,FALSE,FALSE,NULL,,,NULL,NULL,NULL,NULL,NULL,NULL,,NULL
5484,1,102406,Senokot Tablets Works in 8-12 hours 60 tab,NULL,NULL,ขย.9,NULL,ยาทางเดินอาหาร,,,กล่อง,5000158062825,,NULL,FALSE,FALSE,NULL,,,NULL,NULL,NULL,NULL,NULL,NULL,,NULL
5485,1,102407,Artro Fort Complex (MEDA) 30 sachets ,NULL,NULL,ขย.9,NULL,วิตามินและอาหารเสริม,,,กล่อง,8019561230018,,NULL,FALSE,FALSE,NULL,,,NULL,NULL,NULL,NULL,NULL,NULL,,NULL
5486,1,102408,น้ำมันมวย ครีม 60g ,NULL,NULL,ขย.9,NULL,ยาใช้เฉพาะที่,,,กล่อง,8858467001069,,NULL,FALSE,FALSE,NULL,,,NULL,NULL,NULL,NULL,NULL,NULL,,NULL
5487,1,102409,ผ้าอ้อมเบบี้เลิฟ เพลย์แพ้น พรีเมียม Zise XL 42 ชิ้น,NULL,NULL,ขย.9,NULL,ผ้าอ้อม,,,ห่อ,8850709201114,,NULL,FALSE,FALSE,NULL,,,NULL,NULL,NULL,NULL,NULL,NULL,,NULL
5488,1,102410,ผ้าอ้อมเบบี้เลิฟ เพลย์แพ้น พรีเมียม Zise M 58 ชิ้น,NULL,NULL,ขย.9,NULL,ผ้าอ้อม,,,ห่อ,8850709201091,,NULL,FALSE,FALSE,NULL,,,NULL,NULL,NULL,NULL,NULL,NULL,,NULL
5489,1,102411,Antergen Cream 25 g,NULL,NULL,ขย.9,NULL,ยาใช้เฉพาะที่,,,กล่อง,8851473007629,,NULL,FALSE,FALSE,NULL,,,NULL,NULL,NULL,NULL,NULL,NULL,,NULL
5490,1,102412,TEARS NATURALE II 15ML,AMOXICILLINE,NULL,ขย.9,NULL,เบ็ดเตล็ด,,,กล่อง,300651418170,,NULL,FALSE,FALSE,NULL,,,NULL,NULL,NULL,NULL,NULL,NULL,,NULL
5491,1,102413,ลอรีเอะ Soft &Safe กลางคืน 30 cm. 8 ชิ้น,NULL,NULL,ขย.9,NULL,เบ็ดเตล็ด,,,ห่อ,8851818191914,,NULL,FALSE,FALSE,NULL,,,NULL,NULL,NULL,NULL,NULL,NULL,,NULL
5492,1,102415,AMOXIL 125Mg/5ml,AMOXICILLINE,NULL,ขย.9,NULL,ยาน้ำสำหรับเด็ก,,,กล่อง,8851007180248,,NULL,FALSE,FALSE,NULL,,,NULL,NULL,NULL,NULL,NULL,NULL,,NULL
5493,1,102416,AMOXIL 250 Mg/5ml,AMOXICILLINE,NULL,ขย.9,NULL,ยาน้ำสำหรับเด็ก,,,กล่อง,8851007180255,,NULL,FALSE,FALSE,NULL,,,NULL,NULL,NULL,NULL,NULL,NULL,,NULL
5494,1,102417,มามี่โพโค แพ้ ออล เดย์ ดราย Zise XL 3 ชิ้น,NULL,NULL,ขย.9,NULL,ผ้าอ้อม,,,ห่อ,8851111420285,,NULL,FALSE,FALSE,NULL,,,NULL,NULL,NULL,NULL,NULL,NULL,,NULL
5495,1,102418,โซฟี Sofy Cooling Fresh Extra มีปีก 25 cm. 6+1 ชิ้น,NULL,NULL,ขย.9,NULL,เบ็ดเตล็ด,,,ห่อ,8851111158058,,NULL,FALSE,FALSE,NULL,,,NULL,NULL,NULL,NULL,NULL,NULL,,NULL
5496,1,102419,Certainty เซอร์เทนตี้ เดย์แพ้นส์ กางเกง สวม Size M 18 ชิ้น,NULL,NULL,ขย.9,NULL,ผ้าอ้อม,,,ห่อ,8850709400210,,NULL,FALSE,FALSE,NULL,,,NULL,NULL,NULL,NULL,NULL,NULL,,NULL
5497,1,102420,Certainty เซอร์เทนตี้ เดย์แพ้นส์ กางเกง สวม Size XL 14 ชิ้น,NULL,NULL,ขย.9,NULL,ผ้าอ้อม,,,ห่อ,8850709400081,,NULL,FALSE,FALSE,NULL,,,NULL,NULL,NULL,NULL,NULL,NULL,,NULL
5498,1,102421,Certainty เซอร์เทนตี้ เดย์แพ้นส์ กางเกง สวม Size L18 ชิ้น,NULL,NULL,ขย.9,NULL,เบ็ดเตล็ด,,,ห่อ,8850709400227,,NULL,FALSE,FALSE,NULL,,,NULL,NULL,NULL,NULL,NULL,NULL,,NULL
5499,1,102422,ทเวลฟ์ พลัส แป้งหอมเย็น ไวท์เทนนิ่ง สโนว์ ฟลาวเวอร์ 140 กรัม,NULL,NULL,ขย.9,NULL,เครื่องสำอางและสินค้าอุปโภคบริโภค,,,กระปุก,8851123805414,,NULL,FALSE,FALSE,NULL,,,NULL,NULL,NULL,NULL,NULL,NULL,,NULL
5500,1,102423,ทเวลฟ์ พลัส แป้งหอมเย็น เอ็กซ์ตร้าคูล สูตรเย็นสุดขีด 140 กรัม,NULL,NULL,ขย.9,NULL,เครื่องสำอางและสินค้าอุปโภคบริโภค,,,กระปุก,8851123794589,,NULL,FALSE,FALSE,NULL,,,NULL,NULL,NULL,NULL,NULL,NULL,,NULL
5501,1,102424,CLARID 10 TAB,LORATADINE,NULL,ขย.9,NULL,ยาหู ตา คอ จมูก,,,แผง,8852662000407,,NULL,FALSE,FALSE,NULL,,,NULL,NULL,NULL,NULL,NULL,NULL,,NULL
5502,1,102425,AMICOF 100 mg  60ml,CARBOCYSTEINE,NULL,ขย.9,NULL,ยาน้ำสำหรับเด็ก,,,ขวด,8858670600387,100,NULL,FALSE,FALSE,NULL,,,NULL,NULL,NULL,NULL,NULL,NULL,1,NULL
5503,1,102426,DUPHALAC 200 ml,LACTULOSE,LAXATIVES,ขย.9,NULL,ยาทางเดินอาหาร,,,ขวด,8002660032751,100,NULL,FALSE,FALSE,NULL,,,NULL,NULL,NULL,NULL,NULL,NULL,1,NULL
5504,1,102427,ฟ้าทะลายโจร อ้วยอัน 30's,NULL,NULL,ขย.9,NULL,"ยาสมุนไพร, ยาแผนโบราณ",,,กล่อง,8852913902511,100,NULL,FALSE,FALSE,NULL,,,NULL,NULL,NULL,NULL,NULL,NULL,1,NULL
5505,1,102428,ฟ้าทะลายโจร ไฟโตแคร์ 10 เม็ด,NULL,NULL,ขย.9,NULL,"ยาสมุนไพร, ยาแผนโบราณ",,,แผง,8853433000398,100,NULL,FALSE,FALSE,NULL,,,NULL,NULL,NULL,NULL,NULL,NULL,1,NULL
5506,1,102429,tears Naturale น้ำตาเทียม Alcon 32 ชิ้น,NULL,NULL,ขย.9,NULL,ยาหู ตา คอ จมูก,,,NULL,300650416344,100,NULL,FALSE,FALSE,NULL,,,NULL,NULL,NULL,NULL,NULL,NULL,1,NULL
5507,1,102430,3% Miltear MD 10 ml,HYPROMELLOSE,EYE PREPARATIONS,ขย.9,NULL,ยาหู ตา คอ จมูก,,,ขวด,8859446300395,100,NULL,FALSE,FALSE,NULL,,,NULL,NULL,NULL,NULL,NULL,NULL,1,NULL
5508,1,102431,Trancel tear drops 0.8ml/30doses,HYPROMELLOSE,EYE PREPARATIONS,ขย.9,NULL,ยาหู ตา คอ จมูก,,,กล่อง,8859446300357,100,NULL,FALSE,FALSE,NULL,,,NULL,NULL,NULL,NULL,NULL,NULL,1,NULL
5509,1,102432,MARLAD LOTION 3ml,NULL,NULL,ขย.9,NULL,ยาใช้เฉพาะที่,,,กล่อง,8852410000290,,NULL,FALSE,FALSE,NULL,,,NULL,NULL,NULL,NULL,NULL,NULL,,NULL
5510,1,102433,นีโอบัน-เจล วอร์ม สูตรร้อน 7x10 cm. 2 ชิ้น,NULL,NULL,ขย.9,NULL,ยาใช้เฉพาะที่,,,แพ็ค,8859774100322,,NULL,FALSE,FALSE,NULL,,,NULL,NULL,NULL,NULL,NULL,NULL,,NULL
5511,1,102434,Strepsils Cool HHR 8 เม็ด/ซอง,NULL,NULL,ขย.9,NULL,เครื่องสำอางและสินค้าอุปโภคบริโภค,,,ซอง,8850360330024,,NULL,FALSE,FALSE,NULL,,,NULL,NULL,NULL,NULL,NULL,NULL,,NULL
5512,1,102435,Dextro tablets 10 tab,NULL,"ANTITUSSIVE ,EXPECTORANT & ANTIHISTAMINE",ขย.9,ขย.11,ยาหู ตา คอ จมูก,,,แผง,8852535008431,,NULL,FALSE,FALSE,NULL,,,NULL,NULL,NULL,NULL,NULL,NULL,,NULL
5513,1,102436,Mycoderm-C Clotrimazole Dusting Powder 1% 75 g,CLOTRIMAZOLE,ANTIFUNGALS,ขย.9,NULL,ยาใช้เฉพาะที่,,,กระปุก,8902346021058,,NULL,FALSE,FALSE,NULL,,,NULL,NULL,NULL,NULL,NULL,NULL,,NULL
5514,1,102437,MARY PINK 1x2 s',LEVONORGESTREL,HORMONES,ขย.9,NULL,ยาคุมกำเนิดและฮอร์โมนทดแท,,,กล่อง,0,,NULL,FALSE,FALSE,NULL,,,NULL,NULL,NULL,NULL,NULL,NULL,,NULL
5515,1,102438,Difelene1% ไดฟีลีน เจล 100 กรัม,DICLOFENAC,NULL,ขย.9,NULL,ยาระบบกล้ามเนื้อ-ข้อต่อ,,,กล่อง,8851473006998,,NULL,FALSE,FALSE,NULL,,,NULL,NULL,NULL,NULL,NULL,NULL,,NULL
5516,1,102439,Allernix Syrup 60 ml (2-12 ปี),LORATADINE,ANTIHISTAMINES & ANTIALLERGICS,ขย.9,NULL,ยาน้ำสำหรับเด็ก,,,ขวด,8858965400845,,NULL,FALSE,FALSE,NULL,,,NULL,NULL,NULL,NULL,NULL,NULL,,NULL
5517,1,102440,ยาปอคุนเอี๊ยะบ๊อ ยาสตรี ขนาด 250 ซีซี,NULL,NULL,ขย.9,NULL,"ยาสมุนไพร, ยาแผนโบราณ",,,ขวด,745114776907,,NULL,FALSE,FALSE,NULL,,,NULL,NULL,NULL,NULL,NULL,NULL,,NULL
5518,1,102441,น้ำมันยา ตรานก อินทรีย์ Eagle Brand 6 ml,NULL,NULL,ขย.9,NULL,NULL,,,ขวด,8888951888777,,NULL,FALSE,FALSE,NULL,,,NULL,NULL,NULL,NULL,NULL,NULL,,NULL
5519,1,102442,BioCotton Cotton Ball Size 0.35 g. 5 ก้อน,NULL,NULL,ขย.9,NULL,อุปกรณ์ทางการแพทย์,,,ห่อ,8853699000279,100,NULL,FALSE,FALSE,NULL,,,NULL,NULL,NULL,NULL,NULL,NULL,1,NULL
5520,1,102443,BLACKMORE Bio Zinc A Chelate 30 Tab,NULL,VITAMINS & MINERALS,ขย.9,NULL,วิตามินและอาหารเสริม,,,ขวด,93573801,,NULL,FALSE,FALSE,NULL,,,NULL,NULL,NULL,NULL,NULL,NULL,,NULL
5521,1,102444,NEXT HEALTH by THM หน้ากากอนามัย  3 ชั้น 50 ชิ้น,NULL,NULL,ขย.9,NULL,เครื่องสำอางและผลิตภัณฑ์ค,,,กล่อง,8856959005168,,NULL,FALSE,FALSE,NULL,,,NULL,NULL,NULL,NULL,NULL,NULL,,NULL
5522,1,102445,tubigrip Elbow ศอก Size. S 1 ชิ้น,NULL,NULL,ขย.9,NULL,อุปกรณ์ทางการแพทย์,,,กล่อง,8852027350017,,NULL,FALSE,FALSE,NULL,,,NULL,NULL,NULL,NULL,NULL,NULL,,NULL
5523,1,102446,Genta-Oph 5 ml ,GENTAMICIN SULFATE,ANTIBIOTICS,ขย.9,NULL,ยาหู ตา คอ จมูก,,,ขวด,8854927000689,,NULL,FALSE,FALSE,NULL,,,NULL,NULL,NULL,NULL,NULL,NULL,,NULL
5524,1,102447,Vilerm Cream (Siam) 1 g  ,ACYCLOVIR,ANTIVIRALS,ขย.9,NULL,ยาใช้เฉพาะที่,,,ซอง,8852738420139,,NULL,FALSE,FALSE,NULL,,,NULL,NULL,NULL,NULL,NULL,NULL,,NULL
5525,1,102448,Genteal Lubricant eye drop 10 ml,HYPROMELLOSE,EYE PREPARATIONS,ขย.9,NULL,ยาหู ตา คอ จมูก,,,ขวด,8852364002846,,NULL,FALSE,FALSE,NULL,,,NULL,NULL,NULL,NULL,NULL,NULL,,NULL
5526,1,102449,Urinary Drainge Bag MB Medical ถุงปัสสาวะ 2000 ml,NULL,NULL,ขย.9,NULL,อุปกรณ์ทางการแพทย์,,,ถุง,0,100,NULL,FALSE,FALSE,NULL,,,NULL,NULL,NULL,NULL,NULL,NULL,1,NULL
5527,1,102450,MOXXO Dry Syrup 125 mg  60 ml,AMOXICILLINE,ANTIBIOTICS,ขย.9,NULL,ยาน้ำสำหรับเด็ก,,,ขวด,8854596000225,,NULL,FALSE,FALSE,NULL,,,NULL,NULL,NULL,NULL,NULL,NULL,,NULL
5528,1,102451,ยู่ ยี่ ออยส์ แคป ลิเมา ใช้ทา หรือ ใช้สูดดม 10 ml,NULL,NULL,ขย.9,NULL,"ยาสมุนไพร, ยาแผนโบราณ",,,กระป๋อง,95503349,,NULL,FALSE,FALSE,NULL,,,NULL,NULL,NULL,NULL,NULL,NULL,,NULL
5529,1,102452,ชวนป๋วยปี่แป่โหล่ว ยาแผนจีน 150 ซีซี,NULL,NULL,ขย.9,NULL,"ยาสมุนไพร, ยาแผนโบราณ",,,ขวด,102452,,NULL,FALSE,FALSE,NULL,,,NULL,NULL,NULL,NULL,NULL,NULL,,NULL
5530,1,102453,Roxcin 150 mg. 1x10 s',ROXITHROMYCIN,ANTIVIRALS,ขย.9,NULL,ยาระบบการติดเชื้อ,,,แผง,8852662000124,,NULL,FALSE,FALSE,NULL,,,NULL,NULL,NULL,NULL,NULL,NULL,,NULL
5531,1,102454,MANMOX Dry Strup 125 mg. 60 ml,AMOXICILLINE,ANTIBIOTICS,ขย.9,NULL,ยาระบบการติดเชื้อ,,,ขวด,8856513004781,,NULL,FALSE,TRUE,NULL,,,NULL,NULL,NULL,NULL,NULL,NULL,,NULL
5532,1,102455,T.V.MOX Dry Syrup 125 mg. 60 ml,AMOXICILLINE,ANTIBIOTICS,ขย.9,NULL,ยาระบบการติดเชื้อ,,,ขวด,8856513000158,,NULL,FALSE,TRUE,NULL,,,NULL,NULL,NULL,NULL,NULL,NULL,,NULL
5533,1,102456,Elomet Cream 0.1%(mometasone) 15 g.,MOMETASONE FUROATE,STEROIDS,ขย.9,NULL,ยาใช้เฉพาะที่,,,หลอด,840164515572,,NULL,FALSE,FALSE,NULL,,,NULL,NULL,NULL,NULL,NULL,NULL,,NULL
5534,1,102457,HY-C Vitamin C 50 mg รสสัปปะรด 20 เม็ด,NULL,NULL,ขย.9,NULL,ยาน้ำสำหรับเด็ก,,,ซอง,8850993203863,,NULL,FALSE,FALSE,NULL,,,NULL,NULL,NULL,NULL,NULL,NULL,,NULL
5535,1,102458,Tylenol 500 mg  50 tab,PARACETAMOL,ANTIHYPERTENSIVES,ขย.9,NULL,ยาสามัญประจำบ้าน,,,กระปุก,8850007850434,,NULL,FALSE,FALSE,NULL,,,NULL,NULL,NULL,NULL,NULL,NULL,,NULL
5536,1,102459,DUTROSS DM KIDS รสผลไม้รวม  60 ml,DEXTROMETHORPHAN+BROMHEXINE HCL,Antitussives,ขย.9,ขย.11,ยาน้ำสำหรับเด็ก,,,ขวด,8851473000392,,NULL,FALSE,TRUE,NULL,,,NULL,NULL,NULL,NULL,NULL,NULL,,NULL
5537,1,102460,Nizoral Cream 15 g.,KETOCONAZOLE,ANTIFUNGALS,ขย.9,NULL,ยาใช้เฉพาะที่,,,กล่อง,8850583002654,,NULL,FALSE,FALSE,NULL,,,NULL,NULL,NULL,NULL,NULL,NULL,,NULL
5538,1,102461,Fungiderm-K Cream (Ketoconazole2%),KETOCONAZOLE,ANTIFUNGALS,ขย.9,NULL,ยาใช้เฉพาะที่,,,หลอด,8852294723101,,NULL,FALSE,FALSE,NULL,,,NULL,NULL,NULL,NULL,NULL,NULL,,NULL
5539,1,102462,NINAZOL Cream 10 g.,KETOCONAZOLE,ANTIFUNGALS,ขย.9,NULL,ยาใช้ภายนอก,,,หลอด,8851881713631,100,NULL,FALSE,FALSE,NULL,,,NULL,NULL,NULL,NULL,NULL,NULL,1,NULL
5540,1,102463,Fungasin Cream 20 g.,KETOCONAZOLE,ANTIFUNGALS,ขย.9,NULL,ยาใช้เฉพาะที่,,,หลอด,8858022001343,,NULL,FALSE,FALSE,NULL,,,NULL,NULL,NULL,NULL,NULL,NULL,,NULL
5541,1,102464,CANDIX Solution 15 ml,CLOTRIMAZOLE,ANTIFUNGALS,ขย.9,NULL,ยาใช้เฉพาะที่,,,ขวด,8858022005747,,NULL,FALSE,FALSE,NULL,,,NULL,NULL,NULL,NULL,NULL,NULL,,NULL
5542,1,102465,LEPU Digital Thermometer ปรอท 1 ชิ้น,NULL,NULL,ขย.9,NULL,อุปกรณ์ทางการแพทย์,,,กล่อง,6971393241209,,NULL,FALSE,FALSE,NULL,,,NULL,NULL,NULL,NULL,NULL,NULL,,NULL
5543,1,102466,ถุงยางอานามัย ฟรีล็อค (มีสารหล่อลื่น) ขนาด 49 มม. 3 ชิ้น,NULL,NULL,ขย.9,NULL,ถุงยางอนามัย,,,กล่อง,8853935006546,,NULL,FALSE,FALSE,NULL,,,NULL,NULL,NULL,NULL,NULL,NULL,,NULL
5544,1,102467,Centrum  From A to Zinc 30 tab,NULL,VITAMINS & MINERALS,ขย.9,NULL,วิตามินและอาหารเสริม,,,กล่อง,8851005166831,,NULL,FALSE,FALSE,NULL,,,NULL,NULL,NULL,NULL,NULL,NULL,,NULL
5545,1,102468,Dermatix Ultra 15 g. ,NULL,NULL,ขย.9,NULL,ยาใช้เฉพาะที่,,,หลอด,8886456203859,,NULL,FALSE,FALSE,NULL,,,NULL,NULL,NULL,NULL,NULL,NULL,,NULL
5546,1,102469,ุถุงยางอนามัย ฟรีล็อค ขนาด 52 มม. 3 ชิ้น,NULL,NULL,ขย.9,NULL,ถุงยางอนามัย,,,กล่อง,8853935013636,,NULL,FALSE,FALSE,NULL,,,NULL,NULL,NULL,NULL,NULL,NULL,,NULL
5547,1,102470,Hirudoid Forte Cream สีน้ำเงิน 40 g.,MUCOPOLYSACCHARIDE POLYSULFATE,NULL,ขย.9,NULL,ยาใช้เฉพาะที่,,,หลอด,8851743000732,,NULL,FALSE,FALSE,NULL,,,NULL,NULL,NULL,NULL,NULL,NULL,,NULL
5548,1,102471,Bactafect Ointment (Mupirocon 2%) 15 g. ,MUPIROCIN,ANTIBIOTICS,ขย.9,NULL,ยาใช้เฉพาะที่,,,หลอด,8858992500709,,NULL,FALSE,FALSE,NULL,,,NULL,NULL,NULL,NULL,NULL,NULL,,NULL
5549,1,102472,Utmos 30   3x10',PIOGLITAZONE HCL,ANTIDIABETIC,ขย.9,NULL,ยาในโรคเรื้อรัง (Drug for,,,แผง,8852616600622,,NULL,FALSE,FALSE,NULL,,,0,0,0,0,0,0,1,/uploads/102472_1.jpg
5550,1,102473,FITNE Herbal ยาชงสมุนไพร กลิ่นเก๊กฮวย 30 ซอง,NULL,NULL,ขย.9,NULL,"ยาสมุนไพร, ยาแผนโบราณ",,,ห่อ,8850369012266,,NULL,FALSE,FALSE,NULL,,,NULL,NULL,NULL,NULL,NULL,NULL,,NULL
5551,1,102474,ไม้พันสำลี Cotton Strick 6'' (UMI) Size L 100 ก้าน ,NULL,NULL,ขย.9,NULL,อุปกรณ์ทางการแพทย์,,,ห่อ,102474,,NULL,FALSE,FALSE,NULL,,,NULL,NULL,NULL,NULL,NULL,NULL,,NULL
5552,1,102475,หงส์ไทย ยาดมสมุนไพร(60กรัม)  สูตร 1 ,NULL,NULL,ขย.9,NULL,"ยาสมุนไพร, ยาแผนโบราณ",,,หลอด,8859126000768,,NULL,FALSE,FALSE,NULL,,,NULL,NULL,NULL,NULL,NULL,NULL,,NULL
5553,1,102476,Metrolex 400 mg 1x10',METRONIDAZOLE,ANTIBIOTICS,ขย.9,NULL,ยาระบบการติดเชื้อ,,,แผง,8852738410260,,NULL,FALSE,FALSE,NULL,,,NULL,NULL,NULL,NULL,NULL,NULL,,NULL
5554,1,102477,ยาดมตราเสือ Tiger Balm ,NULL,NULL,ขย.9,NULL,"ยาสมุนไพร, ยาแผนโบราณ",,,หลอด,8888650438013,,NULL,FALSE,FALSE,NULL,,,NULL,NULL,NULL,NULL,NULL,NULL,,NULL
5555,1,102478,น้ำมันเขียว แม่มะลิ 24 ml,NULL,NULL,ขย.9,NULL,"ยาสมุนไพร, ยาแผนโบราณ",,,ขวด,1915241848481,,NULL,FALSE,FALSE,NULL,,,NULL,NULL,NULL,NULL,NULL,NULL,,NULL
5556,1,102479,KARA Shampoo Ketoconazole 2%  100 ml,KETOCONAZOLE,ANTIFUNGALS,ขย.9,NULL,ยาใช้เฉพาะที่,,,ขวด,8852645540012,,NULL,FALSE,FALSE,NULL,,,NULL,NULL,NULL,NULL,NULL,NULL,,NULL
5557,1,102480,CETRIZIN (TO) 10 tab   (102480),CETIRIZINE,ANTIHISTAMINES & ANTIALLERGICS,ขย.9,NULL,ยาหู ตา คอ จมูก,,,แผง,8851881249109,,NULL,FALSE,FALSE,NULL,,,NULL,NULL,NULL,NULL,NULL,NULL,,NULL
5558,1,102481,3M Nexcare ColdHot Mini เด็ก Size S  1 ชิ้น,NULL,NULL,ขย.9,NULL,อุปกรณ์ทางการแพทย์,,,กล่อง,8850304017936,100,NULL,FALSE,FALSE,NULL,,,NULL,NULL,NULL,NULL,NULL,NULL,1,NULL
5559,1,102482,Cariban Cohesaive Tigerplast ผ้ายืดพันแผล 2.5cmx2m. สีขาว,NULL,NULL,ขย.9,NULL,NULL,,,ม้วน,8850672551018,,NULL,FALSE,FALSE,NULL,,,NULL,NULL,NULL,NULL,NULL,NULL,,NULL
5560,1,102483,ตรางู Herbal Extra Fresh Sugar Free 15 ml,NULL,NULL,ขย.9,NULL,ยาหู ตา คอ จมูก,,,ขวด,8852086007259,100,NULL,FALSE,FALSE,NULL,,,0,0,0,0,0,0,,/uploads/102483_1.jpg
5561,1,102484,Syringe Ball ขนาด 30 ซีซี  No. 1 ,NULL,NULL,ขย.9,NULL,อุปกรณ์ทางการแพทย์,,,กล่อง,8854536000117,,NULL,FALSE,FALSE,NULL,,,NULL,NULL,NULL,NULL,NULL,NULL,,NULL
5562,1,102485,Tigerplast แบบใส  10 ชิ้น/ซอง,NULL,NULL,ขย.9,NULL,อุปกรณ์ทางการแพทย์,,,ซอง,8850672334017,,NULL,FALSE,FALSE,NULL,,,NULL,NULL,NULL,NULL,NULL,NULL,,NULL
5563,1,102486,Longmed Softip Cotton100% ไม้พันสำลี Size M,NULL,NULL,ขย.9,NULL,อุปกรณ์ทางการแพทย์,,,ห่อ,8859095901035,100,NULL,FALSE,FALSE,NULL,,,NULL,NULL,NULL,NULL,NULL,NULL,1,NULL
5564,1,102487,SOS พลาสเตอรสำหรับปิดหูดหรือตาปลา 4 ชิ้น/กล่อง,NULL,NULL,ขย.9,NULL,อุปกรณ์ทางการแพทย์,,,กล่อง,8859243304596,,NULL,FALSE,FALSE,NULL,,,NULL,NULL,NULL,NULL,NULL,NULL,,NULL
5565,1,102488,Mybacin OTC Mint ยาอมแก้เจ็บคอ 8 เม็ด,NULL,NULL,ขย.9,NULL,ยาหู ตา คอ จมูก,,,ซอง,8852294016012,,NULL,FALSE,FALSE,NULL,,,NULL,NULL,NULL,NULL,NULL,NULL,,NULL
5566,1,102489,ONE-TREX Syrup 60 ml,CETIRIZINE,ANTIHISTAMINES & ANTIALLERGICS,ขย.9,NULL,ยาน้ำสำหรับเด็ก,,,ขวด,8851467020801,100,NULL,FALSE,TRUE,NULL,,,NULL,NULL,NULL,NULL,NULL,NULL,1,NULL
5567,1,102491,Poly-Oph Eye Drops 10 ml,NULL,NULL,ขย.9,NULL,ยาหู ตา คอ จมูก,,,ขวด,8854927000092,,NULL,FALSE,FALSE,NULL,,,NULL,NULL,NULL,NULL,NULL,NULL,,NULL
5568,1,102492,Domperdone Suspension 30 ml,DOMPERIDONE,ANTIEMETICS & ANTIVERTIGO DRUG,ขย.9,NULL,ยาน้ำสำหรับเด็ก,,,ขวด,8852645516017,,NULL,FALSE,TRUE,NULL,,,NULL,NULL,NULL,NULL,NULL,NULL,,NULL
5569,1,102493,Auto Suspension Domperidone 30 ml,DOMPERIDONE,NULL,ขย.9,NULL,ยาน้ำสำหรับเด็ก,,,ขวด,8855011000868,,NULL,FALSE,TRUE,NULL,,,NULL,NULL,NULL,NULL,NULL,NULL,,NULL
5570,1,102494,ATK 2 in 1 HIP BIO tech 1 Set,NULL,NULL,ขย.9,NULL,อุปกรณ์ทางการแพทย์,,,กล่อง,8859739300125,100,NULL,FALSE,FALSE,NULL,,,NULL,NULL,NULL,NULL,NULL,NULL,1,NULL
5571,1,102495,NIPRO Syring Insulin 1 ml หัวเข็ม No.27Gx1/2,NULL,NULL,ขย.9,NULL,อุปกรณ์ทางการแพทย์,,,ชิ้น,8858939602343,,NULL,FALSE,FALSE,NULL,,,NULL,NULL,NULL,NULL,NULL,NULL,,NULL
5572,1,102496,ยาหอมอินทรโอสถแท่งทอง 20 เม็ด,NULL,NULL,ขย.9,NULL,"ยาสมุนไพร, ยาแผนโบราณ",,,ขวด,8852828002061,,NULL,FALSE,FALSE,NULL,,,NULL,NULL,NULL,NULL,NULL,NULL,,NULL
5573,1,102497,Moxipharm 500 mg (Meddic Pharma) 10 tab,AMOXICILLINE,ANTIBIOTICS,ขย.9,NULL,ยาระบบการติดเชื้อ,,,แผง,8855451002057,,NULL,FALSE,FALSE,NULL,,,NULL,NULL,NULL,NULL,NULL,NULL,,NULL
5574,1,102498,Difflam อมแก้เจ็บคอ 16 เม็ด,NULL,ANTI-INFLAMMATORY ENZYMES,ขย.9,NULL,ยาหู ตา คอ จมูก,,,กล่อง,9314057010211,,NULL,FALSE,FALSE,NULL,,,NULL,NULL,NULL,NULL,NULL,NULL,,NULL
5575,1,102499,X-Y Lubricating Jelly 50 g.,NULL,NULL,ขย.9,NULL,ยาใช้เฉพาะที่,,,หลอด,8855011000219,,NULL,FALSE,FALSE,NULL,,,NULL,NULL,NULL,NULL,NULL,NULL,,NULL
5576,1,102500,Attoon ถุงเก็บน้ำนม 4 ออน 20 ชิ้น/กล่อง,NULL,NULL,ขย.9,NULL,ผลิตภัณท์เด็ก,,,กล่อง,8858740519717,,NULL,FALSE,FALSE,NULL,,,NULL,NULL,NULL,NULL,NULL,NULL,,NULL
5577,1,102501,SURE By KSG Mask หน้ากาก 3 ชั้น 50 ชิ้น,NULL,NULL,ขย.9,NULL,อุปกรณ์ทางการแพทย์,,,กล่อง,8859748902136,,NULL,FALSE,FALSE,NULL,,,NULL,NULL,NULL,NULL,NULL,NULL,,NULL
5578,1,102502,Carbotin Capule 10 Capsule,CARBOCYSTEINE,MUCOLYTIC,ขย.9,NULL,ยาระบบทางเดินหายใจ,,,แผง,8853001001314,,NULL,FALSE,FALSE,NULL,,,NULL,NULL,NULL,NULL,NULL,NULL,,NULL
5579,1,102503,ยากุมาร ตราไก่ 300 ซีซี,NULL,NULL,ขย.9,NULL,ยาน้ำสำหรับเด็ก,,,ขวด,8857121050016,,NULL,FALSE,FALSE,NULL,,,NULL,NULL,NULL,NULL,NULL,NULL,,NULL
5580,1,102504,T Care Small Cold & Hot Pack 13x14 cm. 1 ชิ้น,NULL,NULL,ขย.9,NULL,อุปกรณ์ทางการแพทย์,,,กล่อง,8850858013149,,NULL,FALSE,FALSE,NULL,,,NULL,NULL,NULL,NULL,NULL,NULL,,NULL
5581,1,102505,ยาแก้ไอผสม มะขามป้อม ตราวังหลัง 120 มล.,NULL,NULL,ขย.9,NULL,"ยาสมุนไพร, ยาแผนโบราณ",,,ขวด,8854596009792,,NULL,FALSE,FALSE,NULL,,,NULL,NULL,NULL,NULL,NULL,NULL,,NULL
5582,1,102506,ใบบัวบกสกัด HERBAL ONE 60 Capsule,NULL,NULL,ขย.9,NULL,"ยาสมุนไพร, ยาแผนโบราณ",,,กระปุก,8853353301711,,NULL,FALSE,FALSE,NULL,,,NULL,NULL,NULL,NULL,NULL,NULL,,NULL
5583,1,102507,ยาแก่ไออ้วยอัน อ้วยอันโอสถ 120 ซีซี,NULL,NULL,ขย.9,NULL,"ยาสมุนไพร, ยาแผนโบราณ",,,ขวด,8852913201102,,NULL,FALSE,FALSE,NULL,,,NULL,NULL,NULL,NULL,NULL,NULL,,NULL
5584,1,102508,ยาหม่องเขียว ตราโพธิ์หยก เฮิร์บไทยจง 50 กรัม,NULL,NULL,ขย.9,NULL,"ยาสมุนไพร, ยาแผนโบราณ",,,ขวด,8859205400014,,NULL,FALSE,FALSE,NULL,,,NULL,NULL,NULL,NULL,NULL,NULL,,NULL
5585,1,102509,ยาหม่องเขียว ตราโพธิ์หยก เฮิร์บไทยจง 20 กรัม,NULL,NULL,ขย.9,NULL,"ยาสมุนไพร, ยาแผนโบราณ",,,ขวด,8859205400045,,NULL,FALSE,FALSE,NULL,,,NULL,NULL,NULL,NULL,NULL,NULL,,NULL
5586,1,102510,ORMIST 10 tab,CETIRIZINE,ANTIHISTAMINES & ANTIALLERGICS,ขย.9,NULL,ยาหู ตา คอ จมูก,,,กล่อง,8851473005779,,NULL,FALSE,FALSE,NULL,,,NULL,NULL,NULL,NULL,NULL,NULL,,NULL
5587,1,102511,EGG Albumin 90 tab,NULL,NULL,ขย.9,NULL,วิตามินและอาหารเสริม,,,กระปุก,0,,NULL,FALSE,FALSE,NULL,,,NULL,NULL,NULL,NULL,NULL,NULL,,NULL
5588,1,102512,Pregabalin Sandoz 25 mg 8x10',NULL,NULL,ขย.9,NULL,ยาในโรคเรื้อรัง (Drug for,,,กล่อง,8859767400224,,NULL,FALSE,FALSE,NULL,,,NULL,NULL,NULL,NULL,NULL,NULL,,NULL
5589,1,102513,Sominar 1x10',DOXYLAMINE,ANTIHISTAMINES & ANTIALLERGICS,ขย.9,NULL,ยาหู ตา คอ จมูก,,,กล่อง,8858767420492,,NULL,FALSE,FALSE,NULL,,,NULL,NULL,NULL,NULL,NULL,NULL,,NULL
5590,1,102514,Cariband Cohesive 4x2cm. Tigerplast 1 ม้วน,NULL,NULL,ขย.9,NULL,อุปกรณ์ทางการแพทย์,,,ม้วน,8850672551032,,NULL,FALSE,FALSE,NULL,,,NULL,NULL,NULL,NULL,NULL,NULL,,NULL
5591,1,102515,NEXT HEALTH  หน้ากากอนามัย  3 สีขาว ชั้น 50 ชิ้น ,NULL,NULL,ขย.9,NULL,อุปกรณ์ทางการแพทย์,,,กล่อง,8856959005182,,NULL,FALSE,FALSE,NULL,,,NULL,NULL,NULL,NULL,NULL,NULL,,NULL
5592,1,102516,SOS T 10x20 cm. พลาสเตอร์ใส ปิดแผล กันน้ำ 2 แผ่น,NULL,NULL,ขย.9,NULL,อุปกรณ์ทางการแพทย์,,,กล่อง,8857122406256,,NULL,FALSE,FALSE,NULL,,,NULL,NULL,NULL,NULL,NULL,NULL,,NULL
5593,1,102517,Duran 400 mg 1x10',IBUPROFEN,ANTI-INFLAMMATORY ENZYMES,ขย.9,NULL,แก้ปวด ลดอักเสบ,,,กล่อง,8851473005748,,NULL,FALSE,FALSE,NULL,,,NULL,NULL,NULL,NULL,NULL,NULL,,NULL
5594,1,102518,SOS PC1-P Series พลาสเตอร์ใส 1.9x7.2cm. 5 ชิ้น/แผง,NULL,NULL,ขย.9,NULL,อุปกรณ์ทางการแพทย์,,,แผง,102518,,NULL,FALSE,FALSE,NULL,,,NULL,NULL,NULL,NULL,NULL,NULL,,NULL
5595,1,102519,Rhinobun แผ่นแปะบรรเทาปวด 10 แผ่น/ซอง,NULL,NULL,ขย.9,NULL,เบ็ดเตล็ด,,,ซอง,8858758201963,,NULL,FALSE,FALSE,NULL,,,NULL,NULL,NULL,NULL,NULL,NULL,,NULL
5596,1,102520,Deztanex 5 mg 1x5',DESLORATADINE,ANTIHISTAMINES & ANTIALLERGICS,ขย.9,NULL,ยาหู ตา คอ จมูก,,,กล่อง,8851102004678,,NULL,FALSE,FALSE,NULL,,,NULL,NULL,NULL,NULL,NULL,NULL,,NULL
5597,1,102521,SONAP Forte (550 mg) 10 tab,NAPROXEN SODIUM,ANTI-INFLAMMATORY ENZYMES,ขย.9,NULL,แก้ปวด ลดอักเสบ,,,แผง,8850239003875,,NULL,FALSE,FALSE,NULL,,,NULL,NULL,NULL,NULL,NULL,100,,NULL
5598,1,102522,Ezerra Cream 25 g.,NULL,NULL,ขย.9,NULL,ยาใช้เฉพาะที่,,,กล่อง,9556258121758,,NULL,FALSE,FALSE,NULL,,,NULL,NULL,NULL,NULL,NULL,NULL,,NULL
5599,1,102523,C-20 Blue Sally 180 ml,NULL,NULL,ขย.9,NULL,ยาใช้เฉพาะที่,,,ขวด,8852535008028,,NULL,FALSE,FALSE,NULL,,,NULL,NULL,NULL,NULL,NULL,NULL,,NULL
5600,1,102524,น้ำมันโอสถทิพย์ (วัดโพธิ์) สีขาว 120 กรัม,NULL,NULL,ขย.9,NULL,"ยาสมุนไพร, ยาแผนโบราณ",,,ขวด,102524,,NULL,FALSE,FALSE,NULL,,,NULL,NULL,NULL,NULL,NULL,NULL,,NULL
5601,1,102525,ลูกประคบสมุนไพร เฌอเอม 135 กรัม,NULL,NULL,ขย.9,NULL,"ยาสมุนไพร, ยาแผนโบราณ",,,ห่อ,8855073002374,,NULL,FALSE,FALSE,NULL,,,NULL,NULL,NULL,NULL,NULL,NULL,,NULL
5602,1,102526,Manmox Dry Syrup 250 mg.รสองุ่น 60 ml,AMOXICILLINE,ANTIBIOTICS,ขย.9,NULL,ยาระบบการติดเชื้อ,,,กล่อง,8856513004866,,NULL,FALSE,TRUE,NULL,,,NULL,NULL,NULL,NULL,NULL,NULL,,NULL
5603,1,102527,Manmox Dry Syrup 250 mg. รสส้ม 60 ml,AMOXICILLINE,ANTIBIOTICS,ขย.9,NULL,ยาระบบการติดเชื้อ,,,กล่อง,8856513004842,,NULL,FALSE,TRUE,NULL,,,NULL,NULL,NULL,NULL,NULL,NULL,,NULL
5604,1,102528,Hiruscar Advanced Dragon's Blood Gel 8 g.,NULL,NULL,ขย.9,NULL,ยาใช้เฉพาะที่,,,กล่อง,8859612222537,,NULL,FALSE,FALSE,NULL,,,NULL,NULL,NULL,NULL,NULL,NULL,,NULL
5605,1,102529,Ibiamox 125mg/5ml Syrup (40g) 60 ml,AMOXICILLINE,ANTIBIOTICS,ขย.9,NULL,ยาระบบการติดเชื้อ,,,กล่อง,8852738351150,,NULL,FALSE,FALSE,NULL,,,NULL,NULL,NULL,NULL,NULL,NULL,,NULL
5606,1,102530,Moxxo Forte Dry Syrup 250 mg.ผลไม้รวม 60 ml,AMOXICILLINE,NULL,ขย.9,NULL,ยาระบบการติดเชื้อ,,,กล่อง,8854596000300,,NULL,FALSE,FALSE,NULL,,,NULL,NULL,NULL,NULL,NULL,NULL,,NULL
5607,1,102531,MM ยาระบาย รสเชอรี่ สหแพทย์ 240 ml,MAGNESIUM HYDROXIDE,NULL,ขย.9,NULL,ยาทางเดินอาหาร,,,ขวด,8858748101044,,NULL,FALSE,FALSE,NULL,,,NULL,NULL,NULL,NULL,NULL,NULL,,NULL
5608,1,102532,MM ยาระบาย รสมิ้น สหแพทย์ 240 ml,MAGNESIUM HYDROXIDE,NULL,ขย.9,NULL,ยาทางเดินอาหาร,,,ขวด,8858748101037,,NULL,FALSE,FALSE,NULL,,,NULL,NULL,NULL,NULL,NULL,NULL,,NULL
5609,1,102533,Skinfect Cream 15 g,GENTAMICIN SULFATE,ANTIFUNGALS,ขย.9,NULL,ยาใช้เฉพาะที่,,,หลอด,8853348002685,100,NULL,FALSE,FALSE,NULL,,,NULL,NULL,NULL,NULL,NULL,NULL,1,NULL
5610,1,102534,Gentrex Cream 5 g.,GENTAMICIN SULFATE,ANTIBIOTICS,ขย.9,NULL,ยาใช้เฉพาะที่,,,หลอด,8854927002898,,NULL,FALSE,FALSE,NULL,,,NULL,NULL,NULL,NULL,NULL,NULL,,NULL
5611,1,102535,Burnova Gelplus+ 20 g. ,NULL,NULL,ขย.9,NULL,เครื่องสำอางและผลิตภัณฑ์ค,,,หลอด,8852660633638,,NULL,FALSE,FALSE,NULL,,,NULL,NULL,NULL,NULL,NULL,NULL,,NULL
5612,1,102536,mamarine Bio-C Plus Elberry &Multivitamin 60 ml,NULL,VITAMINS & MINERALS,ขย.9,NULL,วิตามินและอาหารเสริม,,,ขวด,8858757012980,,NULL,FALSE,FALSE,NULL,,,NULL,NULL,NULL,NULL,NULL,NULL,,NULL
5613,1,102537,mamarine BIO-C Plus+ 30 Capsules,NULL,VITAMINS & MINERALS,ขย.9,NULL,วิตามินและอาหารเสริม,,,กล่อง,8858757011969,,NULL,FALSE,FALSE,NULL,,,NULL,NULL,NULL,NULL,NULL,NULL,,NULL
5614,1,102538,Combigan Eye 5 ml (Allergan),NULL,NULL,ขย.9,NULL,ยาหู ตา คอ จมูก,,,ขวด,0,,NULL,FALSE,FALSE,NULL,,,NULL,NULL,NULL,NULL,NULL,NULL,,NULL
5615,1,102539,REGENEZ MEGA care 3x10 softgel ,NULL,NULL,ขย.9,NULL,วิตามินและอาหารเสริม,,,กล่อง,8850769015263,,NULL,FALSE,FALSE,NULL,,,NULL,NULL,NULL,NULL,NULL,NULL,,NULL
5616,1,102540,FITNE Herbal ยาชงสมุนไพร รสชาเขียว  15 ซอง,NULL,NULL,ขย.9,NULL,"ยาสมุนไพร, ยาแผนโบราณ",,,ห่อ,8850369014277,,NULL,FALSE,FALSE,NULL,,,NULL,NULL,NULL,NULL,NULL,NULL,,NULL
5617,1,102541,T Care Hot & Cold Pack No.11x26 cm.,NULL,NULL,ขย.9,NULL,อุปกรณ์ทางการแพทย์,,,กล่อง,8850858099198,,NULL,FALSE,FALSE,NULL,,,NULL,NULL,NULL,NULL,NULL,NULL,,NULL
5618,1,102542,K-Y Lubricatng Jelly Sterile 42 g,NULL,NULL,ขย.9,NULL,ยาใช้เฉพาะที่,,,หลอด,5052197053739,100,NULL,FALSE,FALSE,NULL,,,NULL,NULL,NULL,NULL,NULL,NULL,1,NULL
5619,1,102543,Dettol 120 ml,NULL,NULL,ขย.9,NULL,เบ็ดเตล็ด,,,ขวด,8850360034588,,NULL,FALSE,FALSE,NULL,,,NULL,NULL,NULL,NULL,NULL,NULL,,NULL
5620,1,102544,forlax 10 g.,MACROGOL+SACCHARIN SODIUM,NULL,ขย.9,NULL,ยาทางเดินอาหาร,,,ซอง,3582186002087,,NULL,FALSE,FALSE,NULL,,,NULL,NULL,NULL,NULL,NULL,NULL,,NULL
5621,1,102545,สมุนไพรสกัด เลดิน่า  ยาสตรี 20 แคปซูล,NULL,NULL,ขย.9,NULL,"ยาสมุนไพร, ยาแผนโบราณ",,,กล่อง,8850369209017,,NULL,FALSE,FALSE,NULL,,,NULL,NULL,NULL,NULL,NULL,NULL,,NULL
5622,1,102546,วังพรม ยาหม่องไพล สูตร 2 ขนาด 100 กรัม,NULL,NULL,ขย.9,NULL,"ยาสมุนไพร, ยาแผนโบราณ",,,ขวด,8858111000042,,NULL,FALSE,FALSE,NULL,,,NULL,NULL,NULL,NULL,NULL,NULL,,NULL
5623,1,102547,GASZYM 10 tab,SIMETHICONE,DIGESTIVE ENZYMES/DIGESTIVES,ขย.9,NULL,ยาทางเดินอาหาร,,,แผง,8901296058541,,NULL,FALSE,FALSE,NULL,,,NULL,NULL,NULL,NULL,NULL,NULL,,NULL
5624,1,102548,Lonnagel  Cherry 5 g.,NULL,STEROIDS,ขย.9,NULL,ยาใช้เฉพาะที่,,,หลอด,8855107000758,,NULL,FALSE,FALSE,NULL,,,NULL,NULL,NULL,NULL,NULL,NULL,,NULL
5625,1,102549,จุฬาเฮิร์บ เซรั่มทาฝ้าลำใย 8 กรัม/ซอง,NULL,NULL,ขย.9,NULL,เครื่องสำอางและสินค้าอุปโภคบริโภค,,,ซอง,8858882901494,,NULL,FALSE,FALSE,NULL,,,NULL,NULL,NULL,NULL,NULL,NULL,,NULL
5626,1,102550,จุฬาเฮิร์บ ดีดีครีมแตงโมง SPF 50% 8 กรัม,NULL,NULL,ขย.9,NULL,เครื่องสำอางและผลิตภัณฑ์ค,,,ซอง,8858882901333,100,NULL,FALSE,FALSE,NULL,,,NULL,NULL,NULL,NULL,NULL,NULL,1,NULL
5627,1,102551,Gauze Pad Size 4x4  8 ชิ้น,NULL,NULL,ขย.9,NULL,อุปกรณ์ทางการแพทย์,,,ซอง,8854536000353,,NULL,FALSE,FALSE,NULL,,,NULL,NULL,NULL,NULL,NULL,NULL,,NULL
5628,1,102552,Gaviscon Dual action 10 ml ซองสีชมพู,NULL,ANTIACID,ขย.9,NULL,ยาทางเดินอาหาร,,,ซอง,8850360035622,,NULL,FALSE,FALSE,NULL,,,NULL,NULL,NULL,NULL,NULL,NULL,,NULL
5629,1,102553,MUAY มวย ครีมยา บรรเทาปวด ตรามวย 30 กรัม,NULL,MUSCLE RELAXANTS,ขย.9,NULL,ยาใช้เฉพาะที่,,,หลอด,8858467000116,,NULL,FALSE,FALSE,NULL,,,NULL,NULL,NULL,NULL,NULL,NULL,,NULL
5630,1,102554,Scagel Acne Patch แผ่นแปะสิว 1.2cm 12 ชิ้น,NULL,NULL,ขย.9,NULL,เครื่องสำอางและสินค้าอุปโภคบริโภค,,,กล่อง,8859243303803,,NULL,FALSE,FALSE,NULL,,,NULL,NULL,NULL,NULL,NULL,NULL,,NULL
5631,1,102555,Cooling Gel Sheet แผ่นเจลลดไข้ เด็กและผู้ใหญ่ อยู่นาน8 ชม.,NULL,NULL,ขย.9,NULL,เบ็ดเตล็ด,,,ซอง,8859243304367,,NULL,FALSE,FALSE,NULL,,,NULL,NULL,NULL,NULL,NULL,NULL,,NULL
5632,1,102556,Normol Saline Solution 500 ml,SODIUM CHLORIDE,NULL,ขย.9,NULL,ยาใช้เฉพาะที่,,,ขวด,8854060002403,,NULL,FALSE,FALSE,NULL,,,NULL,NULL,NULL,NULL,NULL,NULL,,NULL
5633,1,102557,Tensopalast พลาสเตอร์ 5ชิ้น/แผง,NULL,NULL,ขย.9,NULL,อุปกรณ์ทางการแพทย์,,,แผง,0,,NULL,FALSE,FALSE,NULL,,,NULL,NULL,NULL,NULL,NULL,NULL,,NULL
5634,1,102558,นีโอพลาสท์-เอส ผ้าปิดแผล 100 ชิ้น,NULL,NULL,ขย.9,NULL,อุปกรณ์ทางการแพทย์,,,กล่อง,8859774100155,,NULL,FALSE,FALSE,NULL,,,NULL,NULL,NULL,NULL,NULL,NULL,,NULL
5635,1,102559,Niko-Niko ที่ดูดน้ำมูกปลายยางซิลิโคน คละสี 1 ชิ้น,NULL,NULL,ขย.9,NULL,อุปกรณ์ทางการแพทย์,,,แพ็ค,8850858008183,,NULL,FALSE,FALSE,NULL,,,NULL,NULL,NULL,NULL,NULL,NULL,,NULL
5636,1,102560,Pregnancy Test แบบปัสสาวะผ่าน (Longmed) 1 Test,NULL,NULL,ขย.9,NULL,อุปกรณ์ทางการแพทย์,,,กล่อง,8859095900038,,NULL,FALSE,FALSE,NULL,,,NULL,NULL,NULL,NULL,NULL,NULL,,NULL
5637,1,102561,Neoplast Tape 2x10 หลา 1 ม้วน,NULL,NULL,ขย.9,NULL,อุปกรณ์ทางการแพทย์,,,ม้วน,0,,NULL,FALSE,FALSE,NULL,,,NULL,NULL,NULL,NULL,NULL,NULL,,NULL
5638,1,102562,FluiFort Syrup 120 ml,CARBOCYSTEINE,MUCOLYTIC,ขย.9,NULL,ยาน้ำสำหรับเด็ก,,,ขวด,8714651100010,,NULL,FALSE,FALSE,NULL,,,NULL,NULL,NULL,NULL,NULL,NULL,,NULL
5639,1,102563,"Folic Acid 5,000 mcg. 100 tab",FOLIC ACID,NULL,ขย.9,NULL,วิตามินและอาหารเสริม,,,กระปุก,8858744602385,,NULL,FALSE,FALSE,NULL,,,NULL,NULL,NULL,NULL,NULL,NULL,,NULL
5640,1,102564,Canasone cream 5 g,CLOTRIMAZOLE,ANTIFUNGALS,ขย.9,NULL,ยาใช้เฉพาะที่,,,หลอด,8851473002921,,NULL,FALSE,FALSE,NULL,,,NULL,NULL,NULL,NULL,NULL,NULL,,NULL
5641,1,102565,Candinox  1x6 tab,CLOTRIMAZOLE,ANTIFUNGALS,ขย.9,NULL,ยาใช้เฉพาะที่,,,กล่อง,8858767410042,,NULL,FALSE,FALSE,NULL,,,NULL,NULL,NULL,NULL,NULL,NULL,,NULL
5642,1,102566,COXIUM Millimed 1500 mg  30 ซอง,GLUCOSAMINE,AMINOGLYCOSIDES,ขย.9,NULL,ยาระบบกล้ามเนื้อ-ข้อต่อ,,,กล่อง,8855459002950,,NULL,FALSE,FALSE,NULL,,,NULL,NULL,NULL,NULL,NULL,NULL,,NULL
5643,1,102567,Star Hub The Serum 15 ml,NULL,NULL,ขย.9,NULL,เครื่องสำอางและผลิตภัณฑ์ค,,,NULL,4448,,NULL,FALSE,FALSE,NULL,,,NULL,NULL,NULL,NULL,NULL,NULL,,NULL
5644,1,102568,Coxium 500 mg 10x10 Capsules,GLUCOSAMINE,NULL,ขย.9,NULL,ยาระบบกล้ามเนื้อ-ข้อต่อ,,,กล่อง,8855459003148,,NULL,FALSE,FALSE,NULL,,,NULL,NULL,NULL,NULL,NULL,NULL,,NULL
5645,1,102569,Retacnyl tretinoin 0.05% 30 g.,NULL,NULL,ขย.9,NULL,เครื่องสำอางและผลิตภัณฑ์ค,,,หลอด,8806557000928,,NULL,FALSE,FALSE,NULL,,,NULL,NULL,NULL,NULL,NULL,NULL,,NULL
5646,1,102570,Cefspan 100 mg. 1 เม็ด (แบ่งขาย),NULL,ANTIVIRALS,ขย.9,NULL,ยาระบบการติดเชื้อ,,,เม็ด,102570,,NULL,FALSE,FALSE,NULL,,,NULL,NULL,NULL,NULL,NULL,NULL,,NULL
5647,1,102571,Becare ลูกเจี๊ยบ ,NULL,NULL,ขย.9,NULL,เบ็ดเตล็ด,,,ชิ้น,8859095901066,,NULL,FALSE,FALSE,NULL,,,NULL,NULL,NULL,NULL,NULL,NULL,,NULL
5648,1,102572,POVIDINE Solution 15 ml,POVIDONE-IODIDE,ANTIBIOTICS,ขย.9,NULL,ยาใช้เฉพาะที่,,,ขวด,8856513002367,,NULL,FALSE,FALSE,NULL,,,NULL,NULL,NULL,NULL,NULL,NULL,,NULL
5649,1,102573,NATUR 8 OZ(240ml) 30 ถุง,NULL,NULL,ขย.9,NULL,เบ็ดเตล็ด,,,กล่อง,8850851803143,,NULL,FALSE,FALSE,NULL,,,NULL,NULL,NULL,NULL,NULL,NULL,,NULL
5650,1,102574,Royal-D กลิ่นสตรอเบอร์รี่ 25 กรัม,NULL,NULL,ขย.9,NULL,วิตามินและอาหารเสริม,,,ซอง,8852612000204,,NULL,FALSE,FALSE,NULL,,,NULL,NULL,NULL,NULL,NULL,NULL,,NULL
5651,1,102575,SOS Clinical Digital รุ่น ฺBT-A11CN Fast 25 Sec. 1 ชิ้น,NULL,NULL,ขย.9,NULL,อุปกรณ์ทางการแพทย์,,,กล่อง,8859243300673,,NULL,FALSE,FALSE,NULL,,,NULL,NULL,NULL,NULL,NULL,NULL,,NULL
5652,1,102576,Throatsil Plus ผสมยาชาเฉพาะที่ แก้เจ็บคอ  8 เม็ด,NULL,NULL,ขย.9,NULL,ยาใช้เฉพาะที่,,,ซอง,8855459005098,,NULL,FALSE,FALSE,NULL,,,NULL,NULL,NULL,NULL,NULL,NULL,,NULL
5653,1,102577,ถุงมือ FREELOX 100 ชิ้น แบบมีแป้ง size.M,NULL,NULL,ขย.9,NULL,อุปกรณ์ทางการแพทย์,,,กล่อง,102577,,NULL,FALSE,FALSE,NULL,,,NULL,NULL,NULL,NULL,NULL,NULL,,NULL
5654,1,102578,ถุงมือ FREELOX 100 ชิ้น  แบบมีแป้ง size.L,NULL,NULL,ขย.9,NULL,อุปกรณ์ทางการแพทย์,,,กล่อง,102578,,NULL,FALSE,FALSE,NULL,,,NULL,NULL,NULL,NULL,NULL,NULL,,NULL
5655,1,102579,Pregabalin Teva ( Pregabalin 75 mg.) 7',NULL,NULL,ขย.9,NULL,แก้ปวด ลดอักเสบ,,,เม็ด,8851102004449,100,NULL,FALSE,FALSE,NULL,,,NULL,NULL,NULL,NULL,NULL,NULL,1,NULL
5656,1,102580,Athril Powder TO. 3.95g x 30ซอง/กล่อง,GLUCOSAMINE,AMINOGLYCOSIDES,ขย.9,NULL,ยาระบบกล้ามเนื้อ-ข้อต่อ,,,กล่อง,8851881635988,,NULL,FALSE,FALSE,NULL,,,NULL,NULL,NULL,NULL,NULL,NULL,,NULL
5657,1,102581,ถ่าน Panasonic CR2032. 1 ชิ้น,NULL,NULL,ขย.9,NULL,เบ็ดเตล็ด,,,ชิ้น,332013,,NULL,FALSE,FALSE,NULL,,,NULL,NULL,NULL,NULL,NULL,NULL,,NULL
5658,1,102582,Set ต่างหู  7 คู่,NULL,NULL,ขย.9,NULL,เบ็ดเตล็ด,,,แพ็ค,102582,,NULL,FALSE,FALSE,NULL,,,NULL,NULL,NULL,NULL,NULL,NULL,,NULL
5659,1,102583,ต่างหู แบบติดหู แฟชั่น 1 คู่,NULL,NULL,ขย.9,NULL,เบ็ดเตล็ด,,,คู่,102583,,NULL,FALSE,FALSE,NULL,,,NULL,NULL,NULL,NULL,NULL,NULL,,NULL
5660,1,102584,ยาน้ำตราเสือ 11 ตัว สูตร 111 ขนาด 300 ซีซี,NULL,NULL,ขย.9,NULL,"ยาสมุนไพร, ยาแผนโบราณ",,,ขวด,8852965100255,100,NULL,FALSE,FALSE,NULL,,,NULL,NULL,NULL,NULL,NULL,NULL,1,NULL
5661,1,102585,Microgynon 30 ED 1x 28 s',LEVONORGESTREL+ETHINYLOESTRADIOL,HORMONES,ขย.9,NULL,ยาคุมกำเนิดและฮอร์โมนทดแท,,,กล่อง,4057598023825,,NULL,FALSE,FALSE,NULL,,,NULL,NULL,NULL,NULL,NULL,NULL,,NULL
5662,1,102586,ต่างหู พลาสติก ติดหู 1 คู่,NULL,NULL,ขย.9,NULL,เบ็ดเตล็ด,,,คู่,102586,,NULL,FALSE,FALSE,NULL,,,NULL,NULL,NULL,NULL,NULL,NULL,,NULL
5663,1,102587,ต่างหู DYA เพชร CZ  1 คู่,NULL,NULL,ขย.9,NULL,เบ็ดเตล็ด,,,คู่,102587,,NULL,FALSE,FALSE,NULL,,,NULL,NULL,NULL,NULL,NULL,NULL,,NULL
5664,1,102588,Amoxycillin-500 mg 1x10 s' SSP,AMOXICILLINE,ANTIBIOTICS,ขย.9,NULL,ยาระบบการติดเชื้อ,,,แผง,8858757010467,,NULL,FALSE,FALSE,NULL,,,NULL,NULL,NULL,NULL,NULL,NULL,,NULL
5665,1,102589,Klean Mask หน้ากาก 3 ชั้น  3 ชิ้น/ซอง,NULL,NULL,ขย.9,NULL,อุปกรณ์ทางการแพทย์,,,ซอง,8859095902261,,NULL,FALSE,FALSE,NULL,,,NULL,NULL,NULL,NULL,NULL,NULL,,NULL
5666,1,102590,Mo yin-Test ชุดตรวจตั้งครรภ์ 1 ชุด,NULL,NULL,ขย.9,NULL,อุปกรณ์ทางการแพทย์,,,กล่อง,8858816690029,,NULL,FALSE,FALSE,NULL,,,NULL,NULL,NULL,NULL,NULL,NULL,,NULL
5667,1,102591,หวีซอยผม  หวีใบมีด+หวี 2 in 1,NULL,NULL,ขย.9,NULL,เบ็ดเตล็ด,,,ชิ้น,6621,,NULL,FALSE,FALSE,NULL,,,NULL,NULL,NULL,NULL,NULL,NULL,,NULL
5668,1,102592,Tigerplast Size .XL 10 ชิ้น,NULL,NULL,ขย.9,NULL,เบ็ดเตล็ด,,,ซอง,8850672230104,,NULL,FALSE,FALSE,NULL,,,0,0,0,0,0,0,,/uploads/102592_1.jpg
5669,1,102593,SOS Plus M ขนาด 4x7 cm. 5 แผ่น,NULL,NULL,ขย.9,NULL,อุปกรณ์ทางการแพทย์,,,กล่อง,8859243303407,,NULL,FALSE,FALSE,NULL,,,NULL,NULL,NULL,NULL,NULL,NULL,,NULL
5670,1,102594,MIRA Size. 13 cm  คีบสำลีไม่มีเขี้ยว 1 ชิ้น,NULL,NULL,ขย.9,NULL,อุปกรณ์ทางการแพทย์,,,ชิ้น,102594,,NULL,FALSE,FALSE,NULL,,,NULL,NULL,NULL,NULL,NULL,NULL,,NULL
5671,1,102595,แผ่นแปะลดไข้ kool fever 2+y กลิ่นมิ้น 2 ชิ้น,NULL,NULL,ขย.9,NULL,เบ็ดเตล็ด,,,ซอง,4987072050361,,NULL,FALSE,FALSE,NULL,,,NULL,NULL,NULL,NULL,NULL,NULL,,NULL
5672,1,102596,durex เลิฟ size 52.5 mm. 3 ชิ้น,NULL,NULL,ขย.9,NULL,ถุงยางอนามัย,,,กล่อง,5038483235171,,NULL,FALSE,FALSE,NULL,,,NULL,NULL,NULL,NULL,NULL,NULL,,NULL
5673,1,102597,durex play Classic gel 50 ml.,NULL,NULL,ขย.9,NULL,เบ็ดเตล็ด,,,ขวด,8850163900011,,NULL,FALSE,FALSE,NULL,,,NULL,NULL,NULL,NULL,NULL,NULL,,NULL
5674,1,102598,Dental Wax  Dr. PHILLIPS ขี้ผึ้งสำหรับจัดฟัน กลิ่น มิ้นท์,NULL,NULL,ขย.9,NULL,เบ็ดเตล็ด,,,แพ็ค,8854706000824,,NULL,FALSE,FALSE,NULL,,,NULL,NULL,NULL,NULL,NULL,NULL,,NULL
5675,1,102599,ยาอม fisherman Spearmint 25g  สีคราม-ขาว,NULL,NULL,ขย.9,NULL,เครื่องสำอางและสินค้าอุปโภคบริโภค,,,ซอง,96083864,100,NULL,FALSE,FALSE,NULL,,,NULL,NULL,NULL,NULL,NULL,NULL,1,NULL
5676,1,102600,Propolis Kid mouth Spray 10 ml ,NULL,NULL,ขย.9,NULL,ยาใช้เฉพาะที่,,,กล่อง,8856513013059,,NULL,FALSE,FALSE,NULL,,,NULL,NULL,NULL,NULL,NULL,NULL,,NULL
5677,1,102601,NTK Phaiyen สบู่ไพรเย็น 80 g.,NULL,NULL,ขย.9,NULL,"ยาสมุนไพร, ยาแผนโบราณ",,,ก้อน,6123,,NULL,FALSE,FALSE,NULL,,,NULL,NULL,NULL,NULL,NULL,NULL,,NULL
5678,1,102602,แป้งไมโยชิ - ขาวออร่า 10 g - สติกเกอร์สีชมพู เบอร์ 1,NULL,NULL,ขย.9,NULL,เครื่องสำอางและผลิตภัณฑ์ค,,,ชิ้น,8858882510382,,NULL,FALSE,FALSE,NULL,,,NULL,NULL,NULL,NULL,NULL,NULL,,NULL
5679,1,102603,B-mouth wash 180 ml (MD),NULL,NULL,ขย.9,NULL,ยาใช้เฉพาะที่,,,ขวด,8855451001623,,NULL,FALSE,FALSE,NULL,,,NULL,NULL,NULL,NULL,NULL,NULL,,NULL
5680,1,102604,Mybacin Tartar Control 95 ml,NULL,NULL,ขย.9,NULL,ยาใช้เฉพาะที่,,,ขวด,8852294555955,,NULL,FALSE,FALSE,NULL,,,NULL,NULL,NULL,NULL,NULL,NULL,,NULL
5681,1,102605,T PLUS  หน้ากากอนามัยทางการแพทย์ 3 ชั้น 50 ชิ้น,NULL,NULL,ขย.9,NULL,อุปกรณ์ทางการแพทย์,,,กล่อง,8857125541893,,NULL,FALSE,FALSE,NULL,,,NULL,NULL,NULL,NULL,NULL,NULL,,NULL
5682,1,102606,Tigerplast ฟิล์มใสกันน้ำ N2 60x100 mm.,NULL,NULL,ขย.9,NULL,อุปกรณ์ทางการแพทย์,,,กล่อง,8850672338138,,NULL,FALSE,FALSE,NULL,,,NULL,NULL,NULL,NULL,NULL,NULL,,NULL
5683,1,102607,TLM หมวกคลุมผม สีฟ้า 100 ชิ้น,NULL,NULL,ขย.9,NULL,อุปกรณ์ทางการแพทย์,,,แพ็ค,8856959005991,,NULL,FALSE,FALSE,NULL,,,NULL,NULL,NULL,NULL,NULL,NULL,,NULL
5684,1,102608,TLM หมวกคลุมผม สีเขียว 100 ชิ้น,NULL,NULL,ขย.9,NULL,อุปกรณ์ทางการแพทย์,,,แพ็ค,8856959005984,,NULL,FALSE,FALSE,NULL,,,NULL,NULL,NULL,NULL,NULL,NULL,,NULL
5685,1,102609,น้ำเกลือ 0.9% LPSALINE ตราเสือดาว 500 ml,NULL,NULL,ขย.9,NULL,ยาใช้เฉพาะที่,,,ขวด,8853042001724,,NULL,FALSE,FALSE,NULL,,,NULL,NULL,NULL,NULL,NULL,NULL,,NULL
5686,1,102610,น้ำมันละหุ่งหวาน 30 ml,NULL,NULL,ขย.9,NULL,ยาทางเดินอาหาร,,,ขวด,8850075002308,,NULL,FALSE,FALSE,NULL,,,NULL,NULL,NULL,NULL,NULL,NULL,,NULL
5687,1,102611,ยาหม่องโอสถสีขาว ตราแม่กุหลาบ 200 กรัม,NULL,NULL,ขย.9,NULL,"ยาสมุนไพร, ยาแผนโบราณ",,,ขวด,8856570200065,,NULL,FALSE,FALSE,NULL,,,NULL,NULL,NULL,NULL,NULL,NULL,,NULL
5688,1,102612,Histatab 100 tab,CHLORPHENIRAMINE,NULL,ขย.9,NULL,ยาระบบทางเดินหายใจ,,,กระปุก,8852978003253,,NULL,FALSE,FALSE,NULL,,,NULL,NULL,NULL,NULL,NULL,NULL,,NULL
5689,1,102613,hashi Saline Spray 30 ml,SODIUM CHLORIDE,NULL,ขย.9,NULL,ยาหู ตา คอ จมูก,,,ขวด,0,,NULL,FALSE,FALSE,NULL,,,0,0,0,0,0,0,,/uploads/102613_1.jpg
5690,1,102614,Set ต่างหู 5 คู่,NULL,NULL,NULL,NULL,NULL,,,ชุด,331682,,NULL,FALSE,FALSE,NULL,,,NULL,NULL,NULL,NULL,NULL,NULL,,NULL
5691,1,102615,Ampicillin 1x10 capsule,AMPICILLIN,ANTIBIOTICS,ขย.9,NULL,ยาระบบการติดเชื้อ,,,แผง,8858022000049,,NULL,FALSE,FALSE,NULL,,,NULL,NULL,NULL,NULL,NULL,NULL,,NULL
5692,1,102616,AMK 625 mg 1x10 tab,AMOX+CLAVU,NULL,ขย.9,NULL,ยาระบบการติดเชื้อ,,,กล่อง,8852673003596,,NULL,FALSE,FALSE,NULL,,,NULL,NULL,NULL,NULL,NULL,NULL,,NULL
5693,1,102617,Gauze Pad 3x3  8 ชิ้น,NULL,NULL,ขย.9,NULL,อุปกรณ์ทางการแพทย์,,,ห่อ,8854536000346,,NULL,FALSE,FALSE,NULL,,,NULL,NULL,NULL,NULL,NULL,NULL,,NULL
5694,1,102618,ไลปอน เอฟ สูตร อนามัย 150 ml,NULL,NULL,ขย.9,NULL,เบ็ดเตล็ด,,,ขวด,8850002010116,,NULL,FALSE,FALSE,NULL,,,NULL,NULL,NULL,NULL,NULL,NULL,,NULL
5695,1,102619,Therma Plast แผ่นแปะร้อน 1 ชิ้น,NULL,NULL,ขย.9,NULL,ยาระบบกล้ามเนื้อ-ข้อต่อ,,,ชิ้น,8850672120238,,NULL,FALSE,FALSE,NULL,,,NULL,NULL,NULL,NULL,NULL,NULL,,NULL
5696,1,102620,hashi Saline Spray  สูตรชุ่มชื้น 30 ml,NULL,NULL,ขย.9,NULL,ยาหู ตา คอ จมูก,,,กล่อง,8855107003117,,NULL,FALSE,FALSE,NULL,,,NULL,NULL,NULL,NULL,NULL,NULL,,NULL
5697,1,102621,Rhinalax-B (BURAPHA) 60 ml,CARBOCYSTEINE,MUCOLYTIC,ขย.9,NULL,ยาน้ำสำหรับเด็ก,,,ขวด,8851467031906,,NULL,FALSE,FALSE,NULL,,,NULL,NULL,NULL,NULL,NULL,NULL,,NULL
5698,1,102622,KIT SYRUP  60ml,PARACETAMOL,NULL,ขย.9,NULL,NULL,,,ขวด,8858954802278,,NULL,FALSE,FALSE,NULL,,,NULL,NULL,NULL,NULL,NULL,NULL,55,NULL
5699,1,102623,เยนเชี่ยนไวโอเลต สหการ 15ml,NULL,NULL,ขย.9,NULL,ยาระบบการติดเชื้อ,,,ขวด,8853428001126,,NULL,FALSE,FALSE,NULL,,,NULL,NULL,NULL,NULL,NULL,NULL,,NULL
5700,1,102624,Miltear 3% -1 ml  30 ชิ้น,NULL,NULL,ขย.9,NULL,ยาหู ตา คอ จมูก,,,กล่อง,8859446300371,,NULL,FALSE,FALSE,NULL,,,NULL,NULL,NULL,NULL,NULL,NULL,,NULL
5701,1,102625,Sof tear 03% - 5 ml,HYPROMELLOSE,NULL,ขย.9,NULL,ยาหู ตา คอ จมูก,,,ขวด,8906008421163,100,NULL,FALSE,FALSE,NULL,,,0,0,0,0,0,0,,/uploads/102625_1.jpg
5702,1,102626,BIO C Gluta IMU+ Blackmores 30 capsules,NULL,VITAMINS & MINERALS,ขย.9,NULL,วิตามินและอาหารเสริม,,,ขวด,93568265,,NULL,FALSE,FALSE,NULL,,,NULL,NULL,NULL,NULL,NULL,NULL,,NULL
5703,1,102627,Conform Size. 2'' RSC Medical 5cmx2.7m ผ้าพันแผล,NULL,NULL,ขย.9,NULL,อุปกรณ์ทางการแพทย์,,,ม้วน,2565001120013,,NULL,FALSE,FALSE,NULL,,,NULL,NULL,NULL,NULL,NULL,NULL,,NULL
5704,1,102628,เทพไทย ยาสิฟัน ผสมฟลูออไรด์ รสมิกซ์ฟรุ๊ต 30กัรม,NULL,NULL,ขย.9,NULL,เบ็ดเตล็ด,,,หลอด,8857123060044,100,NULL,FALSE,FALSE,NULL,,,NULL,NULL,NULL,NULL,NULL,NULL,1,NULL
5705,1,102629,เทพไทย ยาสิฟันผสมฟลูออไรด์ รสสเปียร์มิ้นท์ 30กัรม,NULL,NULL,ขย.9,NULL,เบ็ดเตล็ด,,,หลอด,8857123060099,,NULL,FALSE,FALSE,NULL,,,NULL,NULL,NULL,NULL,NULL,NULL,,NULL
5706,1,102630,ตรางู Herbal Rescue Spray Sugar Free  15 ml,NULL,NULL,ขย.9,NULL,ยาหู ตา คอ จมูก,,,ขวด,8852086004708,,NULL,FALSE,FALSE,NULL,,,0,0,0,0,0,0,,/uploads/102630_1.jpg
5707,1,102631,Busonase 64 mcg/dose  1 ml,BUDESONIDE,STEROIDS,ขย.9,NULL,ยาหู ตา คอ จมูก,,,ขวด,8855451002309,,NULL,FALSE,FALSE,NULL,,,NULL,NULL,NULL,NULL,NULL,NULL,,NULL
5708,1,102632,Klean & Kare จุกล้างจมูก นุ๊มนุ่ม,NULL,NULL,ขย.9,NULL,อุปกรณ์ทางการแพทย์,,,ชิ้น,8854060901119,,NULL,FALSE,FALSE,NULL,,,NULL,NULL,NULL,NULL,NULL,NULL,,NULL
5709,1,102633,Kleanasal Longmed  2 ชิ้น,NULL,NULL,ขย.9,NULL,เบ็ดเตล็ด,,,กล่อง,8859095901332,,NULL,FALSE,FALSE,NULL,,,NULL,NULL,NULL,NULL,NULL,NULL,,NULL
5710,1,102634,ยาแก้ไอ ซอมป่วยใหม่ 120 ซีซี,NULL,NULL,ขย.9,NULL,"ยาสมุนไพร, ยาแผนโบราณ",,,ขวด,102634,,NULL,FALSE,FALSE,NULL,,,NULL,NULL,NULL,NULL,NULL,NULL,,NULL
5711,1,102635,ปรอทวัดไข้ SAFETY ARMPIT ปรอทแก้ว ฝาน้ำเงิน,NULL,NULL,ขย.9,NULL,อุปกรณ์ทางการแพทย์,,,ชิ้น,102635,100,NULL,FALSE,FALSE,NULL,,,NULL,NULL,NULL,NULL,NULL,NULL,1,NULL
5712,1,102636,มหาหิงค์ุ ชนิดน้ำ ตราลูกไก่คู่ ศิริบัญชา 60 ซีซี,NULL,NULL,ขย.9,NULL,ยาใช้เฉพาะที่,,,ขวด,8851124270624,,NULL,FALSE,FALSE,NULL,,,NULL,NULL,NULL,NULL,NULL,NULL,,NULL
5713,1,102637,canesten 5g,CLOTRIMAZOLE,NULL,NULL,NULL,NULL,,,NULL,4057599007121,,NULL,FALSE,FALSE,NULL,,,NULL,NULL,NULL,NULL,NULL,NULL,,NULL
5714,1,102638,NEUROBION (B1-6-12)  5x10 s',MULTIVITAMINS & MINERALS,VITAMINS & MINERALS,ขย.9,NULL,วิตามินและอาหารเสริม,,,กล่อง,4987176188014,,NULL,FALSE,FALSE,NULL,,,NULL,NULL,NULL,NULL,NULL,NULL,,NULL
5715,1,102639,Oflocee 200 ,OFLOXACIN,ANTIBIOTICS,ขย.9,NULL,ยาระบบการติดเชื้อ,,,แผง,8853348002555,,NULL,FALSE,FALSE,NULL,,,NULL,NULL,NULL,NULL,NULL,NULL,,NULL
5716,1,102640,Diosmin 500 ,DIOSMINE+HESPERIDINE,"HAEMORRHOIDAL,PHLEBITIS & VARI",ขย.9,NULL,ยาทางเดินอาหาร,,,แผง,8858767420317,,NULL,FALSE,FALSE,NULL,,,NULL,NULL,NULL,NULL,NULL,NULL,,NULL
5717,1,102641,MEBO 10 g.,NULL,ANTIBIOTICS,ขย.9,NULL,ยาใช้เฉพาะที่,,,ขวด,8850563999004,,NULL,FALSE,FALSE,NULL,,,NULL,NULL,NULL,NULL,NULL,NULL,,NULL
5718,1,102642,CHRONOL 25x 4 tab,DISULFIRAM,NULL,ขย.9,NULL,ยาในโรคเรื้อรัง (Drug for,,,กล่อง,8858942800187,,NULL,FALSE,FALSE,NULL,,,NULL,NULL,NULL,NULL,NULL,NULL,,NULL
5719,1,102643,FITT-C 500 3x10 tab /กล่อง,ASCORBIC ACID,VITAMINS & MINERALS,ขย.9,NULL,วิตามินและอาหารเสริม,,,กล่อง,8858793203021,,NULL,FALSE,FALSE,NULL,,,NULL,NULL,NULL,NULL,NULL,NULL,,NULL
5720,1,102644,KleanPore Lonfmed 1''x5Y 1 ม้วน/กล่อง,NULL,NULL,ขย.9,NULL,อุปกรณ์ทางการแพทย์,,,กล่อง,8859095903664,,NULL,FALSE,FALSE,NULL,,,NULL,NULL,NULL,NULL,NULL,NULL,,NULL
5721,1,102645,KleanPore Lonfmed 1/2''x5Y 1 ม้วน/กล่อง,NULL,NULL,ขย.9,NULL,อุปกรณ์ทางการแพทย์,,,กล่อง,8859095900151,,NULL,FALSE,FALSE,NULL,,,NULL,NULL,NULL,NULL,NULL,NULL,,NULL
5722,1,102646,KleanTrans Longmed 1''x5Y   1 ม้วน/กล่อง,NULL,NULL,ขย.9,NULL,อุปกรณ์ทางการแพทย์,,,กล่อง,8859095900236,,NULL,FALSE,FALSE,NULL,,,NULL,NULL,NULL,NULL,NULL,NULL,,NULL
5723,1,102647,KleanTrans Longmed 1/2''x5Y   1 ม้วน/กล่อง,NULL,NULL,NULL,NULL,NULL,,,กล่อง,8859095900144,,NULL,FALSE,FALSE,NULL,,,NULL,NULL,NULL,NULL,NULL,NULL,,NULL
5724,1,102648,MEGA Nutrivita Daily 3x10 softgel,NULL,VITAMINS & MINERALS,ขย.9,NULL,วิตามินและอาหารเสริม,,,กล่อง,8850769024258,,NULL,FALSE,FALSE,NULL,,,NULL,NULL,NULL,NULL,NULL,NULL,,NULL
5725,1,102649,Propoliz Lozeng Vit.C ชนิดอม 8 เม็ด,NULL,NULL,ขย.9,NULL,"ยาสมุนไพร, ยาแผนโบราณ",,,ซอง,8856513013721,,NULL,FALSE,FALSE,NULL,,,NULL,NULL,NULL,NULL,NULL,NULL,,NULL
5726,1,102650,กาวิสคอน ดูอัล 24 ซอง,NULL,NULL,ขย.9,NULL,ยาทางเดินอาหาร,,,กล่อง,5000158069190,,NULL,FALSE,FALSE,NULL,,,0,0,0,0,0,0,,/uploads/102650_1.jpg
5727,1,102651,T.V. MOX Dry Syrup รสส้ม 60 ml,AMOXICILLINE,ANTIBIOTICS,ขย.9,NULL,ยาระบบการติดเชื้อ,,,ขวด,8856513001186,,NULL,FALSE,FALSE,NULL,,,NULL,NULL,NULL,NULL,NULL,NULL,,NULL
5728,1,102652,Capsika Gel 60 g.,NULL,NULL,ขย.9,NULL,ยาใช้เฉพาะที่,,,หลอด,8853348005068,,NULL,FALSE,FALSE,NULL,,,NULL,NULL,NULL,NULL,NULL,NULL,,NULL
5729,1,102653,Puridine Siribuncha 30 ml,POVIDONE-IODIDE,ANTIBIOTICS,ขย.9,NULL,ยาใช้เฉพาะที่,,,ขวด,8851124150308,,NULL,FALSE,FALSE,NULL,,,NULL,NULL,NULL,NULL,NULL,NULL,,NULL
5730,1,102654,Dermatix woun care 20 g.,NULL,NULL,ขย.9,NULL,ยาใช้เฉพาะที่,,,หลอด,8858789600957,,NULL,FALSE,FALSE,NULL,,,NULL,NULL,NULL,NULL,NULL,NULL,,NULL
5731,1,102655,Hiruscar Advance Spot Gel 4 g.,NULL,NULL,ขย.9,NULL,ยาใช้เฉพาะที่,,,หลอด,8851743004723,,NULL,FALSE,FALSE,NULL,,,NULL,NULL,NULL,NULL,NULL,NULL,,NULL
5732,1,102656,ยาดมหงส์คู่ 10 กรัม,NULL,NULL,ขย.9,NULL,ยาหู ตา คอ จมูก,,,กระปุก,8857102910711,,NULL,FALSE,FALSE,NULL,,,NULL,NULL,NULL,NULL,NULL,NULL,,NULL
5733,1,102657,ยาธาตุจอมทอง 300 ซีซี,NULL,NULL,ขย.9,NULL,ยาทางเดินอาหาร,,,ขวด,8858797460024,,NULL,FALSE,FALSE,NULL,,,NULL,NULL,NULL,NULL,NULL,NULL,,NULL
5734,1,102658,VIVIT vitamins & minerals 10 tab,NULL,VITAMINS & MINERALS,ขย.9,NULL,วิตามินและอาหารเสริม,,,แผง,102658,,NULL,FALSE,FALSE,NULL,,,NULL,NULL,NULL,NULL,NULL,NULL,,NULL
5735,1,102659,POSPOND 1x10 tab,NORETHISTERONE+MESTRANOL,HORMONES,ขย.9,NULL,ยาคุมกำเนิดและฮอร์โมนทดแท,,,แผง/กล่อง,8851473005328,,NULL,FALSE,FALSE,NULL,,,NULL,NULL,NULL,NULL,NULL,NULL,,NULL
5736,1,102660,TARADA Lotion 1.75 ml,NULL,NULL,ขย.9,NULL,ยาใช้เฉพาะที่,,,กล่อง,8854630000051,,NULL,FALSE,FALSE,NULL,,,NULL,NULL,NULL,NULL,NULL,NULL,,NULL
5737,1,102661,TARADA Herb Spray 12 ml,NULL,NULL,ขย.9,NULL,ยาใช้เฉพาะที่,,,กล่อง,8854630000013,,NULL,FALSE,FALSE,NULL,,,NULL,NULL,NULL,NULL,NULL,NULL,,NULL
5738,1,102662,ยาแก้ไอผสมมะแว้ง ตราไอยรา อะฮ่า 60 มล.,NULL,NULL,ขย.9,NULL,"ยาสมุนไพร, ยาแผนโบราณ",,,ขวด,8856513014391,,NULL,FALSE,FALSE,NULL,,,NULL,NULL,NULL,NULL,NULL,NULL,,NULL
5739,1,102663,แป้งเย็น ตรางู Classic 140 กรัม,NULL,NULL,ขย.9,NULL,เบ็ดเตล็ด,,,กระป๋อง,8852086001028,,NULL,FALSE,FALSE,NULL,,,NULL,NULL,NULL,NULL,NULL,NULL,39,NULL
5740,1,102664,ลอรีเอะ 22.5 cm. Ultra Slim Cool 3 ชิ้น,NULL,NULL,ขย.9,NULL,เบ็ดเตล็ด,,,ห่อ,8851818729742,,NULL,FALSE,FALSE,NULL,,,NULL,NULL,NULL,NULL,NULL,NULL,,NULL
5741,1,102665,แผ่นแปะลดไข้ เด็ก Cool Kids นาน 8 ชม. สีฟ้า 2 ชิ้น,NULL,NULL,ขย.9,NULL,เบ็ดเตล็ด,,,ซอง,8857121193171,,NULL,FALSE,FALSE,NULL,,,NULL,NULL,NULL,NULL,NULL,NULL,,NULL
5742,1,102666,แผ่นแปะลดไข้ เด็ก Babini Cool Patch นาน 8 ชม. 2 ชิ้น,NULL,NULL,ขย.9,NULL,เบ็ดเตล็ด,,,ซอง,8858761807572,100,NULL,FALSE,FALSE,NULL,,,NULL,NULL,NULL,NULL,NULL,NULL,1,NULL
5743,1,102667,Tigerplast สัตว์ป่าน่ารัก 8 แผ่น,NULL,NULL,ขย.9,NULL,เบ็ดเตล็ด,,,ซอง,8850672335052,,NULL,FALSE,FALSE,NULL,,,NULL,NULL,NULL,NULL,NULL,NULL,,NULL
5744,1,102668,Metronidazole 400 mg 10 tab,METRONIDAZOLE,ANTIBIOTICS,ขย.9,NULL,เบ็ดเตล็ด,,,แผง,8855451002132,,NULL,FALSE,FALSE,NULL,,,NULL,NULL,NULL,NULL,NULL,NULL,,NULL
5745,1,102669,Rhinalax 60 ml,CARBOCYSTEINE,MUCOLYTIC,ขย.9,NULL,ยาหู ตา คอ จมูก,,,ขวด,8851467031951,,NULL,FALSE,FALSE,NULL,,,NULL,NULL,NULL,NULL,NULL,NULL,,NULL
5746,1,102670,Bromhexine Elixir-PATAR 60 ml,BROMHEXINE,COUGH & COLD REMEDIES,ขย.9,NULL,ยาหู ตา คอ จมูก,,,ขวด,8855011000776,,NULL,FALSE,FALSE,NULL,,,NULL,NULL,NULL,NULL,NULL,NULL,,NULL
5747,1,102671,Rhinopore 1/2 in x 2.5 yds 1 ม้วน,NULL,NULL,ขย.9,NULL,อุปกรณ์ทางการแพทย์,,,ม้วน,108858419008955,,NULL,FALSE,FALSE,NULL,,,NULL,NULL,NULL,NULL,NULL,NULL,,NULL
5748,1,102672,Fango-BD cream 5 g.,CLOTRIMAZOLE+BETAMETHASONE,ANTIFUNGALS,ขย.9,NULL,ยาใช้เฉพาะที่,,,หลอด,8858992503175,,NULL,FALSE,FALSE,NULL,,,NULL,NULL,NULL,NULL,NULL,NULL,,NULL
5749,1,102673,ลอรีเอะซอฟท์แอนด์เซฟ สลิม4ชิ้น,NULL,NULL,ขย.9,NULL,เบ็ดเตล็ด,,,ห่อ,8851818191778,,NULL,FALSE,FALSE,NULL,,,NULL,NULL,NULL,NULL,NULL,NULL,,NULL
5750,1,102674,ลอรีเอะซอฟท์แอนด์เซฟ แมกซี่ 4ชิ้น,NULL,NULL,ขย.9,NULL,เบ็ดเตล็ด,,,ห่อ,8851818191846,,NULL,FALSE,FALSE,NULL,,,NULL,NULL,NULL,NULL,NULL,NULL,,NULL
5751,1,102676,โพรเทคส์  แมน สปอร์ต140กรัม,NULL,NULL,ขย.9,NULL,เบ็ดเตล็ด,,,ชิ้น,8850006603826,,NULL,FALSE,FALSE,NULL,,,NULL,NULL,NULL,NULL,NULL,NULL,,NULL
5752,1,102677,protex บลอสซัม 140 กรัม,NULL,NULL,ขย.9,NULL,เบ็ดเตล็ด,,,ขวด,8850006603178,,NULL,FALSE,FALSE,NULL,,,NULL,NULL,NULL,NULL,NULL,NULL,,NULL
5753,1,102678,protex ไอซ์ซี่ คูล 140 กรัม,NULL,NULL,ขย.9,NULL,เบ็ดเตล็ด,,,ขวด,8850006603185,,NULL,FALSE,FALSE,NULL,,,NULL,NULL,NULL,NULL,NULL,NULL,,NULL
5754,1,102679,protex ลาเวนเดอร์ ไอซ์ ฟรีซ 140 กรัม,NULL,NULL,ขย.9,NULL,เบ็ดเตล็ด,,,ขวด,8850006938706,,NULL,FALSE,FALSE,NULL,,,NULL,NULL,NULL,NULL,NULL,NULL,,NULL
5755,1,102680,protex เฟรช 140 กรัม,NULL,NULL,ขย.9,NULL,เบ็ดเตล็ด,,,ขวด,8850006603161,,NULL,FALSE,FALSE,NULL,,,NULL,NULL,NULL,NULL,NULL,NULL,,NULL
5756,1,102681,ไลปอนเอฟ มะกรูด 150 ml,NULL,NULL,ขย.9,NULL,เบ็ดเตล็ด,,,ขวด,8850002022812,,NULL,FALSE,FALSE,NULL,,,NULL,NULL,NULL,NULL,NULL,NULL,,NULL
5757,1,102682,ลอริเอพซูอัลตราสลิมปีก 22.5 cm. 4 ชิ้น,NULL,NULL,ขย.9,NULL,เบ็ดเตล็ด,,,ห่อ,8851818054424,,NULL,FALSE,FALSE,NULL,,,NULL,NULL,NULL,NULL,NULL,NULL,,NULL
5758,1,102683,ลอริเอะซูเปอร์อัลตร้าสลิม 30ซม. 4 ชื้น,NULL,NULL,ขย.9,NULL,เบ็ดเตล็ด,,,ห่อ,8851818321007,,NULL,FALSE,FALSE,NULL,,,NULL,NULL,NULL,NULL,NULL,NULL,,NULL
5759,1,102684,เบบี้เลิฟ Size. S 3-7 kg. 84 ชิ้น,NULL,NULL,ขย.9,NULL,เบ็ดเตล็ด,,,ห่อ,8850709100134,,NULL,FALSE,FALSE,NULL,,,NULL,NULL,NULL,NULL,NULL,NULL,,NULL
5760,1,102685,ลอรีเอะซอฟท์ 22 ซม. 4 ชิ้น,NULL,NULL,ขย.9,NULL,เบ็ดเตล็ด,,,ห่อ,8851818100756,,NULL,FALSE,FALSE,NULL,,,NULL,NULL,NULL,NULL,NULL,NULL,,NULL
5761,1,102686,SOFY Cooling Freshแผ่นอนามัย 14 ชิ้น,NULL,NULL,ขย.9,NULL,เบ็ดเตล็ด,,,ห่อ,8851111285013,,NULL,FALSE,FALSE,NULL,,,NULL,NULL,NULL,NULL,NULL,NULL,,NULL
5762,1,102687,แป้งเย็น แพรอท คลาสสิค คูล 260 กรัม,NULL,NULL,ขย.9,NULL,เบ็ดเตล็ด,,,ขวด,8851929021414,,NULL,FALSE,FALSE,NULL,,,NULL,NULL,NULL,NULL,NULL,NULL,,NULL
5763,1,102688,แป้งเย็น แพรอท ไวท์ ซากุระ 260 กรัม,NULL,NULL,ขย.9,NULL,เบ็ดเตล็ด,,,ขวด,8851929021438,,NULL,FALSE,FALSE,NULL,,,NULL,NULL,NULL,NULL,NULL,NULL,,NULL
5764,1,102689,ทเวลฟ์ พลัส แป้งเย็นเอ็กซ์ตร้าคูล สูตรเย็นสุดขีด140 กรัม,NULL,NULL,ขย.9,NULL,เบ็ดเตล็ด,,,ขวด,8851123794589,,NULL,FALSE,FALSE,NULL,,,NULL,NULL,NULL,NULL,NULL,NULL,,NULL
5765,1,102690,ลอรีเอะ ซูเปอร์ อัลตร้า สลิม ซากุระ 22.5 ซม. 4 ชิ้น,NULL,NULL,ขย.9,NULL,เบ็ดเตล็ด,,,ห่อ,8851818972131,,NULL,FALSE,FALSE,NULL,,,NULL,NULL,NULL,NULL,NULL,NULL,,NULL
5766,1,102691,ถุงยาอนัมย durex เซนเซชั่น  แบบปุ่ม No.52 mm. 3 ชิ้น,NULL,NULL,ขย.9,NULL,ถุงยางอนามัย,,,กล่อง,5038483166970,,NULL,FALSE,FALSE,NULL,,,NULL,NULL,NULL,NULL,NULL,NULL,,NULL
5767,1,102692,Klean&Kare NSS 0.9% น้ำเกลือ 100 ml จุกแหลม,NULL,NULL,ขย.9,NULL,อุปกรณ์ทางการแพทย์,,,ขวด,8854060615290,100,NULL,FALSE,FALSE,NULL,,,NULL,NULL,NULL,NULL,NULL,NULL,1,NULL
5768,1,102693,Belcid Gerd Suspension รสราสเบอรี่ 150 ml,NULL,ANTIACID,ขย.9,NULL,ยาทางเดินอาหาร,,,ขวด,8852662200524,,NULL,FALSE,FALSE,NULL,,,NULL,NULL,NULL,NULL,NULL,NULL,,NULL
5769,1,102695,cerave moisturising cream 50ml,NULL,NULL,ขย.9,NULL,ยาใช้เฉพาะที่,,,ขวด,3337875597371,,NULL,FALSE,FALSE,NULL,,,NULL,NULL,NULL,NULL,NULL,NULL,,NULL
5770,1,102696,clonovate cream 450g,CLOBETASONE,STEROIDS,ขย.9,NULL,ยาใช้เฉพาะที่,,,กระปุก,8851881708705,100,NULL,FALSE,FALSE,NULL,,,NULL,NULL,NULL,NULL,NULL,NULL,1,NULL
5771,1,102697,lepu ปรอทวัดไข้,NULL,NULL,ขย.9,NULL,อุปกรณ์ทางการแพทย์,,,กล่อง,102697,,NULL,FALSE,FALSE,NULL,,,NULL,NULL,NULL,NULL,NULL,NULL,,NULL
5772,1,102698,เฌอเอม ยาหม่องผลสมเสลดพังพอน 22 กรัม,NULL,NULL,ขย.9,NULL,ยาใช้เฉพาะที่,,,ขวด,8855073002282,,NULL,FALSE,FALSE,NULL,,,NULL,NULL,NULL,NULL,NULL,NULL,,NULL
5773,1,102699,เฌอเอม พิมเสน ขนาด 5 ซีซี,NULL,NULL,ขย.9,NULL,ยาใช้เฉพาะที่,,,ขวด,8855073000035,,NULL,FALSE,FALSE,NULL,,,NULL,NULL,NULL,NULL,NULL,NULL,,NULL
5774,1,102700,ชวนป๋วยปี่แปกอ ขนาด 300 ซีซี,NULL,NULL,ขย.9,NULL,"ยาสมุนไพร, ยาแผนโบราณ",,,ขวด,81364361686,,NULL,FALSE,FALSE,NULL,,,NULL,NULL,NULL,NULL,NULL,NULL,,NULL
5775,1,102701,Blackmores Multivitamin Active 30 tab,NULL,VITAMINS & MINERALS,ขย.9,NULL,วิตามินและอาหารเสริม,,,ขวด,93555692,,NULL,FALSE,FALSE,NULL,,,NULL,NULL,NULL,NULL,NULL,NULL,,NULL
5776,1,102702,REGIN Cool Spray สูตรเย็น 60 ml,NULL,NULL,ขย.9,NULL,ยาใช้เฉพาะที่,,,กล่อง,8859757300091,,NULL,FALSE,FALSE,NULL,,,NULL,NULL,NULL,NULL,NULL,NULL,,NULL
5777,1,102703,OMRON ปรอทวัดไข้ดิจิตอล MC-341  1ชิ้น/ กล่อง,NULL,NULL,ขย.9,NULL,อุปกรณ์ทางการแพทย์,,,กล่อง,4975479498039,100,NULL,FALSE,FALSE,NULL,,,NULL,NULL,NULL,NULL,NULL,NULL,1,NULL
5778,1,102704,แผ่นตรวจน้ำตาล NEXT Health  50 แผ่น,NULL,NULL,ขย.9,NULL,อุปกรณ์ทางการแพทย์,,,กล่อง,8856959006240,,NULL,FALSE,FALSE,NULL,,,NULL,NULL,NULL,NULL,NULL,NULL,,NULL
5779,1,102705,ว่านชักมดลูก จอมใจ 750 ml,NULL,NULL,ขย.9,NULL,"ยาสมุนไพร, ยาแผนโบราณ",,,ขวด,8858797430010,,NULL,FALSE,FALSE,NULL,,,NULL,NULL,NULL,NULL,NULL,NULL,,NULL
5780,1,102706,SOS S 2x4 ขนาด 9x15 cm. 3 แผ่น,NULL,NULL,ขย.9,NULL,อุปกรณ์ทางการแพทย์,,,กล่อง,8857122406331,,NULL,FALSE,FALSE,NULL,,,NULL,NULL,NULL,NULL,NULL,NULL,,NULL
5781,1,102707,Fango-BD cream 15 g.,CLOTRIMAZOLE+BETAMETHASONE,ANTIFUNGALS,ขย.9,NULL,ยาระบบการติดเชื้อ,,,หลอด,8858992504332,,NULL,FALSE,FALSE,NULL,,,NULL,NULL,NULL,NULL,NULL,NULL,,NULL
5782,1,102708,INNOBIC LAB ถุงมือ ไม่มีแป้ง  Size.L 100 ชิ้น,NULL,NULL,ขย.9,NULL,อุปกรณ์ทางการแพทย์,,,กล่อง,8859758000457,100,NULL,FALSE,FALSE,NULL,,,NULL,NULL,NULL,NULL,NULL,NULL,1,NULL
5783,1,102709,INNOBIC LAB ถุงมือ ไม่มีแป้ง  Size.M100 ชิ้น,NULL,NULL,ขย.9,NULL,อุปกรณ์ทางการแพทย์,,,กล่อง,8859758000440,,NULL,FALSE,FALSE,NULL,,,NULL,NULL,NULL,NULL,NULL,NULL,,NULL
5784,1,102710,Warut-Samine 1500 Powder (Lemon) 10 Sheet,GLUCOSAMINE,NULL,ขย.9,NULL,ยาระบบกล้ามเนื้อ-ข้อต่อ,,,กล่อง,8858992502086,,NULL,FALSE,FALSE,NULL,,,NULL,NULL,NULL,NULL,NULL,NULL,,NULL
5785,1,102711,MUCOFLEX Syrup  250 mg (CMED) 60 ml,CARBOCYSTEINE,MUCOLYTIC,ขย.9,NULL,ยาน้ำสำหรับเด็ก,,,ขวด,8858793203007,,NULL,FALSE,FALSE,NULL,,,NULL,NULL,NULL,NULL,NULL,NULL,,NULL
5786,1,102712,Vit C 50 Frx 100 tab,ASCORBIC ACID,VITAMINS & MINERALS,ขย.9,NULL,วิตามินและอาหารเสริม,,,ซอง,8853428002024,,NULL,FALSE,FALSE,NULL,,,NULL,NULL,NULL,NULL,NULL,NULL,,NULL
5787,1,102713,ยาสีฟัน หมอจุฬา สูตรดั้งเดิม 100 กร้ม,NULL,NULL,ขย.9,NULL,"ยาสมุนไพร, ยาแผนโบราณ",,,หลอด,8854688000058,,NULL,FALSE,FALSE,NULL,,,NULL,NULL,NULL,NULL,NULL,NULL,,NULL
5788,1,102714,แพน เอ็นเทอราล PAN ENTERAL 400 g.,NULL,NULL,ขย.9,NULL,วิตามินและอาหารเสริม,,,กระป๋อง,8852629214069,,NULL,FALSE,FALSE,NULL,,,NULL,NULL,NULL,NULL,NULL,NULL,,NULL
5789,1,102715,เยนเซียนไวโอเลต วิทยาศรม 30 ml,NULL,ANTIBIOTICS,ขย.9,NULL,ยาใช้เฉพาะที่,,,ขวด,8850075011409,100,NULL,FALSE,FALSE,NULL,,,NULL,NULL,NULL,NULL,NULL,NULL,1,NULL
5790,1,102716,CEE 1000 - 100 tab,ASCORBIC ACID,VITAMINS & MINERALS,ขย.9,NULL,วิตามินและอาหารเสริม,,,ขวด,8856513001414,,NULL,FALSE,FALSE,NULL,,,NULL,NULL,NULL,NULL,NULL,NULL,,NULL
5791,1,102717,SEVEN SEAS Multi-Vitamin Syrup 120 ml,NULL,VITAMINS & MINERALS,ขย.9,NULL,วิตามินและอาหารเสริม,,,ขวด,4987176188052,,NULL,FALSE,FALSE,NULL,,,NULL,NULL,NULL,NULL,NULL,NULL,,NULL
5792,1,102718,Vitamin C 500 - 100 tab,ASCORBIC ACID,NULL,ขย.9,NULL,วิตามินและอาหารเสริม,,,ขวด,8856513001407,,NULL,FALSE,FALSE,NULL,,,NULL,NULL,NULL,NULL,NULL,NULL,,NULL
5793,1,102719,Vistra MTV& Minerals 30 tab,NULL,VITAMINS & MINERALS,ขย.9,NULL,วิตามินและอาหารเสริม,,,ขวด,8851515603864,,NULL,FALSE,FALSE,NULL,,,NULL,NULL,NULL,NULL,NULL,NULL,,NULL
5794,1,102720,SCAR Silicone Provamed 10 g.,NULL,NULL,ขย.9,NULL,ยาใช้เฉพาะที่,,,หลอด,8851515606834,,NULL,FALSE,FALSE,NULL,,,NULL,NULL,NULL,NULL,NULL,NULL,,NULL
5795,1,102721,Capsika 25 gel 0.025% - 35 g.,CAPSAICIN,ANTI-INFLAMMATORY ENZYMES,ขย.9,NULL,ยาใช้เฉพาะที่,,,หลอด,8853348005228,,NULL,FALSE,FALSE,NULL,,,NULL,NULL,NULL,NULL,NULL,NULL,,NULL
5796,1,102722,Pharmica Diclofenac Gel 50 g.,DICLOFENAC,ANTI-INFLAMMATORY ENZYMES,ขย.9,NULL,ยาใช้เฉพาะที่,,,หลอด,8851515607329,,NULL,FALSE,FALSE,NULL,,,NULL,NULL,NULL,NULL,NULL,NULL,,NULL
5797,1,102723,Pharmica Piroxicam Gel 25 g.,PIROXICAM,NULL,ขย.9,NULL,ยาใช้เฉพาะที่,,,หลอด,8851515607015,,NULL,FALSE,FALSE,NULL,,,NULL,NULL,NULL,NULL,NULL,NULL,,NULL
5798,1,102724,ยาอมสมุนไพร ตรามังกรทอง รสมะแว้ง 100 เม็ด,NULL,NULL,ขย.9,NULL,"ยาสมุนไพร, ยาแผนโบราณ",,,กระปุก,8852913110114,,NULL,FALSE,FALSE,NULL,,,NULL,NULL,NULL,NULL,NULL,NULL,,NULL
5799,1,102725,Brommy Syrup (BLHUA) 60 ml,BROMHEXINE,COUGH & COLD REMEDIES,ขย.9,NULL,ยาระบบทางเดินหายใจ,,,ขวด,8852914200500,,NULL,FALSE,FALSE,NULL,,,NULL,NULL,NULL,NULL,NULL,NULL,,NULL
5800,1,102726,Nexcare เทปใส 1/2 นิ้ว x 5 หลา  1 ชิ้น,NULL,NULL,ขย.9,NULL,อุปกรณ์ทางการแพทย์,,,ม้วน,8850304002604,,NULL,FALSE,FALSE,NULL,,,NULL,NULL,NULL,NULL,NULL,NULL,,NULL
5801,1,102727,ONETOUCH ถุงยาง ขนาด 56 mm. 3 ชิ้น,NULL,NULL,ขย.9,NULL,ถุงยางอนามัย,,,กล่อง,8852961009866,,NULL,FALSE,FALSE,NULL,,,NULL,NULL,NULL,NULL,NULL,NULL,,NULL
5802,1,102728,LTM หมวกคุมผม สีขาว Next Health 19 นิ้ว 100 ชิ้น,NULL,NULL,ขย.9,NULL,อุปกรณ์ทางการแพทย์,,,ห่อ,8856959006004,,NULL,FALSE,FALSE,NULL,,,NULL,NULL,NULL,NULL,NULL,NULL,,NULL
5803,1,102729,เพชรสังฆาต อ้วยอัน Herbal One 100 Cap,NULL,NULL,ขย.9,NULL,"ยาสมุนไพร, ยาแผนโบราณ",,,กระปุก,8853353200212,,NULL,FALSE,FALSE,NULL,,,NULL,NULL,NULL,NULL,NULL,NULL,,NULL
5804,1,102730,DESLORA 5 mg Meddic Pharma1x10 tab,DESLORATADINE,ANTIHISTAMINES & ANTIALLERGICS,ขย.9,NULL,ยาหู ตา คอ จมูก,,,กล่อง,8855451004051,100,NULL,FALSE,FALSE,NULL,,,NULL,NULL,NULL,NULL,NULL,NULL,1,NULL
5805,1,102731,Tenosalic ointment 5 g.,BETAMETHASONE + SALICYLIC ACID,STEROIDS,ขย.9,NULL,ยาใช้เฉพาะที่,,,หลอด,8856513013448,,NULL,FALSE,FALSE,NULL,,,NULL,NULL,NULL,NULL,NULL,NULL,,NULL
5806,1,102732,NINE Herb ยาสิฟันสมุนไพร 30 g.,NULL,NULL,ขย.9,NULL,"ยาสมุนไพร, ยาแผนโบราณ",,,หลอด,8857123312150,,NULL,FALSE,FALSE,NULL,,,NULL,NULL,NULL,NULL,NULL,NULL,,NULL
5807,1,102733,VISTRA VITAL- PRO Daily Complete Probiotics 30's,NULL,VITAMINS & MINERALS,ขย.9,NULL,วิตามินและอาหารเสริม,,,ขวด,8851515607824,100,NULL,FALSE,FALSE,NULL,,,NULL,NULL,NULL,NULL,NULL,NULL,1,NULL
5808,1,102734,Royal D เกลือแร่ รสส้ม 25 g.  10 ซอง/กล่อง,NULL,NULL,ขย.9,NULL,วิตามินและอาหารเสริม,,,กล่อง,8852612000655,,NULL,FALSE,FALSE,NULL,,,NULL,NULL,NULL,NULL,NULL,NULL,,NULL
5809,1,102735,Royal D เกลือแร่ รสสตรอเบอร์รี่  25 g. 10 ซอง/กล่อง,NULL,NULL,ขย.9,NULL,วิตามินและอาหารเสริม,,,กล่อง,8852612007012,,NULL,FALSE,FALSE,NULL,,,NULL,NULL,NULL,NULL,NULL,NULL,,NULL
5810,1,102736,Rhonoplastic แบบใส  5 ชิ้น/แผง,NULL,NULL,ขย.9,NULL,อุปกรณ์ทางการแพทย์,,,แผง,8858758202403,,NULL,FALSE,FALSE,NULL,,,NULL,NULL,NULL,NULL,NULL,NULL,,NULL
5811,1,102737,Tensoplastic แบบพลาสติค สีเนื่อ 5 ชิ้น/แผง,NULL,NULL,ขย.9,NULL,อุปกรณ์ทางการแพทย์,,,แผง,102737,,NULL,FALSE,FALSE,NULL,,,NULL,NULL,NULL,NULL,NULL,NULL,,NULL
5812,1,102738,Paracap 500 mg 50x10 tab,PARACETAMOL,NULL,ขย.9,NULL,แก้ปวด ลดอักเสบ,,,กล่อง,8850921000953,,NULL,FALSE,FALSE,NULL,,,NULL,NULL,NULL,NULL,NULL,NULL,,NULL
5813,1,102739,Uralyt-U แบบผง280g.,NULL,NULL,ขย.9,NULL,ยาในโรคเรื้อรัง (Drug for,,,กระปุก,8858972282571,,NULL,FALSE,FALSE,NULL,,,NULL,NULL,NULL,NULL,NULL,NULL,,NULL
5814,1,102740,Biotril-S 1500 mg. รสส้ม 30 ซอง,GLUCOSAMINE,NULL,ขย.9,NULL,ยาระบบกล้ามเนื้อ-ข้อต่อ,,,กล่อง,8852662400061,,NULL,FALSE,FALSE,NULL,,,NULL,NULL,NULL,NULL,NULL,NULL,,NULL
5815,1,102741,Biotril-S 1500 mg. รสส้ม 10 ซอง,GLUCOSAMINE,NULL,ขย.9,NULL,ยาระบบกล้ามเนื้อ-ข้อต่อ,,,กล่อง,8852662400078,,NULL,FALSE,FALSE,NULL,,,NULL,NULL,NULL,NULL,NULL,NULL,,NULL
5816,1,102742,Kiddy cotton Buds เล็ก 100 ก้าน,NULL,NULL,ขย.9,NULL,เบ็ดเตล็ด,,,ซอง,8850185002588,,NULL,FALSE,FALSE,NULL,,,NULL,NULL,NULL,NULL,NULL,NULL,,NULL
5817,1,102743,CEE 1000 mg.  30 เม็ด,ASCORBIC ACID,VITAMINS & MINERALS,ขย.9,NULL,วิตามินและอาหารเสริม,,,กล่อง,8856513004033,,NULL,FALSE,FALSE,NULL,,,NULL,NULL,NULL,NULL,NULL,NULL,,NULL
5818,1,102744,Floss UPS ไหมขัดฟัน-ไม้จิ้มฟัน 50 ชิ้น,NULL,NULL,ขย.9,NULL,เบ็ดเตล็ด,,,กล่อง,8854706001999,100,NULL,FALSE,FALSE,NULL,,,NULL,NULL,NULL,NULL,NULL,NULL,1,NULL
5819,1,102745,Longmed Cold Hot Pad 12x10.5cm.  Size. S ,NULL,NULL,ขย.9,NULL,อุปกรณ์ทางการแพทย์,,,กล่อง,8859095901950,,NULL,FALSE,FALSE,NULL,,,NULL,NULL,NULL,NULL,NULL,NULL,,NULL
5820,1,102746,Longmed Cold Hot Pad 25x10 cm.  Size. Big,NULL,NULL,ขย.9,NULL,อุปกรณ์ทางการแพทย์,,,กล่อง,8859095901967,,NULL,FALSE,FALSE,NULL,,,NULL,NULL,NULL,NULL,NULL,NULL,,NULL
5821,1,102747,Melamii Anti Melasma & Spot Corrector 15 g.,NULL,NULL,ขย.9,NULL,เครื่องสำอางและผลิตภัณฑ์ค,,,ขวด,8859503800646,,NULL,FALSE,FALSE,NULL,,,0,0,0,0,0,0,,/uploads/102747_1.jpg
5822,1,102748,ONETOUCH  แฮปปี้ ถุงยางอนามัย 52 mm. 3 ชิ้น,NULL,NULL,ขย.9,NULL,ถุงยางอนามัย,,,กล่อง,8852961003352,,NULL,FALSE,FALSE,NULL,,,NULL,NULL,NULL,NULL,NULL,NULL,,NULL
5823,1,102749,ONETOUCH  แม็กซ์ดอท ถุงยางอนามัย 52 mm. 3 ชิ้น,NULL,NULL,ขย.9,NULL,ถุงยางอนามัย,,,กล่อง,8852961003581,,NULL,FALSE,FALSE,NULL,,,NULL,NULL,NULL,NULL,NULL,NULL,,NULL
5824,1,102750,ONETOUCH  มิกซ์3 ยาอนามัย 52 mm. 3 ชิ้น,NULL,NULL,ขย.9,NULL,ถุงยางอนามัย,,,กล่อง,8852961001266,,NULL,FALSE,FALSE,NULL,,,NULL,NULL,NULL,NULL,NULL,NULL,,NULL
5825,1,102751,ONETOUCH สตรอเบอรี่ถุงยางอนามัย 52 mm. 4 ชิ้น,NULL,NULL,ขย.9,NULL,ถุงยางอนามัย,,,กล่อง,8852961001242,,NULL,FALSE,FALSE,NULL,,,NULL,NULL,NULL,NULL,NULL,NULL,,NULL
5826,1,102752,ผ้ายางปูเตียงกันเปื้อน HOSPRO ขนาด 150x90 cm.,NULL,NULL,ขย.9,NULL,อุปกรณ์ทางการแพทย์,,,ชิ้น,8859318002563,,NULL,FALSE,FALSE,NULL,,,NULL,NULL,NULL,NULL,NULL,NULL,,NULL
5827,1,102753,ASPREX 81MG,NULL,ASPIRIN,ขย.10,ขย.10,ยาในโรคเรื้อรัง (Drug for,,,NULL,0,,NULL,FALSE,FALSE,NULL,,,NULL,NULL,NULL,NULL,NULL,NULL,,NULL
5828,1,102754,Losartan 50 mg. GPO  10 tab,LOSATAN K,ANTIHYPERTENSIVES,ขย.9,NULL,ยาในโรคเรื้อรัง (Drug for,,,แผง,8850678245720,,NULL,FALSE,FALSE,NULL,,,NULL,NULL,NULL,NULL,NULL,NULL,,NULL
5829,1,102755,Smecta Go 10 ml,DIOSMINE+HESPERIDINE,ANTIDIARRHOEALS,ขย.9,NULL,ยาทางเดินอาหาร,,,ซอง,3665585004491,100,NULL,FALSE,FALSE,NULL,,,0,0,0,0,0,0,,/uploads/102755_1.jpg
5830,1,102756,biopham Calcium gummy 60 g,NULL,NULL,ขย.9,NULL,วิตามินและอาหารเสริม,,,ซอง,8853141825160,,NULL,FALSE,FALSE,NULL,,,0,0,0,0,0,0,,/uploads/102756_1.jpg
5831,1,102757,20% ไดอะบีเดิร์ม ครีม 100 กรัม,NULL,NULL,ขย.9,NULL,NULL,,,NULL,8853348009615,,NULL,FALSE,FALSE,NULL,,,NULL,NULL,NULL,NULL,NULL,NULL,,NULL
5832,1,102758,GAUZE pad 2*2*8 รถพยาบาล,NULL,NULL,-,-,อุปกรณ์ทางการแพทย์,,,NULL,8850185001468,,NULL,FALSE,FALSE,NULL,,,NULL,NULL,NULL,NULL,NULL,NULL,,NULL
5833,1,102759,Tylenol 500 mg 20x10 tab,NULL,NULL,ขย.9,NULL,NULL,,,กล่อง,8850007850519,,NULL,FALSE,FALSE,NULL,,,NULL,NULL,NULL,NULL,NULL,NULL,,NULL
5834,1,102760,Metzenbaum-Nelson กรรไกรตัดใหม 1 ชิ้น,NULL,NULL,ขย.9,NULL,อุปกรณ์ทางการแพทย์,,,ชิ้น,0,,NULL,FALSE,FALSE,NULL,,,NULL,NULL,NULL,NULL,NULL,NULL,,NULL
5835,1,102761,จับเลี้ยง ตราปลาเบ็ด แก้ร้อนใน แบบชง 10 กรัม,NULL,NULL,ขย.9,NULL,"ยาสมุนไพร, ยาแผนโบราณ",,,ซอง,8857121622114,,NULL,FALSE,FALSE,NULL,,,NULL,NULL,NULL,NULL,NULL,NULL,,NULL
5836,1,102762,tubigrip Elbow พยุงข้อศอก Size.M 1 ชิ้น,NULL,NULL,ขย.9,NULL,อุปกรณ์ทางการแพทย์,,,NULL,8852027353186,,NULL,FALSE,FALSE,NULL,,,NULL,NULL,NULL,NULL,NULL,NULL,,NULL
5837,1,102763,tubigrip Elbow พยุงข้อศอก Size.L 1 ชิ้น,NULL,NULL,ขย.9,NULL,อุปกรณ์ทางการแพทย์,,,กล่อง,8852027353193,,NULL,FALSE,FALSE,NULL,,,NULL,NULL,NULL,NULL,NULL,NULL,,NULL
5838,1,102764,KA Lip Care สตรอเบอร์รี่ 3.5 กรัม,NULL,NULL,ขย.9,NULL,เบ็ดเตล็ด,,,ชิ้น,8850822070147,,NULL,FALSE,FALSE,NULL,,,NULL,NULL,NULL,NULL,NULL,NULL,,NULL
5839,1,102765,Fish Oil Mini Blackmores 30 capsules,NULL,VITAMINS & MINERALS,ขย.9,NULL,วิตามินและอาหารเสริม,,,ขวด,93562652,,NULL,FALSE,FALSE,NULL,,,NULL,NULL,NULL,NULL,NULL,NULL,,NULL
5840,1,102766,ONE GRED Cool Mint 10 ml,NULL,NULL,ขย.9,NULL,ยาทางเดินอาหาร,,,ซอง,8852673000830,,NULL,FALSE,FALSE,NULL,,,NULL,NULL,NULL,NULL,NULL,NULL,,NULL
5841,1,102767,"NSS Sodium Chloride Irrigetin ไทยนคร 1,000 ml",SODIUM CHLORIDE,NULL,ขย.9,NULL,ยาน้ำสำหรับเด็ก,,,ขวด,8851473004147,,NULL,FALSE,FALSE,NULL,,,NULL,NULL,NULL,NULL,NULL,NULL,,NULL
5842,1,102768,บ๊วยห้ารส ตราอีแอล 65g,NULL,NULL,ขย.9,NULL,NULL,,,NULL,8851949010528,,NULL,FALSE,FALSE,NULL,,,NULL,NULL,NULL,NULL,NULL,NULL,,NULL
5843,1,102769,ยาเม็ดเพชรสังฆาต ตราดอกว่าน 100 เม็ด,NULL,NULL,ขย.9,NULL,"ยาสมุนไพร, ยาแผนโบราณ",,,กระปุก,8850138012442,,NULL,FALSE,FALSE,NULL,,,NULL,NULL,NULL,NULL,NULL,NULL,,NULL
5844,1,102770,เพชรสังฆาต ตราอภัยภูเบศร 10 เม็ด,NULL,NULL,ขย.9,NULL,"ยาสมุนไพร, ยาแผนโบราณ",,,กล่อง,8855539010035,,NULL,FALSE,FALSE,NULL,,,NULL,NULL,NULL,NULL,NULL,NULL,,NULL
5845,1,102771,Nizoral Original 6 ml,NULL,NULL,ขย.9,NULL,ยาใช้เฉพาะที่,,,ซอง,5036631005157,,NULL,FALSE,FALSE,NULL,,,NULL,NULL,NULL,NULL,NULL,NULL,,NULL
5846,1,102772,ยาดมตรามังกรทอง (อ้วยอัน) น้ำเงิน,NULL,NULL,ขย.9,ขย.9,NULL,,,NULL,8852913500083,,NULL,FALSE,FALSE,NULL,,,NULL,NULL,NULL,NULL,NULL,NULL,,NULL
5847,1,102773,Sterile Eyes Pads 1 ชิ้น,NULL,NULL,ขย.9,NULL,อุปกรณ์ทางการแพทย์,,,ซอง,102773,,NULL,FALSE,FALSE,NULL,,,NULL,NULL,NULL,NULL,NULL,NULL,,NULL
5848,1,102774,Mepilex แผ่นโฟมแปะแผล10*10/ 4*4 in,NULL,NULL,ขย.9,ขย.9,อุปกรณ์ทางการแพทย์,,,ซอง,7323190277162,,NULL,FALSE,FALSE,NULL,,,NULL,NULL,NULL,NULL,NULL,NULL,,NULL
5849,1,102775,Tensopalast พลาสเตอร์แบบผ้า 100 แผ่น,NULL,NULL,ขย.9,NULL,เบ็ดเตล็ด,,,กล่อง,8850672210014,,NULL,FALSE,FALSE,NULL,,,NULL,NULL,NULL,NULL,NULL,NULL,,NULL
5850,1,102776,Probufen 400 mg 10 tab,IBUPROFEN,NSAIDs,ขย.9,NULL,แก้ปวด ลดอักเสบ,,,แผง,8859441342277,,NULL,FALSE,FALSE,NULL,,,NULL,NULL,NULL,NULL,NULL,NULL,,NULL
5851,1,102777,Vistra Odoress Fish Oil 1000 mg 45 cap,NULL,VITAMINS & MINERALS,ขย.9,NULL,วิตามินและอาหารเสริม,,,ขวด,8851515606537,,NULL,FALSE,FALSE,NULL,,,NULL,NULL,NULL,NULL,NULL,NULL,,NULL
5852,1,102778,Vistra Salmon Fish Oil 1000 mg 45 cap,NULL,VITAMINS & MINERALS,ขย.9,NULL,วิตามินและอาหารเสริม,,,ขวด,8851515602935,,NULL,FALSE,FALSE,NULL,,,NULL,NULL,NULL,NULL,NULL,NULL,,NULL
5853,1,102779,Certainty ผ้าอ้อม เทปข้าง size XL-XXL 19 ชิ้น,NULL,NULL,ขย.9,NULL,ผ้าอ้อม,,,bag,8850709300183,,NULL,FALSE,FALSE,NULL,,,NULL,NULL,NULL,NULL,NULL,NULL,,NULL
5854,1,102780,tubugrip พยุงข้อศอก szie. S,NULL,NULL,ขย.9,NULL,อุปกรณ์ทางการแพทย์,,,กล่อง,8852027353179,,NULL,FALSE,FALSE,NULL,,,NULL,NULL,NULL,NULL,NULL,NULL,,NULL
5855,1,102781,Tigerplast กันรองเท้ากัด 9 ชิ้น,NULL,NULL,ขย.9,NULL,เบ็ดเตล็ด,,,กล่อง,8850672231026,,NULL,FALSE,FALSE,NULL,,,NULL,NULL,NULL,NULL,NULL,NULL,,NULL
5856,1,102782,Ammeltz Heat Patch แปะปวดประจำเดือน นาน 11 ชม. 1 ชิ้น,NULL,NULL,ขย.9,NULL,เบ็ดเตล็ด,,,ซอง,4987072061084,,NULL,FALSE,FALSE,NULL,,,NULL,NULL,NULL,NULL,NULL,NULL,,NULL
5857,1,102783,Ammeltz Heat Patch แปะปวดคอและไหล่ นาน 8 ชม. 1 ชิ้น,NULL,NULL,ขย.9,NULL,เบ็ดเตล็ด,,,ซอง,4987072061077,,NULL,FALSE,FALSE,NULL,,,NULL,NULL,NULL,NULL,NULL,NULL,,NULL
5858,1,102784,ยาน้ำมันกวางลุ้ง 15 ml,NULL,NULL,ขย.9,NULL,"ยาสมุนไพร, ยาแผนโบราณ",,,ขวด,8851990211028,,NULL,FALSE,FALSE,NULL,,,NULL,NULL,NULL,NULL,NULL,NULL,,NULL
5859,1,102785,ยาน้ำมันกวางลุ้ง 28 ml,NULL,NULL,ขย.9,NULL,"ยาสมุนไพร, ยาแผนโบราณ",,,ขวด,8851990211035,,NULL,FALSE,FALSE,NULL,,,NULL,NULL,NULL,NULL,NULL,NULL,,NULL
5860,1,102786,LPSALINE Nss 0.9 % Nacl 200 ml ตราเสือดาว,SODIUM CHLORIDE,NULL,ขย.9,NULL,อุปกรณ์ทางการแพทย์,,,ขวด,8853042001700,,NULL,FALSE,FALSE,NULL,,,NULL,NULL,NULL,NULL,3,1,1,NULL
5861,1,102787,สำลีก้อนชุบแอลกอฮอล์ 70% ตรารถพยาบาล 8ก้อน,NULL,NULL,ขย.9,NULL,อุปกรณ์ทางการแพทย์,,,แผง,8850185001970,,NULL,FALSE,FALSE,NULL,,,NULL,NULL,NULL,NULL,NULL,NULL,1,NULL
5862,1,102788,NSS 0.9% Nacl  GHP 500 ml,NULL,NULL,ขย.9,NULL,อุปกรณ์ทางการแพทย์,,,ขวด,8853644004369,,NULL,FALSE,FALSE,NULL,,,NULL,NULL,NULL,NULL,NULL,NULL,1,NULL
5863,1,102789,ยาหม่องตราถ้วยทอง ขนาด 12 กรัม,NULL,NULL,ขย.9,NULL,"ยาสมุนไพร, ยาแผนโบราณ",,,กระปุก,8852197110046,,NULL,FALSE,FALSE,NULL,,,NULL,NULL,NULL,NULL,NULL,NULL,,NULL
5864,1,102790,น้ำมันมวย freeze spay 50 ml,NULL,NULL,ขย.9,NULL,ยาใช้เฉพาะที่,,,ขวด,8858467000130,100,NULL,FALSE,FALSE,NULL,,,NULL,NULL,NULL,NULL,2,1,1,NULL
5865,1,102791,Nexcare Acne แผ่นซับสิว รุ่นใส ขอบบาง 12 ชิ้น,NULL,NULL,NULL,NULL,เครื่องสำอางและผลิตภัณฑ์ค,,,กล่อง,8806080068648,100,NULL,FALSE,FALSE,NULL,,,NULL,NULL,NULL,NULL,2,1,1,NULL
5866,1,102792,สติ๊กเกอร์ เมอร์ซี่ หัวหอมแดง 2 ชิ้น/ซอง,NULL,NULL,ขย.9,NULL,ยาน้ำสำหรับเด็ก,,,ซอง,8851736882291,,NULL,FALSE,FALSE,NULL,,,NULL,NULL,NULL,NULL,NULL,NULL,,NULL
5867,1,102793,Bactex  Ointment 15 gm,MUPIROCIN,NULL,ขย.9,NULL,ยาใช้เฉพาะที่,,,กล่อง,8858670600035,100,NULL,FALSE,TRUE,NULL,,,NULL,NULL,NULL,NULL,NULL,NULL,1,NULL
5868,1,102794,GoGaz  10' ,SIMETHICONE,NULL,ขย.9,NULL,ยาทางเดินอาหาร,,,กล่อง,8850769021080,100,NULL,FALSE,FALSE,NULL,,,NULL,NULL,NULL,NULL,NULL,NULL,1,NULL
5869,1,102795,ผ้าพยุงน่อง /Tubigrip Feel free  ไซล์ M,NULL,NULL,ขย.9,NULL,อุปกรณ์ทางการแพทย์,,,กล่อง,8852027353124,100,NULL,FALSE,FALSE,NULL,,,NULL,NULL,NULL,NULL,NULL,NULL,1,NULL
5870,1,102796,Alben 200 mg/5ml,ALBENDAZOLE,NULL,ขย.9,NULL,ยาทางเดินอาหาร,,,ขวด,8852662200265,100,NULL,FALSE,FALSE,NULL,,,NULL,NULL,NULL,NULL,2,1,1,NULL
5871,1,102797,Mucolid Juniro 15 mg/60ml,AMBROXOL,NULL,ขย.9,NULL,ยาน้ำสำหรับเด็ก,,,ขวด,8852294506605,100,NULL,FALSE,FALSE,NULL,,,NULL,NULL,NULL,NULL,2,1,1,NULL
5872,1,102798,Diprosalic Ointment 5 g,BETAMETHASONE + SALICYLIC ACID,STEROIDS,ขย.9,NULL,ยาใช้เฉพาะที่,,,หลอด,840164515879,,NULL,FALSE,FALSE,NULL,,,NULL,NULL,NULL,NULL,NULL,NULL,,NULL
5873,1,102799,Albumen -SHP 30 Tab ,NULL,VITAMINS & MINERALS,ขย.9,NULL,วิตามินและอาหารเสริม,,,กระปุก,8858862599369,,NULL,FALSE,FALSE,NULL,,,NULL,NULL,NULL,NULL,NULL,NULL,,NULL
5874,1,102800,BIOFresh mouth spray ไม่มีน้ำตาล 15 ml,NULL,NULL,ขย.9,NULL,ยาใช้เฉพาะที่,,,ขวด,8852086909607,100,NULL,FALSE,FALSE,NULL,,,NULL,NULL,NULL,NULL,NULL,NULL,1,NULL
5875,1,102801,Blistex Sensitive Lip ฟ้า-เหลือง 4.25 g,NULL,NULL,ขย.9,NULL,ยาใช้เฉพาะที่,,,หลอด,41388003092,,NULL,FALSE,FALSE,NULL,,,NULL,NULL,NULL,NULL,NULL,NULL,,NULL
5876,1,102802,Fiber Mate Jellyd Strip 15 g.,NULL,VITAMINS & MINERALS,ขย.9,NULL,วิตามินและอาหารเสริม,,,ซอง,8856513013929,,NULL,FALSE,FALSE,NULL,,,NULL,NULL,NULL,NULL,NULL,NULL,,NULL
5877,1,102803,Himalaya  Lip Balm 10 g.,NULL,NULL,ขย.9,NULL,เครื่องสำอางและสินค้าอุปโภคบริโภค,,,หลอด,8901138509231,,NULL,FALSE,FALSE,NULL,,,NULL,NULL,NULL,NULL,NULL,NULL,,NULL
5878,1,102804,นมอัดเม็ด รสสตอรเบอร์รี่ ตราไวท์ฟาร์ม 11.2 กรัม 10 ซอง/กล่อง,NULL,NULL,ขย.9,NULL,วิตามินและอาหารเสริม,,,กล่อง,8854424014974,,NULL,FALSE,FALSE,NULL,,,NULL,NULL,NULL,NULL,NULL,NULL,,NULL
5879,1,102805,นมอัดเม็ด ช็อกโกแลต ตราไวท์ฟาร์ม 11.2 กรัม 10 ซอง/กล่อง,NULL,NULL,ขย.9,NULL,วิตามินและอาหารเสริม,,,กล่อง,8854424014400,,NULL,FALSE,FALSE,NULL,,,NULL,NULL,NULL,NULL,NULL,NULL,,NULL
5880,1,102806,ยาดมสมุนไพรตราหว้อฝอ 8 g,NULL,NULL,ขย.9,NULL,ยาดม,,,ขวด,8859205422191,100,NULL,FALSE,FALSE,NULL,,,NULL,NULL,NULL,NULL,6,3,1,NULL
5881,1,102807,Scagel Cybele 9 g เจลดูแล รอยแผลเป็น,NULL,NULL,ขย.9,NULL,ยาใช้เฉพาะที่,,,กล่อง,8858663805508,,NULL,FALSE,FALSE,NULL,,,NULL,NULL,NULL,NULL,2,1,1,NULL
5882,1,102808,สติ๊กเกอร์หัวหอม Happy Noz Kids Original 1/PC,NULL,NULL,ขย.9,NULL,ผลิตภัณท์เด็ก,,,ซอง,8859520900336,100,NULL,FALSE,FALSE,NULL,,,NULL,NULL,NULL,NULL,6,1,1,NULL
5883,1,102809,Gluco One เครื่องตรวจน้ำตาล BG-03 Tynor,NULL,NULL,ขย.9,NULL,อุปกรณ์ทางการแพทย์,,,กล่อง,8904124004482,100,NULL,FALSE,FALSE,NULL,,,NULL,NULL,NULL,NULL,NULL,NULL,1,NULL
5884,1,102812,มามี่โพโค แฮปปี้แพ้นท์ XXL 3  ชิ้น,NULL,NULL,ขย.9,NULL,ผ้าอ้อม,,,ห่อ,8851111421060,100,NULL,FALSE,FALSE,NULL,,,NULL,NULL,NULL,NULL,NULL,NULL,1,NULL
5885,1,102813,Waterproof Sweat Resistance B1  7.2 g,NULL,NULL,ขย.9,NULL,เครื่องสำอางและสินค้าอุปโภคบริโภค,,,กล่อง,8858994417944,,NULL,FALSE,FALSE,NULL,,,NULL,NULL,NULL,NULL,NULL,NULL,,NULL
5886,1,102814,BroWit by Nongchat 2 in 1 ทาเปลือกตา เขียนขอบตา สีน้ำตาล,NULL,NULL,ขย.9,NULL,เครื่องสำอางและสินค้าอุปโภคบริโภค,,,กล่อง,8858842070826,,NULL,FALSE,FALSE,NULL,,,NULL,NULL,NULL,NULL,NULL,NULL,,NULL
5887,1,102815,BroWit by Nongchat 2 in 1 ทาเปลือกตา เขียนขอบตา สีชมพูทอง,NULL,NULL,ขย.9,NULL,เครื่องสำอางและผลิตภัณฑ์ค,,,กล่อง,8858842070819,,NULL,FALSE,FALSE,NULL,,,NULL,NULL,NULL,NULL,NULL,NULL,,NULL
5888,1,102816,X-Cute Me บลัช แมทท์ 5 กรัม M06 คอรัล,NULL,NULL,ขย.9,NULL,เครื่องสำอางและผลิตภัณฑ์ค,,,ตลับ,8859175252057,,NULL,FALSE,FALSE,NULL,,,NULL,NULL,NULL,NULL,NULL,NULL,,NULL
5889,1,102817,X-Cute Me บลัช แมทท์ 5 กรัม M09 คอรัล,NULL,NULL,ขย.9,NULL,เครื่องสำอางและผลิตภัณฑ์ค,,,ตลับ,8859175252071,,NULL,FALSE,FALSE,NULL,,,NULL,NULL,NULL,NULL,NULL,NULL,,NULL
5890,1,102818,FRIDA ที่กดสิวสแตนเลสปลายแหลม,NULL,NULL,ขย.9,NULL,เบ็ดเตล็ด,,,ชิ้น,8858072010999,,NULL,FALSE,FALSE,NULL,,,NULL,NULL,NULL,NULL,NULL,NULL,,NULL
5891,1,102819,ไม้แคะหู เหล็ก 1 ชิ้น,NULL,NULL,ขย.9,NULL,เบ็ดเตล็ด,,,ชิ้น,6924271680287,,NULL,FALSE,FALSE,NULL,,,NULL,NULL,NULL,NULL,NULL,NULL,,NULL
5892,1,102820,ฟองน้ำขัดผิว ขัดตัวคละสี 1 ชิ้น,NULL,NULL,ขย.9,NULL,เบ็ดเตล็ด,,,ชิ้น,102820,,NULL,FALSE,FALSE,NULL,,,NULL,NULL,NULL,NULL,NULL,NULL,,NULL
5893,1,102821,Hair Scissors 7'' N0. 662 กันไกตัดผม 1 ชิ้น,NULL,NULL,ขย.9,NULL,เบ็ดเตล็ด,,,ชิ้น,4900,,NULL,FALSE,FALSE,NULL,,,NULL,NULL,NULL,NULL,NULL,NULL,,NULL
5894,1,102822,odbo Perfec puff ชมพู 1 ชิ้น,NULL,NULL,ขย.9,NULL,เบ็ดเตล็ด,,,ซอง,8858910612354,,NULL,FALSE,FALSE,NULL,,,NULL,NULL,NULL,NULL,NULL,NULL,,NULL
5895,1,102823,X Cute Me บรัช ชิมเมอร์ No. S11  ,NULL,NULL,ขย.9,NULL,เครื่องสำอางและสินค้าอุปโภคบริโภค,,,ตลับ,8859175252095,,NULL,FALSE,FALSE,NULL,,,NULL,NULL,NULL,NULL,NULL,NULL,,NULL
5896,1,102824,Scagel Cybele 4 g,NULL,NULL,ขย.9,NULL,NULL,,,กล่อง,8858663807151,100,NULL,FALSE,FALSE,NULL,,,NULL,NULL,NULL,NULL,NULL,NULL,1,NULL
5897,1,102825,แผ่นตรวจน้ำตาล Gluco one รุ่น BG-03  25แผ่น,NULL,NULL,ขย.9,NULL,อุปกรณ์ทางการแพทย์,,,ขวด,8904124004581,100,NULL,FALSE,FALSE,NULL,,,NULL,NULL,NULL,NULL,NULL,NULL,1,NULL
5898,1,102826,Basina Orange flavour,NULL,NULL,ขย.9,NULL,ยาอม,,,แผง,8856513014001,100,NULL,FALSE,FALSE,NULL,,,NULL,NULL,NULL,NULL,NULL,NULL,1,NULL
5899,1,102827,GK24 (ตรา เกร็กคู) 4',NULL,NULL,ขย.9,NULL,"ยาสมุนไพร, ยาแผนโบราณ",,,กล่อง,8859022624020,100,NULL,FALSE,FALSE,NULL,,,NULL,NULL,NULL,NULL,NULL,NULL,1,NULL
5900,1,102828,GICA A/B+C+RSV 1 Set,NULL,NULL,ขย.9,NULL,อุปกรณ์ทางการแพทย์,,,กล่อง,8857127974071,100,NULL,FALSE,FALSE,NULL,,,NULL,NULL,NULL,NULL,NULL,NULL,1,NULL
5901,1,102829,LiquiPlast 10 g พลาสเตอร์ปิดแผลชนิดน้ำ,NULL,NULL,ขย.9,NULL,ยาใช้เฉพาะที่,,,NULL,4987072059074,100,NULL,FALSE,FALSE,NULL,,,NULL,NULL,NULL,NULL,NULL,NULL,1,NULL
5902,1,102830,Eltroxin 100 mcg   (100'),LEVOTHYROXINE SODIUM,THYROID PREPARATIONS,ขย.9,ขย.9,ยาในโรคเรื้อรัง (Drug for,,,ขวด,6091403211579,100,NULL,FALSE,FALSE,NULL,,,NULL,NULL,NULL,NULL,NULL,NULL,1,NULL
5903,1,102831,Neo-Penotran Forte  7',NULL,NULL,ขย.9,NULL,ยาใช้เฉพาะที่,,,กล่อง,8858741500363,100,NULL,FALSE,FALSE,NULL,,,NULL,NULL,NULL,NULL,NULL,NULL,1,NULL
5904,1,102832,Arcoxia 90 mg  5',ETORICOXIB,NULL,ขย.9,NULL,ยาระบบกล้ามเนื้อ-ข้อต่อ,,,กล่อง,840164526349,100,NULL,FALSE,FALSE,NULL,,,NULL,NULL,NULL,NULL,NULL,NULL,1,NULL
5905,1,102833,Fiber mate daily  60g,NULL,NULL,ขย.9,NULL,ยาทางเดินอาหาร,,,ขวด,8856513006020,,NULL,FALSE,TRUE,NULL,,,NULL,NULL,NULL,NULL,NULL,NULL,,NULL
5906,1,102834,Ferrotone 10' (Iron/Folic Acid/ Vit B12/ Formula),NULL,NULL,ขย.9,NULL,วิตามินและอาหารเสริม,,,กล่อง,8850769022179,100,NULL,FALSE,FALSE,NULL,,,NULL,NULL,NULL,NULL,NULL,NULL,1,NULL
5907,1,102835,ลอรีเอะ Ultra Slim 0.1Cm  (22.5CM) 10ชิ้น,NULL,NULL,ขย.9,NULL,เบ็ดเตล็ด,,,ห่อ,8851818631403,100,NULL,FALSE,FALSE,NULL,,,NULL,NULL,NULL,NULL,NULL,NULL,1,NULL
5908,1,102836,ลอรีเอะซอฟแอนด์เซฟ สลิม 25CM,NULL,NULL,ขย.9,NULL,เบ็ดเตล็ด,,,ห่อ,8851818593329,100,NULL,FALSE,FALSE,NULL,,,NULL,NULL,NULL,NULL,NULL,NULL,1,NULL
5909,1,102837,ลอรีเอะ ซอฟแอนด์ เซฟไนมีปีก 30CM กลางคืน,NULL,NULL,ขย.9,NULL,เบ็ดเตล็ด,,,ห่อ,8851818191891,100,NULL,FALSE,FALSE,NULL,,,NULL,NULL,NULL,NULL,NULL,NULL,1,NULL
5910,1,102838,ผ้าเปียก มามี่โพโค ไวพส์ เซฟ แอนด์ แคร์ ,NULL,NULL,ขย.9,NULL,เบ็ดเตล็ด,,,ห่อ,8851111423019,100,NULL,FALSE,FALSE,NULL,,,NULL,NULL,NULL,NULL,NULL,NULL,1,NULL
5911,1,102839,Levocetin 5 mg,LEVOCETIRIZINE,NULL,ขย.9,NULL,ยาระบบทางเดินหายใจ,,,กล่อง,4715718486331,100,NULL,FALSE,FALSE,NULL,,,NULL,NULL,NULL,NULL,NULL,NULL,1,NULL
5912,1,102840,Hista-oph eye drops 10 ml,ANTAZOLINE+TETRAHYDROZOLINE,NULL,ขย.9,NULL,ยาหู ตา คอ จมูก,,,ขวด,8854927000993,100,NULL,FALSE,FALSE,NULL,,,NULL,NULL,NULL,NULL,NULL,NULL,1,NULL
5913,1,102841,Tigerplast aquatect  W4  100*120 mm,NULL,NULL,ขย.9,NULL,อุปกรณ์ทางการแพทย์,,,กล่อง,8850672338077,100,NULL,FALSE,FALSE,NULL,,,NULL,NULL,NULL,NULL,NULL,NULL,1,NULL
5914,1,102842,Royal-D 25 กรัม 50 ซอง,NULL,NULL,ขย.9,NULL,วิตามินและอาหารเสริม,,,กล่อง,8852612000051,,NULL,FALSE,FALSE,NULL,,,NULL,NULL,NULL,NULL,NULL,NULL,,NULL
5915,1,102843,Carinose 10x10 ,NULL,NULL,ขย.9,NULL,ยาหู ตา คอ จมูก,,,กล่อง,102843,,NULL,FALSE,FALSE,NULL,,,NULL,NULL,NULL,NULL,NULL,NULL,,NULL
5916,1,102844,Bisolvon 10x10,NULL,NULL,ขย.9,NULL,ยาหู ตา คอ จมูก,,,กล่อง,102844,,NULL,FALSE,FALSE,NULL,,,NULL,NULL,NULL,NULL,NULL,NULL,,NULL
5917,1,102845,Paracet Syrip Frx 120mg/5ml,PARACETAMOL,NULL,ขย.9,NULL,ยาน้ำสำหรับเด็ก,,,ขวด,8853428000624,100,NULL,FALSE,FALSE,NULL,,,NULL,NULL,NULL,NULL,NULL,NULL,1,NULL
5918,1,102846,Rhinopore เทปใส 1 นิ้ว 10 หลา,NULL,NULL,ขย.9,NULL,อุปกรณ์ทางการแพทย์,,,กล่อง,108858419008991,100,NULL,FALSE,FALSE,NULL,,,NULL,NULL,NULL,NULL,NULL,NULL,1,NULL
5919,1,102847,Sixime 100 mg  (cefixime 100 mg),NULL,ANTIBIOTICS,ขย.9,NULL,ยาระบบการติดเชื้อ,,,กล่อง,8852738343278,100,NULL,FALSE,FALSE,NULL,,,NULL,NULL,NULL,NULL,NULL,NULL,1,NULL
5920,1,102848,Mylom Drops 15 ml 40mg   0.6ml ,SIMETHICONE,NULL,ขย.9,NULL,ยาน้ำสำหรับเด็ก,,,ขวด,8901296058572,100,NULL,FALSE,TRUE,NULL,,,NULL,NULL,NULL,NULL,NULL,NULL,1,NULL
5921,1,102849,ถุงยางอนามัย Okamoto Strawberry  53 มม ผิวเรียบ,NULL,NULL,ขย.9,NULL,ถุงยางอนามัย,,,กล่อง,4547691712530,100,NULL,FALSE,FALSE,NULL,,,NULL,NULL,NULL,NULL,NULL,NULL,1,NULL
5922,1,102850,ถุงยางอนามัย Durex  53 mm ผิวไม่เรียบ,NULL,NULL,ขย.9,NULL,ถุงยางอนามัย,,,กล่อง,8850360033772,100,NULL,FALSE,FALSE,NULL,,,NULL,NULL,NULL,NULL,NULL,NULL,1,NULL
5923,1,102851,Clena EX anti melasma 15 กรัม,NULL,NULL,ขย.9,NULL,เครื่องสำอางและผลิตภัณฑ์ค,,,กล่อง,8858992503939,100,NULL,FALSE,FALSE,NULL,,,NULL,NULL,NULL,NULL,NULL,NULL,1,NULL
5924,1,102852,Sutac (Cetirizine 10 mg),CETIRIZINE,ANTI-INFLAMMATORY ENZYMES,ขย.9,NULL,ยาระบบทางเดินหายใจ,,,แผง,8850239006005,100,NULL,FALSE,FALSE,NULL,,,0,0,0,0,0,0,,/uploads/102852_1.jpg
5925,1,102853,Sasha  21',CYPROTERONE ACETATE+ETHINYLESTRADIOL,NULL,ขย.9,ขย.9,ยาคุมกำเนิดและฮอร์โมนทดแท,,,กล่อง,8855459005654,100,NULL,FALSE,FALSE,NULL,,,NULL,NULL,NULL,NULL,NULL,NULL,1,NULL
5926,1,102854,Eberil 90,ETORICOXIB,NULL,ขย.9,NULL,ยาระบบกล้ามเนื้อ-ข้อต่อ,,,กล่อง,8853935030787,100,NULL,FALSE,FALSE,NULL,,,NULL,NULL,NULL,NULL,NULL,NULL,1,NULL
5927,1,102855,Airrox 80 mg,SIMETHICONE,NULL,ขย.9,NULL,ยาทางเดินอาหาร,,,แผง,8859446301675,100,NULL,FALSE,FALSE,NULL,,,NULL,NULL,NULL,NULL,NULL,NULL,1,NULL
5928,1,102856,Selfide 60 ml,SELENIUM SULPHIDE,NULL,ขย.9,NULL,ยาใช้เฉพาะที่,,,ขวด,8851881542392,100,NULL,FALSE,FALSE,NULL,,,NULL,NULL,NULL,NULL,NULL,NULL,1,NULL
5929,1,102857,Alerest Rx. 10x10 tab,CETIRIZINE,ANTIHISTAMINES & ANTIALLERGICS,ขย.9,NULL,ยาหู ตา คอ จมูก,,,กล่อง,102857,,NULL,FALSE,FALSE,NULL,,,NULL,NULL,NULL,NULL,NULL,NULL,,NULL
5930,1,102858,Tolchicine 0.6 mg 10x10 tab,COLCHICINE,GOUT PREPARATIONS,ขย.9,NULL,ยาระบบกล้ามเนื้อ-ข้อต่อ,,,กล่อง,102858,,NULL,FALSE,FALSE,NULL,,,NULL,NULL,NULL,NULL,NULL,NULL,,NULL
5931,1,102860,ยาหม่อง วังว่าน,NULL,NULL,ขย.9,NULL,"ยาสมุนไพร, ยาแผนโบราณ",,,ขวด,8859367700045,100,NULL,FALSE,FALSE,NULL,,,NULL,NULL,NULL,NULL,NULL,NULL,1,NULL
5932,1,102861,Nacoxib 90 mg  5',ETORICOXIB,NSAIDs,ขย.9,NULL,ยาระบบกล้ามเนื้อ-ข้อต่อ,,,NULL,8858992503342,100,NULL,FALSE,FALSE,NULL,,,NULL,NULL,NULL,NULL,NULL,NULL,1,NULL
5933,1,102862,Voltfast 50 mg  Powder oral solution,DICLOFENAC POTASSIUM,NSAIDs,ขย.9,ขย.9,ยาระบบกล้ามเนื้อ-ข้อต่อ,,,ซอง,8852364008589,100,NULL,FALSE,FALSE,NULL,,,NULL,NULL,NULL,NULL,NULL,NULL,1,NULL
5934,1,102863,Ulcefate suspension 240 ml,NULL,ANTIACID,ขย.9,NULL,ยาทางเดินอาหาร,,,ขวด,8852738010941,100,NULL,FALSE,FALSE,NULL,,,NULL,NULL,NULL,NULL,NULL,NULL,1,NULL
5935,1,102864,Blackmores Bio Calcium+D3  60',NULL,VITAMINS & MINERALS,ขย.9,ขย.9,วิตามินและอาหารเสริม,,,ขวด,93566940,100,NULL,FALSE,FALSE,NULL,,,NULL,NULL,NULL,NULL,NULL,NULL,1,NULL
5936,1,102865,Phenz 10',NULL,NULL,ขย.9,ขย.9,ยาระบบทางเดินหายใจ,,,กล่อง,8850769021127,100,NULL,FALSE,FALSE,NULL,,,NULL,NULL,NULL,NULL,NULL,NULL,1,NULL
5937,1,102866,Elomet 0.1%cream 5 gm,MOMETASONE FUROATE,STEROIDS,ขย.9,ขย.9,ยาใช้เฉพาะที่,,,กล่อง,840164515565,100,NULL,FALSE,FALSE,NULL,,,NULL,NULL,NULL,NULL,NULL,NULL,1,NULL
5938,1,102867,Glucophage XR 1000 mg  30',METFORMIN,ANTIDIABETIC,ขย.9,ขย.9,ยาในโรคเรื้อรัง (Drug for,,,กล่อง,8852881075118,100,NULL,FALSE,FALSE,NULL,,,NULL,NULL,NULL,NULL,NULL,NULL,1,NULL
5939,1,102868,Favotan 50/50 mg   (Amlodipine+Losartan),AMLODIPINE,NULL,ขย.9,ขย.9,ยาในโรคเรื้อรัง (Drug for,,,กล่อง,8806435046826,100,NULL,FALSE,FALSE,NULL,,,NULL,NULL,NULL,NULL,NULL,NULL,1,NULL
5940,1,102869,Nexcare Transpore 1/2 นิ้ว*10หลา,NULL,NULL,ขย.9,NULL,อุปกรณ์ทางการแพทย์,,,กล่อง,8850304013181,100,NULL,FALSE,FALSE,NULL,,,NULL,NULL,NULL,NULL,NULL,NULL,1,NULL
5941,1,102870,สำลีก้อนรถพยาบาล 20 gm,NULL,NULL,ขย.9,NULL,อุปกรณ์ทางการแพทย์,,,ซอง,8850185002809,100,NULL,FALSE,FALSE,NULL,,,NULL,NULL,NULL,NULL,NULL,NULL,1,NULL
5942,1,102871,Antacid gel 1000 ml,NULL,NULL,ขย.9,NULL,ยาทางเดินอาหาร,,,ขวด,8851473000033,100,NULL,FALSE,FALSE,NULL,,,NULL,NULL,NULL,NULL,NULL,NULL,1,NULL
5943,1,102872,SOS แผ่นแปะร้อน แก้ปวด ยาวนาน 12 ชม,NULL,NULL,ขย.9,NULL,อุปกรณ์ทางการแพทย์,,,ชิ้น,8859243304275,100,NULL,FALSE,FALSE,NULL,,,NULL,NULL,NULL,NULL,NULL,NULL,1,NULL
5944,1,102873,Mefamed acid 500 mg,MEFENAMIC ACID,NSAIDs,ขย.9,NULL,NULL,,,แผง,8855451000299,100,NULL,FALSE,FALSE,NULL,,,NULL,NULL,NULL,NULL,NULL,NULL,1,NULL
5945,1,102874,เดทตอล น้ำยาฆ่าเชื้อโรค 500 ซีซี,NULL,NULL,ขย.9,NULL,อุปกรณ์ทางการแพทย์,,,ขวด,8850360021045,100,NULL,FALSE,FALSE,NULL,,,NULL,NULL,NULL,NULL,NULL,NULL,1,NULL
5946,1,102875,ฟ้าทะลายโจรสกัด  อ้วยอันโอสถ 60 'cap,NULL,NULL,ขย.9,NULL,"ยาสมุนไพร, ยาแผนโบราณ",,,ขวด,8852913911315,100,NULL,FALSE,FALSE,NULL,,,NULL,NULL,NULL,NULL,NULL,NULL,1,NULL
5947,1,102876,Mybacin myherbal mouth spay 15 ml,NULL,MOUTH/THROAT PREPARATIONS,ขย.9,NULL,ยาหู ตา คอ จมูก,,,กล่อง,8852294863012,100,NULL,FALSE,FALSE,NULL,,,NULL,NULL,NULL,NULL,NULL,NULL,1,NULL
5948,1,102877,Canesten OD  Cream 5 gm,BIFONAZOLE,ANTIFUNGALS,ขย.9,NULL,ยาใช้เฉพาะที่,,,กล่อง,4057599007688,100,NULL,FALSE,FALSE,NULL,,,NULL,NULL,NULL,NULL,NULL,NULL,1,NULL
5949,1,102878,Clovin cream 5 gm,ACICLOVIR,NULL,ขย.9,NULL,ยาใช้เฉพาะที่,,,กล่อง,8859441330625,100,NULL,FALSE,FALSE,NULL,,,0,0,0,0,0,0,,/uploads/102878_1.jpg
5950,1,102879,Mineralcap 30' cap,MULTIVITAMINS & MINERALS,VITAMINS & MINERALS,ขย.9,NULL,วิตามินและอาหารเสริม,,,กล่อง,750363793018,100,NULL,FALSE,FALSE,NULL,,,NULL,NULL,NULL,NULL,NULL,NULL,1,NULL
5951,1,102880,Fexlora 10 mg chewable 10' ,LORATADINE,ANTIHISTAMINES & ANTIALLERGICS,ขย.9,ขย.9,ยาระบบทางเดินหายใจ,,,แผง,8850239005961,100,NULL,FALSE,FALSE,NULL,,,NULL,NULL,NULL,NULL,NULL,NULL,1,NULL
5952,1,102881,Boson Sara -cov-2 antigen test card  ชุดตรวจโควิท,NULL,NULL,ขย.9,NULL,อุปกรณ์ทางการแพทย์,,,กล่อง,6921963712592,100,NULL,FALSE,FALSE,NULL,,,NULL,NULL,NULL,NULL,NULL,NULL,1,NULL
5953,1,102882,Sermin 30 mg,NICERGOLINE,NULL,ขย.9,NULL,ปวดหัว/ไมเกรน,,,กล่อง,1210001170001,100,NULL,FALSE,FALSE,NULL,,,NULL,NULL,NULL,NULL,NULL,NULL,1,NULL
5954,1,102883,ยากฤษณากลั่น ตรากิเลน,NULL,NULL,ขย.9,NULL,"ยาสมุนไพร, ยาแผนโบราณ",,,ขวด,8851123113014,100,NULL,FALSE,FALSE,NULL,,,NULL,NULL,NULL,NULL,NULL,NULL,1,NULL
5955,1,102884,Arcona 90 mg,ETORICOXIB,NULL,ขย.9,NULL,ยาระบบกล้ามเนื้อ-ข้อต่อ,,,แผง,8852807459701,100,NULL,FALSE,FALSE,NULL,,,0,0,0,0,0,0,,/uploads/102884_1.jpg
5956,1,102885,Strepsils Dry cough lozenges,Dextromethorphan Hydrobromide,NULL,ขย.9,ขย.9,NULL,,,แผง,8851198170523,100,NULL,FALSE,FALSE,NULL,,,NULL,NULL,NULL,NULL,NULL,NULL,1,NULL
5957,1,102886,Propoliz Plus extherb 15 ml,NULL,NULL,ขย.9,NULL,ยาหู ตา คอ จมูก,,,กล่อง,8856513010126,100,NULL,FALSE,FALSE,NULL,,,NULL,NULL,NULL,NULL,NULL,NULL,1,NULL
5958,1,102887,Arcona  120 mg  6',ETORICOXIB,NULL,ขย.9,NULL,ยาระบบกล้ามเนื้อ-ข้อต่อ,,,กล่อง,8852807459558,100,NULL,FALSE,FALSE,NULL,,,NULL,NULL,NULL,NULL,NULL,NULL,1,NULL
5959,1,102888,Bromhex 8 mg  10',BROMHEXINE,NULL,ขย.9,NULL,ยาหู ตา คอ จมูก,,,แผง,8856513001124,100,NULL,FALSE,FALSE,NULL,,,NULL,NULL,NULL,NULL,NULL,NULL,1,NULL
5960,1,102889,Hydrox-25   10'   T.MAN เม็ดสีฟ้า   (102889),HYDROXYZINE,NULL,ขย.9,ขย.9,ยาระบบทางเดินหายใจ,,,แผง,8856513000837,100,NULL,FALSE,FALSE,NULL,,,NULL,NULL,NULL,NULL,NULL,NULL,1,NULL
5961,1,102890,Melobic-15   10',MELOXICAM,NULL,ขย.9,ขย.9,ยาระบบกล้ามเนื้อ-ข้อต่อ,,,แผง,8851881022108,100,NULL,FALSE,FALSE,NULL,,,NULL,NULL,NULL,NULL,NULL,NULL,1,NULL
5962,1,102891,Difenac 25 mg  10',DICLOFENAC,NULL,ขย.9,ขย.9,ยาระบบกล้ามเนื้อ-ข้อต่อ,,,แผง,8858850301103,100,NULL,FALSE,FALSE,NULL,,,NULL,NULL,NULL,NULL,NULL,NULL,1,NULL
5963,1,102892,Coxium 1500 mg  30',GLUCOSAMINE,NULL,ขย.9,ขย.9,วิตามินและอาหารเสริม,,,กล่อง,8855459004145,100,NULL,FALSE,FALSE,NULL,,,NULL,NULL,NULL,NULL,NULL,NULL,1,NULL
5964,1,102893,Etomed 90 mg  10',ETORICOXIB,NULL,ขย.9,ขย.9,ยาระบบกล้ามเนื้อ-ข้อต่อ,,,แผง,8855451003818,100,NULL,FALSE,FALSE,NULL,,,NULL,NULL,NULL,NULL,NULL,NULL,1,NULL
5965,1,102894,Topamine  60 ml,BROMPHENIRAMINE+PHENYLPROPANILAMINE,NULL,ขย.9,ขย.9,ยาน้ำสำหรับเด็ก,,,ขวด,8851467045002,100,NULL,FALSE,FALSE,NULL,,,NULL,NULL,NULL,NULL,NULL,NULL,1,NULL
5966,1,102895,Magesto-f  10',CALCIUM CARBONATE,NULL,ขย.9,ขย.9,ยาทางเดินอาหาร,,,ซอง,8859203000155,100,NULL,FALSE,FALSE,NULL,,,NULL,NULL,NULL,NULL,NULL,NULL,1,NULL
5967,1,102896,Vilerm 200 mg  5',ACYCLOVIR,ANTIVIRALS,ขย.9,ขย.9,ยาระบบการติดเชื้อ,,,แผง,8852738420016,100,NULL,FALSE,FALSE,NULL,,,NULL,NULL,NULL,NULL,NULL,NULL,1,NULL
5968,1,102897,Doxyman-100gm   10',DOXYCYCLINE,NULL,ขย.9,ขย.9,ยาระบบการติดเชื้อ,,,แผง,8856513003340,100,NULL,FALSE,FALSE,NULL,,,NULL,NULL,NULL,NULL,NULL,NULL,1,NULL
5969,1,102898,Ciproxin 500 mg   10',CIPROFLOXACIN,QUINOLONES,ขย.9,ขย.9,ยาทางเดินอาหาร,,,แผง,8852535005867,100,NULL,FALSE,FALSE,NULL,,,NULL,NULL,NULL,NULL,NULL,NULL,1,NULL
5970,1,102898,Ciproxin 500 mg   10',CIPROFLOXACIN,QUINOLONES,ขย.9,ขย.9,ยาระบบการติดเชื้อ,,,แผง,8852535005867,100,NULL,FALSE,FALSE,NULL,,,NULL,NULL,NULL,NULL,NULL,NULL,1,NULL
5971,1,102899,Medmaker vitamin E 5.5%  20g,NULL,NULL,ขย.9,NULL,เครื่องสำอางและผลิตภัณฑ์ค,,,กล่อง,8850884001011,100,NULL,FALSE,FALSE,NULL,,,NULL,NULL,NULL,NULL,NULL,NULL,1,NULL
5972,1,102900,Gental 0.05%  Spray  10ml,OXYMETAZOLINE,DECONGESTANTS & OTHER NASAL PR,ขย.9,ขย.9,ยาหู ตา คอ จมูก,,,ขวด,8855459009089,100,NULL,FALSE,FALSE,NULL,,,NULL,NULL,NULL,NULL,NULL,NULL,1,NULL
5973,1,102901,Actavia 0.1%  Sparsys  10 ml,NULL,DECONGESTANTS & OTHER NASAL PR,ขย.9,ขย.9,ยาหู ตา คอ จมูก,,,กล่อง,8850239005336,100,NULL,FALSE,FALSE,NULL,,,NULL,NULL,NULL,NULL,NULL,NULL,1,NULL
5974,1,102902,Oxymet  Nasal spray 0.05% ,OXYMETAZOLINE,DECONGESTANTS & OTHER NASAL PR,ขย.9,ขย.9,ยาหู ตา คอ จมูก,,,กล่อง,8852294518158,100,NULL,FALSE,FALSE,NULL,,,NULL,NULL,NULL,NULL,NULL,NULL,1,NULL
5975,1,102903,ยาสีฟันวิเศษนิยม 100กรัม,NULL,NULL,ขย.9,NULL,เครื่องสำอางและผลิตภัณฑ์ค,,,หลอด,8852348201036,,NULL,FALSE,FALSE,NULL,,,NULL,NULL,NULL,NULL,NULL,NULL,,NULL
5976,1,102904,ยาอม Fisherman'sFriend  Honey&Lemon 25g สีน้ำตาล-ขาว,NULL,NULL,ขย.9,NULL,ยาอม,,,ซอง,96091852,100,NULL,FALSE,FALSE,NULL,,,NULL,NULL,NULL,NULL,NULL,NULL,1,NULL
5977,1,102905,ยาอม Fisherman's Friend Citrus 25g เขียว/ขาว,NULL,NULL,ขย.9,NULL,ยาอม,,,ซอง,50390168,100,NULL,FALSE,FALSE,NULL,,,NULL,NULL,NULL,NULL,NULL,NULL,1,NULL
5978,1,102906,SOS  S 2.2*3.5 cm พลาสเตอร์ใสกันน้ำ  10',NULL,NULL,ขย.9,NULL,อุปกรณ์ทางการแพทย์,,,กล่อง,8859243304718,100,NULL,FALSE,FALSE,NULL,,,NULL,NULL,NULL,NULL,NULL,NULL,1,NULL
5979,1,102907,แอลกอฮอล์ ศิริบัญชา 70% สเปรย์ ,ETHYL ALCOHOL,NULL,NULL,NULL,อุปกรณ์ทางการแพทย์,,,ขวด,8851124981308,,NULL,FALSE,FALSE,NULL,,,NULL,NULL,NULL,NULL,NULL,NULL,,NULL
5980,1,102908,COVID-19 Test Kit (2 in 1) Wilbur  1 test,NULL,NULL,ขย.9,NULL,อุปกรณ์ทางการแพทย์,,,กล่อง,8859829992995,,NULL,FALSE,FALSE,NULL,,,NULL,NULL,NULL,NULL,NULL,NULL,,NULL
5981,1,102909,FURANO เม็ดฟู่ทำความสะอาด ฟันปลอม กลิ่นกุหลาบ 24 tab,NULL,NULL,ขย.9,NULL,ยาใช้เฉพาะที่,,,กล่อง,8858568000916,,NULL,FALSE,FALSE,NULL,,,NULL,NULL,NULL,NULL,NULL,NULL,,NULL
5982,1,102910,Nseries brand cool formula 70*7 cm,NULL,NULL,ขย.9,NULL,ยาใช้เฉพาะที่,,,ซอง,8856513012281,100,NULL,FALSE,FALSE,NULL,,,NULL,NULL,NULL,NULL,NULL,NULL,1,NULL
5983,1,102911,Bisolvon pediatric syrup 60 ml,BROMHEXINE,NULL,ขย.9,ขย.9,ยาน้ำสำหรับเด็ก,,,ขวด,8850886103041,100,NULL,FALSE,FALSE,NULL,,,NULL,NULL,NULL,NULL,NULL,NULL,1,NULL
5984,1,102912,Nseries brand Warm formula  ร้อน  2',NULL,NULL,ขย.9,NULL,ยาระบบกล้ามเนื้อ-ข้อต่อ,,,ซอง,8856513012267,100,NULL,FALSE,FALSE,NULL,,,NULL,NULL,NULL,NULL,NULL,NULL,1,NULL
5985,1,102913,Centrum sliver 50+  90',MULTIVITAMINS & MINERALS,NULL,ขย.9,ขย.9,วิตามินและอาหารเสริม,,,ขวด,8851005100064,100,NULL,FALSE,FALSE,NULL,,,NULL,NULL,NULL,NULL,NULL,NULL,1,NULL
5986,1,102914,INNOBIC LAB ถุงมือ ไม่มีแป้ง Size  S 100 ชิ้น,NULL,NULL,ขย.9,NULL,อุปกรณ์ทางการแพทย์,,,กล่อง,8859758000433,100,NULL,FALSE,FALSE,NULL,,,NULL,NULL,NULL,NULL,NULL,NULL,1,NULL
5987,1,102915,Aqua kare Sterile Water 100%  1000 ml,NULL,NULL,ขย.9,ขย.9,อุปกรณ์ทางการแพทย์,,,ขวด,8854060621031,100,NULL,FALSE,FALSE,NULL,,,NULL,NULL,NULL,NULL,NULL,NULL,1,NULL
5988,1,102916,อภัยภูเบศร  ยาแคปซูลบอระเพ็ด  70',NULL,NULL,ขย.9,NULL,"ยาสมุนไพร, ยาแผนโบราณ",,,ขวด,8855539000036,100,NULL,FALSE,FALSE,NULL,,,NULL,NULL,NULL,NULL,NULL,NULL,1,NULL
5989,1,102917,ยาปอคุนเอี๊ยบ๊อ ยาสตรี  500 ml,NULL,NULL,ขย.9,NULL,"ยาสมุนไพร, ยาแผนโบราณ",,,ขวด,745114286888,100,NULL,FALSE,FALSE,NULL,,,NULL,NULL,NULL,NULL,NULL,NULL,1,NULL
5990,1,102918,ยาขับน้ำคาวปลา ตราพารา  300 ml,NULL,NULL,ขย.9,NULL,"ยาสมุนไพร, ยาแผนโบราณ",,,ขวด,8859122300084,100,NULL,FALSE,FALSE,NULL,,,NULL,NULL,NULL,NULL,NULL,NULL,1,NULL
5991,1,102919,ยาสตรีกิมโกยทิซิ่ว อ้วยอันโอสถ  450 ซีซี,NULL,NULL,ขย.9,NULL,"ยาสมุนไพร, ยาแผนโบราณ",,,ขวด,8852913200204,100,NULL,FALSE,FALSE,NULL,,,NULL,NULL,NULL,NULL,NULL,NULL,1,NULL
5992,1,102920,Ibucap  400 mg   10',IBUPROFEN,NSAIDs,ขย.9,ขย.9,NULL,,,กล่อง,0,100,NULL,FALSE,FALSE,NULL,,,NULL,NULL,NULL,NULL,NULL,NULL,1,NULL
5993,1,102921,Emson 50 mg 10',NULL,NULL,ขย.9,ขย.9,ยาระบบกล้ามเนื้อ-ข้อต่อ,,,แผง,8853935033047,100,NULL,FALSE,FALSE,NULL,,,NULL,NULL,NULL,NULL,NULL,NULL,1,NULL
5994,1,102922,Bactoclav - 1000 mg,AMOX+CLAVU,ANTIBIOTICS,ขย.9,ขย.9,ยาระบบการติดเชื้อ,,,กล่อง,8901302186336,100,NULL,FALSE,FALSE,NULL,,,NULL,NULL,NULL,NULL,NULL,NULL,1,NULL
5995,1,102923,Pharmica liniment ,NULL,NULL,ขย.9,NULL,ยาใช้เฉพาะที่,,,ขวด,8851515607190,100,NULL,FALSE,FALSE,NULL,,,NULL,NULL,NULL,NULL,NULL,NULL,1,NULL
5996,1,102924,reparil -Gel N  40g MEDA,AESCIN,ANTI-INFLAMMATORY ENZYMES,ขย.9,NULL,ยาระบบกล้ามเนื้อ-ข้อต่อ,,,หลอด,8858972282397,100,NULL,FALSE,FALSE,NULL,,,NULL,NULL,NULL,NULL,NULL,NULL,1,NULL
5997,1,102925,Mertigo 6 mg,BETAHISTINE,NULL,ขย.9,NULL,ปวดหัว/ไมเกรน,,,แผง,8850239004803,100,NULL,FALSE,FALSE,NULL,,,NULL,NULL,NULL,NULL,NULL,NULL,1,NULL
5998,1,102926,Duran  400 mg,IBUPROFEN,NSAIDs,ขย.9,ขย.9,ยาระบบกล้ามเนื้อ-ข้อต่อ,,,กล่อง,8851473008039,100,NULL,FALSE,FALSE,NULL,,,NULL,NULL,NULL,NULL,NULL,NULL,1,NULL
5999,1,102927,B-lady  21,CYPROTERONE ACETATE+ETHINYLESTRADIOL,NULL,ขย.9,ขย.9,ยาคุมกำเนิดและฮอร์โมนทดแท,,,NULL,8853001000669,100,NULL,FALSE,FALSE,NULL,,,NULL,NULL,NULL,NULL,NULL,NULL,1,NULL
6000,1,102928,Lescilon 28,DESOGESTREL+ETHINYLESTRADIOL,NULL,ขย.9,ขย.9,ยาคุมกำเนิดและฮอร์โมนทดแท,,,กล่อง,8854596005404,100,NULL,FALSE,FALSE,NULL,,,NULL,NULL,NULL,NULL,NULL,NULL,1,NULL
6001,1,102929,Slinda 28',DROSPIRENENONE+ETHINYL ESTRADIOL,NULL,ขย.9,NULL,ยาคุมกำเนิดและฮอร์โมนทดแท,,,กล่อง,8858741500387,100,NULL,FALSE,FALSE,NULL,,,NULL,NULL,NULL,NULL,NULL,NULL,1,NULL
6002,1,102930,Gauze pad Size  3*3  8 ชิ้น,NULL,NULL,ขย.9,NULL,อุปกรณ์ทางการแพทย์,,,กล่อง,8854536001640,100,NULL,FALSE,FALSE,NULL,,,NULL,NULL,NULL,NULL,NULL,NULL,100,NULL
6003,1,102931,Gauze Pad Size 4*4  8ชิ้น,NULL,NULL,ขย.9,NULL,อุปกรณ์ทางการแพทย์,,,กล่อง,8854536001657,100,NULL,FALSE,FALSE,NULL,,,NULL,NULL,NULL,NULL,NULL,NULL,1,NULL
6004,1,102932,G-Sure Plus  กางเกงผ้าอ้อมผู้ใหญ่  ไซล์ M,NULL,NULL,ขย.9,NULL,อุปกรณ์ทางการแพทย์,,,ห่อ,8859748900156,100,NULL,FALSE,FALSE,NULL,,,NULL,NULL,NULL,NULL,NULL,NULL,1,NULL
6005,1,102933,แผ่นรองซับ รถพยาบาล  No. L 45*70cm  10ชิ้น,NULL,NULL,ขย.9,NULL,อุปกรณ์ทางการแพทย์,,,ห่อ,8850185002915,100,NULL,FALSE,FALSE,NULL,,,NULL,NULL,NULL,NULL,NULL,NULL,1,NULL
6006,1,102934,G-Sure Plus กางเกงผ้าอ้อมผู้ใหญ่  ไซค์ M  28ชิ้น,NULL,NULL,ขย.9,ขย.9,อุปกรณ์ทางการแพทย์,,,ห่อ,8859748900125,100,NULL,FALSE,FALSE,NULL,,,NULL,NULL,NULL,NULL,NULL,NULL,1,NULL
6007,1,102935,Anan แผ่นรองซึมซับ  45*70 CM   ไซค์ L  10ชิ้น,NULL,NULL,ขย.9,NULL,อุปกรณ์ทางการแพทย์,,,ห่อ,4710107020073,100,NULL,FALSE,FALSE,NULL,,,NULL,NULL,NULL,NULL,NULL,NULL,1,NULL
6008,1,102936,Hospro Cold hot pack  ไซค์ S  1',NULL,NULL,ขย.9,NULL,อุปกรณ์ทางการแพทย์,,,กล่อง,8859318002921,100,NULL,FALSE,FALSE,NULL,,,NULL,NULL,NULL,NULL,NULL,NULL,1,NULL
6009,1,102937,Kool Fever แผ่นเจลลดไข้ เด็ก  สีชมพู 3ซอง,NULL,NULL,ขย.9,NULL,อุปกรณ์ทางการแพทย์,,,กล่อง,4987072003718,1,NULL,FALSE,FALSE,NULL,,,NULL,NULL,NULL,NULL,NULL,NULL,1,NULL
6010,1,102938,HCTZ 25 mg  GPO  10',ITOPRIDE HYDROCHLORIDE,NULL,ขย.9,ขย.9,ยาในโรคเรื้อรัง (Drug for,,,แผง,0,100,NULL,FALSE,FALSE,NULL,,,NULL,NULL,NULL,NULL,NULL,NULL,1,NULL
6011,1,102939,Clatidyne  10mg   10',LORATADINE,ANTIHISTAMINES & ANTIALLERGICS,ขย.9,ขย.9,ยาระบบทางเดินหายใจ,,,แผง,8858022000773,100,NULL,FALSE,FALSE,NULL,,,NULL,NULL,NULL,NULL,NULL,NULL,1,NULL
6012,1,102940,สำลีแผ่นใหญ 4*6ตรารถพยาบาล 450 กรัม,NULL,NULL,ขย.9,NULL,อุปกรณ์ทางการแพทย์,,,ห่อ,8850185001437,100,NULL,FALSE,FALSE,NULL,,,NULL,NULL,NULL,NULL,NULL,NULL,1,NULL
6013,1,102941,Kool Fever แผ่นเจลลดไข้ผู้ใหญ่   ราคากล่อง3ชิ้น,NULL,NULL,ขย.9,NULL,อุปกรณ์ทางการแพทย์,,,กล่อง,4987072070321,100,NULL,FALSE,FALSE,NULL,,,NULL,NULL,NULL,NULL,NULL,NULL,1,NULL
6014,1,102942,Coklav 1000 mg   10',AMOX+CLAVU,ANTIBIOTICS,ขย.9,NULL,ยาระบบการติดเชื้อ,,,กล่อง,8853144342916,100,NULL,FALSE,FALSE,NULL,,,NULL,NULL,NULL,NULL,NULL,NULL,1,NULL
6015,1,102943,Diosmin 500 mg   10',DIOSMINE+HESPERIDINE,"HAEMORRHOIDAL,PHLEBITIS & VARI",ขย.9,ขย.9,ยาทางเดินอาหาร,,,แผง,8858767420379,100,NULL,FALSE,FALSE,NULL,,,NULL,NULL,NULL,NULL,NULL,NULL,1,NULL
6016,1,102944,Espenal 50 mg     10',NULL,NULL,ขย.9,ขย.9,ยาระบบกล้ามเนื้อ-ข้อต่อ,,,แผง,8850239004230,100,NULL,FALSE,FALSE,NULL,,,NULL,NULL,NULL,NULL,NULL,NULL,1,NULL
6017,1,102945,Sinufen (bromphen 4 mg+ Phenylepharine 10mg)  10',BROMPHENIRAMINE+PHENYLPROPANILAMINE,ANTIHISTAMINES & ANTIALLERGICS,ขย.9,ขย.9,ยาหู ตา คอ จมูก,,,แผง,8855451001968,100,NULL,FALSE,FALSE,NULL,,,NULL,NULL,NULL,NULL,NULL,NULL,1,NULL
6018,1,102946,D-prazol 14',OMEPRAZOLE,NULL,ขย.9,ขย.9,ยาทางเดินอาหาร,,,กล่อง,8851473009883,100,NULL,FALSE,FALSE,NULL,,,NULL,NULL,NULL,NULL,NULL,NULL,1,NULL
6019,1,102947,Tigerplast แผ่นปิดแผลใยสงเคาะห์   10CM*1M  1',NULL,NULL,ขย.9,ขย.9,อุปกรณ์ทางการแพทย์,,,กล่อง,8850672041168,100,NULL,FALSE,FALSE,NULL,,,NULL,NULL,NULL,NULL,NULL,NULL,1,NULL
6020,1,102948,Panadol Actifast 500 mg  10',PARACETAMOL,NULL,ขย.9,ขย.9,ยาสามัญประจำบ้าน,,,กล่อง,8851007200151,100,NULL,FALSE,FALSE,NULL,,,NULL,NULL,NULL,NULL,NULL,NULL,1,NULL
6021,1,102949,ยาหม่อง วังพรม ผสมเสลดพังพอน สูตร 2   ราคา 6 ขวด,NULL,NULL,ขย.9,NULL,"ยาสมุนไพร, ยาแผนโบราณ",,,แพ็ค,102949,100,NULL,FALSE,FALSE,NULL,,,NULL,NULL,NULL,NULL,NULL,NULL,1,NULL
6022,1,102950,4% เฮ็กซีน สกิน คลีนเซอร์ 30 ซีซี,CHLORHEXIDINE,NULL,ขย.9,NULL,อุปกรณ์ทางการแพทย์,,,ขวด,102950,100,NULL,FALSE,FALSE,NULL,,,NULL,NULL,NULL,NULL,NULL,NULL,1,NULL
6023,1,102951,Antussia Syrup 60 ml,DEXTROMETHORPHAN HBr+GLYCERYL GUAIACOLATE+PHENYLEPHRINE HCL,Antitussives,ขย.9,-,ยาน้ำสำหรับเด็ก,,,ขวด,8856351006213,,NULL,FALSE,FALSE,NULL,,,0,0,0,0,0,0,,/uploads/102951_1.jpg
6024,1,102952,BETAMETH-N Cream กระปุก 500g,BETAMETHASONE + NEOMYCIN,NULL,ขย.9,NULL,ยาใช้เฉพาะที่,,,กระปุก,102952,100,NULL,FALSE,FALSE,NULL,,,NULL,NULL,NULL,NULL,NULL,NULL,1,NULL
6025,1,102953,Siarizine 25 mg    10',CINNARIZINE,NULL,ขย.9,ขย.9,ยาหู ตา คอ จมูก,,,แผง,8852738080081,100,NULL,FALSE,FALSE,NULL,,,NULL,NULL,NULL,NULL,NULL,NULL,1,NULL
6026,1,102954,Zocovin cr 5gm,ACICLOVIR,ANTIVIRALS,ขย.9,ขย.9,ยาระบบการติดเชื้อ,,,หลอด,8851881707623,100,NULL,FALSE,FALSE,NULL,,,NULL,NULL,NULL,NULL,NULL,NULL,1,NULL
6027,1,102955,Lazine  5mg   10',LEVOCETIRIZINE,ANTIHISTAMINES & ANTIALLERGICS,ขย.9,ขย.9,ยาหู ตา คอ จมูก,,,กล่อง,8903726273197,100,NULL,FALSE,FALSE,NULL,,,NULL,NULL,NULL,NULL,NULL,NULL,1,NULL
6028,1,102956,ชุดตรวต Auramed F/U AB Covid-19,NULL,NULL,ขย.9,NULL,อุปกรณ์ทางการแพทย์,,,กล่อง,8857453252737,100,NULL,FALSE,FALSE,NULL,,,NULL,NULL,NULL,NULL,NULL,NULL,1,NULL
6029,1,102957,Norgesic  10 ',PARACETAMOL + ORPHENADRINE,ANTI-INFLAMMATORY ENZYMES,ขย.9,-,ยาระบบกล้ามเนื้อ-ข้อต่อ,,,แผง,102957,100,NULL,FALSE,FALSE,NULL,,,0,0,37.5,0,0,0,,/uploads/102957_1.jpg
6030,1,102958,น้ำมันเหลือ ตรา ชวนหอม  3.5 ml,NULL,NULL,ขย.9,NULL,"ยาสมุนไพร, ยาแผนโบราณ",,,ขวด,123400,,NULL,FALSE,FALSE,NULL,,,NULL,NULL,NULL,NULL,NULL,NULL,,NULL
6031,1,102959,vitamin C injection,NULL,NULL,ขย.9,NULL,วิตามินและอาหารเสริม,,,แผง,102959,100,NULL,FALSE,FALSE,NULL,,,NULL,NULL,NULL,NULL,NULL,NULL,1,NULL
6032,1,102960,Comadol 50 mg.,TRAMADOL HYDROCHLORIDE,OPIOIDS,ขย.10,ขย.10,แก้ปวด ลดอักเสบ,,,แผง,5964,100,NULL,FALSE,FALSE,NULL,,,NULL,NULL,NULL,NULL,NULL,NULL,1,NULL
6033,1,102961,Balisa  20mg (Bilaxten),BILASTIN,ANTIHISTAMINES & ANTIALLERGICS,ขย.9,ขย.9,ยาหู ตา คอ จมูก,,,กล่อง,8850239005978,100,NULL,FALSE,FALSE,NULL,,,NULL,NULL,NULL,NULL,NULL,NULL,1,NULL
6034,1,102962,Bilastin Kids  10mg (Bilaxten),BILASTIN,ANTIHISTAMINES & ANTIALLERGICS,ขย.9,ขย.9,ยาหู ตา คอ จมูก,,,กล่อง,8858789600612,100,NULL,FALSE,FALSE,NULL,,,NULL,NULL,NULL,NULL,NULL,NULL,1,NULL
6035,1,102963,D-Coate  10',DEXTROMETHORPH+GUAIFENESIN+TERPIN HYDRATE,NULL,ขย.9,ขย.9,ยาหู ตา คอ จมูก,,,แผง,8852914101623,100,NULL,FALSE,FALSE,NULL,,,NULL,NULL,NULL,NULL,NULL,NULL,1,NULL
6036,1,102964,Rabeprazole 20 mg  Sandoz  14',NULL,ANTIACID,ขย.9,ขย.9,ยาทางเดินอาหาร,,,กล่อง,8859767400767,100,NULL,FALSE,FALSE,NULL,,,NULL,NULL,NULL,NULL,NULL,NULL,1,NULL
6037,1,102965,Dermaheu cream 50g - TNP,BETAMETHASONE+GENTAMYCIN+TONAFTATE+CLIOQUINOL,ANTIFUNGALS,ขย.9,ขย.9,ยาระบบการติดเชื้อ,,,หลอด,8851473010438,100,NULL,FALSE,FALSE,NULL,,,NULL,NULL,NULL,NULL,NULL,NULL,1,NULL
6038,1,102966,Next Heal+h แผ่นวัดน้ำตาล 25 ชิ้น  1ขวด,NULL,NULL,ขย.9,ขย.9,อุปกรณ์ทางการแพทย์,,,กระปุก,102966,100,NULL,FALSE,FALSE,NULL,,,NULL,NULL,NULL,NULL,NULL,NULL,1,NULL
6039,1,102967,Clatidyne-o   10 mg,LORATADINE,ANTIHISTAMINES & ANTIALLERGICS,ขย.9,ขย.9,ยาหู ตา คอ จมูก,,,แผง,8858022004931,100,NULL,FALSE,FALSE,NULL,,,NULL,NULL,NULL,NULL,NULL,NULL,1,NULL
6040,1,102968,Cintra  10 '  Patra,CETIRIZINE,ANTIHISTAMINES & ANTIALLERGICS,ขย.9,ขย.9,ยาหู ตา คอ จมูก,,,แผง,8855011001285,100,NULL,FALSE,FALSE,NULL,,,NULL,NULL,NULL,NULL,NULL,NULL,1,NULL
6041,1,102969,Patarvit syrup 120 ml (multivitamin+lysine),MULTIVITAMINS & MINERALS,NULL,ขย.9,ขย.9,ยาน้ำสำหรับเด็ก,,,ขวด,8855011000738,100,NULL,FALSE,FALSE,NULL,,,NULL,NULL,NULL,NULL,NULL,NULL,1,NULL
6042,1,102970,RE-B Forte 10'  (B1 250mg/B6 250mg/B12 1000 mcg),MULTIVITAMINS & MINERALS,NULL,ขย.9,NULL,วิตามินและอาหารเสริม,,,แผง,8853935013308,100,NULL,FALSE,FALSE,NULL,,,NULL,NULL,NULL,NULL,NULL,NULL,1,NULL
6043,1,102971,Methycobal 10's,MECOBALAMIN,VITAMINS & MINERALS,ขย.9,NULL,วิตามินและอาหารเสริม,,,แผง,8858682900185,100,NULL,FALSE,FALSE,NULL,,,NULL,NULL,NULL,NULL,NULL,NULL,1,NULL
6044,1,102972,FLUOXINE 20mg  10',NULL,NULL,ขย.9,NULL,ยาในโรคเรื้อรัง (Drug for,,,แผง,0,100,NULL,FALSE,FALSE,NULL,,,NULL,NULL,NULL,NULL,NULL,NULL,1,NULL
6045,1,102973,SALDA Inhaler แซลด้า ชนิดพ่นสูด (20 tubes x 2.5 ml),SALBUTAMOL,NULL,ขย.9,NULL,ยาหู ตา คอ จมูก,,,กล่อง,8859446300043,100,NULL,FALSE,FALSE,NULL,,,NULL,NULL,NULL,NULL,NULL,NULL,1,NULL
6046,1,102974,Rhinoplast  5แผ่น,NULL,NULL,ขย.9,NULL,อุปกรณ์ทางการแพทย์,,,แผง,102974,100,NULL,FALSE,FALSE,NULL,,,NULL,NULL,NULL,NULL,NULL,NULL,1,NULL
6047,1,102975,Cemol 500 mg      1000 ',PARACETAMOL,NULL,ขย.9,NULL,ยาสามัญประจำบ้าน,,,ขวด,8852978001136,100,NULL,FALSE,FALSE,NULL,,,NULL,NULL,NULL,NULL,NULL,NULL,1,NULL
6048,1,102976,แผ่นเจลลดไข้ผู้ใหญ่kool fever Extra cool ราคากล่อง 3ซอง,NULL,NULL,ขย.9,ขย.9,อุปกรณ์ทางการแพทย์,,,กล่อง,4987072033098,100,NULL,FALSE,FALSE,NULL,,,NULL,NULL,NULL,NULL,NULL,NULL,1,NULL
6049,1,102977,Dermazin cream 25 gm  ,SILVER SULFADIAZINE,NULL,ขย.9,NULL,ยาใช้เฉพาะที่,,,กล่อง,8859767401030,100,NULL,FALSE,FALSE,NULL,,,NULL,NULL,NULL,NULL,NULL,NULL,1,NULL
6050,1,102978,โฟมอุดหูลดเสียง 3M Reusable Earplugs 1 Set,NULL,NULL,ขย.9,NULL,เบ็ดเตล็ด,,,คู่,78371905866,,NULL,FALSE,FALSE,NULL,,,NULL,NULL,NULL,NULL,NULL,NULL,,NULL
6051,1,102979,Lernex 800 mg 10 tab,ACYCLOVIR,ANTIVIRALS,ขย.9,NULL,ยาระบบการติดเชื้อ,,,แผง,8850239002854,,NULL,FALSE,FALSE,NULL,,,NULL,NULL,NULL,NULL,NULL,NULL,,NULL
6052,1,102980,COSOPT 20 mg/ml+5mg/ml ,NULL,NULL,ขย.9,NULL,ยาหู ตา คอ จมูก,,,ขวด,8885013060119,,NULL,FALSE,FALSE,NULL,,,NULL,NULL,NULL,NULL,NULL,NULL,,NULL
6053,1,102981,Ibukids  100 mg/5mL,IBUPROFEN,NULL,ขย.9,ขย.9,ยาน้ำสำหรับเด็ก,,,ขวด,8852810405504,100,NULL,FALSE,FALSE,NULL,,,NULL,NULL,NULL,NULL,NULL,NULL,1,NULL
6054,1,102982,Sumigran 6'  (Sumatripan 50 mg),NULL,NULL,ขย.9,ขย.9,ปวดหัว/ไมเกรน,,,กล่อง,8853144325513,100,NULL,FALSE,FALSE,NULL,,,NULL,NULL,NULL,NULL,NULL,NULL,1,NULL
6055,1,102983,Etomed 120 mg 10's,ETORICOXIB,NULL,ขย.9,ขย.9,ยาระบบกล้ามเนื้อ-ข้อต่อ,,,แผง,8855451003825,100,NULL,FALSE,FALSE,NULL,,,NULL,NULL,NULL,NULL,NULL,NULL,1,NULL
6056,1,102984,Celxib  200 gm   10',CELECOXIB,NULL,ขย.9,ขย.9,ยาระบบกล้ามเนื้อ-ข้อต่อ,,,กล่อง,8853935019683,100,NULL,FALSE,FALSE,NULL,,,NULL,NULL,NULL,NULL,NULL,NULL,1,NULL
6057,1,102985,KAL-kids   choco FALVOR  30 'Chewabel ,CALCIUM CARBONATE,NULL,ขย.9,NULL,วิตามินและอาหารเสริม,,,ขวด,8854642030091,100,NULL,FALSE,FALSE,NULL,,,NULL,NULL,NULL,NULL,NULL,NULL,1,NULL
6058,1,102986,NIPRO needle No.20'',NULL,NULL,ขย.9,ขย.9,อุปกรณ์ทางการแพทย์,,,ชิ้น,8858939600424,100,NULL,FALSE,FALSE,NULL,,,NULL,NULL,NULL,NULL,NULL,NULL,1,NULL
6059,1,102987,Androcur 50mg,CYPROTERONE ACETATE,NULL,ขย.9,ขย.9,ยาคุมกำเนิดและฮอร์โมนทดแท,,,แผง,102987,100,NULL,FALSE,FALSE,NULL,,,NULL,NULL,NULL,NULL,NULL,NULL,1,NULL
6060,1,102988,Progynova 2 mg      28',ESTRADIOL+NORGESTREL,NULL,ขย.9,NULL,ยาคุมกำเนิดและฮอร์โมนทดแท,,,แผง,102988,100,NULL,FALSE,FALSE,NULL,,,NULL,NULL,NULL,NULL,NULL,NULL,1,NULL
6061,1,102989,Glauco Oph (0.50%) หยอดตา 5 ml,NULL,NULL,ขย.9,ขย.9,ยาหู ตา คอ จมูก,,,ขวด,8854927000443,100,NULL,FALSE,FALSE,NULL,,,NULL,NULL,NULL,NULL,NULL,NULL,1,NULL
6062,1,102990,NIPRO needle No.30'',NULL,NULL,ขย.9,NULL,อุปกรณ์ทางการแพทย์,,,ชิ้น,,100,NULL,FALSE,FALSE,NULL,,,NULL,NULL,NULL,NULL,NULL,NULL,1,NULL
6063,1,102991,LYRICA 25mg ลีริก้า (4X14's),PREGABALIN,NULL,ขย.9,NULL,แก้ปวด ลดอักเสบ,,,กล่อง,1210001170469,100,NULL,FALSE,FALSE,NULL,,,NULL,NULL,NULL,NULL,NULL,NULL,1,NULL
6064,1,102992,Nikp-Pitavastain 2 mg,NULL,NULL,ขย.9,NULL,ยาในโรคเรื้อรัง (Drug for,,,แผง,102992,100,NULL,FALSE,FALSE,NULL,,,NULL,NULL,NULL,NULL,NULL,NULL,1,NULL
6065,1,102993,Emulax  milk of magnesia  240 ml,MAGNESIUM HYDROXIDE,NULL,ขย.9,NULL,ยาทางเดินอาหาร,,,ขวด,8852086725610,100,NULL,FALSE,FALSE,NULL,,,NULL,NULL,NULL,NULL,NULL,NULL,1,NULL
6066,1,102994,Allergis eye drop  10ml,ANTAZOLINE+TETRAHYDROZOLINE,EYE PREPARATIONS,ขย.9,NULL,ยาหู ตา คอ จมูก,,,ขวด,8851473004307,100,NULL,FALSE,FALSE,NULL,,,NULL,NULL,NULL,NULL,NULL,NULL,1,NULL
6067,1,102995,NAPROFAZT 250 mg (1x10's),NAPROXEN SODIUM,NSAIDs,ขย.9,NULL,ยาระบบกล้ามเนื้อ-ข้อต่อ,,,กล่อง,8850769020861,100,NULL,FALSE,FALSE,NULL,,,NULL,NULL,NULL,NULL,NULL,NULL,1,NULL
6068,1,102996,ทาราด้า แรดสเปรย์ (12 ml),NULL,NULL,ขย.9,NULL,ยาใช้เฉพาะที่,,,ขวด,8854630000013,100,NULL,FALSE,FALSE,NULL,,,NULL,NULL,NULL,NULL,NULL,NULL,1,NULL
6069,1,102997,ทาราด้า แรดสเปรย์ (12 ml),NULL,NULL,ขย.9,NULL,ยาใช้เฉพาะที่,,,ขวด,8854630000013,100,NULL,FALSE,FALSE,NULL,,,NULL,NULL,NULL,NULL,NULL,NULL,1,NULL
6070,1,102998,Chlor Oph Eye Drops 5 ml ,CHLORAMPHENICOL,NULL,ขย.9,ขย.9,ยาหู ตา คอ จมูก,,,ขวด,8854927000764,100,NULL,FALSE,FALSE,NULL,,,NULL,NULL,NULL,NULL,NULL,NULL,1,NULL
6071,1,102999, MYDERMIC Cream 15g,NEOMYCIN,NULL,ขย.9,ขย.9,ยาระบบการติดเชื้อ,,,กล่อง,8852294703158,100,NULL,FALSE,FALSE,NULL,,,NULL,NULL,NULL,NULL,NULL,NULL,1,NULL
6072,1,103000,VISTRA BACOPA 300mg ขวด 30's,NULL,NULL,ขย.9,ขย.9,วิตามินและอาหารเสริม,,,ขวด,8851515605769,100,NULL,FALSE,FALSE,NULL,,,NULL,NULL,NULL,NULL,NULL,NULL,1,NULL
6073,1,103001,AMK dry 457 mg ขวด 70ml,AMOX+CLAVU,PENICILLINS,ขย.9,ขย.9,ยาระบบการติดเชื้อ,,,ขวด,8852673003329,100,NULL,FALSE,FALSE,NULL,,,NULL,NULL,NULL,NULL,NULL,NULL,1,NULL
6074,1,103002,PATAR-COM ขวด 100's,MULTIVITAMINS & MINERALS,VITAMINS & MINERALS,ขย.9,ขย.9,วิตามินและอาหารเสริม,,,ขวด,8855011000783,100,NULL,FALSE,FALSE,NULL,,,NULL,NULL,NULL,NULL,NULL,NULL,1,NULL
6075,1,103003,FLOXCIPRO 500mg 10's,CIPROFLOXACIN,ANTIBIOTICS,ขย.9,ขย.9,ยาระบบการติดเชื้อ,,,แผง,8855451001852,100,NULL,FALSE,FALSE,NULL,,,NULL,NULL,NULL,NULL,NULL,NULL,1,NULL
6076,1,103004, FUCIDIN Cream 5g,NULL,NULL,ขย.9,ขย.9,ยาระบบการติดเชื้อ,,,หลอด,5702191029857,100,NULL,FALSE,FALSE,NULL,,,NULL,NULL,NULL,NULL,NULL,NULL,1,NULL
6077,1,103005,ONCE Dialyze วันซ์ ไดอะไลซ์ กลิ่นวานิลลา 400g,NULL,NULL,ขย.9,NULL,อุปกรณ์ทางการแพทย์,,,กระป๋อง,8852629000334,100,NULL,FALSE,FALSE,NULL,,,NULL,NULL,NULL,NULL,NULL,NULL,1,NULL
6078,1,103006,POLIZINE 25mg     10',HYDROXYZINE,ANTIHISTAMINES & ANTIALLERGICS,ขย.9,NULL,ยาหู ตา คอ จมูก,,,แผง,8852645261306,,NULL,FALSE,FALSE,NULL,,,NULL,NULL,NULL,NULL,NULL,100,1,NULL
6079,1,103007,Artrodar 50mg  30',NULL,NULL,ขย.9,ขย.9,ยาระบบกล้ามเนื้อ-ข้อต่อ,,,กล่อง,7795371000195,100,NULL,FALSE,FALSE,NULL,,,NULL,NULL,NULL,NULL,NULL,NULL,1,NULL
6080,1,103008,KINTAL B  10',PARACETAMOL+IBUPROFEN,NULL,ขย.9,NULL,ยาระบบกล้ามเนื้อ-ข้อต่อ,,,แผง,8852978009798,100,NULL,FALSE,FALSE,NULL,,,NULL,NULL,NULL,NULL,NULL,NULL,1,NULL
6081,1,103009,Alcohol  Mega สำลีชุบเอทิลแอลกอฮอล์,ETHYL ALCOHOL,NULL,ขย.9,ขย.9,อุปกรณ์ทางการแพทย์,,,แผง,8858793204127,100,NULL,FALSE,FALSE,NULL,,,NULL,NULL,NULL,NULL,NULL,NULL,1,NULL
6082,1,103010,CHLOR-PYRAD Ointment หลอด 15g,CHLORAMPHENICOL,NULL,ขย.9,ขย.9,ยาใช้เฉพาะที่,,,หลอด,8853428000976,100,NULL,FALSE,FALSE,NULL,,,NULL,NULL,NULL,NULL,NULL,NULL,1,NULL
6083,1,103011,ฟ้าทะลายโจรสกัด 20 mg ขาวละออ 30's,NULL,NULL,ขย.9,NULL,"ยาสมุนไพร, ยาแผนโบราณ",,,ขวด,8850138012787,100,NULL,FALSE,FALSE,NULL,,,NULL,NULL,NULL,NULL,NULL,NULL,1,NULL
6084,1,103012,เต่าเกียบโลก แป้งระงับกลิ่นกาย Lavender 22 g.,NULL,NULL,ขย.9,NULL,เบ็ดเตล็ด,,,ขวด,8857200098489,,NULL,FALSE,FALSE,NULL,,,NULL,NULL,NULL,NULL,NULL,NULL,,NULL
6085,1,103013,เฮโมวิต แอคทีฟ โสมสกัด 31 เม็ด(สีส้ม),MULTIVITAMINS & MINERALS,VITAMINS & MINERALS,ขย.9,ขย.9,วิตามินและอาหารเสริม,,,ขวด,8851847000300,100,NULL,FALSE,FALSE,NULL,,,NULL,NULL,NULL,NULL,NULL,NULL,1,NULL
6086,1,103014,ที แมน โลชั่น 30 มล. (สูตรน้ำนม),TRIAMCINOLONE ACETONIDE,STEROIDS,ขย.9,ขย.9,ยาใช้เฉพาะที่,,,ขวด,8856513003685,100,NULL,FALSE,FALSE,NULL,,,NULL,NULL,NULL,NULL,NULL,NULL,1,NULL
6087,1,103015,Vitamin C 50mg    20',MULTIVITAMINS & MINERALS,VITAMINS & MINERALS,ขย.9,NULL,วิตามินและอาหารเสริม,,,ซอง,8855011000837,100,NULL,FALSE,FALSE,NULL,,,NULL,NULL,NULL,NULL,NULL,NULL,1,NULL
6088,1,103016,Vita-C  25mg   30',MULTIVITAMINS & MINERALS,VITAMINS & MINERALS,ขย.9,NULL,วิตามินและอาหารเสริม,,,ซอง,8856513000127,100,NULL,FALSE,FALSE,NULL,,,NULL,NULL,NULL,NULL,NULL,NULL,1,NULL
6089,1,103017,Lucinar cream  5g,FUSIDIC ACID,ANTIBIOTICS,ขย.9,NULL,ยาระบบการติดเชื้อ,,,หลอด,8853428002161,100,NULL,FALSE,FALSE,NULL,,,0,0,0,0,0,0,,/uploads/103017_1.jpg
6090,1,103018,FUCICORT Cream 5g,FUSIDIC ACID+BETAMETHASONE,ANTIBIOTIC & CORTICOSTEROID,ขย.9,ขย.9,ยาระบบการติดเชื้อ,,,หลอด,5702191029680,100,NULL,FALSE,FALSE,NULL,,,NULL,NULL,NULL,NULL,NULL,NULL,1,NULL
6091,1,103019,เยนเชี่ยนไวโอเลต เสือดาว 15 ml,NULL,NULL,ขย.9,NULL,ยาใช้เฉพาะที่,,,ขวด,8853042002509,100,NULL,FALSE,FALSE,NULL,,,NULL,NULL,NULL,NULL,NULL,NULL,1,NULL
6092,1,103020,Hytisone Cream 1%   5gS,HYDROCORTISONE ACETATE,STEROIDS,ขย.9,-,ยาใช้ภายนอก,,,หลอด,8853871004873,100,NULL,FALSE,FALSE,NULL,,,0,0,0,0,0,0,,/uploads/103020_1.jpg
6093,1,103021,Probufen 400 mg  10'  เม็ดรี,IBUPROFEN,NSAIDs,ขย.9,ขย.9,ยาระบบกล้ามเนื้อ-ข้อต่อ,,,แผง,8859441342246,100,NULL,FALSE,FALSE,NULL,,,NULL,NULL,NULL,NULL,NULL,NULL,1,NULL
6094,1,103022,Alben-VC  400 mg  10ml,ALBENDAZOLE,NULL,ขย.9,NULL,ยาน้ำสำหรับเด็ก,,,NULL,8858252001274,100,NULL,FALSE,FALSE,NULL,,,NULL,NULL,NULL,NULL,NULL,NULL,1,NULL
6095,1,103023,Celxib 400 mg  10',CELECOXIB,NSAIDs,ขย.9,ขย.9,ยาระบบกล้ามเนื้อ-ข้อต่อ,,,กล่อง,8853935030664,100,NULL,FALSE,FALSE,NULL,,,NULL,NULL,NULL,NULL,NULL,NULL,1,NULL
6096,1,103024,YES Dietary supplement 4',NULL,NULL,ขย.9,NULL,วิตามินและอาหารเสริม,,,กล่อง,8859455100733,100,NULL,FALSE,FALSE,NULL,,,NULL,NULL,NULL,NULL,NULL,NULL,1,NULL
6097,1,103025,CHLORPHEN-Y  4 mg    20',CHLORAMPHENICOL,NULL,ขย.9,ขย.9,NULL,,,NULL,8852197120304,100,NULL,FALSE,FALSE,NULL,,,NULL,NULL,NULL,NULL,NULL,NULL,1,NULL
6098,1,103026,Tigerplast LeoPovidone 15 ml,POVIDONE-IODIDE,NULL,ขย.9,NULL,ยาใช้ภายนอก,,,ขวด,8850195770163,100,NULL,FALSE,FALSE,NULL,,,NULL,NULL,NULL,NULL,NULL,NULL,1,NULL
6099,1,103027,ยาดม หงษ์ไทย สูตร2 ขนาด 40 กรัม ราคา 1โหล,METHYL SALICYLATE+MENTHOL+EUGENOL,MOUTH/THROAT PREPARATIONS,ขย.9,NULL,"ยาสมุนไพร, ยาแผนโบราณ",,,แพ็ค,103027,100,NULL,FALSE,FALSE,NULL,,,NULL,NULL,NULL,NULL,NULL,NULL,1,NULL
6100,1,103028,CLOXA T.O. 250mg DRY FORTE,NULL,PENICILLINS,ขย.9,ขย.9,ยาระบบการติดเชื้อ,,,ขวด,8851881611395,100,NULL,FALSE,FALSE,NULL,,,NULL,NULL,NULL,NULL,NULL,NULL,1,NULL
6101,1,103029,Klobecort Milky Lotion 30g,CLOBETASONE,STEROIDS,ขย.9,ขย.9,ยาใช้ภายนอก,,,กล่อง,8850884135075,100,NULL,FALSE,FALSE,NULL,,,NULL,NULL,NULL,NULL,NULL,NULL,1,NULL
6102,1,103030,MYOXAN  50mg  10',TOLPERISONE HCL,MUSCLE RELAXANTS,ขย.9,ขย.9,ยาระบบกล้ามเนื้อ-ข้อต่อ,,,แผง,103030,100,NULL,FALSE,FALSE,NULL,,,NULL,NULL,NULL,NULL,NULL,NULL,1,NULL
6103,1,103031,Nexcare Transpore 1 นิ้ว*10หลา,NULL,NULL,ขย.9,ขย.9,อุปกรณ์ทางการแพทย์,,,กล่อง,8850304013198,100,NULL,FALSE,FALSE,NULL,,,NULL,NULL,NULL,NULL,NULL,NULL,1,NULL
6104,1,103032,Painpyrin  10'  BM Pharmacy,PARACETAMOL + ORPHENADRINE,MUSCLE RELAXANTS,ขย.9,NULL,แก้ปวด ลดอักเสบ,,,กล่อง,8853174002842,100,NULL,FALSE,FALSE,NULL,,,NULL,NULL,NULL,NULL,NULL,NULL,1,NULL
6105,1,103033,Clobetate Scalp 30 ml,CLOBETASONE,STEROIDS,ขย.9,NULL,ยาใช้เฉพาะที่,,,ขวด,8852645511142,,NULL,FALSE,FALSE,NULL,,,NULL,NULL,NULL,NULL,NULL,NULL,,NULL
6106,1,103034,EUCALYPTUS จิงโจ้ ขวด 8.5 ml,NULL,NULL,ขย.9,ขย.9,ยาใช้ภายนอก,,,ขวด,8850672050054,100,NULL,FALSE,FALSE,NULL,,,NULL,NULL,NULL,NULL,NULL,NULL,1,NULL
6107,1,103036,Moridon-M  10 mg,DOMPERIDONE,ANTIEMETICS & ANTIVERTIGO DRUG,ขย.9,NULL,ยาทางเดินอาหาร,,,แผง,8858022002050,100,NULL,FALSE,FALSE,NULL,,,NULL,NULL,NULL,NULL,NULL,NULL,1,NULL
6108,1,103037,Dextromethorphan 15 mg   10' HK,Dextromethorphan Hydrobromide,Antitussives,ขย.9,ขย.11,ยาหู ตา คอ จมูก,,,แผง,8859045302400,100,NULL,FALSE,FALSE,NULL,,,NULL,NULL,NULL,NULL,NULL,NULL,1,NULL
6109,1,103038,Medifast 60 mg   10',FEXOFENADINE,ANTIHISTAMINES & ANTIALLERGICS,ขย.9,NULL,ยาหู ตา คอ จมูก,,,แผง,8855451003436,100,NULL,FALSE,FALSE,NULL,,,NULL,NULL,NULL,NULL,NULL,NULL,1,NULL
6110,1,103039,10% ไดอะบีเดิร์ม ครีม  15 กรัม,UREA,NULL,ขย.9,NULL,ยาใช้ภายนอก,,,หลอด,8858992500051,100,NULL,FALSE,FALSE,NULL,,,NULL,NULL,NULL,NULL,NULL,NULL,1,NULL
6111,1,103040,20% ไดอะบีเดิร์ม ครีม  15 กรัม,UREA,NULL,ขย.9,NULL,ยาใช้ภายนอก,,,หลอด,8858992500068,100,NULL,FALSE,FALSE,NULL,,,NULL,NULL,NULL,NULL,NULL,NULL,1,NULL
6112,1,103041,Bepanthen Firat Aid 3.5g,NULL,NULL,ขย.9,NULL,ยาใช้ภายนอก,,,กล่อง,4057599007701,100,NULL,FALSE,FALSE,NULL,,,NULL,NULL,NULL,NULL,NULL,NULL,1,NULL
6113,1,103042,Momate Cream  5g,MOMETASONE FUROATE,NULL,ขย.9,NULL,ยาใช้ภายนอก,,,หลอด,8904091101603,100,NULL,FALSE,FALSE,NULL,,,NULL,NULL,NULL,NULL,NULL,NULL,1,NULL
6114,1,103043,Canesten  Vaginal  6's,CLOTRIMAZOLE,ANTIFUNGALS,ขย.9,NULL,ยาระบบการติดเชื้อ,,,NULL,8850172231007,100,NULL,FALSE,FALSE,NULL,,,NULL,NULL,NULL,NULL,NULL,NULL,1,NULL
6115,1,103044,Nurasic  10'  T.O.,PARACETAMOL + ORPHENADRINE,NULL,ขย.9,NULL,ยาระบบกล้ามเนื้อ-ข้อต่อ,,,แผง,8851881168226,100,NULL,FALSE,FALSE,NULL,,,NULL,NULL,NULL,NULL,NULL,NULL,1,NULL
6116,1,103045,พลาสเตอร์ ฟิคโซมูลล SOS 10cm X 1m (RS8),NULL,NULL,ขย.9,NULL,อุปกรณ์ทางการแพทย์,,,กล่อง,8859243306712,100,NULL,FALSE,FALSE,NULL,,,NULL,NULL,NULL,NULL,NULL,NULL,1,NULL
6117,1,103046,พลาสเตอร์ SOS คิตตี้ 8 แผ่น รุ่น P1,NULL,NULL,ขย.9,NULL,อุปกรณ์ทางการแพทย์,,,กล่อง,8859243308198,100,NULL,FALSE,FALSE,NULL,,,NULL,NULL,NULL,NULL,NULL,NULL,1,NULL
6118,1,103047,น้ำมันตรานกอินทรีย์  12 ml,MENTHOL,NULL,ขย.9,NULL,"ยาสมุนไพร, ยาแผนโบราณ",,,ขวด,8888951888784,100,NULL,FALSE,FALSE,NULL,,,NULL,NULL,NULL,NULL,NULL,NULL,1,NULL
6119,1,103048,BioCotton  Gauze  Sterlie 2*2,NULL,NULL,ขย.9,NULL,อุปกรณ์ทางการแพทย์,,,ซอง,8853699000309,100,NULL,FALSE,FALSE,NULL,,,NULL,NULL,NULL,NULL,NULL,NULL,1,NULL
6120,1,103049,Ranclav 1 G    12',AMOX+CLAVU,PENICILLINS,ขย.9,NULL,ยาระบบการติดเชื้อ,,,กล่อง,8901296049068,100,NULL,FALSE,FALSE,NULL,,,NULL,NULL,NULL,NULL,NULL,NULL,1,NULL
6121,1,103050,ยาหม่องขาว ตราลิงถือลูกท้อ ขนาด 12 กรัม,NULL,NULL,ขย.9,NULL,ยาสามัญประจำบ้าน,,,ขวด,8858099000072,100,NULL,FALSE,FALSE,NULL,,,NULL,NULL,NULL,NULL,NULL,NULL,1,NULL
6122,1,103051,ยาน้ำแก้ไอ ยูอีคอฟ มะขามป้อมน้ำผึ้งมะนาว ซีดี120 ซีซี,NULL,NULL,ขย.9,NULL,"ยาสมุนไพร, ยาแผนโบราณ",,,ขวด,8858704602776,100,NULL,FALSE,FALSE,NULL,,,NULL,NULL,NULL,NULL,NULL,NULL,1,NULL
6123,1,103052,NUROFEN  60 ml,IBUPROFEN,NSAIDs,ขย.9,NULL,ยาน้ำสำหรับเด็ก,,,ขวด,8851198420116,100,NULL,FALSE,FALSE,NULL,,,NULL,NULL,NULL,NULL,NULL,NULL,1,NULL
6124,1,103053,Combif AR กล่อง (1x10's),NULL,NULL,ขย.9,NULL,ยาทางเดินอาหาร,,,กล่อง,8857430003291,100,NULL,FALSE,FALSE,NULL,,,NULL,NULL,NULL,NULL,NULL,NULL,1,NULL
6125,1,103054,Clinivate-N cream  35 g,BETAMETHASONE + NEOMYCIN,STEROIDS,ขย.9,NULL,ยาใช้ภายนอก,,,หลอด,8858992501034,100,NULL,FALSE,FALSE,NULL,,,NULL,NULL,NULL,NULL,NULL,NULL,1,NULL
6126,1,103055,ธาตุน้ำขาว ตรากระต่ายบิน 450 ml,GUAIFENESIN,NULL,ขย.9,NULL,ยาทางเดินอาหาร,,,ขวด,8851847000997,100,NULL,FALSE,FALSE,NULL,,,NULL,NULL,NULL,NULL,NULL,NULL,1,NULL
6127,1,103056,METFORMIN 500mg   10',METFORMIN,ANTIDIABETIC,ขย.9,NULL,NULL,,,แผง,8855451000275,100,NULL,FALSE,FALSE,NULL,,,NULL,NULL,NULL,NULL,NULL,NULL,1,NULL
6128,1,103057,FAMOSIA  40 mg,FAMOTIDINE,NULL,ขย.9,NULL,ยาทางเดินอาหาร,,,แผง,8856351008163,100,NULL,FALSE,FALSE,NULL,,,NULL,NULL,NULL,NULL,NULL,NULL,1,NULL
6129,1,103058,ACE+MED เข็มตรวจน้ำตาล 100'S,NULL,NULL,ขย.9,NULL,อุปกรณ์ทางการแพทย์,,,กล่อง,6973004060018,100,NULL,FALSE,FALSE,NULL,,,NULL,NULL,NULL,NULL,NULL,NULL,1,NULL
6130,1,103059,ยาดมสมุนไพรตราหนุมาน+จุกยาดม 3กรัม,NULL,NULL,ขย.9,NULL,"ยาสมุนไพร, ยาแผนโบราณ",,,กระปุก,8857128671474,,NULL,FALSE,FALSE,NULL,,,NULL,NULL,NULL,NULL,NULL,NULL,,NULL
6131,1,103060,HIP COVID-19+FLU A/B+RSV ATK (4IN1),NULL,NULL,ขย.9,NULL,อุปกรณ์ทางการแพทย์,,,กล่อง,8859739300347,100,NULL,FALSE,FALSE,NULL,,,NULL,NULL,NULL,NULL,NULL,NULL,1,NULL
6132,1,103061,ไรโนบัน เจล ไอซ์บลู 7x10 cm. 2 ชิ้น,NULL,NULL,ขย.9,NULL,ยาใช้เฉพาะที่,,,ซอง,8858758201710,100,NULL,FALSE,FALSE,NULL,,,NULL,NULL,NULL,NULL,NULL,NULL,1,NULL
6133,1,103062,Alsoff cotton 8 ก้อน/แผง,NULL,NULL,ขย.9,NULL,ยาใช้เฉพาะที่,,,แผง,8853042000253,,NULL,FALSE,FALSE,NULL,,,NULL,NULL,NULL,NULL,NULL,NULL,,NULL
6134,1,103063,OLIVE OIL น้ำมันมะกอก ศิริบัญชา 450 ml,NULL,NULL,ขย.9,NULL,เครื่องสำอางและผลิตภัณฑ์ค,,,ขวด,8851124214505,100,NULL,FALSE,FALSE,NULL,,,NULL,NULL,NULL,NULL,NULL,NULL,1,NULL
6135,1,103064,3M NEXCARE ปิดสิว กล่อง 18 ชิ้น (กลม),NULL,NULL,ขย.9,NULL,เครื่องสำอางและผลิตภัณฑ์ค,,,กล่อง,8850304072140,100,NULL,FALSE,FALSE,NULL,,,NULL,NULL,NULL,NULL,NULL,NULL,1,NULL
6136,1,103065,BLACKMORES ASTAXANTHIN 6mg Plus ขวด 30's,MULTIVITAMINS & MINERALS,NULL,ขย.9,-,วิตามินและอาหารเสริม,,,ขวด,93553254,100,NULL,FALSE,FALSE,NULL,,,0,0,0,0,0,0,,/uploads/103065_1.jpg
6137,1,103066,MEGA ASTAX 6mg กล่อง 3X10's,MULTIVITAMINS & MINERALS,NULL,ขย.9,NULL,วิตามินและอาหารเสริม,,,กล่อง,8850769021943,100,NULL,FALSE,FALSE,NULL,,,NULL,NULL,NULL,NULL,NULL,NULL,1,NULL
6138,1,103067,ASEPSO Soap ก้อน 80g กล่องแดง,NULL,NULL,ขย.9,NULL,"สบู่,  สบู่เหลว,  ครีมอาบ",,,กล่อง,7640129890101,100,NULL,FALSE,FALSE,NULL,,,NULL,NULL,NULL,NULL,NULL,NULL,1,NULL
6139,1,103068,CETRIZIN  10'  ยกกล่อง 10,NULL,ANTIASTHMATIC PREPARATIONS,ขย.9,NULL,ยาหู ตา คอ จมูก,,,กล่อง,0,100,NULL,FALSE,FALSE,NULL,,,NULL,NULL,NULL,NULL,NULL,NULL,1,NULL
6140,1,103069,Phindroz Nasal Spray 10ml,OXYMETAZOLINE,NULL,ขย.9,NULL,ยาหู ตา คอ จมูก,,,ขวด,8851473008893,100,NULL,FALSE,FALSE,NULL,,,NULL,NULL,NULL,NULL,NULL,NULL,1,NULL
6141,1,103070,NORA Cream 5g,KETOCONAZOLE,ANTIFUNGALS,NULL,ขย.9,ยาใช้ภายนอก,,,หลอด,8851473001658,100,NULL,FALSE,FALSE,NULL,,,NULL,NULL,NULL,NULL,NULL,NULL,1,NULL
6142,1,103071,NINAZOL Cream 5 g.,KETOCONAZOLE,ANTIFUNGALS,ขย.9,NULL,ยาใช้ภายนอก,,,หลอด,8851881713624,100,NULL,FALSE,FALSE,NULL,,,NULL,NULL,NULL,NULL,NULL,NULL,1,NULL
6143,1,103072,DIPROSONE Cream 15g,BETAMETHASONE,NULL,ขย.9,NULL,ยาใช้ภายนอก,,,หลอด,840164515909,100,NULL,FALSE,FALSE,NULL,,,NULL,NULL,NULL,NULL,NULL,NULL,1,NULL
6144,1,103073,SYRINGE NIPRO (ให้อาหาร) 50ml  ปลายยาว,NULL,NULL,ขย.9,NULL,อุปกรณ์ทางการแพทย์,,,หลอด,103073,100,NULL,FALSE,FALSE,NULL,,,NULL,NULL,NULL,NULL,NULL,NULL,1,NULL
6145,1,103074,ASUMOL PARA 500mg (AU) 100's ขาวกลม,PARACETAMOL,NULL,ขย.9,NULL,ยาสามัญประจำบ้าน,,,ขวด,8858850301004,100,NULL,FALSE,FALSE,NULL,,,NULL,NULL,NULL,NULL,NULL,NULL,1,NULL
6146,1,103075,DUTROSS KIDS รสผลไม้รวม  60 ml,BROMHEXINE,NULL,ขย.9,NULL,ยาน้ำสำหรับเด็ก,,,ขวด,8851473000392,100,NULL,FALSE,FALSE,NULL,,,NULL,NULL,NULL,NULL,NULL,NULL,1,NULL
6147,1,103076,ยาหม่องทองไทเกอร์ สูตรร้อน ออริจินอล 50g,NULL,NULL,ขย.9,NULL,"ยาสมุนไพร, ยาแผนโบราณ",,,ขวด,8859582300051,100,NULL,FALSE,FALSE,NULL,,,NULL,NULL,NULL,NULL,NULL,NULL,1,NULL
6148,1,103077,Para  MYmol  10',PARACETAMOL,ANALGESICS & MUSCLE RELAXANTS ,NULL,ขย.9,ยาสามัญประจำบ้าน,,,แผง,8851467011175,100,NULL,FALSE,FALSE,NULL,,,NULL,NULL,NULL,NULL,NULL,NULL,1,NULL
6149,1,103078,ALCOHOL Gel ศิริบัญชา 450 ml,ETHYL ALCOHOL,NULL,ขย.9,NULL,ยาใช้เฉพาะที่,,,ขวด,8851124994506,100,NULL,FALSE,FALSE,NULL,,,NULL,NULL,NULL,NULL,NULL,NULL,1,NULL
6150,1,103079,ยาชงสมุนไพร ตราฟิตเน่ บรรจุ 40 ซอง,NULL,NULL,ขย.9,NULL,"ยาสมุนไพร, ยาแผนโบราณ",,,ถุง,8850369010279,,NULL,FALSE,FALSE,NULL,,,NULL,NULL,NULL,NULL,NULL,NULL,,NULL
6151,1,103080,AMBROCIN 30mg    10',AMBROXOL,MUCOLYTIC,ขย.9,ขย.9,ยาหู ตา คอ จมูก,,,แผง,8855451001562,100,NULL,FALSE,FALSE,NULL,,,NULL,NULL,NULL,NULL,NULL,NULL,1,NULL
6152,1,103081,ASUMOL (รสสตรอเบอรี่) 60 ml,PARACETAMOL,NULL,ขย.9,NULL,ยาน้ำสำหรับเด็ก,,,ขวด,8858850301028,100,NULL,FALSE,FALSE,NULL,,,NULL,NULL,NULL,NULL,NULL,NULL,1,NULL
6153,1,103082,ASUMOL (รสส้ม) 60 ml,PARACETAMOL,NULL,ขย.9,NULL,ยาน้ำสำหรับเด็ก,,,ขวด,8852737710422,100,NULL,FALSE,FALSE,NULL,,,NULL,NULL,NULL,NULL,NULL,NULL,1,NULL
6154,1,103083,PROZONE  10' Ibu400 mg เม็ดกลมชมพู,IBUPROFEN,NSAIDs,ขย.9,NULL,แก้ปวด ลดอักเสบ,,,แผง,8858850301097,100,NULL,FALSE,FALSE,NULL,,,0,0,0,0,0,0,,/uploads/103083_1.jpg
6155,1,103084,Anpuzz 520 1x10 กล่อง,MEFENAMIC ACID+DICYCLOMINE HCL,NSAIDs,ขย.9,NULL,แก้ปวด ลดอักเสบ,,,กล่อง,8851473008220,,NULL,FALSE,FALSE,NULL,,,NULL,NULL,NULL,NULL,NULL,NULL,,NULL
6156,1,103085,Naprosian 1x10 tab,NAPROXEN SODIUM,NSAIDs,ขย.9,NULL,แก้ปวด ลดอักเสบ,,,แผง,8856351006978,,NULL,FALSE,FALSE,NULL,,,NULL,NULL,NULL,NULL,NULL,NULL,,NULL
6157,1,103086,ชุดสังฐาน  10 รายการ,NULL,NULL,ขย.9,NULL,เบ็ดเตล็ด,,,ชุด,103086,100,NULL,FALSE,FALSE,NULL,,,NULL,NULL,NULL,NULL,NULL,NULL,1,NULL
6158,1,103087,TIMI Cream หลอด 15g,MICONAZOLE + TRIAMCINOLONE,ANTIFUNGALS,ขย.9,NULL,ยาใช้ภายนอก,,,หลอด,8850239002793,100,NULL,FALSE,FALSE,NULL,,,NULL,NULL,NULL,NULL,NULL,NULL,1,NULL
6159,1,103088,Jelly me Fiber  1'  30g,NULL,VITAMINS & MINERALS,ขย.9,NULL,วิตามินและอาหารเสริม,,,ซอง,8856082005653,100,NULL,FALSE,FALSE,NULL,,,NULL,NULL,NULL,NULL,NULL,NULL,1,NULL
6160,1,103089,Hepatolac ยาระบาย 100 ml,LACTULOSE,NULL,ขย.9,NULL,ยาทางเดินอาหาร,,,ขวด,8852616201393,100,NULL,FALSE,FALSE,NULL,,,NULL,NULL,NULL,NULL,NULL,NULL,1,NULL
6161,1,103090,AVAMYS Nasal Spray (27.5mcg) 120 sprays,FLUTICASONE FUROATE,STEROIDS,ขย.9,NULL,ยาหู ตา คอ จมูก,,,ขวด,8851007197093,100,NULL,FALSE,FALSE,NULL,,,NULL,NULL,NULL,NULL,NULL,NULL,1,NULL
6162,1,103091,DURATEARS ขี้ผึ้งป้ายตา หลอด 3.5g,NULL,NULL,ขย.9,NULL,ยาหู ตา คอ จมูก,,,หลอด,5413895056864,100,NULL,FALSE,FALSE,NULL,,,NULL,NULL,NULL,NULL,NULL,NULL,1,NULL
6163,1,103092,ROBERT ขวดเล็ก 2 oz.,NULL,NULL,ขย.9,NULL,ยาใช้ภายนอก,,,ขวด,103092,100,NULL,FALSE,FALSE,NULL,,,NULL,NULL,NULL,NULL,NULL,NULL,1,NULL
6164,1,103093,TRANSAMIN 250mg (100 เม็ด),NULL,NULL,ขย.9,NULL,ยาในโรคเรื้อรัง (Drug for,,,ขวด,8854642001169,100,NULL,FALSE,FALSE,NULL,,,NULL,NULL,NULL,NULL,NULL,NULL,1,NULL
6165,1,103094,Smooth E cream 40 g.,NULL,NULL,ขย.9,NULL,เครื่องสำอางและผลิตภัณฑ์ค,,,กล่อง,9300807013656,,NULL,FALSE,FALSE,NULL,,,NULL,NULL,NULL,NULL,NULL,NULL,,NULL
6166,1,103095,ISOTRATE 10mg,ISOSORBIDE DINITRATE,NULL,ขย.9,NULL,ยาในโรคเรื้อรัง (Drug for,,,แผง,103095,100,NULL,FALSE,FALSE,NULL,,,NULL,NULL,NULL,NULL,NULL,NULL,1,NULL
6167,1,103096,NIKP - Manidipine 10 mg,MANIDIPINE,ANTIHYPERTENSIVES,ขย.9,NULL,ยาในโรคเรื้อรัง (Drug for,,,กล่อง,8859199600100,100,NULL,FALSE,FALSE,NULL,,,NULL,NULL,NULL,NULL,NULL,NULL,1,NULL
6168,1,103098,Medifast 180 mg กล่อง (1x10's),FEXOFENADINE,ANTIHISTAMINES & ANTIALLERGICS,ขย.9,NULL,ยาระบบทางเดินหายใจ,,,กล่อง,8855451003269,100,NULL,FALSE,FALSE,NULL,,,NULL,NULL,NULL,NULL,NULL,NULL,1,NULL
6169,1,103099,ถุงมือการแพทย์ ซาโตรี่ ไซต์ S 100ชิ้น/กล่อง ไม่มีแป้ง,NULL,NULL,ขย.9,NULL,อุปกรณ์ทางการแพทย์,,,กล่อง,8859130618928,100,NULL,FALSE,FALSE,NULL,,,NULL,NULL,NULL,NULL,NULL,NULL,1,NULL
6170,1,103100,Standard  LS Support No. XL สีเนื้อ 410 รุ่นหนา,NULL,NULL,ขย.9,NULL,อุปกรณ์ทางการแพทย์,,,กล่อง,8859305400815,100,NULL,FALSE,FALSE,NULL,,,NULL,NULL,NULL,NULL,NULL,NULL,1,NULL
6171,1,103101,Aeroninde 200 mcg  (ฺBudesonide Inhaler),NULL,NULL,ขย.9,NULL,ยาระบบทางเดินหายใจ,,,กล่อง,8851090012600,100,NULL,FALSE,FALSE,NULL,,,NULL,NULL,NULL,NULL,NULL,NULL,1,NULL
6172,1,103102,BETADINE Throat Spray 25 ml,POVIDONE-IODIDE,NULL,ขย.9,NULL,ยาหู ตา คอ จมูก,,,กล่อง,8859262300630,100,NULL,FALSE,FALSE,NULL,,,NULL,NULL,NULL,NULL,NULL,NULL,1,NULL
6173,1,103103,VISTRA Intel Activ B Complex 30's,MULTIVITAMINS & MINERALS,NULL,ขย.9,NULL,วิตามินและอาหารเสริม,,,ขวด,8851515608586,100,NULL,FALSE,FALSE,NULL,,,NULL,NULL,NULL,NULL,NULL,NULL,1,NULL
6174,1,103104,ครีมอาบน้ำด็ก PROVAMED Babini เฮด ทู โท วอช 480 ml,NULL,NULL,ขย.9,NULL,ผลิตภัณท์เด็ก,,,ขวด,8858761809798,100,NULL,FALSE,FALSE,NULL,,,NULL,NULL,NULL,NULL,NULL,NULL,1,NULL
6175,1,103105,EUGICA Mouth spray 10 ML,NULL,NULL,ขย.9,NULL,ยาหู ตา คอ จมูก,,,กล่อง,8850769019889,100,NULL,FALSE,FALSE,NULL,,,NULL,NULL,NULL,NULL,NULL,NULL,1,NULL
6176,1,103106,Umbili สติ๊กเกอร์หอมแดง Good Night  1',NULL,NULL,NULL,NULL,ยาระบบทางเดินหายใจ,,,ซอง,8857128990414,100,NULL,FALSE,FALSE,NULL,,,NULL,NULL,NULL,NULL,NULL,NULL,1,NULL
6177,1,103107,MANO TAB ขวด 72's,CYPROHEPTADINE,ANTIHISTAMINES & ANTIALLERGICS,ขย.9,NULL,ยาระบบทางเดินหายใจ,,,ขวด,8858148000367,100,NULL,FALSE,FALSE,NULL,,,NULL,NULL,NULL,NULL,NULL,NULL,1,NULL
6178,1,103108,ZYDON Syrup 60 ml  (Cetirizine 5 mg),CETIRIZINE,ANTIHISTAMINES & ANTIALLERGICS,ขย.9,NULL,ยาระบบทางเดินหายใจ,,,ขวด,8858645601173,100,NULL,FALSE,FALSE,NULL,,,NULL,NULL,NULL,NULL,NULL,NULL,1,NULL
6179,1,103109,B-FOLIC ขวด 100's,MULTIVITAMINS & MINERALS,VITAMINS & MINERALS,ขย.9,NULL,วิตามินและอาหารเสริม,,,ขวด,8855011000417,100,NULL,FALSE,FALSE,NULL,,,NULL,NULL,NULL,NULL,NULL,NULL,1,NULL
6180,1,103110,MYMIN C 1000mg (60 เม็ด),ASCORBIC ACID,VITAMINS & MINERALS,ขย.9,NULL,วิตามินและอาหารเสริม,,,ขวด,8852294258016,100,NULL,FALSE,FALSE,NULL,,,NULL,NULL,NULL,NULL,NULL,NULL,1,NULL
6181,1,103111,Blackmores BIO C1000 mg Daily IMU+ 30's,MULTIVITAMINS & MINERALS,VITAMINS & MINERALS,ขย.9,NULL,วิตามินและอาหารเสริม,,,ขวด,93575768,100,NULL,FALSE,FALSE,NULL,,,NULL,NULL,NULL,NULL,NULL,NULL,1,NULL
6182,1,103112,FEXLORA KIDS chewable เม็ดเคี้ยว 10's,LORATADINE,ANTIHISTAMINES & ANTIALLERGICS,ขย.9,NULL,ยาหู ตา คอ จมูก,,,กล่อง,8850239005954,100,NULL,FALSE,FALSE,NULL,,,NULL,NULL,NULL,NULL,NULL,NULL,1,NULL
6183,1,103113, DESTA 5 mg 10's,DESLORATADINE,ANTIHISTAMINES & ANTIALLERGICS,ขย.9,NULL,ยาหู ตา คอ จมูก,,,กล่อง,8853466004233,100,NULL,FALSE,FALSE,NULL,,,NULL,NULL,NULL,NULL,NULL,NULL,1,NULL
6184,1,103114,RHINOTAPP Syrup 60ml,BROMPHENIRAMINE+PHENYLPROPANILAMINE,NULL,ขย.9,NULL,ยาน้ำสำหรับเด็ก,,,ขวด,8858022004108,100,NULL,FALSE,FALSE,NULL,,,NULL,NULL,NULL,NULL,NULL,NULL,1,NULL
6185,1,103115,RHINOTAPP Drops 15ml (รสองุ่น),BROMPHENIRAMINE+PHENYLPROPANILAMINE,ANTIHISTAMINES & ANTIALLERGICS,ขย.9,NULL,ยาน้ำสำหรับเด็ก,,,ขวด,8858022005297,100,NULL,FALSE,FALSE,NULL,,,NULL,NULL,NULL,NULL,NULL,NULL,1,NULL
6186,1,103116,BIOTAPLEX-BC  10',MULTIVITAMINS & MINERALS,VITAMINS & MINERALS,ขย.9,NULL,วิตามินและอาหารเสริม,,,แผง,8858722911775,100,NULL,FALSE,FALSE,NULL,,,NULL,NULL,NULL,NULL,NULL,NULL,1,NULL
6187,1,103117,Dermovate Cream 5g GSK,CLOBETASONE,NULL,ขย.9,NULL,ยาใช้ภายนอก,,,หลอด,8851007186493,100,NULL,FALSE,FALSE,NULL,,,NULL,NULL,NULL,NULL,NULL,NULL,1,NULL
6188,1,103118,Dermovate ointment 5g GSK,CLOBETASOL PROPIONATE,NULL,ขย.9,NULL,ยาใช้ภายนอก,,,หลอด,8851007191565,100,NULL,FALSE,FALSE,NULL,,,NULL,NULL,NULL,NULL,NULL,NULL,1,NULL
6189,1,103119,Klean &Kare Nasal Connect อุปกรณ์ต่อขวดล้างจมูก,NULL,NULL,ขย.9,NULL,อุปกรณ์ทางการแพทย์,,,ชิ้น,8854060904349,100,NULL,FALSE,FALSE,NULL,,,NULL,NULL,NULL,NULL,NULL,NULL,1,NULL
6190,1,103120, COLD HOT PACK Hospro (25x11 cm) Size.M,NULL,NULL,ขย.9,NULL,อุปกรณ์ทางการแพทย์,,,กล่อง,8859318002914,100,NULL,FALSE,FALSE,NULL,,,NULL,NULL,NULL,NULL,NULL,NULL,1,NULL
6191,1,103121,เต่าเหยียบโลก แป้งระงับกลิ่นกาย Original 22 g.,NULL,NULL,ขย.9,NULL,เครื่องสำอางและผลิตภัณฑ์ค,,,ขวด,8857200098427,100,NULL,FALSE,FALSE,NULL,,,NULL,NULL,NULL,NULL,NULL,NULL,1,NULL
6192,1,103122,เต่าเหยียบโลก แป้งระงับกลิ่นกาย Sakura 22 g.,NULL,NULL,ขย.9,NULL,เครื่องสำอางและผลิตภัณฑ์ค,,,ขวด,8857200098472,100,NULL,FALSE,FALSE,NULL,,,NULL,NULL,NULL,NULL,NULL,NULL,1,NULL
6193,1,103123,PRED FORTE หยอดตา 5ml,PREDNISOLONE,STEROIDS,ขย.9,NULL,ยาหู ตา คอ จมูก,,,ขวด,4897000500106,100,NULL,FALSE,FALSE,NULL,,,NULL,NULL,NULL,NULL,NULL,NULL,1,NULL
6194,1,103124, น้ำมันมะกอก OLIVE OIL  ศิริบัญชา 60cc,NULL,NULL,ขย.9,NULL,เครื่องสำอางและผลิตภัณฑ์ค,,,ขวด,877214210606,100,NULL,FALSE,FALSE,NULL,,,NULL,NULL,NULL,NULL,NULL,NULL,1,NULL
6195,1,103125,ผ้าอนามัย Sofy  แบ็กการ์ด 35 Cm  กลางคืน,NULL,NULL,NULL,NULL,ผ้าอ้อม,,,ห่อ,8851111162017,100,NULL,FALSE,FALSE,NULL,,,NULL,NULL,NULL,NULL,NULL,NULL,1,NULL
6196,1,103126,ผ้าอนามัย ลอรีเอะ Soft&Safe แบ็กการ์ด 35 cm,NULL,NULL,NULL,NULL,ผ้าอ้อม,,,ห่อ,8851818054998,100,NULL,FALSE,FALSE,NULL,,,NULL,NULL,NULL,NULL,NULL,NULL,1,NULL
6197,1,103127,ผ้าอนามัย Sofy cooling fresh 35cm 6',NULL,NULL,ขย.9,NULL,ผ้าอ้อม,,,ห่อ,8851111160013,100,NULL,FALSE,FALSE,NULL,,,NULL,NULL,NULL,NULL,NULL,NULL,1,NULL
6198,1,103128,ซันไลต์ เลมอน เทอร์โบ 500 มล. ถุงเตฺิม,NULL,NULL,NULL,NULL,เครื่องสำอางและสินค้าอุปโภคบริโภค,,,ถุง,8851932187428,100,NULL,FALSE,FALSE,NULL,,,NULL,NULL,NULL,NULL,NULL,NULL,1,NULL
6199,1,103129,เกลือแร่ CERA กลิ่นผลไม้รวม 25 g,NULL,NULL,ขย.9,NULL,วิตามินและอาหารเสริม,,,ซอง,8859642400233,100,NULL,FALSE,FALSE,NULL,,,NULL,NULL,NULL,NULL,NULL,NULL,1,NULL
6200,1,103130,FORCEPS มีเขี้ยว 13 cm ยี่ห้อ EM E12-0134,NULL,NULL,ขย.9,NULL,อุปกรณ์ทางการแพทย์,,,ชิ้น,8859999000803,100,NULL,FALSE,FALSE,NULL,,,NULL,NULL,NULL,NULL,NULL,NULL,1,NULL
6201,1,103131,STELLA BODY SPRAY PLUS 60ml ,NULL,NULL,ขย.9,NULL,ยาระบบกล้ามเนื้อ-ข้อต่อ,,,กล่อง,8859757300404,100,NULL,FALSE,FALSE,NULL,,,NULL,NULL,NULL,NULL,NULL,NULL,100,NULL
6202,1,103132, VITARA-TX PPE  CR 15g ฝ้า ,NULL,NULL,ขย.9,NULL,เครื่องสำอางและผลิตภัณฑ์ค,,,หลอด,8852660608926,100,NULL,FALSE,FALSE,NULL,,,NULL,NULL,NULL,NULL,NULL,NULL,1,NULL
6203,1,103133,เครื่องวัดความดัน YUWELL รุ่นYE660E มีเสียงพูด (CUFF Size L 22-45cm) ,NULL,NULL,ขย.9,NULL,อุปกรณ์ทางการแพทย์,,,กล่อง,6933257914063,100,NULL,FALSE,FALSE,NULL,,,NULL,NULL,NULL,NULL,NULL,NULL,1,NULL
6204,1,103134,MUAY น้ำมันมวย สเปรย์ 40cc,MEDICINAL CHARCOAL,NULL,ขย.9,NULL,ยาระบบกล้ามเนื้อ-ข้อต่อ,,,ขวด,8858467000109,100,NULL,FALSE,FALSE,NULL,,,NULL,NULL,NULL,NULL,NULL,NULL,1,NULL
6205,1,103135,Evra ยาคุมชนิดแผ่นแปะผิวหนัง 1X3 แผ่น,NULL,CONTRACEPTIVE AGENTS,ขย.9,NULL,ยาคุมกำเนิดและฮอร์โมนทดแท,,,กล่อง,8002660039569,100,NULL,FALSE,FALSE,NULL,,,NULL,NULL,NULL,NULL,NULL,NULL,1,NULL
6206,1,103136,Hicee 100 mg   200',MULTIVITAMINS & MINERALS,VITAMINS & MINERALS,ขย.9,NULL,วิตามินและอาหารเสริม,,,ขวด,8851963172097,100,NULL,FALSE,FALSE,NULL,,,NULL,NULL,NULL,NULL,NULL,NULL,1,NULL
6207,1,103137,FIBRIL 160mg กล่อง 30's  ขายราคากล่อง,FENOFIBRATE,NULL,ขย.9,NULL,ยาในโรคเรื้อรัง (Drug for,,,กล่อง,8852616101013,100,NULL,FALSE,FALSE,NULL,,,NULL,NULL,NULL,NULL,NULL,NULL,1,NULL
6208,1,103138,ตรางู Herbal Night Time Sugar Free 15 ml,NULL,NULL,ขย.9,NULL,ยาหู ตา คอ จมูก,,,ขวด,8852086007242,100,NULL,FALSE,FALSE,NULL,,,0,0,0,0,0,0,,/uploads/103138_1.jpg
6209,1,103139,Xylocaine Jelly 2% 30 g.,LIDOCAINE,LOCAL ANESTHETICS,ขย.9,NULL,ยาใช้เฉพาะที่,,,หลอด,,100,NULL,FALSE,FALSE,NULL,,,NULL,NULL,NULL,NULL,NULL,NULL,1,NULL
6210,1,103140,Lubric Eyes (Lubricant eys drops) 0.8 ml  8 ชิ้น,HYPROMELLOSE,EYE PREPARATIONS,ขย.9,NULL,ยาหู ตา คอ จมูก,,,กล่อง,8850921016251,100,NULL,FALSE,FALSE,NULL,,,NULL,NULL,NULL,NULL,NULL,NULL,1,NULL
6211,1,103141,สบู่สกินเดียว SKINDURE SOAP 60 กรัม,NULL,NULL,ขย.9,NULL,"สบู่,  สบู่เหลว,  ครีมอาบ",,,ก้อน,8858148000428,100,NULL,FALSE,FALSE,NULL,,,NULL,NULL,NULL,NULL,NULL,NULL,1,NULL
6212,1,103142,Industrial back support มีแกนพลาสติกอ่อน size XXL,NULL,NULL,ขย.9,NULL,อุปกรณ์ทางการแพทย์,,,กล่อง,8859305400068,100,NULL,FALSE,FALSE,NULL,,,NULL,NULL,NULL,NULL,NULL,NULL,1,NULL
6213,1,103143,ยาแก้ไอ ตราเสือดาว รสน้ำผึ้งผสมมะนาว 120 ml,NULL,NULL,ขย.9,NULL,"ยาสมุนไพร, ยาแผนโบราณ",,,ขวด,8853287003040,100,NULL,FALSE,FALSE,NULL,,,NULL,NULL,NULL,NULL,NULL,NULL,1,NULL
6214,1,103144,MUCOLID Junior 15 mg (รสสตรอเบอรี่) ขวด 60 ml,AMBROXOL,NULL,ขย.9,NULL,ยาน้ำสำหรับเด็ก,,,ขวด,8852294505608,100,NULL,FALSE,FALSE,NULL,,,NULL,NULL,NULL,NULL,NULL,NULL,1,NULL
6215,1,103145,VICKS BABY BALSAM 50g,NULL,NULL,ขย.9,NULL,ยาหู ตา คอ จมูก,,,กระปุก,5000174471748,100,NULL,FALSE,FALSE,NULL,,,NULL,NULL,NULL,NULL,NULL,NULL,1,NULL
6216,1,103146,Myda-BS Cream 15 g,CLOTRIMAZOLE+BETAMETHASONE,NULL,ขย.9,NULL,ยาใช้ภายนอก,,,หลอด,8856513013172,100,NULL,FALSE,FALSE,NULL,,,NULL,NULL,NULL,NULL,NULL,NULL,1,NULL
6217,1,103147,DUTROSS EX KIDS รสผลไม้รวม  60 ml,BROMHEXINE,NULL,ขย.9,NULL,ยาน้ำสำหรับเด็ก,,,ขวด,8851473002198,100,NULL,FALSE,FALSE,NULL,,,NULL,NULL,NULL,NULL,NULL,NULL,1,NULL
6218,1,103148,OPLUS Syrup (รสส้ม) 120 ml,MULTIVITAMINS & MINERALS,NULL,NULL,NULL,วิตามินและอาหารเสริม,,,ขวด,8859284600107,100,NULL,FALSE,FALSE,NULL,,,NULL,NULL,NULL,NULL,NULL,NULL,1,NULL
6219,1,103149,CLOBEVATE Cream หลอด 15g,CLOBETASOL PROPIONATE,NULL,NULL,NULL,ยาใช้ภายนอก,,,กล่อง,8858022000803,100,NULL,FALSE,FALSE,NULL,,,NULL,NULL,NULL,NULL,NULL,NULL,1,NULL
6220,1,103150,NEOBUN พลาสเตอร์ยาบรรเทาปวด สูตรเย็น ,NULL,NULL,ขย.9,NULL,ยาระบบกล้ามเนื้อ-ข้อต่อ,,,แพ็ค,8859774100292,100,NULL,FALSE,FALSE,NULL,,,NULL,NULL,NULL,NULL,NULL,NULL,1,NULL
6221,1,103151,CLOTRIDREAM Cream 20g,CLOTRIMAZOLE,NULL,ขย.9,NULL,NULL,,,หลอด,8858022000889,100,NULL,FALSE,FALSE,NULL,,,NULL,NULL,NULL,NULL,NULL,NULL,1,NULL
6222,1,103152,Canasone C.B. (ไทยนรพัฒนา) 25 g.,CLOTRIMAZOLE+BETAMETHASONE,ANTIFUNGALS,ขย.9,NULL,ยาใช้เฉพาะที่,,,หลอด,8851473007643,100,NULL,FALSE,FALSE,NULL,,,NULL,NULL,NULL,NULL,NULL,NULL,1,NULL
6223,1,103153,Banocin Powder (APm) 10 g. ,CLIOQUINOL B.P.+BACITRACIN+NEOMYCIN SULFATE,ANTIBIOTICS,ขย.9,NULL,ยาใช้เฉพาะที่,,,กล่อง,8859441310122,100,NULL,FALSE,FALSE,NULL,,,NULL,NULL,NULL,NULL,NULL,NULL,1,NULL
6224,1,103154,"Vilerm 400mg  5""",ACICLOVIR,ANTIBIOTICS,ขย.9,NULL,ยาระบบการติดเชื้อ,,,แผง,8852738420047,100,NULL,FALSE,FALSE,NULL,,,NULL,NULL,NULL,NULL,NULL,NULL,1,NULL
6225,1,103155,FOLI-C TABLETS (100 เม็ด),MULTIVITAMINS & MINERALS,VITAMINS & MINERALS,ขย.9,NULL,วิตามินและอาหารเสริม,,,ขวด,8855011000226,100,NULL,FALSE,FALSE,NULL,,,NULL,NULL,NULL,NULL,NULL,NULL,1,NULL
6226,1,103156, หลอดหยดยา จุกส้ม,NULL,NULL,NULL,NULL,เบ็ดเตล็ด,,,ชิ้น,103156,100,NULL,FALSE,FALSE,NULL,,,NULL,NULL,NULL,NULL,NULL,NULL,1,NULL
6227,1,103157,Calciferol Capsules (Vitamin D2) 10X10's,MULTIVITAMINS & MINERALS,NULL,ขย.9,NULL,วิตามินและอาหารเสริม,,,กล่อง,,100,NULL,FALSE,FALSE,NULL,,,NULL,NULL,NULL,NULL,NULL,NULL,1,NULL
6228,1,103158,SONERIPER M  (Tolperisone 50 mg)  10',TOLPERISONE HCL,NULL,ขย.9,NULL,ยาระบบกล้ามเนื้อ-ข้อต่อ,,,แผง,8852978010909,100,NULL,FALSE,FALSE,NULL,,,NULL,NULL,NULL,NULL,NULL,NULL,1,NULL
6229,1,103159,ถุงเท้าเจล ซัพพอร์ตส้นเท้า  PAYI Health care Sie.M เบอร์ 36-41 1คู่,NULL,NULL,ขย.9,NULL,อุปกรณ์ทางการแพทย์,,,คู่,103159,100,NULL,FALSE,FALSE,NULL,,,NULL,NULL,NULL,NULL,NULL,NULL,1,NULL
6230,1,103160,ถุงเท้าเจล ซัพพอร์ตส้นเท้า PAYI Health care Sie.L เบอร์ 41-45 1 คู่   ,NULL,NULL,ขย.9,NULL,อุปกรณ์ทางการแพทย์,,,คู่,103160,100,NULL,FALSE,FALSE,NULL,,,NULL,NULL,NULL,NULL,NULL,NULL,1,NULL
6231,1,103161,ถุงเท้าเจล ซัพพอร์ตจมูกเท้า PAYI Health care Sie.XL เบอร์ 34-46  1 คู่   ,NULL,NULL,ขย.9,NULL,อุปกรณ์ทางการแพทย์,,,คู่,103161,100,NULL,FALSE,FALSE,NULL,,,NULL,NULL,NULL,NULL,NULL,NULL,1,NULL
6232,1,103162,ถุงเท้าเจล ซัพพอร์ตจมูกเท้า PAYI Health care Sie.L เบอร์ 39-42 1 คู่,NULL,NULL,ขย.9,NULL,เบ็ดเตล็ด,,,คู่,103162,100,NULL,FALSE,FALSE,NULL,,,NULL,NULL,NULL,NULL,NULL,NULL,1,NULL
6233,1,103163,ถุงเท้าเจล ซัพพอร์ตจมูกเท้า  PAYI Health care Sie.M เบอร์ 35-38 1 คู่  1คู่,NULL,NULL,ขย.9,NULL,อุปกรณ์ทางการแพทย์,,,คู่,103163,100,NULL,FALSE,FALSE,NULL,,,NULL,NULL,NULL,NULL,NULL,NULL,1,NULL
6234,1,103164,ถุงเท้าเจล ซัพพอร์ตอุ้งเท้า PAYI Health careไซล์เบอร์ 35-42  1 คู่,NULL,NULL,ขย.9,NULL,อุปกรณ์ทางการแพทย์,,,คู่,103164,100,NULL,FALSE,FALSE,NULL,,,NULL,NULL,NULL,NULL,NULL,NULL,1,NULL
6235,1,103165,Insole แผ่นรองเท้าสุขภาพ PAYI Health care Sie.M เบอร์ 36-40 1 คู่,NULL,NULL,ขย.9,NULL,อุปกรณ์ทางการแพทย์,,,แพ็ค,,100,NULL,FALSE,FALSE,NULL,,,NULL,NULL,NULL,NULL,NULL,NULL,1,NULL
6236,1,103166,AERIUS 5mg  10',DESLORATADINE,ANTIHISTAMINES & ANTIALLERGICS,ขย.9,NULL,ยาระบบทางเดินหายใจ,,,กล่อง,840164515527,100,NULL,FALSE,FALSE,NULL,,,NULL,NULL,NULL,NULL,NULL,NULL,1,NULL
6237,1,103167,UMBILI GENTLE OIL G6PD Serum 10 ml (อัมบิลี่),NULL,NULL,ขย.9,NULL,ยาระบบทางเดินหายใจ,,,ขวด,8857128990025,100,NULL,FALSE,FALSE,NULL,,,NULL,NULL,NULL,NULL,NULL,NULL,1,NULL
6238,1,103168,I-KIDS Honey Orange Pops กลิ่นส้ม  วิตตามินสูง,MULTIVITAMINS & MINERALS,VITAMINS & MINERALS,ขย.9,NULL,วิตามินและอาหารเสริม,,,ซอง,8855107003810,100,NULL,FALSE,FALSE,NULL,,,NULL,NULL,NULL,NULL,NULL,NULL,1,NULL
6239,1,103169,ยาบำรุงร่างกาย ตราพญานาค 100 ml,NULL,NULL,ขย.9,NULL,"ยาสมุนไพร, ยาแผนโบราณ",,,ขวด,8858736991688,100,NULL,FALSE,FALSE,NULL,,,NULL,NULL,NULL,NULL,NULL,NULL,1,NULL
6240,1,103170,Hiruscar Silicone Pro 10 g,NULL,NULL,ขย.9,NULL,ยาใช้เฉพาะที่,,,กล่อง,8851743003665,100,NULL,FALSE,FALSE,NULL,,,NULL,NULL,NULL,NULL,NULL,NULL,1,NULL
6241,1,103171,I-KIDS Honey Orange Pops กลิ่นองุ่น วิตตามินสูง,MULTIVITAMINS & MINERALS,VITAMINS & MINERALS,ขย.9,NULL,วิตามินและอาหารเสริม,,,ซอง,8855107003803,100,NULL,FALSE,FALSE,NULL,,,NULL,NULL,NULL,NULL,NULL,NULL,1,NULL
6242,1,103172,เซนลุกซ์ น้ำมันนวด (ตรางู) 60ml,METHYL SALICYLATE+MENTHOL+EUGENOL,NULL,ขย.9,NULL,ยาใช้ภายนอก,,,ขวด,8852086725573,100,NULL,FALSE,FALSE,NULL,,,NULL,NULL,NULL,NULL,NULL,NULL,1,NULL
6243,1,103173,WALKER KARMA แบบพับได้รุ่นWK80,NULL,NULL,ขย.9,NULL,อุปกรณ์ทางการแพทย์,,,ชิ้น,,100,NULL,FALSE,FALSE,NULL,,,NULL,NULL,NULL,NULL,NULL,NULL,1,NULL
6244,1,103174,FLEMEX-AC OD 600 mg  2',ACETYLCYSTEINE,MUCOLYTIC,ขย.9,NULL,ยาระบบทางเดินหายใจ,,,แผง,8852027349851,100,NULL,FALSE,FALSE,NULL,,,NULL,NULL,NULL,NULL,NULL,NULL,1,NULL
6245,1,103175,ยาหอมเทพจิตร ตราห้าม้า  ใหญ่,NULL,NULL,ขย.9,NULL,"ยาสมุนไพร, ยาแผนโบราณ",,,ขวด,8856570150025,100,NULL,FALSE,FALSE,NULL,,,NULL,NULL,NULL,NULL,NULL,NULL,1,NULL
6246,1,103176,3M NexcareMicropore 1นิ้ว*10หลา/ม้วน,NULL,NULL,ขย.9,NULL,อุปกรณ์ทางการแพทย์,,,กล่อง,8850304013211,100,NULL,FALSE,FALSE,NULL,,,NULL,NULL,NULL,NULL,NULL,NULL,1,NULL
6247,1,103177,BREAST-PUMP ปั้มนม แคนตัน ปั๊มทิ้ง,NULL,NULL,ขย.9,NULL,อุปกรณ์ทางการแพทย์,,,กล่อง,8854536000377,100,NULL,FALSE,FALSE,NULL,,,NULL,NULL,NULL,NULL,NULL,NULL,1,NULL
6248,1,103178,Gauze Swabs (3x3 นิ้ว) ฝ้ายธรรมชาติ,NULL,NULL,ขย.9,NULL,อุปกรณ์ทางการแพทย์,,,ซอง,8858758201055,100,NULL,FALSE,FALSE,NULL,,,NULL,NULL,NULL,NULL,NULL,NULL,1,NULL
6249,1,103179,Gauze Swabs (4x4 นิ้ว)  ผ้าฝ้ายใยธรรมชาติ,NULL,NULL,ขย.9,NULL,อุปกรณ์ทางการแพทย์,,,ซอง,8858758201116,100,NULL,FALSE,FALSE,NULL,,,NULL,NULL,NULL,NULL,NULL,NULL,1,NULL
6250,1,103180,Gauze Swabs (2x2 นิ้ว)  ผ้าฝ้ายใยธรรมชาติ,NULL,NULL,ขย.9,NULL,อุปกรณ์ทางการแพทย์,,,ซอง,8858758201024,100,NULL,FALSE,FALSE,NULL,,,NULL,NULL,NULL,NULL,NULL,NULL,1,NULL
6251,1,103181,Zensil  10 ,CETIRIZINE,ANTIHISTAMINES & ANTIALLERGICS,ขย.9,NULL,ยาหู ตา คอ จมูก,,,กล่อง,8859564200645,100,NULL,FALSE,FALSE,NULL,,,NULL,NULL,NULL,NULL,NULL,NULL,1,NULL
6252,1,103182,Insole แผ่นรองเท้าสุขภาพ PAYI Health care Sie.L เบอร์ 41-45 1 คู่,NULL,NULL,ขย.9,NULL,อุปกรณ์ทางการแพทย์,,,คู่,,100,NULL,FALSE,FALSE,NULL,,,NULL,NULL,NULL,NULL,NULL,NULL,1,NULL
6254,1,103182,X-L Oreda  ors powder 7.5 g,,,ขย.9,,,,,ซอง,8852914300903,,,FALSE,,,,,0,0,0,0,0,0,1,/uploads/103182_1.jpg
6255,1,103183, BETADINE Solution 15ml ,,,ขย.9,-,ยาใช้เฉพาะที่,,,ขวด,18904115700994,,,FALSE,,,,,0,0,0,0,0,0,1,/uploads/103183_1.jpg
6256,1,103184,SCAGEL CYBELE 19 g,,,ขย.9,,เครื่องสำอางและผลิตภัณฑ์ค,,,หลอด,8858663805515,,,FALSE,,,,,0,0,0,0,0,0,1,/uploads/103184_1.jpg
6257,1,103185,CD-OPH หยอดตา 5ml,,,ขย.9,,ยาหู ตา คอ จมูก,,,ขวด,8854927000641,,,FALSE,,,,,0,0,0,0,0,0,0,/uploads/103185_1.jpg
6258,1,103186,น้ำมันมะกอก SB  ศิริบัญชา ,,,ขย.9,,เครื่องสำอางและผลิตภัณฑ์ค,,,ขวด,8851124210606,,,FALSE,,,,,0,0,0,0,0,0,,/uploads/103186_1.jpg
6259,1,103187,ARACAF Syrup 60 ml,DIPHENIDOL HCL,,ขย.9,,ยาน้ำสำหรับเด็ก,,,ขวด,8851473000309,,,FALSE,,,,,0,0,0,0,0,0,1,/uploads/103187_1.jpg
6260,1,103188,ขวดล้างจมูก GHP นาซิแคร์ นาซอล วอชเชอร์,,,ขย.9,,อุปกรณ์ทางการแพทย์,,,กล่อง,8853644004260,,,FALSE,,,,,0,0,0,0,0,0,1,/uploads/103188_1.jpg
6261,1,103189,ปั้มนม พร้อมชุด คุมจังหวะแรงดูดด้วยตังเอง,,,ขย.9,,ผลิตภัณท์เด็ก,,,กล่อง,8858740522908,,,FALSE,,,,,0,0,0,0,0,0,1,/uploads/103189_1.jpg
6262,1,103190,Dimophen 10' (เม็ดกลมเหลือง),DEXTROMETHOPHAN+CHLORPHENIRAMINE+TERPIN,,ขย.9,,ยาระบบทางเดินหายใจ,,,แผง,8859441340624,,,FALSE,,,,,0,0,0,0,0,0,1,/uploads/103190_1.jpg
6263,1,103191,"มาสซาก้า ครีม 60 ก.(ใหญ่)	",METHYL SALICYLATE+MENTHOL+EUGENOL,,ขย.9,,ยาระบบกล้ามเนื้อ-ข้อต่อ,,,กล่อง,8859441330113,,,FALSE,,,,,0,0,0,0,0,0,1,/uploads/103191_1.jpg
6264,1,103192,เพียวริก้าส์ พลัสแอดวานส์ สการ์เจล 9g. แผลเป็น,,,ขย.9,,เครื่องสำอางและสินค้าอุปโภคบริโภค,,,กล่อง,8859554300188,,,FALSE,,,,,0,0,0,0,0,0,1,/uploads/103192_1.jpg
6265,1,103193,Scagel Plus  10 g  ทาแผลเป็น,,,ขย.9,,เครื่องสำอางและผลิตภัณฑ์ค,,,กล่อง,8859243305241,,,FALSE,,,,,0,0,0,0,0,0,0,/uploads/103193_1.jpg
6266,1,103194,Soffell  Spray 80 มล.(ทากันยุง),,,ขย.9,,เบ็ดเตล็ด,,,ขวด,8992772065177,,,FALSE,,,,,0,0,0,0,0,0,0,/uploads/103194_1.jpg
6267,1,103195,Lobenate  20 กรัม แผลกดทับ ,,,ขย.9,,ยาใช้เฉพาะที่,,,หลอด,8859757300350,,,FALSE,,,,,0,0,0,0,0,0,0,/uploads/103195_1.jpg
6268,1,103196,Ezon-t Solution 10 ml  ,,,ขย.9,,ยาใช้เฉพาะที่,,,ขวด,8853935004337,,,FALSE,,,,,0,0,0,0,0,0,1,/uploads/103196_1.jpg
6269,1,103197,Cemol 500 mg  10' Para,PARACETAMOL,,ขย.9,,ยาสามัญประจำบ้าน,,,แผง,8852978007459,,,FALSE,,,,,0,0,0,0,0,0,1,/uploads/103197_1.jpg
6270,1,103198,LYO Hair Tonic,,,ขย.9,,เครื่องสำอางและผลิตภัณฑ์ค,,,ขวด,8859249702648,,,FALSE,,,,,0,0,0,0,0,0,1,/uploads/103198_1.jpg
6271,1,103199,Lyo Shampoo 200 ml,,,ขย.9,,เครื่องสำอางและผลิตภัณฑ์ค,,,ขวด,8859249701764,,,FALSE,,,,,0,0,0,0,0,0,0,/uploads/103199_1.jpg
6272,1,103200,Actewonud  แผ่นแปะซิลิโคนเจล 4X6ซม. (2แผ่น) สีเนื้อ,,,ขย.9,,เบ็ดเตล็ด,,,กล่อง,8859243302226,,,FALSE,,,,,0,0,0,0,0,0,1,/uploads/103200_1.jpg
6273,1,103201,Pinrone BP 5 mg,NORETHISTERONE,,ขย.9,,ยาคุมกำเนิดและฮอร์โมนทดแท,,,แผง,8906005112286,,,FALSE,,,,,0,0,0,0,0,0,1,/uploads/103201_1.jpg
6274,1,103202,MIzum NIO-TXB3 10% เซรั่ม ฝ้า กระ รอยดำ,,,ขย.9,,เครื่องสำอางและผลิตภัณฑ์ค,,,ซอง,8859214800393,,,FALSE,,,,,0,0,0,0,0,0,1,/uploads/103202_1.jpg
6275,1,103203,Mizumi Lip UV  SPF50+PA+++ Pink,,,ขย.9,,เครื่องสำอางและผลิตภัณฑ์ค,,,หลอด,8859214800485,,,FALSE,,,,,0,0,0,0,0,0,1,/uploads/103203_1.jpg
6276,1,103204,Tigerplast 4 ชิ้น,,,ขย.9,,อุปกรณ์ทางการแพทย์,,,แผง,103204,,,FALSE,,,,,0,0,0,0,0,0,1,/uploads/103204_1.jpg
6277,1,103205,Difazt soft gel 50 mg,DICLOFENAC POTASSIUM,,ขย.9,,ยาระบบกล้ามเนื้อ-ข้อต่อ,,,แผง,8853466004325,,,FALSE,,,,,0,0,0,0,0,0,1,/uploads/103205_1.jpg
6279,1,103206,Mantil 2 mg,LOPERAMIDE,,ขย.9,,ยาทางเดินอาหาร,,,แผง,8856513002107,,,FALSE,,,,,0,0,0,0,0,0,1,/uploads/103206_1.jpg
6280,1,103207,OXECURE SULFUR SOAP 100 g สบู่ซัลเฟอร์,,,ขย.9,,เบ็ดเตล็ด,,,ก้อน,8859510400129,,,FALSE,,,,,0,0,0,0,0,0,1,/uploads/103207_1.jpg
6281,1,103208,MEGA NAT-D 1000 IU ขวด 60's,VITAMIN D3,VITAMINS & MINERALS,ขย.9,,ยาระบบกล้ามเนื้อ-ข้อต่อ,,,ขวด,8850769023565,,,FALSE,,,,,0,0,0,0,0,0,,/uploads/103208_1.jpg
6282,1,10000,SUCTION CATHETERS สายดูดเสมหะ No.10 50 ห่อ/เส้น,,,ขย.9,,อุปกรณ์ทางการแพทย์,,,แพ็ค,8859226878427,,,FALSE,,,,,0,0,0,0,0,0,1,/uploads/10000_1.jpg
6283,1,103209,TIGER BACK PAIN PATCH (10x14cm) 2 แผ่น ตราเสือ,,,ขย.9,,ยาระบบกล้ามเนื้อ-ข้อต่อ,,,ซอง,8851990405014,,,FALSE,,,,,0,0,0,0,0,0,1,/uploads/103209_1.jpg
6284,1,103210,"CYSTALINE 600mg  4""",ACETYLCYSTEINE,,ขย.9,,ยาระบบทางเดินหายใจ,,,แผง,8859446302016,,,FALSE,,,,,0,0,0,0,0,0,,/uploads/103210_1.jpg
6285,1,103211,CERAVE MOISTURISING Cream 454 g,,,ขย.9,,เครื่องสำอางและผลิตภัณฑ์ค,,,กระปุก,3337875597388,,,FALSE,,,,,0,0,0,0,0,0,0,/uploads/103211_1.jpg
6286,1,103212,Calciferol Vitamin D3 1000 IU ( 3x10's),VITAMIN D3,,ขย.9,,ยาระบบกล้ามเนื้อ-ข้อต่อ,,,กล่อง,8852086718131,,,FALSE,,,,,0,0,0,0,0,0,1,/uploads/103212_1.jpg
6287,1,103213,CHEMTRUE ชุดทดสอบสารเสพติด แบบจุ่ม(ยาบ้า/ไอซ์),,,ขย.9,,อุปกรณ์ทางการแพทย์,,,กล่อง,8856959001221,,,FALSE,,,,,0,0,0,0,0,0,1,/uploads/103213_1.jpg
6288,1,103214,ยาสตรี เล่งคุณ สูตร2  500 ซีซี กาวเครือขาว,,,ขย.9,,"ยาสมุนไพร, ยาแผนโบราณ",,,ขวด,8858704600468,,,FALSE,,,,,0,0,0,0,0,0,1,/uploads/103214_1.jpg
6293,1,103215,VISTRA LYSIN BIO MULTIVITAMINS 120 ml,MULTIVITAMINS & MINERALS,,ขย.9,,วิตามินและอาหารเสริม,,,ขวด,8851515608487,,,FALSE,,,,,0,0,0,0,0,0,1,/uploads/103215_1.jpg
6294,1,103216,BETNOVATE SCALP 30 ml (GSK),BETAMETHASONE,,ขย.9,,ยาใช้เฉพาะที่,,,ขวด,8851007117893,,,FALSE,,,,,0,0,0,0,0,0,,/uploads/103216_1.jpg
6299,1,103217,B-COXIB 120 mg 10's (BDMS),,,ขย.9,,ยาระบบกล้ามเนื้อ-ข้อต่อ,,,แผง,,,,FALSE,,,,,0,0,0,0,0,0,1,/uploads/103217_1.jpg
6301,1,103218,FLEMEX-AC OD 600 mg ยกกล่อง,,,ขย.9,,ยาระบบทางเดินหายใจ,,,กล่อง,,,,FALSE,,,,,0,0,0,0,0,0,1,/uploads/103218_1.jpg
6302,1,103219,VISTRA DT Daily Fiber 7000mg 8 g,,,ขย.9,,วิตามินและอาหารเสริม,,,ซอง,,,,FALSE,,,,,0,0,0,0,0,0,1,/uploads/103219_1.jpg
6303,1,103220,Probufen gel 25 g. ,IBUPROFEN,,ขย.9,,ยาใช้เฉพาะที่,,,หลอด,8859441332803,,,FALSE,,,,,0,0,0,0,0,0,1,/uploads/103220_1.jpg
6304,1,103221,Mertigo 12 mg. 10 tab,BETAHISTINE,,ขย.9,,"ยาแก้อาเจียน,เมารถเมาเรือ",,,แผง,8850239004261,,,FALSE,,,,,0,0,0,0,0,0,0,/uploads/103221_1.jpg
6305,1,103222,Allerax FC 10 mg. 10 tab,HYDROXYZINE,,ขย.9,,ยาหู ตา คอ จมูก,,,แผง,8853348000506,,,FALSE,,,,,0,0,0,0,0,0,0,/uploads/103222_1.jpg
6306,1,103223,Selfide Selenium T.O 120 ml,SELENIUM SULPHIDE,,ขย.9,,ยาระบบการติดเชื้อ,,,ขวด,8851881542422,,,FALSE,,,,,0,0,0,0,0,0,0,/uploads/103223_1.jpg
6307,1,103224,Puroxan Syrup 100 ml,,,ขย.9,,ยาระบบทางเดินหายใจ,,,ขวด,8714651100300,,,FALSE,,,,,0,0,0,0,0,0,1,/uploads/103224_1.jpg
6308,1,103225," CIRCADIN 2mg  1""",,,ขย.9,,ปวดหัว/ไมเกรน,,,เม็ด,5060292652719,,,FALSE,,,,,0,0,0,0,0,0,1,/uploads/103225_1.jpg
6309,1,103226,น้ำมันเหลือง ตราซีแอล 24 ml,,,ขย.9,,"ยาสมุนไพร, ยาแผนโบราณ",,,ขวด,,,,FALSE,,,,,0,0,0,0,0,0,1,/uploads/103226_1.jpg
6310,1,103227,NODOGLE Spray 15 ml,,,ขย.9,,ยาใช้เฉพาะที่,,,กล่อง,4987072041529,,,FALSE,,,,,0,0,0,0,0,0,1,/uploads/103227_1.jpg
6311,1,103228,PREDNISOLON-N Cream 5 g (GPO),PREDNISOLONE+NEOMYCIN SULPHATE,,ขย.9,,ยาใช้เฉพาะที่,,,หลอด,8850678161013,,,FALSE,,,,,0,0,0,0,0,0,,/uploads/103228_1.jpg
6312,1,103229,กระเป๋าน้ำร้อนคละสี ใบเล็ก (Canton),,,ขย.9,,อุปกรณ์ทางการแพทย์,,,แพ็ค,8850858099013,,,FALSE,,,,,0,0,0,0,0,0,0,/uploads/103229_1.jpg
6313,1,103230,"MASK G-LUCKY 3D KIDS สำหรับเด็ก​ สีชมพู 40""",,,ขย.9,,อุปกรณ์ทางการแพทย์,,,กล่อง,8857127150949,,,FALSE,,,,,0,0,0,0,0,0,1,/uploads/103230_1.jpg
6314,1,103231,AEROTIDE 25/125 METERED ACTUATIONS (สูตรSERETIDE),SALMETEROL XINAFOATE+FLUTICASONE PROPIONATE,,ขย.9,,ยาระบบทางเดินหายใจ,,,ขวด,8851090015403,,,FALSE,,,,,0,0,0,0,0,0,,/uploads/103231_1.jpg
6315,1,103232,NICORETTE 2MG (1x15'S),,,ขย.9,,ยาอม,,,กล่อง,,,,FALSE,,,,,0,0,0,0,0,0,0,/uploads/103232_1.jpg
