id,company,code,ProductName,fixname,group,type,subtype,Category,DrugRegistor,Area,Unit,Barcode,AlarmExp,Remark,Show,Child,CI,CostActual,price,wholesaleprice,online,PriceA,PriceB,Max,Min,ROP,pic
1,1000,100001,Nifuroxazide 0.218g 60 ml (erfuzide),NIFUROXAZIDE,ANTIDIARRHOEALS,ขย.9,-,ยาน้ำสำหรับเด็ก,,,ขวด,8.85867E+12,100,NULL,FALSE,FALSE,NULL,,,NULL,NULL,NULL,NULL,NULL,NULL,1,NULL
2,1000,100002,Nifuroxazide 0.218g 30 ml (erfuzide),NIFUROXAZIDE,ANTIDIARRHOEALS,ขย.9,NULL,ยาน้ำสำหรับเด็ก,,,ขวด,8.85867E+12,100,NULL,FALSE,FALSE,NULL,,,NULL,NULL,NULL,NULL,NULL,NULL,1,NULL
3,1000,100003,Domperidone  (Motilium) 30 ml,DOMPERIDONE,ANTIEMETICS & ANTIVERTIGO DRUG,ขย.9,NULL,ยาน้ำสำหรับเด็ก,,,ขวด,8.85058E+12,100,NULL,FALSE,FALSE,NULL,,,NULL,NULL,NULL,NULL,NULL,NULL,1,NULL
4,1000,100004,Molax Suspension 30 ml,DOMPERIDONE,ANTIEMETICS & ANTIVERTIGO DRUG,ขย.9,NULL,ยาน้ำสำหรับเด็ก,,,ขวด,8.85274E+12,100,NULL,FALSE,FALSE,NULL,,,NULL,NULL,NULL,NULL,NULL,NULL,1,NULL
5,1000,100005,AIR-X drop 15 ml,SIMETHICONE,Upper/Lower GI,ขย.9,NULL,ยาน้ำสำหรับเด็ก,,,กล่อง,8.85267E+12,100,NULL,FALSE,FALSE,NULL,,,NULL,NULL,NULL,NULL,NULL,NULL,1,NULL
6,1000,100006,Dioxzye 15 ml,SIMETHICONE,Upper/Lower GI,ขย.9,NULL,ยาน้ำสำหรับเด็ก,,,กล่อง,8.85147E+12,100,NULL,FALSE,FALSE,NULL,,,NULL,NULL,NULL,NULL,NULL,NULL,1,NULL
7,1000,100007,Berclomine Syrup 60 ml,DICYCLOMINE+SIMETHICONE,Upper/Lower GI,ขย.9,NULL,ยาน้ำสำหรับเด็ก,,,ขวด,8.85265E+12,100,NULL,FALSE,FALSE,NULL,,,NULL,NULL,NULL,NULL,NULL,NULL,1,NULL
8,1000,100008,Scopas elixir 30ml,HYOSCINE,Upper/Lower GI,ขย.9,NULL,ยาน้ำสำหรับเด็ก,,,ขวด,8.85635E+12,100,NULL,FALSE,FALSE,NULL,,,NULL,NULL,NULL,NULL,NULL,NULL,1,NULL
9,1000,100009,Ferdek drop(ferrous )15 ml,FERROUS FUMALATE,MEDICAL SUPPLY,ขย.9,NULL,ยาน้ำสำหรับเด็ก,,,ขวด,8.85869E+12,100,NULL,FALSE,FALSE,NULL,,,NULL,NULL,NULL,NULL,NULL,NULL,1,NULL
10,1000,100010,Beramol drops 100mg/1ml 15 ml,PARACETAMOL,NSAIDs,ขย.9,NULL,ยาน้ำสำหรับเด็ก,,,ขวด,8.85317E+12,100,NULL,FALSE,FALSE,NULL,,,NULL,NULL,NULL,NULL,NULL,NULL,1,NULL
11,1000,100011,Kit-F drop 100mg/1ml 15 ml,PARACETAMOL,NSAIDs,ขย.9,NULL,ยาน้ำสำหรับเด็ก,,,ขวด,8.85895E+12,100,NULL,FALSE,FALSE,NULL,,,NULL,NULL,NULL,NULL,NULL,NULL,1,NULL
12,1000,100012,SARA drop 100mg/1ml 15 ml องุ่น,PARACETAMOL,NSAIDs,ขย.9,NULL,ยาน้ำสำหรับเด็ก,,,ขวด,8.85147E+12,100,NULL,FALSE,FALSE,NULL,,,NULL,NULL,NULL,NULL,NULL,NULL,1,NULL
13,1000,100013,Xebramol drop 100mg/ml 15ml,PARACETAMOL,NSAIDs,ขย.9,NULL,ยาน้ำสำหรับเด็ก,,,ขวด,8.8587E+12,100,NULL,FALSE,FALSE,NULL,,,NULL,NULL,NULL,NULL,NULL,NULL,1,NULL
14,1000,100014,Tempra Drop 100 mg/1 ml 15 ml องุ่น,PARACETAMOL,NSAIDs,ขย.9,NULL,ยาน้ำสำหรับเด็ก,,,ขวด,8.9952E+12,100,NULL,FALSE,FALSE,NULL,,,NULL,NULL,NULL,NULL,NULL,NULL,1,NULL
15,1000,100015,Tylenol 80mg/0.8ml 15ml,PARACETAMOL,NSAIDs,ขย.9,NULL,ยาน้ำสำหรับเด็ก,,,ขวด,8.85001E+12,100,NULL,FALSE,FALSE,NULL,,,NULL,NULL,NULL,NULL,NULL,NULL,1,NULL
16,1000,100016,Snake brand 60 ml,ASPIRIN,ASPIRIN,ขย.9,NULL,ยาน้ำสำหรับเด็ก,,,ขวด,8.85209E+12,100,NULL,FALSE,FALSE,NULL,,,NULL,NULL,NULL,NULL,NULL,NULL,1,NULL
17,1000,100017,Xebramol 120mg/5ml กลิ่นสละ 60ml,PARACETAMOL,NSAIDs,ขย.9,NULL,ยาน้ำสำหรับเด็ก,,,ขวด,8.8587E+12,100,NULL,FALSE,FALSE,NULL,,,NULL,NULL,NULL,NULL,NULL,NULL,1,NULL
18,1000,100018,Xebramol 120mg/5ml กลิ่นส้ม 60ml,PARACETAMOL,NSAIDs,ขย.9,NULL,ยาน้ำสำหรับเด็ก,,,ขวด,8.8587E+12,100,NULL,FALSE,FALSE,NULL,,,NULL,NULL,NULL,NULL,NULL,NULL,1,NULL
19,1000,100019,Beramol DEK 120mg/5ml syrup 60 ml,PARACETAMOL,NSAIDs,ขย.9,NULL,ยาน้ำสำหรับเด็ก,,,ขวด,8.85317E+12,100,NULL,FALSE,FALSE,NULL,,,NULL,NULL,NULL,NULL,NULL,NULL,1,NULL
20,1000,100020,Sara 250 mg/5ml รสส้ม 60ml,PARACETAMOL,NSAIDs,ขย.9,NULL,ยาน้ำสำหรับเด็ก,,,ขวด,8.85147E+12,100,NULL,FALSE,FALSE,NULL,,,NULL,NULL,NULL,NULL,NULL,NULL,1,NULL
21,1000,100021,Tempra Forte 250mg/5ml สตอเบอรรี่ 60ml,PARACETAMOL,NSAIDs,ขย.9,NULL,ยาน้ำสำหรับเด็ก,,,ขวด,8.9952E+12,100,NULL,FALSE,FALSE,NULL,,,NULL,NULL,NULL,NULL,NULL,NULL,1,NULL
22,1000,100022,Tempra kid 120mg/5ml สตอเบอรรี่ 60ml,PARACETAMOL,NSAIDs,ขย.9,NULL,ยาน้ำสำหรับเด็ก,,,ขวด,8.9952E+12,100,NULL,FALSE,FALSE,NULL,,,NULL,NULL,NULL,NULL,NULL,NULL,1,NULL
23,1000,100023,Tylenol 160mg/5ml รสเชอรี่ 60ml,PARACETAMOL,NSAIDs,ขย.9,NULL,ยาน้ำสำหรับเด็ก,,,ขวด,8.85001E+12,100,NULL,FALSE,FALSE,NULL,,,NULL,NULL,NULL,NULL,NULL,NULL,1,NULL
24,1000,100024,Sara 160mg/5ml  องุ่น 60ml,PARACETAMOL,NSAIDs,ขย.9,NULL,ยาน้ำสำหรับเด็ก,,,ขวด,8.85147E+12,100,NULL,FALSE,FALSE,NULL,,,NULL,NULL,NULL,NULL,NULL,NULL,1,NULL
25,1000,100025,Sara 120mg/5ml ทับทิม 60ml,PARACETAMOL,NSAIDs,ขย.9,NULL,ยาน้ำสำหรับเด็ก,,,ขวด,8.85147E+12,100,NULL,FALSE,FALSE,NULL,,,NULL,NULL,NULL,NULL,NULL,NULL,1,NULL
26,1000,100026,Sara 120mg/5ml มิกซ์เบอรี่ 60ml,PARACETAMOL,NSAIDs,ขย.9,NULL,ยาน้ำสำหรับเด็ก,,,ขวด,8.85147E+12,100,NULL,FALSE,FALSE,NULL,,,NULL,NULL,NULL,NULL,NULL,NULL,1,NULL
27,1000,100027,Sara 120 mg/5ml สตอเบอรี่ 60ml,PARACETAMOL,NSAIDs,ขย.9,NULL,ยาน้ำสำหรับเด็ก,,,ขวด,8.85147E+12,100,NULL,FALSE,FALSE,NULL,,,NULL,NULL,NULL,NULL,NULL,NULL,1,NULL
28,1000,100028,Lotemp fort 250 mg/5ml รสส้ม 60ml,PARACETAMOL,NSAIDs,ขย.9,NULL,ยาน้ำสำหรับเด็ก,,,ขวด,8.85266E+12,100,NULL,FALSE,FALSE,NULL,,,NULL,NULL,NULL,NULL,NULL,NULL,1,NULL
29,1000,100029,Lotemp 120mg/5ml สตอเบอรี่ 60ml,PARACETAMOL,NSAIDs,ขย.9,NULL,ยาน้ำสำหรับเด็ก,,,ขวด,8.85266E+12,100,NULL,FALSE,FALSE,NULL,,,NULL,NULL,NULL,NULL,NULL,NULL,1,NULL
30,1000,100030,Siamox syrup 125mg/5ml 60 ml,AMOXICILLINE,PENICILLINS,ขย.9,NULL,ยาน้ำสำหรับเด็ก,,,ขวด,8.85274E+12,100,NULL,FALSE,FALSE,NULL,,,NULL,NULL,NULL,NULL,NULL,NULL,1,NULL
31,1000,100031,Siamox syrup 250mg/5ml 60 ml,AMOXICILLINE,PENICILLINS,ขย.9,NULL,ยาน้ำสำหรับเด็ก,,,ขวด,8.85274E+12,100,NULL,FALSE,FALSE,NULL,,,NULL,NULL,NULL,NULL,NULL,NULL,1,NULL
32,1000,100032,Newtomox syrup 250mg/5ml 60 ml,AMOXICILLINE,PENICILLINS,ขย.9,NULL,ยาน้ำสำหรับเด็ก,,,ขวด,8.85802E+12,100,NULL,FALSE,FALSE,NULL,,,NULL,NULL,NULL,NULL,NULL,NULL,1,NULL
33,1000,100033,Manclamine 228.5mg/5ml  70ml,AMOX+CLAVU,PENICILLINS,ขย.9,NULL,ยาน้ำสำหรับเด็ก,,,ขวด,8.85651E+12,100,NULL,FALSE,FALSE,NULL,,,NULL,NULL,NULL,NULL,NULL,NULL,1,NULL
34,1000,100034,Samnir 125 mg/5ml 30 ml,CERDINIR,CEPHALOSPORINS,ขย.9,NULL,ยาน้ำสำหรับเด็ก,,,ขวด,8.85274E+12,100,NULL,FALSE,FALSE,NULL,,,NULL,NULL,NULL,NULL,NULL,NULL,1,NULL
35,1000,100035,omnicef 125mg/5ml  30ml,CERDINIR,CEPHALOSPORINS,ขย.9,NULL,ยาน้ำสำหรับเด็ก,,,ขวด,8.85266E+12,100,NULL,FALSE,FALSE,NULL,,,NULL,NULL,NULL,NULL,NULL,NULL,1,NULL
36,1000,100036,Sialexin syrup 125mg/5ml 60 ml,CEFALEXIN,CEPHALOSPORINS,ขย.9,NULL,ยาน้ำสำหรับเด็ก,,,ขวด,8.85274E+12,100,NULL,FALSE,FALSE,NULL,,,NULL,NULL,NULL,NULL,NULL,NULL,1,NULL
37,1000,100037,ONZET DRY SYRUP 15ml  รสเชอรี่,AZITHROMYCIN,MACROLIDES,ขย.9,NULL,ยาน้ำสำหรับเด็ก,,,ขวด,8.85281E+12,100,NULL,FALSE,FALSE,NULL,,,NULL,NULL,NULL,NULL,NULL,NULL,1,NULL
38,1000,100038,Zyrtec syrup 0.1% 75 ml,CETIRIZINE,ANTIHISTAMINES & ANTIALLERGICS,ขย.9,NULL,ยาน้ำสำหรับเด็ก,,,ขวด,8.85101E+12,100,NULL,FALSE,FALSE,NULL,,,NULL,NULL,NULL,NULL,NULL,NULL,1,NULL
39,1000,100039,Salmol Syrup 2mg/5ml ชมพู 60ml,SALBUTAMOL,ANTIASTHMATIC PREPARATIONS,ขย.9,NULL,ยาน้ำสำหรับเด็ก,,,ขวด,8.85266E+12,100,NULL,FALSE,FALSE,NULL,,,NULL,NULL,NULL,NULL,NULL,NULL,1,NULL
40,1000,100040,Salmol Syrup 1mg/5ml ฟ้า 60ml,SALBUTAMOL,ANTIASTHMATIC PREPARATIONS,ขย.9,NULL,ยาน้ำสำหรับเด็ก,,,ขวด,8.85266E+12,100,NULL,FALSE,FALSE,NULL,,,NULL,NULL,NULL,NULL,NULL,NULL,1,NULL
41,1000,100041,Meptin syrup 0.05mg/5ml 60ml,PROCATEROL,ANTIASTHMATIC PREPARATIONS,ขย.9,NULL,ยาน้ำสำหรับเด็ก,,,ขวด,8.85263E+12,100,NULL,FALSE,FALSE,NULL,,,NULL,NULL,NULL,NULL,NULL,NULL,1,NULL
42,1000,100042,Bisovon EX  syrup 125ml,BROMHEXINE + GUAIFENESIN,MUCOLYTIC,ขย.9,NULL,ยาน้ำสำหรับเด็ก,,,ขวด,8.85089E+12,100,NULL,FALSE,FALSE,NULL,,,NULL,NULL,NULL,NULL,NULL,NULL,1,NULL
43,1000,100043,Asovon syrup 4 mg 60 ml,BROMHEXINE,MUCOLYTIC,ขย.9,NULL,ยาน้ำสำหรับเด็ก,,,ขวด,8.8587E+12,100,NULL,FALSE,FALSE,NULL,,,NULL,NULL,NULL,NULL,NULL,NULL,1,NULL
44,1000,100044,Flemex syrup 120ml,CARBOCYSTEINE,MUCOLYTIC,ขย.9,NULL,ยาน้ำสำหรับเด็ก,,,ขวด,8.85203E+12,100,NULL,FALSE,FALSE,NULL,,,NULL,NULL,NULL,NULL,NULL,NULL,1,NULL
45,1000,100045,Flemex syrup Kid 60ml,CARBOCYSTEINE,MUCOLYTIC,ขย.9,NULL,ยาน้ำสำหรับเด็ก,,,ขวด,8.85203E+12,100,NULL,FALSE,FALSE,NULL,,,NULL,NULL,NULL,NULL,NULL,NULL,1,NULL
46,1000,100046,Solmax kid  60 ml,CARBOCYSTEINE,MUCOLYTIC,ขย.9,NULL,ยาน้ำสำหรับเด็ก,,,ขวด,8.85897E+12,100,NULL,FALSE,FALSE,NULL,,,NULL,NULL,NULL,NULL,NULL,NULL,1,NULL
47,1000,100047,MR.HERB แก้หวัดเด็ก 60 ml,NULL,COUGH & COLD REMEDIES,ขย.9,NULL,ยาน้ำสำหรับเด็ก,,,ขวด,8.85291E+12,100,NULL,FALSE,FALSE,NULL,,,NULL,NULL,NULL,NULL,NULL,NULL,1,NULL
48,1000,100048,MR.HERB แก้ไอเด็ก 60 ml,CAMPHOR,COUGH & COLD REMEDIES,ขย.9,NULL,ยาน้ำสำหรับเด็ก,,,ขวด,8.85291E+12,100,NULL,FALSE,FALSE,NULL,,,39,NULL,NULL,NULL,NULL,NULL,1,NULL
49,1000,100049,Ivorin syrup 60 ml,LEVODROPROPIZINE,COUGH & COLD REMEDIES,ขย.9,NULL,ยาน้ำสำหรับเด็ก,,,ขวด,8.85229E+12,100,NULL,FALSE,FALSE,NULL,,,NULL,NULL,NULL,NULL,NULL,NULL,1,NULL
50,1000,100050,Bronal syrup 120ml,LEVODROPROPIZINE,COUGH & COLD REMEDIES,ขย.9,NULL,ยาน้ำสำหรับเด็ก,,,ขวด,8.71465E+12,100,NULL,FALSE,FALSE,NULL,,,NULL,NULL,NULL,NULL,NULL,NULL,1,NULL
51,1000,100051,Allora syrup 60 ml,LORATADINE,ANTIHISTAMINES & ANTIALLERGICS,ขย.9,NULL,ยาน้ำสำหรับเด็ก,,,ขวด,8.85394E+12,100,NULL,FALSE,FALSE,NULL,,,NULL,NULL,NULL,NULL,NULL,NULL,1,NULL
52,1000,100052,ALLEX syrup 60 ml,LORATADINE,ANTIHISTAMINES & ANTIALLERGICS,ขย.9,NULL,ยาน้ำสำหรับเด็ก,,,กล่อง,8.85317E+12,100,NULL,FALSE,FALSE,NULL,,,NULL,NULL,NULL,NULL,NULL,NULL,1,NULL
53,1000,100053,Loracine syrup 60 ml,LORATADINE,ANTIHISTAMINES & ANTIALLERGICS,ขย.9,NULL,ยาน้ำสำหรับเด็ก,,,ขวด,8.8587E+12,100,NULL,FALSE,FALSE,NULL,,,NULL,NULL,NULL,NULL,NULL,NULL,1,NULL
54,1000,100054,ormist syrup 60 ml,CETIRIZINE,ANTIHISTAMINES & ANTIALLERGICS,ขย.9,NULL,ยาน้ำสำหรับเด็ก,,,ขวด,8.85147E+12,100,NULL,FALSE,FALSE,NULL,,,NULL,NULL,NULL,NULL,NULL,NULL,1,NULL
55,1000,100055,CETTEC syrup 100 ml,CETIRIZINE,ANTIHISTAMINES & ANTIALLERGICS,ขย.9,NULL,ยาน้ำสำหรับเด็ก,,,ขวด,8.85545E+12,100,NULL,FALSE,FALSE,NULL,,,NULL,NULL,NULL,NULL,NULL,NULL,1,NULL
56,1000,100056,LORIUS syrup 60 ml,DESLORATADINE,ANTIHISTAMINES & ANTIALLERGICS,ขย.9,NULL,ยาน้ำสำหรับเด็ก,,,กล่อง,8.85024E+12,100,NULL,FALSE,FALSE,NULL,,,NULL,NULL,NULL,NULL,NULL,NULL,1,NULL
57,1000,100057,PIP TARYNE syrup 60 ml,LORATADINE,ANTIHISTAMINES & ANTIALLERGICS,ขย.9,NULL,ยาน้ำสำหรับเด็ก,,,กล่อง,100057,100,NULL,FALSE,FALSE,NULL,,,NULL,NULL,NULL,NULL,NULL,NULL,1,NULL
58,1000,100058,Fatec syrup 1mg/ml 100ml,CETIRIZINE,ANTIHISTAMINES & ANTIALLERGICS,ขย.9,NULL,ยาน้ำสำหรับเด็ก,,,ขวด,8.8546E+12,100,NULL,FALSE,FALSE,NULL,,,NULL,NULL,NULL,NULL,NULL,NULL,1,NULL
59,1000,100059,chlorahist syrup 60 ml,CHLORPHENIRAMINE,ANTIHISTAMINES & ANTIALLERGICS,ขย.9,ขย.11,ยาน้ำสำหรับเด็ก,,,ขวด,8.85147E+12,100,NULL,FALSE,FALSE,NULL,,,NULL,NULL,NULL,NULL,NULL,NULL,1,NULL
60,1000,100060,Tiffy syrup 60 ml,PARACETAMOL+CPM+PHENYLEPHRINE HCL,ANTIHISTAMINES & ANTIALLERGICS,ขย.9,ขย.11,ยาน้ำสำหรับเด็ก,,,ขวด,8.85147E+12,100,NULL,FALSE,FALSE,NULL,,,NULL,NULL,NULL,NULL,NULL,NULL,1,NULL
61,1000,100061,Tiffy syrup 30 ml,PARACETAMOL+CPM+PHENYLEPHRINE HCL,ANTIHISTAMINES & ANTIALLERGICS,ขย.9,ขย.11,ยาน้ำสำหรับเด็ก,,,ขวด,8.85147E+12,100,NULL,FALSE,FALSE,NULL,,,NULL,NULL,NULL,NULL,NULL,NULL,1,NULL
62,1000,100062,Sulidine syrup CP 60 ml,PARACETAMOL+CPM+PHENYLEPHRINE HCL,ANTIHISTAMINES & ANTIALLERGICS,ขย.9,ขย.11,ยาน้ำสำหรับเด็ก,,,ขวด,8.85317E+12,100,NULL,FALSE,FALSE,NULL,,,NULL,NULL,NULL,NULL,NULL,NULL,1,NULL
63,1000,100063,Sulidine syrup 60 ml,PARACETAMOL+CPM+PHENYLEPHRINE HCL,ANTIHISTAMINES & ANTIALLERGICS,ขย.9,ขย.11,ยาน้ำสำหรับเด็ก,,,ขวด,8.85317E+12,100,NULL,FALSE,FALSE,NULL,,,NULL,NULL,NULL,NULL,NULL,NULL,1,NULL
64,1000,100064,B.M. baby cough syrup 60ml,CHLORPHENIRRAMINE+AMMONIUM CL+SO.CITRATE,ANTIHISTAMINES & ANTIALLERGICS,ขย.9,ขย.11,ยาน้ำสำหรับเด็ก,,,ขวด,8.85317E+12,100,NULL,FALSE,FALSE,NULL,,,NULL,NULL,NULL,NULL,NULL,NULL,1,NULL
65,1000,100065,R-RAX Syrup 60 ml,HYDROXYZINE,ANTIHISTAMINES & ANTIALLERGICS,ขย.9,ขย.11,ยาน้ำสำหรับเด็ก,,,ขวด,8.8587E+12,100,NULL,FALSE,FALSE,NULL,,,NULL,NULL,NULL,NULL,NULL,NULL,1,NULL
66,1000,100066,Dextro cough syrup 60ml,DEXTROMETHOPHAN+CHLORPHENIRAMINE+TERPIN,COUGH & COLD REMEDIES,ขย.9,ขย.11,ยาน้ำสำหรับเด็ก,,,ขวด,8.85254E+12,100,NULL,FALSE,FALSE,NULL,,,NULL,NULL,NULL,NULL,NULL,NULL,1,NULL
67,1000,100067,cougo syrup 60 ml,PARACETAMOL+CPM+PHENYLEPHRINE HCL,COUGH & COLD REMEDIES,ขย.9,ขย.11,ยาน้ำสำหรับเด็ก,,,ขวด,8.85317E+12,100,NULL,FALSE,FALSE,NULL,,,NULL,NULL,NULL,NULL,NULL,NULL,1,NULL
68,1000,100068,cyproheptadine 2mg (cypro),CYPROTERONE ACETATE+ETHINYLESTRADIOL,ANTIHISTAMINES & ANTIALLERGICS,ขย.9,ขย.11,ยาน้ำสำหรับเด็ก,,,ขวด,8.8587E+12,100,NULL,FALSE,FALSE,NULL,,,NULL,NULL,NULL,NULL,NULL,NULL,1,NULL
69,1000,100069,Minra syrup รสองุ่น 60 ml,BROMPHENIRAMINE+PHENYLPROPANILAMINE,ANTIHISTAMINES & ANTIALLERGICS,ขย.9,ขย.11,ยาน้ำสำหรับเด็ก,,,ขวด,8.85147E+12,100,NULL,FALSE,FALSE,NULL,,,NULL,NULL,NULL,NULL,NULL,NULL,1,NULL
70,1000,100070,Minra syrup รสส้ม 60 ml,BROMPHENIRAMINE+PHENYLPROPANILAMINE,ANTIHISTAMINES & ANTIALLERGICS,ขย.9,ขย.11,ยาน้ำสำหรับเด็ก,,,ขวด,8.85147E+12,100,NULL,FALSE,FALSE,NULL,,,NULL,NULL,NULL,NULL,NULL,NULL,1,NULL
71,1000,100071,asiatapp infant Drops 15 ml,BROMPHENIRAMINE+PHENYLPROPANILAMINE,ANTIHISTAMINES & ANTIALLERGICS,ขย.9,ขย.11,ยาน้ำสำหรับเด็ก,,,กล่อง,8.85635E+12,100,NULL,FALSE,FALSE,NULL,,,NULL,NULL,NULL,NULL,NULL,NULL,1,NULL
72,1000,100072,Vitamin B1 injection  1ml,NULL,VITAMINS & MINERALS,ขย.9,NULL,ยาหู ตา คอ จมูก,,,กล่อง,8.85406E+12,100,NULL,FALSE,FALSE,NULL,,,NULL,NULL,NULL,NULL,NULL,NULL,1,NULL
73,1000,100073,Fluimucil 3ml*5 amp/กล่อง,NULL,NULL,NULL,NULL,NULL,,,NULL,100073,100,NULL,FALSE,FALSE,NULL,,,NULL,NULL,NULL,NULL,NULL,NULL,1,NULL
74,1000,100074,vitamin C injection,ASCORBIC ACID,VITAMINS & MINERALS,ขย.9,NULL,ยาหู ตา คอ จมูก,,,กล่อง,8.85353E+12,100,NULL,FALSE,FALSE,NULL,,,NULL,NULL,NULL,NULL,NULL,NULL,1,NULL
75,1000,100075,Acetylcysteine 300mg injection (ACETIN),ASCORBIC ACID,VITAMINS & MINERALS,ขย.9,NULL,ยาหู ตา คอ จมูก,,,กล่อง,8.85281E+12,100,NULL,FALSE,FALSE,NULL,,,NULL,NULL,NULL,NULL,NULL,NULL,1,NULL
76,1000,100076,Vitop vitamin and mineral  10tab,VITAMIN B COMPLEX+MINERAL,VITAMINS & MINERALS,ขย.9,NULL,ยาหู ตา คอ จมูก,,,แผง,8.85898E+12,100,NULL,FALSE,FALSE,NULL,,,NULL,NULL,NULL,NULL,NULL,NULL,1,NULL
77,1000,100077,Manoprovit 72  tab,VITAMIN B COMPLEX+MINERAL,VITAMINS & MINERALS,ขย.9,NULL,ยาหู ตา คอ จมูก,,,ขวด,8.85815E+12,100,NULL,FALSE,FALSE,NULL,,,NULL,NULL,NULL,NULL,NULL,NULL,1,NULL
78,1000,100078,Minra drop รสองุ่น 15 ml,BROMPHENIRAMINE+PHENYLPROPANILAMINE,ANTIHISTAMINES & ANTIALLERGICS,ขย.9,ขย.11,ยาน้ำสำหรับเด็ก,,,ขวด,8.85147E+12,100,NULL,FALSE,FALSE,NULL,,,NULL,NULL,NULL,NULL,NULL,NULL,1,NULL
79,1000,100079,vitamin A 25000iu 100 cap (MEGA),VITAMIN A 25000 UNITS,VITAMINS & MINERALS,ขย.9,NULL,ยาหู ตา คอ จมูก,,,กระปุก,8.85077E+12,100,NULL,FALSE,FALSE,NULL,,,NULL,NULL,NULL,NULL,NULL,NULL,1,NULL
80,1000,100080,Natural vitamin E 400 MEGA  30cap,VITAMIN E,VITAMINS & MINERALS,ขย.9,NULL,ยาหู ตา คอ จมูก,,,กระปุก,8.85077E+12,100,NULL,FALSE,FALSE,NULL,,,NULL,NULL,NULL,NULL,NULL,NULL,1,NULL
81,1000,100081,NEUROBION (B1-6-12) 10's,VITAMIN B1 + VITAMIN B6 + VITAMIN B12,VITAMINS & MINERALS,ขย.9,NULL,ยาหู ตา คอ จมูก,,,แผง,8.85288E+12,100,NULL,FALSE,FALSE,NULL,,,NULL,NULL,NULL,NULL,NULL,NULL,1,NULL
82,1000,100082,Haemovit Gold 31's,VITAMIN B COMPLEX+MINERAL,VITAMINS & MINERALS,ขย.9,NULL,ยาหู ตา คอ จมูก,,,กระปุก,8.85185E+12,100,NULL,FALSE,FALSE,NULL,,,NULL,NULL,NULL,NULL,NULL,NULL,1,NULL
83,1000,100083,Haemovit 100's,VITAMIN B COMPLEX+MINERAL,VITAMINS & MINERALS,ขย.9,NULL,ยาหู ตา คอ จมูก,,,กระปุก,8.85185E+12,100,NULL,FALSE,FALSE,NULL,,,NULL,NULL,NULL,NULL,NULL,NULL,1,NULL
84,1000,100084,New phavit  100's,VITAMIN B COMPLEX+MINERAL,VITAMINS & MINERALS,ขย.9,NULL,ยาหู ตา คอ จมูก,,,กระปุก,8.85593E+12,100,NULL,FALSE,FALSE,NULL,,,NULL,NULL,NULL,NULL,NULL,NULL,1,NULL
85,1000,100085,Newphavit B plus 100's,VITAMIN B COMPLEX+MINERAL,VITAMINS & MINERALS,ขย.9,NULL,ยาหู ตา คอ จมูก,,,กระปุก,8.85593E+12,100,NULL,FALSE,FALSE,NULL,,,NULL,NULL,NULL,NULL,NULL,NULL,1,NULL
86,1000,100086,OBIMIN-AZ (20's),VITAMIN B COMPLEX+MINERAL,VITAMINS & MINERALS,ขย.9,NULL,ยาหู ตา คอ จมูก,,,กระปุก,8.85182E+12,100,NULL,FALSE,FALSE,NULL,,,NULL,NULL,NULL,NULL,NULL,NULL,1,NULL
87,1000,100087,ravit-fort + folic calcium 30's,VITAMIN B COMPLEX+MINERAL,VITAMINS & MINERALS,ขย.9,NULL,ยาหู ตา คอ จมูก,,,กล่อง,8.85147E+12,100,NULL,FALSE,FALSE,NULL,,,NULL,NULL,NULL,NULL,NULL,NULL,1,NULL
88,1000,100088,Sambee (Vit B1-6-12) 10 tab,VITAMIN B1 + VITAMIN B6 + VITAMIN B12,VITAMINS & MINERALS,ขย.9,NULL,ยาหู ตา คอ จมูก,,,แผง,8.85545E+12,100,NULL,FALSE,FALSE,NULL,,,NULL,NULL,NULL,NULL,NULL,NULL,1,NULL
89,1000,100089,FBC บำรุงเลือด (100 เม็ด),VITAMIN B COMPLEX+MINERAL,VITAMINS & MINERALS,ขย.9,NULL,ยาหู ตา คอ จมูก,,,ถุง,92,100,NULL,FALSE,FALSE,NULL,,,NULL,NULL,NULL,NULL,NULL,NULL,1,NULL
90,1000,100090,Methycobal 30's,MECOBALAMIN,VITAMINS & MINERALS,ขย.9,NULL,วิตามินและอาหารเสริม,,,กล่อง,8.85868E+12,100,NULL,FALSE,FALSE,NULL,,,NULL,NULL,NULL,NULL,NULL,NULL,1,NULL
91,1000,100091,Folic 5 mg  10tab,FOLIC ACID,VITAMINS & MINERALS,ขย.9,NULL,ยาหู ตา คอ จมูก,,,แผง,8.85298E+12,100,NULL,FALSE,FALSE,NULL,,,NULL,NULL,NULL,NULL,NULL,NULL,1,NULL
92,1000,100092,Folic 5mg  GPO 30 's นับเม็ด,FOLIC ACID,VITAMINS & MINERALS,ขย.9,NULL,ยาหู ตา คอ จมูก,,,ถุง,8.85068E+12,100,NULL,FALSE,FALSE,NULL,,,NULL,NULL,NULL,NULL,NULL,NULL,1,NULL
93,1000,100093,Mysoven 600 mg สีฟ้า,ACETYLCYSTEINE,MUCOLYTIC,ขย.9,NULL,ยาหู ตา คอ จมูก,,,ซอง,8.85229E+12,100,NULL,FALSE,FALSE,NULL,,,NULL,NULL,NULL,NULL,NULL,NULL,1,NULL
94,1000,100094,Mysoven 100 mg สีส้ม สำหรับเด็ก,ACETYLCYSTEINE,MUCOLYTIC,ขย.9,NULL,ยาหู ตา คอ จมูก,,,ซอง,8.85229E+12,100,NULL,FALSE,FALSE,NULL,,,NULL,NULL,NULL,NULL,NULL,NULL,1,NULL
95,1000,100095,Mysoven 200 mg  สีเขียว,ACETYLCYSTEINE,MUCOLYTIC,ขย.9,NULL,ยาหู ตา คอ จมูก,,,ซอง,8.85229E+12,100,NULL,FALSE,FALSE,NULL,,,NULL,NULL,NULL,NULL,NULL,NULL,1,NULL
96,1000,100096,flemex 375 mg แผง 10's,CARBOCYSTEINE,MUCOLYTIC,ขย.9,NULL,ยาหู ตา คอ จมูก,,,แผง,8.85203E+12,100,NULL,FALSE,FALSE,NULL,,,NULL,NULL,NULL,NULL,NULL,NULL,1,NULL
97,1000,100097,Solmax 500 mg 10's,CARBOCYSTEINE,MUCOLYTIC,ขย.9,NULL,ยาหู ตา คอ จมูก,,,แผง,8.85182E+12,100,NULL,FALSE,FALSE,NULL,,,NULL,NULL,NULL,NULL,NULL,NULL,1,NULL
98,1000,100098,Bisolvon 8 mg 10's,BROMHEXINE,MUCOLYTIC,ขย.9,NULL,ยาหู ตา คอ จมูก,,,แผง,8.85089E+12,100,NULL,FALSE,FALSE,NULL,,,NULL,NULL,NULL,NULL,NULL,NULL,1,NULL
99,1000,100099,MUCOSOLVAN 30mg 10's,AMBROXOL,MUCOLYTIC,ขย.9,NULL,ยาหู ตา คอ จมูก,,,แผง,4.80014E+12,100,NULL,FALSE,FALSE,NULL,,,NULL,NULL,NULL,NULL,NULL,NULL,1,NULL
100,1000,100100,Mucolid 30 mg 10's,AMBROXOL,MUCOLYTIC,ขย.9,NULL,ยาหู ตา คอ จมูก,,,แผง,9.98877E+12,100,NULL,FALSE,FALSE,NULL,,,NULL,NULL,NULL,NULL,NULL,NULL,1,NULL
101,1000,100101,Desloratadine Sandoz 5 mg (10 tab),DESLORATADINE,ANTIHISTAMINES & ANTIALLERGICS,ขย.9,NULL,ยาหู ตา คอ จมูก,,,กล่อง,8.85977E+12,100,NULL,FALSE,FALSE,NULL,,,NULL,NULL,NULL,NULL,NULL,NULL,1,NULL
102,1000,100102,Loreze 10 mg 10's,LORATADINE,ANTIHISTAMINES & ANTIALLERGICS,ขย.9,NULL,ยาหู ตา คอ จมูก,,,กล่อง,8.85077E+12,100,NULL,FALSE,FALSE,NULL,,,NULL,NULL,NULL,NULL,NULL,NULL,1,NULL
103,1000,100103,montelukast 10 mg (AStair),MONTELUKAST,ANTIHISTAMINES & ANTIALLERGICS,ขย.9,NULL,ยาหู ตา คอ จมูก,,,แผง,8.85024E+12,100,NULL,FALSE,FALSE,NULL,,,NULL,NULL,NULL,NULL,NULL,NULL,1,NULL
104,1000,100104,ALLORA 5 mg 10's,DESLORATADINE,ANTIHISTAMINES & ANTIALLERGICS,ขย.9,NULL,ยาหู ตา คอ จมูก,,,กล่อง,8.85394E+12,100,NULL,FALSE,FALSE,NULL,,,NULL,NULL,NULL,NULL,NULL,NULL,1,NULL
105,1000,100105,Clarityne 10mg 10's,LORATADINE,ANTIHISTAMINES & ANTIALLERGICS,ขย.9,NULL,ยาหู ตา คอ จมูก,,,กล่อง,8.85017E+12,100,NULL,FALSE,FALSE,NULL,,,NULL,NULL,NULL,NULL,NULL,NULL,1,NULL
106,1000,100106,Clarityne 10mg 5's,LORATADINE,ANTIHISTAMINES & ANTIALLERGICS,ขย.9,NULL,ยาหู ตา คอ จมูก,,,กล่อง,4.0576E+12,100,NULL,FALSE,FALSE,NULL,,,NULL,NULL,NULL,NULL,NULL,NULL,1,NULL
107,1000,100107,ALLERNIX TABLET 10 mg 10's,LORATADINE,ANTIHISTAMINES & ANTIALLERGICS,ขย.9,NULL,ยาหู ตา คอ จมูก,,,กล่อง,8.85897E+12,100,NULL,FALSE,FALSE,NULL,,,NULL,NULL,NULL,NULL,NULL,NULL,1,NULL
108,1000,100108,Carinose 10 mg 10's,LORATADINE,ANTIHISTAMINES & ANTIALLERGICS,ขย.9,NULL,ยาหู ตา คอ จมูก,,,แผง,8.85314E+12,100,NULL,FALSE,FALSE,NULL,,,NULL,NULL,NULL,NULL,NULL,NULL,1,NULL
109,1000,100109,Tiffy dey 4'(ทิฟฟี่) แผง,PARACETAMOL+CPM+PHENYLEPHRINE HCL,NSAIDs,ขย.9,NULL,ยาหู ตา คอ จมูก,,,แผง,8.85147E+12,100,NULL,FALSE,FALSE,NULL,,,NULL,NULL,NULL,NULL,NULL,NULL,1,NULL
110,1000,100110,Tiffy dey 4'(ทิฟฟี่)**ยกกล่อง,PARACETAMOL+CPM+PHENYLEPHRINE HCL,NSAIDs,ขย.9,NULL,ยาหู ตา คอ จมูก,,,กล่อง,8.85147E+12,100,NULL,FALSE,FALSE,NULL,,,NULL,NULL,NULL,NULL,NULL,NULL,1,NULL
111,1000,100111,Decolgen Prin 4's แผง,PARACETAMOL+CPM+PHENYLEPHRINE HCL,NSAIDs,ขย.9,NULL,ยาหู ตา คอ จมูก,,,แผง,8.85182E+12,100,NULL,FALSE,FALSE,NULL,,,NULL,NULL,NULL,NULL,NULL,NULL,1,NULL
112,1000,100112,Decolgen prin **ยกกล่อง,PARACETAMOL+CPM+PHENYLEPHRINE HCL,NSAIDs,ขย.9,NULL,ยาหู ตา คอ จมูก,,,กล่อง,8.85182E+12,100,NULL,FALSE,FALSE,NULL,,,NULL,NULL,NULL,NULL,NULL,NULL,1,NULL
113,1000,100113,Baron 0.25 mg อมแก้เจ็บคอ 10's,DEQUALINIUM CHLORIDE,NULL,ขย.9,NULL,ยาหู ตา คอ จมูก,,,แผง,8.8587E+12,100,NULL,FALSE,FALSE,NULL,,,NULL,NULL,NULL,NULL,NULL,NULL,1,NULL
114,1000,100114,Bromcolex  8 mg 10' tab,BROMHEXINE,MUCOLYTIC,ขย.9,NULL,ยาหู ตา คอ จมูก,,,แผง,8.85254E+12,100,NULL,FALSE,FALSE,NULL,,,NULL,NULL,NULL,NULL,NULL,NULL,1,NULL
115,1000,100115,Bilastin 20mg (Bilaxten),BILASTIN,ANTIHISTAMINES & ANTIALLERGICS,ขย.9,NULL,ยาหู ตา คอ จมูก,,,กล่อง,8.85879E+12,100,NULL,FALSE,FALSE,NULL,,,NULL,NULL,NULL,NULL,NULL,NULL,1,NULL
116,1000,100116,TELFAST 180mg 10's,FEXOFENADINE,ANTIHISTAMINES & ANTIALLERGICS,ขย.9,NULL,ยาหู ตา คอ จมูก,,,แผง/กล่อง,8.99324E+12,100,NULL,FALSE,FALSE,NULL,,,NULL,NULL,NULL,NULL,NULL,NULL,1,NULL
117,1000,100117,TELFAST 60mg 10's,FEXOFENADINE,ANTIHISTAMINES & ANTIALLERGICS,ขย.9,NULL,ยาหู ตา คอ จมูก,,,แผง/กล่อง,8.99324E+12,100,NULL,FALSE,FALSE,NULL,,,NULL,NULL,NULL,NULL,NULL,NULL,1,NULL
118,1000,100118,Fenafex 180 mg 10's,FEXOFENADINE,ANTIHISTAMINES & ANTIALLERGICS,ขย.9,NULL,ยาหู ตา คอ จมูก,,,แผง/กล่อง,8.85024E+12,100,NULL,FALSE,FALSE,NULL,,,NULL,NULL,NULL,NULL,NULL,NULL,1,NULL
119,1000,100119,Fenafex 60 mg,FEXOFENADINE,ANTIHISTAMINES & ANTIALLERGICS,ขย.9,NULL,ยาหู ตา คอ จมูก,,,แผง/กล่อง,8.85024E+12,100,NULL,FALSE,FALSE,NULL,,,NULL,NULL,NULL,NULL,NULL,NULL,1,NULL
120,1000,100120,Ellezin 5mg  10's,LEVOCETIRIZINE,ANTIHISTAMINES & ANTIALLERGICS,ขย.9,NULL,ยาหู ตา คอ จมูก,,,แผง/กล่อง,8.85546E+12,100,NULL,FALSE,FALSE,NULL,,,NULL,NULL,NULL,NULL,NULL,NULL,1,NULL
121,1000,100121,Xyzal  10's,LEVOCETIRIZINE,ANTIHISTAMINES & ANTIALLERGICS,ขย.9,NULL,ยาหู ตา คอ จมูก,,,แผง/กล่อง,8.85101E+12,100,NULL,FALSE,FALSE,NULL,,,NULL,NULL,NULL,NULL,NULL,NULL,1,NULL
122,1000,100122,Zytec 10 mg,CETIRIZINE,ANTIHISTAMINES & ANTIALLERGICS,ขย.9,NULL,ยาหู ตา คอ จมูก,,,แผง/กล่อง,8.85101E+12,100,NULL,FALSE,FALSE,NULL,,,NULL,NULL,NULL,NULL,NULL,NULL,1,NULL
123,1000,100123,MEGA ZIRIN (10's),CETIRIZINE,ANTIHISTAMINES & ANTIALLERGICS,ขย.9,NULL,ยาหู ตา คอ จมูก,,,แผง/กล่อง,8.85077E+12,100,NULL,FALSE,FALSE,NULL,,,NULL,NULL,NULL,NULL,NULL,NULL,1,NULL
124,1000,100124,Cyproheptadine 4 mg นับเม็ด 10's,CYPROHEPTADINE,ANTIHISTAMINES & ANTIALLERGICS,ขย.9,NULL,ยาหู ตา คอ จมูก,,,เม็ด,8.85651E+12,100,NULL,FALSE,FALSE,NULL,,,NULL,NULL,NULL,NULL,NULL,NULL,1,NULL
125,1000,100125,Periactin 4 mg 10's,CYPROHEPTADINE,ANTIHISTAMINES & ANTIALLERGICS,ขย.9,NULL,ยาหู ตา คอ จมูก,,,แผง,128,100,NULL,FALSE,FALSE,NULL,,,NULL,NULL,NULL,NULL,NULL,NULL,1,NULL
126,1000,100126,Hydroxyzine-FC  10tab,HYDROXYZINE,ANTIHISTAMINES & ANTIALLERGICS,ขย.9,NULL,ยาหู ตา คอ จมูก,,,แผง,8.85545E+12,100,NULL,FALSE,FALSE,NULL,,,NULL,NULL,NULL,NULL,NULL,NULL,1,NULL
127,1000,100127,hydrox-25  10' เม็ดขาว  (100127),HYDROXYZINE,ANTIHISTAMINES & ANTIALLERGICS,ขย.9,NULL,ยาหู ตา คอ จมูก,,,แผง/กล่อง,8.85651E+12,100,NULL,FALSE,FALSE,NULL,,,NULL,NULL,NULL,NULL,NULL,NULL,1,NULL
128,1000,100129,CPM 100' ขวดเหลือง**กระปุกเล็ก,CHLORPHENIRAMINE,ANTIHISTAMINES & ANTIALLERGICS,ขย.9,NULL,ยาหู ตา คอ จมูก,,,กระปุก,8.8522E+12,100,NULL,FALSE,FALSE,NULL,,,NULL,NULL,NULL,NULL,NULL,NULL,1,NULL
129,1000,100130,CPM 100' ฝาน้ำเงิน**กระปุกเล็ก,CHLORPHENIRAMINE,ANTIHISTAMINES & ANTIALLERGICS,ขย.9,NULL,ยาหู ตา คอ จมูก,,,กระปุก,8.85885E+12,100,NULL,FALSE,FALSE,NULL,,,NULL,NULL,NULL,NULL,NULL,NULL,1,NULL
130,1000,100131,Sominar 10'S,DOXYLAMINE,ANTIHISTAMINES & ANTIALLERGICS,ขย.9,NULL,ยาหู ตา คอ จมูก,,,แผง,8.85877E+12,100,NULL,FALSE,FALSE,NULL,,,NULL,NULL,NULL,NULL,NULL,NULL,1,NULL
131,1000,100132,Alerest (แผง) 10's,CETIRIZINE,ANTIHISTAMINES & ANTIALLERGICS,ขย.9,NULL,ยาหู ตา คอ จมูก,,,แผง,8.85314E+12,100,NULL,FALSE,FALSE,NULL,,,NULL,NULL,NULL,NULL,NULL,NULL,1,NULL
132,1000,100133,Cettrizin ยกกล่อง 10*10's,CETIRIZINE,ANTIHISTAMINES & ANTIALLERGICS,ขย.9,NULL,ยาหู ตา คอ จมูก,,,กล่อง,0,100,NULL,FALSE,FALSE,NULL,,,NULL,NULL,NULL,NULL,NULL,NULL,1,NULL
133,1000,100134,cetirizine  สหแพทย์  10's     (100134),CETIRIZINE,ANTIHISTAMINES & ANTIALLERGICS,ขย.9,NULL,ยาหู ตา คอ จมูก,,,แผง,8.85545E+12,100,NULL,FALSE,FALSE,NULL,,,NULL,NULL,NULL,NULL,NULL,NULL,1,NULL
134,1000,100135,Nasotapp  (phenylep+bromphen) 10's,BROMPHENIRAMINE+PHENYLPROPANILAMINE,ANTIHISTAMINES & ANTIALLERGICS,ขย.9,NULL,ยาหู ตา คอ จมูก,,,แผง,8.85314E+12,100,NULL,FALSE,FALSE,NULL,,,NULL,NULL,NULL,NULL,NULL,NULL,1,NULL
135,1000,100136,Rhinotapp 10',BROMPHENIRAMINE+PHENYLPROPANILAMINE,ANTIHISTAMINES & ANTIALLERGICS,ขย.9,NULL,ยาหู ตา คอ จมูก,,,แผง,8.85802E+12,100,NULL,FALSE,FALSE,NULL,,,NULL,NULL,NULL,NULL,NULL,NULL,1,NULL
136,1000,100137,Sulidine tab 10's,CPM+PHENYLPROPANILAMINE,ANTIHISTAMINES & ANTIALLERGICS,ขย.9,NULL,ยาหู ตา คอ จมูก,,,แผง,8.85317E+12,100,NULL,FALSE,FALSE,NULL,,,NULL,NULL,NULL,NULL,NULL,NULL,1,NULL
137,1000,100138,Nasolin tab 10's,CPM+PHENYLPROPANILAMINE,ANTIHISTAMINES & ANTIALLERGICS,ขย.9,NULL,ยาหู ตา คอ จมูก,,,แผง,8.85147E+12,100,NULL,FALSE,FALSE,NULL,,,NULL,NULL,NULL,NULL,NULL,NULL,1,NULL
138,1000,100139,Apracur NC,PARACETAMOL+CPM+PHENYLEPHRINE HCL,ANTIHISTAMINES & ANTIALLERGICS,ขย.9,NULL,ยาหู ตา คอ จมูก,,,แผง,8.85944E+12,100,NULL,FALSE,FALSE,NULL,,,NULL,NULL,NULL,NULL,NULL,NULL,1,NULL
139,1000,100140,opsa-cin (สูตร poly oph) 5 ml,POLYMYCIN+NEOMYCIN+GRAMICIDIN,EYE PREPARATIONS,ขย.9,NULL,ยาหู ตา คอ จมูก,,,ขวด,8.85397E+12,100,NULL,FALSE,FALSE,NULL,,,NULL,NULL,NULL,NULL,NULL,NULL,1,NULL
140,1000,100141,poly oph 5 ml,POLYMYCIN+NEOMYCIN+GRAMICIDIN,EYE PREPARATIONS,ขย.9,NULL,ยาหู ตา คอ จมูก,,,ขวด,8.85493E+12,100,NULL,FALSE,FALSE,NULL,,,NULL,NULL,NULL,NULL,NULL,NULL,1,NULL
141,1000,100142,opsar-his (สูตร hista oph) 5 ml,ANTAZOLINE+TETRAHYDROZOLINE,EYE PREPARATIONS,ขย.9,NULL,ยาหู ตา คอ จมูก,,,ขวด,8.85397E+12,100,NULL,FALSE,FALSE,NULL,,,NULL,NULL,NULL,NULL,NULL,NULL,1,NULL
142,1000,100143,Antazallerge Eye Drops 10ml,ANTAZOLINE+TETRAHYDROZOLINE,EYE PREPARATIONS,ขย.9,NULL,ยาหู ตา คอ จมูก,,,ขวด,8.85274E+12,100,NULL,FALSE,FALSE,NULL,,,NULL,NULL,NULL,NULL,NULL,NULL,1,NULL
143,1000,100144,Millioph Eye Drop 10 ml,ANTAZOLINE+TETRAHYDROZOLINE,EYE PREPARATIONS,ขย.9,NULL,ยาหู ตา คอ จมูก,,,ขวด,8.85945E+12,100,NULL,FALSE,FALSE,NULL,,,NULL,NULL,NULL,NULL,NULL,NULL,1,NULL
144,1000,100145,Allergis eye drop 5 ml,ANTAZOLINE+TETRAHYDROZOLINE,EYE PREPARATIONS,ขย.9,NULL,ยาหู ตา คอ จมูก,,,ขวด,8.85147E+12,100,NULL,FALSE,FALSE,NULL,,,NULL,NULL,NULL,NULL,NULL,NULL,1,NULL
145,1000,100146,opsadex (สูตร dex oph) 5 ml,DEXAMETHASONE + NEOMYCIN,EYE PREPARATIONS,ขย.9,NULL,ยาหู ตา คอ จมูก,,,ขวด,8.85397E+12,100,NULL,FALSE,FALSE,NULL,,,NULL,NULL,NULL,NULL,NULL,NULL,1,NULL
146,1000,100147,CADEXCIN-N 4ml,DEXAMETHASONE + NEOMYCIN,EYE PREPARATIONS,ขย.9,NULL,ยาหู ตา คอ จมูก,,,ขวด,8.85147E+12,100,NULL,FALSE,FALSE,NULL,,,NULL,NULL,NULL,NULL,NULL,NULL,1,NULL
147,1000,100148,Dex oph 4 ml,DEXAMETHASONE + NEOMYCIN,EYE PREPARATIONS,ขย.9,NULL,ยาหู ตา คอ จมูก,,,ขวด,8.85493E+12,100,NULL,FALSE,FALSE,NULL,,,NULL,NULL,NULL,NULL,NULL,NULL,1,NULL
148,1000,100149,Inf-oph 5 ml,PREDNISOLONE,EYE PREPARATIONS,ขย.9,NULL,ยาหู ตา คอ จมูก,,,ขวด,8.85493E+12,100,NULL,FALSE,FALSE,NULL,,,NULL,NULL,NULL,NULL,NULL,NULL,1,NULL
149,1000,100150,Flarex TM 5 ml,FLUOROMETHOLONE,EYE PREPARATIONS,ขย.9,NULL,ยาหู ตา คอ จมูก,,,ขวด,5.4139E+12,100,NULL,FALSE,FALSE,NULL,,,NULL,NULL,NULL,NULL,NULL,NULL,1,NULL
150,1000,100151,Carvit ophthalmic solution 5 ml,LEVOFLOXACIN,EYE PREPARATIONS,ขย.9,NULL,ยาหู ตา คอ จมูก,,,ขวด,4.98708E+12,100,NULL,FALSE,FALSE,NULL,,,NULL,NULL,NULL,NULL,NULL,NULL,1,NULL
151,1000,100152,Candid 1% ear drop 15 ml,CLOTRIMAZOLE,EAR PREPARATIONS,ขย.9,NULL,ยาหู ตา คอ จมูก,,,ขวด,8.90409E+12,100,NULL,FALSE,FALSE,NULL,,,NULL,NULL,NULL,NULL,NULL,NULL,1,NULL
152,1000,100153,Dewax ear drops 15 ml,DOCUSATE SODIUM,EAR PREPARATIONS,ขย.9,NULL,ยาหู ตา คอ จมูก,,,ขวด,8.9013E+12,100,NULL,FALSE,FALSE,NULL,,,NULL,NULL,NULL,NULL,NULL,NULL,1,NULL
153,1000,100154,Earwax 15 ml,DOCUSATE SODIUM,EAR PREPARATIONS,ขย.9,NULL,ยาหู ตา คอ จมูก,,,ขวด,8.85882E+12,100,NULL,FALSE,FALSE,NULL,,,NULL,NULL,NULL,NULL,NULL,NULL,1,NULL
154,1000,100155,TERRAMYCIN ointment 3.5g,OXYTETRACYCLINE+POLYMYCIN,EYE PREPARATIONS,ขย.9,NULL,ยาหู ตา คอ จมูก,,,หลอด,8.85266E+12,100,NULL,FALSE,FALSE,NULL,,,NULL,NULL,NULL,NULL,NULL,NULL,1,NULL
155,1000,100156,Chloroph ointment 5 g,CHLORAMPHENICOL,CHLORAMPHENICOLS,ขย.9,NULL,ยาหู ตา คอ จมูก,,,หลอด,8.85493E+12,100,NULL,FALSE,FALSE,NULL,,,NULL,NULL,NULL,NULL,NULL,NULL,1,NULL
156,1000,100157,Kary Uni ophthalamic suspension 5ml,PIRENOXINE,EYE PREPARATIONS,ขย.9,NULL,ยาหู ตา คอ จมูก,,,ขวด,8.85174E+12,100,NULL,FALSE,FALSE,NULL,,,NULL,NULL,NULL,NULL,NULL,NULL,1,NULL
157,1000,100158,Naphcon-A 15 ml,NAPHAZOLINE + PHENIRAMINE,EYE PREPARATIONS,ขย.9,NULL,ยาหู ตา คอ จมูก,,,ขวด,5.4139E+12,100,NULL,FALSE,FALSE,NULL,,,NULL,NULL,NULL,NULL,NULL,NULL,1,NULL
158,1000,100159,1% isopto atropine 5ml Alcon,ATROPINE,EYE PREPARATIONS,ขย.9,NULL,ยาหู ตา คอ จมูก,,,ขวด,5.4139E+12,100,NULL,FALSE,FALSE,NULL,,,NULL,NULL,NULL,NULL,NULL,NULL,1,NULL
159,1000,100160,2% isopto carpine 15ml Novartis,PILOCARPINE,EYE PREPARATIONS,ขย.9,NULL,ยาหู ตา คอ จมูก,,,ขวด,5.4139E+12,100,NULL,FALSE,FALSE,NULL,,,NULL,NULL,NULL,NULL,NULL,NULL,1,NULL
160,1000,100161,TIMOLOL MALETE 0.5% 5ml Novartis,TIMOLOL,EYE PREPARATIONS,ขย.9,NULL,ยาหู ตา คอ จมูก,,,ขวด,5.4139E+12,100,NULL,FALSE,FALSE,NULL,,,NULL,NULL,NULL,NULL,NULL,NULL,1,NULL
161,1000,100162,0.75% CATALIN 15 ml DKSH,PIRENOXINE,EYE PREPARATIONS,ขย.9,NULL,ยาหู ตา คอ จมูก,,,ขวด,4.98787E+12,100,NULL,FALSE,FALSE,NULL,,,NULL,NULL,NULL,NULL,NULL,NULL,1,NULL
162,1000,100163,Genteal gel  10g Alcon,SODIUM PERBORATE,EYE PREPARATIONS,ขย.9,NULL,ยาหู ตา คอ จมูก,,,หลอด,8.85236E+12,100,NULL,FALSE,FALSE,NULL,,,NULL,NULL,NULL,NULL,NULL,NULL,1,NULL
163,1000,100164,0.2% Pataday 2.5 ml Novartis,OLOPATADINE HCL,EYE PREPARATIONS,ขย.9,NULL,ยาหู ตา คอ จมูก,,,ขวด,3.0065E+11,100,NULL,FALSE,FALSE,NULL,,,NULL,NULL,NULL,NULL,NULL,NULL,1,NULL
164,1000,100165,Natear 0.3% eye drop 10 ml,HYDROXYPROPYLMETHYLCELLULOSE,EYE PREPARATIONS,ขย.9,NULL,ยาหู ตา คอ จมูก,,,ขวด,8.8511E+12,100,NULL,FALSE,FALSE,NULL,,,NULL,NULL,NULL,NULL,NULL,NULL,1,NULL
165,1000,100166,HIALID 0.1% 5 ml,SODIUM HYALURONATE,EYE PREPARATIONS,ขย.9,NULL,ยาหู ตา คอ จมูก,,,ขวด,4.98708E+12,100,NULL,FALSE,FALSE,NULL,,,NULL,NULL,NULL,NULL,NULL,NULL,1,NULL
166,1000,100167,Cellufresh MD 0.5% 15 ml,CARBOXYMETHYLCELLULOSE Na,EYE PREPARATIONS,ขย.9,NULL,ยาหู ตา คอ จมูก,,,ขวด,4.897E+12,100,NULL,FALSE,FALSE,NULL,,,NULL,NULL,NULL,NULL,NULL,NULL,1,NULL
167,1000,100168,Cellufresh MD 0.5% 3ml,CARBOXYMETHYLCELLULOSE Na,EYE PREPARATIONS,ขย.9,NULL,ยาหู ตา คอ จมูก,,,ขวด,4.897E+12,100,NULL,FALSE,FALSE,NULL,,,NULL,NULL,NULL,NULL,NULL,NULL,1,NULL
168,1000,100169,Lac-oph 0.5% eye drop 10 ml,HYDROXYPROPYLMETHYLCELLULOSE,EYE PREPARATIONS,ขย.9,NULL,ยาหู ตา คอ จมูก,,,ขวด,8.85493E+12,100,NULL,FALSE,FALSE,NULL,,,NULL,NULL,NULL,NULL,NULL,NULL,1,NULL
169,1000,100170,OPSAR 20% eye drop 5ml,SULFACETAMIDE,EYE PREPARATIONS,ขย.9,NULL,ยาหู ตา คอ จมูก,,,ขวด,8.85397E+12,100,NULL,FALSE,FALSE,NULL,,,NULL,NULL,NULL,NULL,NULL,NULL,1,NULL
170,1000,100171,Op-Ize Eye Wash 110 ml,SODIUM CHLORIDE,EYE PREPARATIONS,ขย.9,NULL,ยาหู ตา คอ จมูก,,,ขวด,8.85406E+12,100,NULL,FALSE,FALSE,NULL,,,NULL,NULL,NULL,NULL,NULL,NULL,1,NULL
171,1000,100172,OPSAR 120 ml,SODIUM CHLORIDE,EYE PREPARATIONS,ขย.9,NULL,ยาหู ตา คอ จมูก,,,ขวด,8.85397E+12,100,NULL,FALSE,FALSE,NULL,,,NULL,NULL,NULL,NULL,NULL,NULL,1,NULL
172,1000,100173,Opplin Sterile eye wash 100 ml,SODIUM CHLORIDE,EYE PREPARATIONS,ขย.9,NULL,ยาหู ตา คอ จมูก,,,ขวด,8.85147E+12,100,NULL,FALSE,FALSE,NULL,,,NULL,NULL,NULL,NULL,NULL,NULL,1,NULL
173,1000,100174,OCUSOFT LID SCRUB ORIGINAL PAD (30 pads),NULL,EYE PREPARATIONS,ขย.9,NULL,ยาหู ตา คอ จมูก,,,กล่อง,15718103301,100,NULL,FALSE,FALSE,NULL,,,NULL,NULL,NULL,NULL,NULL,NULL,1,NULL
174,1000,100175,Cellufresh eye drops 0.4 ml*30 units,CARBOXYMETHYLCELLULOSE Na,EYE PREPARATIONS,ขย.9,NULL,ยาหู ตา คอ จมูก,,,กล่อง,4.897E+12,100,NULL,FALSE,FALSE,NULL,,,NULL,NULL,NULL,NULL,NULL,NULL,1,NULL
175,1000,100176,Natear ud 0.8 ml*7 tubes,HYPROMELLOSE,EYE PREPARATIONS,ขย.9,NULL,ยาหู ตา คอ จมูก,,,กล่อง,8.8511E+12,100,NULL,FALSE,FALSE,NULL,,,NULL,NULL,NULL,NULL,NULL,NULL,1,NULL
176,1000,100177,Vislube 0.45 ml* 20 units,SODIUM HYALURONATE,EYE PREPARATIONS,ขย.9,NULL,ยาหู ตา คอ จมูก,,,กล่อง,8.85899E+12,100,NULL,FALSE,FALSE,NULL,,,NULL,NULL,NULL,NULL,NULL,NULL,1,NULL
177,1000,100178,HYATEAR 0.3 ml*20 units,SODIUM HYALURONATE,EYE PREPARATIONS,ขย.9,NULL,ยาหู ตา คอ จมูก,,,กล่อง,8.85945E+12,100,NULL,FALSE,FALSE,NULL,,,NULL,NULL,NULL,NULL,NULL,NULL,1,NULL
178,1000,100179,NATEAR UD 0.8 ml*28 tubes,HYPROMELLOSE,EYE PREPARATIONS,ขย.9,NULL,ยาหู ตา คอ จมูก,,,กล่อง,8.8511E+12,100,NULL,FALSE,FALSE,NULL,,,NULL,NULL,NULL,NULL,NULL,NULL,1,NULL
179,1000,100180,Acnetin-a 0.025%10g,TRETINOIN,ANTIBIOTICS,ขย.9,NULL,ยาใช้เฉพาะที่,,,หลอด,8.85335E+12,100,NULL,FALSE,FALSE,NULL,,,NULL,NULL,NULL,NULL,NULL,NULL,1,NULL
180,1000,100181,Acnetin-A 0.05% 10g,TRETINOIN,ANTIBIOTICS,ขย.9,NULL,ยาใช้เฉพาะที่,,,หลอด,8.85335E+12,100,NULL,FALSE,FALSE,NULL,,,NULL,NULL,NULL,NULL,NULL,NULL,1,NULL
181,1000,100182,AkneDerm - BP 2.5  10g,BENZOYL PEROXIDE,ANTIBIOTICS,ขย.9,NULL,ยาใช้เฉพาะที่,,,หลอด,8.85335E+12,100,NULL,FALSE,FALSE,NULL,,,NULL,NULL,NULL,NULL,NULL,NULL,1,NULL
182,1000,100183,Benzac 5% 15 g,BENZOYL PEROXIDE,ANTIBIOTICS,ขย.9,NULL,ยาใช้เฉพาะที่,,,หลอด,3.49932E+12,100,NULL,FALSE,FALSE,NULL,,,NULL,NULL,NULL,NULL,NULL,NULL,1,NULL
183,1000,100184,BENZAC AC 2.5% 60g,BENZOYL PEROXIDE,ANTIBIOTICS,ขย.9,NULL,ยาใช้เฉพาะที่,,,หลอด,8.80656E+12,100,NULL,FALSE,FALSE,NULL,,,NULL,NULL,NULL,NULL,NULL,NULL,1,NULL
184,1000,100185,BENZAC AC 5% 60 g,BENZOYL PEROXIDE,ANTIBIOTICS,ขย.9,NULL,ยาใช้เฉพาะที่,,,หลอด,3.49932E+12,100,NULL,FALSE,FALSE,NULL,,,NULL,NULL,NULL,NULL,NULL,NULL,1,NULL
185,1000,100186,Benzac 2.5% 15g,BENZOYL PEROXIDE,ANTIBIOTICS,ขย.9,NULL,ยาใช้เฉพาะที่,,,หลอด,3.49932E+12,100,NULL,FALSE,FALSE,NULL,,,NULL,NULL,NULL,NULL,NULL,NULL,1,NULL
186,1000,100187,differin 0.1% 15g,ADAPALENE,ANTIBIOTICS,ขย.9,NULL,ยาใช้เฉพาะที่,,,หลอด,8.80656E+12,100,NULL,FALSE,FALSE,NULL,,,NULL,NULL,NULL,NULL,NULL,NULL,1,NULL
187,1000,100188,CLINDALIN GEL 10g,CLINDAMYCIN,ANTIBIOTICS,ขย.9,NULL,ยาใช้เฉพาะที่,,,หลอด,8.85867E+12,100,NULL,FALSE,FALSE,NULL,,,NULL,NULL,NULL,NULL,NULL,NULL,1,NULL
188,1000,100189,clindalin gel 5g,CLINDAMYCIN,ANTIBIOTICS,ขย.9,NULL,ยาใช้เฉพาะที่,,,หลอด,8.85867E+12,100,NULL,FALSE,FALSE,NULL,,,NULL,NULL,NULL,NULL,NULL,NULL,1,NULL
189,1000,100190,clinda-M 15 ml,CLINDAMYCIN,ANTIBIOTICS,ขย.9,NULL,ยาใช้เฉพาะที่,,,หลอด,8.85354E+12,100,NULL,FALSE,FALSE,NULL,,,NULL,NULL,NULL,NULL,NULL,NULL,1,NULL
190,1000,100191,DermaKlares AQUA GEL 5% 10g,BENZOYL PEROXIDE,ANTIBIOTICS,ขย.9,NULL,ยาใช้เฉพาะที่,,,หลอด,8.85203E+12,100,NULL,FALSE,FALSE,NULL,,,NULL,NULL,NULL,NULL,NULL,NULL,1,NULL
191,1000,100192,Skinoren cream 20% 30g,AZELAIC ACID,ANTIBIOTICS,ขย.9,NULL,ยาใช้เฉพาะที่,,,หลอด,5.70219E+12,100,NULL,FALSE,FALSE,NULL,,,NULL,NULL,NULL,NULL,NULL,NULL,1,NULL
192,1000,100193,Tomei gel  5g,CLINDAMYCIN,ANTIBIOTICS,ขย.9,NULL,ยาใช้เฉพาะที่,,,หลอด,8.85511E+12,100,NULL,FALSE,FALSE,NULL,,,NULL,NULL,NULL,NULL,NULL,NULL,1,NULL
193,1000,100194,C-20 360 ml แดง,CHLORHEXIDINE,NULL,ขย.9,NULL,ยาใช้เฉพาะที่,,,ขวด,8.85254E+12,100,NULL,FALSE,FALSE,NULL,,,NULL,NULL,NULL,NULL,NULL,NULL,1,NULL
194,1000,100195,c-20 180ml แดง,CHLORHEXIDINE,NULL,ขย.9,NULL,ยาใช้เฉพาะที่,,,ขวด,8.85254E+12,100,NULL,FALSE,FALSE,NULL,,,NULL,NULL,NULL,NULL,NULL,NULL,1,NULL
195,1000,100196,LONGMED pregnancy test strip,ACETYLCYSTEINE,MOUTH/THROAT PREPARATIONS,ขย.9,NULL,อุปกรณ์ทางการแพทย์,,,ชิ้น,8.8591E+12,100,NULL,FALSE,FALSE,NULL,,,23,NULL,NULL,NULL,NULL,NULL,1,NULL
196,1000,100197,LONGMED pregnancy test cassettic,ACETYLCYSTEINE,MOUTH/THROAT PREPARATIONS,ขย.9,NULL,อุปกรณ์ทางการแพทย์,,,ชิ้น,8.8591E+12,100,NULL,FALSE,FALSE,NULL,,,23,NULL,NULL,NULL,NULL,NULL,1,NULL
197,1000,100198,MAG test ชุดตรวจหาสารเสพติด,NULL,NULL,ขย.9,NULL,อุปกรณ์ทางการแพทย์,,,ชิ้น,8.85892E+12,100,NULL,FALSE,FALSE,NULL,,,NULL,NULL,NULL,NULL,NULL,NULL,1,NULL
198,1000,100199,FLORA capsule (30's),NULL,NULL,ขย.9,NULL,"ยาสมุนไพร, ยาแผนโบราณ",,,กล่อง,8.8583E+12,100,NULL,FALSE,FALSE,NULL,,,NULL,NULL,NULL,NULL,NULL,NULL,1,NULL
199,1000,100200,V-GIFF capsule (30's),NULL,NULL,ขย.9,NULL,"ยาสมุนไพร, ยาแผนโบราณ",,,กล่อง,8.85711E+12,100,NULL,FALSE,FALSE,NULL,,,NULL,NULL,NULL,NULL,NULL,NULL,1,NULL
200,1000,100201,ยาฟอกโลหิต ตราสิงห์แดง 40'cap,NULL,NULL,ขย.9,NULL,"ยาสมุนไพร, ยาแผนโบราณ",,,กล่อง,8.8584E+12,100,NULL,FALSE,FALSE,NULL,,,NULL,NULL,NULL,NULL,NULL,NULL,1,NULL
201,1000,100202,C&L ว่านชักมดลูก เอี๊ยะบ่อเช่า 20'cap,NULL,NULL,ขย.9,NULL,"ยาสมุนไพร, ยาแผนโบราณ",,,กล่อง,8.85882E+12,100,NULL,FALSE,FALSE,NULL,,,NULL,NULL,NULL,NULL,NULL,NULL,1,NULL
202,1000,100203,ยาว่านชักมดลูกจอมใจ 30'cap,NULL,NULL,ขย.9,NULL,"ยาสมุนไพร, ยาแผนโบราณ",,,กล่อง,8.8588E+12,100,NULL,FALSE,FALSE,NULL,,,NULL,NULL,NULL,NULL,NULL,NULL,1,NULL
203,1000,100204,ยาว่านชักมดลูก ตราโบว์แดง สูตร 1 30'cap,NULL,NULL,ขย.9,NULL,"ยาสมุนไพร, ยาแผนโบราณ",,,กล่อง,8.85712E+12,100,NULL,FALSE,FALSE,NULL,,,NULL,NULL,NULL,NULL,NULL,NULL,1,NULL
204,1000,100205,Scagel kids 9g,NULL,NULL,ขย.9,NULL,ยาใช้เฉพาะที่,,,หลอด,8.85866E+12,100,NULL,FALSE,FALSE,NULL,,,NULL,NULL,NULL,NULL,NULL,NULL,1,NULL
205,1000,100206,HIRUSCAR GEL post acne 10g ฟ้าขาว,NULL,NULL,ขย.9,NULL,ยาใช้เฉพาะที่,,,หลอด,8.85174E+12,100,NULL,FALSE,FALSE,NULL,,,NULL,NULL,NULL,NULL,NULL,NULL,1,NULL
206,1000,100207,hiruscar gel post acne 5 g ฟ้าขาว,NULL,NULL,ขย.9,NULL,ยาใช้เฉพาะที่,,,หลอด,8.85174E+12,100,NULL,FALSE,FALSE,NULL,,,NULL,NULL,NULL,NULL,NULL,NULL,1,NULL
207,1000,100208,HIRUSCAR GEL 25g ฟ้า-เหลือง,NULL,NULL,ขย.9,NULL,ยาใช้เฉพาะที่,,,หลอด,8.85174E+12,100,NULL,FALSE,FALSE,NULL,,,NULL,NULL,NULL,NULL,NULL,NULL,1,NULL
208,1000,100209,Hiruscar gel 7 g ฟ้า-เหลือง,NULL,NULL,ขย.9,NULL,ยาใช้เฉพาะที่,,,หลอด,8.85174E+12,100,NULL,FALSE,FALSE,NULL,,,NULL,NULL,NULL,NULL,NULL,NULL,1,NULL
209,1000,100210,ยาสตรีเพ็ญภาค สกัดชนิดแคปซูล 30'cap,NULL,NULL,ขย.9,NULL,ยาใช้เฉพาะที่,,,หลอด,8.85874E+12,100,NULL,FALSE,FALSE,NULL,,,NULL,NULL,NULL,NULL,NULL,NULL,1,NULL
210,1000,100211,Scagel kids 4 g,NULL,NULL,ขย.9,NULL,ยาใช้เฉพาะที่,,,หลอด,8.85866E+12,100,NULL,FALSE,FALSE,NULL,,,NULL,NULL,NULL,NULL,NULL,NULL,1,NULL
211,1000,100212,dermatix acne scar 5g,NULL,NULL,ขย.9,NULL,ยาใช้เฉพาะที่,,,หลอด,8.05535E+12,100,NULL,FALSE,FALSE,NULL,,,NULL,NULL,NULL,NULL,NULL,NULL,1,NULL
212,1000,100213,dermatix ultra gel 5g,NULL,NULL,ขย.9,NULL,ยาใช้เฉพาะที่,,,หลอด,8.88646E+12,100,NULL,FALSE,FALSE,NULL,,,NULL,NULL,NULL,NULL,NULL,NULL,1,NULL
213,1000,100214,dermatix ultra KID gel 5 g,NULL,NULL,ขย.9,NULL,ยาใช้เฉพาะที่,,,หลอด,8.88646E+12,100,NULL,FALSE,FALSE,NULL,,,NULL,NULL,NULL,NULL,NULL,NULL,1,NULL
214,1000,100215,Dermatix ultra gel 9 g,NULL,NULL,ขย.9,NULL,ยาใช้เฉพาะที่,,,หลอด,8.88646E+12,100,NULL,FALSE,FALSE,NULL,,,NULL,NULL,NULL,NULL,NULL,NULL,1,NULL
215,1000,100216,Falerm Cream 5 g,ACICLOVIR,ANTIVIRALS,ขย.9,NULL,ยาระบบการติดเชื้อ,,,หลอด,8.8546E+12,100,NULL,FALSE,FALSE,NULL,,,NULL,NULL,NULL,NULL,NULL,NULL,1,NULL
216,1000,100217,Amoksiklav 1000mg 10's,AMOX+CLAVU,PENICILLINS,ขย.9,NULL,ยาระบบการติดเชื้อ,,,กล่อง,3.83896E+12,100,NULL,FALSE,FALSE,NULL,,,NULL,NULL,NULL,NULL,NULL,NULL,1,NULL
217,1000,100218,Augmentin 1G 10's,AMOX+CLAVU,PENICILLINS,ขย.9,NULL,ยาระบบการติดเชื้อ,,,กล่อง,8.85101E+12,100,NULL,FALSE,FALSE,NULL,,,NULL,NULL,NULL,NULL,NULL,NULL,1,NULL
218,1000,100219,AMK 1000 mg 10's,AMOX+CLAVU,PENICILLINS,ขย.9,NULL,ยาระบบการติดเชื้อ,,,กล่อง,8.85267E+12,100,NULL,FALSE,FALSE,NULL,,,NULL,NULL,NULL,NULL,NULL,NULL,1,NULL
219,1000,100220,flemimg 1000 mg 10's,AMOX+CLAVU,PENICILLINS,ขย.9,NULL,ยาระบบการติดเชื้อ,,,กล่อง,8.85262E+12,100,NULL,FALSE,FALSE,NULL,,,NULL,NULL,NULL,NULL,NULL,NULL,1,NULL
220,1000,100221,IVER-6 tablet 2x6's,IVERMECTIN,ANTIAMOEBICS,ขย.9,NULL,ยาระบบการติดเชื้อ,,,กล่อง,8.85651E+12,100,NULL,FALSE,FALSE,NULL,,,NULL,NULL,NULL,NULL,NULL,NULL,1,NULL
221,1000,100222,Zeplex 500 mg 10'cap นับเม็ด,CEFALEXIN,CEPHALOSPORINS,ขย.9,NULL,ยาระบบการติดเชื้อ,,,แพ็ค,8.85281E+12,100,NULL,FALSE,FALSE,NULL,,,NULL,NULL,NULL,NULL,NULL,NULL,1,NULL
222,1000,100223,Zeplex 500 mg 10'cap,CEFALEXIN,CEPHALOSPORINS,ขย.9,NULL,ยาระบบการติดเชื้อ,,,แผง,8.85281E+12,100,NULL,FALSE,FALSE,NULL,,,NULL,NULL,NULL,NULL,NULL,NULL,1,NULL
223,1000,100224,Sialexin 500 mg 10's,CEFALEXIN,CEPHALOSPORINS,ขย.9,NULL,ยาระบบการติดเชื้อ,,,แผง,8.85274E+12,100,NULL,FALSE,FALSE,NULL,,,NULL,NULL,NULL,NULL,NULL,NULL,1,NULL
224,1000,100225,Clindavid 300 mg 10'cap,CLINDAMYCIN,AMINOGLYCOSIDES,ขย.9,NULL,ยาระบบการติดเชื้อ,,,แผง,8.85546E+12,100,NULL,FALSE,FALSE,NULL,,,NULL,NULL,NULL,NULL,NULL,NULL,1,NULL
225,1000,100226,Kanamycin 250 mg 10'cap,KANAMYCIN,AMINOGLYCOSIDES,ขย.9,NULL,ยาระบบการติดเชื้อ,,,แผง,8.85422E+12,100,NULL,FALSE,FALSE,NULL,,,NULL,NULL,NULL,NULL,NULL,NULL,1,NULL
226,1000,100227,ATOZIN 250 mg 1x6 capsule,AZITHROMYCIN,MACROLIDES,ขย.9,NULL,ยาระบบการติดเชื้อ,,,กล่อง,8.85546E+12,100,NULL,FALSE,FALSE,NULL,,,NULL,NULL,NULL,NULL,NULL,NULL,1,NULL
227,1000,100229,AZITHRO 250 mg 1x6 Capsule,AZITHROMYCIN,MACROLIDES,ขย.9,NULL,ยาระบบการติดเชื้อ,,,กล่อง,8.85281E+12,100,NULL,FALSE,FALSE,NULL,,,NULL,NULL,NULL,NULL,NULL,NULL,1,NULL
228,1000,100230,Masarox 150 mg 10's,ROXITHROMYCIN,MACROLIDES,ขย.9,NULL,ยาระบบการติดเชื้อ,,,แผง,8.85092E+12,100,NULL,FALSE,FALSE,NULL,,,NULL,NULL,NULL,NULL,NULL,NULL,1,NULL
229,1000,100231,Romed 150 mg 10's,ROXITHROMYCIN,MACROLIDES,ขย.9,NULL,ยาระบบการติดเชื้อ,,,แผง,8.85545E+12,100,NULL,FALSE,FALSE,NULL,,,NULL,NULL,NULL,NULL,NULL,NULL,1,NULL
230,1000,100232,Rothricin 150 mg 10's,ROXITHROMYCIN,MACROLIDES,ขย.9,NULL,ยาระบบการติดเชื้อ,,,กล่อง,8.85274E+12,100,NULL,FALSE,FALSE,NULL,,,NULL,NULL,NULL,NULL,NULL,NULL,1,NULL
231,1000,100233,Roxitop 300 mg  10's,ROXITHROMYCIN,MACROLIDES,ขย.9,NULL,ยาระบบการติดเชื้อ,,,แผง,8.85335E+12,100,NULL,FALSE,FALSE,NULL,,,NULL,NULL,NULL,NULL,NULL,NULL,1,NULL
232,1000,100234,Coroxin 300 mg 10's,ROXITHROMYCIN,MACROLIDES,ขย.9,NULL,ยาระบบการติดเชื้อ,,,แผง,8.85314E+12,100,NULL,FALSE,FALSE,NULL,,,NULL,NULL,NULL,NULL,NULL,NULL,1,NULL
233,1000,100235,TC mycin 500 mg 10's,TETRACYCLINE,TETRACYCLINES,ขย.9,NULL,ยาระบบการติดเชื้อ,,,กล่อง,8.85511E+12,100,NULL,FALSE,FALSE,NULL,,,NULL,NULL,NULL,NULL,NULL,NULL,1,NULL
234,1000,100236,tc mycin 250 mg 10's,TETRACYCLINE,TETRACYCLINES,ขย.9,NULL,ยาระบบการติดเชื้อ,,,กล่อง,8.85511E+12,100,NULL,FALSE,FALSE,NULL,,,NULL,NULL,NULL,NULL,NULL,NULL,1,NULL
235,1000,100237,Voflox 500 mg 1x5tab,LEVOFLOXACIN,QUINOLONES,ขย.9,NULL,ยาระบบการติดเชื้อ,,,แผง/กล่อง,8.85546E+12,100,NULL,FALSE,FALSE,NULL,,,NULL,NULL,NULL,NULL,NULL,NULL,1,NULL
236,1000,100238,Cravit tab 250 mg 5's,LEVOFLOXACIN,QUINOLONES,ขย.9,NULL,ยาระบบการติดเชื้อ,,,แผง/กล่อง,8.85869E+12,100,NULL,FALSE,FALSE,NULL,,,NULL,NULL,NULL,NULL,NULL,NULL,1,NULL
237,1000,100239,CRAVIT tab 500 mg 5's,LEVOFLOXACIN,QUINOLONES,ขย.9,NULL,ยาระบบการติดเชื้อ,,,แผง/กล่อง,8.85869E+12,100,NULL,FALSE,FALSE,NULL,,,NULL,NULL,NULL,NULL,NULL,NULL,1,NULL
238,1000,100240,Ciproxyl 500 MG 10's,CIPROFLOXACIN,QUINOLONES,ขย.9,NULL,ยาระบบการติดเชื้อ,,,แผง,8.85335E+12,100,NULL,FALSE,FALSE,NULL,,,NULL,NULL,NULL,NULL,NULL,NULL,1,NULL
239,1000,100241,Konovid 200 mg 10's,OFLOXACIN,QUINOLONES,ขย.9,NULL,ยาระบบการติดเชื้อ,,,แผง,8.85188E+12,100,NULL,FALSE,FALSE,NULL,,,NULL,NULL,NULL,NULL,NULL,NULL,1,NULL
240,1000,100242,Ofloxin 200 mg 10's,OFLOXACIN,QUINOLONES,ขย.9,NULL,ยาระบบการติดเชื้อ,,,แผง,8.85274E+12,100,NULL,FALSE,FALSE,NULL,,,NULL,NULL,NULL,NULL,NULL,NULL,1,NULL
241,1000,100243,Medic Nor 400 mg 10's,NORFLOXACIN,QUINOLONES,ขย.9,NULL,ยาระบบการติดเชื้อ,,,แผง,8.85545E+12,100,NULL,FALSE,FALSE,NULL,,,NULL,NULL,NULL,NULL,NULL,NULL,1,NULL
242,1000,100244,Doxin 100 mg 10's,DOXYCYCLINE,TETRACYCLINES,ขย.9,NULL,ยาระบบการติดเชื้อ,,,แผง,8.85635E+12,100,NULL,FALSE,FALSE,NULL,,,NULL,NULL,NULL,NULL,NULL,NULL,1,NULL
243,1000,100245,GaNo SPEC 500 mg 10's,TETRACYCLINE,TETRACYCLINES,ขย.9,NULL,ยาระบบการติดเชื้อ,,,แผง/กล่อง,8.85712E+12,100,NULL,FALSE,FALSE,NULL,,,NULL,NULL,NULL,NULL,NULL,NULL,1,NULL
244,1000,100246,Fungazol 200 mg 10's,KETOCONAZOLE,ANTIFUNGALS,ขย.9,NULL,ยาระบบการติดเชื้อ,,,แผง,8.85266E+12,100,NULL,FALSE,FALSE,NULL,,,NULL,NULL,NULL,NULL,NULL,NULL,1,NULL
245,1000,100247,Pennicilin 500.000 Units/tab 2*6 tab,PENICILLIN,PENICILLINS,ขย.9,NULL,ยาระบบการติดเชื้อ,,,แผง/กล่อง,8.85406E+12,100,NULL,FALSE,FALSE,NULL,,,NULL,NULL,NULL,NULL,NULL,NULL,1,NULL
246,1000,100248,MOXY 500 mg H.K. (แผงฟ้า-เขียว),AMOXICILLINE,PENICILLINS,ขย.9,NULL,ยาระบบการติดเชื้อ,,,แผง,8.85905E+12,100,NULL,FALSE,FALSE,NULL,,,NULL,NULL,NULL,NULL,NULL,NULL,1,NULL
247,1000,100249,Dorox 500 mg 10's,NULL,NULL,NULL,NULL,NULL,,,NULL,8.85281E+12,100,NULL,TRUE,FALSE,NULL,,,NULL,NULL,NULL,NULL,NULL,NULL,1,NULL
248,1000,100250,Ampicillin capsule 500mg (แบ่งขาย) 10 cap,AMPICILLIN,PENICILLINS,ขย.9,NULL,ยาระบบการติดเชื้อ,,,แพ็ค,8.85885E+12,100,NULL,FALSE,FALSE,NULL,,,NULL,NULL,NULL,NULL,NULL,NULL,1,NULL
249,1000,100251,Dicloxmed 500 mg 10's,DICLOXACILLIN,PENICILLINS,ขย.9,NULL,ยาระบบการติดเชื้อ,,,แผง,8.85545E+12,100,NULL,FALSE,FALSE,NULL,,,NULL,NULL,NULL,NULL,NULL,NULL,1,NULL
250,1000,100252,Metrolex 200mg 10's,METRONIDAZOLE,ANTIAMOEBICS,ขย.9,NULL,ยาระบบการติดเชื้อ,,,แผง,8.85274E+12,100,NULL,FALSE,FALSE,NULL,,,NULL,NULL,NULL,NULL,NULL,NULL,1,NULL
251,1000,100253,spornar 100 mg 4's,ITRACONAZOLE,ANTIFUNGALS,ขย.9,NULL,ยาระบบการติดเชื้อ,,,แผง,8.85877E+12,100,NULL,FALSE,FALSE,NULL,,,NULL,NULL,NULL,NULL,NULL,NULL,1,NULL
252,1000,100254,Fludizol 200 mg  5's,FLUCONAZOLE,ANTIFUNGALS,ขย.9,NULL,ยาระบบการติดเชื้อ,,,แผง,8.85281E+12,100,NULL,FALSE,FALSE,NULL,,,NULL,NULL,NULL,NULL,NULL,NULL,1,NULL
253,1000,100255,Flunco 200 mg 10's,FLUCONAZOLE,ANTIFUNGALS,ขย.9,NULL,ยาระบบการติดเชื้อ,,,แผง,8.85188E+12,100,NULL,FALSE,FALSE,NULL,,,NULL,NULL,NULL,NULL,NULL,NULL,1,NULL
254,1000,100256,Biozole 150 mg 1's,FLUCONAZOLE,ANTIFUNGALS,ขย.9,NULL,ยาระบบการติดเชื้อ,,,กล่อง,8.85266E+12,100,NULL,FALSE,FALSE,NULL,,,NULL,NULL,NULL,NULL,NULL,NULL,1,NULL
255,1000,100257,Zevin cream 3 g,ACICLOVIR,ANTIVIRALS,ขย.9,NULL,ยาระบบการติดเชื้อ,,,หลอด,8.85266E+12,100,NULL,FALSE,FALSE,NULL,,,NULL,NULL,NULL,NULL,NULL,NULL,1,NULL
256,1000,100258,Vilerm cream 5g,ACICLOVIR,ANTIVIRALS,ขย.9,NULL,ยาระบบการติดเชื้อ,,,หลอด,8.85274E+12,100,NULL,FALSE,FALSE,NULL,,,NULL,NULL,NULL,NULL,NULL,NULL,1,NULL
257,1000,100259,Clinovir 200 mg 5's,ACICLOVIR,ANTIVIRALS,ขย.9,NULL,ยาระบบการติดเชื้อ,,,แผง,8.85335E+12,100,NULL,FALSE,FALSE,NULL,,,NULL,NULL,NULL,NULL,NULL,NULL,1,NULL
258,1000,100260,Clinovir 800 mg 5's,ACICLOVIR,ANTIVIRALS,ขย.9,NULL,ยาระบบการติดเชื้อ,,,แผง,8.85335E+12,100,NULL,FALSE,FALSE,NULL,,,NULL,NULL,NULL,NULL,NULL,NULL,1,NULL
259,1000,100261,Clinovir 400 mg 5's,ACICLOVIR,ANTIVIRALS,ขย.9,NULL,ยาระบบการติดเชื้อ,,,แผง,264,100,NULL,FALSE,FALSE,NULL,,,NULL,NULL,NULL,NULL,NULL,NULL,1,NULL
260,1000,100262,Vilerm 800 mg 5's,ACICLOVIR,ANTIVIRALS,ขย.9,NULL,ยาระบบการติดเชื้อ,,,แผง,8.85274E+12,100,NULL,FALSE,FALSE,NULL,,,NULL,NULL,NULL,NULL,NULL,NULL,1,NULL
261,1000,100263,Virogon 200 mg 5's,ACICLOVIR,ANTIVIRALS,ขย.9,NULL,ยาระบบการติดเชื้อ,,,แผง,8.85956E+12,100,NULL,FALSE,FALSE,NULL,,,NULL,NULL,NULL,NULL,NULL,NULL,1,NULL
262,1000,100264,Virogon 400 mg 10's,ACICLOVIR,ANTIVIRALS,ขย.9,NULL,ยาระบบการติดเชื้อ,,,แผง,8.85956E+12,100,NULL,FALSE,FALSE,NULL,,,NULL,NULL,NULL,NULL,NULL,NULL,1,NULL
263,1000,100265,Virogon 800 mg 5's,ACICLOVIR,ANTIVIRALS,ขย.9,NULL,ยาระบบการติดเชื้อ,,,แผง,8.85956E+12,100,NULL,FALSE,FALSE,NULL,,,NULL,NULL,NULL,NULL,NULL,NULL,1,NULL
264,1000,100266,Antergen Cream 10 g,HYDROCORTISONE,STEROIDS,ขย.9,NULL,ยาระบบการติดเชื้อ,,,หลอด,8.85147E+12,100,NULL,FALSE,FALSE,NULL,,,NULL,NULL,NULL,NULL,NULL,NULL,1,NULL
265,1000,100267,Zyno 0.1% Cream 15g,TRIAMCINOLONE,STEROIDS,ขย.9,NULL,ยาระบบการติดเชื้อ,,,หลอด,8.85335E+12,100,NULL,FALSE,FALSE,NULL,,,NULL,NULL,NULL,NULL,NULL,NULL,1,NULL
266,1000,100268,Zyno 0.02% Cream 15g,TRIAMCINOLONE,STEROIDS,ขย.9,NULL,ยาระบบการติดเชื้อ,,,หลอด,8.85335E+12,100,NULL,FALSE,FALSE,NULL,,,NULL,NULL,NULL,NULL,NULL,NULL,1,NULL
267,1000,100269,T.A.Cream 0.02% 15g,TRIAMCINOLONE,STEROIDS,ขย.9,NULL,ยาระบบการติดเชื้อ,,,หลอด,8.85254E+12,100,NULL,FALSE,FALSE,NULL,,,NULL,NULL,NULL,NULL,NULL,NULL,1,NULL
268,1000,100270,T.A.Cream 0.02%  5g,TRIAMCINOLONE,STEROIDS,ขย.9,NULL,ยาระบบการติดเชื้อ,,,หลอด,8.85254E+12,100,NULL,FALSE,FALSE,NULL,,,NULL,NULL,NULL,NULL,NULL,NULL,1,NULL
269,1000,100271,T.A .Cream 0.1% 5 g,TRIAMCINOLONE,STEROIDS,ขย.9,NULL,ยาระบบการติดเชื้อ,,,หลอด,8.85254E+12,100,NULL,FALSE,FALSE,NULL,,,NULL,NULL,NULL,NULL,NULL,NULL,1,NULL
270,1000,100272,T.A.cream 0.1% 15 g,TRIAMCINOLONE,STEROIDS,ขย.9,NULL,ยาระบบการติดเชื้อ,,,หลอด,8.85254E+12,100,NULL,FALSE,FALSE,NULL,,,NULL,NULL,NULL,NULL,NULL,NULL,1,NULL
271,1000,100273,Aristocort Cream 0.02%  15g,TRIAMCINOLONE,STEROIDS,ขย.9,NULL,ยาระบบการติดเชื้อ,,,หลอด,8.85101E+12,100,NULL,FALSE,FALSE,NULL,,,NULL,NULL,NULL,NULL,NULL,NULL,1,NULL
272,1000,100274,Aristocort cream 0.1%  15g,TRIAMCINOLONE,STEROIDS,ขย.9,NULL,ยาระบบการติดเชื้อ,,,หลอด,8.85101E+12,100,NULL,FALSE,FALSE,NULL,,,NULL,NULL,NULL,NULL,NULL,NULL,1,NULL
273,1000,100275,KELA cream TO  15 g,TRIAMCINOLONE,STEROIDS,ขย.9,NULL,ยาระบบการติดเชื้อ,,,หลอด,8.85188E+12,100,NULL,FALSE,FALSE,NULL,,,NULL,NULL,NULL,NULL,NULL,NULL,1,NULL
274,1000,100276,KELA cream TO 5 g,TRIAMCINOLONE,STEROIDS,ขย.9,NULL,ยาระบบการติดเชื้อ,,,หลอด,8.85188E+12,100,NULL,FALSE,FALSE,NULL,,,NULL,NULL,NULL,NULL,NULL,NULL,1,NULL
275,1000,100277,Bethasone Cream 15g,BETAMETHASONE,STEROIDS,ขย.9,NULL,ยาระบบการติดเชื้อ,,,หลอด,8.85229E+12,100,NULL,FALSE,FALSE,NULL,,,NULL,NULL,NULL,NULL,NULL,NULL,1,NULL
276,1000,100278,Bethasone Cream 5 g,BETAMETHASONE,STEROIDS,ขย.9,NULL,ยาระบบการติดเชื้อ,,,หลอด,8.85229E+12,100,NULL,FALSE,FALSE,NULL,,,NULL,NULL,NULL,NULL,NULL,NULL,1,NULL
277,1000,100279,Clinivate cream  5 g,BETAMETHASONE,STEROIDS,ขย.9,NULL,ยาระบบการติดเชื้อ,,,หลอด,8.85335E+12,100,NULL,FALSE,FALSE,NULL,,,NULL,NULL,NULL,NULL,NULL,NULL,1,NULL
278,1000,100280,Clinivate cream  15 g,BETAMETHASONE,STEROIDS,ขย.9,NULL,ยาระบบการติดเชื้อ,,,หลอด,8.85335E+12,100,NULL,FALSE,FALSE,NULL,,,NULL,NULL,NULL,NULL,NULL,NULL,1,NULL
279,1000,100281,Betosalic Ointment 5 g,BETAMETHASONE + SALICYLIC ACID,STEROIDS,ขย.9,NULL,ยาระบบการติดเชื้อ,,,หลอด,8.85188E+12,100,NULL,FALSE,FALSE,NULL,,,NULL,NULL,NULL,NULL,NULL,NULL,1,NULL
280,1000,100282,Clobet Cream 5g,CLOBETASONE,STEROIDS,ขย.9,NULL,ยาระบบการติดเชื้อ,,,หลอด,8.85266E+12,100,NULL,FALSE,FALSE,NULL,,,NULL,NULL,NULL,NULL,NULL,NULL,1,NULL
281,1000,100283,Dermatop Cream 5 g,PREDNICARBATE,STEROIDS,ขย.9,NULL,ยาระบบการติดเชื้อ,,,หลอด,8.85089E+12,100,NULL,FALSE,FALSE,NULL,,,NULL,NULL,NULL,NULL,NULL,NULL,1,NULL
282,1000,100284,Dermovate Cream 15g GSK,CLOBETASONE,STEROIDS,ขย.9,NULL,ยาระบบการติดเชื้อ,,,หลอด,8.85101E+12,100,NULL,FALSE,FALSE,NULL,,,NULL,NULL,NULL,NULL,NULL,NULL,1,NULL
283,1000,100285,Clobet Cream 10g,CLOBETASONE,STEROIDS,ขย.9,NULL,ยาระบบการติดเชื้อ,,,หลอด,8.85266E+12,100,NULL,FALSE,FALSE,NULL,,,NULL,NULL,NULL,NULL,NULL,NULL,1,NULL
284,1000,100286,Clinoderm Cream 5 g,CLOBETASONE,STEROIDS,ขย.9,NULL,ยาระบบการติดเชื้อ,,,หลอด,8.85335E+12,100,NULL,FALSE,FALSE,NULL,,,NULL,NULL,NULL,NULL,NULL,NULL,1,NULL
285,1000,100287,Clinoderm Cream 35g,CLOBETASONE,STEROIDS,ขย.9,NULL,ยาระบบการติดเชื้อ,,,หลอด,8.85899E+12,100,NULL,FALSE,FALSE,NULL,,,NULL,NULL,NULL,NULL,NULL,NULL,1,NULL
286,1000,100288,Ecosone Cream 15 g,TRIAMCINOLONE,STEROIDS,ขย.9,NULL,ยาระบบการติดเชื้อ,,,หลอด,8.85878E+12,100,NULL,FALSE,FALSE,NULL,,,NULL,NULL,NULL,NULL,NULL,NULL,1,NULL
287,1000,100289,Ecosone Cream 5 g,TRIAMCINOLONE,STEROIDS,ขย.9,NULL,ยาระบบการติดเชื้อ,,,หลอด,8.85878E+12,100,NULL,FALSE,FALSE,NULL,,,NULL,NULL,NULL,NULL,NULL,NULL,1,NULL
288,1000,100290,TARA-Plus cream 15g,MICONAZOLE + TRIAMCINOLONE,ANTIFUNGALS,ขย.9,NULL,ยาระบบการติดเชื้อ,,,หลอด,8.85265E+12,100,NULL,FALSE,FALSE,NULL,,,NULL,NULL,NULL,NULL,NULL,NULL,1,NULL
289,1000,100291,DERMACOMBIN CREAM 15g,NYSTATIN+NEOMYCIN+GRAMICIDIN+TRIAMCINOLONE,ANTIFUNGALS,ขย.9,NULL,ยาระบบการติดเชื้อ,,,หลอด,7.29001E+12,100,NULL,FALSE,FALSE,NULL,,,NULL,NULL,NULL,NULL,NULL,NULL,1,NULL
290,1000,100292,DERMACOMBIN CREAM 5g,NYSTATIN+NEOMYCIN+GRAMICIDIN+TRIAMCINOLONE,ANTIFUNGALS,ขย.9,NULL,ยาระบบการติดเชื้อ,,,หลอด,7.29001E+12,100,NULL,FALSE,FALSE,NULL,,,NULL,NULL,NULL,NULL,NULL,NULL,1,NULL
291,1000,100293,Lymarin cream 5g,MICONAZOLE + TRIAMCINOLONE,ANTIFUNGALS,ขย.9,NULL,ยาระบบการติดเชื้อ,,,หลอด,8.85088E+12,100,NULL,FALSE,FALSE,NULL,,,NULL,NULL,NULL,NULL,NULL,NULL,1,NULL
292,1000,100294,Lymarin cream 15g,MICONAZOLE + TRIAMCINOLONE,ANTIFUNGALS,ขย.9,NULL,ยาระบบการติดเชื้อ,,,หลอด,8.85088E+12,100,NULL,FALSE,FALSE,NULL,,,NULL,NULL,NULL,NULL,NULL,NULL,1,NULL
293,1000,100295,Tonaf-B cream  15g,BETAMETHASONE+TOLNAFTATE+IODOCHLORHYDROX,ANTIFUNGALS,ขย.9,NULL,ยาระบบการติดเชื้อ,,,หลอด,8.85493E+12,100,NULL,FALSE,FALSE,NULL,,,NULL,NULL,NULL,NULL,NULL,NULL,1,NULL
294,1000,100296,Tonaf-B cream  5g,BETAMETHASONE+TOLNAFTATE+IODOCHLORHYDROX,ANTIFUNGALS,ขย.9,NULL,ยาระบบการติดเชื้อ,,,หลอด,8.85493E+12,100,NULL,FALSE,FALSE,NULL,,,NULL,NULL,NULL,NULL,NULL,NULL,1,NULL
295,1000,100297,BETA-DIPO  15 g,BETAMETHASONE + NEOMYCIN,ANTIFUNGALS,ขย.9,NULL,ยาระบบการติดเชื้อ,,,หลอด,8.85147E+12,100,NULL,FALSE,FALSE,NULL,,,NULL,NULL,NULL,NULL,NULL,NULL,1,NULL
296,1000,100298,BETA-DIPO 5 g,BETAMETHASONE + NEOMYCIN,ANTIFUNGALS,ขย.9,NULL,ยาระบบการติดเชื้อ,,,หลอด,8.85147E+12,100,NULL,FALSE,FALSE,NULL,,,NULL,NULL,NULL,NULL,NULL,NULL,1,NULL
297,1000,100299,Bethasone-N Cream 15 g,BETAMETHASONE + NEOMYCIN,ANTIFUNGALS,ขย.9,NULL,ยาระบบการติดเชื้อ,,,หลอด,8.85229E+12,100,NULL,FALSE,FALSE,NULL,,,NULL,NULL,NULL,NULL,NULL,NULL,1,NULL
298,1000,100300,Bethasone-N  Cream 5g,BETAMETHASONE + NEOMYCIN,ANTIFUNGALS,ขย.9,NULL,ยาระบบการติดเชื้อ,,,หลอด,8.85229E+12,100,NULL,FALSE,FALSE,NULL,,,NULL,NULL,NULL,NULL,NULL,NULL,1,NULL
299,1000,100301,Fango-B cream 15 g,BETAMETHASONE + NEOMYCIN,ANTIFUNGALS,ขย.9,NULL,ยาระบบการติดเชื้อ,,,หลอด,8.85335E+12,100,NULL,FALSE,FALSE,NULL,,,NULL,NULL,NULL,NULL,NULL,NULL,1,NULL
300,1000,100302,CANAZOL-BE Cream 15 g,CLOTRIMAZOLE+BETAMETHASONE,ANTIFUNGALS,ขย.9,NULL,ยาระบบการติดเชื้อ,,,หลอด,8.85188E+12,100,NULL,FALSE,FALSE,NULL,,,NULL,NULL,NULL,NULL,NULL,NULL,1,NULL
301,1000,100303,Betamethasone-N Cream 15 g - GPO,BETAMETHASONE + NEOMYCIN,ANTIFUNGALS,ขย.9,NULL,ยาระบบการติดเชื้อ,,,หลอด,8.85068E+12,100,NULL,FALSE,FALSE,NULL,,,NULL,NULL,NULL,NULL,NULL,NULL,1,NULL
302,1000,100304,Betamethasone-N Cream 5g- GPO,BETAMETHASONE + NEOMYCIN,ANTIFUNGALS,ขย.9,NULL,ยาระบบการติดเชื้อ,,,หลอด,8.85068E+12,100,NULL,FALSE,FALSE,NULL,,,NULL,NULL,NULL,NULL,NULL,NULL,1,NULL
303,1000,100305,CANASONE Cream 10 g -TNP,CLOTRIMAZOLE,ANTIFUNGALS,ขย.9,NULL,ยาระบบการติดเชื้อ,,,หลอด,8.85147E+12,100,NULL,FALSE,FALSE,NULL,,,NULL,NULL,NULL,NULL,NULL,NULL,1,NULL
304,1000,100306,CANASONE CB Cream 15 g -TNP,CLOTRIMAZOLE,ANTIFUNGALS,ขย.9,NULL,ยาระบบการติดเชื้อ,,,หลอด,8.85147E+12,100,NULL,FALSE,FALSE,NULL,,,NULL,NULL,NULL,NULL,NULL,NULL,1,NULL
305,1000,100307,Fungiderm-B cream 20 g,CLOTRIMAZOLE+BETAMETHASONE,ANTIFUNGALS,ขย.9,NULL,ยาระบบการติดเชื้อ,,,หลอด,8.85229E+12,100,NULL,FALSE,FALSE,NULL,,,NULL,NULL,NULL,NULL,NULL,NULL,1,NULL
306,1000,100308,fungiderm-b cream  5 g,CLOTRIMAZOLE+BETAMETHASONE,ANTIFUNGALS,ขย.9,NULL,ยาระบบการติดเชื้อ,,,หลอด,8.85229E+12,100,NULL,FALSE,FALSE,NULL,,,NULL,NULL,NULL,NULL,NULL,NULL,1,NULL
307,1000,100309,Myda-B cream 25 g -T. MAN Pharma,CLOTRIMAZOLE+BETAMETHASONE,ANTIFUNGALS,ขย.9,NULL,ยาระบบการติดเชื้อ,,,หลอด,8.85651E+12,100,NULL,FALSE,FALSE,NULL,,,NULL,NULL,NULL,NULL,NULL,NULL,1,NULL
308,1000,100310,Myda-B cream 15 g-T. MAN Pharma,CLOTRIMAZOLE+BETAMETHASONE,ANTIFUNGALS,ขย.9,NULL,ยาระบบการติดเชื้อ,,,หลอด,8.85651E+12,100,NULL,FALSE,FALSE,NULL,,,NULL,NULL,NULL,NULL,NULL,NULL,1,NULL
309,1000,100311,Myda-B cream 5 g-T. MAN Pharma,CLOTRIMAZOLE+BETAMETHASONE,ANTIFUNGALS,ขย.9,NULL,ยาระบบการติดเชื้อ,,,หลอด,8.85651E+12,100,NULL,FALSE,FALSE,NULL,,,NULL,NULL,NULL,NULL,NULL,NULL,1,NULL
310,1000,100312,Myderm Quad crem 4 plus 5 gT. MAN,BETAMETHASONE+GENTAMYCIN+TONAFTATE+CLIOQUINOL,ANTIFUNGALS,ขย.9,NULL,ยาระบบการติดเชื้อ,,,หลอด,8.85651E+12,100,NULL,FALSE,FALSE,NULL,,,NULL,NULL,NULL,NULL,NULL,NULL,,NULL
311,1000,100313,Dermaheu cream 25g - TNP,BETAMETHASONE+TOLNAFTATE+IODOCHLORHYDROX,ANTIFUNGALS,ขย.9,NULL,ยาระบบการติดเชื้อ,,,หลอด,8.85147E+12,100,NULL,FALSE,FALSE,NULL,,,NULL,NULL,NULL,NULL,NULL,NULL,1,NULL
312,1000,100314,Dermaheu cream 15g - TNP,BETAMETHASONE+TOLNAFTATE+IODOCHLORHYDROX,ANTIFUNGALS,ขย.9,NULL,ยาระบบการติดเชื้อ,,,หลอด,8.85147E+12,100,NULL,FALSE,FALSE,NULL,,,NULL,NULL,NULL,NULL,NULL,NULL,1,NULL
313,1000,100315,DERTEC cream 15 g,BETAMETHASONE+TOLNAFTATE+IODOCHLORHYDROX,ANTIFUNGALS,ขย.9,NULL,ยาระบบการติดเชื้อ,,,หลอด,8.85546E+12,100,NULL,FALSE,FALSE,NULL,,,NULL,NULL,NULL,NULL,NULL,NULL,1,NULL
314,1000,100316,DERTEC cream 5 g,BETAMETHASONE+TOLNAFTATE+IODOCHLORHYDROX,ANTIFUNGALS,ขย.9,NULL,ยาระบบการติดเชื้อ,,,หลอด,8.85546E+12,100,NULL,FALSE,FALSE,NULL,,,NULL,NULL,NULL,NULL,NULL,NULL,1,NULL
315,1000,100317,Quadriderm cream 15 g-MSD,BETAMETHASONE+GENTAMYCIN+TONAFTATE+CLIOQUINOL,ANTIFUNGALS,ขย.9,NULL,ยาระบบการติดเชื้อ,,,หลอด,8.85029E+12,100,NULL,FALSE,FALSE,NULL,,,NULL,NULL,NULL,NULL,NULL,NULL,1,NULL
316,1000,100318,PHOEBUS cream 15g -Pharspec,BETAMETHASONE+GENTAMYCIN+TONAFTATE+CLIOQUINOL,ANTIFUNGALS,ขย.9,NULL,ยาระบบการติดเชื้อ,,,หลอด,8.85891E+12,100,NULL,FALSE,FALSE,NULL,,,NULL,NULL,NULL,NULL,NULL,NULL,1,NULL
317,1000,100319,Phoebus cream 5g -Pharspec,BETAMETHASONE+GENTAMYCIN+TONAFTATE+CLIOQUINOL,ANTIFUNGALS,ขย.9,NULL,ยาระบบการติดเชื้อ,,,หลอด,8.85891E+12,100,NULL,FALSE,FALSE,NULL,,,NULL,NULL,NULL,NULL,NULL,NULL,1,NULL
318,1000,100320,Tonaf 2% cream 15g (เขียว),TOLNAFTATE,ANTIFUNGALS,ขย.9,NULL,ยาระบบการติดเชื้อ,,,หลอด,8.85493E+12,100,NULL,FALSE,FALSE,NULL,,,NULL,NULL,NULL,NULL,NULL,NULL,1,NULL
319,1000,100321,Tonaf 2% cream 5 g (เขียว),TOLNAFTATE,ANTIFUNGALS,ขย.9,NULL,ยาระบบการติดเชื้อ,,,หลอด,8.85493E+12,100,NULL,FALSE,FALSE,NULL,,,NULL,NULL,NULL,NULL,NULL,NULL,1,NULL
320,1000,100322,Tonaf 1% cream 15 g แดง,TOLNAFTATE,ANTIFUNGALS,ขย.9,NULL,ยาระบบการติดเชื้อ,,,หลอด,8.85493E+12,100,NULL,FALSE,FALSE,NULL,,,NULL,NULL,NULL,NULL,NULL,NULL,1,NULL
321,1000,100323,Tonaf 1% cream 5 g แดง,TOLNAFTATE,ANTIFUNGALS,ขย.9,NULL,ยาระบบการติดเชื้อ,,,หลอด,8.85493E+12,100,NULL,FALSE,FALSE,NULL,,,NULL,NULL,NULL,NULL,NULL,NULL,1,NULL
322,1000,100324,Unison ointment 15 g(1%w/w)-Unison lab,CHLORAMPHENICOL,CHLORAMPHENICOLS,ขย.9,NULL,ยาระบบการติดเชื้อ,,,หลอด,8.85394E+12,100,NULL,FALSE,FALSE,NULL,,,NULL,NULL,NULL,NULL,NULL,NULL,1,NULL
323,1000,100325,Chloram ointment 15g (1%w/w)-A.N.B.,CHLORAMPHENICOL,CHLORAMPHENICOLS,ขย.9,NULL,ยาระบบการติดเชื้อ,,,หลอด,8.85406E+12,100,NULL,FALSE,FALSE,NULL,,,NULL,NULL,NULL,NULL,NULL,NULL,1,NULL
324,1000,100326,0.25% Topoxy skin cream 10g -SPS,DESOXIMETHASONE,STEROIDS,ขย.9,NULL,ยาระบบการติดเชื้อ,,,ขวด,8.85024E+12,100,NULL,FALSE,FALSE,NULL,,,NULL,NULL,NULL,NULL,NULL,NULL,1,NULL
325,1000,100327,0.25% Topicorte skin cream 5 g -Fidia,DESOXIMETHASONE,STEROIDS,ขย.9,NULL,ยาระบบการติดเชื้อ,,,ขวด,8.03366E+12,100,NULL,FALSE,FALSE,NULL,,,NULL,NULL,NULL,NULL,NULL,NULL,1,NULL
326,1000,100328,Esperson 5 g -SANOFI,DESOXIMETHASONE,STEROIDS,ขย.9,NULL,ยาระบบการติดเชื้อ,,,หลอด,8.85089E+12,100,NULL,FALSE,FALSE,NULL,,,NULL,NULL,NULL,NULL,NULL,NULL,1,NULL
327,1000,100329,Travocort cream 10 g-DKSH,ISOCONAZOLE + FLUCORTOLONE,ANTIFUNGALS,ขย.9,NULL,ยาระบบการติดเชื้อ,,,หลอด,5.70219E+12,100,NULL,FALSE,FALSE,NULL,,,NULL,NULL,NULL,NULL,NULL,NULL,1,NULL
328,1000,100330,Nyst oral  12 ml -CP,NYSTATIN,ANTIFUNGALS,ขย.9,NULL,ยาระบบการติดเชื้อ,,,ขวด,8.85895E+12,100,NULL,FALSE,FALSE,NULL,,,NULL,NULL,NULL,NULL,NULL,NULL,1,NULL
329,1000,100331,Dermovate scalp application 30 ml -gsk,CLOBETASONE,STEROIDS,ขย.9,NULL,ยาระบบการติดเชื้อ,,,ขวด,8.85101E+12,100,NULL,FALSE,FALSE,NULL,,,NULL,NULL,NULL,NULL,NULL,NULL,1,NULL
330,1000,100332,Funginox Solution 2% spray 25 ml,KETOCONAZOLE,ANTIFUNGALS,ขย.9,NULL,ยาระบบการติดเชื้อ,,,กล่อง,8.85877E+12,100,NULL,FALSE,FALSE,NULL,,,NULL,NULL,NULL,NULL,NULL,NULL,1,NULL
331,1000,100333,Nizorol cream 20 g,KETOCONAZOLE,ANTIFUNGALS,ขย.9,NULL,ยาระบบการติดเชื้อ,,,หลอด,8.85058E+12,100,NULL,FALSE,FALSE,NULL,,,NULL,NULL,NULL,NULL,NULL,NULL,1,NULL
332,1000,100334,nizoral cream  5g,KETOCONAZOLE,ANTIFUNGALS,ขย.9,NULL,ยาระบบการติดเชื้อ,,,หลอด,8.85058E+12,100,NULL,FALSE,FALSE,NULL,,,NULL,NULL,NULL,NULL,NULL,NULL,1,NULL
333,1000,100335,Kela lotion 60 ml -TO,TRIAMCINOLONE,STEROIDS,ขย.9,NULL,ยาระบบการติดเชื้อ,,,ขวด,8.85188E+12,100,NULL,FALSE,FALSE,NULL,,,NULL,NULL,NULL,NULL,NULL,NULL,1,NULL
334,1000,100336,Zema cream 15 g,CLOTRIMAZOLE,ANTIFUNGALS,ขย.9,NULL,ยาระบบการติดเชื้อ,,,หลอด,8.85867E+12,100,NULL,FALSE,FALSE,NULL,,,NULL,NULL,NULL,NULL,NULL,NULL,1,NULL
335,1000,100337,Zema cream  5 g,CLOTRIMAZOLE,ANTIFUNGALS,ขย.9,NULL,ยาระบบการติดเชื้อ,,,หลอด,8.85867E+12,100,NULL,FALSE,FALSE,NULL,,,NULL,NULL,NULL,NULL,NULL,NULL,1,NULL
336,1000,100338,zema lotion 30 ml,SALICYLIC ACID,ANTIFUNGALS,ขย.9,NULL,ยาระบบการติดเชื้อ,,,ขวด,8.85867E+12,100,NULL,FALSE,FALSE,NULL,,,NULL,NULL,NULL,NULL,NULL,NULL,1,NULL
337,1000,100339,Fango cream 15 g,CLOTRIMAZOLE,ANTIFUNGALS,ขย.9,NULL,ยาระบบการติดเชื้อ,,,หลอด,8.85335E+12,100,NULL,FALSE,FALSE,NULL,,,NULL,NULL,NULL,NULL,NULL,NULL,1,NULL
338,1000,100340,Canesten cream OD 10 g,BIFONAZOLE,ANTIFUNGALS,ขย.9,NULL,ยาระบบการติดเชื้อ,,,หลอด,8.85017E+12,100,NULL,FALSE,FALSE,NULL,,,NULL,NULL,NULL,NULL,NULL,NULL,1,NULL
339,1000,100341,Canesten Cream 10 g,CLOTRIMAZOLE,ANTIFUNGALS,ขย.9,NULL,ยาระบบการติดเชื้อ,,,หลอด,8.85017E+12,100,NULL,FALSE,FALSE,NULL,,,NULL,NULL,NULL,NULL,NULL,NULL,1,NULL
340,1000,100342,Lamazone cream 10g,CLOTRIMAZOLE,ANTIFUNGALS,ขย.9,NULL,ยาระบบการติดเชื้อ,,,หลอด,8.85593E+12,100,NULL,FALSE,FALSE,NULL,,,NULL,NULL,NULL,NULL,NULL,NULL,1,NULL
341,1000,100343,clotrimed lotion 1% 13ml,CLOTRIMAZOLE,ANTIFUNGALS,ขย.9,NULL,ยาระบบการติดเชื้อ,,,ขวด,8.8587E+12,100,NULL,FALSE,FALSE,NULL,,,NULL,NULL,NULL,NULL,NULL,NULL,1,NULL
342,1000,100344,TANOCS clotrimazole 15 ml,CLOTRIMAZOLE,ANTIFUNGALS,ขย.9,NULL,ยาระบบการติดเชื้อ,,,ขวด,100344,100,NULL,FALSE,FALSE,NULL,,,NULL,NULL,NULL,NULL,NULL,NULL,1,NULL
343,1000,100345,KELA lotion 30 ml -TO,TRIAMCINOLONE,STEROIDS,ขย.9,NULL,ยาระบบการติดเชื้อ,,,ขวด,8.85188E+12,100,NULL,FALSE,FALSE,NULL,,,NULL,NULL,NULL,NULL,NULL,NULL,1,NULL
344,1000,100346,T.V. Lone 30 ml-T.MAN,TRIAMCINOLONE,STEROIDS,ขย.9,NULL,ยาระบบการติดเชื้อ,,,ขวด,8.85651E+12,100,NULL,FALSE,FALSE,NULL,,,NULL,NULL,NULL,NULL,NULL,NULL,1,NULL
345,1000,100347,T.V.Lone 60 ml-T.MAN,TRIAMCINOLONE,STEROIDS,ขย.9,NULL,ยาระบบการติดเชื้อ,,,ขวด,8.85651E+12,100,NULL,FALSE,FALSE,NULL,,,NULL,NULL,NULL,NULL,NULL,NULL,1,NULL
346,1000,100348,Glucosa 500 กล่องส้ม 10x10 cap-Bangkok Lab,GLUCOSAMINE,AMINOGLYCOSIDES,ขย.9,NULL,ยาระบบกล้ามเนื้อ-ข้อต่อ,,,กล่อง,8.85335E+12,100,NULL,FALSE,FALSE,NULL,,,NULL,NULL,NULL,NULL,NULL,NULL,1,NULL
347,1000,100349,Athril Powder 3.95g/ซอง-TO,GLUCOSAMINE,AMINOGLYCOSIDES,ขย.9,NULL,ยาระบบกล้ามเนื้อ-ข้อต่อ,,,ซอง,100349,100,NULL,FALSE,FALSE,NULL,,,NULL,NULL,NULL,NULL,NULL,NULL,1,NULL
348,1000,100350,Millimed-Coxium Powder1500mg (ซอง),GLUCOSAMINE,AMINOGLYCOSIDES,ขย.9,NULL,ยาระบบกล้ามเนื้อ-ข้อต่อ,,,ซอง,8.85546E+12,100,NULL,FALSE,FALSE,NULL,,,NULL,NULL,NULL,NULL,NULL,NULL,1,NULL
349,1000,100351,Viartril-s powder 1500mg -MEDA,GLUCOSAMINE,AMINOGLYCOSIDES,ขย.9,NULL,ยาระบบกล้ามเนื้อ-ข้อต่อ,,,กล่อง,8.01956E+12,100,NULL,FALSE,FALSE,NULL,,,NULL,NULL,NULL,NULL,NULL,NULL,1,NULL
350,1000,100352,Caltrate plus 60 tab-gsk,CALCIUM CARBONATE,VITAMINS & MINERALS,ขย.9,NULL,ยาระบบกล้ามเนื้อ-ข้อต่อ,,,กล่อง,8.85101E+12,100,NULL,FALSE,FALSE,NULL,,,NULL,NULL,NULL,NULL,NULL,NULL,1,NULL
351,1000,100353,Z-BEC 60 tab-gsk,VITAMIN B COMPLEX+MINERAL,VITAMINS & MINERALS,ขย.9,NULL,ยาระบบกล้ามเนื้อ-ข้อต่อ,,,กล่อง,8.85101E+12,100,NULL,FALSE,FALSE,NULL,,,NULL,NULL,NULL,NULL,NULL,NULL,1,NULL
352,1000,100354,Subsyde-CR 10's,DICLOFENAC,NSAIDs,ขย.9,NULL,ยาระบบกล้ามเนื้อ-ข้อต่อ,,,แผง,8.9014E+12,100,NULL,FALSE,FALSE,NULL,,,NULL,NULL,NULL,NULL,NULL,NULL,1,NULL
353,1000,100355,Votaren SR 75 mg 10's,DICLOFENAC,NSAIDs,ขย.9,NULL,ยาระบบกล้ามเนื้อ-ข้อต่อ,,,แผง,8.85236E+12,100,NULL,FALSE,FALSE,NULL,,,NULL,NULL,NULL,NULL,NULL,NULL,1,NULL
354,1000,100356,Glucosa 1500 powder LEMON 10ซอง,GLUCOSAMINE,AMINOGLYCOSIDES,ขย.9,NULL,ยาระบบกล้ามเนื้อ-ข้อต่อ,,,กล่อง,8.85335E+12,100,NULL,FALSE,FALSE,NULL,,,NULL,NULL,NULL,NULL,NULL,NULL,1,NULL
355,1000,100357,Caltrate silver 50+ 60's อายุ 50 ปีขึ้นไป,CALCIUM CARBONATE,VITAMINS & MINERALS,ขย.9,NULL,ยาระบบกล้ามเนื้อ-ข้อต่อ,,,กล่อง,8.85101E+12,100,NULL,FALSE,FALSE,NULL,,,NULL,NULL,NULL,NULL,NULL,NULL,1,NULL
356,1000,100358,Bakamol 100 tab-Meddic Pharma,PARACETAMOL,NSAIDs,ขย.9,NULL,ยาระบบกล้ามเนื้อ-ข้อต่อ,,,กระปุก,8.85545E+12,100,NULL,FALSE,FALSE,NULL,,,NULL,NULL,NULL,NULL,NULL,NULL,1,NULL
357,1000,100359,Tylenol 500 mg  (100 เม็ด)-OLIC Limited,PARACETAMOL,NSAIDs,ขย.9,NULL,ยาระบบกล้ามเนื้อ-ข้อต่อ,,,กระปุก,8.85001E+12,100,NULL,FALSE,FALSE,NULL,,,NULL,NULL,NULL,NULL,NULL,NULL,1,NULL
358,1000,100360,SARA 100 เม็ดกลม -TNP,PARACETAMOL,NSAIDs,ขย.9,NULL,ยาระบบกล้ามเนื้อ-ข้อต่อ,,,กระปุก,8.85147E+12,100,NULL,FALSE,FALSE,NULL,,,NULL,NULL,NULL,NULL,NULL,NULL,1,NULL
359,1000,100361,MYMOL (100เม็ด/กระปุก)-B.P.O. (BURAPA),PARACETAMOL,NSAIDs,ขย.9,NULL,ยาระบบกล้ามเนื้อ-ข้อต่อ,,,กระปุก,8.85147E+12,100,NULL,FALSE,FALSE,NULL,,,NULL,NULL,NULL,NULL,NULL,NULL,1,NULL
360,1000,100362,MYMOL ฟ้า-ขาว(100เม็ด/กระปุก)-B.P.O. (BURAPA),PARACETAMOL,NSAIDs,ขย.9,NULL,ยาระบบกล้ามเนื้อ-ข้อต่อ,,,กระปุก,8.85147E+12,100,NULL,FALSE,FALSE,NULL,,,NULL,NULL,NULL,NULL,NULL,NULL,1,NULL
361,1000,100363,Cemol 100 tab -CPL,PARACETAMOL,NSAIDs,ขย.9,NULL,ยาระบบกล้ามเนื้อ-ข้อต่อ,,,กระปุก,8.85298E+12,100,NULL,FALSE,FALSE,NULL,,,NULL,NULL,NULL,NULL,NULL,NULL,1,NULL
362,1000,100364,SARA (100's) เม็ดรี -TNP,PARACETAMOL,NSAIDs,ขย.9,NULL,ยาระบบกล้ามเนื้อ-ข้อต่อ,,,กระปุก,8.85147E+12,100,NULL,FALSE,FALSE,NULL,,,NULL,NULL,NULL,NULL,NULL,NULL,1,NULL
363,1000,100365,PARA cap 100's,PARACETAMOL,NSAIDs,ขย.9,NULL,ยาระบบกล้ามเนื้อ-ข้อต่อ,,,กระปุก,8.85092E+12,100,NULL,FALSE,FALSE,NULL,,,NULL,NULL,NULL,NULL,NULL,NULL,1,NULL
364,1000,100366,Cemol white-blue 100 tab -CPL,PARACETAMOL,NSAIDs,ขย.9,NULL,ยาระบบกล้ามเนื้อ-ข้อต่อ,,,กระปุก,8.85298E+12,100,NULL,FALSE,FALSE,NULL,,,NULL,NULL,NULL,NULL,NULL,NULL,1,NULL
365,1000,100367,Calcium-D 60 cap - MEGA,CALCIUM+VITAMIN D,VITAMINS & MINERALS,ขย.9,NULL,ยาระบบกล้ามเนื้อ-ข้อต่อ,,,กระปุก,8.85077E+12,100,NULL,FALSE,FALSE,NULL,,,NULL,NULL,NULL,NULL,NULL,NULL,1,NULL
366,1000,100368,Caltab 1250 mg 10 tab - millimed,CALCIUM CARBONATE,VITAMINS & MINERALS,ขย.9,NULL,ยาระบบกล้ามเนื้อ-ข้อต่อ,,,แผง,8.85546E+12,100,NULL,FALSE,FALSE,NULL,,,NULL,NULL,NULL,NULL,NULL,NULL,1,NULL
367,1000,100369,Veenac 25  10 tab -Medicine products,DICLOFENAC,NSAIDs,ขย.9,NULL,ยาระบบกล้ามเนื้อ-ข้อต่อ,,,แผง,8.8587E+12,100,NULL,FALSE,FALSE,NULL,,,NULL,NULL,NULL,NULL,NULL,NULL,1,NULL
368,1000,100370,vesconac 25  แบ่งขาย 10 tab-Vesco,DICLOFENAC,NSAIDs,ขย.9,NULL,ยาระบบกล้ามเนื้อ-ข้อต่อ,,,ซอง,8.85825E+12,100,NULL,FALSE,FALSE,NULL,,,NULL,NULL,NULL,NULL,NULL,NULL,1,NULL
369,1000,100371,Veenac 50 mg 10 tab -Medicine products,DICLOFENAC,NSAIDs,ขย.9,NULL,ยาระบบกล้ามเนื้อ-ข้อต่อ,,,แผง,8.8587E+12,100,NULL,FALSE,FALSE,NULL,,,NULL,NULL,NULL,NULL,NULL,NULL,1,NULL
370,1000,100372,Vesconac 50  แบ่งขาย 10 tab-Vesco,DICLOFENAC,NSAIDs,ขย.9,NULL,ยาระบบกล้ามเนื้อ-ข้อต่อ,,,ซอง,8.85825E+12,100,NULL,FALSE,FALSE,NULL,,,NULL,NULL,NULL,NULL,NULL,NULL,1,NULL
371,1000,100373,Lesflam 50 mg 10 tab-Medline,DICLOFENAC POTASSIUM,NSAIDs,ขย.9,NULL,ยาระบบกล้ามเนื้อ-ข้อต่อ,,,แผง,8.85394E+12,100,NULL,FALSE,FALSE,NULL,,,NULL,NULL,NULL,NULL,NULL,NULL,1,NULL
372,1000,100374,N-zen 50 mg 10 tab-TCP,DICLOFENAC,NSAIDs,ขย.9,NULL,ยาระบบกล้ามเนื้อ-ข้อต่อ,,,แผง,8.85511E+12,100,NULL,FALSE,FALSE,NULL,,,NULL,NULL,NULL,NULL,NULL,NULL,1,NULL
373,1000,100375,Difelene 50 mg กล่องแดง 10 tab -TNP,DICLOFENAC,NSAIDs,ขย.9,NULL,ยาระบบกล้ามเนื้อ-ข้อต่อ,,,แผง/กล่อง,8.85147E+12,100,NULL,FALSE,FALSE,NULL,,,NULL,NULL,NULL,NULL,NULL,NULL,1,NULL
374,1000,100376,Difelene 25 mg กล่องสีฟ้า 10 tab-TNP,DICLOFENAC,NSAIDs,ขย.9,NULL,ยาระบบกล้ามเนื้อ-ข้อต่อ,,,แผง/กล่อง,8.85147E+12,100,NULL,FALSE,FALSE,NULL,,,NULL,NULL,NULL,NULL,NULL,NULL,1,NULL
375,1000,100377,Sonap 275 mg 10 tab-SPS,NAPROXEN SODIUM,NSAIDs,ขย.9,NULL,ยาระบบกล้ามเนื้อ-ข้อต่อ,,,แผง,8.85024E+12,100,NULL,FALSE,FALSE,NULL,,,NULL,NULL,NULL,NULL,NULL,NULL,1,NULL
376,1000,100378,Soproxen (275 mg) 10 tab-Berlin,NAPROXEN SODIUM,NSAIDs,ขย.9,NULL,ยาระบบกล้ามเนื้อ-ข้อต่อ,,,แผง,8.85262E+12,100,NULL,FALSE,FALSE,NULL,,,NULL,NULL,NULL,NULL,NULL,NULL,1,NULL
377,1000,100379,Sonap forte (550 mg) 1x10-SPS,NAPROXEN SODIUM,NSAIDs,ขย.9,NULL,ยาระบบกล้ามเนื้อ-ข้อต่อ,,,แผง/กล่อง,8.85024E+12,100,NULL,FALSE,FALSE,NULL,,,NULL,NULL,NULL,NULL,NULL,NULL,1,NULL
378,1000,100380,Neotica 20mg 10 cap-TNP,PIROXICAM,NSAIDs,ขย.9,NULL,ยาระบบกล้ามเนื้อ-ข้อต่อ,,,แผง/กล่อง,8.85147E+12,100,NULL,FALSE,FALSE,NULL,,,NULL,NULL,NULL,NULL,NULL,NULL,1,NULL
379,1000,100381,Piroxicam 20 mg  10 tab-Rx,PIROXICAM,NSAIDs,ขย.9,NULL,ยาระบบกล้ามเนื้อ-ข้อต่อ,,,แผง,8.85314E+12,100,NULL,FALSE,FALSE,NULL,,,NULL,NULL,NULL,NULL,NULL,NULL,1,NULL
380,1000,100382,Carpirox 20 *10 cap-Chankit trading,PIROXICAM,NSAIDs,ขย.9,NULL,ยาระบบกล้ามเนื้อ-ข้อต่อ,,,แผง/กล่อง,8.85105E+12,100,NULL,FALSE,FALSE,NULL,,,NULL,NULL,NULL,NULL,NULL,NULL,1,NULL
381,1000,100383,Capirox-10 *10 cap-Chankit trading,PIROXICAM,NSAIDs,ขย.9,NULL,ยาระบบกล้ามเนื้อ-ข้อต่อ,,,แผง/กล่อง,8.85105E+12,100,NULL,FALSE,FALSE,NULL,,,NULL,NULL,NULL,NULL,NULL,NULL,1,NULL
382,1000,100384,POX 109 10 cap-H.K.,PIROXICAM,NSAIDs,ขย.9,NULL,ยาระบบกล้ามเนื้อ-ข้อต่อ,,,แผง/กล่อง,8.85712E+12,100,NULL,FALSE,FALSE,NULL,,,NULL,NULL,NULL,NULL,NULL,NULL,1,NULL
383,1000,100385,Pircam 20 mg 10 cap,PIROXICAM,NSAIDs,ขย.9,NULL,ยาระบบกล้ามเนื้อ-ข้อต่อ,,,แผง/กล่อง,8.85593E+12,100,NULL,FALSE,FALSE,NULL,,,NULL,NULL,NULL,NULL,NULL,NULL,1,NULL
384,1000,100386,Melobic 7.5 mg 10 tab-TO,MELOXICAM,NSAIDs,ขย.9,NULL,ยาระบบกล้ามเนื้อ-ข้อต่อ,,,แผง,8.85188E+12,100,NULL,FALSE,FALSE,NULL,,,NULL,NULL,NULL,NULL,NULL,NULL,1,NULL
385,1000,100387,Noxa 20 mg 10 cap-Krungdheb,PIROXICAM,NSAIDs,ขย.9,NULL,ยาระบบกล้ามเนื้อ-ข้อต่อ,,,แผง/กล่อง,8.85829E+12,100,NULL,FALSE,FALSE,NULL,,,NULL,NULL,NULL,NULL,NULL,NULL,1,NULL
386,1000,100388,ทัมใจ  ยกกล่อง 100 ซอง,ASPIRIN,NSAIDs,ขย.9,NULL,ยาระบบกล้ามเนื้อ-ข้อต่อ,,,กล่อง,8.85112E+12,100,NULL,FALSE,FALSE,NULL,,,NULL,NULL,NULL,NULL,NULL,NULL,1,NULL
387,1000,100389,ทัมใจ ตรากิเลน 0.87 กรัม,ASPIRIN,NSAIDs,ขย.9,NULL,ยาระบบกล้ามเนื้อ-ข้อต่อ,,,ซอง,0,100,NULL,FALSE,FALSE,NULL,,,NULL,NULL,NULL,NULL,NULL,NULL,1,NULL
388,1000,100390,Solufen 400 mg 10 Softgel-berlin,IBUPROFEN,NSAIDs,ขย.9,NULL,ยาระบบกล้ามเนื้อ-ข้อต่อ,,,แผง/กล่อง,8.85262E+12,100,NULL,FALSE,FALSE,NULL,,,NULL,NULL,NULL,NULL,NULL,NULL,1,NULL
389,1000,100391,ibucap 400mg 10 softgel -Millimed,IBUPROFEN,NSAIDs,ขย.9,NULL,ยาระบบกล้ามเนื้อ-ข้อต่อ,,,แผง/กล่อง,8.85546E+12,100,NULL,FALSE,FALSE,NULL,,,NULL,NULL,NULL,NULL,NULL,NULL,1,NULL
390,1000,100392,Gofen 400 mg 10cap-MEGA,IBUPROFEN,NSAIDs,ขย.9,NULL,ยาระบบกล้ามเนื้อ-ข้อต่อ,,,แผง/กล่อง,8.85077E+12,100,NULL,FALSE,FALSE,NULL,,,NULL,NULL,NULL,NULL,NULL,NULL,1,NULL
391,1000,100393,Zobrex 200 mg 10 cap-Macrophar,CELECOXIB,NSAIDs,ขย.9,NULL,ยาระบบกล้ามเนื้อ-ข้อต่อ,,,แผง/กล่อง,8.85347E+12,100,NULL,FALSE,FALSE,NULL,,,NULL,NULL,NULL,NULL,NULL,NULL,1,NULL
392,1000,100394,Torcozia 90 mg 10tab,ETORICOXIB,NSAIDs,ขย.9,NULL,ยาระบบกล้ามเนื้อ-ข้อต่อ,,,แผง/กล่อง,8.85314E+12,100,NULL,FALSE,FALSE,NULL,,,NULL,NULL,NULL,NULL,NULL,NULL,1,NULL
393,1000,100395,Biocoxib 90 mg  5 tab-Biopharn,ETORICOXIB,NSAIDs,ขย.9,NULL,ยาระบบกล้ามเนื้อ-ข้อต่อ,,,แผง,8.85266E+12,100,NULL,FALSE,FALSE,NULL,,,NULL,NULL,NULL,NULL,NULL,NULL,1,NULL
394,1000,100396,Biocoxib 120mg 5 tab-Biopharn,ETORICOXIB,NSAIDs,ขย.9,NULL,ยาระบบกล้ามเนื้อ-ข้อต่อ,,,แผง,8.85266E+12,100,NULL,FALSE,FALSE,NULL,,,NULL,NULL,NULL,NULL,NULL,NULL,1,NULL
395,1000,100397,JAPROLOX 60mg 20tab-Daiichi sankyo,LOXOPROFEN,NSAIDs,ขย.9,NULL,ยาระบบกล้ามเนื้อ-ข้อต่อ,,,กล่อง,8.85869E+12,100,NULL,FALSE,FALSE,NULL,,,NULL,NULL,NULL,NULL,NULL,NULL,1,NULL
396,1000,100398,Arcoxia 60 mg 5 tab-MSD,ETORICOXIB,NSAIDs,ขย.9,NULL,ยาระบบกล้ามเนื้อ-ข้อต่อ,,,แผง,402,100,NULL,FALSE,FALSE,NULL,,,NULL,NULL,NULL,NULL,NULL,NULL,1,NULL
397,1000,100399,Arcoxia 90 mg 5 tab-MSD,ETORICOXIB,NSAIDs,ขย.9,NULL,ยาระบบกล้ามเนื้อ-ข้อต่อ,,,แผง,403,100,NULL,FALSE,FALSE,NULL,,,NULL,NULL,NULL,NULL,NULL,NULL,1,NULL
398,1000,100400,Arcoxia 120 mg 5 tab-MSD,ETORICOXIB,NSAIDs,ขย.9,NULL,ยาระบบกล้ามเนื้อ-ข้อต่อ,,,แผง,404,100,NULL,FALSE,FALSE,NULL,,,NULL,NULL,NULL,NULL,NULL,NULL,1,NULL
399,1000,100401,BAKAMOL 500 mg (10เม็ด),PARACETAMOL,NSAIDs,ขย.9,NULL,ยาระบบกล้ามเนื้อ-ข้อต่อ,,,แผง,8.85545E+12,100,NULL,FALSE,FALSE,NULL,,,12,NULL,NULL,NULL,NULL,NULL,1,NULL
400,1000,100402,PARACAP 500 mg (10 เม็ด),PARACETAMOL,NSAIDs,ขย.9,NULL,ยาระบบกล้ามเนื้อ-ข้อต่อ,,,แผง,8.85092E+12,100,NULL,FALSE,FALSE,NULL,,,NULL,NULL,NULL,NULL,NULL,NULL,1,NULL
401,1000,100403,SARA 500 mg เม็ด รี 10 เม็ด,PARACETAMOL,NSAIDs,ขย.9,NULL,ยาระบบกล้ามเนื้อ-ข้อต่อ,,,แผง,8.85147E+12,100,NULL,FALSE,FALSE,NULL,,,NULL,NULL,NULL,NULL,NULL,NULL,1,NULL
402,1000,100404,SARA 500mg เม็ด กลม 10 เม็ด,PARACETAMOL,NSAIDs,ขย.9,NULL,ยาระบบกล้ามเนื้อ-ข้อต่อ,,,แผง,8.85147E+12,100,NULL,FALSE,FALSE,NULL,,,14,NULL,NULL,NULL,NULL,NULL,1,NULL
403,1000,100405,Tylenol 500 mg (10 เม็ด),PARACETAMOL,NSAIDs,ขย.9,NULL,ยาระบบกล้ามเนื้อ-ข้อต่อ,,,แผง,8.85001E+12,100,NULL,FALSE,FALSE,NULL,,,NULL,NULL,NULL,NULL,NULL,NULL,1,NULL
404,1000,100406,Probufen 600 mg  10 tab,IBUPROFEN,NSAIDs,ขย.9,NULL,ยาระบบกล้ามเนื้อ-ข้อต่อ,,,แผง,8.85944E+12,100,NULL,FALSE,FALSE,NULL,,,NULL,NULL,NULL,NULL,NULL,NULL,1,NULL
405,1000,100407,CEFEN 400 mg 10 tab-CPL,IBUPROFEN,NSAIDs,ขย.9,NULL,ยาระบบกล้ามเนื้อ-ข้อต่อ,,,แผง,8.85298E+12,100,NULL,FALSE,FALSE,NULL,,,NULL,NULL,NULL,NULL,NULL,NULL,1,NULL
406,1000,100408,Nurofen 400 mg  6 tab,IBUPROFEN,NSAIDs,ขย.9,NULL,ยาระบบกล้ามเนื้อ-ข้อต่อ,,,แผง,8.8512E+12,100,NULL,FALSE,FALSE,NULL,,,NULL,NULL,NULL,NULL,NULL,NULL,1,NULL
407,1000,100409,ibuman-plus 10 tab-T.MAN pharma,PARACETAMOL+IBUPROFEN,NSAIDs,ขย.9,NULL,ยาระบบกล้ามเนื้อ-ข้อต่อ,,,แผง,8.85651E+12,100,NULL,FALSE,FALSE,NULL,,,NULL,NULL,NULL,NULL,NULL,NULL,1,NULL
408,1000,100410,COLY 500 mg 10 tab -Px Chumchon,MEFENAMIC ACID,NSAIDs,ขย.9,NULL,ยาระบบกล้ามเนื้อ-ข้อต่อ,,,แผง,8.85314E+12,100,NULL,FALSE,FALSE,NULL,,,NULL,NULL,NULL,NULL,NULL,NULL,1,NULL
409,1000,100411,Fespa 500 mg 10tab-TNP,MEFENAMIC ACID,NSAIDs,ขย.9,NULL,ยาระบบกล้ามเนื้อ-ข้อต่อ,,,แผง/กล่อง,8.85147E+12,100,NULL,FALSE,FALSE,NULL,,,NULL,NULL,NULL,NULL,NULL,NULL,1,NULL
410,1000,100412,Spamus 50 mg 10tab-T.MAN,TOLPERISONE,MUSCLE RELAXANTS,ขย.9,NULL,ยาระบบกล้ามเนื้อ-ข้อต่อ,,,แผง,8.85651E+12,100,NULL,FALSE,FALSE,NULL,,,NULL,NULL,NULL,NULL,NULL,NULL,1,NULL
411,1000,100413,Biocalm 50 mg 10 tab-Biopharm,TOLPERISONE,MUSCLE RELAXANTS,ขย.9,NULL,ยาระบบกล้ามเนื้อ-ข้อต่อ,,,แผง,8.85266E+12,100,NULL,FALSE,FALSE,NULL,,,NULL,NULL,NULL,NULL,NULL,NULL,1,NULL
412,1000,100414,Myonal 50 mg 10 tab-Eisai,TOLPERISONE,MUSCLE RELAXANTS,ขย.9,NULL,ยาระบบกล้ามเนื้อ-ข้อต่อ,,,แผง,8.85868E+12,100,NULL,FALSE,FALSE,NULL,,,NULL,NULL,NULL,NULL,NULL,NULL,1,NULL
413,1000,100415,Reparil Dragees 20mg 10tab-Meda,AESCIN,ANTI-INFLAMMATORY ENZYMES,ขย.9,NULL,ยาระบบกล้ามเนื้อ-ข้อต่อ,,,แผง,8.85897E+12,100,NULL,FALSE,FALSE,NULL,,,NULL,NULL,NULL,NULL,NULL,NULL,1,NULL
414,1000,100416,Reparil gel N 10 g-MEDA,AESCIN,ANTI-INFLAMMATORY ENZYMES,ขย.9,NULL,ยาระบบกล้ามเนื้อ-ข้อต่อ,,,หลอด,4.01934E+12,100,NULL,FALSE,FALSE,NULL,,,NULL,NULL,NULL,NULL,NULL,NULL,1,NULL
415,1000,100417,Leftose 30 mg 10's -Kenyaku,LYSOZYME HCL,ANTI-INFLAMMATORY ENZYMES,ขย.9,NULL,ยาระบบกล้ามเนื้อ-ข้อต่อ,,,แผง,8.85872E+12,100,NULL,FALSE,FALSE,NULL,,,NULL,NULL,NULL,NULL,NULL,NULL,1,NULL
416,1000,100418,PROCTASE-P 10 cap-Meiji,PROCTASE,ANTI-INFLAMMATORY ENZYMES,ขย.9,NULL,ยาระบบกล้ามเนื้อ-ข้อต่อ,,,แผง,8.85422E+12,100,NULL,FALSE,FALSE,NULL,,,NULL,NULL,NULL,NULL,NULL,NULL,1,NULL
417,1000,100419,ORANO 10 tab-Unison,PARACETAMOL + ORPHENADRINE,NSAIDs,ขย.9,NULL,ยาระบบกล้ามเนื้อ-ข้อต่อ,,,แผง,8.85394E+12,100,NULL,FALSE,FALSE,NULL,,,NULL,NULL,NULL,NULL,NULL,NULL,1,NULL
418,1000,100420,Myopas สูตร norgisic 10 tab-T.MAN,PARACETAMOL + ORPHENADRINE,NSAIDs,ขย.9,NULL,ยาระบบกล้ามเนื้อ-ข้อต่อ,,,แผง,9.98877E+12,100,NULL,FALSE,FALSE,NULL,,,NULL,NULL,NULL,NULL,NULL,NULL,1,NULL
419,1000,100421,Torrent 10 tab,PARACETAMOL + ORPHENADRINE,NSAIDs,ขย.9,NULL,ยาระบบกล้ามเนื้อ-ข้อต่อ,,,แผง/กล่อง,8.85147E+12,100,NULL,FALSE,FALSE,NULL,,,NULL,NULL,NULL,NULL,NULL,NULL,1,NULL
420,1000,100422,Norgisic 20 tab,PARACETAMOL + ORPHENADRINE,NSAIDs,ขย.9,NULL,ยาระบบกล้ามเนื้อ-ข้อต่อ,,,กล่อง,8.85909E+12,100,NULL,FALSE,FALSE,NULL,,,NULL,NULL,NULL,NULL,NULL,NULL,1,NULL
421,1000,100423,Guttru Dual 10ml,SODIUM ALGINATE+BICARBONARE+CARBONATE,ANTIACIDS,ขย.9,NULL,ยาทางเดินอาหาร,,,ซอง,8.85147E+12,100,NULL,FALSE,FALSE,NULL,,,NULL,NULL,NULL,NULL,NULL,NULL,1,NULL
422,1000,100424,Gaviscon Dual action 10 ml ซองสีชมพู,SODIUM ALGINATE+BICARBONARE+CARBONATE,ANTIACIDS,ขย.9,NULL,ยาทางเดินอาหาร,,,ซอง,96060063,100,NULL,FALSE,FALSE,NULL,,,NULL,NULL,NULL,NULL,NULL,NULL,1,NULL
423,1000,100425,Amogin-gel  15 ml,ALUMINIUM+MAGNESIUM OH+SIMETHICONE,ANTIACIDS,ขย.9,NULL,ยาทางเดินอาหาร,,,ซอง,8.85546E+12,100,NULL,FALSE,FALSE,NULL,,,NULL,NULL,NULL,NULL,NULL,NULL,1,NULL
424,1000,100426,Gaviscon suspension 10 ml ซองฟ้า,SODIUM ALGINATE+CARBONATE,ANTIACIDS,ขย.9,NULL,ยาทางเดินอาหาร,,,ซอง,50230112,100,NULL,FALSE,FALSE,NULL,,,NULL,NULL,NULL,NULL,NULL,NULL,1,NULL
425,1000,100427,Ulgastrin 42 tab-greater pharma,GLYCYRRHIZINE SICCUM+ALUMINIUM+BISMUSMUTH+SODIUM SULPHATE,ANTIACIDS,ขย.9,NULL,ยาทางเดินอาหาร,,,กระปุก,8.85464E+12,100,NULL,FALSE,FALSE,NULL,,,NULL,NULL,NULL,NULL,NULL,NULL,1,NULL
426,1000,100428,Magesto-F 3 layers 100's,CALCIUM CARBONATE,ANTIACIDS,ขย.9,NULL,ยาทางเดินอาหาร,,,กระปุก,8.8592E+12,100,NULL,FALSE,FALSE,NULL,,,NULL,NULL,NULL,NULL,NULL,NULL,1,NULL
427,1000,100429,Ulcefate suspension 60 ml,SUCRALFATE,ANTIACIDS,ขย.9,NULL,ยาทางเดินอาหาร,,,กระปุก,8.85274E+12,100,NULL,FALSE,FALSE,NULL,,,NULL,NULL,NULL,NULL,NULL,NULL,1,NULL
428,1000,100430,BELCID SUSPENSION 240 ML สีเขียว,ALUMINIUM+MAGNESIUM OH+SIMETHICONE,ANTIACIDS,ขย.9,NULL,ยาทางเดินอาหาร,,,ขวด,8.85266E+12,100,NULL,FALSE,FALSE,NULL,,,NULL,NULL,NULL,NULL,NULL,NULL,1,NULL
429,1000,100431,Antacil GEL 240 ML,ALUMINIUM+MAGNESIUM OH+SIMETHICONE,ANTIACIDS,ขย.9,NULL,ยาทางเดินอาหาร,,,ขวด,8.85147E+12,100,NULL,FALSE,FALSE,NULL,,,NULL,NULL,NULL,NULL,NULL,NULL,1,NULL
430,1000,100432,BOWA GEL 240 ML,ALUMINIUM+MAGNESIUM OH+SIMETHICONE,ANTIACIDS,ขย.9,NULL,ยาทางเดินอาหาร,,,ขวด,8.85147E+12,100,NULL,FALSE,FALSE,NULL,,,NULL,NULL,NULL,NULL,NULL,NULL,1,NULL
431,1000,100433,Belcid  forte 240 ml สีน้ำเงิน ***ขับลม,ALUMINIUM+MAGNESIUM OH+SIMETHICONE,ANTIDIARRHOEALS,ขย.9,NULL,ยาทางเดินอาหาร,,,ขวด,8.85266E+12,100,NULL,FALSE,FALSE,NULL,,,55,NULL,NULL,NULL,NULL,NULL,1,NULL
432,1000,100434,ZIGA Gel 240 ml,ALUMINIUM+MAGNESIUM OH+SIMETHICONE,ANTIACIDS,ขย.9,NULL,ยาทางเดินอาหาร,,,ขวด,8.85335E+12,100,NULL,FALSE,FALSE,NULL,,,NULL,NULL,NULL,NULL,NULL,NULL,1,NULL
433,1000,100435,AMOGIN-Gel 240 ML,ALUMINIUM+MAGNESIUM OH+SIMETHICONE,ANTIACIDS,ขย.9,NULL,ยาทางเดินอาหาร,,,ขวด,8.85546E+12,100,NULL,FALSE,FALSE,NULL,,,NULL,NULL,NULL,NULL,NULL,NULL,1,NULL
434,1000,100436,MAALOX I ALUM MILK 240 ML,ALUMINIUM HYDROXIDE+MAGNESIUM HYDROXIDE,ANTIACIDS,ขย.9,NULL,ยาทางเดินอาหาร,,,ขวด,8.85089E+12,100,NULL,FALSE,FALSE,NULL,,,NULL,NULL,NULL,NULL,NULL,NULL,1,NULL
435,1000,100437,Guttru Dual 150 ml ขวดสีส้ม,ACETYLCYSTEINE,ANTIDIARRHOEALS,ขย.9,NULL,ยาทางเดินอาหาร,,,ขวด,8.85147E+12,100,NULL,FALSE,FALSE,NULL,,,295,NULL,NULL,NULL,NULL,NULL,1,NULL
436,1000,100438,GAVISCON suspension 150ml ขวดฟ้า,SODIUM ALGINATE+BICARBONARE+CARBONATE,ANTIACIDS,ขย.9,NULL,ยาทางเดินอาหาร,,,ขวด,5.00016E+12,100,NULL,FALSE,FALSE,NULL,,,NULL,NULL,NULL,NULL,NULL,NULL,1,NULL
437,1000,100439,GAVISCON DUAL 150ml ขวดชมพู,SODIUM ALGINATE+BICARBONARE+CARBONATE,ANTIACIDS,ขย.9,NULL,ยาทางเดินอาหาร,,,ขวด,5.00016E+12,100,NULL,FALSE,FALSE,NULL,,,NULL,NULL,NULL,NULL,NULL,NULL,1,NULL
438,1000,100440,ยาธาตุน้ำขาว 200 ml (ไทยนคร),SALOL + MENTHOL,ANTIACIDS,ขย.9,NULL,ยาทางเดินอาหาร,,,ขวด,8.85147E+12,100,NULL,FALSE,FALSE,NULL,,,NULL,NULL,NULL,NULL,NULL,NULL,1,NULL
439,1000,100441,ธาตุน้ำขาวตรากระต่ายบินเล็ก 50 ml,SALOL + MENTHOL,ANTIACIDS,ขย.9,NULL,ยาทางเดินอาหาร,,,ขวด,8.85185E+12,100,NULL,FALSE,FALSE,NULL,,,NULL,NULL,NULL,NULL,NULL,NULL,1,NULL
440,1000,100442,ธาตุน้ำขาวตรากระต่ายบิน 200 ml,SALOL + MENTHOL,ANTIACIDS,ขย.9,NULL,ยาทางเดินอาหาร,,,ขวด,8.85185E+12,100,NULL,FALSE,FALSE,NULL,,,NULL,NULL,NULL,NULL,NULL,NULL,1,NULL
441,1000,100443,ยาธาตุน้ำขาว สหการ 200 ml,SALOL + MENTHOL,ANTIACIDS,ขย.9,NULL,ยาทางเดินอาหาร,,,ขวด,8.85343E+12,100,NULL,FALSE,FALSE,NULL,,,NULL,NULL,NULL,NULL,NULL,NULL,1,NULL
442,1000,100444,diasgest tablets 10's,ALUMINIUM HYDROXIDE+MAGNESIUM HYDROXIDE,DIGESTIVE ENZYMES/DIGESTIVES,ขย.9,NULL,ยาทางเดินอาหาร,,,แผง,8.85274E+12,100,NULL,FALSE,FALSE,NULL,,,NULL,NULL,NULL,NULL,NULL,NULL,1,NULL
443,1000,100445,Combizym tablet 10's,PANCREATIN,DIGESTIVE ENZYMES/DIGESTIVES,ขย.9,NULL,ยาทางเดินอาหาร,,,แผง,8.85174E+12,100,NULL,FALSE,FALSE,NULL,,,NULL,NULL,NULL,NULL,NULL,NULL,1,NULL
444,1000,100446,Gaszym 10's,SIMETHICONE+PANCREATIN,DIGESTIVE ENZYMES/DIGESTIVES,ขย.9,NULL,ยาทางเดินอาหาร,,,แผง,8.9013E+12,100,NULL,FALSE,FALSE,NULL,,,NULL,NULL,NULL,NULL,NULL,NULL,1,NULL
445,1000,100447,MEGA AVARIN 10's,SIMETHICONE+ALVERINE CITRATE,DIGESTIVE ENZYMES/DIGESTIVES,ขย.9,NULL,ยาทางเดินอาหาร,,,แผง/กล่อง,8.85077E+12,100,NULL,FALSE,FALSE,NULL,,,NULL,NULL,NULL,NULL,NULL,NULL,1,NULL
446,1000,100448,PUdin HAra 10's,CARMINATIVE+ANTIFLATULENCE,DIGESTIVE ENZYMES/DIGESTIVES,ขย.9,NULL,ยาทางเดินอาหาร,,,แผง,8.90121E+12,100,NULL,FALSE,FALSE,NULL,,,NULL,NULL,NULL,NULL,NULL,NULL,1,NULL
447,1000,100449,Belfesh Mint Balls (BIOPHARM) 10 balls,CARMINATIVE+ANTIFLATULENCE,DIGESTIVE ENZYMES/DIGESTIVES,ขย.9,NULL,ยาทางเดินอาหาร,,,แผง,8.8572E+12,100,NULL,FALSE,FALSE,NULL,,,NULL,NULL,NULL,NULL,NULL,NULL,1,NULL
448,1000,100450,KREMIL_S สีส้ม 10's,ALUMINIUM+MAGNESIUM OH+SIMETHICONE+DICYCLOMINE HCL,ANTIACIDS,ขย.9,NULL,ยาทางเดินอาหาร,,,แผง,8.85182E+12,100,NULL,FALSE,FALSE,NULL,,,NULL,NULL,NULL,NULL,NULL,NULL,1,NULL
449,1000,100451,Berclomin tab 10's,DICYCLOMINE+SIMETHICONE,ANTISPASMODICS,ขย.9,NULL,ยาทางเดินอาหาร,,,แผง,8.85265E+12,100,NULL,FALSE,FALSE,NULL,,,NULL,NULL,NULL,NULL,NULL,NULL,1,NULL
450,1000,100452,Pro ABS tablet 10's,ACTIVATED CHARCOAL+MAGNESIUM+BELLADONNA+PEPERMINT OIL,ANTISPASMODICS,ขย.9,NULL,ยาทางเดินอาหาร,,,แผง,8.8587E+12,100,NULL,FALSE,FALSE,NULL,,,NULL,NULL,NULL,NULL,NULL,NULL,1,NULL
451,1000,100453,SULCAIN tablets 10's,SULCAIN+MAGCERIN,DIGESTIVE ENZYMES/DIGESTIVES,ขย.9,NULL,ยาทางเดินอาหาร,,,แผง,8.85872E+12,100,NULL,FALSE,FALSE,NULL,,,NULL,NULL,NULL,NULL,NULL,NULL,1,NULL
452,1000,100454,Dioxzye 80 mg (10 tab) รสมิ้น,SIMETHICONE,ANTIFLATULANCES,ขย.9,NULL,ยาทางเดินอาหาร,,,แผง,8.85147E+12,100,NULL,FALSE,FALSE,NULL,,,NULL,NULL,NULL,NULL,NULL,NULL,1,NULL
453,1000,100455,Dioxzye 80 mg (10 tab) รสส้ม,SIMETHICONE,ANTIFLATULANCES,ขย.9,NULL,ยาทางเดินอาหาร,,,แผง,8.85147E+12,100,NULL,FALSE,FALSE,NULL,,,NULL,NULL,NULL,NULL,NULL,NULL,1,NULL
454,1000,100456,AIR-X ส้ม 10's,SIMETHICONE,ANTIFLATULANCES,ขย.9,NULL,ยาทางเดินอาหาร,,,แผง,8.85267E+12,100,NULL,FALSE,FALSE,NULL,,,NULL,NULL,NULL,NULL,NULL,NULL,1,NULL
455,1000,100457,AIR-X มะนาว 10's,SIMETHICONE,ANTIFLATULANCES,ขย.9,NULL,ยาทางเดินอาหาร,,,แผง,8.85267E+12,100,NULL,FALSE,FALSE,NULL,,,NULL,NULL,NULL,NULL,NULL,NULL,1,NULL
456,1000,100458,AIR-X มิ้น 10's,SIMETHICONE,ANTIFLATULANCES,ขย.9,NULL,ยาทางเดินอาหาร,,,แผง,8.85267E+12,100,NULL,FALSE,FALSE,NULL,,,19,NULL,NULL,NULL,NULL,NULL,1,NULL
457,1000,100459,air-x 120  10's,SIMETHICONE,ANTIFLATULANCES,ขย.9,NULL,ยาทางเดินอาหาร,,,แผง,8.85267E+12,100,NULL,FALSE,FALSE,NULL,,,NULL,NULL,NULL,NULL,NULL,NULL,1,NULL
458,1000,100460,ANTACIL TAB 10's,ALUMINIUM HYDROXIDE+MAGNESIUM HYDROXIDE,ANTIACIDS,ขย.9,NULL,ยาทางเดินอาหาร,,,แผง,8.85147E+12,100,NULL,FALSE,FALSE,NULL,,,NULL,NULL,NULL,NULL,NULL,NULL,1,NULL
459,1000,100461,ENO รสมะนาว (4.3g),ACETYLCYSTEINE,ANTIDIARRHOEALS,ขย.9,NULL,ยาทางเดินอาหาร,,,ซอง,8.85062E+12,100,NULL,FALSE,FALSE,NULL,,,15,NULL,NULL,NULL,NULL,NULL,1,NULL
460,1000,100462,ENO รสส้ม (4.3g),ACETYLCYSTEINE,ANTIDIARRHOEALS,ขย.9,NULL,ยาทางเดินอาหาร,,,ซอง,8.85062E+12,100,NULL,FALSE,FALSE,NULL,,,15,NULL,NULL,NULL,NULL,NULL,1,NULL
461,1000,100463,Miracid 20 mg 10 cap,OMEPRAZOLE,ANTIACID,ขย.9,NULL,ยาทางเดินอาหาร,,,แผง,8.85262E+12,100,NULL,FALSE,FALSE,NULL,,,NULL,NULL,NULL,NULL,NULL,NULL,1,NULL
462,1000,100464,MIRACID 20 mg 14'cap,OMEPRAZOLE,ANTIACID,ขย.9,NULL,ยาทางเดินอาหาร,,,กล่อง,8.85262E+12,100,NULL,FALSE,FALSE,NULL,,,NULL,NULL,NULL,NULL,NULL,NULL,1,NULL
463,1000,100465,Omesan 20 mg 10'cap,OMEPRAZOLE,ANTIACID,ขย.9,NULL,ยาทางเดินอาหาร,,,แผง,8.85905E+12,100,NULL,FALSE,FALSE,NULL,,,NULL,NULL,NULL,NULL,NULL,NULL,1,NULL
464,1000,100466,Omesec 20 mg 2X7 capsules,OMEPRAZOLE,ANTIACIDS,ขย.9,NULL,ยาทางเดินอาหาร,,,แผง/กล่อง,8.85343E+12,100,NULL,FALSE,FALSE,NULL,,,NULL,NULL,NULL,NULL,NULL,NULL,1,NULL
465,1000,100467,GPO omeprazole 20 mg 10'cap,OMEPRAZOLE,ANTIACIDS,ขย.9,NULL,ยาทางเดินอาหาร,,,แผง,8.85068E+12,100,NULL,FALSE,FALSE,NULL,,,NULL,NULL,NULL,NULL,NULL,NULL,1,NULL
466,1000,100468,ULSAMET 400 mg 10's,CIMETIDINE,Upper/Lower GI,ขย.9,NULL,ยาทางเดินอาหาร,,,แผง,8.85147E+12,100,NULL,FALSE,FALSE,NULL,,,NULL,NULL,NULL,NULL,NULL,NULL,1,NULL
467,1000,100469,Ulcemet 400 mg นับเม็ด 10's,CIMETIDINE,Upper/Lower GI,ขย.9,NULL,ยาทางเดินอาหาร,,,ซอง,8.85188E+12,100,NULL,FALSE,FALSE,NULL,,,NULL,NULL,NULL,NULL,NULL,NULL,1,NULL
468,1000,100470,PEPFAMIN 20mg 10's,FAMOTIDINE,Upper/Lower GI,ขย.9,NULL,ยาทางเดินอาหาร,,,แผง,8.85274E+12,100,NULL,FALSE,FALSE,NULL,,,NULL,NULL,NULL,NULL,NULL,NULL,1,NULL
469,1000,100471,Siamidine 400 mg 10's,CIMETIDINE,Upper/Lower GI,ขย.9,NULL,ยาทางเดินอาหาร,,,แผง,8.85274E+12,100,NULL,FALSE,FALSE,NULL,,,NULL,NULL,NULL,NULL,NULL,NULL,1,NULL
470,1000,100472,MUCOSTA 100 mg,REBAMIPIDE,Upper/Lower GI,ขย.9,NULL,ยาทางเดินอาหาร,,,แผง,8.85263E+12,100,NULL,FALSE,FALSE,NULL,,,NULL,NULL,NULL,NULL,NULL,NULL,1,NULL
471,1000,100473,Soda Mint 100 tab,SODIUM BICARBONATE+PEPERMINT OIL,DIGESTIVE ENZYMES/DIGESTIVES,ขย.9,NULL,ยาทางเดินอาหาร,,,กระปุก,8.8522E+12,100,NULL,FALSE,FALSE,NULL,,,NULL,NULL,NULL,NULL,NULL,NULL,1,NULL
472,1000,100474,DEHECTA suspension 20ml (vanila&strawberry),DIOCTAHEDRAL SMECTITE,ANTIDIARRHOEALS,ขย.9,NULL,ยาทางเดินอาหาร,,,ซอง,8.80694E+12,100,NULL,FALSE,FALSE,NULL,,,NULL,NULL,NULL,NULL,NULL,NULL,1,NULL
473,1000,100475,Smecta  3g (vanila&orange),DIOCTAHEDRAL SMECTITE,ANTIDIARRHOEALS,ขย.9,NULL,ยาทางเดินอาหาร,,,ซอง,3.66559E+12,100,NULL,FALSE,FALSE,NULL,,,NULL,NULL,NULL,NULL,NULL,NULL,1,NULL
474,1000,100476,CERA ORS orange flavored 4.2 g,GLUCOSE,ANTIDIARRHOEALS,ขย.9,NULL,ยาทางเดินอาหาร,,,ซอง,8.85879E+12,100,NULL,FALSE,FALSE,NULL,,,NULL,NULL,NULL,NULL,NULL,NULL,1,NULL
475,1000,100477,Oreda R.O orange 3.3 g,GLUCOSE,ANTIDIARRHOEALS,ขย.9,NULL,ยาทางเดินอาหาร,,,ซอง,8.85291E+12,100,NULL,FALSE,FALSE,NULL,,,NULL,NULL,NULL,NULL,NULL,NULL,1,NULL
476,1000,100478,olyne-dfk for children 4.5 g,DEXTROSE ANHYDROUS,ANTIDIARRHOEALS,ขย.9,NULL,ยาทางเดินอาหาร,,,ซอง,8.85397E+12,100,NULL,FALSE,FALSE,NULL,,,NULL,NULL,NULL,NULL,NULL,NULL,1,NULL
477,1000,100479,OSAR R.O 5.5 g,GLUCOSE,ANTIDIARRHOEALS,ขย.9,NULL,ยาทางเดินอาหาร,,,ซอง,8.85291E+12,100,NULL,FALSE,FALSE,NULL,,,NULL,NULL,NULL,NULL,NULL,NULL,1,NULL
478,1000,100480,DELTACARBON 10's,MEDICINAL CHARCOAL,ANTIDIARRHOEALS,ขย.9,NULL,ยาทางเดินอาหาร,,,แผง/กล่อง,8.85024E+12,100,NULL,FALSE,FALSE,NULL,,,NULL,NULL,NULL,NULL,NULL,NULL,1,NULL
479,1000,100481,CA-R-BON 10'S [GREATER] ,MEDICINAL CHARCOAL,ANTIDIARRHOEALS,ขย.9,NULL,ยาทางเดินอาหาร,,,แผง,8.85229E+12,100,NULL,FALSE,FALSE,NULL,,,NULL,NULL,NULL,NULL,NULL,NULL,1,NULL
480,1000,100482,Tedium 2 mg capsule 10s's,LOPERAMIDE,ANTIDIARRHOEALS,ขย.9,NULL,ยาทางเดินอาหาร,,,แผง,8.85651E+12,100,NULL,FALSE,FALSE,NULL,,,NULL,NULL,NULL,NULL,NULL,NULL,1,NULL
481,1000,100483,Imodium 2 mg capsule 6's,LOPERAMIDE,ANTIDIARRHOEALS,ขย.9,NULL,ยาทางเดินอาหาร,,,แผง,8.85058E+12,100,NULL,FALSE,FALSE,NULL,,,NULL,NULL,NULL,NULL,NULL,NULL,1,NULL
482,1000,100484,Noxzy 2 mg capsule 4's,LOPERAMIDE,ANTIDIARRHOEALS,ขย.9,NULL,ยาทางเดินอาหาร,,,แผง/กล่อง,8.85829E+12,100,NULL,FALSE,FALSE,NULL,,,NULL,NULL,NULL,NULL,NULL,NULL,1,NULL
483,1000,100485,Vomitil-M 10 mg 10's,DOMPERIDONE,ANTIEMETICS & ANTIVERTIGO DRUG,ขย.9,NULL,ยาทางเดินอาหาร,,,แผง,8.85347E+12,100,NULL,FALSE,FALSE,NULL,,,NULL,NULL,NULL,NULL,NULL,NULL,1,NULL
484,1000,100486,Domp-M 10 mg 10's,DOMPERIDONE,ANTIEMETICS & ANTIVERTIGO DRUG,ขย.9,NULL,ยาทางเดินอาหาร,,,แผง,8.85314E+12,100,NULL,FALSE,FALSE,NULL,,,NULL,NULL,NULL,NULL,NULL,NULL,1,NULL
485,1000,100487,MOTILIUM-M 10 mg 10's,DOMPERIDONE,ANTIEMETICS & ANTIVERTIGO DRUG,ขย.9,NULL,ยาทางเดินอาหาร,,,แผง,8.85001E+12,100,NULL,FALSE,FALSE,NULL,,,NULL,NULL,NULL,NULL,NULL,NULL,1,NULL
486,1000,100488,cencopan S 10 mg 10's,HYOSCINE,ANTISPASMODICS,ขย.9,NULL,ยาทางเดินอาหาร,,,แผง,8.85298E+12,100,NULL,FALSE,FALSE,NULL,,,NULL,NULL,NULL,NULL,NULL,NULL,1,NULL
487,1000,100489,BUSCOPAN 10 mg 10's,HYOSCINE,ANTISPASMODICS,ขย.9,NULL,ยาทางเดินอาหาร,,,แผง,8.85089E+12,100,NULL,FALSE,FALSE,NULL,,,NULL,NULL,NULL,NULL,NULL,NULL,1,NULL
488,1000,100490,U - Spa 100 mg 10's,FLAVOXATE,ANTISPASMODICS,ขย.9,NULL,ยาทางเดินอาหาร,,,แผง,8.85024E+12,100,NULL,FALSE,FALSE,NULL,,,NULL,NULL,NULL,NULL,NULL,NULL,1,NULL
489,1000,100491,Duspatin 135 mg 10's,MEBEVERINE HYDROCHLORIDE,ANTISPASMODICS,ขย.9,NULL,ยาทางเดินอาหาร,,,แผง,8.85262E+12,100,NULL,FALSE,FALSE,NULL,,,NULL,NULL,NULL,NULL,NULL,NULL,1,NULL
490,1000,100492,Bioflor sac 250 mg,NULL,NULL,ขย.9,NULL,ยาทางเดินอาหาร,,,ซอง,3.58332E+12,100,NULL,FALSE,FALSE,NULL,,,NULL,NULL,NULL,NULL,NULL,NULL,1,NULL
491,1000,100493,Bioflor 250 mg  5 cap,NULL,NULL,ขย.9,NULL,ยาทางเดินอาหาร,,,แผง,3.58332E+12,100,NULL,FALSE,FALSE,NULL,,,NULL,NULL,NULL,NULL,NULL,NULL,1,NULL
492,1000,100494,probac-7 interpharma 2 g,NULL,NULL,ขย.9,NULL,ยาทางเดินอาหาร,,,ซอง,8.85712E+12,100,NULL,FALSE,FALSE,NULL,,,NULL,NULL,NULL,NULL,NULL,NULL,1,NULL
493,1000,100495,SIDUOL 10 capsule,TOCOPHEROL CA+LYSOZYME CL+VITAMIN K +RUTIN +PLURONICF-68,"HAEMORRHOIDAL,PHLEBITIS & VARI",ขย.9,NULL,ยาทางเดินอาหาร,,,แผง,8.85868E+12,100,NULL,FALSE,FALSE,NULL,,,NULL,NULL,NULL,NULL,NULL,NULL,1,NULL
494,1000,100496,T-osmin 10'S,DIOSMINE+HESPERIDINE,"HAEMORRHOIDAL,PHLEBITIS & VARI",ขย.9,NULL,ยาทางเดินอาหาร,,,แผง,8.85651E+12,100,NULL,FALSE,FALSE,NULL,,,NULL,NULL,NULL,NULL,NULL,NULL,1,NULL
495,1000,100497,DAFLON 1000mg  3x10' กล่อง,DIOSMINE+HESPERIDINE,"HAEMORRHOIDAL,PHLEBITIS & VARI",ขย.9,NULL,ยาทางเดินอาหาร,,,กล่อง,3.6649E+12,100,NULL,FALSE,FALSE,NULL,,,NULL,NULL,NULL,NULL,NULL,NULL,1,NULL
496,1000,100498,Daflon 500mg 2x15 tab/กล่อง,DIOSMINE+HESPERIDINE,"HAEMORRHOIDAL,PHLEBITIS & VARI",ขย.9,NULL,ยาทางเดินอาหาร,,,กล่อง,3.59446E+12,100,NULL,FALSE,FALSE,NULL,,,NULL,NULL,NULL,NULL,NULL,NULL,1,NULL
497,1000,100499,proctosedyl oinment 15g,HYDROCORTISONE,"HAEMORRHOIDAL,PHLEBITIS & VARI",ขย.9,NULL,ยาใช้ภายนอก,,,หลอด,8.85089E+12,100,NULL,FALSE,FALSE,NULL,,,NULL,NULL,NULL,NULL,NULL,NULL,1,NULL
498,1000,100500,Doproct oinment 10g,HYDROCORTISONE,"HAEMORRHOIDAL,PHLEBITIS & VARI",ขย.9,NULL,ยาทางเดินอาหาร,,,หลอด,8.85895E+12,100,NULL,FALSE,FALSE,NULL,,,NULL,NULL,NULL,NULL,NULL,NULL,1,NULL
499,1000,100501,Scheriproct N cream  10g,FLUOCORTOLONE PIVALATE+ LIDOCAINE HCl,"HAEMORRHOIDAL,PHLEBITIS & VARI",ขย.9,NULL,ยาทางเดินอาหาร,,,หลอด,7.35009E+12,100,NULL,FALSE,FALSE,NULL,,,NULL,NULL,NULL,NULL,NULL,NULL,1,NULL
500,1000,100502,Mucillin orange 100g,ISPAGHULA HUSK,LAXATIVES,ขย.9,NULL,ยาทางเดินอาหาร,,,กระปุก,8.85262E+12,100,NULL,FALSE,FALSE,NULL,,,NULL,NULL,NULL,NULL,NULL,NULL,1,NULL
501,1000,100503,Mucillin Orange  400g,ISPAGHULA HUSK,LAXATIVES,ขย.9,NULL,ยาทางเดินอาหาร,,,กระปุก,8.85262E+12,100,NULL,FALSE,FALSE,NULL,,,NULL,NULL,NULL,NULL,NULL,NULL,1,NULL
502,1000,100504,Mucillin SF mixberry  5g,ISPAGHULA HUSK,LAXATIVES,ขย.9,NULL,ยาทางเดินอาหาร,,,ซอง,8.85262E+12,100,NULL,FALSE,FALSE,NULL,,,NULL,NULL,NULL,NULL,NULL,NULL,1,NULL
503,1000,100505,Mucillin orange 5g,ISPAGHULA HUSK,LAXATIVES,ขย.9,NULL,ยาทางเดินอาหาร,,,ซอง,8.85262E+12,100,NULL,FALSE,FALSE,NULL,,,NULL,NULL,NULL,NULL,NULL,NULL,1,NULL
504,1000,100506,Glycerin suppositories เหน็บผู้ใหญ่ 12 ชิ้น,GLYCERINE,LAXATIVES,ขย.9,NULL,ยาทางเดินอาหาร,,,กล่อง,8.85802E+12,100,NULL,FALSE,FALSE,NULL,,,NULL,NULL,NULL,NULL,NULL,NULL,1,NULL
505,1000,100507,Glycerin suppositories เหน็บเด็ก 12 ชิ้น,GLYCERINE,LAXATIVES,ขย.9,NULL,ยาทางเดินอาหาร,,,กล่อง,8.85802E+12,100,NULL,FALSE,FALSE,NULL,,,NULL,NULL,NULL,NULL,NULL,NULL,1,NULL
506,1000,100508,gastro bismol 524 mg 10'S,BISMUTH SUBSALICYLATE,LAXATIVES,ขย.9,NULL,ยาทางเดินอาหาร,,,แผง,8.85335E+12,100,NULL,FALSE,FALSE,NULL,,,NULL,NULL,NULL,NULL,NULL,NULL,1,NULL
507,1000,100509,Gasto-bismol 240 ml กลิ่นสละ,BISMUTH SUBSALICYLATE,LAXATIVES,ขย.9,NULL,ยาทางเดินอาหาร,,,ขวด,8.85335E+12,100,NULL,FALSE,FALSE,NULL,,,NULL,NULL,NULL,NULL,NULL,NULL,1,NULL
508,1000,100510,Hepalac 66.7g/100 ml  (สูตร lactulose),LACTULOSE,LAXATIVES,ขย.9,NULL,ยาทางเดินอาหาร,,,ขวด,8.85262E+12,100,NULL,FALSE,FALSE,NULL,,,NULL,NULL,NULL,NULL,NULL,NULL,1,NULL
509,1000,100511,Duphalac 66.7g/100 ml,LACTULOSE,LAXATIVES,ขย.9,NULL,ยาทางเดินอาหาร,,,ขวด,8.8528E+12,100,NULL,FALSE,FALSE,NULL,,,NULL,NULL,NULL,NULL,NULL,NULL,1,NULL
510,1000,100512,Gasto-bismol 240 ml กลิ่นส้ม,BISMUTH SUBSALICYLATE,LAXATIVES,ขย.9,NULL,ยาทางเดินอาหาร,,,ขวด,8.85335E+12,100,NULL,FALSE,FALSE,NULL,,,NULL,NULL,NULL,NULL,NULL,NULL,1,NULL
511,1000,100513,123 Laxative  10cap,NULL,LAXATIVES,ขย.9,NULL,ยาทางเดินอาหาร,,,กล่อง,8.8588E+12,100,NULL,FALSE,FALSE,NULL,,,NULL,NULL,NULL,NULL,NULL,NULL,1,NULL
512,1000,100514,Dulcolax tab 5mg 10's,BISACODYL,LAXATIVES,ขย.9,NULL,ยาทางเดินอาหาร,,,แผง,8.85089E+12,100,NULL,FALSE,FALSE,NULL,,,NULL,NULL,NULL,NULL,NULL,NULL,1,NULL
513,1000,100515,Albemed 200 mg  6's,ALBENDAZOLE,ANTIAMOEBICS,ขย.9,NULL,ยาทางเดินอาหาร,,,แผง,8.85545E+12,100,NULL,FALSE,FALSE,NULL,,,NULL,NULL,NULL,NULL,NULL,NULL,1,NULL
514,1000,100516,ALBEN 200mg 2's,ALBENDAZOLE,ANTIAMOEBICS,ขย.9,NULL,ยาทางเดินอาหาร,,,แผง/กล่อง,8.85266E+12,100,NULL,FALSE,FALSE,NULL,,,NULL,NULL,NULL,NULL,NULL,NULL,1,NULL
515,1000,100517,CB-400 1's,ALBENDAZOLE,ANTIAMOEBICS,ขย.9,NULL,ยาทางเดินอาหาร,,,แผง/กล่อง,8.85877E+12,100,NULL,FALSE,FALSE,NULL,,,NULL,NULL,NULL,NULL,NULL,NULL,1,NULL
516,1000,100518,Benda suspention 30ml,MEBENDAZOLE,ANTIAMOEBICS,ขย.9,NULL,ยาทางเดินอาหาร,,,ขวด,8.85147E+12,100,NULL,FALSE,FALSE,NULL,,,NULL,NULL,NULL,NULL,NULL,NULL,1,NULL
517,1000,100519,Benda 500  1tab,MEBENDAZOLE,ANTIAMOEBICS,ขย.9,NULL,ยาทางเดินอาหาร,,,แผง/กล่อง,8.85147E+12,100,NULL,FALSE,FALSE,NULL,,,NULL,NULL,NULL,NULL,NULL,NULL,1,NULL
518,1000,100520,Hexin 4 tab,NICLOSAMIDE + PHENOPHTHALINE,ANTIAMOEBICS,ขย.9,NULL,ยาทางเดินอาหาร,,,แผง/กล่อง,8.85829E+12,100,NULL,FALSE,FALSE,NULL,,,NULL,NULL,NULL,NULL,NULL,NULL,1,NULL
519,1000,100521,Aerobidol inhaler 200 doses,IPRATROPIUM BROMIDE+FENOTEROL HYDROBROMIDE,ANTIASTHMATIC PREPARATIONS,ขย.9,NULL,ยาระบบทางเดินหายใจ,,,กล่อง,8.85109E+12,100,NULL,FALSE,FALSE,NULL,,,NULL,NULL,NULL,NULL,NULL,NULL,1,NULL
520,1000,100522,berodual inhaler 200 doses,IPRATROPIUM BROMIDE+FENOTEROL HYDROBROMIDE,ANTIASTHMATIC PREPARATIONS,ขย.9,NULL,ยาระบบทางเดินหายใจ,,,กล่อง,4.04885E+12,100,NULL,FALSE,FALSE,NULL,,,NULL,NULL,NULL,NULL,NULL,NULL,1,NULL
521,1000,100523,Aerotamol 100 mcg 200 doses,SALBUTAMOL,ANTIASTHMATIC PREPARATIONS,ขย.9,NULL,ยาระบบทางเดินหายใจ,,,กล่อง,8.85109E+12,100,NULL,FALSE,FALSE,NULL,,,NULL,NULL,NULL,NULL,NULL,NULL,1,NULL
522,1000,100524,ventolin inhaler 100 mcg 200 doses,SALBUTAMOL,ANTIASTHMATIC PREPARATIONS,ขย.9,NULL,ยาระบบทางเดินหายใจ,,,กล่อง,8.85101E+12,100,NULL,FALSE,FALSE,NULL,,,NULL,NULL,NULL,NULL,NULL,NULL,1,NULL
523,1000,100525,sulbuta-N 5mg solution inhalation,SALBUTAMOL,ANTIASTHMATIC PREPARATIONS,ขย.9,NULL,ยาระบบทางเดินหายใจ,,,ขวด,8.85281E+12,100,NULL,FALSE,FALSE,NULL,,,NULL,NULL,NULL,NULL,NULL,NULL,1,NULL
524,1000,100526,Zigaless spray 15 ml ผสมหญ้าดอกขาว,NULL,NULL,ขย.9,NULL,ยาระบบทางเดินหายใจ,,,หลอด,8.85712E+12,100,NULL,FALSE,FALSE,NULL,,,NULL,NULL,NULL,NULL,NULL,NULL,1,NULL
525,1000,100527,0.05%Metzodin Nasal Spray 10 ml,OXYMETAZOLINE,DECONGESTANTS & OTHER NASAL PR,ขย.9,NULL,ยาระบบทางเดินหายใจ,,,ขวด,8.85024E+12,100,NULL,FALSE,FALSE,NULL,,,NULL,NULL,NULL,NULL,NULL,NULL,1,NULL
526,1000,100528,ยาใบมะขามแขก อ้วยอันโอสถ 30 แคปซูล,SENNOSIDE A & B,LAXATIVES,ขย.9,NULL,ยาทางเดินอาหาร,,,กล่อง,8.85291E+12,100,NULL,FALSE,FALSE,NULL,,,NULL,NULL,NULL,NULL,NULL,NULL,1,NULL
527,1000,100529,0.1% Otrivin spray 10 ml,XYLOMETAZOLIN,DECONGESTANTS & OTHER NASAL PR,ขย.9,NULL,ยาระบบทางเดินหายใจ,,,ขวด,8.85236E+12,100,NULL,FALSE,FALSE,NULL,,,NULL,NULL,NULL,NULL,NULL,NULL,1,NULL
528,1000,100530,0.05% otrivin child spray 10 ml,XYLOMETAZOLIN,DECONGESTANTS & OTHER NASAL PR,ขย.9,NULL,ยาระบบทางเดินหายใจ,,,ขวด,8.85236E+12,100,NULL,FALSE,FALSE,NULL,,,NULL,NULL,NULL,NULL,NULL,NULL,1,NULL
529,1000,100531,0.05% iliadine Drop (ผู้ใหญ่),OXYMETAZOLINE,DECONGESTANTS & OTHER NASAL PR,ขย.9,NULL,ยาระบบทางเดินหายใจ,,,ขวด,8.85288E+12,100,NULL,FALSE,FALSE,NULL,,,NULL,NULL,NULL,NULL,NULL,NULL,1,NULL
530,1000,100532,0.025% iliadine Drop (เด็ก<6ปี),OXYMETAZOLINE,DECONGESTANTS & OTHER NASAL PR,ขย.9,NULL,ยาระบบทางเดินหายใจ,,,ขวด,4.98718E+12,100,NULL,FALSE,FALSE,NULL,,,NULL,NULL,NULL,NULL,NULL,NULL,1,NULL
531,1000,100533,0.05% iliadin Nasal Spray 10 ml,OXYMETAZOLINE,DECONGESTANTS & OTHER NASAL PR,ขย.9,NULL,ยาระบบทางเดินหายใจ,,,ขวด,8.85288E+12,100,NULL,FALSE,FALSE,NULL,,,NULL,NULL,NULL,NULL,NULL,NULL,1,NULL
532,1000,100534,Nasol spray 15 ml,NAPHAZOLINE + PHENIRAMINE,DECONGESTANTS & OTHER NASAL PR,ขย.9,NULL,ยาระบบทางเดินหายใจ,,,ขวด,8.85185E+12,100,NULL,FALSE,FALSE,NULL,,,NULL,NULL,NULL,NULL,NULL,NULL,1,NULL
533,1000,100535,5% Mar plus spray 20 ml,DEXPANTHENOL,DECONGESTANTS & OTHER NASAL PR,ขย.9,NULL,ยาระบบทางเดินหายใจ,,,ขวด,4.897E+12,100,NULL,FALSE,FALSE,NULL,,,NULL,NULL,NULL,NULL,NULL,NULL,1,NULL
534,1000,100536,0.5% Nasonex spray  60doses,MOMETASONE FUROATE,DECONGESTANTS & OTHER NASAL PR,ขย.9,NULL,ยาระบบทางเดินหายใจ,,,ขวด,8.85029E+12,100,NULL,FALSE,FALSE,NULL,,,NULL,NULL,NULL,NULL,NULL,NULL,1,NULL
535,1000,100537,0.5% Nasonex spray  140doses,MOMETASONE FUROATE,DECONGESTANTS & OTHER NASAL PR,ขย.9,NULL,ยาระบบทางเดินหายใจ,,,ขวด,8.40165E+11,100,NULL,FALSE,FALSE,NULL,,,NULL,NULL,NULL,NULL,NULL,NULL,1,NULL
536,1000,100538,Nasacort AQ spray 120 doses,TRIAMCINOLONE,DECONGESTANTS & OTHER NASAL PR,ขย.9,NULL,ยาระบบทางเดินหายใจ,,,ขวด,3.58291E+12,100,NULL,FALSE,FALSE,NULL,,,NULL,NULL,NULL,NULL,NULL,NULL,1,NULL
537,1000,100539,First  Defence (VICKS) 15 ml,HYDROXYPROPYLMETHYLCELLULOSE,DECONGESTANTS & OTHER NASAL PR,ขย.9,NULL,ยาระบบทางเดินหายใจ,,,ขวด,5.01397E+12,100,NULL,FALSE,FALSE,NULL,,,NULL,NULL,NULL,NULL,NULL,NULL,1,NULL
538,1000,100540,Betadine Throat spray 12 ml,POVIDONE-IODIDE,MOUTH/THROAT PREPARATIONS,ขย.9,NULL,ยาระบบทางเดินหายใจ,,,ขวด,9.31406E+12,100,NULL,FALSE,FALSE,NULL,,,NULL,NULL,NULL,NULL,NULL,NULL,1,NULL
539,1000,100541,Hashi baby drop 4 ml ชุ่มชื่น 6.5 mg (ฟ้า),ACETYLCYSTEINE,DECONGESTANTS & OTHER NASAL PR,ขย.9,NULL,ยาระบบทางเดินหายใจ,,,ชิ้น,8.85511E+12,100,NULL,FALSE,FALSE,NULL,,,63,NULL,NULL,NULL,NULL,NULL,1,NULL
540,1000,100542,Hashi baby drop 4 ml อ่อนโยน 9 mg (เขียว),ACETYLCYSTEINE,DECONGESTANTS & OTHER NASAL PR,ขย.9,NULL,ยาระบบทางเดินหายใจ,,,ชิ้น,8.85511E+12,100,NULL,FALSE,FALSE,NULL,,,63,63,NULL,NULL,NULL,NULL,1,NULL
541,1000,100543,Aqua maris baby 50ml,ACETYLCYSTEINE,DECONGESTANTS & OTHER NASAL PR,ขย.9,NULL,ยาระบบทางเดินหายใจ,,,ขวด,3.85601E+12,100,NULL,FALSE,FALSE,NULL,,,399,NULL,NULL,NULL,NULL,NULL,1,NULL
542,1000,100544,Propoliz spray 15 ml,NULL,MOUTH/THROAT PREPARATIONS,ขย.9,NULL,ยาระบบทางเดินหายใจ,,,กล่อง,8.85712E+12,100,NULL,FALSE,FALSE,NULL,,,NULL,NULL,NULL,NULL,NULL,NULL,1,NULL
543,1000,100545,PROPOLIZ SPRAY plus กระชายขาว 15ml,NULL,MOUTH/THROAT PREPARATIONS,ขย.9,NULL,ยาระบบทางเดินหายใจ,,,กล่อง,8.85651E+12,100,NULL,FALSE,FALSE,NULL,,,NULL,NULL,NULL,NULL,NULL,NULL,1,NULL
544,1000,100546,สเปรย์แก้ไอ ตราตะขาบ 5 ตัว 20ml,PARACETAMOL,NSAIDs,ขย.9,NULL,ยาระบบทางเดินหายใจ,,,กล่อง,8.85276E+12,100,NULL,FALSE,FALSE,NULL,,,119,NULL,NULL,NULL,NULL,NULL,1,NULL
545,1000,100547,Kamilosan M spray 15 ml,NULL,MOUTH/THROAT PREPARATIONS,ขย.9,NULL,ยาระบบทางเดินหายใจ,,,กล่อง,8.85879E+12,100,NULL,FALSE,FALSE,NULL,,,NULL,NULL,NULL,NULL,NULL,NULL,1,NULL
546,1000,100548,REAL ELIXIR PROPOLIS FRESH SPRAY 30ml,NULL,NULL,ขย.9,NULL,ยาระบบทางเดินหายใจ,,,กล่อง,8.85899E+12,100,NULL,FALSE,FALSE,NULL,,,NULL,NULL,NULL,NULL,NULL,NULL,1,NULL
547,1000,100549,Myherbal Mybacin With Mangosteen Extract 15 ml,ACETYLCYSTEINE,MOUTH/THROAT PREPARATIONS,ขย.9,NULL,ยาระบบทางเดินหายใจ,,,กล่อง,8.85229E+12,100,NULL,FALSE,FALSE,NULL,,,145,NULL,NULL,NULL,NULL,NULL,1,NULL
548,1000,100550,spek mouth spray cool 20 ml,NULL,MOUTH/THROAT PREPARATIONS,ขย.9,NULL,ยาระบบทางเดินหายใจ,,,กล่อง,8.85511E+12,100,NULL,FALSE,FALSE,NULL,,,NULL,NULL,NULL,NULL,NULL,NULL,1,NULL
549,1000,100551,difflis spray 7 Natural Extracts 15 ml,NULL,MOUTH/THROAT PREPARATIONS,ขย.9,NULL,ยาระบบทางเดินหายใจ,,,กล่อง,9.31406E+12,100,NULL,FALSE,FALSE,NULL,,,NULL,NULL,NULL,NULL,NULL,NULL,1,NULL
550,1000,100552,DIFFLAM FORTE spray 15 ml,BENZYDAMINE HCL,MOUTH/THROAT PREPARATIONS,ขย.9,NULL,ยาระบบทางเดินหายใจ,,,กล่อง,9.31406E+12,100,NULL,FALSE,FALSE,NULL,,,NULL,NULL,NULL,NULL,NULL,NULL,1,NULL
551,1000,100553,I-kid mouth spray orange 15 ml,NULL,MOUTH/THROAT PREPARATIONS,ขย.9,NULL,ยาระบบทางเดินหายใจ,,,กล่อง,8.85511E+12,100,NULL,FALSE,FALSE,NULL,,,NULL,NULL,NULL,NULL,NULL,NULL,1,NULL
552,1000,100554,I-kid mouth spray straberry 15 ml,NULL,MOUTH/THROAT PREPARATIONS,ขย.9,NULL,ยาระบบทางเดินหายใจ,,,กล่อง,8.85511E+12,100,NULL,FALSE,FALSE,NULL,,,NULL,NULL,NULL,NULL,NULL,NULL,1,NULL
553,1000,100555,Meptin 50 mcg 10's,PROCATEROL,ANTIASTHMATIC PREPARATIONS,ขย.9,NULL,ยาระบบทางเดินหายใจ,,,แผง,8.85263E+12,100,NULL,FALSE,FALSE,NULL,,,NULL,NULL,NULL,NULL,NULL,NULL,1,NULL
554,1000,100556,Meptin 25 mcg 10's,PROCATEROL,ANTIASTHMATIC PREPARATIONS,ขย.9,NULL,ยาระบบทางเดินหายใจ,,,แผง,8.85263E+12,100,NULL,FALSE,FALSE,NULL,,,NULL,NULL,NULL,NULL,NULL,NULL,1,NULL
555,1000,100557,THEOTRIM 200  10's,THEOPHYLLINE,ANTIASTHMATIC PREPARATIONS,ขย.9,NULL,ยาระบบทางเดินหายใจ,,,แผง,7.29E+12,100,NULL,FALSE,FALSE,NULL,,,NULL,NULL,NULL,NULL,NULL,NULL,1,NULL
556,1000,100558,Asmasolon 125 mg 10's,THEOPHYLLINE,ANTIASTHMATIC PREPARATIONS,ขย.9,NULL,ยาระบบทางเดินหายใจ,,,แผง,8.85182E+12,100,NULL,FALSE,FALSE,NULL,,,NULL,NULL,NULL,NULL,NULL,NULL,1,NULL
557,1000,100559,NUELIN SR 200 mg 20's,THEOPHYLLINE,ANTIASTHMATIC PREPARATIONS,ขย.9,NULL,ยาระบบทางเดินหายใจ,,,แผง,9.31406E+12,100,NULL,FALSE,FALSE,NULL,,,NULL,NULL,NULL,NULL,NULL,NULL,1,NULL
558,1000,100560,Terbutaline 2.5 mg 15 tab,TERBUTALINE,ANTIASTHMATIC PREPARATIONS,ขย.9,NULL,ยาระบบทางเดินหายใจ,,,เม็ด,8.85188E+12,100,NULL,FALSE,FALSE,NULL,,,NULL,NULL,NULL,NULL,NULL,NULL,1,NULL
559,1000,100561,SALBUTAMOL 2 mg 1 tab,SALBUTAMOL,ANTIASTHMATIC PREPARATIONS,ขย.9,NULL,ยาระบบทางเดินหายใจ,,,เม็ด,8.85545E+12,100,NULL,FALSE,FALSE,NULL,,,NULL,NULL,NULL,NULL,NULL,NULL,1,NULL
560,1000,100562,Violin 2 mg 1 tab,SALBUTAMOL,ANTIASTHMATIC PREPARATIONS,ขย.9,NULL,ยาระบบทางเดินหายใจ,,,เม็ด,8.85188E+12,100,NULL,FALSE,FALSE,NULL,,,NULL,NULL,NULL,NULL,NULL,NULL,1,NULL
561,1000,100563,CYSTALINE 600 mg 10's,ACETYLCYSTEINE,MUCOLYTIC,ขย.9,NULL,ยาระบบทางเดินหายใจ,,,หลอด,8.85945E+12,100,NULL,FALSE,FALSE,NULL,,,NULL,NULL,NULL,NULL,NULL,NULL,1,NULL
562,1000,100564,Muclear 600 mg 10's,ACETYLCYSTEINE,MUCOLYTIC,ขย.9,NULL,ยาระบบทางเดินหายใจ,,,หลอด,8.85077E+12,100,NULL,FALSE,FALSE,NULL,,,NULL,NULL,NULL,NULL,NULL,NULL,1,NULL
563,1000,100565,naclong 600 mg 10's,ACETYLCYSTEINE,MUCOLYTIC,ขย.9,NULL,ยาระบบทางเดินหายใจ,,,หลอด,8.85879E+12,100,NULL,FALSE,FALSE,NULL,,,NULL,NULL,NULL,NULL,NULL,NULL,1,NULL
564,1000,100566,Betadine gargle 30 ml SF,POVIDONE-IODIDE,MOUTH/THROAT PREPARATIONS,ขย.9,NULL,ยาระบบทางเดินหายใจ,,,กล่อง,8.85926E+12,100,NULL,FALSE,FALSE,NULL,,,NULL,NULL,NULL,NULL,NULL,NULL,1,NULL
565,1000,100567,Puvadon gargle 30 ml,POVIDONE-IODIDE,MOUTH/THROAT PREPARATIONS,ขย.9,NULL,ยาระบบทางเดินหายใจ,,,กล่อง,8.85387E+12,100,NULL,FALSE,FALSE,NULL,,,NULL,NULL,NULL,NULL,NULL,NULL,1,NULL
566,1000,100568,STERZAR 1mg 7tab,FINASTERIDE,HORMONES,ขย.9,NULL,ยาคุมกำเนิดและฮอร์โมนทดแท,,,แผง,8.85077E+12,100,NULL,FALSE,FALSE,NULL,,,NULL,NULL,NULL,NULL,NULL,NULL,1,NULL
567,1000,100569,Firide 5 mg 10's,FINASTERIDE,HORMONES,ขย.9,NULL,ยาคุมกำเนิดและฮอร์โมนทดแท,,,แผง,8.85274E+12,100,NULL,FALSE,FALSE,NULL,,,NULL,NULL,NULL,NULL,NULL,NULL,1,NULL
568,1000,100570,5%Reten five 30ml,MINOXIDIL,ANTIHYPERTENSIVES,ขย.9,NULL,ยาคุมกำเนิดและฮอร์โมนทดแท,,,กล่อง,8.85188E+12,100,NULL,FALSE,FALSE,NULL,,,NULL,NULL,NULL,NULL,NULL,NULL,1,NULL
569,1000,100571,polygot 1/100 mg 10's,ERGOTAMINE TARTATE + CAFFEINE,ERGOT,ขย.9,NULL,ปวดหัว/ไมเกรน,,,แผง/กล่อง,8.85298E+12,100,NULL,FALSE,FALSE,NULL,,,NULL,NULL,NULL,NULL,NULL,NULL,1,NULL
570,1000,100572,Cafergot 1/100 mg 10's,ERGOTAMINE TARTATE + CAFFEINE,ERGOT,ขย.9,NULL,ปวดหัว/ไมเกรน,,,แผง/กล่อง,8.85879E+12,100,NULL,FALSE,FALSE,NULL,,,NULL,NULL,NULL,NULL,NULL,NULL,1,NULL
571,1000,100573,Avamigran 1/100 mg 10's,ERGOTAMINE TARTATE + CAFFEINE,ERGOT,ขย.9,NULL,ปวดหัว/ไมเกรน,,,แผง/กล่อง,8.85879E+12,100,NULL,FALSE,FALSE,NULL,,,NULL,NULL,NULL,NULL,NULL,NULL,1,NULL
572,1000,100574,Migana 1/100 mg 10's,ERGOTAMINE TARTATE + CAFFEINE,ERGOT,ขย.9,NULL,ปวดหัว/ไมเกรน,,,แผง/กล่อง,8.85651E+12,100,NULL,FALSE,FALSE,NULL,,,NULL,NULL,NULL,NULL,NULL,NULL,1,NULL
573,1000,100575,Tofago 1/100 mg  10's,ERGOTAMINE TARTATE + CAFFEINE,ERGOT,ขย.9,NULL,ปวดหัว/ไมเกรน,,,แผง/กล่อง,8.85188E+12,100,NULL,FALSE,FALSE,NULL,,,NULL,NULL,NULL,NULL,NULL,NULL,1,NULL
574,1000,100576,Sobelin 5 mg 10'cap,FLUNARIZINE,ANTIEMETICS & ANTIVERTIGO DRUG,ขย.9,NULL,ปวดหัว/ไมเกรน,,,แผง,8.85188E+12,100,NULL,FALSE,FALSE,NULL,,,NULL,NULL,NULL,NULL,NULL,NULL,1,NULL
575,1000,100577,Simoyiam 5 mg 10'cap,FLUNARIZINE,ANTIEMETICS & ANTIVERTIGO DRUG,ขย.9,NULL,ปวดหัว/ไมเกรน,,,แผง,8.85274E+12,100,NULL,FALSE,FALSE,NULL,,,NULL,NULL,NULL,NULL,NULL,NULL,1,NULL
576,1000,100578,Merlin  6 mg 10's    T.O,BETAHISTINE,ANTIEMETICS & ANTIVERTIGO DRUG,ขย.9,NULL,ปวดหัว/ไมเกรน,,,แผง,8.85188E+12,100,NULL,FALSE,FALSE,NULL,,,NULL,NULL,NULL,NULL,NULL,NULL,1,NULL
577,1000,100579,merislon  6 mg 10's,BETAHISTINE,ANTIEMETICS & ANTIVERTIGO DRUG,ขย.9,NULL,ยาระบบทางเดินหายใจ,,,แผง,8.85868E+12,100,NULL,FALSE,FALSE,NULL,,,NULL,NULL,NULL,NULL,NULL,NULL,1,NULL
578,1000,100580,Merislon 12 mg 10's,BETAHISTINE,ANTIEMETICS & ANTIVERTIGO DRUG,ขย.9,NULL,ยาระบบทางเดินหายใจ,,,แผง,8.85868E+12,100,NULL,FALSE,FALSE,NULL,,,NULL,NULL,NULL,NULL,NULL,NULL,1,NULL
579,1000,100581,Betahis 12 mg 10's,BETAHISTINE,ANTIEMETICS & ANTIVERTIGO DRUG,ขย.9,NULL,ยาระบบทางเดินหายใจ,,,แผง,8.85335E+12,100,NULL,FALSE,FALSE,NULL,,,NULL,NULL,NULL,NULL,NULL,NULL,1,NULL
580,1000,100582,Stei 16 mg  10's,BETAHISTINE,ANTIEMETICS & ANTIVERTIGO DRUG,ขย.9,NULL,ยาระบบทางเดินหายใจ,,,แผง,8.85024E+12,100,NULL,FALSE,FALSE,NULL,,,NULL,NULL,NULL,NULL,NULL,NULL,1,NULL
581,1000,100583,HistiGo-16  10's,BETAHISTINE,ANTIEMETICS & ANTIVERTIGO DRUG,ขย.9,NULL,ยาระบบทางเดินหายใจ,,,แผง,8.85546E+12,100,NULL,FALSE,FALSE,NULL,,,NULL,NULL,NULL,NULL,NULL,NULL,1,NULL
582,1000,100584,HistiGo-24  10's,BETAHISTINE,ANTIEMETICS & ANTIVERTIGO DRUG,ขย.9,NULL,ยาระบบทางเดินหายใจ,,,แผง,8.85546E+12,100,NULL,FALSE,FALSE,NULL,,,NULL,NULL,NULL,NULL,NULL,NULL,1,NULL
583,1000,100585,Serc 16 mg  20's,BETAHISTINE,ANTIEMETICS & ANTIVERTIGO DRUG,ขย.9,NULL,ยาระบบทางเดินหายใจ,,,แผง/กล่อง,3.76001E+12,100,NULL,FALSE,FALSE,NULL,,,NULL,NULL,NULL,NULL,NULL,NULL,1,NULL
584,1000,100586,Serc 24 mg  20's,BETAHISTINE,ANTIEMETICS & ANTIVERTIGO DRUG,ขย.9,NULL,ยาระบบทางเดินหายใจ,,,แผง/กล่อง,3.76001E+12,100,NULL,FALSE,FALSE,NULL,,,NULL,NULL,NULL,NULL,NULL,NULL,1,NULL
585,1000,100587,Stei 24 mg  10's,BETAHISTINE,ANTIEMETICS & ANTIVERTIGO DRUG,ขย.9,NULL,ยาระบบทางเดินหายใจ,,,แผง,8.85024E+12,100,NULL,FALSE,FALSE,NULL,,,NULL,NULL,NULL,NULL,NULL,NULL,1,NULL
586,1000,100588,Sermion 10 mg  10's,NICERGOLINE,ANTIEMETICS & ANTIVERTIGO DRUG,ขย.9,NULL,ยาระบบทางเดินหายใจ,,,แผง/กล่อง,8.85286E+12,100,NULL,FALSE,FALSE,NULL,,,NULL,NULL,NULL,NULL,NULL,NULL,1,NULL
587,1000,100589,Stugeron 10's,CINNARIZINE,ANTIEMETICS & ANTIVERTIGO DRUG,ขย.9,NULL,ยาระบบทางเดินหายใจ,,,แผง,8.85058E+12,100,NULL,FALSE,FALSE,NULL,,,NULL,NULL,NULL,NULL,NULL,NULL,1,NULL
588,1000,100590,Cephadol 25 mg 10's,DIPHENIDOL HCL,ANTIEMETICS & ANTIVERTIGO DRUG,ขย.9,NULL,ยาระบบทางเดินหายใจ,,,แผง,8.85872E+12,100,NULL,FALSE,FALSE,NULL,,,NULL,NULL,NULL,NULL,NULL,NULL,1,NULL
589,1000,100591,Dramamine 50 mg 10's,DIMENHYDRINATE,ANTIEMETICS & ANTIVERTIGO DRUG,ขย.9,NULL,"ยาแก้อาเจียน,เมารถเมาเรือ",,,แผง,8.85857E+12,100,NULL,FALSE,FALSE,NULL,,,NULL,NULL,NULL,NULL,NULL,NULL,1,NULL
590,1000,100592,DIMENHYDRINATE 10's,DIMENHYDRINATE,ANTIEMETICS & ANTIVERTIGO DRUG,ขย.9,NULL,"ยาแก้อาเจียน,เมารถเมาเรือ",,,แผง,8.85885E+12,100,NULL,FALSE,FALSE,NULL,,,NULL,NULL,NULL,NULL,NULL,NULL,1,NULL
591,1000,100593,VULTIN 300 mg 10's,GABAPENTIN,AMINOGLYCOSIDES,ขย.9,NULL,ยาในโรคเรื้อรัง (Drug for,,,แผง,8.85394E+12,100,NULL,FALSE,FALSE,NULL,,,NULL,NULL,NULL,NULL,NULL,NULL,1,NULL
592,1000,100594,VULTIN 100 mg 10's,GABAPENTIN,ANTINEUROPATHIC,ขย.9,NULL,ยาในโรคเรื้อรัง (Drug for,,,แผง,8.85394E+12,100,NULL,FALSE,FALSE,NULL,,,NULL,NULL,NULL,NULL,NULL,NULL,1,NULL
593,1000,100595,amitrip 10 mg GPO 10's,AMITRIPTYLINE,ANTIDEPRESSANTS,ขย.9,NULL,ยาในโรคเรื้อรัง (Drug for,,,แผง,8.85068E+12,100,NULL,FALSE,FALSE,NULL,,,NULL,NULL,NULL,NULL,NULL,NULL,1,NULL
594,1000,100596,amitrip 25 mg GPO 10's,AMITRIPTYLINE,ANTIDEPRESSANTS,ขย.9,NULL,ยาในโรคเรื้อรัง (Drug for,,,แผง,8.85068E+12,100,NULL,FALSE,FALSE,NULL,,,NULL,NULL,NULL,NULL,NULL,NULL,1,NULL
595,1000,100597,Gabapentin GPO 300mg 10's,GABAPENTIN,ANTINEUROPATHIC,ขย.9,NULL,ยาในโรคเรื้อรัง (Drug for,,,แผง,8.85068E+12,100,NULL,FALSE,FALSE,NULL,,,NULL,NULL,NULL,NULL,NULL,NULL,1,NULL
596,1000,100598,Gabapentin GPO 100mg 10's,GABAPENTIN,ANTINEUROPATHIC,ขย.9,NULL,ยาในโรคเรื้อรัง (Drug for,,,แผง,8.85068E+12,100,NULL,FALSE,FALSE,NULL,,,NULL,NULL,NULL,NULL,NULL,NULL,1,NULL
597,1000,100599,Berlontin 300 mg 10's,GABAPENTIN,ANTINEUROPATHIC,ขย.9,NULL,ยาในโรคเรื้อรัง (Drug for,,,แผง,8.85262E+12,100,NULL,FALSE,FALSE,NULL,,,NULL,NULL,NULL,NULL,NULL,NULL,1,NULL
598,1000,100600,Berlontin 100mg 10's,GABAPENTIN,ANTINEUROPATHIC,ขย.9,NULL,ยาในโรคเรื้อรัง (Drug for,,,แผง,8.85262E+12,100,NULL,FALSE,FALSE,NULL,,,NULL,NULL,NULL,NULL,NULL,NULL,1,NULL
599,1000,100601,Tripta 25mg 10's,AMITRIPTYLINE,ANTIDEPRESSANTS,ขย.9,NULL,ยาในโรคเรื้อรัง (Drug for,,,ซอง,8.85387E+12,100,NULL,FALSE,FALSE,NULL,,,NULL,NULL,NULL,NULL,NULL,NULL,1,NULL
600,1000,100602,Tripta 10 mg 10's,AMITRIPTYLINE,ANTIDEPRESSANTS,ขย.9,NULL,ยาในโรคเรื้อรัง (Drug for,,,ซอง,8.85387E+12,100,NULL,FALSE,FALSE,NULL,,,NULL,NULL,NULL,NULL,NULL,NULL,1,NULL
601,1000,100603,Metformin GPO 500 mg 10's,METFORMIN,ANTIDIABETIC,ขย.9,NULL,ยาในโรคเรื้อรัง (Drug for,,,แผง,8.85068E+12,100,NULL,FALSE,FALSE,NULL,,,NULL,NULL,NULL,NULL,NULL,NULL,1,NULL
602,1000,100604,Glucophage 850 mg 10's,METFORMIN,ANTIDIABETIC,ขย.9,NULL,ยาในโรคเรื้อรัง (Drug for,,,แผง,8.85288E+12,100,NULL,FALSE,FALSE,NULL,,,NULL,NULL,NULL,NULL,NULL,NULL,1,NULL
603,1000,100605,Glucophage 500 mg 10's,METFORMIN,ANTIDIABETIC,ขย.9,NULL,ยาในโรคเรื้อรัง (Drug for,,,แผง,8.85288E+12,100,NULL,FALSE,FALSE,NULL,,,NULL,NULL,NULL,NULL,NULL,NULL,1,NULL
604,1000,100606,Siamformet 850 mg 10's,METFORMIN,ANTIDIABETIC,ขย.9,NULL,ยาในโรคเรื้อรัง (Drug for,,,แผง,8.85274E+12,100,NULL,FALSE,FALSE,NULL,,,NULL,NULL,NULL,NULL,NULL,NULL,1,NULL
605,1000,100607,Siamformet 500 mg 10's,METFORMIN,ANTIDIABETIC,ขย.9,NULL,ยาในโรคเรื้อรัง (Drug for,,,แผง,8.85274E+12,100,NULL,FALSE,FALSE,NULL,,,NULL,NULL,NULL,NULL,NULL,NULL,1,NULL
606,1000,100608,Furetic 40 mg 10's,FUROSEMIDE,ANTIHYPERTENSIVES,ขย.9,NULL,ยาในโรคเรื้อรัง (Drug for,,,แผง,8.85274E+12,100,NULL,FALSE,FALSE,NULL,,,NULL,NULL,NULL,NULL,NULL,NULL,1,NULL
607,1000,100609,Daonil 5 mg 10's,GLIBENCAMIDE,ANTIDIABETIC,ขย.9,NULL,ยาในโรคเรื้อรัง (Drug for,,,แผง,8.99324E+12,100,NULL,FALSE,FALSE,NULL,,,NULL,NULL,NULL,NULL,NULL,NULL,1,NULL
608,1000,100610,Dianicron MR 60 mg 30's,GLICAZIDE,ANTIDIABETIC,ขย.9,NULL,ยาในโรคเรื้อรัง (Drug for,,,กล่อง,3.59445E+12,100,NULL,FALSE,FALSE,NULL,,,NULL,NULL,NULL,NULL,NULL,NULL,1,NULL
609,1000,100611,Dipazide 5 mg 10's,GLIPIZIDE,ANTIDIABETIC,ขย.9,NULL,ยาในโรคเรื้อรัง (Drug for,,,แผง,8.85274E+12,100,NULL,FALSE,FALSE,NULL,,,NULL,NULL,NULL,NULL,NULL,NULL,1,NULL
610,1000,100612,Glizide 5 mg 15's,GLIPIZIDE,ANTIDIABETIC,ขย.9,NULL,ยาในโรคเรื้อรัง (Drug for,,,แผง,8.8546E+12,100,NULL,FALSE,FALSE,NULL,,,NULL,NULL,NULL,NULL,NULL,NULL,1,NULL
611,1000,100613,Minidiab 5 mg 30's,GLIPIZIDE,ANTIDIABETIC,ขย.9,NULL,ยาในโรคเรื้อรัง (Drug for,,,กล่อง,8.85286E+12,100,NULL,FALSE,FALSE,NULL,,,NULL,NULL,NULL,NULL,NULL,NULL,1,NULL
612,1000,100614,Thyrosit 100 mg 10's,LEVOTHYROXINE SODIUM,THYROID PREPARATIONS,ขย.9,NULL,ยาในโรคเรื้อรัง (Drug for,,,แผง,8.85024E+12,100,NULL,FALSE,FALSE,NULL,,,NULL,NULL,NULL,NULL,NULL,NULL,1,NULL
613,1000,100615,Timazol 5 mg 10's,METHIMAZOLE,THYROID PREPARATIONS,ขย.9,NULL,ยาในโรคเรื้อรัง (Drug for,,,แผง,8.85024E+12,100,NULL,FALSE,FALSE,NULL,,,NULL,NULL,NULL,NULL,NULL,NULL,1,NULL
614,1000,100616,Burinol 300 mg 10's,ALLOPURINOL,GOUT PREPARATIONS,ขย.9,NULL,ยาในโรคเรื้อรัง (Drug for,,,แผง,8.85147E+12,100,NULL,FALSE,FALSE,NULL,,,NULL,NULL,NULL,NULL,NULL,NULL,1,NULL
615,1000,100617,Puride 100 mg 10's,ALLOPURINOL,GOUT PREPARATIONS,ขย.9,NULL,ยาในโรคเรื้อรัง (Drug for,,,แผง,8.85265E+12,100,NULL,FALSE,FALSE,NULL,,,NULL,NULL,NULL,NULL,NULL,NULL,1,NULL
616,1000,100618,Pip Allo 100 mg 10's,ALLOPURINOL,GOUT PREPARATIONS,ขย.9,NULL,ยาในโรคเรื้อรัง (Drug for,,,แผง,8.85879E+12,100,NULL,FALSE,FALSE,NULL,,,NULL,NULL,NULL,NULL,NULL,NULL,1,NULL
617,1000,100619,Tolchicine 0.6 mg 10's,COLCHICINE,GOUT PREPARATIONS,ขย.9,NULL,ยาในโรคเรื้อรัง (Drug for,,,แผง,8.85188E+12,100,NULL,FALSE,FALSE,NULL,,,NULL,NULL,NULL,NULL,NULL,NULL,1,NULL
618,1000,100620,colchicine 0.6 mg 10's,COLCHICINE,GOUT PREPARATIONS,ขย.9,NULL,ยาในโรคเรื้อรัง (Drug for,,,แผง,8.85203E+12,100,NULL,FALSE,FALSE,NULL,,,NULL,NULL,NULL,NULL,NULL,NULL,1,NULL
619,1000,100621,Cazosin 2 mg 10's,DOXAZOSIN,ANTIHYPERTENSIVES,ขย.9,NULL,ยาในโรคเรื้อรัง (Drug for,,,แผง,8.85546E+12,100,NULL,FALSE,FALSE,NULL,,,NULL,NULL,NULL,NULL,NULL,NULL,1,NULL
620,1000,100622,Cazosin 4 mg 10's,DOXAZOSIN,ANTIHYPERTENSIVES,ขย.9,NULL,ยาในโรคเรื้อรัง (Drug for,,,แผง,8.85546E+12,100,NULL,FALSE,FALSE,NULL,,,NULL,NULL,NULL,NULL,NULL,NULL,1,NULL
621,1000,100623,Rowatinex 10's,PINENE+CAMPHENE+CINEOL+MENTHOL+MENTHONE+,ANTIHYPERTENSIVES,ขย.9,NULL,ยาในโรคเรื้อรัง (Drug for,,,แผง,5.39039E+12,100,NULL,FALSE,FALSE,NULL,,,NULL,NULL,NULL,NULL,NULL,NULL,1,NULL
622,1000,100624,Samarin 140 mg 10's,SILYMARIN,ANTIHYPERLIPIDAEMIC AGENTS,ขย.9,NULL,ยาในโรคเรื้อรัง (Drug for,,,แผง,8.85262E+12,100,NULL,FALSE,FALSE,NULL,,,NULL,NULL,NULL,NULL,NULL,NULL,1,NULL
623,1000,100625,Apolets 75 mg 10's,CLOPIDOGREL,CARDIAC DRUGS,ขย.9,NULL,ยาในโรคเรื้อรัง (Drug for,,,แผง,7.71313E+11,100,NULL,FALSE,FALSE,NULL,,,NULL,NULL,NULL,NULL,NULL,NULL,1,NULL
624,1000,100626,Concor 2.5 mg 10's,BISOPROLOL,ANTIHYPERTENSIVES,ขย.9,NULL,ยาในโรคเรื้อรัง (Drug for,,,แผง,8.85288E+12,100,NULL,FALSE,FALSE,NULL,,,NULL,NULL,NULL,NULL,NULL,NULL,1,NULL
625,1000,100627,Concor 5 mg 10's,BISOPROLOL,ANTIHYPERTENSIVES,ขย.9,NULL,ยาในโรคเรื้อรัง (Drug for,,,แผง,8.85288E+12,100,NULL,FALSE,FALSE,NULL,,,NULL,NULL,NULL,NULL,NULL,NULL,1,NULL
626,1000,100628,Caraten 6.25 mg 10's,CARVEDIOL,ANTIHYPERTENSIVES,ขย.9,NULL,ยาในโรคเรื้อรัง (Drug for,,,แผง,8.85262E+12,100,NULL,FALSE,FALSE,NULL,,,NULL,NULL,NULL,NULL,NULL,NULL,1,NULL
627,1000,100629,Caraten 12.5 mg 10's,CARVEDIOL,ANTIHYPERTENSIVES,ขย.9,NULL,ยาในโรคเรื้อรัง (Drug for,,,แผง,8.85262E+12,100,NULL,FALSE,FALSE,NULL,,,NULL,NULL,NULL,NULL,NULL,NULL,1,NULL
628,1000,100630,Felopine 5 mg 10's,FELODIPINE,ANTIHYPERTENSIVES,ขย.9,NULL,ยาในโรคเรื้อรัง (Drug for,,,แผง,8.85262E+12,100,NULL,FALSE,FALSE,NULL,,,NULL,NULL,NULL,NULL,NULL,NULL,1,NULL
629,1000,100631,Plendil 5mg 30's,FELODIPINE,ANTIHYPERTENSIVES,ขย.9,NULL,ยาในโรคเรื้อรัง (Drug for,,,ขวด,5.00046E+12,100,NULL,FALSE,FALSE,NULL,,,NULL,NULL,NULL,NULL,NULL,NULL,1,NULL
630,1000,100632,Monolin (berlin) 20mg 10's,ISOSORBIDE MONONITRATE,NULL,ขย.9,NULL,ยาในโรคเรื้อรัง (Drug for,,,แผง,8.85262E+12,100,NULL,FALSE,FALSE,NULL,,,NULL,NULL,NULL,NULL,NULL,NULL,1,NULL
631,1000,100633,Isorem 5 mg 10's,ISOSORBIDE DINITRATE,CARDIAC DRUGS,ขย.9,NULL,ยาในโรคเรื้อรัง (Drug for,,,แผง,5.29067E+12,100,NULL,FALSE,FALSE,NULL,,,NULL,NULL,NULL,NULL,NULL,NULL,1,NULL
632,1000,100634,Dilizem 30mg 10's,DILTIAZEM,CARDIAC DRUGS,ขย.9,NULL,ยาในโรคเรื้อรัง (Drug for,,,แผง,8.85262E+12,100,NULL,FALSE,FALSE,NULL,,,NULL,NULL,NULL,NULL,NULL,NULL,1,NULL
633,1000,100635,Monolin SR  20mg 10's,ISOSORBIDE MONONITRATE,CARDIAC DRUGS,ขย.9,NULL,ยาในโรคเรื้อรัง (Drug for,,,แผง,8.85262E+12,100,NULL,FALSE,FALSE,NULL,,,NULL,NULL,NULL,NULL,NULL,NULL,1,NULL
634,1000,100636,Siamdopa 250mg 10's,METHYLDOPA,CARDIAC DRUGS,ขย.9,NULL,ยาในโรคเรื้อรัง (Drug for,,,แผง,8.85274E+12,100,NULL,FALSE,FALSE,NULL,,,NULL,NULL,NULL,NULL,NULL,NULL,1,NULL
635,1000,100637,cesoline W 10's,HYDRALAZINE,ANTIHYPERTENSIVES,ขย.9,NULL,ยาในโรคเรื้อรัง (Drug for,,,แผง,8.85298E+12,100,NULL,FALSE,FALSE,NULL,,,NULL,NULL,NULL,NULL,NULL,NULL,1,NULL
636,1000,100638,Hyles 25mg 10's,SPIRONOLACTONE,ANTIHYPERTENSIVES,ขย.9,NULL,ยาในโรคเรื้อรัง (Drug for,,,แผง,8.85262E+12,100,NULL,FALSE,FALSE,NULL,,,NULL,NULL,NULL,NULL,NULL,NULL,1,NULL
637,1000,100639,Cardeloc 100mg 10's,METOPROLOL,ANTIHYPERTENSIVES,ขย.9,NULL,ยาในโรคเรื้อรัง (Drug for,,,แผง,8.85188E+12,100,NULL,FALSE,FALSE,NULL,,,NULL,NULL,NULL,NULL,NULL,NULL,1,NULL
638,1000,100640,Madiplot 20mg 10's,MANIDIPINE,ANTIHYPERTENSIVES,ขย.9,NULL,ยาในโรคเรื้อรัง (Drug for,,,แผง,1540,100,NULL,FALSE,FALSE,NULL,,,NULL,NULL,NULL,NULL,NULL,NULL,1,NULL
639,1000,100641,Atorvastatin Sandoz 20mg 10's,ATORVASTATIN,ANTILEPROTICS,ขย.9,NULL,ยาในโรคเรื้อรัง (Drug for,,,แผง,8.85977E+12,100,NULL,FALSE,FALSE,NULL,,,NULL,NULL,NULL,NULL,NULL,NULL,1,NULL
640,1000,100642,Chlovas-40 mg 10's,ATORVASTATIN,ANTILEPROTICS,ขย.9,NULL,ยาในโรคเรื้อรัง (Drug for,,,แผง,8.85546E+12,100,NULL,FALSE,FALSE,NULL,,,NULL,NULL,NULL,NULL,NULL,NULL,1,NULL
641,1000,100643,Chlovas-20mg 10 tab,ATORVASTATIN,ANTILEPROTICS,ขย.9,NULL,ยาในโรคเรื้อรัง (Drug for,,,แผง,8.85546E+12,100,NULL,FALSE,FALSE,NULL,,,NULL,NULL,NULL,NULL,NULL,NULL,1,NULL
642,1000,100644,Zimmex 20 mg10's,Simvastatin,ANTILEPROTICS,ขย.9,NULL,ยาในโรคเรื้อรัง (Drug for,,,กล่อง,8.85956E+12,100,NULL,FALSE,FALSE,NULL,,,NULL,NULL,NULL,NULL,NULL,NULL,1,NULL
643,1000,100645,Zimmex 10mg 10's,SIMVASTATIN,ANTILEPROTICS,ขย.9,NULL,ยาในโรคเรื้อรัง (Drug for,,,กล่อง,8.85956E+12,100,NULL,FALSE,FALSE,NULL,,,NULL,NULL,NULL,NULL,NULL,NULL,1,NULL
644,1000,100646,Fibril 160mg 10's,FENOFIBRATE,ANTILEPROTICS,ขย.9,NULL,ยาในโรคเรื้อรัง (Drug for,,,แผง,8.85262E+12,100,NULL,FALSE,FALSE,NULL,,,NULL,NULL,NULL,NULL,NULL,NULL,1,NULL
645,1000,100647,Bestatin 40mg 10's,SIMVASTATIN,ANTILEPROTICS,ขย.9,NULL,ยาในโรคเรื้อรัง (Drug for,,,แผง,8.85262E+12,100,NULL,FALSE,FALSE,NULL,,,NULL,NULL,NULL,NULL,NULL,NULL,1,NULL
646,1000,100648,Bestatin 20mg 10's,SIMVASTATIN,ANTILEPROTICS,ขย.9,NULL,ยาในโรคเรื้อรัง (Drug for,,,แผง,8.85262E+12,100,NULL,FALSE,FALSE,NULL,,,NULL,NULL,NULL,NULL,NULL,NULL,1,NULL
647,1000,100649,Bestatin 10mg 10's,SIMVASTATIN,ANTILEPROTICS,ขย.9,NULL,ยาในโรคเรื้อรัง (Drug for,,,แผง,8.85262E+12,100,NULL,FALSE,FALSE,NULL,,,NULL,NULL,NULL,NULL,NULL,NULL,1,NULL
648,1000,100650,Hidil 300mg 10's,GEMFIBROZIL,ANTILEPROTICS,ขย.9,NULL,ยาในโรคเรื้อรัง (Drug for,,,แผง,8.85262E+12,100,NULL,FALSE,FALSE,NULL,,,NULL,NULL,NULL,NULL,NULL,NULL,1,NULL
649,1000,100651,Hidil 600mg 10's,GEMFIBROZIL,ANTILEPROTICS,ขย.9,NULL,ยาในโรคเรื้อรัง (Drug for,,,แผง,8.85262E+12,100,NULL,FALSE,FALSE,NULL,,,NULL,NULL,NULL,NULL,NULL,NULL,1,NULL
650,1000,100652,Enaril 5mg10's,ENALAPRIL,ANTIHYPERTENSIVES,ขย.9,NULL,ยาในโรคเรื้อรัง (Drug for,,,แผง,8.85266E+12,100,NULL,FALSE,FALSE,NULL,,,NULL,NULL,NULL,NULL,NULL,NULL,1,NULL
651,1000,100653,Enaril 20mg 10's,ENALAPRIL,ANTIHYPERTENSIVES,ขย.9,NULL,ยาในโรคเรื้อรัง (Drug for,,,แผง,8.85266E+12,100,NULL,FALSE,FALSE,NULL,,,NULL,NULL,NULL,NULL,NULL,NULL,1,NULL
652,1000,100654,Ambes-5 mg 10's,AMLODIPINE,ANTIHYPERTENSIVES,ขย.9,NULL,ยาในโรคเรื้อรัง (Drug for,,,แผง,8.85068E+12,100,NULL,FALSE,FALSE,NULL,,,NULL,NULL,NULL,NULL,NULL,NULL,1,NULL
653,1000,100655,Ambes-10mg10's,AMLODIPINE,ANTIHYPERTENSIVES,ขย.9,NULL,ยาในโรคเรื้อรัง (Drug for,,,แผง,8.85068E+12,100,NULL,FALSE,FALSE,NULL,,,NULL,NULL,NULL,NULL,NULL,NULL,1,NULL
654,1000,100656,Amlodac 10mg 10's,AMLODIPINE,ANTIHYPERTENSIVES,ขย.9,NULL,ยาในโรคเรื้อรัง (Drug for,,,แผง,8.90112E+12,100,NULL,FALSE,FALSE,NULL,,,NULL,NULL,NULL,NULL,NULL,NULL,1,NULL
655,1000,100657,Amlopine 5mg 10's,AMLODIPINE,ANTIHYPERTENSIVES,ขย.9,NULL,ยาในโรคเรื้อรัง (Drug for,,,แผง,8.85262E+12,100,NULL,FALSE,FALSE,NULL,,,NULL,NULL,NULL,NULL,NULL,NULL,1,NULL
656,1000,100658,Amlopine 10mg 10's,AMLODIPINE,ANTIHYPERTENSIVES,ขย.9,NULL,ยาในโรคเรื้อรัง (Drug for,,,แผง,8.85262E+12,100,NULL,FALSE,FALSE,NULL,,,NULL,NULL,NULL,NULL,NULL,NULL,1,NULL
657,1000,100659,Loranta 50mg 10's,LOSATAN K,ANTIHYPERTENSIVES,ขย.9,NULL,ยาในโรคเรื้อรัง (Drug for,,,แผง,8.85274E+12,100,NULL,FALSE,FALSE,NULL,,,NULL,NULL,NULL,NULL,NULL,NULL,1,NULL
658,1000,100660,Loranta 100mg 10's,LOSATAN K,ANTIHYPERTENSIVES,ขย.9,NULL,ยาในโรคเรื้อรัง (Drug for,,,แผง,8.85274E+12,100,NULL,FALSE,FALSE,NULL,,,NULL,NULL,NULL,NULL,NULL,NULL,1,NULL
659,1000,100661,Tanzaril 50mg 10's,LOSATAN K,ANTIHYPERTENSIVES,ขย.9,NULL,ยาในโรคเรื้อรัง (Drug for,,,แผง,8.8511E+12,100,NULL,FALSE,FALSE,NULL,,,NULL,NULL,NULL,NULL,NULL,NULL,1,NULL
660,1000,100662,Tanzaril 100mg 10's,LOSATAN K,ANTIHYPERTENSIVES,ขย.9,NULL,ยาในโรคเรื้อรัง (Drug for,,,แผง,8.8511E+12,100,NULL,FALSE,FALSE,NULL,,,NULL,NULL,NULL,NULL,NULL,NULL,1,NULL
661,1000,100663,Lanzaar 100mg 10's,LOSATAN K,ANTIHYPERTENSIVES,ขย.9,NULL,ยาในโรคเรื้อรัง (Drug for,,,แผง,8.85262E+12,100,NULL,FALSE,FALSE,NULL,,,NULL,NULL,NULL,NULL,NULL,NULL,1,NULL
662,1000,100664,Lanzaar 50mg 10's,LOSATAN K,ANTIHYPERTENSIVES,ขย.9,NULL,ยาในโรคเรื้อรัง (Drug for,,,แผง,8.85262E+12,100,NULL,FALSE,FALSE,NULL,,,NULL,NULL,NULL,NULL,NULL,NULL,1,NULL
663,1000,100665,Anapril 20mg 10's,ENALAPRIL,ANTIHYPERTENSIVES,ขย.9,NULL,ยาในโรคเรื้อรัง (Drug for,,,กล่อง,8.85262E+12,100,NULL,FALSE,FALSE,NULL,,,NULL,NULL,NULL,NULL,NULL,NULL,1,NULL
664,1000,100666,Anapril 5mg 10's,ENALAPRIL,ANTIHYPERTENSIVES,ขย.9,NULL,ยาในโรคเรื้อรัง (Drug for,,,แผง,8.85262E+12,100,NULL,FALSE,FALSE,NULL,,,NULL,NULL,NULL,NULL,NULL,NULL,1,NULL
665,1000,100667,Prenolol 50mg 10's,ATENOLOL,ANTIHYPERTENSIVES,ขย.9,NULL,ยาในโรคเรื้อรัง (Drug for,,,แผง,8.85262E+12,100,NULL,FALSE,FALSE,NULL,,,NULL,NULL,NULL,NULL,NULL,NULL,1,NULL
666,1000,100668,Prenolol 100mg 10's,ATENOLOL,ANTIHYPERTENSIVES,ขย.9,NULL,ยาในโรคเรื้อรัง (Drug for,,,แผง,8.85262E+12,100,NULL,FALSE,FALSE,NULL,,,NULL,NULL,NULL,NULL,NULL,NULL,1,NULL
667,1000,100669,Prenolol 25mg 10's,ATENOLOL,ANTIHYPERTENSIVES,ขย.9,NULL,ยาในโรคเรื้อรัง (Drug for,,,แผง,8.85262E+12,100,NULL,FALSE,FALSE,NULL,,,NULL,NULL,NULL,NULL,NULL,NULL,1,NULL
668,1000,100670,Propranolol 10mg 10's,PROPANOLOL,ANTIHYPERTENSIVES,ขย.9,NULL,ยาในโรคเรื้อรัง (Drug for,,,แผง,8.85068E+12,100,NULL,FALSE,FALSE,NULL,,,NULL,NULL,NULL,NULL,NULL,NULL,1,NULL
669,1000,100671,Betalol 10mg 10's,PROPANOLOL,ANTIHYPERTENSIVES,ขย.9,NULL,ยาในโรคเรื้อรัง (Drug for,,,แผง,8.85262E+12,100,NULL,FALSE,FALSE,NULL,,,NULL,NULL,NULL,NULL,NULL,NULL,1,NULL
670,1000,100672,Next Heal+h แผ่นวัดน้ำตาล 50 ชิ้น,NULL,NULL,ขย.9,NULL,อุปกรณ์ทางการแพทย์,,,กล่อง,8.85696E+12,100,NULL,FALSE,FALSE,NULL,,,NULL,NULL,NULL,NULL,NULL,NULL,1,NULL
671,1000,100673,Lancets เข็มเจาะน้ำตาล 100ชิ้น,NULL,NULL,ขย.9,NULL,อุปกรณ์ทางการแพทย์,,,กล่อง,6.94952E+12,100,NULL,FALSE,FALSE,NULL,,,NULL,NULL,NULL,NULL,NULL,NULL,1,NULL
672,1000,100674,Next Heal+h เครื่องตรวจน้ำตาล,NULL,NULL,ขย.9,NULL,อุปกรณ์ทางการแพทย์,,,กล่อง,8.85696E+12,100,NULL,FALSE,FALSE,NULL,,,NULL,NULL,NULL,NULL,NULL,NULL,1,NULL
673,1000,100675,AMA เครื่องวัดความดัน,NULL,NULL,ขย.9,NULL,อุปกรณ์ทางการแพทย์,,,กล่อง,8.85924E+12,100,NULL,FALSE,FALSE,NULL,,,NULL,NULL,NULL,NULL,NULL,NULL,1,NULL
674,1000,100676,Primolut N 15's,NORETHISTERONE+MESTRANOL,CONTRACEPTIVE AGENTS,ขย.9,NULL,ยาคุมกำเนิดและฮอร์โมนทดแท,,,แผง,4.0576E+12,100,NULL,FALSE,FALSE,NULL,,,NULL,NULL,NULL,NULL,NULL,NULL,1,NULL
675,1000,100677,NORCA BP 5 mg 10's,NORETHISTERONE+MESTRANOL,CONTRACEPTIVE AGENTS,ขย.9,NULL,ยาคุมกำเนิดและฮอร์โมนทดแท,,,แผง,1.89041E+13,100,NULL,FALSE,FALSE,NULL,,,NULL,NULL,NULL,NULL,NULL,NULL,1,NULL
676,1000,100678,Cyclo-Progynova  21's,ESTRADIOL+NORGESTREL,CONTRACEPTIVE AGENTS,ขย.9,NULL,ยาคุมกำเนิดและฮอร์โมนทดแท,,,แผง/กล่อง,8.85485E+12,100,NULL,FALSE,FALSE,NULL,,,NULL,NULL,NULL,NULL,NULL,NULL,1,NULL
677,1000,100679,Depo-A injection 3 ml,MEDROXYPROGESTERONE,CONTRACEPTIVE AGENTS,ขย.9,NULL,ยาคุมกำเนิดและฮอร์โมนทดแท,,,ขวด,8.85406E+12,100,NULL,FALSE,FALSE,NULL,,,NULL,NULL,NULL,NULL,NULL,NULL,1,NULL
678,1000,100680,Testos 3x10's,TESTOSTERONE,CONTRACEPTIVE AGENTS,ขย.9,NULL,ยาคุมกำเนิดและฮอร์โมนทดแท,,,กล่อง,8.85712E+12,100,NULL,FALSE,FALSE,NULL,,,NULL,NULL,NULL,NULL,NULL,NULL,1,NULL
679,1000,100681,ยาเกร็กคู Graku Capsule 6's,NULL,NULL,ขย.9,NULL,ยาคุมกำเนิดและฮอร์โมนทดแท,,,แผง/กล่อง,8.85902E+12,100,NULL,FALSE,FALSE,NULL,,,NULL,NULL,NULL,NULL,NULL,NULL,1,NULL
680,1000,100682,จิ่วเจิ้ง ปู่เซิน เจียวหนัง S one 6's,NULL,NULL,ขย.9,NULL,ยาคุมกำเนิดและฮอร์โมนทดแท,,,แผง/กล่อง,8.85614E+12,100,NULL,FALSE,FALSE,NULL,,,NULL,NULL,NULL,NULL,NULL,NULL,1,NULL
681,1000,100683,LADI-PLUS Body Spray For Men 6 ml,NULL,NULL,ขย.9,NULL,ยาคุมกำเนิดและฮอร์โมนทดแท,,,กล่อง,8.8572E+12,100,NULL,FALSE,FALSE,NULL,,,NULL,NULL,NULL,NULL,NULL,NULL,1,NULL
682,1000,100684,ผงพิเศษ ตราร่มชูชีพ 4 กรัม,NULL,NULL,ขย.9,NULL,ยาระบบการติดเชื้อ,,,ซอง,8.85475E+12,100,NULL,FALSE,FALSE,NULL,,,NULL,NULL,NULL,NULL,NULL,NULL,1,NULL
683,1000,100685,Lonnagel Peppermint 1g,TRIAMCINOLONE,STEROIDS,ขย.9,NULL,ยาใช้เฉพาะที่,,,ซอง,8.85511E+12,100,NULL,FALSE,FALSE,NULL,,,NULL,NULL,NULL,NULL,NULL,NULL,1,NULL
684,1000,100686,Lonnagel Orange 1g,TRIAMCINOLONE,STEROIDS,ขย.9,NULL,ยาใช้เฉพาะที่,,,ซอง,8.85511E+12,100,NULL,FALSE,FALSE,NULL,,,NULL,NULL,NULL,NULL,NULL,NULL,1,NULL
685,1000,100687,Lonnagel  Orange 5g,TRIAMCINOLONE,STEROIDS,ขย.9,NULL,ยาใช้เฉพาะที่,,,หลอด,8.85511E+12,100,NULL,FALSE,FALSE,NULL,,,NULL,NULL,NULL,NULL,NULL,NULL,1,NULL
686,1000,100688,Lonnagel Peppermint 5g,TRIAMCINOLONE,STEROIDS,ขย.9,NULL,ยาใช้เฉพาะที่,,,หลอด,8.85511E+12,100,NULL,FALSE,FALSE,NULL,,,NULL,NULL,NULL,NULL,NULL,NULL,1,NULL
687,1000,100689,Kanolone Ointment 1g,TRIAMCINOLONE,STEROIDS,ขย.9,NULL,ยาใช้เฉพาะที่,,,ซอง,8.85281E+12,100,NULL,FALSE,FALSE,NULL,,,NULL,NULL,NULL,NULL,NULL,NULL,1,NULL
688,1000,100690,Trinolone-Kids Oral Paste Strawberry  1g,TRIAMCINOLONE,STEROIDS,ขย.9,NULL,ยาใช้เฉพาะที่,,,ซอง,8.85886E+12,100,NULL,FALSE,FALSE,NULL,,,NULL,NULL,NULL,NULL,NULL,NULL,1,NULL
689,1000,100691,Trinolone Oral Rast Ointment 1g,TRIAMCINOLONE,STEROIDS,ขย.9,NULL,ยาใช้เฉพาะที่,,,ซอง,8.85886E+12,100,NULL,FALSE,FALSE,NULL,,,NULL,NULL,NULL,NULL,NULL,NULL,1,NULL
690,1000,100692,TIME Oral Ulcer Patch 1.5 cm 2 Patches,NULL,NULL,ขย.9,NULL,ยาใช้เฉพาะที่,,,ซอง,8.85946E+12,100,NULL,FALSE,FALSE,NULL,,,NULL,NULL,NULL,NULL,NULL,NULL,1,NULL
691,1000,100693,BACIDAL Ointment 5g,MUPIROCIN,ANTIBIOTICS,ขย.9,NULL,ยาระบบการติดเชื้อ,,,หลอด,8.85894E+12,100,NULL,FALSE,FALSE,NULL,,,NULL,NULL,NULL,NULL,NULL,NULL,1,NULL
692,1000,100694,Fucidin Cream  Fusidic acid 2% 15g,FUCIDIC ACID,ANTIBIOTICS,ขย.9,NULL,ยาระบบการติดเชื้อ,,,หลอด,5.70219E+12,100,NULL,FALSE,FALSE,NULL,,,NULL,NULL,NULL,NULL,NULL,NULL,1,NULL
693,1000,100695,Systral Cream 10g,CHLORPHENIRAMINE,ANTIHISTAMINES & ANTIALLERGICS,ขย.9,NULL,ยาใช้เฉพาะที่,,,หลอด,8.85879E+12,100,NULL,FALSE,FALSE,NULL,,,NULL,NULL,NULL,NULL,NULL,NULL,1,NULL
694,1000,100696,Systral Cream 25g,CHLORPHENIRAMINE,ANTIHISTAMINES & ANTIALLERGICS,ขย.9,NULL,ยาใช้เฉพาะที่,,,หลอด,8.85879E+12,100,NULL,FALSE,FALSE,NULL,,,NULL,NULL,NULL,NULL,NULL,NULL,1,NULL
695,1000,100697,Glucose Powder 454g,GLUCOSE,NULL,ขย.9,NULL,อุปกรณ์ทางการแพทย์,,,กระป๋อง,8.85275E+12,100,NULL,FALSE,FALSE,NULL,,,NULL,NULL,NULL,NULL,NULL,NULL,1,NULL
696,1000,100698,Mycozole Powder 50g,CLOTRIMAZOLE,ANTIFUNGALS,ขย.9,NULL,อุปกรณ์ทางการแพทย์,,,กล่อง,8.85254E+12,100,NULL,FALSE,FALSE,NULL,,,NULL,NULL,NULL,NULL,NULL,NULL,1,NULL
697,1000,100699,Canesbalance Vaginal Gel 5 ml ( 7หลอด/กล่อง),NULL,ANTIBIOTICS,ขย.9,NULL,อุปกรณ์ทางการแพทย์,,,กล่อง,4.0576E+12,100,NULL,FALSE,FALSE,NULL,,,NULL,NULL,NULL,NULL,NULL,NULL,1,NULL
698,1000,100700,Cerazette 1x28's,DESOGESTREL,CONTRACEPTIVE AGENTS,ขย.9,NULL,ยาคุมกำเนิดและฮอร์โมนทดแท,,,แผง/กล่อง,8.40165E+11,100,NULL,FALSE,FALSE,NULL,,,NULL,NULL,NULL,NULL,NULL,NULL,1,NULL
699,1000,100701,Microgynon 30 ED 1x28's,LEVONORGESTREL+ETHINYLOESTRADIOL,CONTRACEPTIVE AGENTS,ขย.9,NULL,ยาคุมกำเนิดและฮอร์โมนทดแท,,,แผง/กล่อง,7.89612E+12,100,NULL,FALSE,FALSE,NULL,,,NULL,NULL,NULL,NULL,NULL,NULL,1,NULL
700,1000,100702,Diora 1x28's,D-NORGESTREL+ETHINYLESTRADIOL,CONTRACEPTIVE AGENTS,ขย.9,NULL,ยาคุมกำเนิดและฮอร์โมนทดแท,,,แผง/กล่อง,8.85147E+12,100,NULL,FALSE,FALSE,NULL,,,NULL,NULL,NULL,NULL,NULL,NULL,1,NULL
701,1000,100703,Rita28 1x28's,DESOGESTREL+ETHINYLESTRADIOL,CONTRACEPTIVE AGENTS,ขย.9,NULL,ยาคุมกำเนิดและฮอร์โมนทดแท,,,แผง/กล่อง,8.85266E+12,100,NULL,FALSE,FALSE,NULL,,,NULL,NULL,NULL,NULL,NULL,NULL,1,NULL
702,1000,100704,Dailyton 1x28's,LYNESTRENOL,CONTRACEPTIVE AGENTS,ขย.9,NULL,ยาคุมกำเนิดและฮอร์โมนทดแท,,,แผง/กล่อง,8.853E+12,100,NULL,FALSE,FALSE,NULL,,,NULL,NULL,NULL,NULL,NULL,NULL,1,NULL
703,1000,100705,PREME28 1x28's,CYPROTERONE ACETATE+ETHINYLESTRADIOL,CONTRACEPTIVE AGENTS,ขย.9,NULL,ยาคุมกำเนิดและฮอร์โมนทดแท,,,แผง/กล่อง,8.85147E+12,100,NULL,FALSE,FALSE,NULL,,,NULL,NULL,NULL,NULL,NULL,NULL,1,NULL
704,1000,100706,R-den 1x28's,LEVONORGESTREL+ETHINYLOESTRADIOL,CONTRACEPTIVE AGENTS,ขย.9,NULL,ยาคุมกำเนิดและฮอร์โมนทดแท,,,แผง/กล่อง,8.85147E+12,100,NULL,FALSE,FALSE,NULL,,,NULL,NULL,NULL,NULL,NULL,NULL,1,NULL
705,1000,100707,Sucee28 1x28's,CYPROTERONE ACETATE+ETHINYLESTRADIOL,CONTRACEPTIVE AGENTS,ขย.9,NULL,ยาคุมกำเนิดและฮอร์โมนทดแท,,,แผง/กล่อง,8.85266E+12,100,NULL,FALSE,FALSE,NULL,,,NULL,NULL,NULL,NULL,NULL,NULL,1,NULL
706,1000,100708,CAMELLA28 1x28's,GESTODENE+ETHINYL ESTRADIOL,CONTRACEPTIVE AGENTS,ขย.9,NULL,ยาคุมกำเนิดและฮอร์โมนทดแท,,,แผง/กล่อง,8.85147E+12,100,NULL,FALSE,FALSE,NULL,,,NULL,NULL,NULL,NULL,NULL,NULL,1,NULL
707,1000,100709,Exluton 1x28's,LYNESTRENOL,CONTRACEPTIVE AGENTS,ขย.9,NULL,ยาคุมกำเนิดและฮอร์โมนทดแท,,,bottle,8.40165E+11,100,NULL,FALSE,FALSE,NULL,,,NULL,NULL,NULL,NULL,NULL,NULL,1,NULL
708,1000,100710,Herz 1x28's,DROSPIRENENONE+ETHINYL ESTRADIOL,CONTRACEPTIVE AGENTS,ขย.9,NULL,ยาคุมกำเนิดและฮอร์โมนทดแท,,,แผง/กล่อง,8.85266E+12,100,NULL,FALSE,FALSE,NULL,,,NULL,NULL,NULL,NULL,NULL,NULL,1,NULL
709,1000,100711,Femine30 1x28's,DESOGESTREL+ETHINYLESTRADIOL,CONTRACEPTIVE AGENTS,ขย.9,NULL,ยาคุมกำเนิดและฮอร์โมนทดแท,,,แผง/กล่อง,8.85546E+12,100,NULL,FALSE,FALSE,NULL,,,NULL,NULL,NULL,NULL,NULL,NULL,1,NULL
710,1000,100712,Margaret X.O. 1x28's,NORETHISTERONE+MESTRANOL,CONTRACEPTIVE AGENTS,ขย.9,NULL,ยาคุมกำเนิดและฮอร์โมนทดแท,,,แผง/กล่อง,8.85898E+12,100,NULL,FALSE,FALSE,NULL,,,NULL,NULL,NULL,NULL,NULL,NULL,1,NULL
711,1000,100713,Marvelon28 1x28's,DESOGESTREL+ETHINYLESTRADIOL,CONTRACEPTIVE AGENTS,ขย.9,NULL,ยาคุมกำเนิดและฮอร์โมนทดแท,,,แผง/กล่อง,8.40165E+11,100,NULL,FALSE,FALSE,NULL,,,NULL,NULL,NULL,NULL,NULL,NULL,1,NULL
712,1000,100714,Annylyn28 1x28's,GESTODENE+ETHINYL ESTRADIOL,CONTRACEPTIVE AGENTS,ขย.9,NULL,ยาคุมกำเนิดและฮอร์โมนทดแท,,,แผง/กล่อง,8.85147E+12,100,NULL,FALSE,FALSE,NULL,,,NULL,NULL,NULL,NULL,NULL,NULL,1,NULL
713,1000,100715,MINOZ 1x28's,GESTODENE+ETHINYL ESTRADIOL,CONTRACEPTIVE AGENTS,ขย.9,NULL,ยาคุมกำเนิดและฮอร์โมนทดแท,,,แผง/กล่อง,8.85546E+12,100,NULL,FALSE,FALSE,NULL,,,NULL,NULL,NULL,NULL,NULL,NULL,1,NULL
714,1000,100716,Minny28 1x28's,DESOGESTREL+ETHINYLESTRADIOL,CONTRACEPTIVE AGENTS,ขย.9,NULL,ยาคุมกำเนิดและฮอร์โมนทดแท,,,แผง/กล่อง,8.85266E+12,100,NULL,FALSE,FALSE,NULL,,,NULL,NULL,NULL,NULL,NULL,NULL,1,NULL
715,1000,100717,Mercilon28 1x28's,DESOGESTREL+ETHINYLESTRADIOL,CONTRACEPTIVE AGENTS,ขย.9,NULL,ยาคุมกำเนิดและฮอร์โมนทดแท,,,แผง/กล่อง,8.40165E+11,100,NULL,FALSE,FALSE,NULL,,,NULL,NULL,NULL,NULL,NULL,NULL,1,NULL
716,1000,100718,ONJEL20 1x28's,GESTODENE+ETHINYL ESTRADIOL,CONTRACEPTIVE AGENTS,ขย.9,NULL,ยาคุมกำเนิดและฮอร์โมนทดแท,,,แผง/กล่อง,8.85546E+12,100,NULL,FALSE,FALSE,NULL,,,NULL,NULL,NULL,NULL,NULL,NULL,1,NULL
717,1000,100719,YAZ 1x28's,DROSPIRENENONE+ETHINYL ESTRADIOL,CONTRACEPTIVE AGENTS,ขย.9,NULL,ยาคุมกำเนิดและฮอร์โมนทดแท,,,แผง/กล่อง,8.85485E+12,100,NULL,FALSE,FALSE,NULL,,,NULL,NULL,NULL,NULL,NULL,NULL,1,NULL
718,1000,100720,minidoz 1x28's,GESTODENE+ETHINYL ESTRADIOL,CONTRACEPTIVE AGENTS,ขย.9,NULL,ยาคุมกำเนิดและฮอร์โมนทดแท,,,แผง/กล่อง,8.85874E+12,100,NULL,FALSE,FALSE,NULL,,,NULL,NULL,NULL,NULL,NULL,NULL,1,NULL
719,1000,100721,Synfonia 1x28's,DROSPIRENENONE+ETHINYL ESTRADIOL,CONTRACEPTIVE AGENTS,ขย.9,NULL,ยาคุมกำเนิดและฮอร์โมนทดแท,,,แผง/กล่อง,8.85874E+12,100,NULL,FALSE,FALSE,NULL,,,NULL,NULL,NULL,NULL,NULL,NULL,1,NULL
720,1000,100722,AnNa 1x28's,LEVONORGESTREL+ETHINYLOESTRADIOL,CONTRACEPTIVE AGENTS,ขย.9,NULL,ยาคุมกำเนิดและฮอร์โมนทดแท,,,แผง/กล่อง,8.85147E+12,100,NULL,FALSE,FALSE,NULL,,,NULL,NULL,NULL,NULL,NULL,NULL,1,NULL
721,1000,100723,ANAMAI 1x28's,NORETHISTERONE+MESTRANOL,CONTRACEPTIVE AGENTS,ขย.9,NULL,ยาคุมกำเนิดและฮอร์โมนทดแท,,,แผง/กล่อง,100723,100,NULL,FALSE,FALSE,NULL,,,NULL,NULL,NULL,NULL,NULL,NULL,1,NULL
722,1000,100724,Jeny FMP 1x28's,NORGESTREL+ETHINYLESTRADIOL,CONTRACEPTIVE AGENTS,ขย.9,NULL,ยาคุมกำเนิดและฮอร์โมนทดแท,,,แผง/กล่อง,100724,100,NULL,FALSE,FALSE,NULL,,,NULL,NULL,NULL,NULL,NULL,NULL,1,NULL
723,1000,100725,Madonna 1x2's,LEVONORGESTREL,CONTRACEPTIVE AGENTS,ขย.9,NULL,ยาคุมกำเนิดและฮอร์โมนทดแท,,,แผง/กล่อง,8.85266E+12,100,NULL,FALSE,FALSE,NULL,,,NULL,NULL,NULL,NULL,NULL,NULL,1,NULL
724,1000,100726,MARNON 1x28's,NORGESTREL+ETHINYLESTRADIOL,CONTRACEPTIVE AGENTS,ขย.9,NULL,ยาคุมกำเนิดและฮอร์โมนทดแท,,,แผง/กล่อง,100726,100,NULL,FALSE,FALSE,NULL,,,NULL,NULL,NULL,NULL,NULL,NULL,1,NULL
725,1000,100727,Maple Forte 1x1's,LEVONORGESTREL,CONTRACEPTIVE AGENTS,ขย.9,NULL,ยาคุมกำเนิดและฮอร์โมนทดแท,,,แผง/กล่อง,8.85546E+12,100,NULL,FALSE,FALSE,NULL,,,NULL,NULL,NULL,NULL,NULL,NULL,1,NULL
726,1000,100728,Gynecon 1x5's,NYSTATIN,ANTIFUNGALS,ขย.9,NULL,ยาระบบการติดเชื้อ,,,แผง,8.85895E+12,100,NULL,FALSE,FALSE,NULL,,,NULL,NULL,NULL,NULL,NULL,NULL,1,NULL
727,1000,100729,Dafne35 1x21's,CYPROTERONE ACETATE+ETHINYLESTRADIOL,CONTRACEPTIVE AGENTS,ขย.9,NULL,ยาคุมกำเนิดและฮอร์โมนทดแท,,,แผง/กล่อง,8.85874E+12,100,NULL,FALSE,FALSE,NULL,,,NULL,NULL,NULL,NULL,NULL,NULL,1,NULL
728,1000,100730,Diane35 1x21's,CYPROTERONE ACETATE+ETHINYLESTRADIOL,CONTRACEPTIVE AGENTS,ขย.9,NULL,ยาคุมกำเนิดและฮอร์โมนทดแท,,,แผง/กล่อง,4.0576E+12,100,NULL,FALSE,FALSE,NULL,,,NULL,NULL,NULL,NULL,NULL,NULL,1,NULL
729,1000,100731,OC35 1x21's,CYPROTERONE ACETATE+ETHINYLESTRADIOL,CONTRACEPTIVE AGENTS,ขย.9,NULL,ยาคุมกำเนิดและฮอร์โมนทดแท,,,แผง/กล่อง,8.85898E+12,100,NULL,FALSE,FALSE,NULL,,,NULL,NULL,NULL,NULL,NULL,NULL,1,NULL
730,1000,100732,Annie 1x21's,CYPROTERONE ACETATE+ETHINYLESTRADIOL,CONTRACEPTIVE AGENTS,ขย.9,NULL,ยาคุมกำเนิดและฮอร์โมนทดแท,,,แผง/กล่อง,8.8546E+12,100,NULL,FALSE,FALSE,NULL,,,NULL,NULL,NULL,NULL,NULL,NULL,1,NULL
731,1000,100733,Laura35 1x21's,CYPROTERONE ACETATE+ETHINYLESTRADIOL,CONTRACEPTIVE AGENTS,ขย.9,NULL,ยาคุมกำเนิดและฮอร์โมนทดแท,,,แผง/กล่อง,8.853E+12,100,NULL,FALSE,FALSE,NULL,,,NULL,NULL,NULL,NULL,NULL,NULL,1,NULL
732,1000,100734,PREME  21's,CYPROTERONE ACETATE+ETHINYLESTRADIOL,CONTRACEPTIVE AGENTS,ขย.9,NULL,ยาคุมกำเนิดและฮอร์โมนทดแท,,,แผง/กล่อง,8.85147E+12,100,NULL,FALSE,FALSE,NULL,,,NULL,NULL,NULL,NULL,NULL,NULL,1,NULL
733,1000,100735,Sucee 1x21's,CYPROTERONE ACETATE+ETHINYLESTRADIOL,CONTRACEPTIVE AGENTS,ขย.9,NULL,ยาคุมกำเนิดและฮอร์โมนทดแท,,,แผง/กล่อง,8.85266E+12,100,NULL,FALSE,FALSE,NULL,,,NULL,NULL,NULL,NULL,NULL,NULL,1,NULL
734,1000,100736,Rita21 1x21's,DESOGESTREL+ETHINYLESTRADIOL,CONTRACEPTIVE AGENTS,ขย.9,NULL,ยาคุมกำเนิดและฮอร์โมนทดแท,,,แผง/กล่อง,8.85266E+12,100,NULL,FALSE,FALSE,NULL,,,NULL,NULL,NULL,NULL,NULL,NULL,1,NULL
735,1000,100737,Beriz 1x21's,DESOGESTREL+ETHINYLESTRADIOL,CONTRACEPTIVE AGENTS,ขย.9,NULL,ยาคุมกำเนิดและฮอร์โมนทดแท,,,แผง/กล่อง,8.85865E+12,100,NULL,FALSE,FALSE,NULL,,,NULL,NULL,NULL,NULL,NULL,NULL,1,NULL
736,1000,100738,Camella 1x21's,GESTODENE+ETHINYL ESTRADIOL,CONTRACEPTIVE AGENTS,ขย.9,NULL,ยาคุมกำเนิดและฮอร์โมนทดแท,,,แผง/กล่อง,8.85147E+12,100,NULL,FALSE,FALSE,NULL,,,NULL,NULL,NULL,NULL,NULL,NULL,1,NULL
737,1000,100739,Diora21 1x21's,D-NORGESTREL+ETHINYLESTRADIOL,CONTRACEPTIVE AGENTS,ขย.9,NULL,ยาคุมกำเนิดและฮอร์โมนทดแท,,,แผง/กล่อง,8.85147E+12,100,NULL,FALSE,FALSE,NULL,,,NULL,NULL,NULL,NULL,NULL,NULL,1,NULL
738,1000,100740,Marvelon 1x21's,DESOGESTREL+ETHINYLESTRADIOL,CONTRACEPTIVE AGENTS,ขย.9,NULL,ยาคุมกำเนิดและฮอร์โมนทดแท,,,แผง/กล่อง,8.40165E+11,100,NULL,FALSE,FALSE,NULL,,,NULL,NULL,NULL,NULL,NULL,NULL,1,NULL
739,1000,100741,Minny 1x21's,DESOGESTREL+ETHINYLESTRADIOL,CONTRACEPTIVE AGENTS,ขย.9,NULL,ยาคุมกำเนิดและฮอร์โมนทดแท,,,แผง/กล่อง,8.85266E+12,100,NULL,FALSE,FALSE,NULL,,,NULL,NULL,NULL,NULL,NULL,NULL,1,NULL
740,1000,100742,Mercilon 1x21's,DESOGESTREL+ETHINYLESTRADIOL,CONTRACEPTIVE AGENTS,ขย.9,NULL,ยาคุมกำเนิดและฮอร์โมนทดแท,,,แผง/กล่อง,8.40165E+11,100,NULL,FALSE,FALSE,NULL,,,NULL,NULL,NULL,NULL,NULL,NULL,1,NULL
741,1000,100743,Annylyn 1x21's,GESTODENE+ETHINYL ESTRADIOL,CONTRACEPTIVE AGENTS,ขย.9,NULL,ยาคุมกำเนิดและฮอร์โมนทดแท,,,แผง/กล่อง,8.85147E+12,100,NULL,FALSE,FALSE,NULL,,,NULL,NULL,NULL,NULL,NULL,NULL,1,NULL
742,1000,100744,Melodia 1x21's,DROSPIRENENONE+ETHINYL ESTRADIOL,CONTRACEPTIVE AGENTS,ขย.9,NULL,ยาคุมกำเนิดและฮอร์โมนทดแท,,,แผง/กล่อง,8.85874E+12,100,NULL,FALSE,FALSE,NULL,,,NULL,NULL,NULL,NULL,NULL,NULL,1,NULL
743,1000,100745,Yasmin 1x21's,DROSPIRENENONE+ETHINYL ESTRADIOL,CONTRACEPTIVE AGENTS,ขย.9,NULL,ยาคุมกำเนิดและฮอร์โมนทดแท,,,แผง/กล่อง,8.85485E+12,100,NULL,FALSE,FALSE,NULL,,,NULL,NULL,NULL,NULL,NULL,NULL,1,NULL
744,1000,100746,Novynette 21 tab,DESOGESTREL+ETHINYLESTRADIOL,CONTRACEPTIVE AGENTS,ขย.9,NULL,ยาคุมกำเนิดและฮอร์โมนทดแท,,,แผง/กล่อง,5.997E+12,100,NULL,FALSE,FALSE,NULL,,,NULL,NULL,NULL,NULL,NULL,NULL,1,NULL
745,1000,100747,Candinox 1x1's,CLOTRIMAZOLE,ANTIBIOTICS,ขย.9,NULL,ยาระบบการติดเชื้อ,,,แผง/กล่อง,8.85877E+12,100,NULL,FALSE,FALSE,NULL,,,NULL,NULL,NULL,NULL,NULL,NULL,1,NULL
746,1000,100748,Cotren Vaginal Tablet 1x1's,CLOTRIMAZOLE,ANTIBIOTICS,ขย.9,NULL,ยาระบบการติดเชื้อ,,,แผง/กล่อง,8.85266E+12,100,NULL,FALSE,FALSE,NULL,,,NULL,NULL,NULL,NULL,NULL,NULL,1,NULL
747,1000,100749,Canesten  Vaginal  1's,CLOTRIMAZOLE,ANTIFUNGALS,ขย.9,NULL,ยาระบบการติดเชื้อ,,,แผง/กล่อง,8.85017E+12,100,NULL,FALSE,FALSE,NULL,,,NULL,NULL,NULL,NULL,NULL,NULL,1,NULL
748,1000,100750,HAFIF Shampoo 50 ml กำจัดเหา,CARBARIL,NULL,ขย.9,NULL,อุปกรณ์ทางการแพทย์,,,กล่อง,8.85267E+12,100,NULL,FALSE,FALSE,NULL,,,NULL,NULL,NULL,NULL,NULL,NULL,1,NULL
749,1000,100751,VISTRA Bilberry Extract Plus Lutein Beta Carotene& Vit.E 30 Cap,NULL,VITAMINS & MINERALS,ขย.9,NULL,วิตามินและอาหารเสริม,,,ขวด,8.85152E+12,100,NULL,FALSE,FALSE,NULL,,,NULL,NULL,NULL,NULL,NULL,NULL,1,NULL
750,1000,100752,VISTRA  Bran Oil&Rice Germ Oil Plus Wheat Germ Oil 1000 mg 40 Capsules,NULL,VITAMINS & MINERALS,ขย.9,NULL,วิตามินและอาหารเสริม,,,ขวด,8.85152E+12,100,NULL,FALSE,FALSE,NULL,,,NULL,NULL,NULL,NULL,NULL,NULL,1,NULL
751,1000,100753,VISTRA Gotu Kola Extract Plus Zinc 30 Capsules,NULL,VITAMINS & MINERALS,ขย.9,NULL,วิตามินและอาหารเสริม,,,ขวด,8.85152E+12,100,NULL,FALSE,FALSE,NULL,,,NULL,NULL,NULL,NULL,NULL,NULL,1,NULL
752,1000,100754,VISTRA Ginkgo120 Ginkgo Biloba Extract 12 mg  30 Tablets,NULL,VITAMINS & MINERALS,ขย.9,NULL,วิตามินและอาหารเสริม,,,ขวด,8.85152E+12,100,NULL,FALSE,FALSE,NULL,,,NULL,NULL,NULL,NULL,NULL,NULL,1,NULL
753,1000,100755,VISTRA L-Cysteine Plus Biotin 30 Tab,NULL,VITAMINS & MINERALS,ขย.9,NULL,วิตามินและอาหารเสริม,,,ขวด,8.85152E+12,100,NULL,FALSE,FALSE,NULL,,,NULL,NULL,NULL,NULL,NULL,NULL,1,NULL
754,1000,100756,VISTRA Tomato Extract Plus Beta-Carotene&Vit.E 30 Cap,NULL,VITAMINS & MINERALS,ขย.9,NULL,วิตามินและอาหารเสริม,,,ขวด,8.85152E+12,100,NULL,FALSE,FALSE,NULL,,,NULL,NULL,NULL,NULL,NULL,NULL,1,NULL
755,1000,100757,VISTRA L-ArGinine Plus L-Drnithine Hydrochloride 1000 mg 30 Tab,NULL,VITAMINS & MINERALS,ขย.9,NULL,วิตามินและอาหารเสริม,,,ขวด,8.85152E+12,100,NULL,FALSE,FALSE,NULL,,,NULL,NULL,NULL,NULL,NULL,NULL,1,NULL
756,1000,100758,VITRA Forty Plus40 Multivitamins&Evening Primrose Oil 30 cap,NULL,VITAMINS & MINERALS,ขย.9,NULL,วิตามินและอาหารเสริม,,,ขวด,8.85152E+12,100,NULL,FALSE,FALSE,NULL,,,NULL,NULL,NULL,NULL,NULL,NULL,1,NULL
757,1000,100759,VISTRA L-Carnitine 500 mg Plus 3L - 30 Tab,NULL,VITAMINS & MINERALS,ขย.9,NULL,วิตามินและอาหารเสริม,,,ขวด,8.85152E+12,100,NULL,FALSE,FALSE,NULL,,,NULL,NULL,NULL,NULL,NULL,NULL,1,NULL
758,1000,100760,VISTRA Odorless Fish Oil 1000 mg- 100 Tab,NULL,VITAMINS & MINERALS,ขย.9,NULL,วิตามินและอาหารเสริม,,,ขวด,8.85152E+12,100,NULL,FALSE,FALSE,NULL,,,NULL,NULL,NULL,NULL,NULL,NULL,1,NULL
759,1000,100761,VSTRA Lecithin Soy 1200mg Plus Vit.E -90 Cap,ACETYLCYSTEINE,VITAMINS & MINERALS,ขย.9,NULL,วิตามินและอาหารเสริม,,,ขวด,8.85152E+12,100,NULL,FALSE,FALSE,NULL,,,255,NULL,NULL,NULL,NULL,NULL,1,NULL
760,1000,100762,VISTRA Evening Primrose Oil 1000mg Plus Vit.E 75 Cap,NULL,VITAMINS & MINERALS,ขย.9,NULL,วิตามินและอาหารเสริม,,,ขวด,8.85876E+12,100,NULL,FALSE,FALSE,NULL,,,NULL,NULL,NULL,NULL,NULL,NULL,1,NULL
761,1000,100763,VISTRA VAGINY 30 Cap,NULL,VITAMINS & MINERALS,ขย.9,NULL,วิตามินและอาหารเสริม,,,ขวด,8.85152E+12,100,NULL,FALSE,FALSE,NULL,,,NULL,NULL,NULL,NULL,NULL,NULL,1,NULL
762,1000,100764,NEOCA Garlic 30 Cap,GARLIC EXTRACT,VITAMINS & MINERALS,ขย.9,NULL,วิตามินและอาหารเสริม,,,กล่อง,8.85711E+12,100,NULL,FALSE,FALSE,NULL,,,139,NULL,NULL,NULL,NULL,NULL,1,NULL
763,1000,100765, Lingzhi  เห็ดหลินจือ 30 Cap (อ้วยอันโอสถ),NULL,NULL,ขย.9,NULL,วิตามินและอาหารเสริม,,,กล่อง,8.85291E+12,100,NULL,FALSE,FALSE,NULL,,,NULL,NULL,NULL,NULL,NULL,NULL,1,NULL
764,1000,100766,YA COZZ 30 Cap (อ้วยอันโอสถ),NULL,NULL,ขย.9,NULL,"ยาสมุนไพร, ยาแผนโบราณ",,,กล่อง,8.85291E+12,100,NULL,FALSE,FALSE,NULL,,,NULL,NULL,NULL,NULL,NULL,NULL,1,NULL
765,1000,100767,VISTRA DT Daily Fiber 7000mg 8 g. 10 ซอง/กล่อง,NULL,VITAMINS & MINERALS,ขย.9,NULL,วิตามินและอาหารเสริม,,,กล่อง,8.85152E+12,100,NULL,FALSE,FALSE,NULL,,,NULL,NULL,NULL,NULL,NULL,NULL,1,NULL
766,1000,100768,THP Garlicap 50 Cap,GARLIC EXTRACT,NULL,ขย.9,NULL,"ยาสมุนไพร, ยาแผนโบราณ",,,กล่อง,7.50364E+11,100,NULL,FALSE,FALSE,NULL,,,NULL,NULL,NULL,NULL,NULL,NULL,1,NULL
767,1000,100769, อภัยบี 70 Cap (อภัยภูเบศร),NULL,NULL,ขย.9,NULL,"ยาสมุนไพร, ยาแผนโบราณ",,,กล่อง,8.85554E+12,100,NULL,FALSE,FALSE,NULL,,,NULL,NULL,NULL,NULL,NULL,NULL,1,NULL
768,1000,100770,BOONE Ginseng Multiplus Cordyceps ถั่งเช่า 45 Tab,NULL,NULL,ขย.9,NULL,"ยาสมุนไพร, ยาแผนโบราณ",,,กล่อง,8.85876E+12,100,NULL,FALSE,FALSE,NULL,,,NULL,NULL,NULL,NULL,NULL,NULL,1,NULL
769,1000,100771,Y Gink Brand ตราวาย-กิง กิงโก บิโลบา 30 Tab,METHYL SALICYLATE+MENTHOL+EUGENOL,VITAMINS & MINERALS,ขย.9,NULL,"ยาสมุนไพร, ยาแผนโบราณ",,,กล่อง,776,100,NULL,FALSE,FALSE,NULL,,,260,NULL,NULL,NULL,NULL,NULL,1,NULL
770,1000,100772,VISTRA Zinc 15 mg 45 Cap,ZINC,VITAMINS & MINERALS,ขย.9,NULL,วิตามินและอาหารเสริม,,,ขวด,8.85876E+12,100,NULL,FALSE,FALSE,NULL,,,NULL,NULL,NULL,NULL,NULL,NULL,1,NULL
771,1000,100773,VISTRA B complex Plus Minerals 30 Tab,VITAMIN B COMPLEX,VITAMINS & MINERALS,ขย.9,NULL,วิตามินและอาหารเสริม,,,ขวด,8.85152E+12,100,NULL,FALSE,FALSE,NULL,,,NULL,NULL,NULL,NULL,NULL,NULL,1,NULL
772,1000,100774,VISTRA Collagen TriPeptide 1300&Coenzyme Q10 Plus 30 Tab,COLLAGEN,VITAMINS & MINERALS,ขย.9,NULL,วิตามินและอาหารเสริม,,,ขวด,8.85152E+12,100,NULL,FALSE,FALSE,NULL,,,NULL,NULL,NULL,NULL,NULL,NULL,1,NULL
773,1000,100775,VISTRA Acerola Cherry 1000mg& CitrusBioflavonoids Plus 45 Tab,NULL,VITAMINS & MINERALS,ขย.9,NULL,วิตามินและอาหารเสริม,,,ขวด,8.85876E+12,100,NULL,FALSE,FALSE,NULL,,,NULL,NULL,NULL,NULL,NULL,NULL,1,NULL
774,1000,100776,VISTRA Astaxanthin Plus Vit.E 30 Cap,NULL,VITAMINS & MINERALS,ขย.9,NULL,วิตามินและอาหารเสริม,,,ขวด,8.85152E+12,100,NULL,FALSE,FALSE,NULL,,,NULL,NULL,NULL,NULL,NULL,NULL,1,NULL
775,1000,100777,VISTRA BIO C 1000mg 30 Tab,ASCORBIC ACID,VITAMINS & MINERALS,ขย.9,NULL,วิตามินและอาหารเสริม,,,ขวด,8.85152E+12,100,NULL,FALSE,FALSE,NULL,,,NULL,NULL,NULL,NULL,NULL,NULL,1,NULL
776,1000,100778,VISTRA Coenzyme Q10 30mg - 30 Tab,COENZYME Q 10,VITAMINS & MINERALS,ขย.9,NULL,วิตามินและอาหารเสริม,,,ขวด,8.85152E+12,100,NULL,FALSE,FALSE,NULL,,,NULL,NULL,NULL,NULL,NULL,NULL,1,NULL
777,1000,100779,VISTRA Grape Seed 60mg 30 Cap,GINGKO-BILOBA,VITAMINS & MINERALS,ขย.9,NULL,วิตามินและอาหารเสริม,,,กล่อง,8.85876E+12,100,NULL,FALSE,FALSE,NULL,,,280,NULL,NULL,NULL,NULL,NULL,1,NULL
778,1000,100780,VISTRA Magnesium Complex Plus Vit.B1-6-12 - 30 Cap,NULL,VITAMINS & MINERALS,ขย.9,NULL,วิตามินและอาหารเสริม,,,ขวด,8.85152E+12,100,NULL,FALSE,FALSE,NULL,,,NULL,NULL,NULL,NULL,NULL,NULL,1,NULL
779,1000,100781,VISTRA Gluta Complex1000 Plus Red Orange Extract 30 Cap,GARLIC EXTRACT,VITAMINS & MINERALS,ขย.9,NULL,วิตามินและอาหารเสริม,,,ขวด,8.85152E+12,100,NULL,FALSE,FALSE,NULL,,,NULL,NULL,NULL,NULL,NULL,NULL,1,NULL
780,1000,100782,VISTRA Gluta Complex800 Plus Rice Extract 30 Cap,NULL,NULL,ขย.9,NULL,วิตามินและอาหารเสริม,,,ขวด,8.85152E+12,100,NULL,FALSE,FALSE,NULL,,,NULL,NULL,NULL,NULL,NULL,NULL,1,NULL
781,1000,100783,MEGA Fosh Oil 1000mg- 100Tab,NULL,VITAMINS & MINERALS,ขย.9,NULL,วิตามินและอาหารเสริม,,,กระปุก,8.85077E+12,100,NULL,FALSE,FALSE,NULL,,,NULL,NULL,NULL,NULL,NULL,NULL,1,NULL
782,1000,100784,BANNER Fish Oil +Vit.B complex 30 cap,NULL,VITAMINS & MINERALS,ขย.9,NULL,วิตามินและอาหารเสริม,,,ขวด,8.85112E+12,100,NULL,FALSE,FALSE,NULL,,,NULL,NULL,NULL,NULL,NULL,NULL,1,NULL
783,1000,100785,Obimin AZ 60 Tab,NULL,VITAMINS & MINERALS,ขย.9,NULL,วิตามินและอาหารเสริม,,,กระปุก,8.85182E+12,100,NULL,FALSE,FALSE,NULL,,,NULL,NULL,NULL,NULL,NULL,NULL,1,NULL
784,1000,100786,BANNER Hi-B With Fish Oil 30 cap,VITAMIN B COMPLEX+MINERAL,VITAMINS & MINERALS,ขย.9,NULL,วิตามินและอาหารเสริม,,,กล่อง,8.85112E+12,100,NULL,FALSE,FALSE,NULL,,,NULL,NULL,NULL,NULL,NULL,NULL,1,NULL
785,1000,100787,nent น้ำมันมะพร้าวสกัดเย็น 100% 100 ml,NULL,NULL,ขย.9,NULL,วิตามินและอาหารเสริม,,,ขวด,8.85897E+12,100,NULL,FALSE,FALSE,NULL,,,NULL,NULL,NULL,NULL,NULL,NULL,1,NULL
786,1000,100788,nent น้ำมันมะพร้าวสกัดเย็น 100% 200 ml,NULL,NULL,ขย.9,NULL,วิตามินและอาหารเสริม,,,ขวด,8.85897E+12,100,NULL,FALSE,FALSE,NULL,,,NULL,NULL,NULL,NULL,NULL,NULL,1,NULL
787,1000,100789,SHP Albumen  78 Tab,NULL,NULL,ขย.9,NULL,วิตามินและอาหารเสริม,,,กระปุก,8.85886E+12,100,NULL,FALSE,FALSE,NULL,,,NULL,NULL,NULL,NULL,NULL,NULL,1,NULL
788,1000,100790,BANNER Soy Protein+Lecithin 30 cap,NULL,NULL,ขย.9,NULL,วิตามินและอาหารเสริม,,,ขวด,8.85112E+12,100,NULL,FALSE,FALSE,NULL,,,NULL,NULL,NULL,NULL,NULL,NULL,1,NULL
789,1000,100791,EGG Albumin 1x10's,NULL,NULL,ขย.9,NULL,วิตามินและอาหารเสริม,,,แผง/กล่อง,8.85712E+12,100,NULL,FALSE,FALSE,NULL,,,NULL,NULL,NULL,NULL,NULL,NULL,1,NULL
790,1000,100792,EGG Alumin 60 Tab,NULL,NULL,ขย.9,NULL,วิตามินและอาหารเสริม,,,กระปุก,8.85712E+12,100,NULL,FALSE,FALSE,NULL,,,NULL,NULL,NULL,NULL,NULL,NULL,1,NULL
791,1000,100793,BANNER Multivitamins+Zinc 30 Cap,MULTIVITAMINS & MINERALS,VITAMINS & MINERALS,ขย.9,NULL,วิตามินและอาหารเสริม,,,ขวด,8.85112E+12,100,NULL,FALSE,FALSE,NULL,,,NULL,NULL,NULL,NULL,NULL,NULL,1,NULL
792,1000,100794,GPO Vitamin C 500mg 100 Tab,ASCORBIC ACID,VITAMINS & MINERALS,ขย.9,NULL,วิตามินและอาหารเสริม,,,ขวด,8.85068E+12,100,NULL,FALSE,FALSE,NULL,,,NULL,NULL,NULL,NULL,NULL,NULL,1,NULL
793,1000,100795,NEOCA C 1000mg 30 Tab,ASCORBIC ACID,VITAMINS & MINERALS,ขย.9,NULL,วิตามินและอาหารเสริม,,,ขวด,8.85546E+12,100,NULL,FALSE,FALSE,NULL,,,NULL,NULL,NULL,NULL,NULL,NULL,1,NULL
794,1000,100796,CC Plus Zinc 30 Tab,ASCORBIC ACID,VITAMINS & MINERALS,ขย.9,NULL,วิตามินและอาหารเสริม,,,กระปุก,526,100,NULL,FALSE,FALSE,NULL,,,NULL,NULL,NULL,NULL,NULL,NULL,1,NULL
795,1000,100797,MaxxLife Vitamin C 500mg 30 Tab,ASCORBIC ACID,VITAMINS & MINERALS,ขย.9,NULL,วิตามินและอาหารเสริม,,,ขวด,8.89896E+12,100,NULL,FALSE,FALSE,NULL,,,NULL,NULL,NULL,NULL,NULL,NULL,1,NULL
796,1000,100798,USP Acorbic Extra C 30 softgels,ASCORBIC ACID,VITAMINS & MINERALS,ขย.9,NULL,วิตามินและอาหารเสริม,,,กระปุก,8.30495E+12,100,NULL,FALSE,FALSE,NULL,,,NULL,NULL,NULL,NULL,NULL,NULL,1,NULL
797,1000,100799,QA Acorbic C 1000mg 30 Tab,ASCORBIC ACID,VITAMINS & MINERALS,ขย.9,NULL,วิตามินและอาหารเสริม,,,ขวด,74312715105,100,NULL,FALSE,FALSE,NULL,,,NULL,NULL,NULL,NULL,NULL,NULL,1,NULL
798,1000,100800,BlackMore Multi B 30 Tab,VITAMIN B COMPLEX,VITAMINS & MINERALS,ขย.9,NULL,วิตามินและอาหารเสริม,,,ขวด,93562669,100,NULL,FALSE,FALSE,NULL,,,NULL,NULL,NULL,NULL,NULL,NULL,1,NULL
799,1000,100801,BlackMores Exec B's 30 Tab,VITAMIN B COMPLEX,VITAMINS & MINERALS,ขย.9,NULL,วิตามินและอาหารเสริม,,,ขวด,93562676,100,NULL,FALSE,FALSE,NULL,,,NULL,NULL,NULL,NULL,NULL,NULL,1,NULL
800,1000,100802,BlackMores Folic Acid 90 Tab,FOLIC ACID,VITAMINS & MINERALS,ขย.9,NULL,วิตามินและอาหารเสริม,,,ขวด,93572446,100,NULL,FALSE,FALSE,NULL,,,NULL,NULL,NULL,NULL,NULL,NULL,1,NULL
801,1000,100803,BlackMores BIO C 1000mg 31 Tab,ASCORBIC ACID,VITAMINS & MINERALS,ขย.9,NULL,วิตามินและอาหารเสริม,,,ขวด,93894791,100,NULL,FALSE,FALSE,NULL,,,NULL,NULL,NULL,NULL,NULL,NULL,1,NULL
802,1000,100804,BlackMores Naturetime Buffered C - 31 Tab,ASCORBIC ACID,VITAMINS & MINERALS,ขย.9,NULL,วิตามินและอาหารเสริม,,,ขวด,93894876,100,NULL,FALSE,FALSE,NULL,,,NULL,NULL,NULL,NULL,NULL,NULL,1,NULL
803,1000,100805,MEGA We Care Lecithin 1200mg- 100 Cap,LECITHIN,VITAMINS & MINERALS,ขย.9,NULL,วิตามินและอาหารเสริม,,,กระปุก,8.85077E+12,100,NULL,FALSE,FALSE,NULL,,,NULL,NULL,NULL,NULL,NULL,NULL,1,NULL
804,1000,100806,MEGA We Care Evening PrimRose Oil 1000mg - 30 Cap,LECITHIN,VITAMINS & MINERALS,ขย.9,NULL,วิตามินและอาหารเสริม,,,กระปุก,8.85077E+12,100,NULL,FALSE,FALSE,NULL,,,NULL,NULL,NULL,NULL,NULL,NULL,1,NULL
805,1000,100807,MEGA We Care Nat Mag 30 Tab,MAGNESIUM HYDROXIDE,VITAMINS & MINERALS,ขย.9,NULL,วิตามินและอาหารเสริม,,,กระปุก,8.85077E+12,100,NULL,FALSE,FALSE,NULL,,,NULL,NULL,NULL,NULL,NULL,NULL,1,NULL
806,1000,100808,MEGA Nat B 100 Cap,VITAMIN B COMPLEX,VITAMINS & MINERALS,ขย.9,NULL,วิตามินและอาหารเสริม,,,กระปุก,8.85077E+12,100,NULL,FALSE,FALSE,NULL,,,NULL,NULL,NULL,NULL,NULL,NULL,1,NULL
807,1000,100809,MEGA Nat B 40 Cap,VITAMIN B COMPLEX,VITAMINS & MINERALS,ขย.9,NULL,วิตามินและอาหารเสริม,,,ขวด,8.85077E+12,100,NULL,FALSE,FALSE,NULL,,,NULL,NULL,NULL,NULL,NULL,NULL,1,NULL
808,1000,100810,MEGA Zincomin 60 Cap,ZINC+MAGNESIUM,VITAMINS & MINERALS,ขย.9,NULL,วิตามินและอาหารเสริม,,,กระปุก,8.85077E+12,100,NULL,FALSE,FALSE,NULL,,,NULL,NULL,NULL,NULL,NULL,NULL,1,NULL
809,1000,100811,MEGA Nat C 30 Tab,MULTIVITAMINS & MINERALS,VITAMINS & MINERALS,ขย.9,NULL,วิตามินและอาหารเสริม,,,กระป๋อง,8.85077E+12,100,NULL,FALSE,FALSE,NULL,,,NULL,NULL,NULL,NULL,NULL,NULL,1,NULL
810,1000,100812,MEGA Garlic Oil 100 Cap,GARLIC EXTRACT,VITAMINS & MINERALS,ขย.9,NULL,วิตามินและอาหารเสริม,,,กระปุก,8.85077E+12,100,NULL,FALSE,FALSE,NULL,,,NULL,NULL,NULL,NULL,NULL,NULL,1,NULL
811,1000,100813,MEGA Nat C 60 Tab,MULTIVITAMINS & MINERALS,VITAMINS & MINERALS,ขย.9,NULL,วิตามินและอาหารเสริม,,,กระปุก,8.85077E+12,100,NULL,FALSE,FALSE,NULL,,,NULL,NULL,NULL,NULL,NULL,NULL,1,NULL
812,1000,100814,VISTRA Way Protein 255 g (15ซอง),NULL,NULL,ขย.9,NULL,วิตามินและอาหารเสริม,,,กล่อง,8.85152E+12,100,NULL,FALSE,FALSE,NULL,,,NULL,NULL,NULL,NULL,NULL,NULL,1,NULL
813,1000,100815,VISTRA Collagen Type II 1000 mg Plus Turmeric Extract (10x10ซอง),NULL,NULL,ขย.9,NULL,วิตามินและอาหารเสริม,,,กล่อง,8.85152E+12,100,NULL,FALSE,FALSE,NULL,,,NULL,NULL,NULL,NULL,NULL,NULL,1,NULL
814,1000,100816,VISTRA Marine Collagen Tri Peptide 10000mg ส้ม สับปะรด 10 ซอง,NULL,NULL,ขย.9,NULL,วิตามินและอาหารเสริม,,,กล่อง,8.85152E+12,100,NULL,FALSE,FALSE,NULL,,,NULL,NULL,NULL,NULL,NULL,NULL,1,NULL
815,1000,100817,VISTRA Marine Collagen TriPeptide 10000mg สตรอเบอร์รี่ ลิ้นจี่ 10 ซอง,ACETYLCYSTEINE,DECONGESTANTS & OTHER NASAL PR,ขย.9,NULL,วิตามินและอาหารเสริม,,,กล่อง,8.85152E+12,100,NULL,FALSE,FALSE,NULL,,,630,NULL,NULL,NULL,NULL,NULL,1,NULL
816,1000,100818,TobraDex eye drop 5 ml Novartis,TOBRAMYCIN+DEXAMETHSONE,EYE PREPARATIONS,ขย.9,NULL,ยาหู ตา คอ จมูก,,,ขวด,5.4139E+12,100,NULL,FALSE,FALSE,NULL,,,NULL,NULL,NULL,NULL,NULL,NULL,1,NULL
817,1000,100819,TobraDex ointment 3.5 g Novartis,TOBRAMYCIN+DEXAMETHSONE,EYE PREPARATIONS,ขย.9,NULL,ยาหู ตา คอ จมูก,,,ขวด,5.4139E+12,100,NULL,FALSE,FALSE,NULL,,,NULL,NULL,NULL,NULL,NULL,NULL,1,NULL
818,1000,100820,Maxitrol ointment 3.5 g Novartis,NEOMYCIN,EYE PREPARATIONS,ขย.9,NULL,ยาหู ตา คอ จมูก,,,ขวด,5.4139E+12,100,NULL,FALSE,FALSE,NULL,,,NULL,NULL,NULL,NULL,NULL,NULL,1,NULL
819,1000,100821,ลูกประคบ สมุนไพร คงคาเฮิร์บ 200 กรัม,NULL,NULL,ขย.9,NULL,"ยาสมุนไพร, ยาแผนโบราณ",,,ชิ้น,8.85605E+12,100,NULL,FALSE,FALSE,NULL,,,NULL,NULL,NULL,NULL,NULL,NULL,1,NULL
820,1000,100822,เกลือแร่ Royal-D electrolyte beverge 25g,SODIUM CHLORIDE,NULL,ขย.9,NULL,ยาสามัญประจำบ้าน,,,ซอง,8.85261E+12,100,NULL,FALSE,FALSE,NULL,,,NULL,NULL,NULL,NULL,NULL,NULL,1,NULL
821,1000,100823,Royal D เกลือแร่ รสส้ม 25 g. ,GLUCOSE,NULL,ขย.9,NULL,ยาสามัญประจำบ้าน,,,ซอง,8.85261E+12,100,NULL,FALSE,FALSE,NULL,,,NULL,NULL,NULL,NULL,NULL,NULL,1,NULL
822,1000,100824,ENO LEMON  100g bottle,SODIUM BICARBONATE,ANTIACIDS,ขย.9,NULL,ยาทางเดินอาหาร,,,ขวด,8.85062E+12,100,NULL,FALSE,FALSE,NULL,,,NULL,NULL,NULL,NULL,NULL,NULL,1,NULL
823,1000,100825,ENO ORANGE 100g bottle,SODIUM BICARBONATE,ANTIACIDS,ขย.9,NULL,ยาทางเดินอาหาร,,,ขวด,8.85062E+12,100,NULL,FALSE,FALSE,NULL,,,NULL,NULL,NULL,NULL,NULL,NULL,1,NULL
824,1000,100826,เซโรงัง 50 เม็ด,NULL,DIGESTIVE ENZYMES/DIGESTIVES,ขย.9,NULL,ยาทางเดินอาหาร,,,ขวด,4.98711E+12,100,NULL,FALSE,FALSE,NULL,,,NULL,NULL,NULL,NULL,NULL,NULL,1,NULL
825,1000,100827,ไบเยล brygel 10's,ALUMINIUM HYDROXIDE+MAGNESIUM HYDROXIDE,ANTIACIDS,ขย.9,NULL,ยาทางเดินอาหาร,,,แผง,8.85898E+12,100,NULL,FALSE,FALSE,NULL,,,NULL,NULL,NULL,NULL,NULL,NULL,1,NULL
826,1000,100828,ยาอม mybacin Zinc orange flavor 10's,NULL,MOUTH/THROAT PREPARATIONS,ขย.9,NULL,ยาอม,,,ซอง,8.85229E+12,100,NULL,FALSE,FALSE,NULL,,,NULL,NULL,NULL,NULL,NULL,NULL,1,NULL
827,1000,100829,ยาอม mybacin Zinc lemon  flavor 10's,NULL,MOUTH/THROAT PREPARATIONS,ขย.9,NULL,ยาอม,,,ซอง,8.85229E+12,100,NULL,FALSE,FALSE,NULL,,,NULL,NULL,NULL,NULL,NULL,NULL,1,NULL
828,1000,100830,ยาอม mybacin Zinc finger root &ginger  flavor 10's,NULL,MOUTH/THROAT PREPARATIONS,ขย.9,NULL,ยาอม,,,ซอง,8.85229E+12,100,NULL,FALSE,FALSE,NULL,,,NULL,NULL,NULL,NULL,NULL,NULL,1,NULL
829,1000,100831,ยาอม mybacin THROAT mint  flavor 10's,NULL,MOUTH/THROAT PREPARATIONS,ขย.9,NULL,ยาอม,,,ซอง,8.85229E+12,100,NULL,FALSE,FALSE,NULL,,,NULL,NULL,NULL,NULL,NULL,NULL,1,NULL
830,1000,100832,ยาอมกำกิกเผี่ยง 20 เม็ด,NULL,MOUTH/THROAT PREPARATIONS,ขย.9,NULL,ยาอม,,,กล่อง,8.8518E+12,100,NULL,FALSE,FALSE,NULL,,,NULL,NULL,NULL,NULL,NULL,NULL,1,NULL
831,1000,100833,ยาอมมะแว้ง ตราไอยรา รสเปลือกส้ม 15 เม็ด,NULL,MOUTH/THROAT PREPARATIONS,ขย.9,NULL,ยาอม,,,ซอง,8.85651E+12,100,NULL,FALSE,FALSE,NULL,,,NULL,NULL,NULL,NULL,NULL,NULL,1,NULL
832,1000,100834,ยาอมมะแว้ง ตราไอยรา รสบ๊วย 15 เม็ด,NULL,MOUTH/THROAT PREPARATIONS,ขย.9,NULL,ยาอม,,,ซอง,8.85651E+12,100,NULL,FALSE,FALSE,NULL,,,NULL,NULL,NULL,NULL,NULL,NULL,1,NULL
833,1000,100835,ยาอม ยูอีคอฟ มะขามป้อม 20 เม็ด,NULL,MOUTH/THROAT PREPARATIONS,ขย.9,NULL,ยาอม,,,ซอง,8.8587E+12,100,NULL,FALSE,FALSE,NULL,,,NULL,NULL,NULL,NULL,NULL,NULL,1,NULL
834,1000,100836,ยาอม ยูอีคอฟ มะขามป้อม+สเปียร์มินท์ 20 เม็ด,NULL,MOUTH/THROAT PREPARATIONS,ขย.9,NULL,ยาอม,,,ซอง,8.8587E+12,100,NULL,FALSE,FALSE,NULL,,,NULL,NULL,NULL,NULL,NULL,NULL,1,NULL
835,1000,100837,ยาอม ยูอีคอฟ มะขามป้อม+น้ำผึ้งเลมอน 20 เม็ด,NULL,MOUTH/THROAT PREPARATIONS,ขย.9,NULL,ยาอม,,,ซอง,8.8587E+12,100,NULL,FALSE,FALSE,NULL,,,NULL,NULL,NULL,NULL,NULL,NULL,1,NULL
836,1000,100838,ยาอม อาปาเช่  รสมะขามป้อม 12 เม็ด,EUCALYPTUS,MOUTH/THROAT PREPARATIONS,ขย.9,NULL,ยาอม,,,ซอง,8.85702E+12,100,NULL,FALSE,FALSE,NULL,,,23,NULL,NULL,NULL,NULL,NULL,1,NULL
837,1000,100839,ยาบำรุงร่างกาย ตราพญานาค 150 ซีซี,NULL,NULL,ขย.9,NULL,"ยาสมุนไพร, ยาแผนโบราณ",,,ขวด,8.85874E+12,100,NULL,FALSE,FALSE,NULL,,,NULL,NULL,NULL,NULL,NULL,NULL,1,NULL
838,1000,100840,ยาน้ำแก้ไอ ยูอีคอฟ มะขามป้อม 120 ซีซี (ไม่มีน้ำตาล),NULL,MOUTH/THROAT PREPARATIONS,ขย.9,NULL,"ยาสมุนไพร, ยาแผนโบราณ",,,ขวด,8.8587E+12,100,NULL,FALSE,FALSE,NULL,,,NULL,NULL,NULL,NULL,NULL,NULL,1,NULL
839,1000,100841,ยาน้ำแก้ไอ ยูอีคอฟ มะขามป้อม 120 ซีซี,NULL,MOUTH/THROAT PREPARATIONS,ขย.9,NULL,"ยาสมุนไพร, ยาแผนโบราณ",,,ขวด,8.8587E+12,100,NULL,FALSE,FALSE,NULL,,,NULL,NULL,NULL,NULL,NULL,NULL,1,NULL
840,1000,100842,ยาแก้ไอ มะขามป้อม ตราปาริฉัตร 60 ซีซี,NULL,MOUTH/THROAT PREPARATIONS,ขย.9,NULL,"ยาสมุนไพร, ยาแผนโบราณ",,,ขวด,8.85651E+12,100,NULL,FALSE,FALSE,NULL,,,NULL,NULL,NULL,NULL,NULL,NULL,1,NULL
841,1000,100843,ยาน้ำแก้ไอ มะขามป้อม ตราห้างธงทองโอสถ 120 ซีซี,NULL,MOUTH/THROAT PREPARATIONS,ขย.9,NULL,"ยาสมุนไพร, ยาแผนโบราณ",,,ขวด,8.8571E+12,100,NULL,FALSE,FALSE,NULL,,,NULL,NULL,NULL,NULL,NULL,NULL,1,NULL
842,1000,100844,ยาน้ำแก้ไอ มะขามป้อม ตราแสงดาว 120 ซีซี,ACETYLCYSTEINE,MOUTH/THROAT PREPARATIONS,ขย.9,NULL,"ยาสมุนไพร, ยาแผนโบราณ",,,ขวด,8.85112E+12,100,NULL,FALSE,FALSE,NULL,,,26,NULL,NULL,NULL,NULL,NULL,1,NULL
843,1000,100845,ยาแก้ไอ ตราคีมเหล็ก 100 ซีซี,NULL,MOUTH/THROAT PREPARATIONS,ขย.9,NULL,"ยาสมุนไพร, ยาแผนโบราณ",,,ขวด,8.85965E+12,100,NULL,FALSE,FALSE,NULL,,,NULL,NULL,NULL,NULL,NULL,NULL,1,NULL
844,1000,100846,ยาแก้ไอมะแว้ง ตรามังกรทอง อ้วยอันโอสถ 60 ซีซี SF,NULL,MOUTH/THROAT PREPARATIONS,ขย.9,NULL,"ยาสมุนไพร, ยาแผนโบราณ",,,G 95/49,8.85291E+12,100,NULL,FALSE,FALSE,NULL,,,NULL,NULL,NULL,NULL,NULL,NULL,1,NULL
845,1000,100847,ยาแก้ไอน้ำดำ GPO 60 ซีซี,NULL,MOUTH/THROAT PREPARATIONS,ขย.9,NULL,"ยาสมุนไพร, ยาแผนโบราณ",,,ขวด,8.85068E+12,100,NULL,FALSE,FALSE,NULL,,,NULL,NULL,NULL,NULL,NULL,NULL,1,NULL
846,1000,100848,ยาน้ำแก้ไอผสมมะขามป้อม ตราอภัยภูเบศร 100 ซีซี,NULL,MOUTH/THROAT PREPARATIONS,ขย.9,NULL,"ยาสมุนไพร, ยาแผนโบราณ",,,ขวด,8.85554E+12,100,NULL,FALSE,FALSE,NULL,,,NULL,NULL,NULL,NULL,NULL,NULL,1,NULL
847,1000,100849,ชวนป๋วยปี่แปกอ 150 ซีซี,NULL,MOUTH/THROAT PREPARATIONS,ขย.9,NULL,"ยาสมุนไพร, ยาแผนโบราณ",,,ขวด,81364361693,100,NULL,FALSE,FALSE,NULL,,,NULL,NULL,NULL,NULL,NULL,NULL,1,NULL
848,1000,100850,ชวนป๋วยปี่แปกอ 75 ซีซี,NULL,MOUTH/THROAT PREPARATIONS,ขย.9,NULL,"ยาสมุนไพร, ยาแผนโบราณ",,,ขวด,81364361709,100,NULL,FALSE,FALSE,NULL,,,NULL,NULL,NULL,NULL,NULL,NULL,1,NULL
849,1000,100851,ชวนป๋วยปี่แป่โหล่ว 110 ซีซี,NULL,MOUTH/THROAT PREPARATIONS,ขย.9,NULL,"ยาสมุนไพร, ยาแผนโบราณ",,,ขวด,857,100,NULL,FALSE,FALSE,NULL,,,NULL,NULL,NULL,NULL,NULL,NULL,1,NULL
850,1000,100852,ชวนป๋วยปี่แป่โหล่ว 55 ซีซี,NULL,MOUTH/THROAT PREPARATIONS,ขย.9,NULL,"ยาสมุนไพร, ยาแผนโบราณ",,,ขวด,858,100,NULL,FALSE,FALSE,NULL,,,NULL,NULL,NULL,NULL,NULL,NULL,1,NULL
851,1000,100853,ยาน้ำแก้ไอ แป๊ะลี้ 60 ซีซี,NULL,MOUTH/THROAT PREPARATIONS,ขย.9,NULL,"ยาสมุนไพร, ยาแผนโบราณ",,,ขวด,8.85711E+12,100,NULL,FALSE,FALSE,NULL,,,NULL,NULL,NULL,NULL,NULL,NULL,1,NULL
852,1000,100854,ยาแก้ไอ ไอยสวรรค์ สูตร2 60 ซีซี (ฟ้าทะลายโจร+มะขามป้อม),NULL,MOUTH/THROAT PREPARATIONS,ขย.9,NULL,"ยาสมุนไพร, ยาแผนโบราณ",,,ขวด,8.85876E+12,100,NULL,FALSE,FALSE,NULL,,,NULL,NULL,NULL,NULL,NULL,NULL,1,NULL
853,1000,100855,ยาแก้ไอ ไอยสวรรค์ สูตร2 120 ซีซี (ฟ้าทะลายโจร+มะขามป้อม),NULL,MOUTH/THROAT PREPARATIONS,ขย.9,NULL,"ยาสมุนไพร, ยาแผนโบราณ",,,ขวด,8.85876E+12,100,NULL,FALSE,FALSE,NULL,,,NULL,NULL,NULL,NULL,NULL,NULL,1,NULL
854,1000,100856,ยาน้ำแก้ไอ ลอร์ซู 100 ซีซี,NULL,MOUTH/THROAT PREPARATIONS,ขย.9,NULL,"ยาสมุนไพร, ยาแผนโบราณ",,,ขวด,8.85965E+12,100,NULL,FALSE,FALSE,NULL,,,NULL,NULL,NULL,NULL,NULL,NULL,1,NULL
855,1000,100857,ยาน้ำแก้ไอน้ำดำ ตรางู 60 ซีซี,NULL,MOUTH/THROAT PREPARATIONS,ขย.9,NULL,"ยาสมุนไพร, ยาแผนโบราณ",,,ขวด,8.85209E+12,100,NULL,FALSE,FALSE,NULL,,,NULL,NULL,NULL,NULL,NULL,NULL,1,NULL
856,1000,100858,ยาน้ำแก้ไอ ตรา ไวกิ้ง 60 ซีซี,NULL,MOUTH/THROAT PREPARATIONS,ขย.9,NULL,"ยาสมุนไพร, ยาแผนโบราณ",,,ขวด,8.85343E+12,100,NULL,FALSE,FALSE,NULL,,,NULL,NULL,NULL,NULL,NULL,NULL,1,NULL
857,1000,100859,ยาแก้ไอมะแว้งน้ำเชื่อม อ้วยอันโอสถ 60 ซีซี,NULL,MOUTH/THROAT PREPARATIONS,ขย.9,NULL,"ยาสมุนไพร, ยาแผนโบราณ",,,ขวด,8.85291E+12,100,NULL,FALSE,FALSE,NULL,,,NULL,NULL,NULL,NULL,NULL,NULL,1,NULL
858,1000,100860,ยาแก้ไอ มะแว้งน้ำดำ ตรา ไฟโตแคร์ 60 ซีซี,NULL,MOUTH/THROAT PREPARATIONS,ขย.9,NULL,"ยาสมุนไพร, ยาแผนโบราณ",,,ขวด,8.85343E+12,100,NULL,FALSE,FALSE,NULL,,,NULL,NULL,NULL,NULL,NULL,NULL,1,NULL
859,1000,100861,ยาอมสมุนไพร I-HERB OTC 18 เม็ด,NULL,MOUTH/THROAT PREPARATIONS,ขย.9,NULL,ยาอม,,,กล่อง,8.85546E+12,100,NULL,FALSE,FALSE,NULL,,,NULL,NULL,NULL,NULL,NULL,NULL,1,NULL
860,1000,100862,ยาอม รีดูคอฟ 10 เม็ด,NULL,MOUTH/THROAT PREPARATIONS,ขย.9,NULL,ยาอม,,,แผง/กล่อง,8.90409E+12,100,NULL,FALSE,FALSE,NULL,,,NULL,NULL,NULL,NULL,NULL,NULL,1,NULL
861,1000,100863,ยาอม fisherman original 25g สีขาว,NULL,MOUTH/THROAT PREPARATIONS,ขย.9,NULL,ยาอม,,,ซอง,50819256,100,NULL,FALSE,FALSE,NULL,,,NULL,NULL,NULL,NULL,NULL,NULL,1,NULL
862,1000,100864,ยาอม fisherman mixed berries 25g สีแดง-ม่วง,NULL,MOUTH/THROAT PREPARATIONS,ขย.9,NULL,ยาอม,,,ซอง,96183298,100,NULL,FALSE,FALSE,NULL,,,NULL,NULL,NULL,NULL,NULL,NULL,1,NULL
863,1000,100865,ยาอม fisherman sugarfree original 25g สีขาว-ฟ้า,NULL,MOUTH/THROAT PREPARATIONS,ขย.9,NULL,ยาอม,,,ซอง,50357079,100,NULL,FALSE,FALSE,NULL,,,NULL,NULL,NULL,NULL,NULL,NULL,1,NULL
864,1000,100866,ยาอม fisherman blackcurrant 25g สีม่วง,NULL,MOUTH/THROAT PREPARATIONS,ขย.9,NULL,ยาอม,,,ซอง,96122839,100,NULL,FALSE,FALSE,NULL,,,NULL,NULL,NULL,NULL,NULL,NULL,1,NULL
865,1000,100867,ยาอม fisherman mint 25g สีเขียว,NULL,MOUTH/THROAT PREPARATIONS,ขย.9,NULL,ยาอม,,,ซอง,50043231,100,NULL,FALSE,FALSE,NULL,,,NULL,NULL,NULL,NULL,NULL,NULL,1,NULL
866,1000,100868,ยาอม fisherman cherry 25g สีแดง-ขาว,NULL,MOUTH/THROAT PREPARATIONS,ขย.9,NULL,ยาอม,,,ซอง,50084425,100,NULL,FALSE,FALSE,NULL,,,NULL,NULL,NULL,NULL,NULL,NULL,1,NULL
867,1000,100869,ยาน้ำระดมพล 300 ซีซี,NULL,NULL,ขย.9,NULL,"ยาสมุนไพร, ยาแผนโบราณ",,,ขวด,8.85971E+12,100,NULL,FALSE,FALSE,NULL,,,NULL,NULL,NULL,NULL,NULL,NULL,1,NULL
868,1000,100870,มิกซเจอร์ คาร์มิเนตีฟ 180 ซีซี,NULL,NULL,ขย.9,NULL,"ยาสมุนไพร, ยาแผนโบราณ",,,ขวด,8.85068E+12,100,NULL,FALSE,FALSE,NULL,,,NULL,NULL,NULL,NULL,NULL,NULL,1,NULL
869,1000,100871,มิกซเจอร์ คาร์มิเนตีฟ 450 ซีซี,NULL,NULL,ขย.9,NULL,"ยาสมุนไพร, ยาแผนโบราณ",,,ขวด,8.85068E+12,100,NULL,FALSE,FALSE,NULL,,,NULL,NULL,NULL,NULL,NULL,NULL,1,NULL
870,1000,100872,ยาธาตุ4 ตรากิเลน 300 ซีซี,NULL,NULL,ขย.9,NULL,"ยาสมุนไพร, ยาแผนโบราณ",,,ขวด,8.85112E+12,100,NULL,FALSE,FALSE,NULL,,,NULL,NULL,NULL,NULL,NULL,NULL,1,NULL
871,1000,100873,ยาธาตุ4 ตรากิเลน 450 ซีซี,NULL,NULL,ขย.9,NULL,"ยาสมุนไพร, ยาแผนโบราณ",,,ขวด,8.85112E+12,100,NULL,FALSE,FALSE,NULL,,,NULL,NULL,NULL,NULL,NULL,NULL,1,NULL
872,1000,100874,ยาธาตุน้ำแดง วิทยาศรม 300 ซีซี,NULL,NULL,ขย.9,NULL,"ยาสมุนไพร, ยาแผนโบราณ",,,ขวด,8.85008E+12,100,NULL,FALSE,FALSE,NULL,,,NULL,NULL,NULL,NULL,NULL,NULL,1,NULL
873,1000,100875,ยาธาตุน้ำแดง วิทยาศรม 500 ซีซี,NULL,NULL,ขย.9,NULL,"ยาสมุนไพร, ยาแผนโบราณ",,,ขวด,8.85008E+12,100,NULL,FALSE,FALSE,NULL,,,NULL,NULL,NULL,NULL,NULL,NULL,1,NULL
874,1000,100876,ไบร์เยล ชนิดน้ำ 240 ซีซี,ALUMINIUM HYDROXIDE+MAGNESIUM HYDROXIDE,ANTIACIDS,ขย.9,NULL,ยาทางเดินอาหาร,,,ขวด,8.85898E+12,100,NULL,FALSE,FALSE,NULL,,,NULL,NULL,NULL,NULL,NULL,NULL,1,NULL
875,1000,100877,ANTACIL GEL 450 ML,ALUMINIUM+MAGNESIUM OH+SIMETHICONE,ANTIACIDS,ขย.9,NULL,ยาทางเดินอาหาร,,,ขวด,8.85147E+12,100,NULL,FALSE,FALSE,NULL,,,NULL,NULL,NULL,NULL,NULL,NULL,1,NULL
876,1000,100878,Gaspec-S 240 ml,ALUMINIUM+MAGNESIUM OH+SIMETHICONE,ANTIACIDS,ขย.9,NULL,ยาทางเดินอาหาร,,,ขวด,8.85891E+12,100,NULL,FALSE,FALSE,NULL,,,NULL,NULL,NULL,NULL,NULL,NULL,1,NULL
877,1000,100879,มิลค์ ออฟ แมกนีเซีย 240 ซีซี,MAGNESIUM HYDROXIDE,LAXATIVES,ขย.9,NULL,ยาทางเดินอาหาร,,,ขวด,8.85068E+12,100,NULL,FALSE,FALSE,NULL,,,NULL,NULL,NULL,NULL,NULL,NULL,1,NULL
878,1000,100880,มิลค์ ออฟ แมกนีเซีย 450 ซีซี,MAGNESIUM HYDROXIDE,LAXATIVES,ขย.9,NULL,ยาทางเดินอาหาร,,,ขวด,8.85068E+12,100,NULL,FALSE,FALSE,NULL,,,NULL,NULL,NULL,NULL,NULL,NULL,1,NULL
879,1000,100881,มิลค์ ออฟ แมกนีเซีย ซี.บี. 240 ซีซี,MAGNESIUM HYDROXIDE,LAXATIVES,ขย.9,NULL,ยาทางเดินอาหาร,,,ขวด,8.85877E+12,100,NULL,FALSE,FALSE,NULL,,,NULL,NULL,NULL,NULL,NULL,NULL,1,NULL
880,1000,100882,ยาอม โทรทซิล รสน้ำผึ้งมะนาว 8 เม็ด,NULL,MOUTH/THROAT PREPARATIONS,ขย.9,NULL,ยาอม,,,ซอง,8.85546E+12,100,NULL,FALSE,FALSE,NULL,,,NULL,NULL,NULL,NULL,NULL,NULL,1,NULL
881,1000,100883,ยาอม โทรสซิล รสส้มผสมวิตามินซี 8 เม็ด,NULL,MOUTH/THROAT PREPARATIONS,ขย.9,NULL,ยาอม,,,ซอง,8.85546E+12,100,NULL,FALSE,FALSE,NULL,,,NULL,NULL,NULL,NULL,NULL,NULL,1,NULL
882,1000,100884,ยาอม Difflam รสน้ำผึ้งผสมมะนาว 8 เม็ด,NULL,MOUTH/THROAT PREPARATIONS,ขย.9,NULL,ยาอม,,,ซอง,9.31406E+12,100,NULL,FALSE,FALSE,NULL,,,NULL,NULL,NULL,NULL,NULL,NULL,1,NULL
883,1000,100885,ยาอม สเตร็ปซิล original HHR 8 เม็ด,NULL,MOUTH/THROAT PREPARATIONS,ขย.9,NULL,ยาอม,,,ซอง,8.85036E+12,100,NULL,FALSE,FALSE,NULL,,,NULL,NULL,NULL,NULL,NULL,NULL,1,NULL
884,1000,100886,ยาอม สเตร็ปซิล honey&lemon HHR 8 เม็ด,NULL,MOUTH/THROAT PREPARATIONS,ขย.9,NULL,ยาอม,,,ซอง,8.85036E+12,100,NULL,FALSE,FALSE,NULL,,,NULL,NULL,NULL,NULL,NULL,NULL,1,NULL
885,1000,100887,ยาอม สเตร็ปซิล Orange+vitamin C HHR 8 เม็ด,NULL,MOUTH/THROAT PREPARATIONS,ขย.9,NULL,ยาอม,,,ซอง,8.85036E+12,100,NULL,FALSE,FALSE,NULL,,,NULL,NULL,NULL,NULL,NULL,NULL,1,NULL
886,1000,100888,ยาอมแก้ไอ ตราตะขาบ 5 ตัว 3 กรัม,PARACETAMOL,MOUTH/THROAT PREPARATIONS,ขย.9,NULL,ยาอม,,,ซอง,8.85276E+12,100,NULL,FALSE,FALSE,NULL,,,18,NULL,NULL,NULL,NULL,NULL,1,NULL
887,1000,100889,ยาอมมะแว้ง ตราไฟโตรแคร์ 20 เม็ด,NULL,MOUTH/THROAT PREPARATIONS,ขย.9,NULL,ยาอม,,,ซอง,8.85343E+12,100,NULL,FALSE,FALSE,NULL,,,NULL,NULL,NULL,NULL,NULL,NULL,1,NULL
888,1000,100890,ยาอมมะแว้ง รสบ๊วย ตราไฟโตแคร์ 20 เม็ด,NULL,MOUTH/THROAT PREPARATIONS,ขย.9,NULL,ยาอม,,,ซอง,8.85343E+12,100,NULL,FALSE,FALSE,NULL,,,NULL,NULL,NULL,NULL,NULL,NULL,1,NULL
889,1000,100891,ยาอม โพรโพลิส น้ำผึ้งมะนาว 8 เม็ด,ACETYLCYSTEINE,MOUTH/THROAT PREPARATIONS,ขย.9,NULL,ยาอม,,,ซอง,8.85651E+12,100,NULL,FALSE,FALSE,NULL,,,24,NULL,NULL,NULL,NULL,NULL,1,NULL
890,1000,100892,ยาอม โบตัน ตรากิเลน รสดั้งเดิม 3.4 กรัม,NULL,MOUTH/THROAT PREPARATIONS,ขย.9,NULL,ยาอม,,,ซอง,8.85112E+12,100,NULL,FALSE,FALSE,NULL,,,NULL,NULL,NULL,NULL,NULL,NULL,1,NULL
891,1000,100893,ยาอม โบตัน ตรากิเลน 5.4 กรัม สีขาว,METHYL SALICYLATE+MENTHOL+EUGENOL,MOUTH/THROAT PREPARATIONS,ขย.9,NULL,ยาอม,,,ตลับ,8.85112E+12,100,NULL,FALSE,FALSE,NULL,,,19,NULL,NULL,NULL,NULL,NULL,1,NULL
892,1000,100894,ยาอม โบตัน ตรากิเลน 5.4 กรัม สีเหลือง,NULL,MOUTH/THROAT PREPARATIONS,ขย.9,NULL,ยาอม,,,ตลับ,8.85112E+12,100,NULL,FALSE,FALSE,NULL,,,NULL,NULL,NULL,NULL,NULL,NULL,1,NULL
893,1000,100895,ยาแก้ไอ ตราอาปาเช่ มะขามป้อม 60 ซีซี,CAMPHOR,MOUTH/THROAT PREPARATIONS,ขย.9,NULL,"ยาสมุนไพร, ยาแผนโบราณ",,,ขวด,8.85702E+12,100,NULL,FALSE,FALSE,NULL,,,22,NULL,NULL,NULL,NULL,NULL,1,NULL
894,1000,100896,ยาแก้ไอ ตราอาปาเช่ มะแว้ง+มะขามป้อม 60 ซีซี,CAMPHOR,MOUTH/THROAT PREPARATIONS,ขย.9,NULL,"ยาสมุนไพร, ยาแผนโบราณ",,,ขวด,8.85702E+12,100,NULL,FALSE,FALSE,NULL,,,22,NULL,NULL,NULL,NULL,NULL,1,NULL
895,1000,100897,ยาน้ำแก้ไอ ตราเสือ 11 ตัว สูตร 11 มะแว้ง 60 ซีซี,NULL,MOUTH/THROAT PREPARATIONS,ขย.9,NULL,"ยาสมุนไพร, ยาแผนโบราณ",,,ขวด,8.85297E+12,100,NULL,FALSE,FALSE,NULL,,,NULL,NULL,NULL,NULL,NULL,NULL,1,NULL
896,1000,100898,ยาน้ำแก้ไอ มะแว้ง ตรา ไอยรา 120 ซีซี,NULL,MOUTH/THROAT PREPARATIONS,ขย.9,NULL,"ยาสมุนไพร, ยาแผนโบราณ",,,ขวด,8.85651E+12,100,NULL,FALSE,FALSE,NULL,,,NULL,NULL,NULL,NULL,NULL,NULL,1,NULL
897,1000,100899,ยาน้ำแก้ไอ มะแว้ง ตรา ไอยรา 60 ซีซี,NULL,MOUTH/THROAT PREPARATIONS,ขย.9,NULL,"ยาสมุนไพร, ยาแผนโบราณ",,,ขวด,8.85651E+12,100,NULL,FALSE,FALSE,NULL,,,NULL,NULL,NULL,NULL,NULL,NULL,1,NULL
898,1000,100900,ยาน้ำแก้ไอ ตรา ไอยรา ไร้น้ำตาล 60 ซีซี,NULL,MOUTH/THROAT PREPARATIONS,ขย.9,NULL,"ยาสมุนไพร, ยาแผนโบราณ",,,ขวด,8.85712E+12,100,NULL,FALSE,FALSE,NULL,,,NULL,NULL,NULL,NULL,NULL,NULL,1,NULL
899,1000,100901,ยาน้ำแก้ไอ มะขามป้อม ตรา ไอยรา 60 ซีซี,NULL,MOUTH/THROAT PREPARATIONS,ขย.9,NULL,"ยาสมุนไพร, ยาแผนโบราณ",,,ขวด,8.85712E+12,100,NULL,FALSE,FALSE,NULL,,,NULL,NULL,NULL,NULL,NULL,NULL,1,NULL
900,1000,100902,ยาน้ำ แก้ไอ โยคี97 60 ซีซี,ACETYLCYSTEINE,MOUTH/THROAT PREPARATIONS,ขย.9,NULL,"ยาสมุนไพร, ยาแผนโบราณ",,,ขวด,8.85112E+12,100,NULL,FALSE,FALSE,NULL,,,21,NULL,NULL,NULL,NULL,NULL,1,NULL
901,1000,100903,ยาน้ำ แก้ไอ โยคี97 120 ซีซี,NULL,MOUTH/THROAT PREPARATIONS,ขย.9,NULL,"ยาสมุนไพร, ยาแผนโบราณ",,,ขวด,8.85112E+12,100,NULL,FALSE,FALSE,NULL,,,NULL,NULL,NULL,NULL,NULL,NULL,1,NULL
902,1000,100904,ยาแก้ไอ ซอมป่อยใหม่ 60 ซีซี,NULL,MOUTH/THROAT PREPARATIONS,ขย.9,NULL,"ยาสมุนไพร, ยาแผนโบราณ",,,ขวด,910,100,NULL,FALSE,FALSE,NULL,,,NULL,NULL,NULL,NULL,NULL,NULL,1,NULL
903,1000,100905,ยาแก้ไอ ซอมป่อยใหม่ 240 ซีซี,NULL,MOUTH/THROAT PREPARATIONS,ขย.9,NULL,"ยาสมุนไพร, ยาแผนโบราณ",,,ขวด,100905,100,NULL,FALSE,FALSE,NULL,,,NULL,NULL,NULL,NULL,NULL,NULL,1,NULL
904,1000,100906,ยาแก้ไอ แสงสว่าง ตราค้างคาว สูตรมะแว้งเครือ 60 ซีซี,NULL,MOUTH/THROAT PREPARATIONS,ขย.9,NULL,"ยาสมุนไพร, ยาแผนโบราณ",,,ขวด,8.85329E+12,100,NULL,FALSE,FALSE,NULL,,,NULL,NULL,NULL,NULL,NULL,NULL,1,NULL
905,1000,100907,ยาน้ำแก้ไอ มะขามป้อม อ้วยอันโอสถ 60 ซีซี,NULL,MOUTH/THROAT PREPARATIONS,ขย.9,NULL,"ยาสมุนไพร, ยาแผนโบราณ",,,ขวด,8.85291E+12,100,NULL,FALSE,FALSE,NULL,,,NULL,NULL,NULL,NULL,NULL,NULL,1,NULL
906,1000,100908,ยาแก้ไอ ตราเสือดาว 180 ซีซี,NULL,MOUTH/THROAT PREPARATIONS,ขย.9,NULL,"ยาสมุนไพร, ยาแผนโบราณ",,,ขวด,8.85304E+12,100,NULL,FALSE,FALSE,NULL,,,NULL,NULL,NULL,NULL,NULL,NULL,1,NULL
907,1000,100909,ยาแก้ไอ ตราเสือดาว 60 ซีซี,NULL,MOUTH/THROAT PREPARATIONS,ขย.9,NULL,"ยาสมุนไพร, ยาแผนโบราณ",,,ขวด,8.85304E+12,100,NULL,FALSE,FALSE,NULL,,,NULL,NULL,NULL,NULL,NULL,NULL,1,NULL
908,1000,100910,ยาแก้ไอ ตราเสือดาว 120 ซีซี,NULL,MOUTH/THROAT PREPARATIONS,ขย.9,NULL,"ยาสมุนไพร, ยาแผนโบราณ",,,ขวด,8.85304E+12,100,NULL,FALSE,FALSE,NULL,,,NULL,NULL,NULL,NULL,NULL,NULL,1,NULL
909,1000,100911,ยาแก้ไแ ตรา เสือดาว รสน้ำผึ้งมะนาว 60 ซีซี,NULL,MOUTH/THROAT PREPARATIONS,ขย.9,NULL,"ยาสมุนไพร, ยาแผนโบราณ",,,ขวด,8.85329E+12,100,NULL,FALSE,FALSE,NULL,,,NULL,NULL,NULL,NULL,NULL,NULL,1,NULL
910,1000,100912,Cadramine-V 120 ml,CARAMINE+ZINE OXIDE+DIPHENHYDRAMINE+CAMPHOR+MENTHOL+ETHYL ALCOHOL,ANTIHISTAMINES & ANTIALLERGICS,ขย.9,NULL,ยาใช้เฉพาะที่,,,ขวด,8.85387E+12,100,NULL,FALSE,FALSE,NULL,,,NULL,NULL,NULL,NULL,NULL,NULL,1,NULL
911,1000,100913,cadramine-V 60 ml,CARAMINE+ZINE OXIDE+DIPHENHYDRAMINE+CAMPHOR+MENTHOL+ETHYL ALCOHOL,ANTIHISTAMINES & ANTIALLERGICS,ขย.9,NULL,ยาใช้เฉพาะที่,,,ขวด,8.85387E+12,100,NULL,FALSE,FALSE,NULL,,,NULL,NULL,NULL,NULL,NULL,NULL,1,NULL
912,1000,100914,calamine siribuncha 120 ml,CALAMINE+ZINC OXIDE+GLYCERINE,ANTIHISTAMINES & ANTIALLERGICS,ขย.9,NULL,ยาใช้เฉพาะที่,,,ขวด,8.85112E+12,100,NULL,FALSE,FALSE,NULL,,,35,NULL,NULL,NULL,NULL,NULL,1,NULL
913,1000,100915,calamine siribuncha 450 ml,CALAMINE+ZINC OXIDE+GLYCERINE,ANTIHISTAMINES & ANTIALLERGICS,ขย.9,NULL,ยาใช้เฉพาะที่,,,ขวด,8.85112E+12,100,NULL,FALSE,FALSE,NULL,,,NULL,NULL,NULL,NULL,NULL,NULL,1,NULL
914,1000,100916,renu fresh 60 ml,HYDROXYALKYLPHOSPHONATE+POLOXAMINE,EYE PREPARATIONS,ขย.9,NULL,ยาใช้เฉพาะที่,,,ขวด,3.10119E+11,100,NULL,FALSE,FALSE,NULL,,,NULL,NULL,NULL,NULL,NULL,NULL,1,NULL
915,1000,100917,renu fresh 120 ml,HYDROXYALKYLPHOSPHONATE+POLOXAMINE,EYE PREPARATIONS,ขย.9,NULL,ยาใช้เฉพาะที่,,,ขวด,3.10119E+11,100,NULL,FALSE,FALSE,NULL,,,NULL,NULL,NULL,NULL,NULL,NULL,1,NULL
916,1000,100918,renu fresh 355+60 ml,HYDROXYALKYLPHOSPHONATE+POLOXAMINE,EYE PREPARATIONS,ขย.9,NULL,ยาใช้เฉพาะที่,,,แพ็ค,8.85909E+12,100,NULL,FALSE,FALSE,NULL,,,NULL,NULL,NULL,NULL,NULL,NULL,1,NULL
917,1000,100919,opti-free replenish 300 ml,NULL,EYE PREPARATIONS,ขย.9,NULL,ยาใช้เฉพาะที่,,,ขวด,3.00651E+11,100,NULL,FALSE,FALSE,NULL,,,NULL,NULL,NULL,NULL,NULL,NULL,1,NULL
918,1000,100920,bio-true contact lense 120+60 ml,NULL,EYE PREPARATIONS,ขย.9,NULL,ยาใช้เฉพาะที่,,,แพ็ค,3.10119E+11,100,NULL,FALSE,FALSE,NULL,,,NULL,NULL,NULL,NULL,NULL,NULL,1,NULL
919,1000,100921,2.5% selsun suspension 30 ml,SELENIUM SULPHIDE,ANTIFUNGALS,ขย.9,NULL,ยาใช้เฉพาะที่,,,ขวด,8.85152E+12,100,NULL,FALSE,FALSE,NULL,,,NULL,NULL,NULL,NULL,NULL,NULL,1,NULL
920,1000,100922,2.5%  Selsun suspension 60 ml,SELENIUM SULPHIDE,ANTIFUNGALS,ขย.9,NULL,ยาใช้เฉพาะที่,,,ขวด,8.85152E+12,100,NULL,FALSE,FALSE,NULL,,,NULL,NULL,NULL,NULL,NULL,NULL,1,NULL
921,1000,100923,2.5%  SELSUN suspension 120 ml,SELENIUM SULPHIDE,ANTIFUNGALS,ขย.9,NULL,ยาใช้เฉพาะที่,,,ขวด,8.85152E+12,100,NULL,FALSE,FALSE,NULL,,,NULL,NULL,NULL,NULL,NULL,NULL,1,NULL
922,1000,100924,2.5% sellon shampoo 40 ml,SELENIUM SULPHIDE,ANTIFUNGALS,ขย.9,NULL,ยาใช้เฉพาะที่,,,กป,8.85394E+12,100,NULL,FALSE,FALSE,NULL,,,NULL,NULL,NULL,NULL,NULL,NULL,1,NULL
923,1000,100925,2%Nizoral original shampoo 50 ml,KETOCONAZOLE,ANTIFUNGALS,ขย.9,NULL,ยาใช้เฉพาะที่,,,ขวด,5.03663E+12,100,NULL,FALSE,FALSE,NULL,,,NULL,NULL,NULL,NULL,NULL,NULL,1,NULL
924,1000,100926,2%Nizoral original shampoo 100 ml,KETOCONAZOLE,ANTIFUNGALS,ขย.9,NULL,ยาใช้เฉพาะที่,,,ขวด,5.03663E+12,100,NULL,FALSE,FALSE,NULL,,,NULL,NULL,NULL,NULL,NULL,NULL,1,NULL
925,1000,100927,2%Nizoral original shampoo 200 ml,KETOCONAZOLE,ANTIFUNGALS,ขย.9,NULL,ยาใช้เฉพาะที่,,,ขวด,5.03663E+12,100,NULL,FALSE,FALSE,NULL,,,NULL,NULL,NULL,NULL,NULL,NULL,1,NULL
926,1000,100928,2% Nora shampoo 50 ml,KETOCONAZOLE,ANTIFUNGALS,ขย.9,NULL,ยาใช้เฉพาะที่,,,ขวด,8.85147E+12,100,NULL,FALSE,FALSE,NULL,,,NULL,NULL,NULL,NULL,NULL,NULL,1,NULL
927,1000,100929,2% Nora shampoo 100 ml,KETOCONAZOLE,ANTIFLATULANCES,ขย.9,NULL,ยาใช้เฉพาะที่,,,ขวด,8.85147E+12,100,NULL,FALSE,FALSE,NULL,,,NULL,NULL,NULL,NULL,NULL,NULL,1,NULL
928,1000,100930,K-Y Gel Lubrificant 82g,NULL,NULL,ขย.9,NULL,ยาใช้เฉพาะที่,,,หลอด,5.0522E+12,100,NULL,FALSE,FALSE,NULL,,,NULL,NULL,NULL,NULL,NULL,NULL,1,NULL
929,1000,100931,Q-C lubricating jelly 50g,NULL,NULL,ขย.9,NULL,ยาใช้เฉพาะที่,,,หลอด,8.85188E+12,100,NULL,FALSE,FALSE,NULL,,,NULL,NULL,NULL,NULL,NULL,NULL,1,NULL
930,1000,100932,ถุงยางอนามัย ดูเร็กซ์ เฟเธอร์ไลท์ 3 ชิ้น,NULL,NULL,ขย.9,NULL,อุปกรณ์ทางการแพทย์,,,กล่อง,8.85016E+12,100,NULL,FALSE,FALSE,NULL,,,NULL,NULL,NULL,NULL,NULL,NULL,1,NULL
931,1000,100933,ถุงยางอนามัย ดูเร็กซ์ เพอร์ฟอร์มา 3 ชิ้น,NULL,NULL,ขย.9,NULL,อุปกรณ์ทางการแพทย์,,,กล่อง,5.03848E+12,100,NULL,FALSE,FALSE,NULL,,,NULL,NULL,NULL,NULL,NULL,NULL,1,NULL
932,1000,100934,ถุงยางอนามัย ดูเร็กซ์ แอรี่ แบบบาง 2 ชิ้น,NULL,NULL,ขย.9,NULL,อุปกรณ์ทางการแพทย์,,,กล่อง,5.0522E+12,100,NULL,FALSE,FALSE,NULL,,,NULL,NULL,NULL,NULL,NULL,NULL,1,NULL
933,1000,100935,ถุงยางอนามัย ดูเร็กซ์ เอ็กไซตา 3 ชิ้น,NULL,NULL,ขย.9,NULL,อุปกรณ์ทางการแพทย์,,,กล่อง,8.85016E+12,100,NULL,FALSE,FALSE,NULL,,,NULL,NULL,NULL,NULL,NULL,NULL,1,NULL
934,1000,100936,ถุงยางอนามัย ดูเร็กซ์ คอมฟอร์ท 3 ชิ้น,NULL,NULL,ขย.9,NULL,อุปกรณ์ทางการแพทย์,,,กล่อง,8.85016E+12,100,NULL,FALSE,FALSE,NULL,,,NULL,NULL,NULL,NULL,NULL,NULL,1,NULL
935,1000,100937,ถุงยางอนามัย durex สตรอเบอร์รี่  52.5 mm. 3 ชิ้น ,NULL,NULL,ขย.9,NULL,อุปกรณ์ทางการแพทย์,,,กล่อง,8.85016E+12,100,NULL,FALSE,FALSE,NULL,,,NULL,NULL,NULL,NULL,NULL,NULL,1,NULL
936,1000,100938,ถุงยางอนามัย ดูเร็กซ์ เฟเธอร์ไลท์ อัลติมา 3 ชิ้น,NULL,NULL,ขย.9,NULL,อุปกรณ์ทางการแพทย์,,,กล่อง,5.03848E+12,100,NULL,FALSE,FALSE,NULL,,,NULL,NULL,NULL,NULL,NULL,NULL,1,NULL
937,1000,100939,ถุงยางอนามัย ฟรีล็อค จอย 3 ชิ้น,NULL,NULL,ขย.9,NULL,อุปกรณ์ทางการแพทย์,,,กล่อง,8.85096E+12,100,NULL,FALSE,FALSE,NULL,,,NULL,NULL,NULL,NULL,NULL,NULL,1,NULL
938,1000,100940,ถุงยางอนามัย ฟรีล็อค มีสารหล่อลื่น 3 ชิ้น,NULL,NULL,ขย.9,NULL,อุปกรณ์ทางการแพทย์,,,กล่อง,8.85096E+12,100,NULL,FALSE,FALSE,NULL,,,NULL,NULL,NULL,NULL,NULL,NULL,1,NULL
939,1000,100941,ถุงยางอนามัย ฟรีล็อค แม็กซ์ 3 ชิ้น,NULL,NULL,ขย.9,NULL,อุปกรณ์ทางการแพทย์,,,กล่อง,8.85096E+12,100,NULL,FALSE,FALSE,NULL,,,NULL,NULL,NULL,NULL,NULL,NULL,1,NULL
940,1000,100942,ถุงยางอนามัย ฟรีล็อค สตรอเบอร์รี่ 3 ชิ้น,NULL,NULL,ขย.9,NULL,อุปกรณ์ทางการแพทย์,,,กล่อง,8.85096E+12,100,NULL,FALSE,FALSE,NULL,,,NULL,NULL,NULL,NULL,NULL,NULL,1,NULL
941,1000,100943,ถุงยางอนามัย แฟร์ วีซ่า 3 ชิ้น,NULL,NULL,ขย.9,NULL,อุปกรณ์ทางการแพทย์,,,กล่อง,8.85091E+12,100,NULL,FALSE,FALSE,NULL,,,NULL,NULL,NULL,NULL,NULL,NULL,1,NULL
942,1000,100944,ถุงยางอนามัย แฟร์ สตรอเบอร์รี่ 3 ชิ้น,NULL,NULL,ขย.9,NULL,อุปกรณ์ทางการแพทย์,,,กล่อง,8.85091E+12,100,NULL,FALSE,FALSE,NULL,,,NULL,NULL,NULL,NULL,NULL,NULL,1,NULL
943,1000,100945,ถุงยางอนามัย ซิลค์ 3 ชิ้น,NULL,NULL,ขย.9,NULL,อุปกรณ์ทางการแพทย์,,,กล่อง,8.85096E+12,100,NULL,FALSE,FALSE,NULL,,,NULL,NULL,NULL,NULL,NULL,NULL,1,NULL
944,1000,100946,ถุงยางอนามัย โปรเท็กซ์ตร้า อินสไตล์ โกลด์ 3 ชิ้น,NULL,NULL,ขย.9,NULL,อุปกรณ์ทางการแพทย์,,,กล่อง,8.85064E+12,100,NULL,FALSE,FALSE,NULL,,,NULL,NULL,NULL,NULL,NULL,NULL,1,NULL
945,1000,100947,ถุงยางอนามัย โปรเท็กซ์ตร้า อินสไตล์ 3 ชิ้น,NULL,NULL,ขย.9,NULL,อุปกรณ์ทางการแพทย์,,,กล่อง,8.85064E+12,100,NULL,FALSE,FALSE,NULL,,,NULL,NULL,NULL,NULL,NULL,NULL,1,NULL
946,1000,100948,ยาแคปซูลตรีผลา ตราไทรทอง 10 แคปซูล,NULL,NULL,ขย.9,NULL,"ยาสมุนไพร, ยาแผนโบราณ",,,แผง,8.85092E+12,100,NULL,FALSE,FALSE,NULL,,,NULL,NULL,NULL,NULL,NULL,NULL,1,NULL
947,1000,100949,ยาขม ชนิดเม็ด ตราใบห่อ 12 เม็ด,NULL,NULL,ขย.9,NULL,"ยาสมุนไพร, ยาแผนโบราณ",,,ซอง,8.85894E+12,100,NULL,FALSE,FALSE,NULL,,,NULL,NULL,NULL,NULL,NULL,NULL,1,NULL
948,1000,100950,ยาขมเม็ด ตราตะขาบ 5 ตัว 15 เม็ด,NULL,NULL,ขย.9,NULL,"ยาสมุนไพร, ยาแผนโบราณ",,,ซอง,8.85276E+12,100,NULL,FALSE,FALSE,NULL,,,NULL,NULL,NULL,NULL,NULL,NULL,1,NULL
949,1000,100951,ยาขมเม็ด น้ำเต้าทอง 4 เม็ด,NULL,NULL,ขย.9,NULL,"ยาสมุนไพร, ยาแผนโบราณ",,,ซอง,8.8507E+12,100,NULL,FALSE,FALSE,NULL,,,NULL,NULL,NULL,NULL,NULL,NULL,1,NULL
950,1000,100952,ยาขม น้ำเต้าทอง สามแยกพระนคร 14 กรัม,NULL,NULL,ขย.9,NULL,"ยาสมุนไพร, ยาแผนโบราณ",,,ซอง,8.8507E+12,100,NULL,FALSE,FALSE,NULL,,,NULL,NULL,NULL,NULL,NULL,NULL,1,NULL
951,1000,100953,ยาขม ชง น้ำเต้าทอง 5 ซอง/กล่อง,NULL,NULL,ขย.9,NULL,"ยาสมุนไพร, ยาแผนโบราณ",,,กล่อง,8.8507E+12,100,NULL,FALSE,FALSE,NULL,,,NULL,NULL,NULL,NULL,NULL,NULL,1,NULL
952,1000,100954,ยาหวาน ชง น้ำเต้าทอง 5ซอง/กล่อง,NULL,NULL,ขย.9,NULL,"ยาสมุนไพร, ยาแผนโบราณ",,,กล่อง,8.8507E+12,100,NULL,FALSE,FALSE,NULL,,,NULL,NULL,NULL,NULL,NULL,NULL,1,NULL
953,1000,100955,ยานัตถุ์หมอมี 12 กรัม,NULL,NULL,ขย.9,NULL,"ยาสมุนไพร, ยาแผนโบราณ",,,ขวด,8.85648E+12,100,NULL,FALSE,FALSE,NULL,,,NULL,NULL,NULL,NULL,NULL,NULL,1,NULL
954,1000,100956,ยานัตถุ์หมอชิต 10 กรัม,NULL,NULL,ขย.9,NULL,"ยาสมุนไพร, ยาแผนโบราณ",,,ขวด,962,100,NULL,FALSE,FALSE,NULL,,,NULL,NULL,NULL,NULL,NULL,NULL,1,NULL
955,1000,100957,ยาหอมแก้ลม  ตราหมอเอี้ยง 74 กรัม,NULL,NULL,ขย.9,NULL,"ยาสมุนไพร, ยาแผนโบราณ",,,ขวด,100957,100,NULL,FALSE,FALSE,NULL,,,NULL,NULL,NULL,NULL,NULL,NULL,1,NULL
956,1000,100958,ยาหอม ตรา 5 เจดีย์ 12ซอง,NULL,NULL,ขย.9,NULL,"ยาสมุนไพร, ยาแผนโบราณ",,,แพ็ค,331603,100,NULL,FALSE,FALSE,NULL,,,NULL,NULL,NULL,NULL,NULL,NULL,1,NULL
957,1000,100959,ยาหอม 5 เจดีย์ 25 กรัม No.2,NULL,NULL,ขย.9,NULL,"ยาสมุนไพร, ยาแผนโบราณ",,,กล่อง,8.85308E+12,100,NULL,FALSE,FALSE,NULL,,,NULL,NULL,NULL,NULL,NULL,NULL,1,NULL
958,1000,100960,ยาหอม 5 เจดีย์ 9 กรัม No.2,NULL,NULL,ขย.9,NULL,"ยาสมุนไพร, ยาแผนโบราณ",,,กล่อง,8.85308E+12,100,NULL,FALSE,FALSE,NULL,,,NULL,NULL,NULL,NULL,NULL,NULL,1,NULL
959,1000,100961,ยาหอม 5 เจดีย์ 4 กรัม No. 3,NULL,NULL,ขย.9,NULL,"ยาสมุนไพร, ยาแผนโบราณ",,,กล่อง,8.85308E+12,100,NULL,FALSE,FALSE,NULL,,,NULL,NULL,NULL,NULL,NULL,NULL,1,NULL
960,1000,100962,ยาหอม ตราเด็กในพานทอง 17 กรัม,NULL,NULL,ขย.9,NULL,"ยาสมุนไพร, ยาแผนโบราณ",,,กล่อง,8.85702E+12,100,NULL,FALSE,FALSE,NULL,,,NULL,NULL,NULL,NULL,NULL,NULL,1,NULL
961,1000,100963,ยาหอม ตราเด็กในพานทอง 37 กรัม,NULL,NULL,ขย.9,NULL,"ยาสมุนไพร, ยาแผนโบราณ",,,กล่อง,8.85702E+12,100,NULL,FALSE,FALSE,NULL,,,NULL,NULL,NULL,NULL,NULL,NULL,1,NULL
962,1000,100964,ยาหอม ตราฤาษีทรงม้า 10 กรัม No.2,NULL,NULL,ขย.9,NULL,"ยาสมุนไพร, ยาแผนโบราณ",,,กล่อง,100964,100,NULL,FALSE,FALSE,NULL,,,NULL,NULL,NULL,NULL,NULL,NULL,1,NULL
963,1000,100965,ยาหอม ตราฤาษีทรงม้า 15 กรัม No.1,NULL,NULL,ขย.9,NULL,"ยาสมุนไพร, ยาแผนโบราณ",,,กล่อง,100965,100,NULL,FALSE,FALSE,NULL,,,NULL,NULL,NULL,NULL,NULL,NULL,1,NULL
964,1000,100966,ยาหอม ตราฤาษีทรงม้า 30 กรัม No.กล่องพิเศษ,NULL,NULL,ขย.9,NULL,"ยาสมุนไพร, ยาแผนโบราณ",,,กล่อง,100966,100,NULL,FALSE,FALSE,NULL,,,NULL,NULL,NULL,NULL,NULL,NULL,1,NULL
965,1000,100967,แมสก์ ดรอป กลิ่นเฟรชมิ้นท์ 3 ซีซี,NULL,NULL,ขย.9,NULL,เบ็ดเตล็ด,,,ชิ้น,8.85011E+12,100,NULL,FALSE,FALSE,NULL,,,NULL,NULL,NULL,NULL,NULL,NULL,1,NULL
966,1000,100968,แมสก์ ดรอป เซียงเพียว 3 ซีซี,GINGKO-BILOBA,VITAMINS & MINERALS,ขย.9,NULL,เบ็ดเตล็ด,,,ชิ้น,8.85011E+12,100,NULL,FALSE,FALSE,NULL,,,39,NULL,NULL,NULL,NULL,NULL,1,NULL
967,1000,100969,แมสก์ ดรอป กลิ่นแบล็คมิ้นท์ 3 ซีซี,NULL,NULL,ขย.9,NULL,เบ็ดเตล็ด,,,ชิ้น,8.85011E+12,100,NULL,FALSE,FALSE,NULL,,,NULL,NULL,NULL,NULL,NULL,NULL,1,NULL
968,1000,100970,ยากวาด ตราใบโพธิ์ บรรจุ 10 เม็ด,NULL,NULL,ขย.9,NULL,"ยาสมุนไพร, ยาแผนโบราณ",,,ซอง,8.85697E+12,100,NULL,FALSE,FALSE,NULL,,,NULL,NULL,NULL,NULL,NULL,NULL,1,NULL
969,1000,100971,ยาเขียว ตราดอกบัว (ชนิดเม็ด) บรรจุ 15 เม็ด,NULL,NULL,ขย.9,NULL,"ยาสมุนไพร, ยาแผนโบราณ",,,ซอง,8.85702E+12,100,NULL,FALSE,FALSE,NULL,,,NULL,NULL,NULL,NULL,NULL,NULL,1,NULL
970,1000,100972,ยาเขียว สามฤดู ตราปลาคู่ (สูตรเข้มข้น) 10 แคปซูล,NULL,NULL,ขย.9,NULL,"ยาสมุนไพร, ยาแผนโบราณ",,,แผง,8.85912E+12,100,NULL,FALSE,FALSE,NULL,,,NULL,NULL,NULL,NULL,NULL,NULL,1,NULL
971,1000,100973,ยาเขียว สามฤดู ตราปลาคู่ ชนิดผง 6 กรัม,NULL,NULL,ขย.9,NULL,"ยาสมุนไพร, ยาแผนโบราณ",,,ซอง,8.85912E+12,100,NULL,FALSE,FALSE,NULL,,,NULL,NULL,NULL,NULL,NULL,NULL,1,NULL
972,1000,100974,ยาเขียว ชนิดเม็ด ตราใบห่อ บรรจุ 12 เม็ด,NULL,NULL,ขย.9,NULL,"ยาสมุนไพร, ยาแผนโบราณ",,,ซอง,8.85894E+12,100,NULL,FALSE,FALSE,NULL,,,NULL,NULL,NULL,NULL,NULL,NULL,1,NULL
973,1000,100975,ยาเขียว สามฤดู ตราปลาคู่ ชนิดเม็ด 16 เม็ด,NULL,NULL,ขย.9,NULL,"ยาสมุนไพร, ยาแผนโบราณ",,,ซอง,8.85912E+12,100,NULL,FALSE,FALSE,NULL,,,NULL,NULL,NULL,NULL,NULL,NULL,1,NULL
974,1000,100976,ยาเขียว ตราดอกบัว (ชนิดผง) บรรจุ 5 กรัม,NULL,NULL,ขย.9,NULL,"ยาสมุนไพร, ยาแผนโบราณ",,,ซอง,8.85702E+12,100,NULL,FALSE,FALSE,NULL,,,NULL,NULL,NULL,NULL,NULL,NULL,1,NULL
975,1000,100977,ยาเขียว ชนิดผง ตราใบห่อ บรรจุ 8 กรัม,NULL,NULL,ขย.9,NULL,"ยาสมุนไพร, ยาแผนโบราณ",,,ซอง,8.85894E+12,100,NULL,FALSE,FALSE,NULL,,,NULL,NULL,NULL,NULL,NULL,NULL,1,NULL
976,1000,100978,ยาเขียว ตราใบโพธิ์ บรรจุ 15 เม็ด,NULL,NULL,ขย.9,NULL,"ยาสมุนไพร, ยาแผนโบราณ",,,ซอง,8.85697E+12,100,NULL,FALSE,FALSE,NULL,,,NULL,NULL,NULL,NULL,NULL,NULL,1,NULL
977,1000,100979,ยาดม หงษ์ไทย สูตร2 ขนาด 10 กรัม,METHYL SALICYLATE+MENTHOL+EUGENOL,MOUTH/THROAT PREPARATIONS,ขย.9,NULL,"ยาสมุนไพร, ยาแผนโบราณ",,,กระปุก,8.85913E+12,100,NULL,FALSE,FALSE,NULL,,,45,NULL,NULL,NULL,NULL,NULL,1,NULL
978,1000,100980,ยาดม หงษ์ไทย สูตร2 ขนาด 5 กรัม,NULL,NULL,ขย.9,NULL,"ยาสมุนไพร, ยาแผนโบราณ",,,กระปุก,8.85913E+12,100,NULL,FALSE,FALSE,NULL,,,NULL,NULL,NULL,NULL,NULL,NULL,1,NULL
979,1000,100981,ยาดมส้มมือจรุงจิต  ขนาด 2 กรัม,NULL,NULL,ขย.9,NULL,"ยาสมุนไพร, ยาแผนโบราณ",,,ขวด,8.85112E+12,100,NULL,FALSE,FALSE,NULL,,,NULL,NULL,NULL,NULL,NULL,NULL,1,NULL
980,1000,100982,ยาดม เป๊ปเปอร์มิ้นท์ ฟิลด์ 2 ซีซี,NULL,NULL,ขย.9,NULL,ยาดม,,,หลอด,8.85011E+12,100,NULL,FALSE,FALSE,NULL,,,NULL,NULL,NULL,NULL,NULL,NULL,1,NULL
981,1000,100983,ยาดม ท่านเจ้าคุณ คละสี 2 ซีซี,NULL,NULL,ขย.9,NULL,ยาดม,,,หลอด,8.85147E+12,100,NULL,FALSE,FALSE,NULL,,,NULL,NULL,NULL,NULL,NULL,NULL,1,NULL
982,1000,100984,ยาดม วาเป๊กซ์ ทูอินวัน 2 ซีซี,NULL,NULL,ขย.9,NULL,ยาดม,,,หลอด,8.85017E+12,100,NULL,FALSE,FALSE,NULL,,,NULL,NULL,NULL,NULL,NULL,NULL,1,NULL
983,1000,100985,ยาดม โป๊ยเซียน คละสี 2 ซีซี,NULL,NULL,ขย.9,NULL,ยาดม,,,หลอด,8.85145E+12,100,NULL,FALSE,FALSE,NULL,,,NULL,NULL,NULL,NULL,NULL,NULL,1,NULL
984,1000,100986,ยาดม พลาสเทล คละสี 1.5 ซีซี,NULL,NULL,ขย.9,NULL,ยาดม,,,หลอด,8.85974E+12,100,NULL,FALSE,FALSE,NULL,,,NULL,NULL,NULL,NULL,NULL,NULL,1,NULL
985,1000,100987,ยาดม พีเป๊กซ์ สีแดงหัวแหลม,NULL,NULL,ขย.9,NULL,ยาดม,,,หลอด,8.85145E+12,100,NULL,FALSE,FALSE,NULL,,,NULL,NULL,NULL,NULL,NULL,NULL,1,NULL
986,1000,100988,ยาดม ตราไผ่คู่ (เขียว) 2 กรัม,NULL,NULL,ขย.9,NULL,ยาดม,,,หลอด,8.85702E+12,100,NULL,FALSE,FALSE,NULL,,,NULL,NULL,NULL,NULL,NULL,NULL,1,NULL
987,1000,100989,ยาดม ตราไผ่คู่ (ขาว) 2 กรัม,NULL,NULL,ขย.9,NULL,ยาดม,,,หลอด,8.85702E+12,100,NULL,FALSE,FALSE,NULL,,,NULL,NULL,NULL,NULL,NULL,NULL,1,NULL
988,1000,100990,ยาดม เซียงเพียว สูตร2 ขนาด 2 ซีซี,NULL,NULL,ขย.9,NULL,ยาดม,,,หลอด,8.85011E+12,100,NULL,FALSE,FALSE,NULL,,,NULL,NULL,NULL,NULL,NULL,NULL,1,NULL
989,1000,100991,ยาดม ตราถ้วยทอง กลิ่นเลมอน  2 ซีซี,NULL,NULL,ขย.9,NULL,ยาดม,,,หลอด,8.8522E+12,100,NULL,FALSE,FALSE,NULL,,,NULL,NULL,NULL,NULL,NULL,NULL,1,NULL
990,1000,100992,ยาดม ตราถ้วยทอง กลิ่นลาเวนเดอร์ 2 ซีซี,NULL,NULL,ขย.9,NULL,ยาดม,,,หลอด,8.8522E+12,100,NULL,FALSE,FALSE,NULL,,,NULL,NULL,NULL,NULL,NULL,NULL,1,NULL
991,1000,100993,ยาดม ตราเฌอเอม 1 กรัม,NULL,NULL,ขย.9,NULL,ยาดม,,,หลอด,8.85507E+12,100,NULL,FALSE,FALSE,NULL,,,NULL,NULL,NULL,NULL,NULL,NULL,1,NULL
992,1000,100994,แป้งโยคี 1997 ขนาด 100 กรัม,ZINC+MAGNESIUM,NULL,ขย.9,NULL,ยาสามัญประจำบ้าน,,,ขวด,8.85112E+12,100,NULL,FALSE,FALSE,NULL,,,NULL,NULL,NULL,NULL,NULL,NULL,1,NULL
993,1000,100995,แป้งโยคี 1997 แบบเย็น ขนาด 60 กรัม,ZINC+MAGNESIUM,NULL,ขย.9,NULL,ยาสามัญประจำบ้าน,,,ขวด,8.85112E+12,100,NULL,FALSE,FALSE,NULL,,,NULL,NULL,NULL,NULL,NULL,NULL,1,NULL
994,1000,100996,แป้งโยคี ในรัศมีวงกลม สูตรเย็น ขนาด 60 กรัม,CALAMINE+ZINC OXIDE+GLYCERINE,NULL,ขย.9,NULL,ยาสามัญประจำบ้าน,,,ขวด,8.85867E+12,100,NULL,FALSE,FALSE,NULL,,,NULL,NULL,NULL,NULL,NULL,NULL,1,NULL
995,1000,100997,แป้งโยคี ในรัศมีวงกลม ขนาด 100 กรัม,CALAMINE+ZINC OXIDE+GLYCERINE,NULL,ขย.9,NULL,ยาสามัญประจำบ้าน,,,ขวด,8.85867E+12,100,NULL,FALSE,FALSE,NULL,,,NULL,NULL,NULL,NULL,NULL,NULL,1,NULL
996,1000,100998,ผงโยคี 1997 ขนาด 60 กรัม,NULL,NULL,ขย.9,NULL,ยาสามัญประจำบ้าน,,,ขวด,8.85112E+12,100,NULL,FALSE,FALSE,NULL,,,NULL,NULL,NULL,NULL,NULL,NULL,1,NULL
997,1000,100999,ยาหอมเทพจิต ตราห้าม้า บรรจุ 30 เม็ด,NULL,NULL,ขย.9,NULL,"ยาสมุนไพร, ยาแผนโบราณ",,,ชิ้น,8.85657E+12,100,NULL,FALSE,FALSE,NULL,,,NULL,NULL,NULL,NULL,NULL,NULL,1,NULL
998,1000,101000,ยาหอมเทพจิต ขาวละออ บรรจุ 15 เม็ด,NULL,NULL,ขย.9,NULL,"ยาสมุนไพร, ยาแผนโบราณ",,,ชิ้น,8.85014E+12,100,NULL,FALSE,FALSE,NULL,,,NULL,NULL,NULL,NULL,NULL,NULL,1,NULL
999,1000,101001,ยาถ่ายสมุนไพร (กษัยเส้นเดิม) ตราเด็กในพานทอง บรรจุ 25 เม็ด,NULL,NULL,ขย.9,NULL,"ยาสมุนไพร, ยาแผนโบราณ",,,กล่อง,8.85702E+12,100,NULL,FALSE,FALSE,NULL,,,NULL,NULL,NULL,NULL,NULL,NULL,1,NULL
1000,1000,101002,ยากษัยเส้น ตราเด็กในพานทอง (ชนิดแคปซูล) บรรจุ 10 แคปซูล,NULL,NULL,ขย.9,NULL,"ยาสมุนไพร, ยาแผนโบราณ",,,กล่อง,8.85702E+12,100,NULL,FALSE,FALSE,NULL,,,NULL,NULL,NULL,NULL,NULL,NULL,1,NULL
1001,1000,101003,ยาถ่ายสมุนไพร (กษัยเส้นเดิม) ตราเด็กในพานทอง บรรจุ 5 เม็ด,NULL,NULL,ขย.9,NULL,"ยาสมุนไพร, ยาแผนโบราณ",,,ซอง,8.85702E+12,100,NULL,FALSE,FALSE,NULL,,,NULL,NULL,NULL,NULL,NULL,NULL,1,NULL
1002,1000,101004,พร-ยาเป่าคอ (ตรากาไก่) 2 กรัม,NULL,NULL,ขย.9,NULL,"ยาสมุนไพร, ยาแผนโบราณ",,,ซอง,8.85712E+12,100,NULL,FALSE,FALSE,NULL,,,NULL,NULL,NULL,NULL,NULL,NULL,1,NULL
1003,1000,101005,ยากวาด สมานลิ้น ขาวละออ 2 กรัม,NULL,NULL,ขย.9,NULL,"ยาสมุนไพร, ยาแผนโบราณ",,,ซอง,8.85014E+12,100,NULL,FALSE,FALSE,NULL,,,NULL,NULL,NULL,NULL,NULL,NULL,1,NULL
1004,1000,101006,ยากษัยเส้น ตราหัวเสือ บรรจุ 6 เม็ด,NULL,NULL,ขย.9,NULL,"ยาสมุนไพร, ยาแผนโบราณ",,,ซอง,8.85297E+12,100,NULL,FALSE,FALSE,NULL,,,NULL,NULL,NULL,NULL,NULL,NULL,1,NULL
1005,1000,101007,VICKS วิคส์ วาโปรับ ขนาด 25 กรัม,CAMPHOR,ANTIHISTAMINES & ANTIALLERGICS,ขย.9,NULL,ยาสามัญประจำบ้าน,,,กระปุก,4.98718E+12,100,NULL,FALSE,FALSE,NULL,,,NULL,NULL,NULL,NULL,NULL,NULL,1,NULL
1006,1000,101008,VICKS วิคส์ วาโปรับ ขนาด 10 กรัม,CAMPHOR,ANTIHISTAMINES & ANTIALLERGICS,ขย.9,NULL,ยาสามัญประจำบ้าน,,,ตลับ,4.98718E+12,100,NULL,FALSE,FALSE,NULL,,,53,NULL,NULL,NULL,NULL,NULL,1,NULL
1007,1000,101009,VICKS วิคส์ วาโปรับ ขนาด 5 กรัม,CAMPHOR,NULL,ขย.9,NULL,ยาสามัญประจำบ้าน,,,ตลับ,101009,100,NULL,FALSE,FALSE,NULL,,,NULL,NULL,NULL,NULL,NULL,NULL,1,NULL
1008,1000,101010,ยาหม่อง ตราถ้วยทอง 2 กรัม,METHYL SALICYLATE+MENTHOL+EUGENOL,NULL,ขย.9,NULL,ยาสามัญประจำบ้าน,,,ตลับ,8.8522E+12,100,NULL,FALSE,FALSE,NULL,,,NULL,NULL,NULL,NULL,NULL,NULL,1,NULL
1009,1000,101011,ยาหม่อง ตราถ้วยทอง 4 กรัม,METHYL SALICYLATE+MENTHOL+EUGENOL,NULL,ขย.9,NULL,ยาสามัญประจำบ้าน,,,ตลับ,8.8522E+12,100,NULL,FALSE,FALSE,NULL,,,NULL,NULL,NULL,NULL,NULL,NULL,1,NULL
1010,1000,101012,ยาหม่อง ตราถ้วยทอง 8 กรัม,METHYL SALICYLATE+MENTHOL+EUGENOL,NULL,ขย.9,NULL,ยาสามัญประจำบ้าน,,,ตลับ,8.8522E+12,100,NULL,FALSE,FALSE,NULL,,,NULL,NULL,NULL,NULL,NULL,NULL,1,NULL
1011,1000,101013,ยาหม่อง ตราถ้วยทอง 22 กรัม,METHYL SALICYLATE+MENTHOL+EUGENOL,NULL,ขย.9,NULL,ยาสามัญประจำบ้าน,,,กระปุก,8.8522E+12,100,NULL,FALSE,FALSE,NULL,,,NULL,NULL,NULL,NULL,NULL,NULL,1,NULL
1012,1000,101014,ยาหม่อง ตราถ้วยทอง 50 กรัม,METHYL SALICYLATE+MENTHOL+EUGENOL,NULL,ขย.9,NULL,ยาสามัญประจำบ้าน,,,กระปุก,8.8522E+12,100,NULL,FALSE,FALSE,NULL,,,NULL,NULL,NULL,NULL,NULL,NULL,1,NULL
1013,1000,101015,ยาหม่อง ตราเสือ (แดง) 19.4 กรัม,CAMPHOR,NULL,ขย.9,NULL,ยาสามัญประจำบ้าน,,,กระปุก,8.85199E+12,100,NULL,FALSE,FALSE,NULL,,,NULL,NULL,NULL,NULL,NULL,NULL,1,NULL
1014,1000,101016,ยาหม่อง ตราเสือ (แดง) 10 กรัม,CAMPHOR,NULL,ขย.9,NULL,ยาสามัญประจำบ้าน,,,กระปุก,8.85199E+12,100,NULL,FALSE,FALSE,NULL,,,NULL,NULL,NULL,NULL,NULL,NULL,1,NULL
1015,1000,101017,ยาหม่องขาว เซียงเพียว 12 กรัม,METHYL SALICYLATE+MENTHOL+EUGENOL,NULL,ขย.9,NULL,ยาสามัญประจำบ้าน,,,กระปุก,8.85011E+12,100,NULL,FALSE,FALSE,NULL,,,NULL,NULL,NULL,NULL,NULL,NULL,1,NULL
1016,1000,101018,ยาหม่องเหลือง เซียงเพียว 12 กรัม,METHYL SALICYLATE+MENTHOL+EUGENOL,NULL,ขย.9,NULL,ยาสามัญประจำบ้าน,,,กระปุก,8.85011E+12,100,NULL,FALSE,FALSE,NULL,,,NULL,NULL,NULL,NULL,NULL,NULL,1,NULL
1017,1000,101019,ยาหม่องขวา ตรา 5 เจดีย์ ขนาด 10 กรัม,NULL,NULL,ขย.9,NULL,ยาสามัญประจำบ้าน,,,ตลับ,8.85308E+12,100,NULL,FALSE,FALSE,NULL,,,NULL,NULL,NULL,NULL,NULL,NULL,1,NULL
1018,1000,101020,ยาหม่องขาว ตราลิงถือลูกท้อ ขนาด 4 กรัม,NULL,NULL,ขย.9,NULL,ยาสามัญประจำบ้าน,,,ตลับ,8.8581E+12,100,NULL,FALSE,FALSE,NULL,,,NULL,NULL,NULL,NULL,NULL,NULL,1,NULL
1019,1000,101021,ยาหม่องขาว ตราลิงถือลูกท้อ ขนาดใหญ่พิเศษ 18 กรัม,NULL,NULL,ขย.9,NULL,ยาสามัญประจำบ้าน,,,กระปุก,8.8581E+12,100,NULL,FALSE,FALSE,NULL,,,NULL,NULL,NULL,NULL,NULL,NULL,1,NULL
1020,1000,101022,VICKS วิคส์ วาโปรับ ขนาด 50 กรัม,CAMPHOR,NULL,ขย.9,NULL,ยาสามัญประจำบ้าน,,,กระปุก,4.98718E+12,100,NULL,FALSE,FALSE,NULL,,,NULL,NULL,NULL,NULL,NULL,NULL,1,NULL
1021,1000,101023,ทิฟฟี่รับ ขนาด 40 กรัม,CAMPHOR,ANTIDIARRHOEALS,ขย.9,NULL,ยาสามัญประจำบ้าน,,,กระปุก,8.85147E+12,100,NULL,FALSE,FALSE,NULL,,,109,NULL,NULL,NULL,NULL,NULL,1,NULL
1022,1000,101024,ทิฟฟี่รับ ขนาด 20 กรัม,CAMPHOR,NULL,ขย.9,NULL,ยาสามัญประจำบ้าน,,,กระปุก,8.85147E+12,100,NULL,FALSE,FALSE,NULL,,,NULL,NULL,NULL,NULL,NULL,NULL,1,NULL
1023,1000,101025,ทิฟฟี่รับ ขนาด 10 กรัม,CAMPHOR,MOUTH/THROAT PREPARATIONS,ขย.9,NULL,ยาสามัญประจำบ้าน,,,ตลับ,8.85147E+12,100,NULL,FALSE,FALSE,NULL,,,39,NULL,NULL,NULL,NULL,NULL,1,NULL
1024,1000,101026,ยาหม่องเขียว ตรายุง บรรจุ 13 กรัม,NULL,NULL,ขย.9,NULL,ยาสามัญประจำบ้าน,,,กระปุก,8.85461E+12,100,NULL,FALSE,FALSE,NULL,,,NULL,NULL,NULL,NULL,NULL,NULL,1,NULL
1025,1000,101027,แซม-บัค เอชอาร์ ขนาด 36 กรัม,EUCALYPTUS,NULL,ขย.9,NULL,ยาสามัญประจำบ้าน,,,ตลับ,8.85017E+12,100,NULL,FALSE,FALSE,NULL,,,NULL,NULL,NULL,NULL,NULL,NULL,1,NULL
1026,1000,101028,Zambuk -HR  ขนาด 18 กรัม,EUCALYPTUS,MOUTH/THROAT PREPARATIONS,ขย.9,NULL,ยาสามัญประจำบ้าน,,,ตลับ,8.85017E+12,100,NULL,FALSE,FALSE,NULL,,,49,NULL,NULL,NULL,NULL,NULL,1,NULL
1027,1000,101029,แซม-บัค เอชอาร์ ขนาด 8 กรัม,EUCALYPTUS,MOUTH/THROAT PREPARATIONS,ขย.9,NULL,ยาสามัญประจำบ้าน,,,ตลับ,8.85017E+12,100,NULL,FALSE,FALSE,NULL,,,32,NULL,NULL,NULL,NULL,NULL,1,NULL
1028,1000,101030,น้ำมันยูคาลิปตัส โบสิสโต ตรานกแก้ว 8.5 ซีซี,EUCALYPTUS,NULL,ขย.9,NULL,ยาสามัญประจำบ้าน,,,ขวด,8.8588E+12,100,NULL,FALSE,FALSE,NULL,,,NULL,NULL,NULL,NULL,NULL,NULL,1,NULL
1029,1000,101031,น้ำมันยูคาลิปตัส โบสิสโต ตรานกแก้ว 28 ซีซี,EUCALYPTUS,NULL,ขย.9,NULL,ยาสามัญประจำบ้าน,,,ขวด,8.8588E+12,100,NULL,FALSE,FALSE,NULL,,,NULL,NULL,NULL,NULL,NULL,NULL,1,NULL
1030,1000,101032,น้ำมันยูคาลิปตัส ตรา วิทยาศรม 15 ซีซี,EUCALYPTUS,NULL,ขย.9,NULL,ยาสามัญประจำบ้าน,,,ขวด,101032,100,NULL,FALSE,FALSE,NULL,,,NULL,NULL,NULL,NULL,NULL,NULL,1,NULL
1031,1000,101033,น้ำยายูคาลิปตัส ตรา วิทยาศรม 30 ซีซี,EUCALYPTUS,NULL,ขย.9,NULL,ยาสามัญประจำบ้าน,,,ขวด,8.85008E+12,100,NULL,FALSE,FALSE,NULL,,,NULL,NULL,NULL,NULL,NULL,NULL,1,NULL
1032,1000,101034,ยาหม่องน้ำ เซียงเพียวอิ๊ว สูตร1 ขนาด 3 ซีซี (แดง),MENTHOL,NULL,ขย.9,NULL,"ยาสมุนไพร, ยาแผนโบราณ",,,ขวด,8.85011E+12,100,NULL,FALSE,FALSE,NULL,,,NULL,NULL,NULL,NULL,NULL,NULL,1,NULL
1033,1000,101035,ยาหม่องน้ำ เซียงเพียวอิ๊ว สูตร1 ขนาด 7 ซีซี (แดง),MENTHOL,NULL,ขย.9,NULL,"ยาสมุนไพร, ยาแผนโบราณ",,,ขวด,8.85011E+12,100,NULL,FALSE,FALSE,NULL,,,NULL,NULL,NULL,NULL,NULL,NULL,1,NULL
1034,1000,101036,ยาหม่องน้ำ เซียงเพียวอิ๊ว สูตร1 ขนาด 25 ซีซี (แดง),MENTHOL,NULL,ขย.9,NULL,"ยาสมุนไพร, ยาแผนโบราณ",,,ขวด,8.85011E+12,100,NULL,FALSE,FALSE,NULL,,,NULL,NULL,NULL,NULL,NULL,NULL,1,NULL
1035,1000,101037,ยาหม่องน้ำ เซียงเพียวอิ๊ว สูตร2 ขนาด 3 ซีซี (ขาว),MENTHOL,NULL,ขย.9,NULL,"ยาสมุนไพร, ยาแผนโบราณ",,,ขวด,8.85011E+12,100,NULL,FALSE,FALSE,NULL,,,NULL,NULL,NULL,NULL,NULL,NULL,1,NULL
1036,1000,101038,ยาหม่องน้ำ เซียงเพียวอิ๊ว สูตร2 ขนาด 7 ซีซี (ขาว),MENTHOL,NULL,ขย.9,NULL,"ยาสมุนไพร, ยาแผนโบราณ",,,ขวด,8.85011E+12,100,NULL,FALSE,FALSE,NULL,,,NULL,NULL,NULL,NULL,NULL,NULL,1,NULL
1037,1000,101039,ยาหม่องน้ำ เซียงเพียวอิ๊ว สูตร2 ขนาด 25 ซีซี (ขาว),MENTHOL,NULL,ขย.9,NULL,"ยาสมุนไพร, ยาแผนโบราณ",,,ขวด,8.85011E+12,100,NULL,FALSE,FALSE,NULL,,,NULL,NULL,NULL,NULL,NULL,NULL,1,NULL
1038,1000,101040,วาเป๊กซ์ เอชอาร์ 5 ซีซี,MENTHOL,VITAMINS & MINERALS,ขย.9,NULL,ยาสามัญประจำบ้าน,,,ขวด,8.85017E+12,100,NULL,FALSE,FALSE,NULL,,,43,NULL,NULL,NULL,NULL,NULL,1,NULL
1039,1000,101041,วาเป๊กซ์ เอชอาร์ 14 ซีซี,MENTHOL,NULL,ขย.9,NULL,ยาสามัญประจำบ้าน,,,ขวด,8.85017E+12,100,NULL,FALSE,FALSE,NULL,,,NULL,NULL,NULL,NULL,NULL,NULL,1,NULL
1040,1000,101042,พิมเสนน้ำ ตราโป๊ยเซียน 8 ซีซี,MENTHOL,NULL,ขย.9,NULL,"ยาสมุนไพร, ยาแผนโบราณ",,,ชิ้น,8.85145E+12,100,NULL,FALSE,FALSE,NULL,,,NULL,NULL,NULL,NULL,NULL,NULL,1,NULL
1041,1000,101043,ไอซ์ เจลลิปาล์ม 7 กรัม,MENTHOL,VITAMINS & MINERALS,ขย.9,NULL,"ยาสมุนไพร, ยาแผนโบราณ",,,ชิ้น,8.85406E+12,100,NULL,FALSE,FALSE,NULL,,,26,NULL,NULL,NULL,NULL,NULL,1,NULL
1042,1000,101044,ยาหม่อง ตราเสือ (ขาว) 10 กรัม,CAMPHOR,NULL,ขย.9,NULL,ยาสามัญประจำบ้าน,,,กระปุก,8.85199E+12,100,NULL,FALSE,FALSE,NULL,,,NULL,NULL,NULL,NULL,NULL,NULL,1,NULL
1043,1000,101045,ยาหม่อง ตราเสือ (ขาว) 19.4 กรัม,CAMPHOR,NULL,ขย.9,NULL,"ยาสมุนไพร, ยาแผนโบราณ",,,กระปุก,8.85199E+12,100,NULL,FALSE,FALSE,NULL,,,NULL,NULL,NULL,NULL,NULL,NULL,1,NULL
1044,1000,101046,เม็นโทลาทัม 28 กรัม,MENTHOL,NULL,ขย.9,NULL,ยาสามัญประจำบ้าน,,,กระปุก,8.85152E+12,100,NULL,FALSE,FALSE,NULL,,,NULL,NULL,NULL,NULL,NULL,NULL,1,NULL
1045,1000,101047,เม็นโทลาทัม 85 กรัม,MENTHOL,NULL,ขย.9,NULL,ยาสามัญประจำบ้าน,,,กระปุก,8.85152E+12,100,NULL,FALSE,FALSE,NULL,,,NULL,NULL,NULL,NULL,NULL,NULL,1,NULL
1046,1000,101048,ยาหม่องผสมเสลดพังพอน สูตร2 ตราวังพรม 20 กรัม,ACETYLCYSTEINE,ANTIDIARRHOEALS,ขย.9,NULL,"ยาสมุนไพร, ยาแผนโบราณ",,,กระปุก,8.85811E+12,100,NULL,FALSE,FALSE,NULL,,,44,NULL,NULL,NULL,NULL,NULL,1,NULL
1047,1000,101049,ยาหม่องผสมเสลดพังพอน สูตร2 ตราวังพรม 50 กรัม เขียว,ACETYLCYSTEINE,MOUTH/THROAT PREPARATIONS,ขย.9,NULL,"ยาสมุนไพร, ยาแผนโบราณ",,,กระปุก,8.85811E+12,100,NULL,FALSE,FALSE,NULL,,,79,NULL,NULL,NULL,NULL,NULL,1,NULL
1048,1000,101050,ยาหม่องผสมเสลดพังพอน สูตร2 ตราวังพรม 100 กรัม เขียว,ACETYLCYSTEINE,MOUTH/THROAT PREPARATIONS,ขย.9,NULL,"ยาสมุนไพร, ยาแผนโบราณ",,,กระปุก,8.85811E+12,100,NULL,FALSE,FALSE,NULL,,,136,NULL,NULL,NULL,NULL,NULL,1,NULL
1049,1000,101051,ยาหม่องผสมไพล สูตร2 ตราวังพรม 20 กรัม,NULL,NULL,ขย.9,NULL,"ยาสมุนไพร, ยาแผนโบราณ",,,กระปุก,8.85811E+12,100,NULL,FALSE,FALSE,NULL,,,NULL,NULL,NULL,NULL,NULL,NULL,1,NULL
1050,1000,101052,ยาหม่องผสมไพล สูตร2 ตราวังพรม 50 กรัม,NULL,NULL,ขย.9,NULL,"ยาสมุนไพร, ยาแผนโบราณ",,,กระปุก,8.85811E+12,100,NULL,FALSE,FALSE,NULL,,,NULL,NULL,NULL,NULL,NULL,NULL,1,NULL
1051,1000,101053,ยาหม่องเสลดพังพอน ตราแม่กุหลาบ 50 กรัม,NULL,NULL,ขย.9,NULL,"ยาสมุนไพร, ยาแผนโบราณ",,,กรปุก,8.85657E+12,100,NULL,FALSE,FALSE,NULL,,,NULL,NULL,NULL,NULL,NULL,NULL,1,NULL
1052,1000,101054,อุทัยทิพย์ ตรากิเลน 15 ซีซี,NULL,NULL,ขย.9,NULL,"ยาสมุนไพร, ยาแผนโบราณ",,,ขวด,8.85112E+12,100,NULL,FALSE,FALSE,NULL,,,NULL,NULL,NULL,NULL,NULL,NULL,1,NULL
1053,1000,101055,ยาอุทัยหมอมี สูตร2 ขนาด 60 ซีซี,NULL,NULL,ขย.9,NULL,"ยาสมุนไพร, ยาแผนโบราณ",,,ขวด,8.85648E+12,100,NULL,FALSE,FALSE,NULL,,,48,NULL,NULL,NULL,NULL,NULL,1,NULL
1054,1000,101056,ยาอุทัยหมอมี สูตร2 ขนาด 240 ซีซี,NULL,NULL,ขย.9,NULL,"ยาสมุนไพร, ยาแผนโบราณ",,,ขวด,8.85648E+12,100,NULL,FALSE,FALSE,NULL,,,NULL,NULL,NULL,NULL,NULL,NULL,1,NULL
1055,1000,101057,เอ็ม.16 ตราปืน 3 ซีซี,LIDOCAINE,NULL,ขย.9,NULL,ยาใช้เฉพาะที่,,,ขวด,8.85501E+12,100,NULL,FALSE,FALSE,NULL,,,NULL,NULL,NULL,NULL,NULL,NULL,1,NULL
1056,1000,101058,ฮาเร็ก บาล์ ขนาด 60 กรัม,METHYL SALICYLATE+MENTHOL+EUGENOL,NULL,ขย.9,NULL,ยาสามัญประจำบ้าน,,,กระปุก,8.85384E+12,100,NULL,FALSE,FALSE,NULL,,,NULL,NULL,NULL,NULL,NULL,NULL,1,NULL
1057,1000,101059,ยาหม่องเสลดพังพอน ตรา สำเภาทอง 50 กรัม,ACETYLCYSTEINE,ANTIDIARRHOEALS,ขย.9,NULL,"ยาสมุนไพร, ยาแผนโบราณ",,,กระปุก,8.8571E+12,100,NULL,FALSE,FALSE,NULL,,,39,NULL,NULL,NULL,NULL,NULL,1,NULL
1058,1000,101060,ยาหม่องเขียว หมอปริญญา ตราหนูชูยศ 50 กรัม,NULL,NULL,ขย.9,NULL,"ยาสมุนไพร, ยาแผนโบราณ",,,กระปุก,1066,100,NULL,FALSE,FALSE,NULL,,,NULL,NULL,NULL,NULL,NULL,NULL,1,NULL
1059,1000,101061,ยาหม่องโอสถ ตรา 5 ม้า 50 กรัม,NULL,NULL,ขย.9,NULL,"ยาสมุนไพร, ยาแผนโบราณ",,,กระปุก,8.85657E+12,100,NULL,FALSE,FALSE,NULL,,,NULL,NULL,NULL,NULL,NULL,NULL,1,NULL
1060,1000,101062,ยาหม่อง กลิ่นดอกโมก ตรา8ทิศ 50 กรัม,NULL,NULL,ขย.9,NULL,"ยาสมุนไพร, ยาแผนโบราณ",,,กระปุก,8.85811E+12,100,NULL,FALSE,FALSE,NULL,,,NULL,NULL,NULL,NULL,NULL,NULL,1,NULL
1061,1000,101063,น้ำมันโอสถทิพย์ 60 กรัม,NULL,NULL,ขย.9,NULL,"ยาสมุนไพร, ยาแผนโบราณ",,,กระปุก,1069,100,NULL,FALSE,FALSE,NULL,,,NULL,NULL,NULL,NULL,NULL,NULL,1,NULL
1062,1000,101064,น้ำมันโอสถทิพย์ สีเหลือง 100 กรัม,NULL,NULL,ขย.9,NULL,"ยาสมุนไพร, ยาแผนโบราณ",,,กระปุก,8.85657E+12,100,NULL,FALSE,FALSE,NULL,,,NULL,NULL,NULL,NULL,NULL,NULL,1,NULL
1063,1000,101065,ยาน้ำสมุนไพร ตรารวงข้าว 24 ซีซี,METHYL SALICYLATE+MENTHOL+EUGENOL,MOUTH/THROAT PREPARATIONS,ขย.9,NULL,"ยาสมุนไพร, ยาแผนโบราณ",,,ขวด,8.85951E+12,100,NULL,FALSE,FALSE,NULL,,,79,NULL,NULL,NULL,NULL,NULL,1,NULL
1064,1000,101066,น้ำมันยาตรานกอินทรีย์ 3 ซีซี,MENTHOL,NULL,ขย.9,NULL,"ยาสมุนไพร, ยาแผนโบราณ",,,ขวด,8.88895E+12,100,NULL,FALSE,FALSE,NULL,,,NULL,NULL,NULL,NULL,NULL,NULL,1,NULL
1065,1000,101067,ยาขี้ผึ้งสีชมพู-40 ขนาด 12 กรัม,ZINC OXIDE,NULL,ขย.9,NULL,ยาสามัญประจำบ้าน,,,ตลับ,8.85876E+12,100,NULL,FALSE,FALSE,NULL,,,NULL,NULL,NULL,NULL,NULL,NULL,1,NULL
1066,1000,101068,ยาขี้ผึ้งสีชมพู-40 ขนาด 30 กรัม,ZINC OXIDE,NULL,ขย.9,NULL,ยาสามัญประจำบ้าน,,,ตลับ,8.85876E+12,100,NULL,FALSE,FALSE,NULL,,,NULL,NULL,NULL,NULL,NULL,NULL,1,NULL
1067,1000,101069,ยาน้ำมันกวางลุ้ง เอชอาร์ 3 ซีซี,MENTHOL,NULL,ขย.9,NULL,ยาสามัญประจำบ้าน,,,ขวด,8.85199E+12,100,NULL,FALSE,FALSE,NULL,,,NULL,NULL,NULL,NULL,NULL,NULL,1,NULL
1068,1000,101070,ยาน้ำมันกวางลุ้ง เอชอาร์ 57 ซีซี,MENTHOL,NULL,ขย.9,NULL,ยาสามัญประจำบ้าน,,,ขวด,8.85199E+12,100,NULL,FALSE,FALSE,NULL,,,NULL,NULL,NULL,NULL,NULL,NULL,1,NULL
1069,1000,101071,พิมเสนน้ำ ตราโป๊ยเซียน 3 ซีซี,MENTHOL,NULL,ขย.9,NULL,"ยาสมุนไพร, ยาแผนโบราณ",,,ขวด,8.85145E+12,100,NULL,FALSE,FALSE,NULL,,,NULL,NULL,NULL,NULL,NULL,NULL,1,NULL
1070,1000,101072,พิมเสนน้ำ ตราโป๊ยเซียน 5 ซีซี,MENTHOL,NULL,ขย.9,NULL,"ยาสมุนไพร, ยาแผนโบราณ",,,ขวด,8.85145E+12,100,NULL,FALSE,FALSE,NULL,,,NULL,NULL,NULL,NULL,NULL,NULL,1,NULL
1071,1000,101073,ยาหม่องน้ำ ตราถ้วยทอง 3 ซีซี,MENTHOL,NULL,ขย.9,NULL,"ยาสมุนไพร, ยาแผนโบราณ",,,ขวด,8.8522E+12,100,NULL,FALSE,FALSE,NULL,,,NULL,NULL,NULL,NULL,NULL,NULL,1,NULL
1072,1000,101074,ยาหม่องน้ำ ตราถ้วยทอง 7 ซีซี,MENTHOL,NULL,ขย.9,NULL,"ยาสมุนไพร, ยาแผนโบราณ",,,ขวด,8.8522E+12,100,NULL,FALSE,FALSE,NULL,,,NULL,NULL,NULL,NULL,NULL,NULL,1,NULL
1073,1000,101075,ยาหม่องน้ำ เซียงเพียวอิ๊ว สูตร1 ชนิดลูกกลิ้ง 3 ซีซี,MENTHOL,NULL,ขย.9,NULL,"ยาสมุนไพร, ยาแผนโบราณ",,,ชิ้น,8.85011E+12,100,NULL,FALSE,FALSE,NULL,,,NULL,NULL,NULL,NULL,NULL,NULL,1,NULL
1074,1000,101076,ยาหม่องน้ำ เซียงเพียวอิ๊ว สูตร2 ชนิดลูกกลิ้ง 3 ซีซี,MENTHOL,NULL,ขย.9,NULL,"ยาสมุนไพร, ยาแผนโบราณ",,,ชิ้น,8.85011E+12,100,NULL,FALSE,FALSE,NULL,,,NULL,NULL,NULL,NULL,NULL,NULL,1,NULL
1075,1000,101077,ยาน้ำมันสีเขียว ผสมเสลดพังพอน ตราวังพรม 20 ซีซี,NULL,NULL,ขย.9,NULL,"ยาสมุนไพร, ยาแผนโบราณ",,,ขวด,8.85811E+12,100,NULL,FALSE,FALSE,NULL,,,NULL,NULL,NULL,NULL,NULL,NULL,1,NULL
1076,1000,101078,ยาน้ำมันเหลือง ผสมไพล ตราวังพรม 20 ซีซี,NULL,NULL,ขย.9,NULL,"ยาสมุนไพร, ยาแผนโบราณ",,,ขวด,8.85811E+12,100,NULL,FALSE,FALSE,NULL,,,NULL,NULL,NULL,NULL,NULL,NULL,1,NULL
1077,1000,101079,น้ำมันสีเขียว หมอปริญญา ตราหนูชูยศ 24 ซีซี,NULL,NULL,ขย.9,NULL,"ยาสมุนไพร, ยาแผนโบราณ",,,ขวด,1085,100,NULL,FALSE,FALSE,NULL,,,NULL,NULL,NULL,NULL,NULL,NULL,1,NULL
1078,1000,101080,กรีนเฮิร์บ ผสมโสม 8 ซีซี,MENTHOL,NULL,ขย.9,NULL,"ยาสมุนไพร, ยาแผนโบราณ",,,ขวด,8.8571E+12,100,NULL,FALSE,FALSE,NULL,,,NULL,NULL,NULL,NULL,NULL,NULL,1,NULL
1079,1000,101081,ขี้ผึ้ง 29A ขนาดบรรจุ 7.5 กรัม,SALICYLIC ACID,NULL,ขย.9,NULL,ยาสามัญประจำบ้าน,,,กระปุก,101081,100,NULL,FALSE,FALSE,NULL,,,NULL,NULL,NULL,NULL,NULL,NULL,1,NULL
1080,1000,101082,ยาน้ำมันเลียงผา ตราแม่กุหลาบ 20 ซีซี,NULL,NULL,ขย.9,NULL,"ยาสมุนไพร, ยาแผนโบราณ",,,ขวด,8.85657E+12,100,NULL,FALSE,FALSE,NULL,,,NULL,NULL,NULL,NULL,NULL,NULL,1,NULL
1081,1000,101083,ยาน้ำมันเลียงผา ตราแม่กุหลาบ 3 ซีซี,NULL,NULL,ขย.9,NULL,"ยาสมุนไพร, ยาแผนโบราณ",,,ขวด,8.85657E+12,100,NULL,FALSE,FALSE,NULL,,,NULL,NULL,NULL,NULL,NULL,NULL,1,NULL
1082,1000,101084,ยาน้ำมันผสมเสลดพังพอน ตราแม่กุหลาบ 20 ซีซี,NULL,NULL,ขย.9,NULL,"ยาสมุนไพร, ยาแผนโบราณ",,,ขวด,8.85657E+12,100,NULL,FALSE,FALSE,NULL,,,NULL,NULL,NULL,NULL,NULL,NULL,1,NULL
1083,1000,101085,ยาน้ำมันผสมเสลดพังพอน ตราแม่กุหลาบ 3 ซีซี,NULL,NULL,ขย.9,NULL,"ยาสมุนไพร, ยาแผนโบราณ",,,ขวด,8.85657E+12,100,NULL,FALSE,FALSE,NULL,,,NULL,NULL,NULL,NULL,NULL,NULL,1,NULL
1084,1000,101086,ยาน้ำมันเหลือง สมถวิล (อั้งกี้) ตราต้นโพธิ์ 20 ซีซี,NULL,NULL,ขย.9,NULL,"ยาสมุนไพร, ยาแผนโบราณ",,,ขวด,101086,100,NULL,FALSE,FALSE,NULL,,,NULL,NULL,NULL,NULL,NULL,NULL,1,NULL
1085,1000,101087,ยาน้ำมันเหลือง สูตรไพล ตราแม่กุหลาบ 3 ซีซี,NULL,NULL,ขย.9,NULL,"ยาสมุนไพร, ยาแผนโบราณ",,,ขวด,8.85657E+12,100,NULL,FALSE,FALSE,NULL,,,NULL,NULL,NULL,NULL,NULL,NULL,1,NULL
1086,1000,101088,กล้องยานัตถุ์,NULL,NULL,ขย.9,NULL,เบ็ดเตล็ด,,,อัน,5640,100,NULL,FALSE,FALSE,NULL,,,NULL,NULL,NULL,NULL,NULL,NULL,1,NULL
1087,1000,101089,แผ่นสำหรับดองเหล้า 9 เหรียญ แผ่นละ 20 กรัม,NULL,NULL,ขย.9,NULL,"ยาสมุนไพร, ยาแผนโบราณ",,,ซอง,8.85702E+12,100,NULL,FALSE,FALSE,NULL,,,NULL,NULL,NULL,NULL,NULL,NULL,1,NULL
1088,1000,101090,ยาผงสำหรับดองเหล้า ตรา 9 เหรียญ 20 กรัม,NULL,NULL,ขย.9,NULL,"ยาสมุนไพร, ยาแผนโบราณ",,,ซอง,8.85702E+12,100,NULL,FALSE,FALSE,NULL,,,NULL,NULL,NULL,NULL,NULL,NULL,1,NULL
1089,1000,101091,ยาดองเหล้าแผ่นตราเสือ 11 ตัว สูตร11 แผ่นละ 20 กรัม,NULL,NULL,ขย.9,NULL,"ยาสมุนไพร, ยาแผนโบราณ",,,ซอง,8.85297E+12,100,NULL,FALSE,FALSE,NULL,,,NULL,NULL,NULL,NULL,NULL,NULL,1,NULL
1090,1000,101092,ยาผงดองเหล้าตราเสือ 11 ตัว สูตร11 บรรจุ 15 กรัม,NULL,NULL,ขย.9,NULL,"ยาสมุนไพร, ยาแผนโบราณ",,,ซอง,8.85297E+12,100,NULL,FALSE,FALSE,NULL,,,NULL,NULL,NULL,NULL,NULL,NULL,1,NULL
1091,1000,101093,ยาผงดองเหล้าตราเสือ 11 ตัว สูตร2 บรรจุ 15 กรัม,NULL,NULL,ขย.9,NULL,"ยาสมุนไพร, ยาแผนโบราณ",,,ซอง,8.85297E+12,100,NULL,FALSE,FALSE,NULL,,,NULL,NULL,NULL,NULL,NULL,NULL,1,NULL
1092,1000,101094,ยาดองเหล้าตราเสือ 11 ตัว บรรจุ 300 ซีซี,NULL,NULL,ขย.9,NULL,"ยาสมุนไพร, ยาแผนโบราณ",,,ขวด,8.85297E+12,100,NULL,FALSE,FALSE,NULL,,,NULL,NULL,NULL,NULL,NULL,NULL,1,NULL
1093,1000,101095,น้ำมันยา ตรามาร์วิน 70 กรัม,NULL,NULL,ขย.9,NULL,"ยาสมุนไพร, ยาแผนโบราณ",,,ขวด,8.85702E+12,100,NULL,FALSE,FALSE,NULL,,,NULL,NULL,NULL,NULL,NULL,NULL,1,NULL
1094,1000,101096,น้ำมันยา ตรามาร์วิน 20 กรัม,NULL,NULL,ขย.9,NULL,"ยาสมุนไพร, ยาแผนโบราณ",,,ขวด,8.85702E+12,100,NULL,FALSE,FALSE,NULL,,,NULL,NULL,NULL,NULL,NULL,NULL,1,NULL
1095,1000,101097,reparil-gel 20g,AESCIN,ANTI-INFLAMMATORY ENZYMES,ขย.9,NULL,ยาระบบกล้ามเนื้อ-ข้อต่อ,,,หลอด,8.85897E+12,100,NULL,FALSE,FALSE,NULL,,,NULL,NULL,NULL,NULL,NULL,NULL,1,NULL
1096,1000,101098,reparil Ice-Spray 200 ml,AESCIN,ANTI-INFLAMMATORY ENZYMES,ขย.9,NULL,ยาระบบกล้ามเนื้อ-ข้อต่อ,,,กระป๋อง,4.03004E+12,100,NULL,FALSE,FALSE,NULL,,,NULL,NULL,NULL,NULL,NULL,NULL,1,NULL
1097,1000,101099,ออลไรซ์ ไอซิ่ง สเปรย์ 75 ml,NULL,NULL,ขย.9,NULL,ยาสามัญประจำบ้าน,,,กระป๋อง,8.85937E+12,100,NULL,FALSE,FALSE,NULL,,,193,NULL,NULL,NULL,NULL,NULL,1,NULL
1098,1000,101100,MUAY มวย ครีมยา บรรเทาปวด ตรามวย 100 กรัม,METHYL SALICYLATE+MENTHOL+EUGENOL,NULL,ขย.9,NULL,ยาสามัญประจำบ้าน,,,หลอด,8.85847E+12,100,NULL,FALSE,FALSE,NULL,,,NULL,NULL,NULL,NULL,NULL,NULL,1,NULL
1099,1000,101101,น้ำมันมวย สำหรับนักกีฬา 30 ซีซี,METHYL SALICYLATE+MENTHOL+EUGENOL,NULL,ขย.9,NULL,ยาสามัญประจำบ้าน,,,ขวด,8.85847E+12,100,NULL,FALSE,FALSE,NULL,,,NULL,NULL,NULL,NULL,NULL,NULL,1,NULL
1100,1000,101102,น้ำมันมวย สำหรับนักกีฬา 60 ซีซี,METHYL SALICYLATE+MENTHOL+EUGENOL,NULL,ขย.9,NULL,ยาสามัญประจำบ้าน,,,ขวด,8.85847E+12,100,NULL,FALSE,FALSE,NULL,,,79,NULL,NULL,NULL,NULL,NULL,1,NULL
1101,1000,101103,น้ำมันมวย สำหรับนักกีฬา 450 ซีซี,METHYL SALICYLATE+MENTHOL+EUGENOL,NULL,ขย.9,NULL,ยาสามัญประจำบ้าน,,,ขวด,8.85847E+12,100,NULL,FALSE,FALSE,NULL,,,NULL,NULL,NULL,NULL,NULL,NULL,1,NULL
1102,1000,101104,น้ำมันนวด ตรายันฮี 60 ซีซี,NULL,NULL,ขย.9,NULL,ยาสามัญประจำบ้าน,,,ขวด,8.85461E+12,100,NULL,FALSE,FALSE,NULL,,,NULL,NULL,NULL,NULL,NULL,NULL,1,NULL
1103,1000,101105,ยาครีมพญายอ ตราอภัยภูเบศร 10 กรัม,NULL,NULL,ขย.9,NULL,"ยาสมุนไพร, ยาแผนโบราณ",,,หลอด,8.85554E+12,100,NULL,FALSE,FALSE,NULL,,,NULL,NULL,NULL,NULL,NULL,NULL,1,NULL
1104,1000,101106,ครีมพญายอ ตราไฟโตแคร์ 5 กรัม,NULL,NULL,ขย.9,NULL,"ยาสมุนไพร, ยาแผนโบราณ",,,หลอด,8.85343E+12,100,NULL,FALSE,FALSE,NULL,,,NULL,NULL,NULL,NULL,NULL,NULL,1,NULL
1105,1000,101107,ซาโตเจสิค เจล 35 กรัม,INDOMETHACIN,NULL,ขย.9,NULL,"ยาสมุนไพร, ยาแผนโบราณ",,,หลอด,4.98732E+12,100,NULL,FALSE,FALSE,NULL,,,NULL,NULL,NULL,NULL,NULL,NULL,1,NULL
1106,1000,101108,เพนเนลีฟ คูลเจล 30 กรัม,DICLOFENAC,NULL,ขย.9,NULL,"ยาสมุนไพร, ยาแผนโบราณ",,,หลอด,8.85209E+12,100,NULL,FALSE,FALSE,NULL,,,NULL,NULL,NULL,NULL,NULL,NULL,1,NULL
1107,1000,101109,เพนเนลีฟ คูลเจล 60 กรัม,DICLOFENAC,NULL,ขย.9,NULL,"ยาสมุนไพร, ยาแผนโบราณ",,,หลอด,8.85209E+12,100,NULL,FALSE,FALSE,NULL,,,NULL,NULL,NULL,NULL,NULL,NULL,1,NULL
1108,1000,101110,perskindol COOL spray 250 ml,NULL,NULL,ขย.9,NULL,ยาสามัญประจำบ้าน,,,กระป๋อง,7.64017E+12,100,NULL,FALSE,FALSE,NULL,,,NULL,NULL,NULL,NULL,NULL,NULL,1,NULL
1109,1000,101111,perskindol cool gel 100 ml,NULL,NULL,ขย.9,NULL,ยาสามัญประจำบ้าน,,,หลอด,7.64017E+12,100,NULL,FALSE,FALSE,NULL,,,NULL,NULL,NULL,NULL,NULL,NULL,1,NULL
1110,1000,101112,perskindol classic spray 250 ml,NULL,NULL,ขย.9,NULL,ยาสามัญประจำบ้าน,,,กระป๋อง,7.64017E+12,100,NULL,FALSE,FALSE,NULL,,,NULL,NULL,NULL,NULL,NULL,NULL,1,NULL
1111,1000,101113,perskindol classic gel 100 ml,NULL,NULL,ขย.9,NULL,ยาสามัญประจำบ้าน,,,หลอด,7.64017E+12,100,NULL,FALSE,FALSE,NULL,,,NULL,NULL,NULL,NULL,NULL,NULL,1,NULL
1112,1000,101114,เอนชัวร์ โกลด์ กลิ่นวานิลลา 1200 กรัม,NULL,NULL,ขย.9,NULL,วิตามินและอาหารเสริม,,,กล่อง,8.8528E+12,100,NULL,FALSE,FALSE,NULL,,,NULL,NULL,NULL,NULL,NULL,NULL,1,NULL
1113,1000,101115,เอนชัวร์ โกลด์ กลิ่นวานิลลา 850 กรัม,NULL,NULL,ขย.9,NULL,วิตามินและอาหารเสริม,,,กระป๋อง,8.71043E+12,100,NULL,FALSE,FALSE,NULL,,,NULL,NULL,NULL,NULL,NULL,NULL,1,NULL
1114,1000,101116,เอนชัวร์ โกลด์ กลิ่นวานิลลา 400 กรัม,NULL,NULL,ขย.9,NULL,วิตามินและอาหารเสริม,,,กระป๋อง,8.71043E+12,100,NULL,FALSE,FALSE,NULL,,,NULL,NULL,NULL,NULL,NULL,NULL,1,NULL
1115,1000,101117,เอนชัวร์ โกลด์ ช็อกโกแลต 400 กรัม,NULL,NULL,ขย.9,NULL,วิตามินและอาหารเสริม,,,กระป๋อง,8.42703E+12,100,NULL,FALSE,FALSE,NULL,,,NULL,NULL,NULL,NULL,NULL,NULL,1,NULL
1116,1000,101118,เอนชัวร์ โกลด์ กลิ่นธัญพืช 400 กรัม,NULL,NULL,ขย.9,NULL,วิตามินและอาหารเสริม,,,กระป๋อง,8.88645E+12,100,NULL,FALSE,FALSE,NULL,,,NULL,NULL,NULL,NULL,NULL,NULL,1,NULL
1117,1000,101119,นีโอ-มูน กลิ่นวานิลลา 400 กรัม,NULL,NULL,ขย.9,NULL,วิตามินและอาหารเสริม,,,กระป๋อง,8.85263E+12,100,NULL,FALSE,FALSE,NULL,,,NULL,NULL,NULL,NULL,NULL,NULL,1,NULL
1118,1000,101120,วันซ์ ไดอะไลซ์ กลิ่นวานิลลา 400 กรัม,NULL,NULL,ขย.9,NULL,วิตามินและอาหารเสริม,,,กระป๋อง,8.85263E+12,100,NULL,FALSE,FALSE,NULL,,,NULL,NULL,NULL,NULL,NULL,NULL,1,NULL
1119,1000,101121,อะมิโนเลแบน-ออราล กลิ่นส้ม 450 กรัม,NULL,NULL,ขย.9,NULL,วิตามินและอาหารเสริม,,,กระป๋อง,8.85263E+12,100,NULL,FALSE,FALSE,NULL,,,NULL,NULL,NULL,NULL,NULL,NULL,1,NULL
1120,1000,101122,ฮอตต้า สูตรเข้มข้น ผสมหญ้าหวานสกัด ขนาด 14 ซอง,NULL,NULL,ขย.9,NULL,วิตามินและอาหารเสริม,,,แพ็ค,8.85037E+12,100,NULL,FALSE,FALSE,NULL,,,NULL,NULL,NULL,NULL,NULL,NULL,1,NULL
1121,1000,101123,ฮอตต้า สูตรเข้มข้น ผสมหญ้าหวานสกัด ขนาด 5 ซอง,NULL,NULL,ขย.9,NULL,วิตามินและอาหารเสริม,,,แพ็ค,8.85037E+12,100,NULL,FALSE,FALSE,NULL,,,NULL,NULL,NULL,NULL,NULL,NULL,1,NULL
1122,1000,101124,ยาชงสมุนไพร ตราฟิตเน่ บรรจุ 10 ซอง,NULL,NULL,ขย.9,NULL,วิตามินและอาหารเสริม,,,แพ็ค,8.85037E+12,100,NULL,FALSE,FALSE,NULL,,,NULL,NULL,NULL,NULL,NULL,NULL,1,NULL
1123,1000,101125,ยาชงสมุนไพร ตราฟิตเน่ บรรจุ 20 ซอง,NULL,NULL,ขย.9,NULL,"ยาสมุนไพร, ยาแผนโบราณ",,,ถุง,8.85037E+12,100,NULL,FALSE,FALSE,NULL,,,NULL,NULL,NULL,NULL,NULL,NULL,1,NULL
1124,1000,101126,ยาชงสมุนไพร รสชาเขียว ตราฟิตเน่ บรรจุ 8 ซอง,NULL,NULL,ขย.9,NULL,วิตามินและอาหารเสริม,,,แพ็ค,8.85037E+12,100,NULL,FALSE,FALSE,NULL,,,NULL,NULL,NULL,NULL,NULL,NULL,1,NULL
1125,1000,101127,ยาชงสมุนไพร รสชาเขียว ตราฟิตเน่ บรรจุ 30 ซอง,NULL,NULL,ขย.9,NULL,วิตามินและอาหารเสริม,,,แพ็ค,8.85037E+12,100,NULL,FALSE,FALSE,NULL,,,NULL,NULL,NULL,NULL,NULL,NULL,1,NULL
1126,1000,101128,ยาชงสมุนไพร รสเก๊กฮวย ตราฟิตเน่ บรรจุ 15 ซอง,NULL,NULL,ขย.9,NULL,วิตามินและอาหารเสริม,,,แพ็ค,8.85037E+12,100,NULL,FALSE,FALSE,NULL,,,NULL,NULL,NULL,NULL,NULL,NULL,1,NULL
1127,1000,101129,fenistil gel 20 g,DIMETHINDENE,ANTIHISTAMINES & ANTIALLERGICS,ขย.9,NULL,ยาใช้เฉพาะที่,,,หลอด,8.85236E+12,100,NULL,FALSE,FALSE,NULL,,,NULL,NULL,NULL,NULL,NULL,NULL,1,NULL
1128,1000,101130,โวลทาเรน อีมัลเจล 10 กรัม,DICLOFENAC,ANTI-INFLAMMATORY ENZYMES,ขย.9,NULL,ยาใช้เฉพาะที่,,,หลอด,8.85236E+12,100,NULL,FALSE,FALSE,NULL,,,NULL,NULL,NULL,NULL,NULL,NULL,1,NULL
1129,1000,101131,โวลทาเรน อีมัลเจล 25 กรัม,DICLOFENAC,ANTI-INFLAMMATORY ENZYMES,ขย.9,NULL,ยาใช้เฉพาะที่,,,หลอด,8.85236E+12,100,NULL,FALSE,FALSE,NULL,,,NULL,NULL,NULL,NULL,NULL,NULL,1,NULL
1130,1000,101132,โวลทาเรน อีมัลเจล 50 กรัม,DICLOFENAC,ANTI-INFLAMMATORY ENZYMES,ขย.9,NULL,ยาใช้เฉพาะที่,,,หลอด,8.85236E+12,100,NULL,FALSE,FALSE,NULL,,,NULL,NULL,NULL,NULL,NULL,NULL,1,NULL
1131,1000,101133,โวลทาเรน ดับเบิ้ล สเตรงส์ อิมัลเจล 30 กรัม,DICLOFENAC,ANTI-INFLAMMATORY ENZYMES,ขย.9,NULL,ยาใช้เฉพาะที่,,,หลอด,8.85101E+12,100,NULL,FALSE,FALSE,NULL,,,NULL,NULL,NULL,NULL,NULL,NULL,1,NULL
1132,1000,101134,ฟาสตั้ม เจล 50 กรัม,KETOPROFEN,ANTI-INFLAMMATORY ENZYMES,ขย.9,NULL,ยาใช้เฉพาะที่,,,หลอด,8.85266E+12,100,NULL,FALSE,FALSE,NULL,,,NULL,NULL,NULL,NULL,NULL,NULL,1,NULL
1133,1000,101135,เคาน์เตอร์เพน คูล 30 กรัม,MENTHOL,NULL,ขย.9,NULL,ยาใช้เฉพาะที่,,,หลอด,8.9952E+12,100,NULL,FALSE,FALSE,NULL,,,NULL,NULL,NULL,NULL,NULL,NULL,1,NULL
1134,1000,101136,เคาน์เตอร์เพน คูล 60 กรัม,MENTHOL,NULL,ขย.9,NULL,ยาใช้เฉพาะที่,,,หลอด,8.9952E+12,100,NULL,FALSE,FALSE,NULL,,,NULL,NULL,NULL,NULL,NULL,NULL,1,NULL
1135,1000,101137,เคาน์เตอร์เพน คูล 120 กรัม,MENTHOL,NULL,ขย.9,NULL,ยาใช้เฉพาะที่,,,หลอด,8.9952E+12,100,NULL,FALSE,FALSE,NULL,,,NULL,NULL,NULL,NULL,NULL,NULL,1,NULL
1136,1000,101138,เคาเตอร์เพน พลัส 25 กรัม,PIROXICAM,NULL,ขย.9,NULL,ยาใช้เฉพาะที่,,,หลอด,8.9952E+12,100,NULL,FALSE,FALSE,NULL,,,NULL,NULL,NULL,NULL,NULL,NULL,1,NULL
1137,1000,101139,โคเพน ยันฮี 30 กรัม,MENTHOL,NULL,ขย.9,NULL,ยาใช้เฉพาะที่,,,หลอด,8.85461E+12,100,NULL,FALSE,FALSE,NULL,,,NULL,NULL,NULL,NULL,NULL,NULL,1,NULL
1138,1000,101140,ไพร็อกโซน เจล 30 กรัม,PIROXICAM,NULL,ขย.9,NULL,ยาใช้เฉพาะที่,,,หลอด,8.85147E+12,100,NULL,FALSE,FALSE,NULL,,,NULL,NULL,NULL,NULL,NULL,NULL,1,NULL
1139,1000,101141,แคปซิกา เจล 35 กรัม,CAPSAICIN,NULL,ขย.9,NULL,"ยาสมุนไพร, ยาแผนโบราณ",,,หลอด,8.85335E+12,100,NULL,FALSE,FALSE,NULL,,,NULL,NULL,NULL,NULL,NULL,NULL,1,NULL
1140,1000,101142,แคปซิกา เจล 15  กรัม,CAPSAICIN,NULL,ขย.9,NULL,"ยาสมุนไพร, ยาแผนโบราณ",,,หลอด,8.85335E+12,100,NULL,FALSE,FALSE,NULL,,,NULL,NULL,NULL,NULL,NULL,NULL,1,NULL
1141,1000,101143,Difelne 1%gel  30 กรัม,DICLOFENAC,NULL,ขย.9,NULL,ยาใช้เฉพาะที่,,,หลอด,8.85147E+12,100,NULL,FALSE,FALSE,NULL,,,NULL,NULL,NULL,NULL,NULL,NULL,1,NULL
1142,1000,101144,Difelne 1%gel  60 กรัม,DICLOFENAC,NULL,ขย.9,NULL,ยาใช้เฉพาะที่,,,หลอด,8.85147E+12,100,NULL,FALSE,FALSE,NULL,,,NULL,NULL,NULL,NULL,NULL,NULL,1,NULL
1143,1000,101145,เอ็น-เซ่น เจล 60 กรัม,DICLOFENAC,NULL,ขย.9,NULL,ยาใช้เฉพาะที่,,,หลอด,8.85511E+12,100,NULL,FALSE,FALSE,NULL,,,NULL,NULL,NULL,NULL,NULL,NULL,1,NULL
1144,1000,101146,เอ็น-เซ่น เจล 30 กรัม,DICLOFENAC,NULL,ขย.9,NULL,ยาใช้เฉพาะที่,,,หลอด,8.85511E+12,100,NULL,FALSE,FALSE,NULL,,,NULL,NULL,NULL,NULL,NULL,NULL,1,NULL
1145,1000,101147,อะโรติกา รัป 15 กรัม,CAPSAICIN,NULL,ขย.9,NULL,"ยาสมุนไพร, ยาแผนโบราณ",,,หลอด,8.85899E+12,100,NULL,FALSE,FALSE,NULL,,,NULL,NULL,NULL,NULL,NULL,NULL,1,NULL
1146,1000,101148,อะโรติกา คลู เจล 35 กรัม,PIROXICAM,NULL,ขย.9,NULL,"ยาสมุนไพร, ยาแผนโบราณ",,,หลอด,8.85899E+12,100,NULL,FALSE,FALSE,NULL,,,NULL,NULL,NULL,NULL,NULL,NULL,1,NULL
1147,1000,101149,ไพลวาน่า ครีม 15 กรัม,NULL,NULL,ขย.9,NULL,"ยาสมุนไพร, ยาแผนโบราณ",,,หลอด,8.85335E+12,100,NULL,FALSE,FALSE,NULL,,,NULL,NULL,NULL,NULL,NULL,NULL,1,NULL
1148,1000,101150,Fastum Gel 2.5% ฟาสตั้ม เจล 30 กรัม,KETOPROFEN,ANTI-INFLAMMATORY ENZYMES,ขย.9,NULL,ยาใช้เฉพาะที่,,,หลอด,8.85266E+12,100,NULL,FALSE,FALSE,NULL,,,NULL,NULL,NULL,NULL,NULL,NULL,1,NULL
1149,1000,101151,เซียงเพียว รีลีฟ ครีม 30 กรัม,METHYL SALICYLATE+MENTHOL+EUGENOL,VITAMINS & MINERALS,ขย.9,NULL,"ยาสมุนไพร, ยาแผนโบราณ",,,หลอด,8.85011E+12,100,NULL,FALSE,FALSE,NULL,,,49,NULL,NULL,NULL,NULL,NULL,1,NULL
1150,1000,101152,เซียงเพียว รีลีฟ ครีม 62 กรัม,METHYL SALICYLATE+MENTHOL+EUGENOL,MOUTH/THROAT PREPARATIONS,ขย.9,NULL,"ยาสมุนไพร, ยาแผนโบราณ",,,หลอด,8.85011E+12,100,NULL,FALSE,FALSE,NULL,,,75,NULL,NULL,NULL,NULL,NULL,1,NULL
1151,1000,101153,นีโอติก้า บาล์ม 30 กรัม,METHYL SALICYLATE+MENTHOL+EUGENOL,NULL,ขย.9,NULL,"ยาสมุนไพร, ยาแผนโบราณ",,,หลอด,8.85147E+12,100,NULL,FALSE,FALSE,NULL,,,NULL,NULL,NULL,NULL,NULL,NULL,1,NULL
1152,1000,101154,นีโอติก้า บาล์ม 60 กรัม,METHYL SALICYLATE+MENTHOL+EUGENOL,NULL,ขย.9,NULL,"ยาสมุนไพร, ยาแผนโบราณ",,,หลอด,8.85147E+12,100,NULL,FALSE,FALSE,NULL,,,NULL,NULL,NULL,NULL,NULL,NULL,1,NULL
1153,1000,101155,นีโอติก้า คูล 30 กรัม,PIROXICAM,NULL,ขย.9,NULL,ยาใช้เฉพาะที่,,,หลอด,8.85147E+12,100,NULL,FALSE,FALSE,NULL,,,NULL,NULL,NULL,NULL,NULL,NULL,1,NULL
1154,1000,101156,ฟลานิล  ครีม 100 กรัม,METHYL SALICYLATE+MENTHOL+EUGENOL,NULL,ขย.9,NULL,ยาใช้เฉพาะที่,,,หลอด,8.85266E+12,100,NULL,FALSE,FALSE,NULL,,,NULL,NULL,NULL,NULL,NULL,NULL,1,NULL
1155,1000,101157,ฟลานิล  ครีม 30 กรัม,METHYL SALICYLATE+MENTHOL+EUGENOL,NULL,ขย.9,NULL,ยาใช้เฉพาะที่,,,หลอด,8.85266E+12,100,NULL,FALSE,FALSE,NULL,,,NULL,NULL,NULL,NULL,NULL,NULL,1,NULL
1156,1000,101158,เคาน์เตอร์เพน ครีม 30 กรัม,METHYL SALICYLATE+MENTHOL+EUGENOL,NULL,ขย.9,NULL,ยาใช้เฉพาะที่,,,หลอด,8.9952E+12,100,NULL,FALSE,FALSE,NULL,,,NULL,NULL,NULL,NULL,NULL,NULL,1,NULL
1157,1000,101159,เคาน์เตอร์เพน ครีม 60 กรัม,METHYL SALICYLATE+MENTHOL+EUGENOL,NULL,ขย.9,NULL,ยาใช้เฉพาะที่,,,หลอด,8.9952E+12,100,NULL,FALSE,FALSE,NULL,,,NULL,NULL,NULL,NULL,NULL,NULL,1,NULL
1158,1000,101160,เคาน์เตอร์เพน ครีม 120 กรัม,METHYL SALICYLATE+MENTHOL+EUGENOL,NULL,ขย.9,NULL,ยาใช้เฉพาะที่,,,หลอด,8.9952E+12,100,NULL,FALSE,FALSE,NULL,,,NULL,NULL,NULL,NULL,NULL,NULL,1,NULL
1159,1000,101161,ลองกานอยด เอกซ์ คูล แอนด์ อโรมา 100 กรัม,NULL,NULL,ขย.9,NULL,ยาใช้เฉพาะที่,,,หลอด,8.85869E+12,100,NULL,FALSE,FALSE,NULL,,,NULL,NULL,NULL,NULL,NULL,NULL,1,NULL
1160,1000,101162,ลองกานอยด เฮอร์เบอร์ ครีม 100 กรัม,NULL,NULL,ขย.9,NULL,ยาใช้เฉพาะที่,,,หลอด,8.85869E+12,100,NULL,FALSE,FALSE,NULL,,,NULL,NULL,NULL,NULL,NULL,NULL,1,NULL
1161,1000,101163,เอ็ม-ซิน สเปรย์ 50 มิลลิลิตร,INDOMETHACIN,NULL,ขย.9,NULL,ยาใช้เฉพาะที่,,,ขวด,8.85347E+12,100,NULL,FALSE,FALSE,NULL,,,NULL,NULL,NULL,NULL,NULL,NULL,1,NULL
1162,1000,101164,เอ็ม-เบรคซ์ 60 มิลลิลิตร,METHYL SALICYLATE+MENTHOL+EUGENOL,NULL,ขย.9,NULL,ยาใช้เฉพาะที่,,,ขวด,8.85347E+12,100,NULL,FALSE,FALSE,NULL,,,NULL,NULL,NULL,NULL,NULL,NULL,1,NULL
1163,1000,101165,ยูนิเรน สเปรย์ 60 มิลลิลิตร,DICLOFENAC,NULL,ขย.9,NULL,ยาใช้เฉพาะที่,,,ขวด,8.85394E+12,100,NULL,FALSE,FALSE,NULL,,,NULL,NULL,NULL,NULL,NULL,NULL,1,NULL
1164,1000,101166,เอลเมทาซิน สเปรย์ 50 มิลลิลิตร,INDOMETHACIN,NULL,ขย.9,NULL,ยาใช้เฉพาะที่,,,ขวด,8.85174E+12,100,NULL,FALSE,FALSE,NULL,,,NULL,NULL,NULL,NULL,NULL,NULL,1,NULL
1165,1000,101167,โวลโคลแนค สเปรย์ 60 มิลลิลิตร,DICLOFENAC,NULL,ขย.9,NULL,ยาใช้เฉพาะที่,,,ขวด,8.85882E+12,100,NULL,FALSE,FALSE,NULL,,,NULL,NULL,NULL,NULL,NULL,NULL,1,NULL
1166,1000,101168,แอมเม็ลทซ์ โยโกะ โยโกะ 82 มล.,METHYL SALICYLATE+MENTHOL+EUGENOL,NULL,ขย.9,NULL,ยาใช้เฉพาะที่,,,ขวด,4.98707E+12,100,NULL,FALSE,FALSE,NULL,,,NULL,NULL,NULL,NULL,NULL,NULL,1,NULL
1167,1000,101169,แอมเม็ลทซ์ โยโกะ โยโกะ 48 มล.,METHYL SALICYLATE+MENTHOL+EUGENOL,NULL,ขย.9,NULL,ยาใช้เฉพาะที่,,,ขวด,4.98707E+12,100,NULL,FALSE,FALSE,NULL,,,NULL,NULL,NULL,NULL,NULL,NULL,1,NULL
1168,1000,101170,แอมเม็ลทซ์ โยโกะ โยโกะ ฮีทแพทช์ 1แผ่น/ซอง,METHYL SALICYLATE+MENTHOL+EUGENOL,NULL,ขย.9,NULL,ยาใช้เฉพาะที่,,,ซอง,4.98707E+12,100,NULL,FALSE,FALSE,NULL,,,NULL,NULL,NULL,NULL,NULL,NULL,1,NULL
1169,1000,101171,นีโอบัน พลาสเตอร์ 10 แผ่น/ซอง,METHYL SALICYLATE+MENTHOL+EUGENOL,NULL,ขย.9,NULL,ยาใช้เฉพาะที่,,,ซอง,8.85977E+12,100,NULL,FALSE,FALSE,NULL,,,NULL,NULL,NULL,NULL,NULL,NULL,1,NULL
1170,1000,101172,ไรโนซาน พลาสเตอร์ 10 แผ่น/ซอง,METHYL SALICYLATE+MENTHOL+EUGENOL,NULL,ขย.9,NULL,ยาใช้เฉพาะที่,,,ซอง,8.85876E+12,100,NULL,FALSE,FALSE,NULL,,,NULL,NULL,NULL,NULL,NULL,NULL,1,NULL
1171,1000,101173,นีโอบัน พลาสเตอร์ สูตรเย็น  7x10cm. 2 แผ่น/ซอง,NULL,NULL,ขย.9,NULL,ยาใช้เฉพาะที่,,,ซอง,8.85977E+12,100,NULL,FALSE,FALSE,NULL,,,NULL,NULL,NULL,NULL,NULL,NULL,1,NULL
1172,1000,101174,ซาลอนพาส พลาสเตอร์ 10ชิ้น/กล่อง,METHYL SALICYLATE+MENTHOL+EUGENOL,NULL,ขย.9,NULL,ยาใช้เฉพาะที่,,,กล่อง,8.99287E+12,100,NULL,FALSE,FALSE,NULL,,,NULL,NULL,NULL,NULL,NULL,NULL,1,NULL
1173,1000,101175,เอช โอ เอช พลัส ฟาร์ อินฟาเรด 2 ชิ้น/ซอง,METHYL SALICYLATE+MENTHOL+EUGENOL,NULL,ขย.9,NULL,ยาใช้เฉพาะที่,,,ซอง,8.85924E+12,100,NULL,FALSE,FALSE,NULL,,,NULL,NULL,NULL,NULL,NULL,NULL,1,NULL
1174,1000,101176,เทอร์มา พลาสท์ 1 ชิ้น/ซอง,METHYL SALICYLATE+MENTHOL+EUGENOL,NULL,ขย.9,NULL,ยาใช้เฉพาะที่,,,ซอง,8.85067E+12,100,NULL,FALSE,FALSE,NULL,,,NULL,NULL,NULL,NULL,NULL,NULL,1,NULL
1175,1000,101177,ฟาร์มิก้า พลาสเตอร์ยา-คูล 10x14cm. 2 แผ่น/ซอง,METHYL SALICYLATE+MENTHOL+EUGENOL,NULL,ขย.9,NULL,ยาใช้เฉพาะที่,,,ซอง,8.85876E+12,100,NULL,FALSE,FALSE,NULL,,,NULL,NULL,NULL,NULL,NULL,NULL,1,NULL
1176,1000,101178,ฟาร์มิก้า พลาสเตอร์ยา-วอร์ม 10x12cm.2 แผ่น/ซอง,METHYL SALICYLATE+MENTHOL+EUGENOL,NULL,ขย.9,NULL,ยาใช้เฉพาะที่,,,ซอง,8.85876E+12,100,NULL,FALSE,FALSE,NULL,,,NULL,NULL,NULL,NULL,NULL,NULL,1,NULL
1177,1000,101179,7*10 cm พลาสเตอร์ WARM ตราเสือ-อาร์ดี 2 แผ่น/ซอง,METHYL SALICYLATE+MENTHOL+EUGENOL,NULL,ขย.9,NULL,ยาใช้เฉพาะที่,,,ซอง,8.85199E+12,100,NULL,FALSE,FALSE,NULL,,,NULL,NULL,NULL,NULL,NULL,NULL,1,NULL
1178,1000,101180,10*14 cm พลาสเตอร์ WARM ตราเสือ-อาร์ดี 2 แผ่น/ซอง,METHYL SALICYLATE+MENTHOL+EUGENOL,NULL,ขย.9,NULL,ยาใช้เฉพาะที่,,,ซอง,8.85199E+12,100,NULL,FALSE,FALSE,NULL,,,NULL,NULL,NULL,NULL,NULL,NULL,1,NULL
1179,1000,101181,7*10 cm พลาสเตอร์ COOL ตราเสือ-อาร์ดี 2 แผ่น/ซอง,METHYL SALICYLATE+MENTHOL+EUGENOL,NULL,ขย.9,NULL,ยาใช้เฉพาะที่,,,ซอง,8.85199E+12,100,NULL,FALSE,FALSE,NULL,,,NULL,NULL,NULL,NULL,NULL,NULL,1,NULL
1180,1000,101182,10*14 cm พลาสเตอร์ COOL ตราเสือ-อาร์ดี 2 แผ่น/ซอง,METHYL SALICYLATE+MENTHOL+EUGENOL,NULL,ขย.9,NULL,ยาใช้เฉพาะที่,,,ซอง,8.85199E+12,100,NULL,FALSE,FALSE,NULL,,,NULL,NULL,NULL,NULL,NULL,NULL,1,NULL
1181,1000,101183,ยาสตรีนิสิงเห จอมทอง 300 ซีซี,NULL,NULL,ขย.9,NULL,"ยาสมุนไพร, ยาแผนโบราณ",,,ขวด,8.8588E+12,100,NULL,FALSE,FALSE,NULL,,,NULL,NULL,NULL,NULL,NULL,NULL,1,NULL
1182,1000,101184,ยาสตรีนิสิงเห จอมทอง 750 ซีซี,NULL,NULL,ขย.9,NULL,"ยาสมุนไพร, ยาแผนโบราณ",,,ขวด,8.8588E+12,100,NULL,FALSE,FALSE,NULL,,,NULL,NULL,NULL,NULL,NULL,NULL,1,NULL
1183,1000,101185,เล่งคุณ หลังคลอด สูตร2 บรรจุ 500 ซีซี,NULL,NULL,ขย.9,NULL,"ยาสมุนไพร, ยาแผนโบราณ",,,ขวด,8.8587E+12,100,NULL,FALSE,FALSE,NULL,,,NULL,NULL,NULL,NULL,NULL,NULL,1,NULL
1184,1000,101186,ยาสตรี เบนโล 180 ซีซี,NULL,NULL,ขย.9,NULL,"ยาสมุนไพร, ยาแผนโบราณ",,,ขวด,8.85931E+12,100,NULL,FALSE,FALSE,NULL,,,NULL,NULL,NULL,NULL,NULL,NULL,1,NULL
1185,1000,101187,ยาสตรี เบนโล 280 ซีซี,NULL,NULL,ขย.9,NULL,"ยาสมุนไพร, ยาแผนโบราณ",,,ขวด,8.85931E+12,100,NULL,FALSE,FALSE,NULL,,,NULL,NULL,NULL,NULL,NULL,NULL,1,NULL
1186,1000,101188,ยาสตรี เล่งคุณ กราวเครือขาว สูตร2 ขนาด 250 ซีซี,NULL,NULL,ขย.9,NULL,"ยาสมุนไพร, ยาแผนโบราณ",,,ขวด,8.8587E+12,100,NULL,FALSE,FALSE,NULL,,,NULL,NULL,NULL,NULL,NULL,NULL,1,NULL
1187,1000,101189,ยาสตรี เล่งคุณ ผสมโสม 250 ซีซี,NULL,NULL,ขย.9,NULL,"ยาสมุนไพร, ยาแผนโบราณ",,,ขวด,8.8587E+12,100,NULL,FALSE,FALSE,NULL,,,NULL,NULL,NULL,NULL,NULL,NULL,1,NULL
1188,1000,101190,ยาสตรีชนิดน้ำ ตราเมรี สูตร2 ขนาด 750 ซีซี,NULL,NULL,ขย.9,NULL,"ยาสมุนไพร, ยาแผนโบราณ",,,ขวด,8.85716E+12,100,NULL,FALSE,FALSE,NULL,,,NULL,NULL,NULL,NULL,NULL,NULL,1,NULL
1189,1000,101191,ยาสตรี จอมทอง 180 ซีซี,NULL,NULL,ขย.9,NULL,"ยาสมุนไพร, ยาแผนโบราณ",,,ขวด,8.8588E+12,100,NULL,FALSE,FALSE,NULL,,,NULL,NULL,NULL,NULL,NULL,NULL,1,NULL
1190,1000,101192,ยาสตรี จอมทอง 300 ซีซี,NULL,NULL,ขย.9,NULL,"ยาสมุนไพร, ยาแผนโบราณ",,,ขวด,8.8588E+12,100,NULL,FALSE,FALSE,NULL,,,NULL,NULL,NULL,NULL,NULL,NULL,1,NULL
1191,1000,101193,ยาฟอกโลหิต ตราสิงห์แดง 500 ซีซี,NULL,NULL,ขย.9,NULL,"ยาสมุนไพร, ยาแผนโบราณ",,,ขวด,8.8584E+12,100,NULL,FALSE,FALSE,NULL,,,NULL,NULL,NULL,NULL,NULL,NULL,1,NULL
1192,1000,101194,ยาสตรี หมอเส็ง ชนิดน้ำ 450 ซีซี,NULL,NULL,ขย.9,NULL,"ยาสมุนไพร, ยาแผนโบราณ",,,ขวด,8.85704E+12,100,NULL,FALSE,FALSE,NULL,,,NULL,NULL,NULL,NULL,NULL,NULL,1,NULL
1193,1000,101195,ยาสตรี หมอเส็ง ชนิดน้ำ 750 ซีซี,NULL,NULL,ขย.9,NULL,"ยาสมุนไพร, ยาแผนโบราณ",,,ขวด,8.85704E+12,100,NULL,FALSE,FALSE,NULL,,,NULL,NULL,NULL,NULL,NULL,NULL,1,NULL
1194,1000,101196,ยาตรีนิสิงเห หมอมี 300 ซีซี,NULL,NULL,ขย.9,NULL,"ยาสมุนไพร, ยาแผนโบราณ",,,ขวด,8.85648E+12,100,NULL,FALSE,FALSE,NULL,,,NULL,NULL,NULL,NULL,NULL,NULL,1,NULL
1195,1000,101197,ยาตรีนิสิงเห หมอมี 600 ซีซี,NULL,NULL,ขย.9,NULL,"ยาสมุนไพร, ยาแผนโบราณ",,,ขวด,8.85648E+12,100,NULL,FALSE,FALSE,NULL,,,NULL,NULL,NULL,NULL,NULL,NULL,1,NULL
1196,1000,101198,ยาน้ำว่านชักมดลูก จอมใจ 300 ซีซี,NULL,NULL,ขย.9,NULL,"ยาสมุนไพร, ยาแผนโบราณ",,,ขวด,8.8588E+12,100,NULL,FALSE,FALSE,NULL,,,NULL,NULL,NULL,NULL,NULL,NULL,1,NULL
1197,1000,101199,ยาน้ำว่านชักมดลูก ซีแอนด์แอล ผสมเอี๊ยะบ่อเช่า 350 ซีซี,NULL,NULL,ขย.9,NULL,"ยาสมุนไพร, ยาแผนโบราณ",,,ขวด,8.85711E+12,100,NULL,FALSE,FALSE,NULL,,,NULL,NULL,NULL,NULL,NULL,NULL,1,NULL
1198,1000,101200,ยาน้ำว่านชักมดลูก ซีแอนด์แอล ผสมเอี๊ยะบ่อเช่า 750 ซีซี,NULL,NULL,ขย.9,NULL,"ยาสมุนไพร, ยาแผนโบราณ",,,ขวด,8.85711E+12,100,NULL,FALSE,FALSE,NULL,,,NULL,NULL,NULL,NULL,NULL,NULL,1,NULL
1199,1000,101201,เอลมีโก สเปรย์ ขนาด 50 ซีซี,INDOMETHACIN,NULL,ขย.9,NULL,ยาใช้เฉพาะที่,,,ขวด,8.8518E+12,100,NULL,FALSE,FALSE,NULL,,,NULL,NULL,NULL,NULL,NULL,NULL,1,NULL
1200,1000,101202,ยา ฟลอล่า พลัด 450 ซีซี,NULL,NULL,ขย.9,NULL,"ยาสมุนไพร, ยาแผนโบราณ",,,ขวด,8.85965E+12,100,NULL,FALSE,FALSE,NULL,,,NULL,NULL,NULL,NULL,NULL,NULL,1,NULL
1201,1000,101203,ยาน้ำ วีกิ๊ฟ สมุนไพรรากสามสิบ 300 ซีซี,NULL,NULL,ขย.9,NULL,"ยาสมุนไพร, ยาแผนโบราณ",,,ขวด,8.85965E+12,100,NULL,FALSE,FALSE,NULL,,,NULL,NULL,NULL,NULL,NULL,NULL,1,NULL
1202,1000,101204,ยาน้ำ วีกิ๊ฟ สมุนไพรรากสามสิบ 500 ซีซี,NULL,NULL,ขย.9,NULL,"ยาสมุนไพร, ยาแผนโบราณ",,,ขวด,8.85965E+12,100,NULL,FALSE,FALSE,NULL,,,NULL,NULL,NULL,NULL,NULL,NULL,1,NULL
1203,1000,101205,ยาน้ำ ผสมรากสามสิบ คุณสัมฤทธิ์  300 ซีซี*3ขวด/กล่อง,NULL,NULL,ขย.9,NULL,"ยาสมุนไพร, ยาแผนโบราณ",,,กล่อง,8.85948E+12,100,NULL,FALSE,FALSE,NULL,,,NULL,NULL,NULL,NULL,NULL,NULL,1,NULL
1204,1000,101206,ยาน้ำ ผสมรากสามสิบ คุณสัมฤทธิ์  300 ซีซี/ขวด,NULL,NULL,ขย.9,NULL,"ยาสมุนไพร, ยาแผนโบราณ",,,ขวด,8.85948E+12,100,NULL,FALSE,FALSE,NULL,,,NULL,NULL,NULL,NULL,NULL,NULL,1,NULL
1205,1000,101207,ยาน้ำ ผสมว่านชักมดลูก เบอร์777 ตราหมอเส็ง 70 มล.,NULL,NULL,ขย.9,NULL,"ยาสมุนไพร, ยาแผนโบราณ",,,กรปุก,8.85704E+12,100,NULL,FALSE,FALSE,NULL,,,NULL,NULL,NULL,NULL,NULL,NULL,1,NULL
1206,1000,101208,ยาน้ำ เล่งคุณเอี๊ยะบ๊อ 500 ซีซี,NULL,NULL,ขย.9,NULL,"ยาสมุนไพร, ยาแผนโบราณ",,,ขวด,8.8587E+12,100,NULL,FALSE,FALSE,NULL,,,NULL,NULL,NULL,NULL,NULL,NULL,1,NULL
1207,1000,101209,ยาสตรีเพ็ญภาค 180 ซีซี,NULL,NULL,ขย.9,NULL,"ยาสมุนไพร, ยาแผนโบราณ",,,ขวด,8.85874E+12,100,NULL,FALSE,FALSE,NULL,,,NULL,NULL,NULL,NULL,NULL,NULL,1,NULL
1208,1000,101210,ยาสตรีเพ็ญภาค 300 ซีซี,NULL,NULL,ขย.9,NULL,"ยาสมุนไพร, ยาแผนโบราณ",,,ขวด,8.85874E+12,100,NULL,FALSE,FALSE,NULL,,,NULL,NULL,NULL,NULL,NULL,NULL,1,NULL
1209,1000,101211,ยาสตรีเพ็ญภาค สูตร2 ขนาด 180 ซีซี,NULL,NULL,ขย.9,NULL,"ยาสมุนไพร, ยาแผนโบราณ",,,ขวด,8.85874E+12,100,NULL,FALSE,FALSE,NULL,,,NULL,NULL,NULL,NULL,NULL,NULL,1,NULL
1210,1000,101212,กระบอกปัสสาวะชาย ยูรินอล บรรจุ 800 ซีซี,ACETYLCYSTEINE,MOUTH/THROAT PREPARATIONS,ขย.9,NULL,อุปกรณ์ทางการแพทย์,,,ชิ้น,8.85454E+12,100,NULL,FALSE,FALSE,NULL,,,55,NULL,NULL,NULL,NULL,NULL,1,NULL
1211,1000,101213,หม้อนอน สแตนเลส bedpan No.0101,NULL,NULL,ขย.9,NULL,อุปกรณ์ทางการแพทย์,,,กล่อง,8.85642E+12,100,NULL,FALSE,FALSE,NULL,,,NULL,NULL,NULL,NULL,NULL,NULL,1,NULL
1212,1000,101214,หม้อนอน พลาสติก bedpan  B-01,NULL,NULL,ขย.9,NULL,อุปกรณ์ทางการแพทย์,,,กล่อง,8.85454E+12,100,NULL,FALSE,FALSE,NULL,,,NULL,NULL,NULL,NULL,NULL,NULL,1,NULL
1213,1000,101215,กระเป๋าปฐมพยาบาล (เล็ก) 6*8*12 นิ้ว,ACETYLCYSTEINE,ANTIDIARRHOEALS,ขย.9,NULL,อุปกรณ์ทางการแพทย์,,,กล่อง,101215,100,NULL,FALSE,FALSE,NULL,,,NULL,NULL,NULL,NULL,NULL,NULL,1,NULL
1214,1000,101216,กระเป๋าปฐมพยาบาล (ใหญ่) 8.5*9*14 นิ้ว,NULL,NULL,ขย.9,NULL,อุปกรณ์ทางการแพทย์,,,กล่อง,101216,100,NULL,FALSE,FALSE,NULL,,,NULL,NULL,NULL,NULL,NULL,NULL,1,NULL
1215,1000,101217,mamarine OMEGA-3 &multivitamin 120 ml,NULL,NULL,ขย.9,NULL,วิตามินและอาหารเสริม,,,ขวด,8.85876E+12,100,NULL,FALSE,FALSE,NULL,,,NULL,NULL,NULL,NULL,NULL,NULL,1,NULL
1216,1000,101218,mamarine BIO-C+multivitamin 120 ml,NULL,NULL,ขย.9,NULL,วิตามินและอาหารเสริม,,,ขวด,8.85876E+12,100,NULL,FALSE,FALSE,NULL,,,NULL,NULL,NULL,NULL,NULL,NULL,1,NULL
1217,1000,101219,mamarine BIO-C+multivitamin 60 ml,NULL,NULL,ขย.9,NULL,วิตามินและอาหารเสริม,,,ขวด,8.85876E+12,100,NULL,FALSE,FALSE,NULL,,,NULL,NULL,NULL,NULL,NULL,NULL,1,NULL
1218,1000,101220,mamarine OMEGA-3+lysine&multivitamin forte 60 ml,NULL,NULL,ขย.9,NULL,วิตามินและอาหารเสริม,,,ขวด,8.85876E+12,100,NULL,FALSE,FALSE,NULL,,,NULL,NULL,NULL,NULL,NULL,NULL,1,NULL
1219,1000,101221,mamarine OMEGA-3+lysine&multivitamin forte 120 ml,ACETYLCYSTEINE,MOUTH/THROAT PREPARATIONS,ขย.9,NULL,วิตามินและอาหารเสริม,,,ขวด,8.85876E+12,100,NULL,FALSE,FALSE,NULL,,,170,NULL,NULL,NULL,NULL,NULL,1,NULL
1220,1000,101222,syn-o-vits 60 ml (multivitamin+lysine),NULL,NULL,ขย.9,NULL,วิตามินและอาหารเสริม,,,ขวด,8.85254E+12,100,NULL,FALSE,FALSE,NULL,,,NULL,NULL,NULL,NULL,NULL,NULL,1,NULL
1221,1000,101223,Bain syrup DHA70% 150 ml,PARACETAMOL,NSAIDs,ขย.9,NULL,วิตามินและอาหารเสริม,,,ขวด,8.85442E+12,100,NULL,FALSE,FALSE,NULL,,,195,NULL,NULL,NULL,NULL,NULL,1,NULL
1222,1000,101224,seven seas Ocean Gold (Omega3+multimintavin) 100 ml,NULL,NULL,ขย.9,NULL,วิตามินและอาหารเสริม,,,ขวด,4.98718E+12,100,NULL,FALSE,FALSE,NULL,,,NULL,NULL,NULL,NULL,NULL,NULL,1,NULL
1223,1000,101225,seven seas Multi-vitamin syr 120 ml,NULL,NULL,ขย.9,NULL,วิตามินและอาหารเสริม,,,ขวด,8.85288E+12,100,NULL,FALSE,FALSE,NULL,,,NULL,NULL,NULL,NULL,NULL,NULL,1,NULL
1224,1000,101226,Patar cod liver oil 60 capsule,NULL,NULL,ขย.9,NULL,วิตามินและอาหารเสริม,,,กระปุก,8.85501E+12,100,NULL,FALSE,FALSE,NULL,,,NULL,NULL,NULL,NULL,NULL,NULL,1,NULL
1225,1000,101227,ไบโอ-ออยล์ เจล 50 มล.,NULL,NULL,ขย.9,NULL,เครื่องสำอางและผลิตภัณฑ์ค,,,กระปุก,6.00116E+12,100,NULL,FALSE,FALSE,NULL,,,NULL,NULL,NULL,NULL,NULL,NULL,1,NULL
1226,1000,101228,ไบโอ-ออยล์ สูตรออยล์ 60 มล.,NULL,NULL,ขย.9,NULL,เครื่องสำอางและผลิตภัณฑ์ค,,,ขวด,6.00116E+12,100,NULL,FALSE,FALSE,NULL,,,NULL,NULL,NULL,NULL,NULL,NULL,1,NULL
1227,1000,101229,ยาประสะน้ำนม ตราพารา สูตร2,NULL,NULL,ขย.9,NULL,"ยาสมุนไพร, ยาแผนโบราณ",,,ซอง,8.85912E+12,100,NULL,FALSE,FALSE,NULL,,,NULL,NULL,NULL,NULL,NULL,NULL,1,NULL
1228,1000,101230,cetaphil gentle skin cleanser 250 ml,NULL,NULL,ขย.9,NULL,เครื่องสำอางและผลิตภัณฑ์ค,,,ขวด,3.49932E+12,100,NULL,FALSE,FALSE,NULL,,,NULL,NULL,NULL,NULL,NULL,NULL,1,NULL
1229,1000,101232,vitara-SE gel for scar 15 g,NULL,NULL,ขย.9,NULL,เครื่องสำอางและผลิตภัณฑ์ค,,,ขวด,8.85266E+12,100,NULL,FALSE,FALSE,NULL,,,NULL,NULL,NULL,NULL,NULL,NULL,1,NULL
1230,1000,101233,smooth E-gold foam 45 g,NULL,NULL,ขย.9,NULL,เครื่องสำอางและผลิตภัณฑ์ค,,,หลอด,9.30081E+12,100,NULL,FALSE,FALSE,NULL,,,NULL,NULL,NULL,NULL,NULL,NULL,1,NULL
1231,1000,101234,บีแคร์ ปั๊มนม,NULL,NULL,ขย.9,NULL,ผลิตภัณท์เด็ก,,,ชิ้น,8.8591E+12,100,NULL,FALSE,FALSE,NULL,,,NULL,NULL,NULL,NULL,NULL,NULL,1,NULL
1232,1000,101235,ถุงเก็บน้ำนมแม่ เบีบี้บอล 9 ออนซ์ 20 ชิ้น/กล่อง,NULL,NULL,ขย.9,NULL,ผลิตภัณท์เด็ก,,,กล่อง,8.8572E+12,100,NULL,FALSE,FALSE,NULL,,,NULL,NULL,NULL,NULL,NULL,NULL,1,NULL
1233,1000,101236,2.5% สบู่ซัลเฟอร์ 30 กรัม,SULPHUR+SALISALIC ACID,NULL,ขย.9,NULL,เครื่องสำอางและผลิตภัณฑ์ค,,,ก้อน,8.85951E+12,100,NULL,FALSE,FALSE,NULL,,,NULL,NULL,NULL,NULL,NULL,NULL,1,NULL
1234,1000,101237,2% โพชั่นเคลียร์สิว 15 มล.,SALICYLIC ACID,NULL,ขย.9,NULL,เครื่องสำอางและผลิตภัณฑ์ค,,,ขวด,8.85951E+12,100,NULL,FALSE,FALSE,NULL,,,NULL,NULL,NULL,NULL,NULL,NULL,1,NULL
1235,1000,101238,2% แอคเน่ สเปรย์ 50 มล.,SALICYLIC ACID,NULL,ขย.9,NULL,เครื่องสำอางและผลิตภัณฑ์ค,,,ขวด,8.85951E+12,100,NULL,FALSE,FALSE,NULL,,,NULL,NULL,NULL,NULL,NULL,NULL,1,NULL
1236,1000,101239,ปั๊มนม Niko-Niko พร้อมขวดนม,NULL,NULL,ขย.9,NULL,เบ็ดเตล็ด,,,กล่อง,8.85086E+12,100,NULL,FALSE,FALSE,NULL,,,NULL,NULL,NULL,NULL,NULL,NULL,1,NULL
1237,1000,101240,แผ่นแปะสิว cathy doll Y2018,NULL,NULL,ขย.9,NULL,เบ็ดเตล็ด,,,แพ็ค,8.01799E+12,100,NULL,FALSE,FALSE,NULL,,,NULL,NULL,NULL,NULL,NULL,NULL,1,NULL
1238,1000,101241,แปรงสีฟัน beetle อายุ 2+ ปี,NULL,NULL,ขย.9,NULL,ผลิตภัณท์เด็ก,,,ชิ้น,8.85197E+12,100,NULL,FALSE,FALSE,NULL,,,NULL,NULL,NULL,NULL,NULL,NULL,1,NULL
1239,1000,101242,แปรงสีฟัน สไมลลี่ ดั๊ก V-care อายุ 3+ ปี,NULL,NULL,ขย.9,NULL,ผลิตภัณท์เด็ก,,,ชิ้น,8.85197E+12,100,NULL,FALSE,FALSE,NULL,,,NULL,NULL,NULL,NULL,NULL,NULL,1,NULL
1240,1000,101243,ขวดนม pigeon เซอคัส คลาสสิก การ์ตูน 8 ออนซ์,NULL,NULL,ขย.9,NULL,ผลิตภัณท์เด็ก,,,ขวด,8.85197E+12,100,NULL,FALSE,FALSE,NULL,,,NULL,NULL,NULL,NULL,NULL,NULL,1,NULL
1241,1000,101244,ขวดนม pigeon เซอคัส คลาสสิก การ์ตูน 4 ออนซ์,NULL,NULL,ขย.9,NULL,ผลิตภัณท์เด็ก,,,ขวด,8.85197E+12,100,NULL,FALSE,FALSE,NULL,,,NULL,NULL,NULL,NULL,NULL,NULL,1,NULL
1242,1000,101245,ขวดนม pigeon size S อายุ 0-3 เดือน 4 ออนซ์,NULL,NULL,ขย.9,NULL,ผลิตภัณท์เด็ก,,,ขวด,331829,100,NULL,FALSE,FALSE,NULL,,,NULL,NULL,NULL,NULL,NULL,NULL,1,NULL
1243,1000,101246,ขวดนม pigeon size M อายุ 4-5 เดือน 8 ออนซ์,NULL,NULL,ขย.9,NULL,ผลิตภัณท์เด็ก,,,ขวด,331830,100,NULL,FALSE,FALSE,NULL,,,NULL,NULL,NULL,NULL,NULL,NULL,1,NULL
1244,1000,101247,แปรงสีฟัน สไมลลี่ เพนกวิน V-care อายุ 3+ ปี,NULL,NULL,ขย.9,NULL,ผลิตภัณท์เด็ก,,,ชิ้น,8.85197E+12,100,NULL,FALSE,FALSE,NULL,,,NULL,NULL,NULL,NULL,NULL,NULL,1,NULL
1245,1000,101248,แปรงสีฟัน สไมลลี่ กบ V-care อายุ 3+ ปี,NULL,NULL,ขย.9,NULL,ผลิตภัณท์เด็ก,,,ชิ้น,8.85197E+12,100,NULL,FALSE,FALSE,NULL,,,NULL,NULL,NULL,NULL,NULL,NULL,1,NULL
1246,1000,101249,ลูกอม i-kid รสโคล่า,NULL,NULL,ขย.9,NULL,ผลิตภัณท์เด็ก,,,ชิ้น,8.85511E+12,100,NULL,FALSE,FALSE,NULL,,,NULL,NULL,NULL,NULL,NULL,NULL,1,NULL
1247,1000,101250,ลูกอม i-kid รสเบอร์รี่,NULL,NULL,ขย.9,NULL,ผลิตภัณท์เด็ก,,,ชิ้น,8.85511E+12,100,NULL,FALSE,FALSE,NULL,,,NULL,NULL,NULL,NULL,NULL,NULL,1,NULL
1248,1000,101251,ลูกอม i-kid รสน้ำผึ้งมะนาว,NULL,NULL,ขย.9,NULL,ผลิตภัณท์เด็ก,,,ชิ้น,8.85511E+12,100,NULL,FALSE,FALSE,NULL,,,NULL,NULL,NULL,NULL,NULL,NULL,1,NULL
1249,1000,101252,ลูกอม i-kid รสแดงมะนาว,NULL,NULL,ขย.9,NULL,ผลิตภัณท์เด็ก,,,ชิ้น,8.85511E+12,100,NULL,FALSE,FALSE,NULL,,,NULL,NULL,NULL,NULL,NULL,NULL,1,NULL
1250,1000,101253,บ๊วยหวาน ตราอีแอล 60 กรัม,NULL,NULL,ขย.9,NULL,เบ็ดเตล็ด,,,กระปุก,8.85195E+12,100,NULL,FALSE,FALSE,NULL,,,NULL,NULL,NULL,NULL,NULL,NULL,1,NULL
1251,1000,101254,กิมจ้อรสบ๊วย 65 กรัม,NULL,NULL,ขย.9,NULL,เบ็ดเตล็ด,,,กระปุก,8.85195E+12,100,NULL,FALSE,FALSE,NULL,,,NULL,NULL,NULL,NULL,NULL,NULL,1,NULL
1252,1000,101255,มะละกอ (บ่อฮวยบ๊วย) 45 กรัม,NULL,NULL,ขย.9,NULL,เบ็ดเตล็ด,,,กระปุก,8.85195E+12,100,NULL,FALSE,FALSE,NULL,,,NULL,NULL,NULL,NULL,NULL,NULL,1,NULL
1253,1000,101256,เลมอนชิ้น (อบบ๊วย) 50 กรัม,NULL,NULL,ขย.9,NULL,เบ็ดเตล็ด,,,กระปุก,8.85195E+12,100,NULL,FALSE,FALSE,NULL,,,NULL,NULL,NULL,NULL,NULL,NULL,1,NULL
1254,1000,101257,ลูกท้ออบแห้ง ตราอีแอล 60 กรัม,NULL,NULL,ขย.9,NULL,เบ็ดเตล็ด,,,กระปุก,8.85195E+12,100,NULL,FALSE,FALSE,NULL,,,NULL,NULL,NULL,NULL,NULL,NULL,1,NULL
1255,1000,101258,บ๊วยเค็มอบแห้ง ตราอีแอล 50 กรัม,NULL,NULL,ขย.9,NULL,เบ็ดเตล็ด,,,กระปุก,8.85195E+12,100,NULL,FALSE,FALSE,NULL,,,NULL,NULL,NULL,NULL,NULL,NULL,1,NULL
1256,1000,101259,maxxLife gummy 120 กรัม,ACETYLCYSTEINE,DECONGESTANTS & OTHER NASAL PR,ขย.9,NULL,เบ็ดเตล็ด,,,กระปุก,8.8591E+12,100,NULL,FALSE,FALSE,NULL,,,245,NULL,NULL,NULL,NULL,NULL,1,NULL
1257,1000,101260,biopham vitamin C gummy 60 g,NULL,NULL,ขย.9,NULL,เบ็ดเตล็ด,,,ซอง,8.85314E+12,100,NULL,FALSE,FALSE,NULL,,,NULL,NULL,NULL,NULL,NULL,NULL,1,NULL
1258,1000,101261,biopham calcium gummy 24 g,NULL,NULL,ขย.9,NULL,เบ็ดเตล็ด,,,ซอง,8.85314E+12,100,NULL,FALSE,FALSE,NULL,,,NULL,NULL,NULL,NULL,NULL,NULL,1,NULL
1259,1000,101262,biopham MultiVitamin gummy 60 g,NULL,NULL,ขย.9,NULL,เบ็ดเตล็ด,,,ซอง,8.85314E+12,100,NULL,FALSE,FALSE,NULL,,,NULL,NULL,NULL,NULL,NULL,NULL,1,NULL
1260,1000,101263,biopham Fish oil gummy 20 g,NULL,NULL,ขย.9,NULL,เบ็ดเตล็ด,,,ซอง,8.85314E+12,100,NULL,FALSE,FALSE,NULL,,,NULL,NULL,NULL,NULL,NULL,NULL,1,NULL
1261,1000,101264,Hy vitamin C 50 orange 20's,NULL,NULL,ขย.9,NULL,เบ็ดเตล็ด,,,ซอง,8.85099E+12,100,NULL,FALSE,FALSE,NULL,,,NULL,NULL,NULL,NULL,NULL,NULL,1,NULL
1262,1000,101265,Hy vitamin C 50 strawberry 20's,NULL,NULL,ขย.9,NULL,เบ็ดเตล็ด,,,ซอง,8.85099E+12,100,NULL,FALSE,FALSE,NULL,,,NULL,NULL,NULL,NULL,NULL,NULL,1,NULL
1263,1000,101266,นมอัดเม็ด รสหวาน ตรา มิ้ลค์ มิ้ลค์ 15's,NULL,NULL,ขย.9,NULL,เบ็ดเตล็ด,,,ซอง,8.85099E+12,100,NULL,FALSE,FALSE,NULL,,,NULL,NULL,NULL,NULL,NULL,NULL,1,NULL
1264,1000,101267,นมอัดเม็ด รสหวาน ตราไวท์ฟาร์ม 11.2 กรัม,NULL,NULL,ขย.9,NULL,เบ็ดเตล็ด,,,ซอง,8.85442E+12,100,NULL,FALSE,FALSE,NULL,,,NULL,NULL,NULL,NULL,NULL,NULL,1,NULL
1265,1000,101268,นมอัดเม็ด รสสตอรเบอร์รี่ ตราไวท์ฟาร์ม 11.2 กรัม,NULL,NULL,ขย.9,NULL,เบ็ดเตล็ด,,,ซอง,8.85442E+12,100,NULL,FALSE,FALSE,NULL,,,NULL,NULL,NULL,NULL,NULL,NULL,1,NULL
1266,1000,101269,นมอัดเม็ด รสช็อกโกแลต ตราไวท์ฟาร์ม 11.2 กรัม,NULL,NULL,ขย.9,NULL,เบ็ดเตล็ด,,,ซอง,8.85442E+12,100,NULL,FALSE,FALSE,NULL,,,NULL,NULL,NULL,NULL,NULL,NULL,1,NULL
1267,1000,101270,มิลกี้-ดี นมชมพู (เม็ดอม) 6 กรัม,NULL,NULL,ขย.9,NULL,เบ็ดเตล็ด,,,ซอง,8.85876E+12,100,NULL,FALSE,FALSE,NULL,,,NULL,NULL,NULL,NULL,NULL,NULL,1,NULL
1268,1000,101271,Milk Milkนมปรุงแต่งชนิดเม็ด วานิลลา 40 เม็ด,ACETYLCYSTEINE,VITAMINS & MINERALS,ขย.9,NULL,เบ็ดเตล็ด,,,ขวด,8.85099E+12,100,NULL,FALSE,FALSE,NULL,,,59,NULL,NULL,NULL,NULL,NULL,1,NULL
1269,1000,101272,Milk Milkนมปรุงแต่งชนิดเม็ด ช็อกโกแลต 40 เม็ด,ACETYLCYSTEINE,VITAMINS & MINERALS,ขย.9,NULL,วิตามินและอาหารเสริม,,,ขวด,8.85099E+12,100,NULL,FALSE,FALSE,NULL,,,59,NULL,NULL,NULL,NULL,NULL,1,NULL
1270,1000,101273,Milk Milk นมปรุงแต่ง กลิ่นหวาน 40 เม็ด,ACETYLCYSTEINE,MOUTH/THROAT PREPARATIONS,ขย.9,NULL,เบ็ดเตล็ด,,,กระปุก,8.85099E+12,100,NULL,FALSE,FALSE,NULL,,,59,NULL,NULL,NULL,NULL,NULL,1,NULL
1271,1000,101274,วิตามินซี ตราพาตาร์( แบ่งขาย 60 เม็ด),ASCORBIC ACID,NULL,ขย.9,NULL,เบ็ดเตล็ด,,,ซอง,101274,100,NULL,FALSE,FALSE,NULL,,,NULL,NULL,NULL,NULL,NULL,NULL,1,NULL
1272,1000,101275,vita-C strawberry 1000's,ASCORBIC ACID,NULL,ขย.9,NULL,วิตามินและอาหารเสริม,,,กระปุก,8.85712E+12,100,NULL,FALSE,FALSE,NULL,,,NULL,NULL,NULL,NULL,NULL,NULL,1,NULL
1273,1000,101276,vita-C pineapple 1000's,ASCORBIC ACID,NULL,ขย.9,NULL,วิตามินและอาหารเสริม,,,กระปุก,8.85876E+12,100,NULL,FALSE,FALSE,NULL,,,NULL,NULL,NULL,NULL,NULL,NULL,1,NULL
1274,1000,101277,vita-C grape 1000's,ASCORBIC ACID,NULL,ขย.9,NULL,วิตามินและอาหารเสริม,,,กระปุก,8.85712E+12,100,NULL,FALSE,FALSE,NULL,,,NULL,NULL,NULL,NULL,NULL,NULL,1,NULL
1275,1000,101278,VITA C 25mg กลิ่นส้ม 1000 ' ,ASCORBIC ACID,NULL,ขย.9,NULL,วิตามินและอาหารเสริม,,,กระปุก,8.85651E+12,100,NULL,FALSE,FALSE,NULL,,,NULL,NULL,NULL,NULL,NULL,NULL,1,NULL
1276,1000,101279,Ascobic acid Vitamin C Patar กลิ่นส้ม1000's,ASCORBIC ACID,NULL,ขย.9,NULL,วิตามินและอาหารเสริม,,,กระปุก,8.85501E+12,100,NULL,FALSE,FALSE,NULL,,,NULL,NULL,NULL,NULL,NULL,NULL,1,NULL
1277,1000,101280,ขนมไวท์ฟาร์ม แคลเซียมสูง อบกรอบ 17 กรัม,NULL,NULL,ขย.9,NULL,เบ็ดเตล็ด,,,ซอง,8.85442E+12,100,NULL,FALSE,FALSE,NULL,,,NULL,NULL,NULL,NULL,NULL,NULL,1,NULL
1278,1000,101281,hicee 100 4's,ASCORBIC ACID,NULL,ขย.9,NULL,เบ็ดเตล็ด,,,ชิ้น,8.85196E+12,100,NULL,FALSE,FALSE,NULL,,,NULL,NULL,NULL,NULL,NULL,NULL,1,NULL
1279,1000,101282,ยาอมสมุนไพร ตรามังกรทอง รสบ๊วย 100 เม็ด,NULL,NULL,ขย.9,NULL,เบ็ดเตล็ด,,,กระปุก,8.85291E+12,100,NULL,FALSE,FALSE,NULL,,,NULL,NULL,NULL,NULL,NULL,NULL,1,NULL
1280,1000,101283,ยาอมสมุนไพร ตรามังกรทอง รสมะนาว 100 เม็ด,NULL,NULL,ขย.9,NULL,เบ็ดเตล็ด,,,กระปุก,8.85291E+12,100,NULL,FALSE,FALSE,NULL,,,NULL,NULL,NULL,NULL,NULL,NULL,1,NULL
1281,1000,101284,ยาอมสมุนไพร ตรามังกรทอง รสเปลือกส้ม 100 เม็ด,NULL,NULL,ขย.9,NULL,เบ็ดเตล็ด,,,กระปุก,8.85291E+12,100,NULL,FALSE,FALSE,NULL,,,NULL,NULL,NULL,NULL,NULL,NULL,1,NULL
1282,1000,101285,ชุดฝึกทานอาหารพร้อมช้อนนิ่มพิเศษ Pigeon +6 m,NULL,NULL,ขย.9,NULL,ผลิตภัณท์เด็ก,,,อัน,4.90251E+12,100,NULL,FALSE,FALSE,NULL,,,NULL,NULL,NULL,NULL,NULL,NULL,1,NULL
1283,1000,101286,ชามบดอาหารพร้อมช้อน Pigeon +6 m,NULL,NULL,ขย.9,NULL,ผลิตภัณท์เด็ก,,,อัน,8.85197E+12,100,NULL,FALSE,FALSE,NULL,,,NULL,NULL,NULL,NULL,NULL,NULL,1,NULL
1284,1000,101287,ชุดดูดน้ำมูก ชนิดควบคุมแรงดูดจากปากแม่ Attoon,NULL,NULL,ขย.9,NULL,ผลิตภัณท์เด็ก,,,อัน,8.85874E+12,100,NULL,FALSE,FALSE,NULL,,,NULL,NULL,NULL,NULL,NULL,NULL,1,NULL
1285,1000,101288,ที่ดูดน้ำมูก ซิลิโคน ชนิดหัวเรียวพิเศษ,NULL,NULL,ขย.9,NULL,ผลิตภัณท์เด็ก,,,อัน,8.85874E+12,100,NULL,FALSE,FALSE,NULL,,,NULL,NULL,NULL,NULL,NULL,NULL,1,NULL
1286,1000,101289,ชุดป้อนอาหารชนิดนิ่มพิเศษ Pigeon +6 m,NULL,NULL,ขย.9,NULL,ผลิตภัณท์เด็ก,,,อัน,4.90251E+12,100,NULL,FALSE,FALSE,NULL,,,NULL,NULL,NULL,NULL,NULL,NULL,1,NULL
1287,1000,101290,จุกนมยางดูดเล่น pigeon size S (0-3 m) สีฟ้า,NULL,NULL,ขย.9,NULL,ผลิตภัณท์เด็ก,,,ชิ้น,4.90251E+12,100,NULL,FALSE,FALSE,NULL,,,NULL,NULL,NULL,NULL,NULL,NULL,1,NULL
1288,1000,101291,จุกนมยางดูดเล่น pigeon size S (0-3 m) สีชมพู,NULL,NULL,ขย.9,NULL,ผลิตภัณท์เด็ก,,,ชิ้น,4.90251E+12,100,NULL,FALSE,FALSE,NULL,,,NULL,NULL,NULL,NULL,NULL,NULL,1,NULL
1289,1000,101292,จุกนมยางดูดเล่น pigeon size M (3-6 m) สีเหลือง,NULL,NULL,ขย.9,NULL,ผลิตภัณท์เด็ก,,,ชิ้น,4.90251E+12,100,NULL,FALSE,FALSE,NULL,,,NULL,NULL,NULL,NULL,NULL,NULL,1,NULL
1290,1000,101293,จุกนมยางดูดเล่น pigeon size M (3-6 m) สีชมพู,NULL,NULL,ขย.9,NULL,ผลิตภัณท์เด็ก,,,ชิ้น,4.90251E+12,100,NULL,FALSE,FALSE,NULL,,,NULL,NULL,NULL,NULL,NULL,NULL,1,NULL
1291,1000,101294,จุกนมยางดูดเล่น pigeon size L (6-18 m),NULL,NULL,ขย.9,NULL,ผลิตภัณท์เด็ก,,,ชิ้น,4.90251E+12,100,NULL,FALSE,FALSE,NULL,,,NULL,NULL,NULL,NULL,NULL,NULL,1,NULL
1292,1000,101295,เซรั่มอัญชัน บำรุงคิ้ว สำหรับเด็ก 1 มล.,NULL,NULL,ขย.9,NULL,ผลิตภัณท์เด็ก,,,ชิ้น,8.85938E+12,100,NULL,FALSE,FALSE,NULL,,,NULL,NULL,NULL,NULL,NULL,NULL,1,NULL
1293,1000,101296,จุกนมซิลิคอนคลาสสิค size L 6+m/3ชิ้น,NULL,NULL,ขย.9,NULL,ผลิตภัณท์เด็ก,,,ชิ้น,8.85197E+12,100,NULL,FALSE,FALSE,NULL,,,NULL,NULL,NULL,NULL,NULL,NULL,1,NULL
1294,1000,101297,แอคเน่-เอด บาร์ (คุมความมัน) 100 กรัม,NULL,NULL,ขย.9,NULL,"สบู่,  สบู่เหลว,  ครีมอาบ",,,ก้อน,9.31406E+12,100,NULL,FALSE,FALSE,NULL,,,NULL,NULL,NULL,NULL,NULL,NULL,1,NULL
1295,1000,101298,แอคเน่-เอด ลิควิด เคลนเซอร์ (คุมความมัน) 100 มล.,NULL,NULL,ขย.9,NULL,"สบู่,  สบู่เหลว,  ครีมอาบ",,,ขวด,9.31406E+12,100,NULL,FALSE,FALSE,NULL,,,NULL,NULL,NULL,NULL,NULL,NULL,1,NULL
1296,1000,101299,แอคเน่-เอด เจนเทิล เคลนเซอร์ (ผิวแพ้ง่าย) 100 มล.,NULL,NULL,ขย.9,NULL,"สบู่,  สบู่เหลว,  ครีมอาบ",,,ขวด,9.31406E+12,100,NULL,FALSE,FALSE,NULL,,,NULL,NULL,NULL,NULL,NULL,NULL,1,NULL
1297,1000,101300,โปรวาเมต วิตามินอี เซรั่ม 30 มล.,NULL,NULL,ขย.9,NULL,เครื่องสำอางและผลิตภัณฑ์ค,,,ขวด,8.85876E+12,100,NULL,FALSE,FALSE,NULL,,,NULL,NULL,NULL,NULL,NULL,NULL,1,NULL
1298,1000,101301,98%ปาล์มเมอร์ สูตรโกโก้บัตเตอร์ มาสซาสครีม สูตรเข้มข้น,NULL,NULL,ขย.9,NULL,เครื่องสำอางและผลิตภัณฑ์ค,,,หลอด,10181040351,100,NULL,FALSE,FALSE,NULL,,,NULL,NULL,NULL,NULL,NULL,NULL,1,NULL
1299,1000,101302,แป้งเด็ก ฮาย สำหรับเด็ก 200 กรัม,GINGKO-BILOBA,VITAMINS & MINERALS,ขย.9,NULL,ผลิตภัณท์เด็ก,,,ขวด,8.85711E+12,100,NULL,FALSE,FALSE,NULL,,,70,NULL,NULL,NULL,NULL,NULL,1,NULL
1300,1000,101303,ศรีจันทร์เบบี้ นิวบอร์น พาวเดอร์ 150 กรัม,CAMPHOR,ANTIHISTAMINES & ANTIALLERGICS,ขย.9,NULL,ผลิตภัณท์เด็ก,,,ขวด,8.8587E+12,100,NULL,FALSE,FALSE,NULL,,,56,NULL,NULL,NULL,NULL,NULL,1,NULL
1301,1000,101304,ศรีจันทร์ เบบี้ เบบี้ พาวเดอร์ 50 กรัม,METHYL SALICYLATE+MENTHOL+EUGENOL,MOUTH/THROAT PREPARATIONS,ขย.9,NULL,ผลิตภัณท์เด็ก,,,กระปุก,8.8587E+12,100,NULL,FALSE,FALSE,NULL,,,65,63,NULL,NULL,NULL,NULL,1,NULL
1302,1000,101305,สมูทอี แอคเน่ ไฮโดรเจล พลัส 10 กรัม,NULL,NULL,ขย.9,NULL,เครื่องสำอางและผลิตภัณฑ์ค,,,หลอด,9.30081E+12,100,NULL,FALSE,FALSE,NULL,,,NULL,NULL,NULL,NULL,NULL,NULL,1,NULL
1303,1000,101306,10% ยูเดีย 30 กรัม,UREA,NULL,ขย.9,NULL,เครื่องสำอางและผลิตภัณฑ์ค,,,หลอด,8.85651E+12,100,NULL,FALSE,FALSE,NULL,,,NULL,NULL,NULL,NULL,NULL,NULL,1,NULL
1304,1000,101307,10% ไดอะบีเดิร์ม ครีม 100 กรัม,UREA,NULL,ขย.9,NULL,เครื่องสำอางและผลิตภัณฑ์ค,,,หลอด,8.85335E+12,100,NULL,FALSE,FALSE,NULL,,,NULL,NULL,NULL,NULL,NULL,NULL,1,NULL
1305,1000,101308,20% ไดอะบีเดิร์ม ครีม  35 กรัม,UREA,NULL,ขย.9,NULL,ยาใช้ภายนอก,,,หลอด,8.85335E+12,100,NULL,FALSE,FALSE,NULL,,,NULL,NULL,NULL,NULL,NULL,NULL,1,NULL
1306,1000,101309,HIRUDOID cream สีแดง 40 กรัม,MUCOPOLYSACCHARIDE POLYSULFATE,NULL,ขย.9,NULL,เครื่องสำอางและผลิตภัณฑ์ค,,,หลอด,8.85174E+12,100,NULL,FALSE,FALSE,NULL,,,NULL,NULL,NULL,NULL,NULL,NULL,1,NULL
1307,1000,101310,Hirudoid cream สีแดง 20 กรัม,MUCOPOLYSACCHARIDE POLYSULFATE,NULL,ขย.9,NULL,เครื่องสำอางและผลิตภัณฑ์ค,,,หลอด,8.85174E+12,100,NULL,FALSE,FALSE,NULL,,,NULL,NULL,NULL,NULL,NULL,NULL,1,NULL
1308,1000,101311,hirudoid cream สีแดง 10 กรัม,MUCOPOLYSACCHARIDE POLYSULFATE,NULL,ขย.9,NULL,เครื่องสำอางและผลิตภัณฑ์ค,,,หลอด,8.85174E+12,100,NULL,FALSE,FALSE,NULL,,,NULL,NULL,NULL,NULL,NULL,NULL,1,NULL
1309,1000,101312,Hirudoid Forte  cream สีน้ำเงิน 20 กรัม,MUCOPOLYSACCHARIDE POLYSULFATE,NULL,ขย.9,NULL,เครื่องสำอางและผลิตภัณฑ์ค,,,หลอด,8.85174E+12,100,NULL,FALSE,FALSE,NULL,,,NULL,NULL,NULL,NULL,NULL,NULL,1,NULL
1310,1000,101313,hirudoid Forte  cream สีน้ำเงิน 10 กรัม,MUCOPOLYSACCHARIDE POLYSULFATE,NULL,ขย.9,NULL,เครื่องสำอางและผลิตภัณฑ์ค,,,หลอด,8.85174E+12,100,NULL,FALSE,FALSE,NULL,,,NULL,NULL,NULL,NULL,NULL,NULL,1,NULL
1311,1000,101314,แอนตี้ เอคเน่ ไฮโดรเจล 7 กรัม,NULL,NULL,ขย.9,NULL,เครื่องสำอางและผลิตภัณฑ์ค,,,หลอด,9.30081E+12,100,NULL,FALSE,FALSE,NULL,,,NULL,NULL,NULL,NULL,NULL,NULL,1,NULL
1312,1000,101315,clenascar C silicone gel 7 g,NULL,NULL,ขย.9,NULL,เครื่องสำอางและผลิตภัณฑ์ค,,,หลอด,8.85899E+12,100,NULL,FALSE,FALSE,NULL,,,NULL,NULL,NULL,NULL,NULL,NULL,1,NULL
1313,1000,101316,cleanscar gel 7 g,NULL,NULL,ขย.9,NULL,เครื่องสำอางและผลิตภัณฑ์ค,,,หลอด,8.85899E+12,100,NULL,FALSE,FALSE,NULL,,,NULL,NULL,NULL,NULL,NULL,NULL,1,NULL
1314,1000,101317,ว่านหางจระเข้ bernova,NULL,NULL,ขย.9,NULL,เครื่องสำอางและผลิตภัณฑ์ค,,,หลอด,8.85266E+12,100,NULL,FALSE,FALSE,NULL,,,NULL,NULL,NULL,NULL,NULL,NULL,1,NULL
1315,1000,101318,ว่านหางจระเข้ aloe gel,NULL,NULL,ขย.9,NULL,เครื่องสำอางและผลิตภัณฑ์ค,,,หลอด,8.85343E+12,100,NULL,FALSE,FALSE,NULL,,,NULL,NULL,NULL,NULL,NULL,NULL,1,NULL
1316,1000,101319,Puricas Dragon's Blood Scar Gel 8g,NULL,NULL,ขย.9,NULL,เครื่องสำอางและผลิตภัณฑ์ค,,,หลอด,8.85955E+12,100,NULL,FALSE,FALSE,NULL,,,NULL,NULL,NULL,NULL,NULL,NULL,1,NULL
1317,1000,101320,เน็กซ์แคร์ แผ่นดูดซับสิว รุ่นบาง 30 ชิ้น,NULL,NULL,ขย.9,NULL,เครื่องสำอางและผลิตภัณฑ์ค,,,กล่อง,8.8503E+12,100,NULL,FALSE,FALSE,NULL,,,NULL,NULL,NULL,NULL,NULL,NULL,1,NULL
1318,1000,101321,แผ่นแปะลดไข้ bye bye-fever 0-2y 2ชิ้น/ซอง,NULL,NULL,ขย.9,NULL,เบ็ดเตล็ด,,,ซอง,4.98719E+12,100,NULL,FALSE,FALSE,NULL,,,NULL,NULL,NULL,NULL,NULL,NULL,1,NULL
1319,1000,101322,แผ่นแปะลดไข้ bye bye-fever 3-6y 2ชิ้น/ซอง,NULL,NULL,ขย.9,NULL,เบ็ดเตล็ด,,,ซอง,4.98719E+12,100,NULL,FALSE,FALSE,NULL,,,NULL,NULL,NULL,NULL,NULL,NULL,1,NULL
1320,1000,101323,แผ่นแปะลดไข้ bye bye-fever 12+y 2ชิ้น/ซอง,NULL,NULL,ขย.9,NULL,เบ็ดเตล็ด,,,ซอง,4.98719E+12,100,NULL,FALSE,FALSE,NULL,,,NULL,NULL,NULL,NULL,NULL,NULL,1,NULL
1321,1000,101324,แผ่นแปะลดไข้ เด็ก kool fever 0-2y สีชมพู 2ชิ้น/ซอง,ACETYLCYSTEINE,ANTIDIARRHOEALS,ขย.9,NULL,เบ็ดเตล็ด,,,ซอง,4.98707E+12,100,NULL,FALSE,FALSE,NULL,,,NULL,NULL,NULL,NULL,NULL,NULL,1,NULL
1322,1000,101325,แผ่นแปะลดไข้ เด็ก kool fever 2+y สีน้ำเงิน2ชิ้น/ซอง,NULL,NULL,ขย.9,NULL,ยาใช้เฉพาะที่,,,ซอง,101325,100,NULL,FALSE,FALSE,NULL,,,NULL,NULL,NULL,NULL,NULL,NULL,1,NULL
1323,1000,101326,แผ่นแปะลดไข้ ผู้ใหญ่ kool fever ติดแน่น สีน้ำเงิน 2 ชิ้น,NULL,NULL,ขย.9,NULL,เบ็ดเตล็ด,,,ซอง,101326,100,NULL,FALSE,FALSE,NULL,,,NULL,NULL,NULL,NULL,NULL,NULL,1,NULL
1324,1000,101327,แผ่นเจลลดไข้เด็ก สีฟ้า Jelly Cool 2 แผ่น/ซอง,NULL,NULL,ขย.9,NULL,เบ็ดเตล็ด,,,ซอง,101327,100,NULL,FALSE,FALSE,NULL,,,NULL,NULL,NULL,NULL,NULL,NULL,1,NULL
1325,1000,101328,แผ่นเจลลดไข้ cool Temp 2แผ่น/ซอง อายุ 6+ปี,NULL,NULL,ขย.9,NULL,เบ็ดเตล็ด,,,ซอง,8.85712E+12,100,NULL,FALSE,FALSE,NULL,,,NULL,NULL,NULL,NULL,NULL,NULL,1,NULL
1326,1000,101329,แผ่นเจลลดไข้ cooling 1ชิ้น/ซอง อายุ 2+ปี,NULL,NULL,ขย.9,NULL,เบ็ดเตล็ด,,,ซอง,8.85924E+12,100,NULL,FALSE,FALSE,NULL,,,NULL,NULL,NULL,NULL,NULL,NULL,1,NULL
1327,1000,101330,ยาน้ำ วูดเวอร์ด ไกร๊ป วอเตอร์ 148 มล.,SODIUM BICARBONATE,NULL,ขย.9,NULL,ผลิตภัณท์เด็ก,,,ขวด,8.85016E+12,100,NULL,FALSE,FALSE,NULL,,,NULL,NULL,NULL,NULL,NULL,NULL,1,NULL
1328,1000,101331,เบบี้ดอล bebidol 120 มล.,SODIUM BICARBONATE,NULL,ขย.9,NULL,ผลิตภัณท์เด็ก,,,ขวด,8.85147E+12,100,NULL,FALSE,FALSE,NULL,,,NULL,NULL,NULL,NULL,NULL,NULL,1,NULL
1329,1000,101332,มหาหิงคุ์ ลูกกลิ้ง ตรามงกุฏพญานาคคู่ 60 ซีซี,NULL,NULL,ขย.9,NULL,ผลิตภัณท์เด็ก,,,ขวด,8.85112E+12,100,NULL,FALSE,FALSE,NULL,,,NULL,NULL,NULL,NULL,NULL,NULL,1,NULL
1330,1000,101333,มหาหิงคุ์ วี.เอส. ลูกกลิ้ง ตราวิทยาศรม 60 ซีซี,ACETYLCYSTEINE,MOUTH/THROAT PREPARATIONS,ขย.9,NULL,ผลิตภัณท์เด็ก,,,ขวด,8.85008E+12,100,NULL,FALSE,FALSE,NULL,,,44,NULL,NULL,NULL,NULL,NULL,1,NULL
1331,1000,101334,มหาหิงคุ์ วี.เอส. ตราวิทยาศรม 60 ซีซี,PARACETAMOL,NSAIDs,ขย.9,NULL,ผลิตภัณท์เด็ก,,,ขวด,8.85008E+12,100,NULL,FALSE,FALSE,NULL,,,32,NULL,NULL,NULL,NULL,NULL,1,NULL
1332,1000,101335,มหาหิงคุ์ วี.เอส. ตราวิทยาศรม 120 ซีซี,NULL,NULL,ขย.9,NULL,ผลิตภัณท์เด็ก,,,ขวด,8.85008E+12,100,NULL,FALSE,FALSE,NULL,,,NULL,NULL,NULL,NULL,NULL,NULL,1,NULL
1333,1000,101336,กลีเซอรีนบอแรกซ์ 100 กรัม/15มล,GLYCERINE,NULL,ขย.9,NULL,เบ็ดเตล็ด,,,ขวด,8.85008E+12,100,NULL,FALSE,FALSE,NULL,,,NULL,NULL,NULL,NULL,NULL,NULL,1,NULL
1334,1000,101337,เยนเชียน ไวโอเล็ต 0.5กรัม/15 มล.,NULL,NULL,ขย.9,NULL,เบ็ดเตล็ด,,,ขวด,8.85343E+12,100,NULL,FALSE,FALSE,NULL,,,NULL,NULL,NULL,NULL,NULL,NULL,1,NULL
1335,1000,101338,เขากุย สีน้ำตาล 200 ซีซี,NULL,NULL,ขย.9,NULL,ผลิตภัณท์เด็ก,,,ขวด,8.85942E+12,100,NULL,FALSE,FALSE,NULL,,,NULL,NULL,NULL,NULL,NULL,NULL,1,NULL
1336,1000,101339,เขากุย สีขาว อ้วยอันโอสถ 240 ซีซี,NULL,NULL,ขย.9,NULL,ผลิตภัณท์เด็ก,,,ขวด,8.85291E+12,100,NULL,FALSE,FALSE,NULL,,,NULL,NULL,NULL,NULL,NULL,NULL,1,NULL
1337,1000,101340,ซอลเจลล่า เดอร์โมลิควิด อินทิเมท 100 ซีซี (สูตรมั่นใจ),NULL,NULL,ขย.9,NULL,"สบู่,  สบู่เหลว,  ครีมอาบ",,,ขวด,8.01956E+12,100,NULL,FALSE,FALSE,NULL,,,NULL,NULL,NULL,NULL,NULL,NULL,1,NULL
1338,1000,101341,ซอลเจลล่า แอ็คติว่า อินทิเมท 100 ซีซี (สูตรปกป้อง),MENTHOL,VITAMINS & MINERALS,ขย.9,NULL,"สบู่,  สบู่เหลว,  ครีมอาบ",,,ขวด,8.01956E+12,100,NULL,FALSE,FALSE,NULL,,,43,165,NULL,NULL,NULL,NULL,1,NULL
1339,1000,101342,แนปปี้-ฮิปโป้ ซิงค์ ออกไซด์ 5 กรัม,ZINC OXIDE,NULL,ขย.9,NULL,ผลิตภัณท์เด็ก,,,หลอด,8.85024E+12,100,NULL,FALSE,FALSE,NULL,,,NULL,NULL,NULL,NULL,NULL,NULL,1,NULL
1340,1000,101343,แนปปี้-ฮิปโป้ ซิงค์ ออกไซด์ 25 กรัม,ZINC OXIDE,NULL,ขย.9,NULL,ผลิตภัณท์เด็ก,,,หลอด,8.85024E+12,100,NULL,FALSE,FALSE,NULL,,,NULL,NULL,NULL,NULL,NULL,NULL,1,NULL
1341,1000,101344,แพมเพอริน ครีม 25 กรัม,NULL,NULL,ขย.9,NULL,ผลิตภัณท์เด็ก,,,หลอด,8.85024E+12,100,NULL,FALSE,FALSE,NULL,,,NULL,NULL,NULL,NULL,NULL,NULL,1,NULL
1342,1000,101345,บีแพนเธน ออยเมนต์ 30 กรัม,NULL,NULL,ขย.9,NULL,ผลิตภัณท์เด็ก,,,หลอด,8.85017E+12,100,NULL,FALSE,FALSE,NULL,,,NULL,NULL,NULL,NULL,NULL,NULL,1,NULL
1343,1000,101346,บีแพนเธน ออยเมนต์ 50 กรัม,NULL,NULL,ขย.9,NULL,ผลิตภัณท์เด็ก,,,หลอด,8.85017E+12,100,NULL,FALSE,FALSE,NULL,,,NULL,NULL,NULL,NULL,NULL,NULL,1,NULL
1344,1000,101347,บีแพนเธน เซนซิเดิร์ม ครีม 20 กรัม,NULL,NULL,ขย.9,NULL,ผลิตภัณท์เด็ก,,,หลอด,8.85017E+12,100,NULL,FALSE,FALSE,NULL,,,NULL,NULL,NULL,NULL,NULL,NULL,1,NULL
1345,1000,101348,บีเพนเธน เฟิร์สเอด ครีม 30 กรัม,DEXPANTHENOL,NULL,ขย.9,NULL,ผลิตภัณท์เด็ก,,,หลอด,8.85017E+12,100,NULL,FALSE,FALSE,NULL,,,NULL,NULL,NULL,NULL,NULL,NULL,1,NULL
1346,1000,101349,ยาสีฟันชนิดเจล เด็ก12+m รสสตอเบอร์รี่ pigeon 45g,NULL,NULL,ขย.9,NULL,ผลิตภัณท์เด็ก,,,หลอด,4.90251E+12,100,NULL,FALSE,FALSE,NULL,,,NULL,NULL,NULL,NULL,NULL,NULL,1,NULL
1347,1000,101350,ยาสีฟันชนิดเจล เด็ก1+y รสองุ่น pigeon 45g,NULL,NULL,ขย.9,NULL,ผลิตภัณท์เด็ก,,,หลอด,4.90251E+12,100,NULL,FALSE,FALSE,NULL,,,79,NULL,NULL,NULL,NULL,NULL,1,NULL
1348,1000,101351,สติ๊กเกอร์หัวหอม blue formula 6ชิ้น/กล่อง,NULL,NULL,ขย.9,NULL,ผลิตภัณท์เด็ก,,,กล่อง,8.85952E+12,100,NULL,FALSE,FALSE,NULL,,,NULL,NULL,NULL,NULL,NULL,NULL,1,NULL
1349,1000,101352,สติ๊กเกอร์หัวหอม green formula 6ชิ้น/กล่อง,NULL,NULL,ขย.9,NULL,ผลิตภัณท์เด็ก,,,กล่อง,8.85952E+12,100,NULL,FALSE,FALSE,NULL,,,NULL,NULL,NULL,NULL,NULL,NULL,1,NULL
1350,1000,101353,สติ๊กเกอร์หัวหอม original 6ชิ้น/กล่อง,ACETYLCYSTEINE,ANTIDIARRHOEALS,ขย.9,NULL,ผลิตภัณท์เด็ก,,,กล่อง,8.85952E+12,100,NULL,FALSE,FALSE,NULL,,,95,NULL,NULL,NULL,NULL,NULL,1,NULL
1351,1000,101354,สติ๊กเกอร์ เมอร์ซี่ หัวหอมแดง 6 ชิ้น/กล่อง,NULL,NULL,ขย.9,NULL,ผลิตภัณท์เด็ก,,,กล่อง,8.85174E+12,100,NULL,FALSE,FALSE,NULL,,,NULL,NULL,NULL,NULL,NULL,NULL,1,NULL
1352,1000,101355,สติ๊กเกอร์ขิง เมอร์ซี่ 6 ชิ้น/กล่อง,NULL,NULL,ขย.9,NULL,ผลิตภัณท์เด็ก,,,กล่อง,8.85174E+12,100,NULL,FALSE,FALSE,NULL,,,NULL,NULL,NULL,NULL,NULL,NULL,1,NULL
1353,1000,101356,หอม หอม บาล์ม เจล 17 กรัม,NULL,NULL,ขย.9,NULL,ผลิตภัณท์เด็ก,,,ขวด,8.8572E+12,100,NULL,FALSE,FALSE,NULL,,,NULL,NULL,NULL,NULL,NULL,NULL,1,NULL
1354,1000,101357,วาสลีน 100%เพียวรีแพร์ริ่ง เจลลี่ 50 มล.,NULL,NULL,ขย.9,NULL,เบ็ดเตล็ด,,,กระปุก,8.85193E+12,100,NULL,FALSE,FALSE,NULL,,,NULL,NULL,NULL,NULL,NULL,NULL,1,NULL
1355,1000,101358,วาสลีน 100%เพียวรีแพร์ริ่ง เจลลี่ 100 มล.,NULL,NULL,ขย.9,NULL,เบ็ดเตล็ด,,,กระปุก,8.85193E+12,100,NULL,FALSE,FALSE,NULL,,,NULL,NULL,NULL,NULL,NULL,NULL,1,NULL
1356,1000,101359,เมดเมเกอร์ ปิโตรเลียมเจลลี่ เบบี้ (สีชมพู) 50 กรัม,ACETYLCYSTEINE,MOUTH/THROAT PREPARATIONS,ขย.9,NULL,เบ็ดเตล็ด,,,กระปุก,8.85088E+12,100,NULL,FALSE,FALSE,NULL,,,60,NULL,NULL,NULL,NULL,NULL,1,NULL
1357,1000,101360,เมดเมเกอร์ ปิโตรเลียมเจลลี่ 50 กรัม,NULL,NULL,ขย.9,NULL,เบ็ดเตล็ด,,,กระปุก,8.85088E+12,100,NULL,FALSE,FALSE,NULL,,,NULL,NULL,NULL,NULL,NULL,NULL,1,NULL
1358,1000,101361,โพลาร์ สเปรย์ปรับอากาศ กลิ่นยูคาลิปตัส 280 มล.,NULL,NULL,ขย.9,NULL,เบ็ดเตล็ด,,,ขวด,8.85651E+12,100,NULL,FALSE,FALSE,NULL,,,NULL,NULL,NULL,NULL,NULL,NULL,1,NULL
1359,1000,101362,สเปรย์ น้ำมันบูคาลิปตัส โบสิสโต ตรานกแก้ว 300 มล.,NULL,NULL,ขย.9,NULL,เบ็ดเตล็ด,,,ขวด,8.8588E+12,100,NULL,FALSE,FALSE,NULL,,,NULL,NULL,NULL,NULL,NULL,NULL,1,NULL
1360,1000,101363,ม็อซซี่การ์ด ครีม 50 กรัม,METHYL SALICYLATE+MENTHOL+EUGENOL,VITAMINS & MINERALS,ขย.9,NULL,เบ็ดเตล็ด,,,หลอด,8.85651E+12,100,NULL,FALSE,FALSE,NULL,,,112,NULL,NULL,NULL,NULL,NULL,1,NULL
1361,1000,101364,ครีมกำจัดเหาเฮซิน 20 กรัม,NULL,NULL,ขย.9,NULL,ยาใช้เฉพาะที่,,,หลอด,8.85829E+12,100,NULL,FALSE,FALSE,NULL,,,NULL,NULL,NULL,NULL,NULL,NULL,1,NULL
1362,1000,101365,สคัลลี่ แชมพูขจัดเหา 100 มล.,NULL,NULL,ขย.9,NULL,ยาใช้เฉพาะที่,,,ขวด,8.8515E+12,100,NULL,FALSE,FALSE,NULL,,,NULL,NULL,NULL,NULL,NULL,NULL,1,NULL
1363,1000,101366,Manoprovit syrup 3 oz.,VITAMIN B COMPLEX+MINERAL,VITAMINS & MINERALS,ขย.9,NULL,วิตามินและอาหารเสริม,,,ขวด,8.85815E+12,100,NULL,FALSE,FALSE,NULL,,,NULL,NULL,NULL,NULL,NULL,NULL,1,NULL
1364,1000,101367,ยากุมาร แสงชัย ผสมน้ำผึ้ง 180 ซีซี,NULL,NULL,ขย.9,NULL,เครื่องสำอางและผลิตภัณฑ์ค,,,ขวด,8.85712E+12,100,NULL,FALSE,FALSE,NULL,,,NULL,NULL,NULL,NULL,NULL,NULL,1,NULL
1365,1000,101368,ยากุมาร แสงชัย ผสมน้ำผึ้ง 360 ซีซี,NULL,NULL,ขย.9,NULL,"ยาสมุนไพร, ยาแผนโบราณ",,,ขวด,8.85712E+12,100,NULL,FALSE,FALSE,NULL,,,67,NULL,NULL,NULL,NULL,NULL,1,NULL
1366,1000,101369,ม็อซซี่การ์ด แผ่นแปะกันยุง 2ชิ้น,NULL,NULL,ขย.9,NULL,เบ็ดเตล็ด,,,ซอง,8.85651E+12,100,NULL,FALSE,FALSE,NULL,,,NULL,NULL,NULL,NULL,NULL,NULL,1,NULL
1367,1000,101370,สเปรย์ น้ำมันบูคาลิปตัส โบสิสโต ตรานกแก้ว 150 มล.,ACETYLCYSTEINE,DECONGESTANTS & OTHER NASAL PR,ขย.9,NULL,เบ็ดเตล็ด,,,ขวด,8.8588E+12,100,NULL,FALSE,FALSE,NULL,,,179,NULL,NULL,NULL,NULL,NULL,1,NULL
1368,1000,101371,โลชั่นทากันยุง ก.ย.15 ขนาด 40 มล.,PARACETAMOL,NSAIDs,ขย.9,NULL,เบ็ดเตล็ด,,,ขวด,8.85183E+12,100,NULL,FALSE,FALSE,NULL,,,43,NULL,NULL,NULL,NULL,NULL,1,NULL
1369,1000,101372,สเปรย์กันยุง ก.ย.15 ขนาด 40 มล.,NULL,NULL,ขย.9,NULL,เบ็ดเตล็ด,,,ขวด,8.85183E+12,100,NULL,FALSE,FALSE,NULL,,,NULL,NULL,NULL,NULL,NULL,NULL,1,NULL
1370,1000,101373,มิ้ลกี้โลชั่นาทกันยุง ก.ย.15 ขนาด 8 กรัม (กลิ่นเฟรช),NULL,NULL,ขย.9,NULL,เบ็ดเตล็ด,,,ซอง,8.85183E+12,100,NULL,FALSE,FALSE,NULL,,,NULL,NULL,NULL,NULL,NULL,NULL,1,NULL
1371,1000,101374,มิ้ลกี้โลชั่นาทกันยุง ก.ย.15 ขนาด 8 กรัม (กลิ่นลาเวนเดอร์),NULL,NULL,ขย.9,NULL,เบ็ดเตล็ด,,,ซอง,8.85183E+12,100,NULL,FALSE,FALSE,NULL,,,NULL,NULL,NULL,NULL,NULL,NULL,1,NULL
1372,1000,101375,เมอร์ซี่ สเปรย์กันยุง กลิ่นเฟรช 70 มล.,NULL,NULL,ขย.9,NULL,เบ็ดเตล็ด,,,ขวด,8.85174E+12,100,NULL,FALSE,FALSE,NULL,,,NULL,NULL,NULL,NULL,NULL,NULL,1,NULL
1373,1000,101376,เมอร์ซี่ สเปรย์กันยุง กลิ่นฟลอร่า 70 มล.,NULL,NULL,ขย.9,NULL,เบ็ดเตล็ด,,,ขวด,8.85174E+12,100,NULL,FALSE,FALSE,NULL,,,NULL,NULL,NULL,NULL,NULL,NULL,1,NULL
1374,1000,101377,ซอฟเฟล โลชั่นทากันยุง กลิ่นฟลอร่า 60 มล.,NULL,NULL,ขย.9,NULL,เบ็ดเตล็ด,,,ขวด,8.99277E+12,100,NULL,FALSE,FALSE,NULL,,,NULL,NULL,NULL,NULL,NULL,NULL,1,NULL
1375,1000,101378,ซอฟเฟล โลชั่นทากันยุง กลิ่นเฟรช 60 มล.,NULL,NULL,ขย.9,NULL,เบ็ดเตล็ด,,,ขวด,8.99277E+12,100,NULL,FALSE,FALSE,NULL,,,NULL,NULL,NULL,NULL,NULL,NULL,1,NULL
1376,1000,101379,ซอฟเฟล สเปรย์กันยุง กลิ่นฟลอร่า 30 มล.,NULL,NULL,ขย.9,NULL,เบ็ดเตล็ด,,,ขวด,8.99277E+12,100,NULL,FALSE,FALSE,NULL,,,NULL,NULL,NULL,NULL,NULL,NULL,1,NULL
1377,1000,101380,ซอฟเฟล สเปรย์กันยุง กลิ่นเฟรช 30 มล.,NULL,NULL,ขย.9,NULL,เบ็ดเตล็ด,,,ขวด,8.99277E+12,100,NULL,FALSE,FALSE,NULL,,,NULL,NULL,NULL,NULL,NULL,NULL,1,NULL
1378,1000,101381,ซอฟเฟล สเปรย์กันยุง กลิ่นเฟรช 80 มล.,NULL,NULL,ขย.9,NULL,เบ็ดเตล็ด,,,ขวด,8.99277E+12,100,NULL,FALSE,FALSE,NULL,,,NULL,NULL,NULL,NULL,NULL,NULL,1,NULL
1379,1000,101382,จอห์นสัน เบบี้-แชมพู 200 มล.,NULL,NULL,ขย.9,NULL,ผลิตภัณท์เด็ก,,,ขวด,9.55601E+12,100,NULL,FALSE,FALSE,NULL,,,NULL,NULL,NULL,NULL,NULL,NULL,1,NULL
1380,1000,101383,จอห์นสัน ท็อปทูโท เบบี้ บาธ 200 มล.,NIFUROXAZIDE,ANTIDIARRHOEALS,ขย.9,NULL,ผลิตภัณท์เด็ก,,,ขวด,9.55601E+12,100,NULL,FALSE,FALSE,NULL,,,70,NULL,NULL,NULL,NULL,NULL,1,NULL
1381,1000,101384,จอห์นสัน เบบี้ ออยล์ 125 มล.,NULL,NULL,ขย.9,NULL,ผลิตภัณท์เด็ก,,,ขวด,4.80101E+12,100,NULL,FALSE,FALSE,NULL,,,NULL,NULL,NULL,NULL,NULL,NULL,1,NULL
1382,1000,101385,จอห์นสัน เบบี้ ออยล์ 50 มล.,NULL,NULL,ขย.9,NULL,ผลิตภัณท์เด็ก,,,ขวด,8.85001E+12,100,NULL,FALSE,FALSE,NULL,,,NULL,NULL,NULL,NULL,NULL,NULL,1,NULL
1383,1000,101386,hypodermic syringe 10 CC,NULL,NULL,ขย.9,NULL,อุปกรณ์ทางการแพทย์,,,อัน,1392,100,NULL,FALSE,FALSE,NULL,,,NULL,NULL,NULL,NULL,NULL,NULL,1,NULL
1384,1000,101387,hypodermic syringe 20 CC,NULL,NULL,ขย.9,NULL,อุปกรณ์ทางการแพทย์,,,อัน,1393,100,NULL,FALSE,FALSE,NULL,,,NULL,NULL,NULL,NULL,NULL,NULL,1,NULL
1385,1000,101388,hypodermic syringe 50 CC,NULL,NULL,ขย.9,NULL,อุปกรณ์ทางการแพทย์,,,อัน,8.85891E+12,100,NULL,FALSE,FALSE,NULL,,,NULL,NULL,NULL,NULL,NULL,NULL,1,NULL
1386,1000,101389,Terumo u-100 insulin 1ml No.29'',NULL,NULL,ขย.9,NULL,อุปกรณ์ทางการแพทย์,,,ชิ้น,101389,100,NULL,FALSE,FALSE,NULL,,,NULL,NULL,NULL,NULL,NULL,NULL,1,NULL
1387,1000,101390,NIPRO scalp vein set 24G*19mm,NULL,NULL,ขย.9,NULL,อุปกรณ์ทางการแพทย์,,,ชิ้น,9.85194E+12,100,NULL,FALSE,FALSE,NULL,,,NULL,NULL,NULL,NULL,NULL,NULL,1,NULL
1388,1000,101391,NIPRO needle No.18'',NULL,NULL,ขย.9,NULL,อุปกรณ์ทางการแพทย์,,,ชิ้น,8.85894E+12,100,NULL,FALSE,FALSE,NULL,,,NULL,NULL,NULL,NULL,NULL,NULL,1,NULL
1389,1000,101392,NIPRO needle No.24'',NULL,NULL,ขย.9,NULL,อุปกรณ์ทางการแพทย์,,,ชิ้น,8.85894E+12,100,NULL,FALSE,FALSE,NULL,,,NULL,NULL,NULL,NULL,NULL,NULL,1,NULL
1390,1000,101393,NIPRO needle No.25'',NULL,NULL,ขย.9,NULL,อุปกรณ์ทางการแพทย์,,,ชิ้น,8.85894E+12,100,NULL,FALSE,FALSE,NULL,,,NULL,NULL,NULL,NULL,NULL,NULL,1,NULL
1391,1000,101394,NIPRO needle No.26'',NULL,NULL,ขย.9,NULL,อุปกรณ์ทางการแพทย์,,,ชิ้น,8.85894E+12,100,NULL,FALSE,FALSE,NULL,,,NULL,NULL,NULL,NULL,NULL,NULL,1,NULL
1392,1000,101395,NIPRO needle No.27'',NULL,NULL,ขย.9,NULL,อุปกรณ์ทางการแพทย์,,,ชิ้น,8.85894E+12,100,NULL,FALSE,FALSE,NULL,,,NULL,NULL,NULL,NULL,NULL,NULL,1,NULL
1393,1000,101396,NIPRO needle IV catheter No.24''G3/4,NULL,NULL,ขย.9,NULL,อุปกรณ์ทางการแพทย์,,,ชิ้น,8.85894E+12,100,NULL,FALSE,FALSE,NULL,,,NULL,NULL,NULL,NULL,NULL,NULL,1,NULL
1394,1000,101397,กอเอี๊ยะแปะฝี ตราแมวกงจักร์ 4 ชิ้น/ซอง,NULL,NULL,ขย.9,NULL,อุปกรณ์ทางการแพทย์,,,ซอง,1403,100,NULL,FALSE,FALSE,NULL,,,NULL,NULL,NULL,NULL,NULL,NULL,1,NULL
1395,1000,101398,NIPRO syring 3 ml,NULL,NULL,ขย.9,NULL,อุปกรณ์ทางการแพทย์,,,ชิ้น,8.85894E+12,100,NULL,FALSE,FALSE,NULL,,,NULL,NULL,NULL,NULL,NULL,NULL,1,NULL
1396,1000,101399,NIPRO syring 5 ml,NULL,NULL,ขย.9,NULL,อุปกรณ์ทางการแพทย์,,,ชิ้น,,100,NULL,FALSE,FALSE,NULL,,,NULL,NULL,NULL,NULL,NULL,NULL,1,NULL
1397,1000,101400,NIPRO syring 10 ml,NULL,NULL,ขย.9,NULL,อุปกรณ์ทางการแพทย์,,,ชิ้น,101400,100,NULL,FALSE,FALSE,NULL,,,NULL,NULL,NULL,NULL,NULL,NULL,1,NULL
1398,1000,101401,NIPRO syring 20 ml,NULL,NULL,ขย.9,NULL,อุปกรณ์ทางการแพทย์,,,ชิ้น,,100,NULL,FALSE,FALSE,NULL,,,NULL,NULL,NULL,NULL,NULL,NULL,1,NULL
1399,1000,101402,NIPRO syring 50 ml หัวสั้น,NULL,NULL,ขย.9,NULL,อุปกรณ์ทางการแพทย์,,,ชิ้น,8.85894E+12,100,NULL,FALSE,FALSE,NULL,,,NULL,NULL,NULL,NULL,NULL,NULL,1,NULL
1400,1000,101403,อุปกรณ์ประคบเย็นและร้อน รุ่น CSI-CH-II 300,NULL,NULL,ขย.9,NULL,อุปกรณ์ทางการแพทย์,,,กล่อง,8.85926E+12,100,NULL,FALSE,FALSE,NULL,,,NULL,NULL,NULL,NULL,NULL,NULL,1,NULL
1401,1000,101404,3เอ็ม เน็กซ์แคร์ อุปกรณ์ประคบเย็นและร้อน ไซต์ M,NULL,NULL,ขย.9,NULL,อุปกรณ์ทางการแพทย์,,,กล่อง,8.8503E+12,100,NULL,FALSE,FALSE,NULL,,,NULL,NULL,NULL,NULL,NULL,NULL,1,NULL
1402,1000,101405,ทีแคร์ มินิ อุปรณ์ประคบร้อนและเย็น,NULL,NULL,ขย.9,NULL,อุปกรณ์ทางการแพทย์,,,กล่อง,8.85086E+12,100,NULL,FALSE,FALSE,NULL,,,NULL,NULL,NULL,NULL,NULL,NULL,1,NULL
1403,1000,101406,เอ็กซ์เตอร์ เจลประคบเย็นร้อน 350 กรัม,NULL,NULL,ขย.9,NULL,อุปกรณ์ทางการแพทย์,,,กล่อง,8.85271E+12,100,NULL,FALSE,FALSE,NULL,,,NULL,NULL,NULL,NULL,NULL,NULL,1,NULL
1404,1000,101407,100% silicone stomach tube,NULL,NULL,ขย.9,NULL,อุปกรณ์ทางการแพทย์,,,ชิ้น,331410,100,NULL,FALSE,FALSE,NULL,,,NULL,NULL,NULL,NULL,NULL,NULL,1,NULL
1405,1000,101408,ชามรูปไต พลาสติก 6 นิ้ว,NULL,NULL,ขย.9,NULL,อุปกรณ์ทางการแพทย์,,,ใบ,331674,100,NULL,FALSE,FALSE,NULL,,,NULL,NULL,NULL,NULL,NULL,NULL,1,NULL
1406,1000,101409,beautiful eye mask hot&cold,NULL,NULL,ขย.9,NULL,อุปกรณ์ทางการแพทย์,,,ชิ้น,9.30081E+12,100,NULL,FALSE,FALSE,NULL,,,NULL,NULL,NULL,NULL,NULL,NULL,1,NULL
1407,1000,101410,3%ไฮโดรเจน เพอร์ออกไซต์ ศิริบัญชา 60 ซีซี,NULL,NULL,ขย.9,NULL,อุปกรณ์ทางการแพทย์,,,ขวด,8.85112E+12,100,NULL,FALSE,FALSE,NULL,,,NULL,NULL,NULL,NULL,NULL,NULL,1,NULL
1408,1000,101411,3%ไฮโดรเจน เพอร์ออกไซต์ ศิริบัญชา 450 ซีซี,NULL,NULL,ขย.9,NULL,อุปกรณ์ทางการแพทย์,,,ขวด,8.85112E+12,100,NULL,FALSE,FALSE,NULL,,,NULL,NULL,NULL,NULL,NULL,NULL,1,NULL
1409,1000,101412,3%ไฮโดรเจน เพอร์ออกไซต์ ศิริบัญชา 30 ซีซี,NULL,NULL,ขย.9,NULL,อุปกรณ์ทางการแพทย์,,,ขวด,8.85112E+12,100,NULL,FALSE,FALSE,NULL,,,NULL,NULL,NULL,NULL,NULL,NULL,1,NULL
1410,1000,101413,ไฮโดรเย่น เพอร์อ๊อกไซด์ วิทยาศรม 60 ซีซี,NULL,NULL,ขย.9,NULL,อุปกรณ์ทางการแพทย์,,,ขวด,8.85008E+12,100,NULL,FALSE,FALSE,NULL,,,NULL,NULL,NULL,NULL,NULL,NULL,1,NULL
1411,1000,101414,แอมโมเนียหอม วิทยาศรม 30 ซีซี,NULL,NULL,ขย.9,NULL,อุปกรณ์ทางการแพทย์,,,ขวด,8.85008E+12,100,NULL,FALSE,FALSE,NULL,,,NULL,NULL,NULL,NULL,NULL,NULL,1,NULL
1412,1000,101415,ด่างทับทิม แสงสว่างตราค้างคาว 10 กรัม,ACETYLCYSTEINE,MOUTH/THROAT PREPARATIONS,ขย.9,NULL,อุปกรณ์ทางการแพทย์,,,กระปุก,8.85329E+12,100,NULL,FALSE,FALSE,NULL,,,18,NULL,NULL,NULL,NULL,NULL,1,NULL
1413,1000,101416,ด่างทับทิม ตรามงกุฎพญานาคคู่ 400 กรัม,NULL,NULL,ขย.9,NULL,อุปกรณ์ทางการแพทย์,,,กระปุก,8.85112E+12,100,NULL,FALSE,FALSE,NULL,,,NULL,NULL,NULL,NULL,NULL,NULL,1,NULL
1414,1000,101417,2%ยาแดง วิทยาศรม 15 ซีซี,MERBROMIN,NULL,ขย.9,NULL,อุปกรณ์ทางการแพทย์,,,ขวด,8.85008E+12,100,NULL,FALSE,FALSE,NULL,,,NULL,NULL,NULL,NULL,NULL,NULL,1,NULL
1415,1000,101418,2%ยาแดง วิทยาศรม 30 ซีซี,MERBROMIN,NULL,ขย.9,NULL,อุปกรณ์ทางการแพทย์,,,ขวด,8.85008E+12,100,NULL,FALSE,FALSE,NULL,,,NULL,NULL,NULL,NULL,NULL,NULL,1,NULL
1416,1000,101419,2%ยาแดง วิทยาศรม 60 ซีซี,MERBROMIN,NULL,ขย.9,NULL,อุปกรณ์ทางการแพทย์,,,ขวด,8.85008E+12,100,NULL,FALSE,FALSE,NULL,,,NULL,NULL,NULL,NULL,NULL,NULL,1,NULL
1417,1000,101420,2% ยาแดง สหการ 15 ซีซี,MERBROMIN,NULL,ขย.9,NULL,อุปกรณ์ทางการแพทย์,,,ขวด,8.85343E+12,100,NULL,FALSE,FALSE,NULL,,,NULL,NULL,NULL,NULL,NULL,NULL,1,NULL
1418,1000,101421,1% โพวิดีน (ที.แมน) โซลูชั่น 30 ซีซี,POVIDONE-IODIDE,NULL,ขย.9,NULL,อุปกรณ์ทางการแพทย์,,,ขวด,8.85651E+12,100,NULL,FALSE,FALSE,NULL,,,NULL,NULL,NULL,NULL,NULL,NULL,1,NULL
1419,1000,101422,1% เซพทิล 15 ซีซี,POVIDONE-IODIDE,NULL,ขย.9,NULL,อุปกรณ์ทางการแพทย์,,,ขวด,8.85147E+12,100,NULL,FALSE,FALSE,NULL,,,NULL,NULL,NULL,NULL,NULL,NULL,1,NULL
1420,1000,101423,1% เพียวริดีน ศิริบัญชา 15 ซีซี,POVIDONE-IODIDE,NULL,ขย.9,NULL,อุปกรณ์ทางการแพทย์,,,ขวด,8.85112E+12,100,NULL,FALSE,FALSE,NULL,,,NULL,NULL,NULL,NULL,NULL,NULL,1,NULL
1421,1000,101424,2% ทิงเจอร์ไอโอดีน 15 ซีซี,POVIDONE-IODIDE,NULL,ขย.9,NULL,อุปกรณ์ทางการแพทย์,,,ขวด,8.85008E+12,100,NULL,FALSE,FALSE,NULL,,,NULL,NULL,NULL,NULL,NULL,NULL,1,NULL
1422,1000,101425,1% เบตาดีน โซลูชั่น 15 ซีซี,POVIDONE-IODIDE,NULL,ขย.9,NULL,อุปกรณ์ทางการแพทย์,,,ขวด,8.85034E+12,100,NULL,FALSE,FALSE,NULL,,,NULL,NULL,NULL,NULL,NULL,NULL,1,NULL
1423,1000,101426,Betadine 1% โซลูชั่น 30 ซีซี,POVIDONE-IODIDE,NULL,ขย.9,NULL,อุปกรณ์ทางการแพทย์,,,ขวด,9.31406E+12,100,NULL,FALSE,FALSE,NULL,,,NULL,NULL,NULL,NULL,NULL,NULL,1,NULL
1424,1000,101427,เบตาดีน พลาสเตอร์เจล 8 กรัม,NULL,NULL,ขย.9,NULL,อุปกรณ์ทางการแพทย์,,,ขวด,8.85926E+12,100,NULL,FALSE,FALSE,NULL,,,NULL,NULL,NULL,NULL,NULL,NULL,1,NULL
1425,1000,101428,Betadine ointment 50g 10%,POVIDONE-IODIDE,NULL,ขย.9,NULL,อุปกรณ์ทางการแพทย์,,,กระปุก,9.31406E+12,100,NULL,FALSE,FALSE,NULL,,,NULL,NULL,NULL,NULL,NULL,NULL,1,NULL
1426,1000,101429,1% เบตาดีน โซลูชั่น 500 ซีซี,POVIDONE-IODIDE,NULL,ขย.9,NULL,อุปกรณ์ทางการแพทย์,,,ขวด,8.85034E+12,100,NULL,FALSE,FALSE,NULL,,,NULL,NULL,NULL,NULL,NULL,NULL,1,NULL
1427,1000,101430,1% เพียวริดีน ศิริบัญชา 450 ซีซี,POVIDONE-IODIDE,NULL,ขย.9,NULL,อุปกรณ์ทางการแพทย์,,,ขวด,8.85112E+12,100,NULL,FALSE,FALSE,NULL,,,NULL,NULL,NULL,NULL,NULL,NULL,1,NULL
1428,1000,101431,1% โปลิดีน โซลูชั่น 30 ซีซี,POVIDONE-IODIDE,NULL,ขย.9,NULL,อุปกรณ์ทางการแพทย์,,,ขวด,8.85802E+12,100,NULL,FALSE,FALSE,NULL,,,NULL,NULL,NULL,NULL,NULL,NULL,1,NULL
1429,1000,101432,70% แอลกอฮอล์ ศิริบัญชา 450 ซีซี,ETHYL ALCOHOL,NULL,ขย.9,NULL,อุปกรณ์ทางการแพทย์,,,ขวด,8.85112E+12,100,NULL,FALSE,FALSE,NULL,,,NULL,NULL,NULL,NULL,NULL,NULL,1,NULL
1430,1000,101433,70% แอลกอฮอล์ ศิริบัญชา 180 ซีซี,ETHYL ALCOHOL,NULL,ขย.9,NULL,อุปกรณ์ทางการแพทย์,,,ขวด,8.85112E+12,100,NULL,FALSE,FALSE,NULL,,,NULL,NULL,NULL,NULL,NULL,NULL,1,NULL
1431,1000,101434,70% แอลกอฮอล์ ศิริบัญชา 60 ซีซี,ETHYL ALCOHOL,NULL,ขย.9,NULL,อุปกรณ์ทางการแพทย์,,,ขวด,8.85112E+12,100,NULL,FALSE,FALSE,NULL,,,NULL,NULL,NULL,NULL,NULL,NULL,1,NULL
1432,1000,101435,70% แอลกอฮอล์ ศิริบัญชา 30 ซีซี,ETHYL ALCOHOL,NULL,ขย.9,NULL,อุปกรณ์ทางการแพทย์,,,ขวด,8.85112E+12,100,NULL,FALSE,FALSE,NULL,,,NULL,NULL,NULL,NULL,NULL,NULL,1,NULL
1433,1000,101436,70% แอลกอฮอล์ แอลซอฟฟ์ 450 ซีซี,ETHYL ALCOHOL,NULL,ขย.9,NULL,อุปกรณ์ทางการแพทย์,,,ขวด,8.85304E+12,100,NULL,FALSE,FALSE,NULL,,,NULL,NULL,NULL,NULL,NULL,NULL,1,NULL
1434,1000,101437,70% แอลกอฮอล์ แอลซอฟฟ์ 60 ซีซี,ETHYL ALCOHOL,NULL,ขย.9,NULL,อุปกรณ์ทางการแพทย์,,,ขวด,8.85304E+12,100,NULL,FALSE,FALSE,NULL,,,NULL,NULL,NULL,NULL,NULL,NULL,1,NULL
1435,1000,101438,70% แอลซอฟฟ์พิ้งค์ 450 ซีซี,ETHYL ALCOHOL,NULL,ขย.9,NULL,อุปกรณ์ทางการแพทย์,,,ขวด,8.85304E+12,100,NULL,FALSE,FALSE,NULL,,,59,NULL,NULL,NULL,NULL,NULL,1,NULL
1436,1000,101439,สำลีชุบแอลกอฮอล์ 70% OREEX 10 ก้อน/แผง,ETHYL ALCOHOL,NULL,ขย.9,NULL,อุปกรณ์ทางการแพทย์,,,แผง,8.85876E+12,100,NULL,FALSE,FALSE,NULL,,,NULL,NULL,NULL,NULL,NULL,NULL,1,NULL
1437,1000,101440,4% เฮ็กซีน สกิน คลีนเซอร์ 100 ซีซี,CHLORHEXIDINE,NULL,ขย.9,NULL,อุปกรณ์ทางการแพทย์,,,ขวด,8.85254E+12,100,NULL,FALSE,FALSE,NULL,,,NULL,NULL,NULL,NULL,NULL,NULL,1,NULL
1438,1000,101441,4% เฮ็กซีน สกิน คลีนเซอร์ 500 ซีซี,CHLORHEXIDINE,NULL,ขย.9,NULL,อุปกรณ์ทางการแพทย์,,,ขวด,8.85254E+12,100,NULL,FALSE,FALSE,NULL,,,NULL,NULL,NULL,NULL,NULL,NULL,1,NULL
1439,1000,101442,เดทตอล น้ำยาฆ่าเชื้อโรค 1000 ซีซี,NULL,NULL,ขย.9,NULL,อุปกรณ์ทางการแพทย์,,,ขวด,8.85036E+12,100,NULL,FALSE,FALSE,NULL,,,NULL,NULL,NULL,NULL,NULL,NULL,1,NULL
1440,1000,101443,เดทตอล น้ำยาฆ่าเชื้อโรค 750 ซีซี,NULL,NULL,ขย.9,NULL,อุปกรณ์ทางการแพทย์,,,ขวด,8.85036E+12,100,NULL,FALSE,FALSE,NULL,,,NULL,NULL,NULL,NULL,NULL,NULL,1,NULL
1441,1000,101444,เดทตอล น้ำยาฆ่าเชื้อโรค 250 ซีซี,NULL,NULL,ขย.9,NULL,อุปกรณ์ทางการแพทย์,,,ขวด,8.85036E+12,100,NULL,FALSE,FALSE,NULL,,,NULL,NULL,NULL,NULL,NULL,NULL,1,NULL
1442,1000,101445,ถุงใส่อาหาร TCP 500 ml,NULL,NULL,ขย.9,NULL,อุปกรณ์ทางการแพทย์,,,ชิ้น,8.8595E+12,100,NULL,FALSE,FALSE,NULL,,,NULL,NULL,NULL,NULL,NULL,NULL,1,NULL
1443,1000,101446,ถุงใส่อาหาร Nuiri-BAG 500  ml,NULL,NULL,ขย.9,NULL,อุปกรณ์ทางการแพทย์,,,ชิ้น,8.8593E+12,100,NULL,FALSE,FALSE,NULL,,,NULL,NULL,NULL,NULL,NULL,NULL,1,NULL
1444,1000,101447,Nutri Line-B 1set,NULL,NULL,ขย.9,NULL,อุปกรณ์ทางการแพทย์,,,ชิ้น,8.8593E+12,100,NULL,FALSE,FALSE,NULL,,,NULL,NULL,NULL,NULL,NULL,NULL,1,NULL
1445,1000,101448,สายน้ำเกลือ I.V. set needle 21G*11/2'',NULL,NULL,ขย.9,NULL,อุปกรณ์ทางการแพทย์,,,ชิ้น,8.8591E+12,100,NULL,FALSE,FALSE,NULL,,,NULL,NULL,NULL,NULL,NULL,NULL,1,NULL
1446,1000,101449,สายให้อาหาร TCP nutriline+C,NULL,NULL,ขย.9,NULL,อุปกรณ์ทางการแพทย์,,,ชิ้น,8.8595E+12,100,NULL,FALSE,FALSE,NULL,,,NULL,NULL,NULL,NULL,NULL,NULL,1,NULL
1447,1000,101450,urine bag MB medical 2000 ml,NULL,NULL,ขย.9,NULL,อุปกรณ์ทางการแพทย์,,,ชิ้น,1456,100,NULL,FALSE,FALSE,NULL,,,NULL,NULL,NULL,NULL,NULL,NULL,1,NULL
1448,1000,101451,ฺnss 0.9% NaCl 5 ml,NULL,NULL,ขย.9,NULL,อุปกรณ์ทางการแพทย์,,,ชิ้น,1457,100,NULL,FALSE,FALSE,NULL,,,NULL,NULL,NULL,NULL,NULL,NULL,1,NULL
1449,1000,101452,NSS 0.9% NaCl ABC lab. 500 ml (drip IV),NULL,NULL,ขย.9,NULL,อุปกรณ์ทางการแพทย์,,,bag,8.85406E+12,100,NULL,FALSE,FALSE,NULL,,,NULL,NULL,NULL,NULL,NULL,NULL,1,NULL
1450,1000,101453,NSS 0.9% NaCl ABC lab. 100 ml (drip IV),NULL,NULL,ขย.9,NULL,อุปกรณ์ทางการแพทย์,,,bag,8.85406E+12,100,NULL,FALSE,FALSE,NULL,,,NULL,NULL,NULL,NULL,NULL,NULL,1,NULL
1451,1000,101455,Klean&Kare NSS 0.9% น้ำเกลือ 1000 ml จุกแหลม,NULL,NULL,ขย.9,NULL,อุปกรณ์ทางการแพทย์,,,ขวด,8.85406E+12,100,NULL,FALSE,FALSE,NULL,,,NULL,NULL,NULL,NULL,NULL,NULL,1,NULL
1452,1000,101456,0.9% NaCl klean&kare 100 ml,NULL,NULL,ขย.9,NULL,อุปกรณ์ทางการแพทย์,,,ขวด,8.85406E+12,100,NULL,FALSE,FALSE,NULL,,,NULL,NULL,NULL,NULL,NULL,NULL,1,NULL
1453,1000,101457,0.9% sofclens NSS 1000 ml,NULL,NULL,ขย.9,NULL,อุปกรณ์ทางการแพทย์,,,ขวด,8.85147E+12,100,NULL,FALSE,FALSE,NULL,,,NULL,NULL,NULL,NULL,NULL,NULL,1,NULL
1454,1000,101458,0.9% sofclens NSS 100 ml,NULL,NULL,ขย.9,NULL,อุปกรณ์ทางการแพทย์,,,ขวด,8.85147E+12,100,NULL,FALSE,FALSE,NULL,,,NULL,NULL,NULL,NULL,NULL,NULL,1,NULL
1455,1000,101459,หน้ากากอนามัย 3 ชั้น สำหรับเด็ก (4-15ปี) บ.แม็กดีซีน 50 ชิ้น,NULL,NULL,ขย.9,NULL,อุปกรณ์ทางการแพทย์,,,กล่อง,8.85892E+12,100,NULL,FALSE,FALSE,NULL,,,NULL,NULL,NULL,NULL,NULL,NULL,1,NULL
1456,1000,101460,หน้ากากอนามัยเด็ก 3 ชั้น klean mask 50 ชิ้น (สีขาว),NULL,NULL,ขย.9,NULL,อุปกรณ์ทางการแพทย์,,,กล่อง,8.8591E+12,100,NULL,FALSE,FALSE,NULL,,,NULL,NULL,NULL,NULL,NULL,NULL,1,NULL
1457,1000,101461,หน้ากากอนามัยผู้ใหญ่ 3 ชั้น klean mask 50 ชิ้น (สีดำ),NULL,NULL,ขย.9,NULL,อุปกรณ์ทางการแพทย์,,,กล่อง,8.8591E+12,100,NULL,FALSE,FALSE,NULL,,,NULL,NULL,NULL,NULL,NULL,NULL,1,NULL
1458,1000,101462,หน้ากากอนามัยผู้ใหญ่ 3M medical mask 50 ชิ้น (สีเขียว),NULL,NULL,ขย.9,NULL,อุปกรณ์ทางการแพทย์,,,กล่อง,8.8503E+12,100,NULL,FALSE,FALSE,NULL,,,NULL,NULL,NULL,NULL,NULL,NULL,1,NULL
1459,1000,101463,หน้ากากอนามัย ผู้ใหญ่ เอ็กซ์แมส 50 ชิ้น (สีเขียว),NULL,NULL,ขย.9,NULL,อุปกรณ์ทางการแพทย์,,,กล่อง,8.85713E+12,100,NULL,FALSE,FALSE,NULL,,,NULL,NULL,NULL,NULL,NULL,NULL,1,NULL
1460,1000,101464,กระดาษม้วนเกรซ รุ่นยาวพิเศษ 6ม้วน/แพ็ค,NULL,NULL,ขย.9,NULL,"สำลี, กระดาษทิชชู",,,แพ็ค,8.85868E+12,100,NULL,FALSE,FALSE,NULL,,,NULL,NULL,NULL,NULL,NULL,NULL,1,NULL
1461,1000,101465,สำลีแผ่น ตรารถพยาบาล 50 กรัม,NULL,NULL,ขย.9,NULL,"สำลี, กระดาษทิชชู",,,ห่อ,8.85019E+12,100,NULL,FALSE,FALSE,NULL,,,NULL,NULL,NULL,NULL,NULL,NULL,1,NULL
1462,1000,101466,สำลีก้อน ตรารถพยาบาล 40 กรัม (0.5กรัม/ก้อน),NULL,NULL,ขย.9,NULL,"สำลี, กระดาษทิชชู",,,ห่อ,8.85019E+12,100,NULL,FALSE,FALSE,NULL,,,NULL,NULL,NULL,NULL,NULL,NULL,1,NULL
1463,1000,101467,สำลีก้อน ตรารถพยาบาล 450 กรัม (1.4กรัม/ก้อน),NULL,NULL,ขย.9,NULL,"สำลี, กระดาษทิชชู",,,ห่อ,8.85019E+12,100,NULL,FALSE,FALSE,NULL,,,NULL,NULL,NULL,NULL,NULL,NULL,1,NULL
1464,1000,101468,สำลีแผ่น (รีดข้าง) ตรารถพยาบาล 50 กรัม,NULL,NULL,ขย.9,NULL,"สำลี, กระดาษทิชชู",,,ห่อ,8.85019E+12,100,NULL,FALSE,FALSE,NULL,,,NULL,NULL,NULL,NULL,NULL,NULL,1,NULL
1465,1000,101469,สำลีแผ่นใหญ 4*4ตรารถพยาบาล 450 กรัม,NULL,NULL,ขย.9,NULL,"สำลี, กระดาษทิชชู",,,ห่อ,8.85019E+12,100,NULL,FALSE,FALSE,NULL,,,NULL,NULL,NULL,NULL,NULL,NULL,1,NULL
1466,1000,101470,สำลีม้วน ตรารถพยาบาล 450 กรัม,NULL,NULL,ขย.9,NULL,"สำลี, กระดาษทิชชู",,,ห่อ,8.85019E+12,100,NULL,FALSE,FALSE,NULL,,,NULL,NULL,NULL,NULL,NULL,NULL,1,NULL
1467,1000,101471,สำลีม้วน ตรารถพยาบาล 80 กรัม,NULL,NULL,ขย.9,NULL,"สำลี, กระดาษทิชชู",,,ห่อ,8.85019E+12,100,NULL,FALSE,FALSE,NULL,,,NULL,NULL,NULL,NULL,NULL,NULL,1,NULL
1468,1000,101472,สำลีม้วน ตรารถพยาบาล 25 กรัม,NULL,NULL,ขย.9,NULL,"สำลี, กระดาษทิชชู",,,ห่อ,8.85019E+12,100,NULL,FALSE,FALSE,NULL,,,NULL,NULL,NULL,NULL,NULL,NULL,1,NULL
1469,1000,101473,สำลีม้วน ตรา นางพยาบาล 25 กรัม,NULL,NULL,ขย.9,NULL,"สำลี, กระดาษทิชชู",,,ห่อ,8.85712E+12,100,NULL,FALSE,FALSE,NULL,,,NULL,NULL,NULL,NULL,NULL,NULL,1,NULL
1470,1000,101474,สำลีก้าน dual cosmetic buds ตรารถพยาบาล 22 กรัม/100 ก้าน,NULL,NULL,ขย.9,NULL,"สำลี, กระดาษทิชชู",,,กระปุก,8.85019E+12,100,NULL,FALSE,FALSE,NULL,,,NULL,NULL,NULL,NULL,NULL,NULL,1,NULL
1471,1000,101475,สำลีก้าน ตรารถพยาบาล 100 ก้าน,NULL,NULL,ขย.9,NULL,"สำลี, กระดาษทิชชู",,,ห่อ,8.85019E+12,100,NULL,FALSE,FALSE,NULL,,,NULL,NULL,NULL,NULL,NULL,NULL,1,NULL
1472,1000,101476,สำลีก้าน บ.สหธารา 100 ก้าน,NULL,NULL,ขย.9,NULL,"สำลี, กระดาษทิชชู",,,ห่อ,8.85454E+12,100,NULL,FALSE,FALSE,NULL,,,NULL,NULL,NULL,NULL,NULL,NULL,1,NULL
1473,1000,101477,ดูดูเลิฟ สำลีก้านกระดาษ ชนิดหัวเล็ก 2 หัว (200 ก้าน),NULL,NULL,ขย.9,NULL,"สำลี, กระดาษทิชชู",,,กระปุก,245578,100,NULL,FALSE,FALSE,NULL,,,NULL,NULL,NULL,NULL,NULL,NULL,1,NULL
1474,1000,101478,ไซริงค์บอล เบอร์ 2 ขนาด 45 ซีซี,NULL,NULL,ขย.9,NULL,อุปกรณ์ทางการแพทย์,,,ชิ้น,8.85454E+12,100,NULL,FALSE,FALSE,NULL,,,NULL,NULL,NULL,NULL,NULL,NULL,1,NULL
1475,1000,101479,ไซริงค์บอล เบอร์ 3 ขนาด 65 ซีซี,NULL,NULL,ขย.9,NULL,อุปกรณ์ทางการแพทย์,,,ชิ้น,8.85454E+12,100,NULL,FALSE,FALSE,NULL,,,NULL,NULL,NULL,NULL,NULL,NULL,1,NULL
1476,1000,101480,ลูกยางดูด (หัวยาง) เด็กแรกเกิด,NULL,NULL,ขย.9,NULL,อุปกรณ์ทางการแพทย์,,,ชิ้น,8.85454E+12,100,NULL,FALSE,FALSE,NULL,,,NULL,NULL,NULL,NULL,NULL,NULL,1,NULL
1477,1000,101481,นิซซี่ สเปรยื น้ำเกลือพ่นจมูก 18 ซีซี,NULL,NULL,ขย.9,NULL,อุปกรณ์ทางการแพทย์,,,กล่อง,8.85406E+12,100,NULL,FALSE,FALSE,NULL,,,NULL,NULL,NULL,NULL,NULL,NULL,1,NULL
1478,1000,101482,คลีนแอนด์แคร์ นาซาลคิท ชุดอุปกรณ์ล้างจมูก,ACETYLCYSTEINE,MOUTH/THROAT PREPARATIONS,ขย.9,NULL,อุปกรณ์ทางการแพทย์,,,ชิ้น,8.85406E+12,100,NULL,FALSE,FALSE,NULL,,,40,NULL,NULL,NULL,NULL,NULL,1,NULL
1479,1000,101483,จุกล้างจมูก คลีนแอนด์แคร์ บรรจุ 2 ชิ้น,NULL,NULL,ขย.9,NULL,อุปกรณ์ทางการแพทย์,,,อัน,8.85406E+12,100,NULL,FALSE,FALSE,NULL,,,NULL,NULL,NULL,NULL,NULL,NULL,1,NULL
1480,1000,101484,ลองเทมปรอทวัดไข้ บรรจุ 1ชิ้น/กล่อง,NULL,NULL,ขย.9,NULL,อุปกรณ์ทางการแพทย์,,,กล่อง,8.8591E+12,100,NULL,FALSE,FALSE,NULL,,,NULL,NULL,NULL,NULL,NULL,NULL,1,NULL
1481,1000,101485,แก้วตวงยา 30 ซีซี,NULL,NULL,ขย.9,NULL,อุปกรณ์ทางการแพทย์,,,ใบ,331395,100,NULL,FALSE,FALSE,NULL,,,NULL,NULL,NULL,NULL,NULL,NULL,1,NULL
1482,1000,101486,แก้วตวงยาพลาสติก 30 ซีซี,NULL,NULL,ขย.9,NULL,อุปกรณ์ทางการแพทย์,,,ใบ,331396,100,NULL,FALSE,FALSE,NULL,,,NULL,NULL,NULL,NULL,NULL,NULL,1,NULL
1483,1000,101487,โกร่งบดยา 9 cm,NULL,NULL,ขย.9,NULL,อุปกรณ์ทางการแพทย์,,,อัน,2344,100,NULL,FALSE,FALSE,NULL,,,NULL,NULL,NULL,NULL,NULL,NULL,1,NULL
1484,1000,101488,โกร่งบดยา 7 cm,NULL,NULL,ขย.9,NULL,อุปกรณ์ทางการแพทย์,,,อัน,1494,100,NULL,FALSE,FALSE,NULL,,,NULL,NULL,NULL,NULL,NULL,NULL,1,NULL
1485,1000,101489,Nexcare โคแบน เทปพันยืดหยุ่นได้  1นิ้ว/5หลา/ม้วน,NULL,NULL,ขย.9,NULL,อุปกรณ์ทางการแพทย์,,,ม้วน,8.8503E+12,100,NULL,FALSE,FALSE,NULL,,,NULL,NULL,NULL,NULL,NULL,NULL,1,NULL
1486,1000,101490,เอ็น-เซ่น เฟิร์สแบนด์ ขนาด 1 นิ้ว,NULL,NULL,ขย.9,NULL,อุปกรณ์ทางการแพทย์,,,ม้วน,8.85511E+12,100,NULL,FALSE,FALSE,NULL,,,NULL,NULL,NULL,NULL,NULL,NULL,1,NULL
1487,1000,101491,เอ็น-เซ่น เฟิร์สแบนด์ ขนาด 3 นิ้ว,NULL,NULL,ขย.9,NULL,อุปกรณ์ทางการแพทย์,,,ม้วน,8.85511E+12,100,NULL,FALSE,FALSE,NULL,,,NULL,NULL,NULL,NULL,NULL,NULL,1,NULL
1488,1000,101492,ฮาชชิ พลัส ชุดอุปกรณ์ล้างจมูก 1.7กรัม*15 ซอง,ACETYLCYSTEINE,DECONGESTANTS & OTHER NASAL PR,ขย.9,NULL,อุปกรณ์ทางการแพทย์,,,กล่อง,8.85511E+12,100,NULL,FALSE,FALSE,NULL,,,229,NULL,NULL,NULL,NULL,NULL,1,NULL
1489,1000,101493,ฮาชชิ เกลือล้างจมูก สูตรออริจินอล 2.8กรัม*30ซอง,NULL,NULL,ขย.9,NULL,อุปกรณ์ทางการแพทย์,,,กล่อง,8.85511E+12,100,NULL,FALSE,FALSE,NULL,,,NULL,NULL,NULL,NULL,NULL,NULL,1,NULL
1490,1000,101494,ฮาชชิ เกลือล้างจมูก สูตรอ่อนโยน 1.7กรัม*30ซอง,NULL,NULL,ขย.9,NULL,อุปกรณ์ทางการแพทย์,,,กล่อง,8.85511E+12,100,NULL,FALSE,FALSE,NULL,,,NULL,NULL,NULL,NULL,NULL,NULL,1,NULL
1491,1000,101495,ถุงมือการแพทย์ ซาโตรี่ ไซต์ M 100ชิ้น/กล่อง ไม่มีแป้ง,NULL,NULL,ขย.9,NULL,อุปกรณ์ทางการแพทย์,,,กล่อง,8.85913E+12,100,NULL,FALSE,FALSE,NULL,,,NULL,NULL,NULL,NULL,NULL,NULL,1,NULL
1492,1000,101496,ถุงมือการแพทย์ ไฮแคร์  แบบมีแป้ง Size.M 100 ชิ้น,NULL,NULL,ขย.9,NULL,อุปกรณ์ทางการแพทย์,,,กล่อง,8.8597E+12,100,NULL,FALSE,FALSE,NULL,,,NULL,NULL,NULL,NULL,NULL,NULL,1,NULL
1493,1000,101497,ถุงมือ คลีนโกรฟ ไนโตรสังเคาระห์ สีดำ ไซต์ M 100ชิ้น/กล่อง,NULL,NULL,ขย.9,NULL,อุปกรณ์ทางการแพทย์,,,กล่อง,8.8591E+12,100,NULL,FALSE,FALSE,NULL,,,NULL,NULL,NULL,NULL,NULL,NULL,1,NULL
1494,1000,101498,ถุงมือ คลีนโกรฟ ไนโตรสังเคาระห์ สีดำ ไซต์ L 100ชิ้น/กล่อง,NULL,NULL,ขย.9,NULL,อุปกรณ์ทางการแพทย์,,,กล่อง,8.8591E+12,100,NULL,FALSE,FALSE,NULL,,,NULL,NULL,NULL,NULL,NULL,NULL,1,NULL
1495,1000,101499,ถุงมือการแพทย์ ซาโตรี่ ไซต์ L100ชิ้น/กล่อง ไมีมีแป้ง,NULL,NULL,ขย.9,NULL,อุปกรณ์ทางการแพทย์,,,กล่อง,8.85913E+12,100,NULL,FALSE,FALSE,NULL,,,NULL,NULL,NULL,NULL,NULL,NULL,1,NULL
1496,1000,101500,ถุงมือฆ่าเชื้อ ศรีตรังโกลฟส์ ไซต์ S 50คู่/กล่อง,NULL,NULL,ขย.9,NULL,อุปกรณ์ทางการแพทย์,,,กล่อง,8.85913E+12,100,NULL,FALSE,FALSE,NULL,,,NULL,NULL,NULL,NULL,NULL,NULL,1,NULL
1497,1000,101501,ผ้าก๊อซม้วน 6 นิ้ว ฟาร์มาฮอฟ,NULL,NULL,ขย.9,NULL,อุปกรณ์ทางการแพทย์,,,ม้วน,332091,100,NULL,FALSE,FALSE,NULL,,,NULL,NULL,NULL,NULL,NULL,NULL,1,NULL
1498,1000,101502,ไทเกอร์พล๊าส พลาสติกสีเนื้อ 10แผ่น/ซอง,NULL,NULL,ขย.9,NULL,อุปกรณ์ทางการแพทย์,,,ซอง,8.85067E+12,100,NULL,FALSE,FALSE,NULL,,,NULL,NULL,NULL,NULL,NULL,NULL,1,NULL
1499,1000,101503,ไรโนพอร์ 1นิ้ว*5หลา/ม้วน,NULL,NULL,ขย.9,NULL,อุปกรณ์ทางการแพทย์,,,ม้วน,1.08858E+14,100,NULL,FALSE,FALSE,NULL,,,NULL,NULL,NULL,NULL,NULL,NULL,1,NULL
1500,1000,101504,นีโอเทป 1นิ้ว*5หลา/ม้วน,NULL,NULL,ขย.9,NULL,อุปกรณ์ทางการแพทย์,,,ม้วน,8.8503E+12,100,NULL,FALSE,FALSE,NULL,,,NULL,NULL,NULL,NULL,NULL,NULL,1,NULL
1501,1000,101505,3M NexcareMicropore 1/2นิ้ว*10หลา/ม้วน,NULL,NULL,ขย.9,NULL,อุปกรณ์ทางการแพทย์,,,ม้วน,8.8503E+12,100,NULL,FALSE,FALSE,NULL,,,NULL,NULL,NULL,NULL,NULL,NULL,1,NULL
1502,1000,101506,SOS TR3 เทปแต่งแผล ชนิดใส 1นิ้ว*10หลา/ม้วน,NULL,NULL,ขย.9,NULL,อุปกรณ์ทางการแพทย์,,,ม้วน,8.85712E+12,100,NULL,FALSE,FALSE,NULL,,,NULL,NULL,NULL,NULL,NULL,NULL,1,NULL
1503,1000,101507,SOS TR1 เทปแต่งแผล ชนิดใส 1/2นิ้ว*10หลา/ม้วน,ACETYLCYSTEINE,MOUTH/THROAT PREPARATIONS,ขย.9,NULL,อุปกรณ์ทางการแพทย์,,,ม้วน,8.85712E+12,100,NULL,FALSE,FALSE,NULL,,,NULL,NULL,NULL,NULL,NULL,NULL,1,NULL
1504,1000,101508,SOS PR2 เทปแต่งแผล ชนิดเยื่อกระดาษ 1นิ้ว*10หลา/ม้วน,NULL,NULL,ขย.9,NULL,อุปกรณ์ทางการแพทย์,,,ม้วน,8.85712E+12,100,NULL,FALSE,FALSE,NULL,,,NULL,NULL,NULL,NULL,NULL,NULL,1,NULL
1505,1000,101509,SOS PR1 เทปแต่งแผล ชนิดเยื่อกระดาษ 1/2นิ้ว*10หลา/ม้วน,NULL,NULL,ขย.9,NULL,อุปกรณ์ทางการแพทย์,,,ม้วน,8.85712E+12,100,NULL,FALSE,FALSE,NULL,,,NULL,NULL,NULL,NULL,NULL,NULL,1,NULL
1506,1000,101510,ไทเกอร์พล๊าส ชนิดผ้ายืด 5 ชิ้น,NULL,NULL,ขย.9,NULL,อุปกรณ์ทางการแพทย์,,,ชิ้น,5747,100,NULL,FALSE,FALSE,NULL,,,NULL,NULL,NULL,NULL,NULL,NULL,1,NULL
1507,1000,101511,ไทเกอร์พล๊าส ชนิดผ้ายืด 100 แผ่น/กล่อง,NULL,NULL,ขย.9,NULL,อุปกรณ์ทางการแพทย์,,,กล่อง,8.85067E+12,100,NULL,FALSE,FALSE,NULL,,,NULL,NULL,NULL,NULL,NULL,NULL,1,NULL
1508,1000,101512,Rhinoplast  พลาสเตอร์ปิดแผล 100แผ่น/กล่อง,ACETYLCYSTEINE,DECONGESTANTS & OTHER NASAL PR,ขย.9,NULL,อุปกรณ์ทางการแพทย์,,,กล่อง,8.85876E+12,100,NULL,FALSE,FALSE,NULL,,,65,NULL,NULL,NULL,NULL,NULL,1,NULL
1509,1000,101513,นีโอพลาสท์-เอส ผ้าปิดแผล 100แผ่น/กล่อง,NULL,NULL,ขย.9,NULL,อุปกรณ์ทางการแพทย์,,,กล่อง,8.85847E+12,100,NULL,FALSE,FALSE,NULL,,,NULL,NULL,NULL,NULL,NULL,NULL,1,NULL
1510,1000,101514,Neoplast-S นีโอพลาสท์-เอส ผ้าปิดแผล 4ชิ้น/แผง,NULL,NULL,ขย.9,NULL,อุปกรณ์ทางการแพทย์,,,แผง,101514,100,NULL,FALSE,FALSE,NULL,,,NULL,NULL,NULL,NULL,NULL,NULL,1,NULL
1511,1000,101515,เทนโซพล๊าสติค ใสสีเนื้อ 100ชิ้น/กล่อง,NULL,NULL,ขย.9,NULL,อุปกรณ์ทางการแพทย์,,,กล่อง,8.85067E+12,100,NULL,FALSE,FALSE,NULL,,,NULL,NULL,NULL,NULL,NULL,NULL,1,NULL
1512,1000,101516,เทนโซพล๊าสติค ใสสีเนื้อ 5ชิ้น,NULL,NULL,ขย.9,NULL,อุปกรณ์ทางการแพทย์,,,ชิ้น,5635,100,NULL,FALSE,FALSE,NULL,,,NULL,NULL,NULL,NULL,NULL,NULL,1,NULL
1513,1000,101517,เทนโซพล๊าสติค ใสการ์ตูน 5ชิ้น,NULL,NULL,ขย.9,NULL,อุปกรณ์ทางการแพทย์,,,ชิ้น,5736,100,NULL,FALSE,FALSE,NULL,,,NULL,NULL,NULL,NULL,NULL,NULL,1,NULL
1514,1000,101518,comforming bandage 2'',NULL,NULL,ขย.9,NULL,อุปกรณ์ทางการแพทย์,,,ม้วน,8.8591E+12,100,NULL,FALSE,FALSE,NULL,,,NULL,NULL,NULL,NULL,NULL,NULL,1,NULL
1515,1000,101519,comforming bandage 3'',NULL,NULL,ขย.9,NULL,อุปกรณ์ทางการแพทย์,,,ม้วน,8.8591E+12,100,NULL,FALSE,FALSE,NULL,,,NULL,NULL,NULL,NULL,NULL,NULL,1,NULL
1516,1000,101520,comforming bandage 4'',NULL,NULL,ขย.9,NULL,อุปกรณ์ทางการแพทย์,,,ม้วน,8.8591E+12,100,NULL,FALSE,FALSE,NULL,,,NULL,NULL,NULL,NULL,NULL,NULL,1,NULL
1517,1000,101521,คลีนก๊อช ลองเมด 3'',NULL,NULL,ขย.9,NULL,อุปกรณ์ทางการแพทย์,,,ห่อ,8.8591E+12,100,NULL,FALSE,FALSE,NULL,,,NULL,NULL,NULL,NULL,NULL,NULL,1,NULL
1518,1000,101522,คลีนก๊อช ลองเมด 4'',NULL,NULL,ขย.9,NULL,อุปกรณ์ทางการแพทย์,,,ห่อ,8.8591E+12,100,NULL,FALSE,FALSE,NULL,,,NULL,NULL,NULL,NULL,NULL,NULL,1,NULL
1519,1000,101523,เนทก็อซ ลองเมด 3'',NULL,NULL,ขย.9,NULL,อุปกรณ์ทางการแพทย์,,,ห่อ,8.8591E+12,100,NULL,FALSE,FALSE,NULL,,,NULL,NULL,NULL,NULL,NULL,NULL,1,NULL
1520,1000,101524,เนทก็อซ ลองเมด 4'',NULL,NULL,ขย.9,NULL,อุปกรณ์ทางการแพทย์,,,ห่อ,8.8591E+12,100,NULL,FALSE,FALSE,NULL,,,NULL,NULL,NULL,NULL,NULL,NULL,1,NULL
1521,1000,101525,ผ้ากีอซแผ่น GAUZE PAD 2'',NULL,NULL,ขย.9,NULL,อุปกรณ์ทางการแพทย์,,,ห่อ,8.85454E+12,100,NULL,FALSE,FALSE,NULL,,,NULL,NULL,NULL,NULL,NULL,NULL,1,NULL
1522,1000,101526,ไทเกอร์พล๊าส กันน้ำ W1 (60*70mm) 3แผ่น/กล่อง,NULL,NULL,ขย.9,NULL,อุปกรณ์ทางการแพทย์,,,กล่อง,8.85067E+12,100,NULL,FALSE,FALSE,NULL,,,NULL,NULL,NULL,NULL,NULL,NULL,1,NULL
1523,1000,101527,ไทเกอร์พล๊าส กันน้ำ W2 (60*100mm) 2แผ่น/กล่อง,NULL,NULL,ขย.9,NULL,อุปกรณ์ทางการแพทย์,,,กล่อง,8.85067E+12,100,NULL,FALSE,FALSE,NULL,,,NULL,NULL,NULL,NULL,NULL,NULL,1,NULL
1524,1000,101528,ไทเกอร์พล๊าส กันน้ำ W3 (80*100mm) 2แผ่น/กล่อง,NULL,NULL,ขย.9,NULL,อุปกรณ์ทางการแพทย์,,,กล่อง,8.85067E+12,100,NULL,FALSE,FALSE,NULL,,,NULL,NULL,NULL,NULL,NULL,NULL,1,NULL
1525,1000,101529,ไทเกอร์พล๊าส กันน้ำ N3 (80*100mm) 5แผ่น/กล่อง,NULL,NULL,ขย.9,NULL,อุปกรณ์ทางการแพทย์,,,กล่อง,8.85067E+12,100,NULL,FALSE,FALSE,NULL,,,NULL,NULL,NULL,NULL,NULL,NULL,1,NULL
1526,1000,101530,ไทเกอร์พล๊าส ซอฟท์แพด P1 (60*70mm) 5แผ่น/กล่อง,NULL,NULL,ขย.9,NULL,อุปกรณ์ทางการแพทย์,,,กล่อง,8.85067E+12,100,NULL,FALSE,FALSE,NULL,,,NULL,NULL,NULL,NULL,NULL,NULL,1,NULL
1527,1000,101531,ไทเกอร์พล๊าส ซอฟท์แพด P2 (60*100mm) 4แผ่น/กล่อง,NULL,NULL,ขย.9,NULL,อุปกรณ์ทางการแพทย์,,,กล่อง,8.85067E+12,100,NULL,FALSE,FALSE,NULL,,,NULL,NULL,NULL,NULL,NULL,NULL,1,NULL
1528,1000,101532,ไทเกอร์พล๊าส ซอฟท์แพด P4 (100*120mm) 3แผ่น/กล่อง,NULL,NULL,ขย.9,NULL,อุปกรณ์ทางการแพทย์,,,กล่อง,8.85067E+12,100,NULL,FALSE,FALSE,NULL,,,NULL,NULL,NULL,NULL,NULL,NULL,1,NULL
1529,1000,101533,พลาสเตอร์ปิดตา 5.8*8.3 ซม. 2 แผ่น/ซอง,NULL,NULL,ขย.9,NULL,อุปกรณ์ทางการแพทย์,,,ซอง,8.85924E+12,100,NULL,FALSE,FALSE,NULL,,,NULL,NULL,NULL,NULL,NULL,NULL,1,NULL
1530,1000,101534,BACTIGRAS 10CM*10CM,NULL,NULL,ขย.9,NULL,อุปกรณ์ทางการแพทย์,,,แผ่น,5.00022E+12,100,NULL,FALSE,FALSE,NULL,,,NULL,NULL,NULL,NULL,NULL,NULL,1,NULL
1531,1000,101535,3M เทกาเดิร์ม ฟิล์มปิดแผลกันน้ำ size M 3ชิ้น/กล่อง,NULL,NULL,ขย.9,NULL,อุปกรณ์ทางการแพทย์,,,กล่อง,8.8503E+12,100,NULL,FALSE,FALSE,NULL,,,NULL,NULL,NULL,NULL,NULL,NULL,1,NULL
1532,1000,101536,3M เทกาเดิร์ม ฟิล์มปิดแผลกันน้ำ size L 3ชิ้น/กล่อง,NULL,NULL,ขย.9,NULL,อุปกรณ์ทางการแพทย์,,,กล่อง,8.8503E+12,100,NULL,FALSE,FALSE,NULL,,,NULL,NULL,NULL,NULL,NULL,NULL,1,NULL
1533,1000,101537,พลาสเตอร์ปิดตา 5.8*8.3 ซม. 10ซอง,NULL,NULL,ขย.9,NULL,อุปกรณ์ทางการแพทย์,,,กล่อง,8.85924E+12,100,NULL,FALSE,FALSE,NULL,,,NULL,NULL,NULL,NULL,NULL,NULL,1,NULL
1534,1000,101538,SOS R8 เทปผ้าแต่งแผล 10ซม*1ม./ม้วน,NULL,NULL,ขย.9,NULL,อุปกรณ์ทางการแพทย์,,,ม้วน,8.85924E+12,100,NULL,FALSE,FALSE,NULL,,,NULL,NULL,NULL,NULL,NULL,NULL,1,NULL
1535,1000,101539,3M เน็กซ์แคร์ อ๊อฟติคลูด พลาสเตอร์ปิดตา 5.7*8.25ซม   1',NULL,NULL,ขย.9,NULL,อุปกรณ์ทางการแพทย์,,,ชิ้น,51131000230,100,NULL,FALSE,FALSE,NULL,,,NULL,NULL,NULL,NULL,NULL,NULL,1,NULL
1536,1000,101540,ไฮโดรเจลสำหรับใส่แผล 25กรัม/หลอด,NULL,NULL,ขย.9,NULL,อุปกรณ์ทางการแพทย์,,,กล่อง,8.85227E+12,100,NULL,FALSE,FALSE,NULL,,,NULL,NULL,NULL,NULL,NULL,NULL,1,NULL
1537,1000,101541,SOS R2 เทปผ้าแต่งแผล 10ซม*10ม./ม้วน,NULL,NULL,ขย.9,NULL,อุปกรณ์ทางการแพทย์,,,ม้วน,8.85712E+12,100,NULL,FALSE,FALSE,NULL,,,NULL,NULL,NULL,NULL,NULL,NULL,1,NULL
1538,1000,101542,KLEANSET ชุดทำแผล,NULL,NULL,ขย.9,NULL,อุปกรณ์ทางการแพทย์,,,ชุด,8.8591E+12,100,NULL,FALSE,FALSE,NULL,,,NULL,NULL,NULL,NULL,NULL,NULL,1,NULL
1539,1000,101543,สำลีก้าน BIO PLAST size L 100 ก้าน,NULL,NULL,ขย.9,NULL,อุปกรณ์ทางการแพทย์,,,ถุง,8.85913E+12,100,NULL,FALSE,FALSE,NULL,,,NULL,NULL,NULL,NULL,NULL,NULL,1,NULL
1540,1000,101544,สำลีก้าน BIO PLAST size M 100 ก้าน,NULL,NULL,ขย.9,NULL,อุปกรณ์ทางการแพทย์,,,ถุง,8.85913E+12,100,NULL,FALSE,FALSE,NULL,,,NULL,NULL,NULL,NULL,NULL,NULL,1,NULL
1541,1000,101545,สำลีก้าน SOFTIP size S 100 ชิ้น,NULL,NULL,ขย.9,NULL,อุปกรณ์ทางการแพทย์,,,ถุง,8.8591E+12,100,NULL,FALSE,FALSE,NULL,,,NULL,NULL,NULL,NULL,NULL,NULL,1,NULL
1542,1000,101546,สำลีก้าน sterile 6 ก้าน,NULL,NULL,ขย.9,NULL,อุปกรณ์ทางการแพทย์,,,ซอง,8.8537E+12,100,NULL,FALSE,FALSE,NULL,,,NULL,NULL,NULL,NULL,NULL,NULL,1,NULL
1543,1000,101547,Longmed elastic bandage 2'',NULL,NULL,ขย.9,NULL,อุปกรณ์ทางการแพทย์,,,ม้วน,8.8591E+12,100,NULL,FALSE,FALSE,NULL,,,NULL,NULL,NULL,NULL,NULL,NULL,1,NULL
1544,1000,101548,Longmed elastic bandage 4'',NULL,NULL,ขย.9,NULL,อุปกรณ์ทางการแพทย์,,,ม้วน,8.8591E+12,100,NULL,FALSE,FALSE,NULL,,,NULL,NULL,NULL,NULL,NULL,NULL,1,NULL
1545,1000,101549,Longmed elastic bandage 3'',NULL,NULL,ขย.9,NULL,อุปกรณ์ทางการแพทย์,,,ม้วน,8.8591E+12,100,NULL,FALSE,FALSE,NULL,,,NULL,NULL,NULL,NULL,NULL,NULL,1,NULL
1546,1000,101550,RSC elastic bandage 2'',NULL,NULL,ขย.9,NULL,อุปกรณ์ทางการแพทย์,,,ม้วน,2.565E+12,100,NULL,FALSE,FALSE,NULL,,,NULL,NULL,NULL,NULL,NULL,NULL,1,NULL
1547,1000,101551,RSC elastic bandage 3'',NULL,NULL,ขย.9,NULL,อุปกรณ์ทางการแพทย์,,,ม้วน,2.565E+12,100,NULL,FALSE,FALSE,NULL,,,NULL,NULL,NULL,NULL,NULL,NULL,1,NULL
1548,1000,101552,RSC elastic bandage 4'',NULL,NULL,ขย.9,NULL,อุปกรณ์ทางการแพทย์,,,ม้วน,2.565E+12,100,NULL,FALSE,FALSE,NULL,,,NULL,NULL,NULL,NULL,NULL,NULL,1,NULL
1549,1000,101553,STANDA elastic bandage 3'',NULL,NULL,ขย.9,NULL,อุปกรณ์ทางการแพทย์,,,ม้วน,8.85454E+12,100,NULL,FALSE,FALSE,NULL,,,NULL,NULL,NULL,NULL,NULL,NULL,1,NULL
1550,1000,101554,SOS ผ้าก๊อซปิดแผล 10*20ซม 2แผ่น/กล่อง,NULL,NULL,ขย.9,NULL,อุปกรณ์ทางการแพทย์,,,กล่อง,8.85712E+12,100,NULL,FALSE,FALSE,NULL,,,NULL,NULL,NULL,NULL,NULL,NULL,1,NULL
1551,1000,101555,SOS S 3x3(12x12cm.)ผ้าก๊อซปิดแผล  3แผ่น,NULL,NULL,ขย.9,NULL,อุปกรณ์ทางการแพทย์,,,กล่อง,8.85712E+12,100,NULL,FALSE,FALSE,NULL,,,NULL,NULL,NULL,NULL,NULL,NULL,1,NULL
1552,1000,101556,SOS S 2x2 (8x8cm.)ผ้าก๊อซปิดแผล 4แผ่น,NULL,NULL,ขย.9,NULL,อุปกรณ์ทางการแพทย์,,,กล่อง,8.85712E+12,100,NULL,FALSE,FALSE,NULL,,,NULL,NULL,NULL,NULL,NULL,NULL,1,NULL
1553,1000,101557,SOS S3 ผ้าก๊อซปิดแผล 6*10ซม 4แผ่น/กล่อง,NULL,NULL,ขย.9,NULL,อุปกรณ์ทางการแพทย์,,,กล่อง,8.85712E+12,100,NULL,FALSE,FALSE,NULL,,,NULL,NULL,NULL,NULL,NULL,NULL,1,NULL
1554,1000,101558,SOS S2 ผ้าก๊อซปิดแผล 6*7ซม 5แผ่น/กล่อง,NULL,NULL,ขย.9,NULL,อุปกรณ์ทางการแพทย์,,,กล่อง,8.85712E+12,100,NULL,FALSE,FALSE,NULL,,,NULL,NULL,NULL,NULL,NULL,NULL,1,NULL
1555,1000,101559,SOS T 2x2(8x8cm.)พลาสเตอร์ใสปิดแผลกันน้ำ 3แผ่น,NULL,NULL,ขย.9,NULL,อุปกรณ์ทางการแพทย์,,,กล่อง,8.85924E+12,100,NULL,FALSE,FALSE,NULL,,,NULL,NULL,NULL,NULL,NULL,NULL,1,NULL
1556,1000,101560,SOS T2*4'' พลาสเตอร์ใสปิดแผลกันน้ำ 2แผ่น/กล่อง,NULL,NULL,ขย.9,NULL,อุปกรณ์ทางการแพทย์,,,กล่อง,8.85712E+12,100,NULL,FALSE,FALSE,NULL,,,NULL,NULL,NULL,NULL,NULL,NULL,1,NULL
1557,1000,101561,SOS T3x3 (12x12)พลาสเตอร์ใสปิดแผลกันน้ำ 2แผ่น,NULL,NULL,ขย.9,NULL,อุปกรณ์ทางการแพทย์,,,กล่อง,8.85924E+12,100,NULL,FALSE,FALSE,NULL,,,NULL,NULL,NULL,NULL,NULL,NULL,1,NULL
1558,1000,101562,SOS M 4*7 cm.พลาสเตอร์ใสปิดแผลกันน้ำ 3แผ่น,NULL,NULL,ขย.9,NULL,อุปกรณ์ทางการแพทย์,,,กล่อง,8.85924E+12,100,NULL,FALSE,FALSE,NULL,,,NULL,NULL,NULL,NULL,NULL,NULL,1,NULL
1559,1000,101563,SOS T1  2.5x5.6cm.พลาสเตอร์ใสปิดแผลกันน้ำ 10แผ่น/กล่อง,NULL,NULL,ขย.9,NULL,อุปกรณ์ทางการแพทย์,,,กล่อง,8.85712E+12,100,NULL,FALSE,FALSE,NULL,,,NULL,NULL,NULL,NULL,NULL,NULL,1,NULL
1560,1000,101564,SOS T2  6x7cm.พลาสเตอร์ใสปิดแผลกันน้ำ 3แผ่น ,NULL,NULL,ขย.9,NULL,อุปกรณ์ทางการแพทย์,,,กล่อง,8.85712E+12,100,NULL,FALSE,FALSE,NULL,,,NULL,NULL,NULL,NULL,NULL,NULL,1,NULL
1561,1000,101565,SOS T3 6x10cm.พลาสเตอร์ใสปิดแผลกันน้ำ 2 แผ่น,NULL,NULL,ขย.9,NULL,อุปกรณ์ทางการแพทย์,,,กล่อง,8.85712E+12,100,NULL,FALSE,FALSE,NULL,,,NULL,NULL,NULL,NULL,NULL,NULL,1,NULL
1562,1000,101566,SOS T4 พลาสเตอร์ใสปิดแผลกันน้ำ 10แผ่น/กล่อง 10*25 cm,NULL,NULL,ขย.9,NULL,อุปกรณ์ทางการแพทย์,,,กล่อง,8.85712E+12,100,NULL,FALSE,FALSE,NULL,,,NULL,NULL,NULL,NULL,NULL,NULL,1,NULL
1563,1000,101567,Clip cap pink 100 pcs,NULL,NULL,ขย.9,NULL,อุปกรณ์ทางการแพทย์,,,แพ็ค,8.8591E+12,100,NULL,FALSE,FALSE,NULL,,,NULL,NULL,NULL,NULL,NULL,NULL,1,NULL
1564,1000,101568,Clip cap green 100 pcs,NULL,NULL,ขย.9,NULL,อุปกรณ์ทางการแพทย์,,,แพ็ค,8.8591E+12,100,NULL,FALSE,FALSE,NULL,,,NULL,NULL,NULL,NULL,NULL,NULL,1,NULL
1565,1000,101569,Clip cap white ขาว 100 pcs,NULL,NULL,ขย.9,NULL,อุปกรณ์ทางการแพทย์,,,แพ็ค,8.8591E+12,100,NULL,FALSE,FALSE,NULL,,,NULL,NULL,NULL,NULL,NULL,NULL,1,NULL
1566,1000,101570,ยาสวนทวาร ยูนีซัน สำหรับเด็ก 10ชิ้น/กล่อง,NULL,NULL,ขย.9,NULL,อุปกรณ์ทางการแพทย์,,,กล่อง,8.85394E+12,100,NULL,FALSE,FALSE,NULL,,,NULL,NULL,NULL,NULL,NULL,NULL,1,NULL
1567,1000,101571,ยาสวนทวาร ยูนีซัน สำหรับผูใหญ่ 10ชิ้น/กล่อง,CAMPHOR,ANTIDIARRHOEALS,ขย.9,NULL,อุปกรณ์ทางการแพทย์,,,กล่อง,8.85394E+12,100,NULL,FALSE,FALSE,NULL,,,NULL,NULL,NULL,NULL,NULL,NULL,1,NULL
1568,1000,101572,U-ENEMA 100 cc,SODIUM CHLORIDE,NULL,ขย.9,NULL,อุปกรณ์ทางการแพทย์,,,กล่อง,8.85394E+12,100,NULL,FALSE,FALSE,NULL,,,NULL,NULL,NULL,NULL,NULL,NULL,1,NULL
1569,1000,101573,ยูนีซัน เด็ก 10 ซีซี,SODIUM CHLORIDE,NULL,ขย.9,NULL,อุปกรณ์ทางการแพทย์,,,ชิ้น,8.85394E+12,100,NULL,FALSE,FALSE,NULL,,,NULL,NULL,NULL,NULL,NULL,NULL,1,NULL
1570,1000,101574,๊๊ยูนิซัน ผู้ใหญ่ 20 ซีซี,SODIUM CHLORIDE,ANTIDIARRHOEALS,ขย.9,NULL,อุปกรณ์ทางการแพทย์,,,ชิ้น,8.85394E+12,100,NULL,FALSE,FALSE,NULL,,,9,NULL,NULL,NULL,NULL,NULL,1,NULL
1571,1000,101575,Rhinotape Porous 1'',NULL,NULL,ขย.9,NULL,อุปกรณ์ทางการแพทย์,,,ม้วน,1.18858E+14,100,NULL,FALSE,FALSE,NULL,,,NULL,NULL,NULL,NULL,NULL,NULL,1,NULL
1572,1000,101576,Rhinotape Porous 2'',NULL,NULL,ขย.9,NULL,อุปกรณ์ทางการแพทย์,,,ม้วน,8.85876E+12,100,NULL,FALSE,FALSE,NULL,,,NULL,NULL,NULL,NULL,NULL,NULL,1,NULL
1573,1000,101577,Urethral catheter 100% Greetmed No.14,NULL,NULL,ขย.9,NULL,อุปกรณ์ทางการแพทย์,,,กล่อง,331414,100,NULL,FALSE,FALSE,NULL,,,NULL,NULL,NULL,NULL,NULL,NULL,1,NULL
1574,1000,101578,หน้ากากอนามัย klean mask 4 ชั้น สีดำ 10 ชิ้น,NULL,NULL,ขย.9,NULL,เบ็ดเตล็ด,,,ซอง,8.8591E+12,100,NULL,FALSE,FALSE,NULL,,,NULL,NULL,NULL,NULL,NULL,NULL,1,NULL
1575,1000,101579,หน้ากากอนามัย klean mask 4 ชั้น สีฟ้า,NULL,NULL,ขย.9,NULL,เบ็ดเตล็ด,,,ซอง,8.8591E+12,100,NULL,FALSE,FALSE,NULL,,,NULL,NULL,NULL,NULL,NULL,NULL,1,NULL
1576,1000,101580,หน้ากากอนามัย klean mask 4 ชั้น สีชมพู 10 ชิ้น,NULL,NULL,ขย.9,NULL,เบ็ดเตล็ด,,,ซอง,8.8591E+12,100,NULL,FALSE,FALSE,NULL,,,NULL,NULL,NULL,NULL,NULL,NULL,1,NULL
1577,1000,101581,หน้ากากอนามัย klean mask 4 ชั้น สีขาว 10 ชิ้น,NULL,NULL,ขย.9,NULL,เบ็ดเตล็ด,,,ซอง,8.8591E+12,100,NULL,FALSE,FALSE,NULL,,,NULL,NULL,NULL,NULL,NULL,NULL,1,NULL
1578,1000,101582,หน้ากาก KN95 MAD D Care 1ชิ้น,NULL,NULL,ขย.9,NULL,เบ็ดเตล็ด,,,ชิ้น,8.85892E+12,100,NULL,FALSE,FALSE,NULL,,,NULL,NULL,NULL,NULL,NULL,NULL,1,NULL
1579,1000,101583,หน้ากากอนามัยเด็ก Kids Mask 10 ชิ้น,NULL,NULL,ขย.9,NULL,เบ็ดเตล็ด,,,ซอง,6.92728E+12,100,NULL,FALSE,FALSE,NULL,,,NULL,NULL,NULL,NULL,NULL,NULL,1,NULL
1580,1000,101584,หน้ากากอนามัยเด็ก Kid mask การ์ตูน 10 ชิ้น,NULL,NULL,ขย.9,NULL,เบ็ดเตล็ด,,,ซอง,6.97295E+12,100,NULL,FALSE,FALSE,NULL,,,NULL,NULL,NULL,NULL,NULL,NULL,1,NULL
1581,1000,101585,ไลปอนเอฟ สูตรอนามัย 500 มล.,NULL,NULL,ขย.9,NULL,เบ็ดเตล็ด,,,ขวด,8.85E+12,100,NULL,FALSE,FALSE,NULL,,,NULL,NULL,NULL,NULL,NULL,NULL,1,NULL
1582,1000,101586,ซันไลต์ เลมอน เทอร์โบ 150 มล.,NULL,NULL,ขย.9,NULL,เบ็ดเตล็ด,,,ขวด,8.85193E+12,100,NULL,FALSE,FALSE,NULL,,,NULL,NULL,NULL,NULL,NULL,NULL,1,NULL
1583,1000,101587,ซันไลต์ เลมอน เทอร์โบ 300 มล.,NULL,NULL,ขย.9,NULL,เบ็ดเตล็ด,,,ถุง,8.85193E+12,100,NULL,FALSE,FALSE,NULL,,,NULL,NULL,NULL,NULL,NULL,NULL,1,NULL
1584,1000,101588,ซันไลต์ เลมอน เทอร์โบ หัวปั๊ม 750 มล.,NULL,NULL,ขย.9,NULL,เบ็ดเตล็ด,,,ขวด,8.85193E+12,100,NULL,FALSE,FALSE,NULL,,,NULL,NULL,NULL,NULL,NULL,NULL,1,NULL
1585,1000,101589,ซันไลต์ เลมอน เทอร์โบ 480 มล.,NULL,NULL,ขย.9,NULL,เบ็ดเตล็ด,,,ขวด,8.85193E+12,100,NULL,FALSE,FALSE,NULL,,,NULL,NULL,NULL,NULL,NULL,NULL,1,NULL
1586,1000,101590,ซันไลต์ แอนตี้แบค หัวปั๊ม 750 มล.,NULL,NULL,ขย.9,NULL,เบ็ดเตล็ด,,,ขวด,8.85193E+12,100,NULL,FALSE,FALSE,NULL,,,NULL,NULL,NULL,NULL,NULL,NULL,1,NULL
1587,1000,101591,ลอรีเอะ ซูเปอร์ อัลตร้า สลิม 25 ซม./9ชิ้น,NULL,NULL,ขย.9,NULL,เบ็ดเตล็ด,,,ห่อ,8.85182E+12,100,NULL,FALSE,FALSE,NULL,,,NULL,NULL,NULL,NULL,NULL,NULL,1,NULL
1588,1000,101592,ลอรีเอะ เนเชอรัล แอนตี้แบค สลิม 25 ซม./7ชิ้น,NULL,NULL,ขย.9,NULL,เบ็ดเตล็ด,,,ห่อ,8.85182E+12,100,NULL,FALSE,FALSE,NULL,,,NULL,NULL,NULL,NULL,NULL,NULL,1,NULL
1589,1000,101593,ลอรีเอะ ซอฟท์ แอน เซฟ สลิม 25 ซม./5ชิ้น,NULL,NULL,ขย.9,NULL,เบ็ดเตล็ด,,,ห่อ,8.85182E+12,100,NULL,FALSE,FALSE,NULL,,,NULL,NULL,NULL,NULL,NULL,NULL,1,NULL
1590,1000,101594,โซฟี คลูลิ่ง เฟรช สลิม 25 ซม./5ชิ้น,NULL,NULL,ขย.9,NULL,เบ็ดเตล็ด,,,ห่อ,8.85111E+12,100,NULL,FALSE,FALSE,NULL,,,NULL,NULL,NULL,NULL,NULL,NULL,1,NULL
1591,1000,101595,โซฟี คลูลิ่ง เฟรช เนเชอรัล แตงกวา สลิม 25 ซม./5ชิ้น,NULL,NULL,ขย.9,NULL,เบ็ดเตล็ด,,,ห่อ,8.85111E+12,100,NULL,FALSE,FALSE,NULL,,,NULL,NULL,NULL,NULL,NULL,NULL,1,NULL
1592,1000,101596,ลอรีเอะ ดีโอเดอแรนด์ 18 ชิ้น,NULL,NULL,ขย.9,NULL,เบ็ดเตล็ด,,,ห่อ,8.85182E+12,100,NULL,FALSE,FALSE,NULL,,,NULL,NULL,NULL,NULL,NULL,NULL,1,NULL
1593,1000,101597,ลอรีเอะ เดลี่คลีน 20 ชิ้น,NULL,NULL,ขย.9,NULL,เบ็ดเตล็ด,,,ห่อ,8.85182E+12,100,NULL,FALSE,FALSE,NULL,,,NULL,NULL,NULL,NULL,NULL,NULL,1,NULL
1594,1000,101598,ลอรีเอะ ซูเปอร์ อัลตร้า สลิม 17 ซม./20ชิ้น,NULL,NULL,ขย.9,NULL,เบ็ดเตล็ด,,,ห่อ,4.9013E+12,100,NULL,FALSE,FALSE,NULL,,,NULL,NULL,NULL,NULL,NULL,NULL,1,NULL
1595,1000,101599,โซฟี กลางคืน มามาก 29ซม./8ชิ้น,NULL,NULL,ขย.9,NULL,เบ็ดเตล็ด,,,ห่อ,8.85111E+12,100,NULL,FALSE,FALSE,NULL,,,NULL,NULL,NULL,NULL,NULL,NULL,1,NULL
1596,1000,101600,ลอรีเอะ ซอฟท์ แอน เซฟ กลางคืน 30 ซม./4ชิ้น,NULL,NULL,ขย.9,NULL,เบ็ดเตล็ด,,,ห่อ,8.85182E+12,100,NULL,FALSE,FALSE,NULL,,,NULL,NULL,NULL,NULL,NULL,NULL,1,NULL
1597,1000,101601,ลอรีเอะ ซอฟท์ แอน เซฟ คลู 30 ซม./5ชิ้น,NULL,NULL,ขย.9,NULL,เบ็ดเตล็ด,,,ห่อ,8.85182E+12,100,NULL,FALSE,FALSE,NULL,,,NULL,NULL,NULL,NULL,NULL,NULL,1,NULL
1598,1000,101602,ลอรีเอะ ซูเปอร์ อัลตร้า สลิม กลางคืน 30 ซม./8ชิ้น,NULL,NULL,ขย.9,NULL,เบ็ดเตล็ด,,,ห่อ,6.90859E+12,100,NULL,FALSE,FALSE,NULL,,,NULL,NULL,NULL,NULL,NULL,NULL,1,NULL
1599,1000,101603,ผ้าอนามัยแบบสอด โอบีโปรคอมฟอร์ด ขนาดธรรมดา 8 ชิ้น,NULL,NULL,ขย.9,NULL,เบ็ดเตล็ด,,,กล่อง,48933629,100,NULL,FALSE,FALSE,NULL,,,NULL,NULL,NULL,NULL,NULL,NULL,1,NULL
1600,1000,101604,เบบี้เลิฟ เดย์ ไนท์ แพ้นท์ ไซต์S 4ชิ้น,NULL,NULL,ขย.9,NULL,เบ็ดเตล็ด,,,ห่อ,8.85071E+12,100,NULL,FALSE,FALSE,NULL,,,NULL,NULL,NULL,NULL,NULL,NULL,1,NULL
1601,1000,101605,เบบี้เลิฟ เดย์ ไนท์ แพ้นท์ ไซต์M 4ชิ้น,NULL,NULL,ขย.9,NULL,เบ็ดเตล็ด,,,ห่อ,8.85071E+12,100,NULL,FALSE,FALSE,NULL,,,NULL,NULL,NULL,NULL,NULL,NULL,1,NULL
1602,1000,101606,เบบี้เลิฟ เดย์ ไนท์ แพ้นท์ ไซต์L 4ชิ้น,NULL,NULL,ขย.9,NULL,เบ็ดเตล็ด,,,ห่อ,8.85071E+12,100,NULL,FALSE,FALSE,NULL,,,NULL,NULL,NULL,NULL,NULL,NULL,1,NULL
1603,1000,101607,เบบี้เลิฟ เดย์ ไนท์ แพ้นท์ ไซต์XL 4ชิ้น,NULL,NULL,ขย.9,NULL,เบ็ดเตล็ด,,,ห่อ,8.85071E+12,100,NULL,FALSE,FALSE,NULL,,,NULL,NULL,NULL,NULL,NULL,NULL,1,NULL
1604,1000,101608,ตลับใส่ยา pill planner L 7day,NULL,NULL,ขย.9,NULL,เบ็ดเตล็ด,,,ตลับ,25715677903,100,NULL,FALSE,FALSE,NULL,,,NULL,NULL,NULL,NULL,NULL,NULL,1,NULL
1605,1000,101609,ตลับใส่ยา pill planner 7day,NULL,NULL,ขย.9,NULL,เบ็ดเตล็ด,,,ตลับ,25715670096,100,NULL,FALSE,FALSE,NULL,,,NULL,NULL,NULL,NULL,NULL,NULL,1,NULL
1606,1000,101610,ตลับใส่ยา pill planner 4day,NULL,NULL,ขย.9,NULL,เบ็ดเตล็ด,,,ตลับ,25715670164,100,NULL,FALSE,FALSE,NULL,,,NULL,NULL,NULL,NULL,NULL,NULL,1,NULL
1607,1000,101611,ที่ตัดยา pill cutter,NULL,NULL,ขย.9,NULL,เบ็ดเตล็ด,,,ชิ้น,25715670157,100,NULL,FALSE,FALSE,NULL,,,NULL,NULL,NULL,NULL,NULL,NULL,1,NULL
1608,1000,101612,ที่ตัดยา Nik Nik pillcutter,NULL,NULL,ขย.9,NULL,เบ็ดเตล็ด,,,ชิ้น,8.85454E+12,100,NULL,FALSE,FALSE,NULL,,,NULL,NULL,NULL,NULL,NULL,NULL,1,NULL
1609,1000,101613,ถุงมือยางการแพทย์ ไซต์ M 1 คู่,NULL,NULL,ขย.9,NULL,เบ็ดเตล็ด,,,คู่,37,100,NULL,FALSE,FALSE,NULL,,,NULL,NULL,NULL,NULL,NULL,NULL,1,NULL
1610,1000,101614,OLENE น้ำมันมะกอก โอลีน-อี (เอส.บี.) 120 มล.,NULL,NULL,ขย.9,NULL,เบ็ดเตล็ด,,,ขวด,8.85112E+12,100,NULL,FALSE,FALSE,NULL,,,NULL,NULL,NULL,NULL,NULL,NULL,1,NULL
1611,1000,101615,น้ำมันมะกอก B.P. วิทยาศรม 60 ml,SIMETHICONE,ANTIFLATULANCES,ขย.9,NULL,เบ็ดเตล็ด,,,ขวด,8.85008E+12,100,NULL,FALSE,FALSE,NULL,,,33,NULL,NULL,NULL,NULL,NULL,1,NULL
1612,1000,101616,longmed กระเป๋าน้ำร้อนเล็ก,NULL,NULL,ขย.9,NULL,เบ็ดเตล็ด,,,ชิ้น,8.8591E+12,100,NULL,FALSE,FALSE,NULL,,,NULL,NULL,NULL,NULL,NULL,NULL,1,NULL
1613,1000,101617,longmed กระเป๋าน้ำร้อนใหญ่,NULL,NULL,ขย.9,NULL,เบ็ดเตล็ด,,,ชิ้น,8.8591E+12,100,NULL,FALSE,FALSE,NULL,,,NULL,NULL,NULL,NULL,NULL,NULL,1,NULL
1614,1000,101618,กระเป๋าน้ำร้อนใหญ่ GS รุ่นพิเษศ,NULL,NULL,ขย.9,NULL,เบ็ดเตล็ด,,,ชิ้น,8.85086E+12,100,NULL,FALSE,FALSE,NULL,,,NULL,NULL,NULL,NULL,NULL,NULL,1,NULL
1615,1000,101619,กระเป๋าน้ำร้อน คละสี ใบใหญ่ อย่างดี แคนตัน,NULL,NULL,ขย.9,NULL,เบ็ดเตล็ด,,,ชิ้น,8.85454E+12,100,NULL,FALSE,FALSE,NULL,,,NULL,NULL,NULL,NULL,NULL,NULL,1,NULL
1616,1000,101620,Blue pet แผ่นรองซับ,NULL,NULL,ขย.9,NULL,เบ็ดเตล็ด,,,ห่อ,8.85902E+12,100,NULL,FALSE,FALSE,NULL,,,NULL,NULL,NULL,NULL,NULL,NULL,1,NULL
1617,1000,101621,มามี่โพโคแบบเทป NB4+1,NULL,NULL,ขย.9,NULL,เบ็ดเตล็ด,,,ห่อ,8.85111E+12,100,NULL,FALSE,FALSE,NULL,,,NULL,NULL,NULL,NULL,NULL,NULL,1,NULL
1618,1000,101622,มามี่โพโค แฮปปี้แพ้นท์ M 4 ชิ้น,NULL,NULL,ขย.9,NULL,เบ็ดเตล็ด,,,ห่อ,8.85111E+12,100,NULL,FALSE,FALSE,NULL,,,NULL,NULL,NULL,NULL,NULL,NULL,1,NULL
1619,1000,101623,มามี่โพโค แฮปปี้แพ้นท์ L 3 ชิ้น,NULL,NULL,ขย.9,NULL,เบ็ดเตล็ด,,,ห่อ,8.85111E+12,100,NULL,FALSE,FALSE,NULL,,,NULL,NULL,NULL,NULL,NULL,NULL,1,NULL
1620,1000,101624,มามี่โพโค แฮปปี้แพ้นท์ XXL,NULL,NULL,ขย.9,NULL,เบ็ดเตล็ด,,,ห่อ,8.85111E+12,100,NULL,FALSE,FALSE,NULL,,,NULL,NULL,NULL,NULL,NULL,NULL,1,NULL
1621,1000,101625,มามี่โพโค แฮปปี้แพ้นท์ XL,NULL,NULL,ขย.9,NULL,เบ็ดเตล็ด,,,ห่อ,8.85111E+12,100,NULL,FALSE,FALSE,NULL,,,NULL,NULL,NULL,NULL,NULL,NULL,1,NULL
1622,1000,101626,เบบี้เลิฟ เดย์ ไนท์ เพ้น ทดลอง XXL,NULL,NULL,ขย.9,NULL,เบ็ดเตล็ด,,,ห่อ,8.85071E+12,100,NULL,FALSE,FALSE,NULL,,,NULL,NULL,NULL,NULL,NULL,NULL,1,NULL
1623,1000,101627,มามี่โพโค แฮปปี้แพ้นท์ M 17 ชิ้น,NULL,NULL,ขย.9,NULL,เบ็ดเตล็ด,,,ห่อ,8.85111E+12,100,NULL,FALSE,FALSE,NULL,,,NULL,NULL,NULL,NULL,NULL,NULL,1,NULL
1624,1000,101628,ยาสีฟันสมุนไพร รุ่งอรุณ 100 กรัม,NULL,NULL,ขย.9,NULL,เบ็ดเตล็ด,,,หลอด,8.85049E+12,100,NULL,FALSE,FALSE,NULL,,,NULL,NULL,NULL,NULL,NULL,NULL,1,NULL
1625,1000,101629,POLIDENT Flavour Free Cream 60g,NULL,NULL,ขย.9,NULL,เบ็ดเตล็ด,,,หลอด,8.85101E+12,100,NULL,FALSE,FALSE,NULL,,,NULL,NULL,NULL,NULL,NULL,NULL,1,NULL
1626,1000,101630,โพลิเด้นท์ สำหรับแช่ ฟันปลอม 30 เม็ด,NULL,NULL,ขย.9,NULL,เครื่องสำอางและสินค้าอุปโภคบริโภค,,,กล่อง,8.85101E+12,100,NULL,FALSE,FALSE,NULL,,,NULL,NULL,NULL,NULL,NULL,NULL,1,NULL
1627,1000,101631,โพลิเด้นท์ สำหรับแช่ รีเทนเนอร์ 30 เม็ด,NULL,NULL,ขย.9,NULL,เบ็ดเตล็ด,,,กล่อง,8.85101E+12,100,NULL,FALSE,FALSE,NULL,,,NULL,NULL,NULL,NULL,NULL,NULL,1,NULL
1628,1000,101632,สบู่สมุนไพรกลั่น มาดามเฮง 160 กรัม,NULL,NULL,ขย.9,NULL,"สบู่,  สบู่เหลว,  ครีมอาบ",,,ก้อน,8.8535E+12,100,NULL,FALSE,FALSE,NULL,,,NULL,NULL,NULL,NULL,NULL,NULL,1,NULL
1629,1000,101633,ยาสีฟันสมุนไพร  รสดั้งเดิม เทพไทย 30 กรัม,NULL,NULL,ขย.9,NULL,เบ็ดเตล็ด,,,หลอด,8.85712E+12,100,NULL,FALSE,FALSE,NULL,,,NULL,NULL,NULL,NULL,NULL,NULL,1,NULL
1630,1000,101634,POLIDENT Flavour Free Cream 20g  ครีมติดฟันปลอม,EUCALYPTUS,MOUTH/THROAT PREPARATIONS,ขย.9,NULL,เบ็ดเตล็ด,,,หลอด,8.85101E+12,100,NULL,FALSE,FALSE,NULL,,,NULL,NULL,NULL,NULL,NULL,NULL,1,NULL
1631,1000,101635,ยาสีฟัน มิสทิน พร้อมแปรงสีฟัน 1 ชุด,NULL,NULL,ขย.9,NULL,เบ็ดเตล็ด,,,คู่,8.85918E+12,100,NULL,FALSE,FALSE,NULL,,,NULL,NULL,NULL,NULL,NULL,NULL,1,NULL
1632,1000,101636,สบู่เบนเนท วิตามินซี แอน อี 130 กรัม,NULL,NULL,ขย.9,NULL,"สบู่,  สบู่เหลว,  ครีมอาบ",,,ก้อน,8.85078E+12,100,NULL,FALSE,FALSE,NULL,,,NULL,NULL,NULL,NULL,NULL,NULL,1,NULL
1633,1000,101637,สบู่สมุนไพรกลั่นรอว์ร่า 170 กรัม,EUCALYPTUS,MOUTH/THROAT PREPARATIONS,ขย.9,NULL,"สบู่,  สบู่เหลว,  ครีมอาบ",,,ก้อน,8.85078E+12,100,NULL,FALSE,FALSE,NULL,,,40,NULL,NULL,NULL,NULL,NULL,1,NULL
1634,1000,101638,ยาสีฟันสมุนไพร รุ่งอรุณ ชนิดผง 18 กรัม,NULL,NULL,ขย.9,NULL,เบ็ดเตล็ด,,,ซอง,8.85049E+12,100,NULL,FALSE,FALSE,NULL,,,NULL,NULL,NULL,NULL,NULL,NULL,1,NULL
1635,1000,101639,ยาสีฟัน วิเศษนิยม 40 กรัม,NULL,NULL,ขย.9,NULL,เบ็ดเตล็ด,,,ซอง,8.85235E+12,100,NULL,FALSE,FALSE,NULL,,,NULL,NULL,NULL,NULL,NULL,NULL,1,NULL
1636,1000,101640,ขี้ผึ้งสำหรับคนจัดฟัน dr.phillips 2 boxes,NULL,NULL,ขย.9,NULL,เบ็ดเตล็ด,,,ชิ้น,8.85471E+12,100,NULL,FALSE,FALSE,NULL,,,NULL,NULL,NULL,NULL,NULL,NULL,1,NULL
1637,1000,101641,ขวดพลาสติก (กลาง),NULL,NULL,ขย.9,NULL,เบ็ดเตล็ด,,,ขวด,1657,100,NULL,FALSE,FALSE,NULL,,,NULL,NULL,NULL,NULL,NULL,NULL,1,NULL
1638,1000,101642,ขวดพลาสติก (เล็ก),NULL,NULL,ขย.9,NULL,เบ็ดเตล็ด,,,ขวด,1658,100,NULL,FALSE,FALSE,NULL,,,NULL,NULL,NULL,NULL,NULL,NULL,1,NULL
1639,1000,101643,ขวดพลาสติก (ใหญ่),NULL,NULL,ขย.9,NULL,เบ็ดเตล็ด,,,ขวด,1659,100,NULL,FALSE,FALSE,NULL,,,NULL,NULL,NULL,NULL,NULL,NULL,1,NULL
1640,1000,101644,ฟอร์เซปจาร์ 1*4'',NULL,NULL,ขย.9,NULL,อุปกรณ์ทางการแพทย์,,,ชิ้น,8.85642E+12,100,NULL,FALSE,FALSE,NULL,,,NULL,NULL,NULL,NULL,NULL,NULL,1,NULL
1641,1000,101645,ฟอร์เซปจาร์ 2*4.5'',NULL,NULL,ขย.9,NULL,อุปกรณ์ทางการแพทย์,,,ชิ้น,8.85642E+12,100,NULL,FALSE,FALSE,NULL,,,NULL,NULL,NULL,NULL,NULL,NULL,1,NULL
1642,1000,101646,กล่องสำลี 4*5 พร้อมฝา,NULL,NULL,ขย.9,NULL,อุปกรณ์ทางการแพทย์,,,ชิ้น,8.85642E+12,100,NULL,FALSE,FALSE,NULL,,,NULL,NULL,NULL,NULL,NULL,NULL,1,NULL
1643,1000,101647,กล่องสำลี 4*3 พร้อมฝา,NULL,NULL,ขย.9,NULL,อุปกรณ์ทางการแพทย์,,,ชิ้น,8.85642E+12,100,NULL,FALSE,FALSE,NULL,,,NULL,NULL,NULL,NULL,NULL,NULL,1,NULL
1644,1000,101648,ทิชชูเปียก ไฮคลีน อโรเวร่า 56 ชิ้น,NULL,NULL,ขย.9,NULL,"สำลี, กระดาษทิชชู",,,ห่อ,8.85713E+12,100,NULL,FALSE,FALSE,NULL,,,NULL,NULL,NULL,NULL,NULL,NULL,1,NULL
1645,1000,101649,ทิชชูเปียก ไฮคลีน พีช 56 ชิ้น,NULL,NULL,ขย.9,NULL,"สำลี, กระดาษทิชชู",,,ห่อ,8.85713E+12,100,NULL,FALSE,FALSE,NULL,,,NULL,NULL,NULL,NULL,NULL,NULL,1,NULL
1646,1000,101650,ชุดหูฟังแพทย์ stethoscope,NULL,NULL,ขย.9,NULL,อุปกรณ์ทางการแพทย์,,,ชิ้น,6.93104E+12,100,NULL,FALSE,FALSE,NULL,,,NULL,NULL,NULL,NULL,NULL,NULL,1,NULL
1647,1000,101651,ไม้กดลิ้น Wuyang 100 ชิ้น/กล่อง,NULL,NULL,ขย.9,NULL,อุปกรณ์ทางการแพทย์,,,กล่อง,331522,100,NULL,FALSE,FALSE,NULL,,,NULL,NULL,NULL,NULL,NULL,NULL,1,NULL
1648,1000,101652,ยาประดงพระสังข์ ทรงช้าง 40 เม็ด,NULL,NULL,ขย.9,NULL,"ยาสมุนไพร, ยาแผนโบราณ",,,กล่อง,8.8572E+12,100,NULL,FALSE,FALSE,NULL,,,NULL,NULL,NULL,NULL,NULL,NULL,1,NULL
1649,1000,101653,ยาชงตรางามระหง,NULL,NULL,ขย.9,NULL,"ยาสมุนไพร, ยาแผนโบราณ",,,กล่อง,8.85099E+12,100,NULL,FALSE,FALSE,NULL,,,NULL,NULL,NULL,NULL,NULL,NULL,1,NULL
1650,1000,101654,ยาเม็ดตรางามระหง 80 เม็ด,NULL,NULL,ขย.9,NULL,"ยาสมุนไพร, ยาแผนโบราณ",,,กล่อง,8.85099E+12,100,NULL,FALSE,FALSE,NULL,,,NULL,NULL,NULL,NULL,NULL,NULL,1,NULL
1651,1000,101655,อบเชย แคปซูล ตราไฟโตร์ 60 แคปซูล,NULL,NULL,ขย.9,NULL,"ยาสมุนไพร, ยาแผนโบราณ",,,กระปุก,8.85343E+12,100,NULL,FALSE,FALSE,NULL,,,NULL,NULL,NULL,NULL,NULL,NULL,1,NULL
1652,1000,101656,ยาตราใบแก้วชนิดเม็ด 70 เม็ด,NULL,NULL,ขย.9,NULL,"ยาสมุนไพร, ยาแผนโบราณ",,,กระปุก,8.85894E+12,100,NULL,FALSE,FALSE,NULL,,,NULL,NULL,NULL,NULL,NULL,NULL,1,NULL
1653,1000,101657,ยาเม็ดบรรเทาริดสีดวง ตราปลามังกร 200 เม็ด,NULL,NULL,ขย.9,NULL,"ยาสมุนไพร, ยาแผนโบราณ",,,กระปุก,8.85322E+12,100,NULL,FALSE,FALSE,NULL,,,NULL,NULL,NULL,NULL,NULL,NULL,1,NULL
1654,1000,101658,ยากษัยเส้น ตราสมเจตน์ 120 เม็ด,NULL,NULL,ขย.9,NULL,"ยาสมุนไพร, ยาแผนโบราณ",,,กระปุก,1807,100,NULL,FALSE,FALSE,NULL,,,NULL,NULL,NULL,NULL,NULL,NULL,1,NULL
1655,1000,101659,ยาเม็ดบรรเทาริดสีดวงทวาร สามก๊ก 120 เม็ด,NULL,NULL,ขย.9,NULL,"ยาสมุนไพร, ยาแผนโบราณ",,,กระปุก,8.85712E+12,100,NULL,FALSE,FALSE,NULL,,,NULL,NULL,NULL,NULL,NULL,NULL,1,NULL
1656,1000,101660,ยาเม็ดรางจืด ขาวละออ 100 เม็ด,NULL,NULL,ขย.9,NULL,"ยาสมุนไพร, ยาแผนโบราณ",,,กระปุก,8.85014E+12,100,NULL,FALSE,FALSE,NULL,,,NULL,NULL,NULL,NULL,NULL,NULL,1,NULL
1657,1000,101661,ใบมะขามแขก อ้วยอันโอสถ 100 แคปซูล,NULL,NULL,ขย.9,NULL,"ยาสมุนไพร, ยาแผนโบราณ",,,กระปุก,8.85291E+12,100,NULL,FALSE,FALSE,NULL,,,NULL,NULL,NULL,NULL,NULL,NULL,1,NULL
1658,1000,101662,ยาแคปซูลผสมรางจืด อภัยภูเบศร 70 แคปซูล,NULL,NULL,ขย.9,NULL,"ยาสมุนไพร, ยาแผนโบราณ",,,กระปุก,8.85554E+12,100,NULL,FALSE,FALSE,NULL,,,NULL,NULL,NULL,NULL,NULL,NULL,1,NULL
1659,1000,101663,ยาแคปซูลเพชรสังฆาต อภัยภูเบศร 70 แคปซูล,NULL,NULL,ขย.9,NULL,"ยาสมุนไพร, ยาแผนโบราณ",,,กระปุก,8.85554E+12,,NULL,FALSE,FALSE,NULL,,,NULL,NULL,NULL,NULL,NULL,NULL,1,NULL
1660,1000,101664,ยาแคปซูลบัวบก อภัยภูเบศร 70 แคปซูล,NULL,NULL,ขย.9,NULL,"ยาสมุนไพร, ยาแผนโบราณ",,,กระปุก,8.85554E+12,100,NULL,FALSE,FALSE,NULL,,,NULL,NULL,NULL,NULL,NULL,NULL,1,NULL
1661,1000,101665,สมุนไพร คุณสัมฤทธิ์ ริดสีดวงทวาร 60's,NULL,NULL,ขย.9,NULL,"ยาสมุนไพร, ยาแผนโบราณ",,,กระปุก,8.85948E+12,100,NULL,FALSE,FALSE,NULL,,,NULL,NULL,NULL,NULL,NULL,NULL,1,NULL
1662,1000,101666,สมุนไพร คุณสัมฤทธิ์ บรรเทาอาการปวดเมื่อย 60's,NULL,NULL,ขย.9,NULL,"ยาสมุนไพร, ยาแผนโบราณ",,,กระปุก,8.85948E+12,100,NULL,FALSE,FALSE,NULL,,,NULL,NULL,NULL,NULL,NULL,NULL,1,NULL
1663,1000,101667,สมุนไพร คุณสัมฤทธิ์ รากสามสิบ 60's,NULL,NULL,ขย.9,NULL,"ยาสมุนไพร, ยาแผนโบราณ",,,กระปุก,8.85948E+12,100,NULL,FALSE,FALSE,NULL,,,NULL,NULL,NULL,NULL,NULL,NULL,1,NULL
1664,1000,101668,สมุนไพร คุณสัมฤทธิ์ กำลังช้างสาร 60's,NULL,NULL,ขย.9,NULL,"ยาสมุนไพร, ยาแผนโบราณ",,,กระปุก,8.85948E+12,100,NULL,FALSE,FALSE,NULL,,,NULL,NULL,NULL,NULL,NULL,NULL,1,NULL
1665,1000,101669,สมุนไพร คุณสัมฤทธิ์ ยาระบาย 60's,NULL,NULL,ขย.9,NULL,"ยาสมุนไพร, ยาแผนโบราณ",,,กระปุก,8.85948E+12,100,NULL,FALSE,FALSE,NULL,,,NULL,NULL,NULL,NULL,NULL,NULL,1,NULL
1666,1000,101670,สมุนไพร คุณสัมฤทธิ์ พลูคาว  60's,NULL,NULL,ขย.9,NULL,"ยาสมุนไพร, ยาแผนโบราณ",,,กระปุก,,100,NULL,FALSE,FALSE,NULL,,,NULL,NULL,NULL,NULL,NULL,NULL,1,NULL
1667,1000,101671,ยาแคปซูลฟ้าทะลายโจร อภัยภูเบศร 60's,METHYL SALICYLATE+MENTHOL+EUGENOL,VITAMINS & MINERALS,ขย.9,NULL,"ยาสมุนไพร, ยาแผนโบราณ",,,กระปุก,8.85554E+12,100,NULL,FALSE,FALSE,NULL,,,85,NULL,NULL,NULL,NULL,NULL,1,NULL
1668,1000,101672,ยาฟ้าทะลายโจรชนิดเม็ด ตราใบห่อ 70's,NULL,NULL,ขย.9,NULL,"ยาสมุนไพร, ยาแผนโบราณ",,,กล่อง,8.85894E+12,100,NULL,FALSE,FALSE,NULL,,,NULL,NULL,NULL,NULL,NULL,NULL,1,NULL
1669,1000,101673,ยาแคปซูลกวาวเครือขาว ตราแม่กุหลาบ 100's,NULL,NULL,ขย.9,NULL,"ยาสมุนไพร, ยาแผนโบราณ",,,กระปุก,8.85657E+12,100,NULL,FALSE,FALSE,NULL,,,NULL,NULL,NULL,NULL,NULL,NULL,1,NULL
1670,1000,101674,ยาฟ้าทะลายโจรสกัด อ้วยอันโอสถ 45's,CAMPHOR,MOUTH/THROAT PREPARATIONS,ขย.9,NULL,"ยาสมุนไพร, ยาแผนโบราณ",,,กระปุก,8.85291E+12,100,NULL,FALSE,FALSE,NULL,,,195,NULL,NULL,NULL,NULL,NULL,1,NULL
1671,1000,101675,ฟ้าทะลายโจร อ้วยอันโอสถ 100's,NULL,NULL,ขย.9,NULL,"ยาสมุนไพร, ยาแผนโบราณ",,,กระปุก,8.85291E+12,100,NULL,FALSE,FALSE,NULL,,,NULL,NULL,NULL,NULL,NULL,NULL,1,NULL
1672,1000,101676,ยาแคปซูลมะระขี้นก อภัยภูเบศร 70's,NULL,NULL,ขย.9,NULL,"ยาสมุนไพร, ยาแผนโบราณ",,,กระปุก,8.85554E+12,100,NULL,FALSE,FALSE,NULL,,,NULL,NULL,NULL,NULL,NULL,NULL,1,NULL
1673,1000,101677,ยาแคปซูลกราวเครือขาว herbal one 100's,NULL,NULL,ขย.9,NULL,"ยาสมุนไพร, ยาแผนโบราณ",,,กระปุก,8.85335E+12,100,NULL,FALSE,FALSE,NULL,,,NULL,NULL,NULL,NULL,NULL,NULL,1,NULL
1674,1000,101678,ยามะระขี้นก ชนิดเม็ด ตราดอกว่าน ขาวละออ 100 เม็ด,NULL,NULL,ขย.9,NULL,"ยาสมุนไพร, ยาแผนโบราณ",,,กระปุก,8.85014E+12,100,NULL,FALSE,FALSE,NULL,,,NULL,NULL,NULL,NULL,NULL,NULL,1,NULL
1675,1000,101679,สารสกัดจากเมล็ดงาดำ herbal one 60's,ACETYLCYSTEINE,MOUTH/THROAT PREPARATIONS,ขย.9,NULL,"ยาสมุนไพร, ยาแผนโบราณ",,,กระปุก,8.85335E+12,100,NULL,FALSE,FALSE,NULL,,,275,NULL,NULL,NULL,NULL,NULL,1,NULL
1676,1000,101680,ยาแคปซูลกระชายดำ ขาวละออ 100 แคปซูล,NULL,NULL,ขย.9,NULL,"ยาสมุนไพร, ยาแผนโบราณ",,,กระปุก,8.85014E+12,100,NULL,FALSE,FALSE,NULL,,,NULL,NULL,NULL,NULL,NULL,NULL,1,NULL
1677,1000,101681,ยาแคปซูล ฟ้าทะลายโจร ตราพิมพา 60's,NULL,NULL,ขย.9,NULL,"ยาสมุนไพร, ยาแผนโบราณ",,,กระปุก,8.85712E+12,100,NULL,FALSE,FALSE,NULL,,,NULL,NULL,NULL,NULL,NULL,NULL,1,NULL
1678,1000,101682,กระชายดำ herbal one 100's,NULL,NULL,ขย.9,NULL,"ยาสมุนไพร, ยาแผนโบราณ",,,กระปุก,8.85335E+12,100,NULL,FALSE,FALSE,NULL,,,NULL,NULL,NULL,NULL,NULL,NULL,1,NULL
1679,1000,101683,ขมิ้นชัน อ้วยอันโอสถ 100 แคปซูล,NULL,NULL,ขย.9,NULL,"ยาสมุนไพร, ยาแผนโบราณ",,,กระปุก,8.85291E+12,100,NULL,FALSE,FALSE,NULL,,,NULL,NULL,NULL,NULL,NULL,NULL,1,NULL
1680,1000,101684,ยาแคปซูล ขมิ้นชัน ศิริบัญชา,NULL,NULL,ขย.9,NULL,"ยาสมุนไพร, ยาแผนโบราณ",,,กระปุก,8.85112E+12,100,NULL,FALSE,FALSE,NULL,,,NULL,NULL,NULL,NULL,NULL,NULL,1,NULL
1681,1000,101685,ยาแคปซูลขมิ้นชัน ตราอภัยภูเบศร 60's,NULL,NULL,ขย.9,NULL,"ยาสมุนไพร, ยาแผนโบราณ",,,กระปุก,8.85554E+12,100,NULL,FALSE,FALSE,NULL,,,NULL,NULL,NULL,NULL,NULL,NULL,1,NULL
1682,1000,101686,ยาขม ตราใบห่อ 70 เม็ด,NULL,NULL,ขย.9,NULL,"ยาสมุนไพร, ยาแผนโบราณ",,,กล่อง,8.85894E+12,100,NULL,FALSE,FALSE,NULL,,,NULL,NULL,NULL,NULL,NULL,NULL,1,NULL
1683,1000,101687,ยาขมิ้นชัน แคปซูล KMP 100's,NULL,NULL,ขย.9,NULL,"ยาสมุนไพร, ยาแผนโบราณ",,,กระปุก,8.85869E+12,100,NULL,FALSE,FALSE,NULL,,,NULL,NULL,NULL,NULL,NULL,NULL,1,NULL
1684,1000,101688,ยาแคปซูล ขมิ้นชันพลัส อ้วยอันโอสถ 60's,NULL,NULL,ขย.9,NULL,"ยาสมุนไพร, ยาแผนโบราณ",,,กระปุก,8.85291E+12,100,NULL,FALSE,FALSE,NULL,,,NULL,NULL,NULL,NULL,NULL,NULL,1,NULL
1685,1000,101689,ยาขมิ้นชัน ชนิดเม็ด ตราดอกว่าน ขาวละออ 100's,NULL,NULL,ขย.9,NULL,"ยาสมุนไพร, ยาแผนโบราณ",,,กระปุก,8.85014E+12,100,NULL,FALSE,FALSE,NULL,,,NULL,NULL,NULL,NULL,NULL,NULL,1,NULL
1686,1000,101690,ขมิ้นชันแคปซูล ตราไฟโตรแคร์ 10's,EUCALYPTUS,MOUTH/THROAT PREPARATIONS,ขย.9,NULL,"ยาสมุนไพร, ยาแผนโบราณ",,,แผง,8.85343E+12,100,NULL,FALSE,FALSE,NULL,,,13,NULL,NULL,NULL,NULL,NULL,1,NULL
1687,1000,101691,ขมิ้นผงแม้ ตราโพธิ์แก้ว 8 กรัม,NULL,NULL,ขย.9,NULL,"ยาสมุนไพร, ยาแผนโบราณ",,,ซอง,101691,100,NULL,FALSE,FALSE,NULL,,,NULL,NULL,NULL,NULL,NULL,NULL,1,NULL
1688,1000,101692,ขมิ้นผงแสงชัย 12 กรัม,NULL,NULL,ขย.9,NULL,"ยาสมุนไพร, ยาแผนโบราณ",,,ซอง,331490,100,NULL,FALSE,FALSE,NULL,,,NULL,NULL,NULL,NULL,NULL,NULL,1,NULL
1689,1000,101693,Certainty กางเกง 10 ชิ้น L แบบแปะ,NULL,NULL,ขย.9,NULL,ผ้าอ้อม,,,แพ็ค,8.85071E+12,100,NULL,FALSE,FALSE,NULL,,,NULL,NULL,NULL,NULL,NULL,NULL,1,NULL
1690,1000,101694,แผ่นรองซับ Sunmed,NULL,NULL,ขย.9,NULL,ผ้าอ้อม,,,ห่อ,8.93514E+12,100,NULL,FALSE,FALSE,NULL,,,NULL,NULL,NULL,NULL,NULL,NULL,1,NULL
1691,1000,101695,Sunmed ผ้าอ้อมผู้ใหญ่ L-XL 24 ชิ้น,NULL,NULL,ขย.9,NULL,ผ้าอ้อม,,,แพ็ค,8.93514E+12,100,NULL,FALSE,FALSE,NULL,,,NULL,NULL,NULL,NULL,NULL,NULL,1,NULL
1692,1000,101696,มามี่โพโคพรีเมียมเอ็กตร้าเทป NB 82 ชิ้น,NULL,NULL,ขย.9,NULL,ผ้าอ้อม,,,แพ็ค,8.85111E+12,100,NULL,FALSE,FALSE,NULL,,,NULL,NULL,NULL,NULL,NULL,NULL,1,NULL
1693,1000,101697,มามี่โพโคพรีเมียมเอ็กตร้าเทป S 74 ชิ้น,NULL,NULL,ขย.9,NULL,ผ้าอ้อม,,,แพ็ค,8.85111E+12,100,NULL,FALSE,FALSE,NULL,,,NULL,NULL,NULL,NULL,NULL,NULL,1,NULL
1694,1000,101698,มามี่โพโค เดย์ แอนด์ไนท์ M 74 ชิ้น,NULL,NULL,ขย.9,NULL,ผ้าอ้อม,,,แพ็ค,8.85111E+12,100,NULL,FALSE,FALSE,NULL,,,NULL,NULL,NULL,NULL,NULL,NULL,1,NULL
1695,1000,101699,มามี่โพโคแฮปปี้เพ้น XL 54 ชิ้น,NULL,NULL,ขย.9,NULL,ผ้าอ้อม,,,แพ็ค,8.85111E+12,100,NULL,FALSE,FALSE,NULL,,,NULL,NULL,NULL,NULL,NULL,NULL,1,NULL
1696,1000,101700,มามี่โพโคแฮปปี้เพ้น XXL 48 ชิ้น,NULL,NULL,ขย.9,NULL,ผ้าอ้อม,,,แพ็ค,8.85111E+12,100,NULL,FALSE,FALSE,NULL,,,NULL,NULL,NULL,NULL,NULL,NULL,1,NULL
1697,1000,101701,เบบี้เลิฟเทปจัมโบ้ แรกเกิด NB 56 ชิ้น,NULL,NULL,ขย.9,NULL,ผ้าอ้อม,,,แพ็ค,8.85071E+12,100,NULL,FALSE,FALSE,NULL,,,NULL,NULL,NULL,NULL,NULL,NULL,1,NULL
1698,1000,101702,เบบี้เลิฟ เพลเพ้นพรีเมียม XXL 36ชิ้น,NULL,NULL,ขย.9,NULL,ผ้าอ้อม,,,แพ็ค,8.85071E+12,100,NULL,FALSE,FALSE,NULL,,,NULL,NULL,NULL,NULL,NULL,NULL,1,NULL
1699,1000,101703,เบบี้เลิฟเทปจัมโบ้ L 44 ชิ้น,NULL,NULL,ขย.9,NULL,ผ้าอ้อม,,,แพ็ค,8.85071E+12,100,NULL,FALSE,FALSE,NULL,,,NULL,NULL,NULL,NULL,NULL,NULL,1,NULL
1700,1000,101704,เบบี้เลิฟ เดย์ ไนท์ XL 40ชิ้น,NULL,NULL,ขย.9,NULL,ผ้าอ้อม,,,แพ็ค,8.85071E+12,100,NULL,FALSE,FALSE,NULL,,,NULL,NULL,NULL,NULL,NULL,NULL,1,NULL
1701,1000,101705,เบบี้เลิฟ M 17 ชิ้น,NULL,NULL,ขย.9,NULL,ผ้าอ้อม,,,แพ็ค,8.85071E+12,100,NULL,FALSE,FALSE,NULL,,,NULL,NULL,NULL,NULL,NULL,NULL,1,NULL
1702,1000,101706,มามี่โพโคแฮปปี้แพ้นท์ L62 ชิ้น,NULL,NULL,ขย.9,NULL,ผ้าอ้อม,,,แพ็ค,8.85111E+12,100,NULL,FALSE,FALSE,NULL,,,NULL,NULL,NULL,NULL,NULL,NULL,1,NULL
1703,1000,101707,ผ้ายืดรัดต้นขา tubigrip ไซต์ L,NULL,NULL,ขย.9,NULL,เบ็ดเตล็ด,,,ชิ้น,8.85203E+12,100,NULL,FALSE,FALSE,NULL,,,NULL,NULL,NULL,NULL,NULL,NULL,1,NULL
1704,1000,101708,ผ้าพยุงมือ /ฝ่ามือ tubigrip ไซต์ XL,NULL,NULL,ขย.9,NULL,เบ็ดเตล็ด,,,ชิ้น,8.85203E+12,100,NULL,FALSE,FALSE,NULL,,,NULL,NULL,NULL,NULL,NULL,NULL,1,NULL
1705,1000,101709,ผ้าพยุงหัวเข่า tubigrip ไซต์ XL,NULL,NULL,ขย.9,NULL,เบ็ดเตล็ด,,,ชิ้น,8.85203E+12,100,NULL,FALSE,FALSE,NULL,,,NULL,NULL,NULL,NULL,NULL,NULL,1,NULL
1706,1000,101710,ผ้าพยุงหัวเข่า tubigrip ไซต์ M,NULL,NULL,ขย.9,NULL,เบ็ดเตล็ด,,,ชิ้น,8.85203E+12,100,NULL,FALSE,FALSE,NULL,,,NULL,NULL,NULL,NULL,NULL,NULL,1,NULL
1707,1000,101711,ผ้าพยุงมือ /ฝ่ามือ tubigrip ไซต์ S,NULL,NULL,ขย.9,NULL,เบ็ดเตล็ด,,,ชิ้น,8.85203E+12,100,NULL,FALSE,FALSE,NULL,,,NULL,NULL,NULL,NULL,NULL,NULL,1,NULL
1708,1000,101712,ผ้ายืดรัดข้อมือ/ฝ่ามือ tubigrip ไซต์ L,NULL,NULL,ขย.9,NULL,เบ็ดเตล็ด,,,ชิ้น,8.85203E+12,100,NULL,FALSE,FALSE,NULL,,,NULL,NULL,NULL,NULL,NULL,NULL,1,NULL
1709,1000,101713,tubigrip อุปกรณ์ อุปกรณ์พยุงหัวเข่า Size L,NULL,NULL,ขย.9,NULL,เบ็ดเตล็ด,,,ชิ้น,8.85203E+12,100,NULL,FALSE,FALSE,NULL,,,NULL,NULL,NULL,NULL,NULL,NULL,1,NULL
1710,1000,101714,tubigrip อุปกรณ์พยุงข้อเท้า Size M,NULL,NULL,ขย.9,NULL,เบ็ดเตล็ด,,,ชิ้น,8.85203E+12,100,NULL,FALSE,FALSE,NULL,,,NULL,NULL,NULL,NULL,NULL,NULL,1,NULL
1711,1000,101715,ผ้ายืดรัดข้อเท้า tubigrip ไซต์ L,NULL,NULL,ขย.9,NULL,เบ็ดเตล็ด,,,ชิ้น,8.85203E+12,100,NULL,FALSE,FALSE,NULL,,,NULL,NULL,NULL,NULL,NULL,NULL,1,NULL
1712,1000,101716,3M อุปกรณ์พยุงข้อมือ Futuro freesize,NULL,NULL,ขย.9,NULL,เบ็ดเตล็ด,,,ชิ้น,51131196773,100,NULL,FALSE,FALSE,NULL,,,NULL,NULL,NULL,NULL,NULL,NULL,1,NULL
1713,1000,101717,3M Futuro พยุงนิ้วหัวแม่มือ รุ่นสีดำ Size S/M,NULL,NULL,ขย.9,NULL,เบ็ดเตล็ด,,,ชิ้น,51131198555,100,NULL,FALSE,FALSE,NULL,,,NULL,NULL,NULL,NULL,NULL,NULL,1,NULL
1714,1000,101718,3M futuro knee support พยุงเข่า S,NULL,NULL,ขย.9,NULL,เบ็ดเตล็ด,,,ชิ้น,51131200982,100,NULL,FALSE,FALSE,NULL,,,NULL,NULL,NULL,NULL,NULL,NULL,1,NULL
1715,1000,101719,3M Futuro พยุงข้อเท้า สีดำ ขนาด 17.8-26.7 ซม.,NULL,NULL,ขย.9,NULL,เบ็ดเตล็ด,,,ชิ้น,51131200579,100,NULL,FALSE,FALSE,NULL,,,NULL,NULL,NULL,NULL,NULL,NULL,1,NULL
1716,1000,101720,3M อุปกรณ์พยุงข้อเท้า แบบสวม Futuro S,NULL,NULL,ขย.9,NULL,เบ็ดเตล็ด,,,ชิ้น,51131201019,100,NULL,FALSE,FALSE,NULL,,,NULL,NULL,NULL,NULL,NULL,NULL,1,NULL
1717,1000,101721,3M อุปกรณ์พยุงข้อเท้า แบบสวม Futuro M,NULL,NULL,ขย.9,NULL,เบ็ดเตล็ด,,,ชิ้น,51131201026,100,NULL,FALSE,FALSE,NULL,,,NULL,NULL,NULL,NULL,NULL,NULL,1,NULL
1718,1000,101722,3M อุปกรณ์พยุงข้อเท้า แบบสวม Futuro L,NULL,NULL,ขย.9,NULL,เบ็ดเตล็ด,,,ชิ้น,51131201033,100,NULL,FALSE,FALSE,NULL,,,NULL,NULL,NULL,NULL,NULL,NULL,1,NULL
1719,1000,101723,3M อุปกรณ์พยุงข้อเท้า เพิ่มความกระชับ Futuro S,NULL,NULL,ขย.9,NULL,เบ็ดเตล็ด,,,ชิ้น,51131200777,100,NULL,FALSE,FALSE,NULL,,,NULL,NULL,NULL,NULL,NULL,NULL,1,NULL
1720,1000,101724,3M อุปกรณ์พยุงข้อเท้า เพิ่มความกระชับ Futuro M,NULL,NULL,ขย.9,NULL,เบ็ดเตล็ด,,,ชิ้น,51131200784,100,NULL,FALSE,FALSE,NULL,,,NULL,NULL,NULL,NULL,NULL,NULL,1,NULL
1721,1000,101725,3M อุปกรณ์พยุงข้อเท้า เพิ่มความกระชับ Futuro L,NULL,NULL,ขย.9,NULL,เบ็ดเตล็ด,,,ชิ้น,51131200791,100,NULL,FALSE,FALSE,NULL,,,NULL,NULL,NULL,NULL,NULL,NULL,1,NULL
1722,1000,101726,3M อุปกรณ์พยุงหัวเข่า ชนิดเสริมแกนด้านข้าง Futuro M,NULL,NULL,ขย.9,NULL,เบ็ดเตล็ด,,,ชิ้น,51131200746,100,NULL,FALSE,FALSE,NULL,,,NULL,NULL,NULL,NULL,NULL,NULL,1,NULL
1723,1000,101727,3M อุปกรณ์พยุงหัวเข่า ชนิดเสริมแกนด้านข้าง Futuro L,NULL,NULL,ขย.9,NULL,เบ็ดเตล็ด,,,ชิ้น,51131200753,100,NULL,FALSE,FALSE,NULL,,,NULL,NULL,NULL,NULL,NULL,NULL,1,NULL
1724,1000,101728,Arm sling color standard  พยุงแขน Size S,NULL,NULL,ขย.9,NULL,อุปกรณ์ทางการแพทย์,,,ชิ้น,8.85931E+12,100,NULL,FALSE,FALSE,NULL,,,NULL,NULL,NULL,NULL,NULL,NULL,1,NULL
1725,1000,101729,Arm sling color standard  พยุงแขน Size M,NULL,NULL,ขย.9,NULL,อุปกรณ์ทางการแพทย์,,,ชิ้น,8.85931E+12,100,NULL,FALSE,FALSE,NULL,,,NULL,NULL,NULL,NULL,NULL,NULL,1,NULL
1726,1000,101730,Arm sling color standard  พยุงแขน Size L,NULL,NULL,ขย.9,NULL,อุปกรณ์ทางการแพทย์,,,ชิ้น,8.85931E+12,100,NULL,FALSE,FALSE,NULL,,,NULL,NULL,NULL,NULL,NULL,NULL,1,NULL
1727,1000,101731,Arm sling color standard  พยุงแขน Size XL,NULL,NULL,ขย.9,NULL,อุปกรณ์ทางการแพทย์,,,ชิ้น,8.85931E+12,100,NULL,FALSE,FALSE,NULL,,,NULL,NULL,NULL,NULL,NULL,NULL,1,NULL
1728,1000,101732,Lumbosacral support standard size S,NULL,NULL,ขย.9,NULL,อุปกรณ์ทางการแพทย์,,,กล่อง,8.85931E+12,100,NULL,FALSE,FALSE,NULL,,,NULL,NULL,NULL,NULL,NULL,NULL,1,NULL
1729,1000,101733,Lumbosacral support standard size M,NULL,NULL,ขย.9,NULL,อุปกรณ์ทางการแพทย์,,,กล่อง,8.85931E+12,100,NULL,FALSE,FALSE,NULL,,,NULL,NULL,NULL,NULL,NULL,NULL,1,NULL
1730,1000,101734,Lumbosacral support standard size L,NULL,NULL,ขย.9,NULL,อุปกรณ์ทางการแพทย์,,,กล่อง,8.85931E+12,100,NULL,FALSE,FALSE,NULL,,,NULL,NULL,NULL,NULL,NULL,NULL,1,NULL
1731,1000,101735,Lumbosacral support standard size XL,NULL,NULL,ขย.9,NULL,อุปกรณ์ทางการแพทย์,,,กล่อง,8.85931E+12,100,NULL,FALSE,FALSE,NULL,,,NULL,NULL,NULL,NULL,NULL,NULL,1,NULL
1732,1000,101736,Lumbosacral support มีแกนอลูมิเนียม size S,NULL,NULL,ขย.9,NULL,อุปกรณ์ทางการแพทย์,,,กล่อง,8.85931E+12,100,NULL,FALSE,FALSE,NULL,,,NULL,NULL,NULL,NULL,NULL,NULL,1,NULL
1733,1000,101737,Lumbosacral support มีแกนอลูมิเนียม size M,NULL,NULL,ขย.9,NULL,อุปกรณ์ทางการแพทย์,,,กล่อง,8.85931E+12,100,NULL,FALSE,FALSE,NULL,,,NULL,NULL,NULL,NULL,NULL,NULL,1,NULL
1734,1000,101738,Lumbosacral support มีแกนอลูมิเนียม size L,NULL,NULL,ขย.9,NULL,อุปกรณ์ทางการแพทย์,,,กล่อง,8.85931E+12,100,NULL,FALSE,FALSE,NULL,,,NULL,NULL,NULL,NULL,NULL,NULL,1,NULL
1735,1000,101739,Lumbosacral support มีแกนอลูมิเนียม size XL,NULL,NULL,ขย.9,NULL,อุปกรณ์ทางการแพทย์,,,กล่อง,8.85931E+12,100,NULL,FALSE,FALSE,NULL,,,NULL,NULL,NULL,NULL,NULL,NULL,1,NULL
1736,1000,101740,Industrial back support มีแกนพลาสติกอ่อน size S,NULL,NULL,ขย.9,NULL,อุปกรณ์ทางการแพทย์,,,กล่อง,8.85931E+12,100,NULL,FALSE,FALSE,NULL,,,NULL,NULL,NULL,NULL,NULL,NULL,1,NULL
1737,1000,101741,Industrial back support มีแกนพลาสติกอ่อน size M,NULL,NULL,ขย.9,NULL,อุปกรณ์ทางการแพทย์,,,กล่อง,8.85931E+12,100,NULL,FALSE,FALSE,NULL,,,NULL,NULL,NULL,NULL,NULL,NULL,1,NULL
1738,1000,101742,Industrial back support มีแกนพลาสติกอ่อน size L,NULL,NULL,ขย.9,NULL,อุปกรณ์ทางการแพทย์,,,กล่อง,8.85931E+12,100,NULL,FALSE,FALSE,NULL,,,NULL,NULL,NULL,NULL,NULL,NULL,1,NULL
1739,1000,101743,Industrial back support มีแกนพลาสติกอ่อน size XL,NULL,NULL,ขย.9,NULL,อุปกรณ์ทางการแพทย์,,,กล่อง,8.85931E+12,100,NULL,FALSE,FALSE,NULL,,,NULL,NULL,NULL,NULL,NULL,NULL,1,NULL
1740,1000,101744,I Flex ไอ-เฟล็กซ์ รัดเอว Size M,NULL,NULL,ขย.9,NULL,อุปกรณ์ทางการแพทย์,,,กล่อง,8.85505E+12,100,NULL,FALSE,FALSE,NULL,,,NULL,NULL,NULL,NULL,NULL,NULL,1,NULL
1741,1000,101745,SARA strawberry 250mg/5ml 60ml,PARACETAMOL,NSAIDs,ขย.9,NULL,ยาน้ำสำหรับเด็ก,,,ขวด,8.85147E+12,100,NULL,FALSE,FALSE,NULL,,,NULL,NULL,NULL,NULL,NULL,NULL,1,NULL
1742,1000,101746,Duran 100 mg/5 ml orange 60 ml,IBUPROFEN,NSAIDs,ขย.9,NULL,ยาน้ำสำหรับเด็ก,,,ขวด,8.85147E+12,100,NULL,FALSE,FALSE,NULL,,,NULL,NULL,NULL,NULL,NULL,NULL,1,NULL
1743,1000,101747,BisolvonEX 4/100mg60ml,BROMHEXINE + GUAIFENESIN,MUCOLYTIC,ขย.9,NULL,ยาน้ำสำหรับเด็ก,,,ขวด,8.85089E+12,100,NULL,FALSE,FALSE,NULL,,,NULL,NULL,NULL,NULL,NULL,NULL,1,NULL
1744,1000,101748,Solmax forte 500mg/5ml 60 ml,CARBOCYSTEINE,MUCOLYTIC,ขย.9,NULL,ยาน้ำสำหรับเด็ก,,,ขวด,8.85897E+12,100,NULL,FALSE,FALSE,NULL,,,NULL,NULL,NULL,NULL,NULL,NULL,1,NULL
1745,1000,101749,CISTEINE 250 MG/5ML 60ML,CARBOCYSTEINE,MUCOLYTIC,ขย.9,NULL,ยาน้ำสำหรับเด็ก,,,ขวด,8.85147E+12,100,NULL,FALSE,FALSE,NULL,,,NULL,NULL,NULL,NULL,NULL,NULL,1,NULL
1746,1000,101750,cisteine 100mg/5ml 60ml,CARBOCYSTEINE,MUCOLYTIC,ขย.9,NULL,ยาน้ำสำหรับเด็ก,,,ขวด,8.85147E+12,100,NULL,FALSE,FALSE,NULL,,,NULL,NULL,NULL,NULL,NULL,NULL,1,NULL
1747,1000,101751,mucolid syrup 30mg/5ml 60ml,AMBROXOL,MUCOLYTIC,ขย.9,NULL,ยาน้ำสำหรับเด็ก,,,ขวด,8.85229E+12,100,NULL,FALSE,FALSE,NULL,,,NULL,NULL,NULL,NULL,NULL,NULL,1,NULL
1748,1000,101752,PIP taryne syrup 5 mg/5ml 60 ml,LORATADINE,ANTIHISTAMINES & ANTIALLERGICS,ขย.9,NULL,ยาน้ำสำหรับเด็ก,,,ขวด,8.85879E+12,100,NULL,FALSE,FALSE,NULL,,,NULL,NULL,NULL,NULL,NULL,NULL,1,NULL
1749,1000,101753,NaSolin P.L. syrup 60 ml,CHLORPHEN+PSEUDOEPHEDRINE+DEXTRO,ANTIHISTAMINES & ANTIALLERGICS,ขย.9,NULL,ยาน้ำสำหรับเด็ก,,,ขวด,8.85147E+12,100,NULL,FALSE,FALSE,NULL,,,NULL,NULL,NULL,NULL,NULL,NULL,1,NULL
1750,1000,101754,ลูทีน่า บำรุงสายตา 60 แคปซูล,NULL,NULL,ขย.9,NULL,ยาหู ตา คอ จมูก,,,กล่อง,8.85712E+12,100,NULL,FALSE,FALSE,NULL,,,NULL,NULL,NULL,NULL,NULL,NULL,1,NULL
1751,1000,101755,B-100 COMPLEX inj.50amp,VITAMIN B COMPLEX+MINERAL,VITAMINS & MINERALS,ขย.9,NULL,ยาหู ตา คอ จมูก,,,กล่อง,8.85353E+12,100,NULL,FALSE,FALSE,NULL,,,NULL,NULL,NULL,NULL,NULL,NULL,1,NULL
1752,1000,101756,PERIACTIN 4 MG 10'S,CYPROHEPTADINE,ANTIHISTAMINES & ANTIALLERGICS,ขย.9,NULL,ยาหู ตา คอ จมูก,,,แผง,1772,100,NULL,FALSE,FALSE,NULL,,,NULL,NULL,NULL,NULL,NULL,NULL,1,NULL
1753,1000,101757,hista oph eye drops 5ml,ANTAZOLINE+TETRAHYDROZOLINE,ANTIHISTAMINES & ANTIALLERGICS,ขย.9,NULL,ยาหู ตา คอ จมูก,,,ขวด,8.85493E+12,100,NULL,FALSE,FALSE,NULL,,,NULL,NULL,NULL,NULL,NULL,NULL,1,NULL
1754,1000,101758,ReNu eye Drops 8ml,NULL,EYE PREPARATIONS,ขย.9,NULL,ยาหู ตา คอ จมูก,,,ขวด,4.89149E+12,100,NULL,FALSE,FALSE,NULL,,,NULL,NULL,NULL,NULL,NULL,NULL,1,NULL
1755,1000,101759,OPTI-FREE eye Drops 10ml,NULL,EYE PREPARATIONS,ขย.9,NULL,ยาหู ตา คอ จมูก,,,ขวด,3.0065E+11,100,NULL,FALSE,FALSE,NULL,,,NULL,NULL,NULL,NULL,NULL,NULL,1,NULL
1756,1000,101760,CLENS 100 eye Drops 8ml,NULL,EYE PREPARATIONS,ขย.9,NULL,ยาหู ตา คอ จมูก,,,ขวด,3.0065E+11,100,NULL,FALSE,FALSE,NULL,,,NULL,NULL,NULL,NULL,NULL,NULL,1,NULL
1757,1000,101761,Opsil Tears eye Drops 10ml,HYDROXYPROPYLMETHYLCELLULOSE,EYE PREPARATIONS,ขย.9,NULL,ยาหู ตา คอ จมูก,,,ขวด,8.8511E+12,100,NULL,FALSE,FALSE,NULL,,,NULL,NULL,NULL,NULL,NULL,NULL,1,NULL
1758,1000,101762,BETOSALIC ointment 15g,BETAMETHASONE,STEROIDS,ขย.9,NULL,ยาระบบการติดเชื้อ,,,หลอด,8.85188E+12,100,NULL,FALSE,FALSE,NULL,,,NULL,NULL,NULL,NULL,NULL,NULL,1,NULL
1759,1000,101763,Clinivate-N  15g,BETAMETHASONE + NEOMYCIN,STEROIDS,ขย.9,NULL,ยาระบบการติดเชื้อ,,,หลอด,8.85335E+12,100,NULL,FALSE,FALSE,NULL,,,NULL,NULL,NULL,NULL,NULL,NULL,1,NULL
1760,1000,101764,Clinivate-N  5g,BETAMETHASONE + NEOMYCIN,STEROIDS,ขย.9,NULL,ยาระบบการติดเชื้อ,,,หลอด,8.85335E+12,100,NULL,FALSE,FALSE,NULL,,,NULL,NULL,NULL,NULL,NULL,NULL,1,NULL
1761,1000,101765,Myderm Quad 15g,BETAMETHASONE + GENTAMYCIN,ANTIFUNGALS,ขย.9,NULL,ยาระบบการติดเชื้อ,,,หลอด,8.85651E+12,100,NULL,FALSE,FALSE,NULL,,,NULL,NULL,NULL,NULL,NULL,NULL,1,NULL
1762,1000,101766,CON CON 15ml,SALICYLIC ACID,NULL,ขย.9,NULL,ยาระบบการติดเชื้อ,,,ขวด,8.85291E+12,100,NULL,FALSE,FALSE,NULL,,,NULL,NULL,NULL,NULL,NULL,NULL,1,NULL
1763,1000,101767,ZEMA lotion 15ml,SALICYLIC ACID,NULL,ขย.9,NULL,ยาระบบการติดเชื้อ,,,ขวด,8.85867E+12,100,NULL,FALSE,FALSE,NULL,,,NULL,NULL,NULL,NULL,NULL,NULL,1,NULL
1764,1000,101768,GLUCOSA 1500mg  30x3.95 g,GLUCOSAMINE,NULL,ขย.9,NULL,ยาระบบกล้ามเนื้อ-ข้อต่อ,,,กล่อง,8.85335E+12,100,NULL,FALSE,FALSE,NULL,,,NULL,NULL,NULL,NULL,NULL,NULL,1,NULL
1765,1000,101769,CALHOF PLUS 60 tab,CALCIUM+VITAMIN D,NULL,ขย.9,NULL,ยาระบบกล้ามเนื้อ-ข้อต่อ,,,กล่อง,8.8546E+12,100,NULL,FALSE,FALSE,NULL,,,NULL,NULL,NULL,NULL,NULL,NULL,1,NULL
1766,1000,101770,Ponstan 500 10 tab,MEFENAMIC ACID,NSAIDs,ขย.9,NULL,ยาระบบกล้ามเนื้อ-ข้อต่อ,,,แผง,8.85034E+12,100,NULL,FALSE,FALSE,NULL,,,NULL,NULL,NULL,NULL,NULL,NULL,1,NULL
1767,1000,101771,MYDOCALM,TOLPERISONE,MUSCLE RELAXANTS,ขย.9,NULL,ยาระบบกล้ามเนื้อ-ข้อต่อ,,,กล่อง,8.85394E+12,100,NULL,FALSE,FALSE,NULL,,,NULL,NULL,NULL,NULL,NULL,NULL,1,NULL
1768,1000,101772,ILIADIN (ผู้ใหญ่) 10ml,OXYMETAZOLINE,DECONGESTANTS & OTHER NASAL PR,ขย.9,NULL,ยาใช้เฉพาะที่,,,กล่อง,4.98718E+12,100,NULL,FALSE,FALSE,NULL,,,NULL,NULL,NULL,NULL,NULL,NULL,1,NULL
1769,1000,101773,RHINOCORT AQUA  120 sprays 8.43ml,BUDESONIDE,STEROIDS,ขย.9,NULL,ยาใช้เฉพาะที่,,,กล่อง,8.85001E+12,100,NULL,FALSE,FALSE,NULL,,,NULL,NULL,NULL,NULL,NULL,NULL,1,NULL
1770,1000,101774,FLEMOMILE  ZINC  ADVAVCED Mouth Spray 10ml,ACETYLCYSTEINE,MOUTH/THROAT PREPARATIONS,ขย.9,NULL,ยาระบบทางเดินหายใจ,,,กล่อง,8.85203E+12,100,NULL,FALSE,FALSE,NULL,,,119,NULL,NULL,NULL,NULL,NULL,1,NULL
1771,1000,101775,MIGANO 10 tab,ERGOTAMINE TARTATE + CAFFEINE,NULL,ขย.9,NULL,ยาระบบทางเดินหายใจ,,,กล่อง,8.85265E+12,100,NULL,FALSE,FALSE,NULL,,,NULL,NULL,NULL,NULL,NULL,NULL,1,NULL
1772,1000,101777,Amlodec 5 mg 10's,AMLODIPINE,ANTIHYPERTENSIVES,ขย.9,NULL,ยาในโรคเรื้อรัง (Drug for,,,แผง,8.90112E+12,100,NULL,FALSE,FALSE,NULL,,,NULL,NULL,NULL,NULL,NULL,NULL,1,NULL
1773,1000,101778,Trinolone oral paste 5g,TRIAMCINOLONE,NULL,ขย.9,NULL,ยาใช้เฉพาะที่,,,หลอด,8.85886E+12,100,NULL,FALSE,FALSE,NULL,,,NULL,NULL,NULL,NULL,NULL,NULL,1,NULL
1774,1000,101779,BACTEX 5g,MUPIROCIN,NULL,ขย.9,NULL,ยาใช้เฉพาะที่,,,หลอด,8.85867E+12,100,NULL,FALSE,FALSE,NULL,,,NULL,NULL,NULL,NULL,NULL,NULL,1,NULL
1775,1000,101780,Justima 21tab,DROSPIRENENONE+ETHINYL ESTRADIOL,CONTRACEPTIVE AGENTS,ขย.9,NULL,ยาคุมกำเนิดและฮอร์โมนทดแท,,,กล่อง,8.85699E+12,100,NULL,FALSE,FALSE,NULL,,,NULL,NULL,NULL,NULL,NULL,NULL,1,NULL
1776,1000,101781,FADAVAG 500  1tab,CLOTRIMAZOLE,ANTIFUNGALS,ขย.9,NULL,ยาใช้เฉพาะที่,,,กล่อง,8.8546E+12,100,NULL,FALSE,FALSE,NULL,,,NULL,NULL,NULL,NULL,NULL,NULL,1,NULL
1777,1000,101782,GLUCOSE injection 50% 50ml,GLUCOSE,NULL,ขย.9,NULL,ยาใช้เฉพาะที่,,,ขวด,8.85406E+12,100,NULL,FALSE,FALSE,NULL,,,NULL,NULL,NULL,NULL,NULL,NULL,1,NULL
1778,1000,101783,Vistra Fish Oil 1000mg 75cap,NULL,VITAMINS & MINERALS,ขย.9,NULL,วิตามินและอาหารเสริม,,,ขวด,8.85876E+12,100,NULL,FALSE,FALSE,NULL,,,NULL,NULL,NULL,NULL,NULL,NULL,1,NULL
1779,1000,101784,NATURE BALACE ZINC,ZINC,VITAMINS & MINERALS,ขย.9,NULL,วิตามินและอาหารเสริม,,,ขวด,8.85354E+12,100,NULL,FALSE,FALSE,NULL,,,NULL,NULL,NULL,NULL,NULL,NULL,1,NULL
1780,1000,101785,NATURE BALACE  Biotin,BIOTIN,VITAMINS & MINERALS,ขย.9,NULL,วิตามินและอาหารเสริม,,,ขวด,8.85354E+12,100,NULL,FALSE,FALSE,NULL,,,NULL,NULL,NULL,NULL,NULL,NULL,1,NULL
1781,1000,101786,HARU zinc 15mg 3cap,ZINC,VITAMINS & MINERALS,ขย.9,NULL,วิตามินและอาหารเสริม,,,กล่อง,8.85651E+12,100,NULL,FALSE,FALSE,NULL,,,NULL,NULL,NULL,NULL,NULL,NULL,1,NULL
1782,1000,101787,HARU Biotin Max,BIOTIN,VITAMINS & MINERALS,ขย.9,NULL,วิตามินและอาหารเสริม,,,กล่อง,8.85651E+12,100,NULL,FALSE,FALSE,NULL,,,NULL,NULL,NULL,NULL,NULL,NULL,1,NULL
1783,1000,101788,MaxxLife ZINC 30cap,ZINC,VITAMINS & MINERALS,ขย.9,NULL,วิตามินและอาหารเสริม,,,กล่อง,8.85896E+12,100,NULL,FALSE,FALSE,NULL,,,NULL,NULL,NULL,NULL,NULL,NULL,1,NULL
1784,1000,101789,REGENEZ  Hair Tonic MEGA WE CARE 30ml,NULL,VITAMINS & MINERALS,ขย.9,NULL,วิตามินและอาหารเสริม,,,กล่อง,8.85077E+12,100,NULL,FALSE,FALSE,NULL,,,NULL,NULL,NULL,NULL,NULL,NULL,1,NULL
1785,1000,101790,EQUAL classic 100 sticks,NULL,VITAMINS & MINERALS,ขย.9,NULL,วิตามินและอาหารเสริม,,,กล่อง,8.85019E+12,100,NULL,FALSE,FALSE,NULL,,,NULL,NULL,NULL,NULL,NULL,NULL,1,NULL
1786,1000,101791,Centrum silver  50+  30cap,METHYL SALICYLATE+MENTHOL+EUGENOL,VITAMINS & MINERALS,ขย.9,NULL,วิตามินและอาหารเสริม,,,กล่อง,8.85101E+12,100,NULL,FALSE,FALSE,NULL,,,340,NULL,NULL,NULL,NULL,NULL,1,NULL
1787,1000,101792,Centrum  30 cap,NULL,VITAMINS & MINERALS,ขย.9,NULL,วิตามินและอาหารเสริม,,,กล่อง,8.85101E+12,100,NULL,FALSE,FALSE,NULL,,,NULL,NULL,NULL,NULL,NULL,NULL,1,NULL
1788,1000,101794,AMSEL ZINC 3cap,ZINC,VITAMINS & MINERALS,ขย.9,NULL,วิตามินและอาหารเสริม,,,ขวด,8.85909E+12,100,NULL,FALSE,FALSE,NULL,,,NULL,NULL,NULL,NULL,NULL,NULL,1,NULL
1789,1000,101795,MEGA Ginkgo Biloba 60cap,GINGKO-BILOBA,VITAMINS & MINERALS,ขย.9,NULL,วิตามินและอาหารเสริม,,,กระปุก,8.85077E+12,100,NULL,FALSE,FALSE,NULL,,,250,NULL,NULL,NULL,NULL,NULL,1,NULL
1790,1000,101796,MEGA Fish Oil 1000mg 30cap,NULL,VITAMINS & MINERALS,ขย.9,NULL,วิตามินและอาหารเสริม,,,กระปุก,8.85077E+12,100,NULL,FALSE,FALSE,NULL,,,NULL,NULL,NULL,NULL,NULL,NULL,1,NULL
1791,1000,101797,MEGA D-TOXL 30cap,NULL,VITAMINS & MINERALS,ขย.9,NULL,วิตามินและอาหารเสริม,,,กระปุก,8.85077E+12,100,NULL,FALSE,FALSE,NULL,,,NULL,NULL,NULL,NULL,NULL,NULL,1,NULL
1792,1000,101798,THE CHARMING GARDEN,NULL,VITAMINS & MINERALS,ขย.9,NULL,วิตามินและอาหารเสริม,,,กล่อง,8.85951E+12,100,NULL,FALSE,FALSE,NULL,,,NULL,NULL,NULL,NULL,NULL,NULL,1,NULL
1793,1000,101799,CDR calcium-d-redoxon 15tap,NULL,VITAMINS & MINERALS,ขย.9,NULL,วิตามินและอาหารเสริม,,,หลอด,8.85017E+12,100,NULL,FALSE,FALSE,NULL,,,NULL,NULL,NULL,NULL,NULL,NULL,1,NULL
1794,1000,101800,BEROCCA 15tab,NULL,VITAMINS & MINERALS,ขย.9,NULL,วิตามินและอาหารเสริม,,,หลอด,8.85017E+12,100,NULL,FALSE,FALSE,NULL,,,NULL,NULL,NULL,NULL,NULL,NULL,1,NULL
1795,1000,101801,REDOXON  15Tab,NULL,VITAMINS & MINERALS,ขย.9,NULL,วิตามินและอาหารเสริม,,,หลอด,4.0576E+12,100,NULL,FALSE,FALSE,NULL,,,NULL,NULL,NULL,NULL,NULL,NULL,1,NULL
1796,1000,101802,HICEE vitamin C  15tab,ASCORBIC ACID,VITAMINS & MINERALS,ขย.9,NULL,วิตามินและอาหารเสริม,,,หลอด,8.85196E+12,100,NULL,FALSE,FALSE,NULL,,,NULL,NULL,NULL,NULL,NULL,NULL,1,NULL
1797,1000,101803,MyDERMQuad crem 4 plus 15 gT. MAN,BETAMETHASONE+GENTAMYCIN+TONAFTATE+CLIOQUINOL,ANTIFUNGALS,ขย.9,NULL,ยาระบบการติดเชื้อ,,,หลอด,0,100,NULL,FALSE,FALSE,NULL,,,NULL,NULL,NULL,NULL,NULL,NULL,1,NULL
1798,1000,101804,ยาดม ตราแม่กุหลาบห้าม้า 15 กรัม,NULL,NULL,ขย.9,NULL,"ยาสมุนไพร, ยาแผนโบราณ",,,กระปุก,8.85657E+12,100,NULL,FALSE,FALSE,NULL,,,NULL,NULL,NULL,NULL,NULL,NULL,1,NULL
1799,1000,101805,กัมมี่ วิตามินซี 24 กรัม,NULL,NULL,ขย.9,NULL,ยาน้ำสำหรับเด็ก,,,ซอง,8.85314E+12,100,NULL,FALSE,FALSE,NULL,,,NULL,NULL,NULL,NULL,NULL,NULL,1,NULL
1800,1000,101806,2.5% Sellon shampoo 120 ml,SELENIUM SULPHIDE,ANTIFUNGALS,ขย.9,NULL,ยาใช้เฉพาะที่,,,ขวด,8.85394E+12,100,NULL,FALSE,FALSE,NULL,,,NULL,NULL,NULL,NULL,NULL,NULL,1,NULL
1801,1000,101807,clinoderm 15 grams,CLOBETASOL,STEROIDS,ขย.9,NULL,ยาใช้เฉพาะที่,,,หลอด,8.85335E+12,100,NULL,FALSE,FALSE,NULL,,,NULL,NULL,NULL,NULL,NULL,NULL,1,NULL
1802,1000,101808,Clinovir-400 5's,ACICLOVIR,ANTIVIRALS,ขย.9,NULL,ยาระบบการติดเชื้อ,,,แผง,8.85335E+12,100,NULL,FALSE,FALSE,NULL,,,NULL,NULL,NULL,NULL,NULL,NULL,1,NULL
1803,1000,101809,10% diabederm 35 g,UREA,NULL,ขย.9,NULL,ยาใช้เฉพาะที่,,,หลอด,8.85335E+12,100,NULL,FALSE,FALSE,NULL,,,NULL,NULL,NULL,NULL,NULL,NULL,1,NULL
1804,1000,101810,Doproct supp 10's,HYDROCORTISONE,STEROIDS,ขย.9,NULL,ยาใช้เฉพาะที่,,,กล่อง,8.85895E+12,100,NULL,FALSE,FALSE,NULL,,,NULL,NULL,NULL,NULL,NULL,NULL,1,NULL
1805,1000,101811,20% ยูเดีย 30 กรัม (กล่องแดง),UREA,NULL,ขย.9,NULL,ยาใช้เฉพาะที่,,,หลอด,8.85651E+12,100,NULL,FALSE,FALSE,NULL,,,NULL,NULL,NULL,NULL,NULL,NULL,1,NULL
1806,1000,101812,แผ่นเจลลดไข้ ผู้ใหญ่ kool fever Extra cool 2 ชิ้น,NULL,NULL,ขย.9,NULL,อุปกรณ์ทางการแพทย์,,,ซอง,101812,100,NULL,FALSE,FALSE,NULL,,,NULL,NULL,NULL,NULL,NULL,NULL,1,NULL
1807,1000,101813,แผ่นเจลลดไข้ ผู้ใหญ่ Bye Bye Fever Super cool 10 ชม. 2 ชิ้น,NULL,NULL,ขย.9,NULL,อุปกรณ์ทางการแพทย์,,,ซอง,4.98719E+12,100,NULL,FALSE,FALSE,NULL,,,NULL,NULL,NULL,NULL,NULL,NULL,1,NULL
1808,1000,101814,ยาน้ำแก้ไอขับเสมหะ I-HERB 60ml,NULL,NULL,ขย.9,NULL,"ยาสมุนไพร, ยาแผนโบราณ",,,ขวด,8.85546E+12,100,NULL,FALSE,FALSE,NULL,,,NULL,NULL,NULL,NULL,NULL,NULL,1,NULL
1809,1000,101815,ยาน้ำแก้ไอมะแว้งผสม เอี๊ยะปอห่อ 60 มล.,NULL,NULL,ขย.9,NULL,"ยาสมุนไพร, ยาแผนโบราณ",,,ขวด,8.85711E+12,100,NULL,FALSE,FALSE,NULL,,,NULL,NULL,NULL,NULL,NULL,NULL,1,NULL
1810,1000,101816,ยาน้ำเอี๊ยะบ่อเช่า C&L สีทอง 350ml,NULL,NULL,ขย.9,NULL,"ยาสมุนไพร, ยาแผนโบราณ",,,กล่อง,8.85882E+12,100,NULL,FALSE,FALSE,NULL,,,NULL,NULL,NULL,NULL,NULL,NULL,1,NULL
1811,1000,101818,Canazol -BE 5g,CLOTRIMAZOLE+BETAMETHASONE,NULL,ขย.9,NULL,ยาระบบการติดเชื้อ,,,กล่อง,8.85188E+12,100,NULL,FALSE,FALSE,NULL,,,NULL,NULL,NULL,NULL,NULL,NULL,1,NULL
1812,1000,101819,Epiduo 0.1%/2.5% gel 15g,BENZOYL PEROXIDE,NULL,ขย.9,NULL,ยาใช้เฉพาะที่,,,กล่อง,3.49932E+12,100,NULL,FALSE,FALSE,NULL,,,NULL,NULL,NULL,NULL,NULL,NULL,1,NULL
1813,1000,101820,Circadin 2mg 15's,MELATONIN,NULL,ขย.9,NULL,ยาในโรคเรื้อรัง (Drug for,,,กล่อง,5.06029E+12,100,NULL,FALSE,FALSE,NULL,,,NULL,NULL,NULL,NULL,NULL,NULL,1,NULL
1814,1000,101821,กระชายขาว Herbal One 60's,NULL,NULL,ขย.9,NULL,"ยาสมุนไพร, ยาแผนโบราณ",,,กระปุก,8.85335E+12,100,NULL,FALSE,FALSE,NULL,,,NULL,NULL,NULL,NULL,NULL,NULL,1,NULL
1815,1000,101822,ยาน้ำแก้ไอ ยู อี คอฟ CD มะขามป้อม 60 มล.,NULL,NULL,ขย.9,NULL,"ยาสมุนไพร, ยาแผนโบราณ",,,กล่อง,8.8587E+12,100,NULL,FALSE,FALSE,NULL,,,NULL,NULL,NULL,NULL,NULL,NULL,1,NULL
1816,1000,101823,อะโรติกา รัป 35 กรัม,METHYL SALICYLATE+MENTHOL+EUGENOL,NULL,ขย.9,NULL,ยาใช้เฉพาะที่,,,หลอด,8.85899E+12,100,NULL,FALSE,FALSE,NULL,,,NULL,NULL,NULL,NULL,NULL,NULL,1,NULL
1817,1000,101824,ยาหม่องเสลดพังพอน เฌอเอม 65 กรัม,NULL,NULL,ขย.9,NULL,ยาใช้เฉพาะที่,,,กระปุก,8.85507E+12,100,NULL,FALSE,FALSE,NULL,,,NULL,NULL,NULL,NULL,NULL,NULL,1,NULL
1818,1000,101825,ยาน้ำแก้ไอมะขามป้อม ตราแสงดาว 120 ซีซี,NULL,NULL,ขย.9,NULL,"ยาสมุนไพร, ยาแผนโบราณ",,,ขวด,8.85112E+12,100,NULL,FALSE,FALSE,NULL,,,NULL,NULL,NULL,NULL,NULL,NULL,1,NULL
1819,1000,101827,Patar-cap เม็ดแดง 10's,DEXTROMETHORPHAN + GUAIFENESIN,MUCOLYTIC,ขย.9,ขย.11,ยาระบบทางเดินหายใจ,,,แผง,8.85501E+12,100,NULL,FALSE,FALSE,NULL,,,NULL,NULL,NULL,NULL,NULL,NULL,1,NULL
1820,1000,101828,Vidisic gel 10 g,CETRIMIDE,EYE PREPARATIONS,ขย.9,NULL,ยาหู ตา คอ จมูก,,,หลอด,4.03057E+12,100,NULL,FALSE,FALSE,NULL,,,NULL,NULL,NULL,NULL,NULL,NULL,1,NULL
1821,1000,101829,seven seas วิตามินรวมผสมไลซีน 100 มล.,NULL,NULL,ขย.9,NULL,วิตามินและอาหารเสริม,,,ขวด,8.99457E+12,100,NULL,FALSE,FALSE,NULL,,,NULL,NULL,NULL,NULL,NULL,NULL,1,NULL
1822,1000,101831,Kamistad-Gel N Sugar Free 10 g,NULL,NULL,ขย.9,NULL,ยาใช้เฉพาะที่,,,กล่อง,4.897E+12,100,NULL,FALSE,FALSE,NULL,,,NULL,NULL,NULL,NULL,NULL,NULL,1,NULL
1823,1000,101832,bonjela sugar free 15 g,NULL,NULL,ขย.9,NULL,ยาใช้เฉพาะที่,,,กล่อง,5.00016E+12,100,NULL,FALSE,FALSE,NULL,,,NULL,NULL,NULL,NULL,NULL,NULL,1,NULL
1824,1000,101833,ยาแก้ไอLP น้ำดำตราเสือดาว,NULL,NULL,ขย.9,NULL,"ยาสมุนไพร, ยาแผนโบราณ",,,กล่อง,8.85304E+12,100,NULL,FALSE,FALSE,NULL,,,NULL,NULL,NULL,NULL,NULL,NULL,1,NULL
1825,1000,101834,Gauze Pad 2x2x8,NULL,NULL,ขย.9,NULL,อุปกรณ์ทางการแพทย์,,,ห่อ,8.85454E+12,100,NULL,FALSE,FALSE,NULL,,,NULL,NULL,NULL,NULL,NULL,NULL,1,NULL
1826,1000,101835,น้ำมันมวย 120CC,NULL,NULL,ขย.9,NULL,ยาใช้เฉพาะที่,,,ขวด,8.85847E+12,100,NULL,FALSE,FALSE,NULL,,,NULL,NULL,NULL,NULL,NULL,NULL,1,NULL
1827,1000,101836, Klean&Kare 500 ml  น้ำเกลือจุกแหลม,NULL,NULL,ขย.9,NULL,ยาสามัญประจำบ้าน,,,ขวด,8.85406E+12,100,NULL,FALSE,FALSE,NULL,,,NULL,NULL,NULL,NULL,NULL,NULL,1,NULL
1828,1000,101837,Flemex 60ml,CARBOCYSTEINE,NULL,ขย.9,NULL,ยาหู ตา คอ จมูก,,,กล่อง,8.85203E+12,100,NULL,FALSE,FALSE,NULL,,,NULL,NULL,NULL,NULL,NULL,NULL,1,NULL
1829,1000,101838,B-aspirin 81 mg,ASPIRIN,NULL,ขย.9,NULL,ยาในโรคเรื้อรัง (Drug for,,,แผง,1854,100,NULL,FALSE,FALSE,NULL,,,NULL,NULL,NULL,NULL,NULL,NULL,1,NULL
1830,1000,101840,Cardiplot20 10x10,MANIDIPINE,NULL,ขย.9,NULL,ยาในโรคเรื้อรัง (Drug for,,,กล่อง,8.85262E+12,100,NULL,FALSE,FALSE,NULL,,,NULL,NULL,NULL,NULL,NULL,NULL,1,NULL
1831,1000,101841,น้ำมันเขียว ตราแม่มะลิ 5 ml,NULL,NULL,ขย.9,NULL,"ยาสมุนไพร, ยาแผนโบราณ",,,ขวด,101841,100,NULL,FALSE,FALSE,NULL,,,NULL,NULL,NULL,NULL,NULL,NULL,1,NULL
1832,1000,101842,Berina  ครีมเปลี่ยนสีผม A27 สีน้ำตาลอ่อนธรรมชาติ,NULL,NULL,NULL,NULL,เครื่องสำอางและสินค้าอุปโภคบริโภค,,,ชิ้น                ,8.8504E+12,100,NULL,FALSE,FALSE,NULL,,,NULL,NULL,NULL,NULL,NULL,NULL,1,NULL
1833,1000,101843,Berina  ครีมเปลี่ยนสีผม A6 สีม่วง,NULL,NULL,NULL,NULL,เครื่องสำอางและสินค้าอุปโภคบริโภค,,,ชิ้น                ,8.8504E+12,100,NULL,FALSE,FALSE,NULL,,,NULL,NULL,NULL,NULL,NULL,NULL,1,NULL
1834,1000,101844,Berina  ครีมเปลี่ยนสีผม A41 สีน้ำเงิน,NULL,NULL,NULL,NULL,เครื่องสำอางและสินค้าอุปโภคบริโภค,,,ชิ้น                ,8.8504E+12,100,NULL,FALSE,FALSE,NULL,,,NULL,NULL,NULL,NULL,NULL,NULL,1,NULL
1835,1000,101845,สีบลอนด์เบจ (VANILLA BEIGE),NULL,NULL,NULL,NULL,เครื่องสำอางและสินค้าอุปโภคบริโภค,,,ชิ้น                ,8.85133E+12,100,NULL,FALSE,FALSE,NULL,,,NULL,NULL,NULL,NULL,NULL,NULL,1,NULL
1836,1000,101846,ลิเซ่โฟมเปลี่ยนสีผม NaturalBlack,NULL,NULL,NULL,NULL,เครื่องสำอางและสินค้าอุปโภคบริโภค,,,ชิ้น                ,8.85182E+12,100,NULL,FALSE,FALSE,NULL,,,NULL,NULL,NULL,NULL,NULL,NULL,1,NULL
1837,1000,101847,ลิเซ่ โฟมเปลี่ยนสีผม dark navy,NULL,NULL,NULL,NULL,เครื่องสำอางและสินค้าอุปโภคบริโภค,,,ชิ้น                ,4.9013E+12,100,NULL,FALSE,FALSE,NULL,,,NULL,NULL,NULL,NULL,NULL,NULL,1,NULL
1838,1000,101848,DIPSO / ดิ๊พโซ่ แฮร์ คัลเลอร์ เบอร์ S08 เอ 8/11,NULL,NULL,NULL,NULL,เครื่องสำอางและสินค้าอุปโภคบริโภค,,,ชิ้น                ,8.85052E+12,100,NULL,FALSE,FALSE,NULL,,,NULL,NULL,NULL,NULL,NULL,NULL,1,NULL
1839,1000,101849,DIPSO / ดิ๊พโซ่ แฮร์ คัลเลอร์ เบอร์ S09 SB 12/81,NULL,NULL,NULL,NULL,เครื่องสำอางและสินค้าอุปโภคบริโภค,,,ชิ้น                ,8.85052E+12,100,NULL,FALSE,FALSE,NULL,,,NULL,NULL,NULL,NULL,NULL,NULL,1,NULL
1840,1000,101850,ครีมยืดผม ชวาร์สคอฟ สเตรท แกลทท์ 0+N / 2+N 120 มล,NULL,NULL,NULL,NULL,เครื่องสำอางและสินค้าอุปโภคบริโภค,,,ชิ้น                ,6.92434E+12,100,NULL,FALSE,FALSE,NULL,,,NULL,NULL,NULL,NULL,NULL,NULL,1,NULL
1841,1000,101851,Lolane พิกเซล ครีมยึดผม สตรอง 110 g V4,NULL,NULL,NULL,NULL,เครื่องสำอางและสินค้าอุปโภคบริโภค,,,ชิ้น                ,8.85046E+12,100,NULL,FALSE,FALSE,NULL,,,NULL,NULL,NULL,NULL,NULL,NULL,1,NULL
1842,1000,101852,Farger Hair Care Expert Color Cream 100 ml 9/12 แกรนิต บราวน์,NULL,NULL,NULL,NULL,เครื่องสำอางและสินค้าอุปโภคบริโภค,,,ชิ้น                ,8.85888E+12,100,NULL,FALSE,FALSE,NULL,,,NULL,NULL,NULL,NULL,NULL,NULL,1,NULL
1843,1000,101853,Lolane Pixxel P44 สีบลอนด์เข้มประกายเขียว,NULL,NULL,NULL,NULL,เครื่องสำอางและสินค้าอุปโภคบริโภค,,,ชิ้น                ,8.85046E+12,100,NULL,FALSE,FALSE,NULL,,,NULL,NULL,NULL,NULL,NULL,NULL,1,NULL
1844,1000,101854,Lolane Pixxel P38 แม่สีน้ำเงิน,NULL,NULL,NULL,NULL,เครื่องสำอางและสินค้าอุปโภคบริโภค,,,ชิ้น                ,8.85046E+12,100,NULL,FALSE,FALSE,NULL,,,NULL,NULL,NULL,NULL,NULL,NULL,1,NULL
1845,1000,101855,DIPSO V8 สีเทาอมเขียวประกายเขียวหมอก ซีจี 3/1,NULL,NULL,NULL,NULL,เครื่องสำอางและสินค้าอุปโภคบริโภค,,,ชิ้น                ,8.85052E+12,100,NULL,FALSE,FALSE,NULL,,,NULL,NULL,NULL,NULL,NULL,NULL,1,NULL
1846,1000,101856,DIPSO VB 27  สีม่วงประกายแดง อาร์วี 5/6,NULL,NULL,NULL,NULL,เครื่องสำอางและสินค้าอุปโภคบริโภค,,,ชิ้น                ,8.85052E+12,100,NULL,FALSE,FALSE,NULL,,,NULL,NULL,NULL,NULL,NULL,NULL,1,NULL
1847,1000,101857,DIPSO V25 สีน้ำตาลช็อคโกแลต บีอาร์ 6/75,NULL,NULL,NULL,NULL,เครื่องสำอางและสินค้าอุปโภคบริโภค,,,ชิ้น                ,8.85052E+12,100,NULL,FALSE,FALSE,NULL,,,NULL,NULL,NULL,NULL,NULL,NULL,1,NULL
1848,1000,101858,Lolane Z-Cool Color Milk Y32 สีเทาหม่นเหลือบเขียว 45 g,NULL,NULL,NULL,NULL,เครื่องสำอางและสินค้าอุปโภคบริโภค,,,ชิ้น                ,8.85046E+12,100,NULL,FALSE,FALSE,NULL,,,NULL,NULL,NULL,NULL,NULL,NULL,1,NULL
1849,1000,101859,Lolane Z-Cool Color Milk Y6 บลอนด์อ่อนหม่นเขียว (Light Green Ash Blonde) 45 g,NULL,NULL,NULL,NULL,เครื่องสำอางและสินค้าอุปโภคบริโภค,,,ชิ้น                ,8.85046E+12,100,NULL,FALSE,FALSE,NULL,,,NULL,NULL,NULL,NULL,NULL,NULL,1,NULL
1850,1000,101860,Lolane Z-Cool Color Milk Y5 บลอนด์ประกายหม่น (Light Golden Ash Blonde) 45 g,NULL,NULL,NULL,NULL,เครื่องสำอางและสินค้าอุปโภคบริโภค,,,ชิ้น                ,8.85046E+12,100,NULL,FALSE,FALSE,NULL,,,NULL,NULL,NULL,NULL,NULL,NULL,1,NULL
1851,1000,101861,Lolane Z-Cool Color Milk Y2 บลอนด์เข้ม (Dark Golden Blonde) 45 g,NULL,NULL,NULL,NULL,เครื่องสำอางและสินค้าอุปโภคบริโภค,,,ชิ้น                ,8.85046E+12,100,NULL,FALSE,FALSE,NULL,,,NULL,NULL,NULL,NULL,NULL,NULL,1,NULL
1852,1000,101862,Lolane Z-Cool Color Milk Y1 บลอนด์อ่อนมาก (Very Light Intense Golden Blonde) 45 g,NULL,NULL,NULL,NULL,เครื่องสำอางและสินค้าอุปโภคบริโภค,,,ชิ้น                ,8.85046E+12,100,NULL,FALSE,FALSE,NULL,,,NULL,NULL,NULL,NULL,NULL,NULL,1,NULL
1853,1000,101863,ลอรีอัลเอกเซลเลนซ์ 1,NULL,NULL,NULL,NULL,เครื่องสำอางและสินค้าอุปโภคบริโภค,,,ชิ้น                ,8.85043E+12,100,NULL,FALSE,FALSE,NULL,,,NULL,NULL,NULL,NULL,NULL,NULL,1,NULL
1854,1000,101864,ลอรีอัลเอกเซลเลนซ์ 4,NULL,NULL,NULL,NULL,เครื่องสำอางและสินค้าอุปโภคบริโภค,,,ชิ้น                ,8.85043E+12,100,NULL,FALSE,FALSE,NULL,,,NULL,NULL,NULL,NULL,NULL,NULL,1,NULL
1855,1000,101865,ลอรีอัลเอกเซลเลนซ์ 7.1,NULL,NULL,NULL,NULL,เครื่องสำอางและสินค้าอุปโภคบริโภค,,,ชิ้น                ,6.92882E+12,100,NULL,FALSE,FALSE,NULL,,,NULL,NULL,NULL,NULL,NULL,NULL,1,NULL
1856,1000,101866,Dcash Mass 50 ml MG802 น้ำตาลทองอ่อน,NULL,NULL,NULL,NULL,เครื่องสำอางและสินค้าอุปโภคบริโภค,,,ชิ้น                ,8.85114E+12,100,NULL,FALSE,FALSE,NULL,,,NULL,NULL,NULL,NULL,NULL,NULL,1,NULL
1857,1000,101867,Dcash Mass 50 ml MR301  น้ำตาลออกแดง,NULL,NULL,NULL,NULL,เครื่องสำอางและสินค้าอุปโภคบริโภค,,,ชิ้น                ,8.85114E+12,100,NULL,FALSE,FALSE,NULL,,,NULL,NULL,NULL,NULL,NULL,NULL,1,NULL
1858,1000,101868,Dcash Mass 50 ml MG801 น้ำตาลประกายทอง,NULL,NULL,NULL,NULL,เครื่องสำอางและสินค้าอุปโภคบริโภค,,,ชิ้น                ,8.85114E+12,100,NULL,FALSE,FALSE,NULL,,,NULL,NULL,NULL,NULL,NULL,NULL,1,NULL
1859,1000,101869,ครีมย้อมผมอีซี่คัลเลอร์ 484 โฉมใหม่ สีน้ำตาลเข้ม 8,NULL,NULL,NULL,NULL,เครื่องสำอางและสินค้าอุปโภคบริโภค,,,ชิ้น                ,8.85918E+12,100,NULL,FALSE,FALSE,NULL,,,NULL,NULL,NULL,NULL,NULL,NULL,1,NULL
1860,1000,101871,ดิ๊พโซ่แว็กหลอดสีส้มประกายทองแดง150มล.,NULL,NULL,NULL,NULL,เครื่องสำอางและสินค้าอุปโภคบริโภค,,,ชิ้น                ,8.85052E+12,100,NULL,FALSE,FALSE,NULL,,,NULL,NULL,NULL,NULL,NULL,NULL,1,NULL
1861,1000,101872,Dipso Hair Color Wax Treatment 150 ml สีม่วงแดง,NULL,NULL,NULL,NULL,เครื่องสำอางและสินค้าอุปโภคบริโภค,,,ชิ้น                ,8.85052E+12,100,NULL,FALSE,FALSE,NULL,,,NULL,NULL,NULL,NULL,NULL,NULL,1,NULL
1862,1000,101873,FG Keratin Hair Color 235ml สีแดง,NULL,NULL,NULL,NULL,เครื่องสำอางและสินค้าอุปโภคบริโภค,,,ชิ้น                ,8.85888E+12,100,NULL,FALSE,FALSE,NULL,,,NULL,NULL,NULL,NULL,NULL,NULL,1,NULL
1863,1000,101874,FG Keratin Hair Color 235ml สีเคลือบ,NULL,NULL,NULL,NULL,เครื่องสำอางและสินค้าอุปโภคบริโภค,,,ชิ้น                ,8.85888E+12,100,NULL,FALSE,FALSE,NULL,,,NULL,NULL,NULL,NULL,NULL,NULL,1,NULL
1864,1000,101875,Loreal revitalift Night,NULL,NULL,NULL,NULL,เครื่องสำอางและสินค้าอุปโภคบริโภค,,,ซอง                 ,8.85043E+12,100,NULL,FALSE,FALSE,NULL,,,NULL,NULL,NULL,NULL,NULL,NULL,1,NULL
1865,1000,101876,ลอรีอัล รีไวทัลลิฟท์ มอยซ์เจอร์ไรซ์ซิ่ง ครีม เดย์ แอนไท ริงเคิล+เรเดียนส์ SPF 35 PA++,NULL,NULL,NULL,NULL,เครื่องสำอางและสินค้าอุปโภคบริโภค,,,ชิ้น                ,8.85043E+12,100,NULL,FALSE,FALSE,NULL,,,NULL,NULL,NULL,NULL,NULL,NULL,1,NULL
1866,1000,101877,Whitamin C Day Cream & Whitamin C Spot Serum 6ml+6ml Cathy Doll,NULL,NULL,NULL,NULL,เครื่องสำอางและสินค้าอุปโภคบริโภค,,,ชิ้น                ,8.85884E+12,100,NULL,FALSE,FALSE,NULL,,,NULL,NULL,NULL,NULL,NULL,NULL,1,NULL
1867,1000,101878,Keumhyeon Vitamin C & Glutathione Plus Ginseng 8ml Bergamo*,NULL,NULL,NULL,NULL,เครื่องสำอางและสินค้าอุปโภคบริโภค,,,ชิ้น                ,8.8096E+12,100,NULL,FALSE,FALSE,NULL,,,NULL,NULL,NULL,NULL,NULL,NULL,1,NULL
1868,1000,101879,lighi HD sivanna01,NULL,NULL,NULL,NULL,เครื่องสำอางและสินค้าอุปโภคบริโภค,,,กล่อง               ,8.85899E+12,100,NULL,FALSE,FALSE,NULL,,,NULL,NULL,NULL,NULL,NULL,NULL,1,NULL
1869,1000,101880,Moods HORSE OIL Aqua Moisturizing Water Lotion (HM171L),NULL,NULL,NULL,NULL,เครื่องสำอางและสินค้าอุปโภคบริโภค,,,ชิ้น                ,8.85913E+12,100,NULL,FALSE,FALSE,NULL,,,NULL,NULL,NULL,NULL,NULL,NULL,1,NULL
1870,1000,101881,Himalaya Since 1930 Under Eye Cream 15 ml ครีมทาใต้ตา,NULL,NULL,NULL,NULL,เครื่องสำอางและสินค้าอุปโภคบริโภค,,,ชิ้น                ,8.90114E+12,100,NULL,FALSE,FALSE,NULL,,,NULL,NULL,NULL,NULL,NULL,NULL,1,NULL
1871,1000,101882,Whitamin C Day Cream 50ml Cathy Doll,NULL,NULL,NULL,NULL,เครื่องสำอางและสินค้าอุปโภคบริโภค,,,ชิ้น                ,8.85884E+12,100,NULL,FALSE,FALSE,NULL,,,NULL,NULL,NULL,NULL,NULL,NULL,1,NULL
1872,1000,101883,นีเวียสเปรย์เอ็กซ์ตร้าซี&อี150มล,NULL,NULL,NULL,NULL,เครื่องสำอางและสินค้าอุปโภคบริโภค,,,ชิ้น                ,8.85003E+12,100,NULL,FALSE,FALSE,NULL,,,NULL,NULL,NULL,NULL,NULL,NULL,1,NULL
1873,1000,101884,White Spa White Mask Roll-on 100 ml.,NULL,NULL,NULL,NULL,เครื่องสำอางและสินค้าอุปโภคบริโภค,,,อัน                 ,8.85918E+12,100,NULL,FALSE,FALSE,NULL,,,NULL,NULL,NULL,NULL,NULL,NULL,1,NULL
1874,1000,101885,Mistine white Spa Roll-on 100 ml.,NULL,NULL,NULL,NULL,เครื่องสำอางและสินค้าอุปโภคบริโภค,,,อัน                 ,8.85918E+12,100,NULL,FALSE,FALSE,NULL,,,NULL,NULL,NULL,NULL,NULL,NULL,1,NULL
1875,1000,101886,กลิ่น แคทลียาโรลออน 50 มล.,NULL,NULL,NULL,NULL,เครื่องสำอางและสินค้าอุปโภคบริโภค,,,ชิ้น                ,8.85918E+12,100,NULL,FALSE,FALSE,NULL,,,NULL,NULL,NULL,NULL,NULL,NULL,1,NULL
1876,1000,101887,White Moon Perfume Lotion 150ml Cathy Doll,NULL,NULL,NULL,NULL,เครื่องสำอางและสินค้าอุปโภคบริโภค,,,ชิ้น                ,8.85884E+12,100,NULL,FALSE,FALSE,NULL,,,NULL,NULL,NULL,NULL,NULL,NULL,1,NULL
1877,1000,101888,มิสทีน ซุปเปอร์ นาโน ไวท์เทนนิ่ง โลชั่น 250 มล.,NULL,NULL,NULL,NULL,เครื่องสำอางและสินค้าอุปโภคบริโภค,,,ชิ้น                ,8.85918E+12,100,NULL,FALSE,FALSE,NULL,,,NULL,NULL,NULL,NULL,NULL,NULL,1,NULL
1878,1000,101889,มิสทีน ซุปเปอร์ ไวท์เทนนิ่ง เนเชอรัล เอเอชเอ ยูวี โลชั่น 250 มล.,NULL,NULL,NULL,NULL,เครื่องสำอางและสินค้าอุปโภคบริโภค,,,ชิ้น                ,8.85918E+12,100,NULL,FALSE,FALSE,NULL,,,NULL,NULL,NULL,NULL,NULL,NULL,1,NULL
1879,1000,101890,ไวท์ สปา โกลด์ คาเวียร์ ชาวเวอร์ ครีม 200 มล.,NULL,NULL,NULL,NULL,เครื่องสำอางและสินค้าอุปโภคบริโภค,,,ชิ้น                ,8.85918E+12,100,NULL,FALSE,FALSE,NULL,,,NULL,NULL,NULL,NULL,NULL,NULL,1,NULL
1880,1000,101891,ไวท์ สปา ไวท์ มัคส์ ชาวเวอร์ ครีม 200 มล.,NULL,NULL,NULL,NULL,เครื่องสำอางและสินค้าอุปโภคบริโภค,,,ชิ้น                ,8.85918E+12,100,NULL,FALSE,FALSE,NULL,,,NULL,NULL,NULL,NULL,NULL,NULL,1,NULL
1881,1000,101892,ไวท์ สปา ไวท์ เบอร์รี่ ชาวเวอร์ ครีม 200 มล.,NULL,NULL,NULL,NULL,เครื่องสำอางและสินค้าอุปโภคบริโภค,,,ชิ้น                ,8.85918E+12,100,NULL,FALSE,FALSE,NULL,,,NULL,NULL,NULL,NULL,NULL,NULL,1,NULL
1882,1000,101893,KA เอ็กซ์เพิร์ท แอนตี้ เมลาสม่า เซรั่ม  ท่าฝ้า 7 g,NULL,NULL,NULL,NULL,เครื่องสำอางและสินค้าอุปโภคบริโภค,,,ชิ้น                ,8.85082E+12,100,NULL,FALSE,FALSE,NULL,,,NULL,NULL,NULL,NULL,NULL,NULL,1,NULL
1883,1000,101894,อะลิเซ่เซรั่มเกาหลีมิราเคิลบูสติ้งซอง7มล.,NULL,NULL,NULL,NULL,เครื่องสำอางและสินค้าอุปโภคบริโภค,,,ชิ้น                ,8.85072E+12,100,NULL,FALSE,FALSE,NULL,,,NULL,NULL,NULL,NULL,NULL,NULL,1,NULL
1884,1000,101895,ครีมอาบน้ำรีเฟรช เอนเนอร์ใจซิ่ง อโรมา 500 มล.,NULL,NULL,NULL,NULL,เครื่องสำอางและสินค้าอุปโภคบริโภค,,,ชิ้น                ,8.85918E+12,100,NULL,FALSE,FALSE,NULL,,,NULL,NULL,NULL,NULL,NULL,NULL,1,NULL
1885,1000,101896,ครีมอาบน้ำมะหาด ชาวเวอร์ ครีม 500 มล.,NULL,NULL,NULL,NULL,เครื่องสำอางและสินค้าอุปโภคบริโภค,,,ชิ้น                ,8.85918E+12,100,NULL,FALSE,FALSE,NULL,,,NULL,NULL,NULL,NULL,NULL,NULL,1,NULL
1886,1000,101897,Palmolive Naturals Irresistible Softness Shower Milk 500 ml,NULL,NULL,NULL,NULL,เครื่องสำอางและสินค้าอุปโภคบริโภค,,,ชิ้น                ,8.85001E+12,100,NULL,FALSE,FALSE,NULL,,,NULL,NULL,NULL,NULL,NULL,NULL,1,NULL
1887,1000,101898,ท็อป คันทรี่ ชาวเวอร์ 500 มล.ฟรี ท็อป คันทรี แอคเนย์,NULL,NULL,NULL,NULL,เครื่องสำอางและสินค้าอุปโภคบริโภค,,,ชิ้น                ,8.85918E+12,100,NULL,FALSE,FALSE,NULL,,,NULL,NULL,NULL,NULL,NULL,NULL,1,NULL
1888,1000,101899,มิสทีน ซุปเปอร์ นาโน ไวท์เทนนิ่ง โลชั่น 400 มล.,NULL,NULL,NULL,NULL,เครื่องสำอางและสินค้าอุปโภคบริโภค,,,ชิ้น                ,8.85918E+12,100,NULL,FALSE,FALSE,NULL,,,NULL,NULL,NULL,NULL,NULL,NULL,1,NULL
1889,1000,101900,Karmart Browit Professional Clean Eye &Lip เช็ดเครื่องสำอาง 45 ml,NULL,NULL,NULL,NULL,เครื่องสำอางและสินค้าอุปโภคบริโภค,,,ชิ้น                ,8.85884E+12,100,NULL,FALSE,FALSE,NULL,,,NULL,NULL,NULL,NULL,NULL,NULL,1,NULL
1890,1000,101901,30% Sea Water Essence Mist 110ml Cathy Doll,NULL,NULL,NULL,NULL,เครื่องสำอางและสินค้าอุปโภคบริโภค,,,ชิ้น                ,8.85884E+12,100,NULL,FALSE,FALSE,NULL,,,NULL,NULL,NULL,NULL,NULL,NULL,1,NULL
1891,1000,101902,Cathy Doll Bright Up Cleansing Water,NULL,NULL,NULL,NULL,เครื่องสำอางและสินค้าอุปโภคบริโภค,,,ชิ้น                ,8.85884E+12,100,NULL,FALSE,FALSE,NULL,,,NULL,NULL,NULL,NULL,NULL,NULL,1,NULL
1892,1000,101903,Lifeford Cica Micellar Cleansing  Water,NULL,NULL,NULL,NULL,เครื่องสำอางและสินค้าอุปโภคบริโภค,,,ชิ้น                ,8.85807E+12,100,NULL,FALSE,FALSE,NULL,,,NULL,NULL,NULL,NULL,NULL,NULL,1,NULL
1893,1000,101904,Vanekaa Orange Hyaluronic Acid Ampoule Essence Lotion 500ml,NULL,NULL,NULL,NULL,เครื่องสำอางและสินค้าอุปโภคบริโภค,,,ชิ้น                ,6.93762E+12,100,NULL,FALSE,FALSE,NULL,,,NULL,NULL,NULL,NULL,NULL,NULL,1,NULL
1894,1000,101905,ไลฟ์ฟอร์ด วิซ ฮาเซล & โรส วิเตอร์ เฟซ โทนเนอร์ต เซรั่ม 280 ml,NULL,NULL,NULL,NULL,เครื่องสำอางและสินค้าอุปโภคบริโภค,,,ชิ้น                ,8.85807E+12,100,NULL,FALSE,FALSE,NULL,,,NULL,NULL,NULL,NULL,NULL,NULL,1,NULL
1895,1000,101906,ไลฟ์ฟอร์ด ไซกา ทรานซามิค แอซิค รีเฟรชชิ่ง เฟช เซรั่ม 280 ml,NULL,NULL,NULL,NULL,เครื่องสำอางและสินค้าอุปโภคบริโภค,,,ชิ้น                ,8.85807E+12,100,NULL,FALSE,FALSE,NULL,,,NULL,NULL,NULL,NULL,NULL,NULL,1,NULL
1896,1000,101907,ไลฟ์ฟอร์ด วิท ซี ไวท์เทนนิ่ง เฟซ   เซรั่ม 280 ml,NULL,NULL,NULL,NULL,เครื่องสำอางและสินค้าอุปโภคบริโภค,,,ชิ้น                ,8.85807E+12,100,NULL,FALSE,FALSE,NULL,,,NULL,NULL,NULL,NULL,NULL,NULL,1,NULL
1897,1000,101908,ฮาดะมิเรอิไวท์เทนนิ่งน้ำตบ180มล(มิวมิว),NULL,NULL,NULL,NULL,เครื่องสำอางและสินค้าอุปโภคบริโภค,,,ชิ้น                ,8.85616E+12,100,NULL,FALSE,FALSE,NULL,,,NULL,NULL,NULL,NULL,NULL,NULL,1,NULL
1898,1000,101909,Bioderma Sebium Gel moussant 200 ml,NULL,NULL,NULL,NULL,เครื่องสำอางและสินค้าอุปโภคบริโภค,,,ชิ้น                ,8.85936E+12,100,NULL,FALSE,FALSE,NULL,,,NULL,NULL,NULL,NULL,NULL,NULL,1,NULL
1899,1000,101910,Bioderma Sebium H2O 100 ml,NULL,NULL,NULL,NULL,เครื่องสำอางและสินค้าอุปโภคบริโภค,,,ชิ้น                ,8.85936E+12,100,NULL,FALSE,FALSE,NULL,,,NULL,NULL,NULL,NULL,NULL,NULL,1,NULL
1900,1000,101911,มิลค์กี้เคล็นซิ่งโลชั่น 100 มล.,NULL,NULL,NULL,NULL,เครื่องสำอางและสินค้าอุปโภคบริโภค,,,ชิ้น                ,8.85563E+12,100,NULL,FALSE,FALSE,NULL,,,NULL,NULL,NULL,NULL,NULL,NULL,1,NULL
1901,1000,101912,KA ไวท์โฟม 50 g,NULL,NULL,NULL,NULL,เครื่องสำอางและสินค้าอุปโภคบริโภค,,,ชิ้น                ,8.85082E+12,100,NULL,FALSE,FALSE,NULL,,,NULL,NULL,NULL,NULL,NULL,NULL,1,NULL
1902,1000,101913,KA วิฟโฟมล้างหน้า 50 g,NULL,NULL,NULL,NULL,เครื่องสำอางและสินค้าอุปโภคบริโภค,,,ชิ้น                ,8.85082E+12,100,NULL,FALSE,FALSE,NULL,,,NULL,NULL,NULL,NULL,NULL,NULL,1,NULL
1903,1000,101914,Senka Perfect Whip White Clay,NULL,NULL,NULL,NULL,เครื่องสำอางและสินค้าอุปโภคบริโภค,,,ชิ้น                ,4.90187E+12,100,NULL,FALSE,FALSE,NULL,,,NULL,NULL,NULL,NULL,NULL,NULL,1,NULL
1904,1000,101915,Senka Perfect Whip Collage,NULL,NULL,NULL,NULL,เครื่องสำอางและสินค้าอุปโภคบริโภค,,,ชิ้น                ,4.90187E+12,100,NULL,FALSE,FALSE,NULL,,,NULL,NULL,NULL,NULL,NULL,NULL,1,NULL
1905,1000,101916,Hya Cushion Facial Foam Cleanser 120ml Cathy Doll,ACETYLCYSTEINE,MOUTH/THROAT PREPARATIONS,ขย.9,NULL,เครื่องสำอางและสินค้าอุปโภคบริโภค,,,ขวด,8.85884E+12,100,NULL,FALSE,FALSE,NULL,,,60,NULL,NULL,NULL,NULL,NULL,1,NULL
1906,1000,101917,Acne Solution Serum Foam Cleanser 100ml (New Package) Cathy Doll,ACETYLCYSTEINE,ANTIDIARRHOEALS,ขย.9,NULL,เครื่องสำอางและสินค้าอุปโภคบริโภค,,,ขวด,8.8092E+12,100,NULL,FALSE,FALSE,NULL,,,60,NULL,NULL,NULL,NULL,NULL,1,NULL
1907,1000,101918,Make Up Remover Toner & Serum Foam Cleanser 100ml (New Package) Cathy Doll,ACETYLCYSTEINE,ANTIDIARRHOEALS,ขย.9,NULL,เครื่องสำอางและสินค้าอุปโภคบริโภค,,,ขวด,8.8092E+12,100,NULL,FALSE,FALSE,NULL,,,59,NULL,NULL,NULL,NULL,NULL,1,NULL
1908,1000,101919,Clean and Clear Natural Bright Face Wash 50 ml,ACETYLCYSTEINE,ANTIDIARRHOEALS,ขย.9,NULL,เครื่องสำอางและสินค้าอุปโภคบริโภค,,,ขวด,8.85001E+12,100,NULL,FALSE,FALSE,NULL,,,75,NULL,NULL,NULL,NULL,NULL,1,NULL
1909,1000,101920,Clean and Clear Foaming Face wash 50 ml,NULL,NULL,NULL,NULL,เครื่องสำอางและสินค้าอุปโภคบริโภค,,,ชิ้น                ,88531472,100,NULL,FALSE,FALSE,NULL,,,NULL,NULL,NULL,NULL,NULL,NULL,1,NULL
1910,1000,101921,Clean and Clear Morning Energy Gel Cleanser Energizing Berry 100 ml,NULL,NULL,NULL,NULL,เครื่องสำอางและสินค้าอุปโภคบริโภค,,,ชิ้น                ,8.85001E+12,100,NULL,FALSE,FALSE,NULL,,,NULL,NULL,NULL,NULL,NULL,NULL,1,NULL
1911,1000,101922,Clean and Clear Morning Energy Gel Cleanser Energizing Berry 100 ml,NULL,NULL,NULL,NULL,เครื่องสำอางและสินค้าอุปโภคบริโภค,,,ชิ้น                ,8.85001E+12,100,NULL,FALSE,FALSE,NULL,,,NULL,NULL,NULL,NULL,NULL,NULL,1,NULL
1912,1000,101923,Clean and Clear Morning Energy Gel Cleanser Brightening Lemon 100 ml,NULL,NULL,NULL,NULL,เครื่องสำอางและสินค้าอุปโภคบริโภค,,,ชิ้น                ,8.85001E+12,100,NULL,FALSE,FALSE,NULL,,,NULL,NULL,NULL,NULL,NULL,NULL,1,NULL
1913,1000,101924,คลีน & แคร์ดีพเคล็นซิ่งโลชั่น (ผิวผสม) 120 ml,NULL,NULL,NULL,NULL,เครื่องสำอางและสินค้าอุปโภคบริโภค,,,ชิ้น                ,8.85918E+12,100,NULL,FALSE,FALSE,NULL,,,NULL,NULL,NULL,NULL,NULL,NULL,1,NULL
1914,1000,101925,Baby Bright Watermelon & Hya Facial Foam,NULL,NULL,NULL,NULL,เครื่องสำอางและสินค้าอุปโภคบริโภค,,,ชิ้น                ,8.85884E+12,100,NULL,FALSE,FALSE,NULL,,,NULL,NULL,NULL,NULL,NULL,NULL,1,NULL
1915,1000,101926,POND'S White Beauty Facial Foam 15 g,NULL,NULL,NULL,NULL,เครื่องสำอางและสินค้าอุปโภคบริโภค,,,ชิ้น                ,8.85193E+12,100,NULL,FALSE,FALSE,NULL,,,NULL,NULL,NULL,NULL,NULL,NULL,1,NULL
1916,1000,101927,MAENAY Scrub Soap สบู่แม่นายขัดผิวขาว 50 g,ACETYLCYSTEINE,MOUTH/THROAT PREPARATIONS,ขย.9,NULL,เครื่องสำอางและสินค้าอุปโภคบริโภค,,,ขวด,6133,100,NULL,FALSE,FALSE,NULL,,,30,NULL,NULL,NULL,NULL,NULL,1,NULL
1917,1000,101928,เรยาฮานาโกะสบู่มะละกอ160กรัม,NULL,NULL,NULL,NULL,เครื่องสำอางและสินค้าอุปโภคบริโภค,,,ชิ้น                ,8.8589E+12,100,NULL,FALSE,FALSE,NULL,,,NULL,NULL,NULL,NULL,NULL,NULL,1,NULL
1918,1000,101929,แป้งหอมโรยตัวบลอสซั่มพิ้งค์โรส 100 กรัม,NULL,NULL,NULL,NULL,เครื่องสำอางและสินค้าอุปโภคบริโภค,,,ชิ้น                ,8.85918E+12,100,NULL,FALSE,FALSE,NULL,,,NULL,NULL,NULL,NULL,NULL,NULL,1,NULL
1919,1000,101930,ทานาคา ทัลคัม พาวเดอร์ 100 กรัม,NULL,NULL,NULL,NULL,เครื่องสำอางและสินค้าอุปโภคบริโภค,,,ชิ้น                ,8.85563E+12,100,NULL,FALSE,FALSE,NULL,,,NULL,NULL,NULL,NULL,NULL,NULL,1,NULL
1920,1000,101931,Sissano 60 g  ครีมมะละกอรอยดำตามตัว ขาวใน 3 วัน,NULL,NULL,NULL,NULL,เครื่องสำอางและสินค้าอุปโภคบริโภค,,,ชิ้น                ,1E+13,100,NULL,FALSE,FALSE,NULL,,,NULL,NULL,NULL,NULL,NULL,NULL,1,NULL
1921,1000,101932,C & E Rose & Strawberry Body Lotion 150ml Baby Bright,NULL,NULL,NULL,NULL,เครื่องสำอางและสินค้าอุปโภคบริโภค,,,ชิ้น                ,8.85884E+12,100,NULL,FALSE,FALSE,NULL,,,NULL,NULL,NULL,NULL,NULL,NULL,1,NULL
1922,1000,101933,UV+LED Nail Lamp เครื่อง UV อบเล็บ,NULL,NULL,NULL,NULL,เครื่องสำอางและสินค้าอุปโภคบริโภค,,,ชิ้น                ,4963,100,NULL,FALSE,FALSE,NULL,,,NULL,NULL,NULL,NULL,NULL,NULL,1,NULL
1923,1000,101934,เครื่องนวดหน้า ผลักครีม ยกกระชับ นวดหน้า สปาหน้า สปา SPA,NULL,NULL,NULL,NULL,เครื่องสำอางและสินค้าอุปโภคบริโภค,,,ชิ้น                ,6548,100,NULL,FALSE,FALSE,NULL,,,NULL,NULL,NULL,NULL,NULL,NULL,1,NULL
1924,1000,101935,Face Massage Beauty เครื่องนวดหน้าอัลตร้าโซนิค ผลักครีม กระชับรูขมขน มีถ่านพร้อมใช้ 1ก้อน,NULL,NULL,NULL,NULL,เครื่องสำอางและสินค้าอุปโภคบริโภค,,,ชิ้น                ,6.957E+12,100,NULL,FALSE,FALSE,NULL,,,NULL,NULL,NULL,NULL,NULL,NULL,1,NULL
1925,1000,101936,แป้ง ไวท์สปา ยูวี ไวท์ เพอร์ฟูม ทัล 200 กรัม,NULL,NULL,NULL,NULL,เครื่องสำอางและสินค้าอุปโภคบริโภค,,,ชิ้น                ,8.85918E+12,100,NULL,FALSE,FALSE,NULL,,,NULL,NULL,NULL,NULL,NULL,NULL,1,NULL
1926,1000,101937,แป้งหอมโรยตัว มิสทินไวท์สปาไวท์มัสค์200กรัม,NULL,NULL,NULL,NULL,เครื่องสำอางและสินค้าอุปโภคบริโภค,,,ขวด                 ,8.85918E+12,100,NULL,FALSE,FALSE,NULL,,,NULL,NULL,NULL,NULL,NULL,NULL,1,NULL
1927,1000,101938,มิสทีน แป้ง สวีท แอนด์ บิวตี้ฟูล เพอร์ฟูม ทัลค์ 200 กรัม,NULL,NULL,NULL,NULL,เครื่องสำอางและสินค้าอุปโภคบริโภค,,,ชิ้น                ,8.85918E+12,100,NULL,FALSE,FALSE,NULL,,,NULL,NULL,NULL,NULL,NULL,NULL,1,NULL
1928,1000,101939,แบ่งหอมโรยตัว กลิ่นแคทลียา เพอร์ฟูม ทัล 100 กรัม,NULL,NULL,NULL,NULL,เครื่องสำอางและสินค้าอุปโภคบริโภค,,,ชิ้น                ,8.85918E+12,100,NULL,FALSE,FALSE,NULL,,,NULL,NULL,NULL,NULL,NULL,NULL,1,NULL
1929,1000,101940,แป้งสวีท&บิวตี้ 100 กรัม,NULL,NULL,NULL,NULL,เครื่องสำอางและสินค้าอุปโภคบริโภค,,,ชิ้น                ,8.85918E+12,100,NULL,FALSE,FALSE,NULL,,,NULL,NULL,NULL,NULL,NULL,NULL,1,NULL
1930,1000,101941,เอบอนเน่เกลือสปาไวเทนนึ่งลูกพืชB3 350กรัม,NULL,NULL,NULL,NULL,เครื่องสำอางและสินค้าอุปโภคบริโภค,,,ชิ้น                ,8.85709E+12,100,NULL,FALSE,FALSE,NULL,,,NULL,NULL,NULL,NULL,NULL,NULL,1,NULL
1931,1000,101942,เดอลิเซ่เกลือสปาว่านหางจระเข้800กรัม,NULL,NULL,NULL,NULL,เครื่องสำอางและสินค้าอุปโภคบริโภค,,,ชิ้น                ,8.85895E+12,100,NULL,FALSE,FALSE,NULL,,,NULL,NULL,NULL,NULL,NULL,NULL,1,NULL
1932,1000,101943,แป้งหอมแคทลียา 400 กรัม,NULL,NULL,NULL,NULL,เครื่องสำอางและสินค้าอุปโภคบริโภค,,,ชิ้น                ,8.85918E+12,100,NULL,FALSE,FALSE,NULL,,,NULL,NULL,NULL,NULL,NULL,NULL,1,NULL
1933,1000,101944,แป้งเย็น Protex  บลอสซัม  280 กรัม ,NULL,NULL,ขย.9,NULL,เครื่องสำอางและสินค้าอุปโภคบริโภค,,,ขวด                 ,8.85001E+12,100,NULL,FALSE,FALSE,NULL,,,NULL,NULL,NULL,NULL,NULL,NULL,1,NULL
1934,1000,101945,แป้งเย็น Protex ฟลอรัล พิงค์ 280 กรัม ,NULL,NULL,ขย.9,NULL,เครื่องสำอางและสินค้าอุปโภคบริโภค,,,ขวด                 ,8.85001E+12,100,NULL,FALSE,FALSE,NULL,,,NULL,NULL,NULL,NULL,NULL,NULL,1,NULL
1935,1000,101946,แป้งเย็น นกแก้ว (ชมพู) 260 กรัม,NULL,NULL,NULL,NULL,เครื่องสำอางและสินค้าอุปโภคบริโภค,,,ขวด                 ,8.85193E+12,100,NULL,FALSE,FALSE,NULL,,,NULL,NULL,NULL,NULL,NULL,NULL,1,NULL
1936,1000,101947,LUOFMISS แฮนด์ครีม ครีมบำรุงผิวมือ ครีมทามือ สูตรผลไม้ 30 g. Moisture Hand Cream,NULL,NULL,NULL,NULL,เครื่องสำอางและสินค้าอุปโภคบริโภค,,,ชิ้น                ,6.94135E+12,100,NULL,FALSE,FALSE,NULL,,,NULL,NULL,NULL,NULL,NULL,NULL,1,NULL
1937,1000,101948,Polka ทาส้นเท้าแตก,NULL,NULL,NULL,NULL,เครื่องสำอางและสินค้าอุปโภคบริโภค,,,กล่อง               ,8.85082E+12,100,NULL,FALSE,FALSE,NULL,,,NULL,NULL,NULL,NULL,NULL,NULL,1,NULL
1938,1000,101949,นวดหน้าอกอิสมี 100g,NULL,NULL,NULL,NULL,เครื่องสำอางและสินค้าอุปโภคบริโภค,,,ชิ้น                ,8.85252E+12,100,NULL,FALSE,FALSE,NULL,,,NULL,NULL,NULL,NULL,NULL,NULL,1,NULL
1939,1000,101950,เอบอนเน่เกลือขัดผิวแตงโม350g,NULL,NULL,NULL,NULL,เครื่องสำอางและสินค้าอุปโภคบริโภค,,,ชิ้น                ,8.85709E+12,100,NULL,FALSE,FALSE,NULL,,,NULL,NULL,NULL,NULL,NULL,NULL,1,NULL
1940,1000,101951,เบซซี่เลอสกินบอดี้แว็กซ์/ 10แผ่น,NULL,NULL,NULL,NULL,เครื่องสำอางและสินค้าอุปโภคบริโภค,,,ชิ้น                ,8.85909E+12,100,NULL,FALSE,FALSE,NULL,,,NULL,NULL,NULL,NULL,NULL,NULL,1,NULL
1941,1000,101952,Moods Snail Gold Starry Facial Treatment Mask,NULL,NULL,NULL,NULL,เครื่องสำอางและสินค้าอุปโภคบริโภค,,,ชิ้น                ,8.85913E+12,100,NULL,FALSE,FALSE,NULL,,,NULL,NULL,NULL,NULL,NULL,NULL,1,NULL
1942,1000,101953,EAST SKIN Lemon Moisturizing Facial Mask,NULL,NULL,NULL,NULL,เครื่องสำอางและสินค้าอุปโภคบริโภค,,,ชิ้น                ,8.85913E+12,100,NULL,FALSE,FALSE,NULL,,,NULL,NULL,NULL,NULL,NULL,NULL,1,NULL
1943,1000,101954,โรจูคิสมาคหน้าสูตรแอคเน่25มล.,NULL,NULL,NULL,NULL,เครื่องสำอางและสินค้าอุปโภคบริโภค,,,ชิ้น                ,8.80947E+12,100,NULL,FALSE,FALSE,NULL,,,NULL,NULL,NULL,NULL,NULL,NULL,1,NULL
1944,1000,101955,โรจูคิสมาคหน้าสูตรเฟิร์ม25มล.,NULL,NULL,NULL,NULL,เครื่องสำอางและสินค้าอุปโภคบริโภค,,,ชิ้น                ,8.80906E+12,100,NULL,FALSE,FALSE,NULL,,,NULL,NULL,NULL,NULL,NULL,NULL,1,NULL
1945,1000,101956,Moods Watermelon Moist and Smooth,NULL,NULL,NULL,NULL,เครื่องสำอางและสินค้าอุปโภคบริโภค,,,ชิ้น                ,8.85913E+12,100,NULL,FALSE,FALSE,NULL,,,NULL,NULL,NULL,NULL,NULL,NULL,1,NULL
1946,1000,101957,mask  ส้ม,NULL,NULL,NULL,NULL,เครื่องสำอางและสินค้าอุปโภคบริโภค,,,ซอง                 ,8.85913E+12,100,NULL,FALSE,FALSE,NULL,,,NULL,NULL,NULL,NULL,NULL,NULL,1,NULL
1947,1000,101958,Tomato Mosisturizing,NULL,NULL,NULL,NULL,เครื่องสำอางและสินค้าอุปโภคบริโภค,,,ชิ้น                ,8.85913E+12,100,NULL,FALSE,FALSE,NULL,,,NULL,NULL,NULL,NULL,NULL,NULL,1,NULL
1948,1000,101959,Lively Carrot Mask 25g (EXP) Cathy Doll (F) Sweety Recipe,NULL,NULL,ขย.9,NULL,เครื่องสำอางและสินค้าอุปโภคบริโภค,,,ชิ้น                ,8.8094E+12,100,NULL,FALSE,FALSE,NULL,,,NULL,NULL,NULL,NULL,NULL,NULL,1,NULL
1949,1000,101960,mask cucumber แตงกวา,NULL,NULL,NULL,NULL,เครื่องสำอางและสินค้าอุปโภคบริโภค,,,ซอง                 ,8.85913E+12,100,NULL,FALSE,FALSE,NULL,,,NULL,NULL,NULL,NULL,NULL,NULL,1,NULL
1950,1000,101961,Shiny Purple Cabbage Mask 25g (EXP) Cathy Doll (F) Sweety Recipe,NULL,NULL,NULL,NULL,เครื่องสำอางและสินค้าอุปโภคบริโภค,,,ชิ้น                ,8.8094E+12,100,NULL,FALSE,FALSE,NULL,,,NULL,NULL,NULL,NULL,NULL,NULL,1,NULL
1951,1000,101962,BELOV ALOE VERA Moisturizing Facial Mask (JI0041As),NULL,NULL,NULL,NULL,เครื่องสำอางและสินค้าอุปโภคบริโภค,,,ชิ้น                ,8.85913E+12,100,NULL,FALSE,FALSE,NULL,,,NULL,NULL,NULL,NULL,NULL,NULL,1,NULL
1952,1000,101963,สบู่ไซโกโนะ60กรัม,NULL,NULL,NULL,NULL,เครื่องสำอางและสินค้าอุปโภคบริโภค,,,ชิ้น                ,5971,100,NULL,FALSE,FALSE,NULL,,,NULL,NULL,NULL,NULL,NULL,NULL,1,NULL
1953,1000,101965,มาดามเฮงไวท์สปาสูตร150กรัม,NULL,NULL,NULL,NULL,เครื่องสำอางและสินค้าอุปโภคบริโภค,,,ชิ้น                ,8.8535E+12,100,NULL,FALSE,FALSE,NULL,,,NULL,NULL,NULL,NULL,NULL,NULL,1,NULL
1954,1000,101967,ยาสีฟัน กลิ่นผลไม้ ฟันขาว ป้องกันฟันพุ ลดกลิ่นปาก องุ่น-น้ำผึ้ง,NULL,NULL,NULL,NULL,เครื่องสำอางและสินค้าอุปโภคบริโภค,,,ชิ้น                ,6.9737E+12,100,NULL,FALSE,FALSE,NULL,,,NULL,NULL,NULL,NULL,NULL,NULL,1,NULL
1955,1000,101968,ยาสีฟัน กลิ่นผลไม้ ฟันขาว ป้องกันฟันพุ ลดกลิ่นปาก พีช-น้ำผึ้ง,NULL,NULL,NULL,NULL,เครื่องสำอางและสินค้าอุปโภคบริโภค,,,ชิ้น                ,6.9737E+12,100,NULL,FALSE,FALSE,NULL,,,NULL,NULL,NULL,NULL,NULL,NULL,1,NULL
1956,1000,101969,เอ็ิกซ์คิวท์ มี ซิมพลี ยาสีฟัน สูตร เฮร์บ แอคทีฟ เฟรชฟันขาว 30 g.,NULL,NULL,NULL,NULL,เครื่องสำอางและสินค้าอุปโภคบริโภค,,,ชิ้น                ,8.85918E+12,100,NULL,FALSE,FALSE,NULL,,,NULL,NULL,NULL,NULL,NULL,NULL,1,NULL
1957,1000,101971,ซิสเท็มมา เชอร์รี่ บลอสซัม อัลตร้า แคร์&โพรเทคท์ 40 g,NULL,NULL,NULL,NULL,เครื่องสำอางและสินค้าอุปโภคบริโภค,,,ชิ้น                ,8.85E+12,100,NULL,FALSE,FALSE,NULL,,,NULL,NULL,NULL,NULL,NULL,NULL,1,NULL
1958,1000,101974,เอบีน่า - สบู่ทองคำ สำหรับหน้าฝ้า 30 g,NULL,NULL,NULL,NULL,เครื่องสำอางและสินค้าอุปโภคบริโภค,,,ชิ้น                ,8.85888E+12,100,NULL,FALSE,FALSE,NULL,,,NULL,NULL,NULL,NULL,NULL,NULL,1,NULL
1959,1000,101975,เดอลีฟสบู่ทับทิม100g,NULL,NULL,NULL,NULL,เครื่องสำอางและสินค้าอุปโภคบริโภค,,,ชิ้น                ,8.85924E+12,100,NULL,FALSE,FALSE,NULL,,,NULL,NULL,NULL,NULL,NULL,NULL,1,NULL
1960,1000,101983,เอ็กซ์คิวมีครีมบํารุงเส้นผมเอ็กซ์มอยส์ตร้าสีชมพู 220มล.,NULL,NULL,NULL,NULL,เครื่องสำอางและสินค้าอุปโภคบริโภค,,,ชิ้น                ,8.85114E+12,100,NULL,FALSE,FALSE,NULL,,,NULL,NULL,NULL,NULL,NULL,NULL,1,NULL
1961,1000,101984,แคร์บิวสเปรย์ผมลีฟออนแฮร์เคราติน 220 มล,NULL,NULL,NULL,NULL,เครื่องสำอางและสินค้าอุปโภคบริโภค,,,ชิ้น                ,8.85143E+12,100,NULL,FALSE,FALSE,NULL,,,NULL,NULL,NULL,NULL,NULL,NULL,1,NULL
1962,1000,101985,แคร์บิวแฮร์เซรั่มเคราติน280มล,NULL,NULL,NULL,NULL,เครื่องสำอางและสินค้าอุปโภคบริโภค,,,ชิ้น                ,8.85143E+12,100,NULL,FALSE,FALSE,NULL,,,NULL,NULL,NULL,NULL,NULL,NULL,1,NULL
1963,1000,101986,โลแลนลิควิดเจล200มล.,NULL,NULL,NULL,NULL,เครื่องสำอางและสินค้าอุปโภคบริโภค,,,ชิ้น                ,8.85046E+12,100,NULL,FALSE,FALSE,NULL,,,NULL,NULL,NULL,NULL,NULL,NULL,1,NULL
1964,1000,101987,Zilkopf Expert  18 Amino acid & Tsubaki Hair Serum เซรั่มบำรุงผม,NULL,NULL,NULL,NULL,เครื่องสำอางและสินค้าอุปโภคบริโภค,,,ชิ้น                ,8.85885E+12,100,NULL,FALSE,FALSE,NULL,,,NULL,NULL,NULL,NULL,NULL,NULL,1,NULL
1965,1000,101988,ดิ๊พโซ่จับลอนผมดัด150g,NULL,NULL,NULL,NULL,เครื่องสำอางและสินค้าอุปโภคบริโภค,,,ชิ้น                ,8.85052E+12,100,NULL,FALSE,FALSE,NULL,,,NULL,NULL,NULL,NULL,NULL,NULL,1,NULL
1966,1000,101989,ดิ๊ฟโซ่แอร์สเปรย์ซุปเปอร์สตรองโฮลด์สีชมพู220มล.,NULL,NULL,NULL,NULL,เครื่องสำอางและสินค้าอุปโภคบริโภค,,,ชิ้น                ,8.85052E+12,100,NULL,FALSE,FALSE,NULL,,,NULL,NULL,NULL,NULL,NULL,NULL,1,NULL
1967,1000,101990,แคริ่ง สเปร์ยแข็งฟ้า 120Iml(สเปรย์เขียว),NULL,NULL,NULL,NULL,เครื่องสำอางและสินค้าอุปโภคบริโภค,,,ชิ้น                ,8.85205E+12,100,NULL,FALSE,FALSE,NULL,,,NULL,NULL,NULL,NULL,NULL,NULL,1,NULL
1968,1000,101991,แคร์ริ่งสเปรย์แข็งม่วง120มล. (สเปรย์แดง),NULL,NULL,NULL,NULL,เครื่องสำอางและสินค้าอุปโภคบริโภค,,,ชิ้น                ,8.85205E+12,100,NULL,FALSE,FALSE,NULL,,,NULL,NULL,NULL,NULL,NULL,NULL,1,NULL
1969,1000,101992,แครึ่งจับลอนขาว350มล,NULL,NULL,NULL,NULL,เครื่องสำอางและสินค้าอุปโภคบริโภค,,,ชิ้น                ,8.85205E+12,100,NULL,FALSE,FALSE,NULL,,,NULL,NULL,NULL,NULL,NULL,NULL,1,NULL
1970,1000,101993,โลแลน ฟรีสไตล์ เจล สเปรย์ 215 มล  สีม่วง,NULL,NULL,NULL,NULL,เครื่องสำอางและสินค้าอุปโภคบริโภค,,,ชิ้น                ,8.85046E+12,100,NULL,FALSE,FALSE,NULL,,,NULL,NULL,NULL,NULL,NULL,NULL,1,NULL
1971,1000,101994,โลแลน ฟรีสไตล์ เจล สเปรย์ 215 มล  สีฟ้า,NULL,NULL,NULL,NULL,เครื่องสำอางและสินค้าอุปโภคบริโภค,,,ชิ้น                ,8.85046E+12,100,NULL,FALSE,FALSE,NULL,,,NULL,NULL,NULL,NULL,NULL,NULL,1,NULL
1972,1000,101995,แครึ่ง สเปร์ยแข็งม่วง220ml(สเปรย์แดง),NULL,NULL,NULL,NULL,เครื่องสำอางและสินค้าอุปโภคบริโภค,,,ชิ้น                ,8.85205E+12,100,NULL,FALSE,FALSE,NULL,,,NULL,NULL,NULL,NULL,NULL,NULL,1,NULL
1973,1000,101996,ดิ๊พโซ่ซีเคร็ทสมูทติ้งสูตรคอลลาเจน200ml.,NULL,NULL,NULL,NULL,เครื่องสำอางและสินค้าอุปโภคบริโภค,,,ชิ้น                ,8.85052E+12,100,NULL,FALSE,FALSE,NULL,,,NULL,NULL,NULL,NULL,NULL,NULL,1,NULL
1974,1000,101997,Caring Hair Expert D-Panthenol 130 ml,NULL,NULL,NULL,NULL,เครื่องสำอางและสินค้าอุปโภคบริโภค,,,ชิ้น                ,8.85205E+12,100,NULL,FALSE,FALSE,NULL,,,NULL,NULL,NULL,NULL,NULL,NULL,1,NULL
1975,1000,101998,Tros Super Hold  สีม่วง 45 g,NULL,NULL,NULL,NULL,เครื่องสำอางและสินค้าอุปโภคบริโภค,,,ชิ้น                ,8.85199E+12,100,NULL,FALSE,FALSE,NULL,,,NULL,NULL,NULL,NULL,NULL,NULL,1,NULL
1976,1000,101999,ดิ๊ฟโซ่สเปรย์ฝุ่นเจสซีก้า350ml,NULL,NULL,NULL,NULL,เครื่องสำอางและสินค้าอุปโภคบริโภค,,,ชิ้น                ,8.85052E+12,100,NULL,FALSE,FALSE,NULL,,,NULL,NULL,NULL,NULL,NULL,NULL,1,NULL
1977,1000,102000,ดีแคชสเปรย์ฝุ่นส้ม-เงา400มล.,NULL,NULL,NULL,NULL,เครื่องสำอางและสินค้าอุปโภคบริโภค,,,ชิ้น                ,8.85114E+12,100,NULL,FALSE,FALSE,NULL,,,NULL,NULL,NULL,NULL,NULL,NULL,1,NULL
1978,1000,102001,spvสเปรย์ฝุ่น320ml,NULL,NULL,NULL,NULL,เครื่องสำอางและสินค้าอุปโภคบริโภค,,,ชิ้น                ,8.85873E+12,100,NULL,FALSE,FALSE,NULL,,,NULL,NULL,NULL,NULL,NULL,NULL,1,NULL
1979,1000,102002,โลแลนแฮร์สเปรย์ทอง350กรัม,NULL,NULL,NULL,NULL,เครื่องสำอางและสินค้าอุปโภคบริโภค,,,ชิ้น                ,8.85046E+12,100,NULL,FALSE,FALSE,NULL,,,NULL,NULL,NULL,NULL,NULL,NULL,1,NULL
1980,1000,102003,แคริ่ง มูสชมพู 220มล,NULL,NULL,NULL,NULL,เครื่องสำอางและสินค้าอุปโภคบริโภค,,,ชิ้น                ,8.85205E+12,100,NULL,FALSE,FALSE,NULL,,,NULL,NULL,NULL,NULL,NULL,NULL,1,NULL
1981,1000,102004,เบอริน่า มูสชมพู220มลsale,NULL,NULL,NULL,NULL,เครื่องสำอางและสินค้าอุปโภคบริโภค,,,ชิ้น                ,8.8504E+12,100,NULL,FALSE,FALSE,NULL,,,NULL,NULL,NULL,NULL,NULL,NULL,1,NULL
1982,1000,102005,เบอริน่ามูส ชมพู 130มล.sale,NULL,NULL,NULL,NULL,เครื่องสำอางและสินค้าอุปโภคบริโภค,,,ชิ้น                ,8.8504E+12,100,NULL,FALSE,FALSE,NULL,,,NULL,NULL,NULL,NULL,NULL,NULL,1,NULL
1983,1000,102006,FGแฮร์ เพอร์เฟ็คเตอร์พีเอช บาลานซ์ แฮร์ (No.3) 170 มล.,NULL,NULL,NULL,NULL,เครื่องสำอางและสินค้าอุปโภคบริโภค,,,ชิ้น                ,8.85888E+12,100,NULL,FALSE,FALSE,NULL,,,NULL,NULL,NULL,NULL,NULL,NULL,1,NULL
1984,1000,102007,FGเพอร์เฟ็ก โปรตีน แฮร์ เซรั่ม (No.2) 170 มล.,NULL,NULL,NULL,NULL,เครื่องสำอางและสินค้าอุปโภคบริโภค,,,ชิ้น                ,8.85888E+12,100,NULL,FALSE,FALSE,NULL,,,NULL,NULL,NULL,NULL,NULL,NULL,1,NULL
1985,1000,102008,FGเพอร์เฟ็ค แฮร์รีแพร์(No.1) 170 มล.,NULL,NULL,NULL,NULL,เครื่องสำอางและสินค้าอุปโภคบริโภค,,,ชิ้น                ,8.85888E+12,100,NULL,FALSE,FALSE,NULL,,,NULL,NULL,NULL,NULL,NULL,NULL,1,NULL
1986,1000,102009,LLพิกเซลออพติมัมฮีท200มล.,NULL,NULL,NULL,NULL,เครื่องสำอางและสินค้าอุปโภคบริโภค,,,ชิ้น                ,8.85046E+12,100,NULL,FALSE,FALSE,NULL,,,NULL,NULL,NULL,NULL,NULL,NULL,1,NULL
1987,1000,102010,BSC All Day Repair Hair Cream 120 ml ครีมบำรุงผมไม่ต้องล้างออก,NULL,NULL,NULL,NULL,เครื่องสำอางและสินค้าอุปโภคบริโภค,,,ชิ้น                ,8.85253E+12,100,NULL,FALSE,FALSE,NULL,,,NULL,NULL,NULL,NULL,NULL,NULL,1,NULL
1988,1000,102011,(แชมพูชิง) เอ็กซ์คิวท์ มี ซิมพลี จึงเจอร์ แชมพู 85 กรัม,NULL,NULL,NULL,NULL,เครื่องสำอางและสินค้าอุปโภคบริโภค,,,ชิ้น                ,8.85918E+12,100,NULL,FALSE,FALSE,NULL,,,NULL,NULL,NULL,NULL,NULL,NULL,1,NULL
1989,1000,102012,(แชมพูดอกโบตั๋น)เอ็กซ์คิวท์ มีซิมพลี โบตั๋น เซนซิที่ฟ แคร์ แชมพู  85 กรัม,NULL,NULL,NULL,NULL,เครื่องสำอางและสินค้าอุปโภคบริโภค,,,ชิ้น                ,8.85918E+12,100,NULL,FALSE,FALSE,NULL,,,NULL,NULL,NULL,NULL,NULL,NULL,1,NULL
1990,1000,102013,(แซมพูอัญชัน) เอ็กซ์คิวท์ มี ซิมพลี บัตเตอร์ฟลาย พี แชมพู 85 กรัม,NULL,NULL,NULL,NULL,เครื่องสำอางและสินค้าอุปโภคบริโภค,,,ชิ้น                ,8.85918E+12,100,NULL,FALSE,FALSE,NULL,,,NULL,NULL,NULL,NULL,NULL,NULL,1,NULL
1991,1000,102014,BoYA Q 10 Shampoo 500 ml Karmart,NULL,NULL,NULL,NULL,เครื่องสำอางและสินค้าอุปโภคบริโภค,,,ชิ้น                ,8.85884E+12,100,NULL,FALSE,FALSE,NULL,,,NULL,NULL,NULL,NULL,NULL,NULL,1,NULL
1992,1000,102017,Lolane For Color Care 50 ml สำหรับผมทำสี,NULL,NULL,NULL,NULL,เครื่องสำอางและสินค้าอุปโภคบริโภค,,,ชิ้น                ,8.85046E+12,100,NULL,FALSE,FALSE,NULL,,,NULL,NULL,NULL,NULL,NULL,NULL,1,NULL
1993,1000,102018,ซันออน โสม,NULL,NULL,NULL,NULL,เครื่องสำอางและสินค้าอุปโภคบริโภค,,,ขวด                 ,8.85512E+12,100,NULL,FALSE,FALSE,NULL,,,NULL,NULL,NULL,NULL,NULL,NULL,1,NULL
1994,1000,102019,ซันออนแฮร์โทนิกชาเขียว100 มล,NULL,NULL,NULL,NULL,เครื่องสำอางและสินค้าอุปโภคบริโภค,,,ชิ้น                ,8.85512E+12,100,NULL,FALSE,FALSE,NULL,,,NULL,NULL,NULL,NULL,NULL,NULL,1,NULL
1995,1000,102020,ซันออนแฮร์โทนิกสาหร่าย100 มล.,NULL,NULL,NULL,NULL,เครื่องสำอางและสินค้าอุปโภคบริโภค,,,ชิ้น                ,8.85512E+12,100,NULL,FALSE,FALSE,NULL,,,NULL,NULL,NULL,NULL,NULL,NULL,1,NULL
1996,1000,102021,ซันออนแฮร์โทนิกทานตะวัน100 มล.,NULL,NULL,NULL,NULL,เครื่องสำอางและสินค้าอุปโภคบริโภค,,,ชิ้น                ,8.85512E+12,100,NULL,FALSE,FALSE,NULL,,,NULL,NULL,NULL,NULL,NULL,NULL,1,NULL
1997,1000,102022,ลีกาโน่วิตามินผมทานตะวัน120มล.,NULL,NULL,NULL,NULL,เครื่องสำอางและสินค้าอุปโภคบริโภค,,,ชิ้น                ,8.85668E+12,100,NULL,FALSE,FALSE,NULL,,,NULL,NULL,NULL,NULL,NULL,NULL,1,NULL
1998,1000,102023,แชมพูเด็กน่ารักบลูเบอรี่สีฟ้า) 200 มล.,NULL,NULL,NULL,NULL,เครื่องสำอางและสินค้าอุปโภคบริโภค,,,ชิ้น                ,8.85009E+12,100,NULL,FALSE,FALSE,NULL,,,NULL,NULL,NULL,NULL,NULL,NULL,1,NULL
1999,1000,102024,แชมพูเด็กน่ารักมายค์ (สีเหลือง)200 มล.,NULL,NULL,NULL,NULL,เครื่องสำอางและสินค้าอุปโภคบริโภค,,,ชิ้น                ,8.85009E+12,100,NULL,FALSE,FALSE,NULL,,,NULL,NULL,NULL,NULL,NULL,NULL,1,NULL
2000,1000,102025,แชมพูเด็กน่ารักมังคุด200มล.,NULL,NULL,NULL,NULL,เครื่องสำอางและสินค้าอุปโภคบริโภค,,,ชิ้น                ,8.85009E+12,100,NULL,FALSE,FALSE,NULL,,,NULL,NULL,NULL,NULL,NULL,NULL,1,NULL
2001,1000,102026,แอทแทค 3D ถุง770มล.,NULL,NULL,NULL,NULL,เครื่องสำอางและสินค้าอุปโภคบริโภค,,,ชิ้น                ,8.85182E+12,100,NULL,FALSE,FALSE,NULL,,,NULL,NULL,NULL,NULL,NULL,NULL,1,NULL
2002,1000,102027,แอทแทค3Dทรีดีสปอร์ตสูตรน้ำ720มล,NULL,NULL,NULL,NULL,เครื่องสำอางและสินค้าอุปโภคบริโภค,,,ชิ้น                ,8.85182E+12,100,NULL,FALSE,FALSE,NULL,,,NULL,NULL,NULL,NULL,NULL,NULL,1,NULL
2003,1000,102028,แอทแทค3dซอฟแดงสูตรน้ำถุง720มล. Sale,NULL,NULL,NULL,NULL,เครื่องสำอางและสินค้าอุปโภคบริโภค,,,ชิ้น                ,8.85182E+12,100,NULL,FALSE,FALSE,NULL,,,NULL,NULL,NULL,NULL,NULL,NULL,1,NULL
2004,1000,102029,ดาวน์นี่ซักผ้าตากในที่ร่มเขียวถุง600มล,NULL,NULL,NULL,NULL,เครื่องสำอางและสินค้าอุปโภคบริโภค,,,ชิ้น                ,4.90243E+12,100,NULL,FALSE,FALSE,NULL,,,NULL,NULL,NULL,NULL,NULL,NULL,1,NULL
2005,1000,102030,ดาวนี่ซักผ้าการ์เด้นท์บลูม550มล,NULL,NULL,NULL,NULL,เครื่องสำอางและสินค้าอุปโภคบริโภค,,,ชิ้น                ,4.98718E+12,100,NULL,FALSE,FALSE,NULL,,,NULL,NULL,NULL,NULL,NULL,NULL,1,NULL
2006,1000,102031,แพนทีน โปร วี ไมเซล่า ดีทอกซ์ แอนด์ เพียวริฟาย แอลจีเอกซ์แทรก สคาร์ป แชมพู 300 ml,NULL,NULL,NULL,NULL,เครื่องสำอางและสินค้าอุปโภคบริโภค,,,ชิ้น                ,6.90315E+12,100,NULL,FALSE,FALSE,NULL,,,NULL,NULL,NULL,NULL,NULL,NULL,1,NULL
2007,1000,102032,แพนทีน โปร วี ไมเซล่า ดีทอกซ์ แอนด์ ไฮเดรต โรส วอเตอร์เอกซ์แทรก ไลท์ คอนดิชันเนอร์ 300 ml,NULL,NULL,NULL,NULL,เครื่องสำอางและสินค้าอุปโภคบริโภค,,,ชิ้น                ,4.90243E+12,100,NULL,FALSE,FALSE,NULL,,,NULL,NULL,NULL,NULL,NULL,NULL,1,NULL
2008,1000,102033,แพนทีน โปร วี ไมเซล่า ดีทอกซ์ แอนด์ สคาร์ป คลีนซ์ ไวท์ ชาโค เอกซ์แทรก สคาร์ป แมพู 300 ml,NULL,NULL,NULL,NULL,เครื่องสำอางและสินค้าอุปโภคบริโภค,,,ชิ้น                ,4.90243E+12,100,NULL,FALSE,FALSE,NULL,,,NULL,NULL,NULL,NULL,NULL,NULL,1,NULL
2009,1000,102034,แพนทีน โปร วี ไมเซล่า ดีทอกซ์ แอนด์ เพียวริฟาย แอลจีเอกซ์แทรก ไลท์ คอนดิชันเนอร์ 300 ml,NULL,NULL,NULL,NULL,เครื่องสำอางและสินค้าอุปโภคบริโภค,,,ชิ้น                ,6.90315E+12,100,NULL,FALSE,FALSE,NULL,,,NULL,NULL,NULL,NULL,NULL,NULL,1,NULL
2010,1000,102035,แพนทีน โปร วี ไมเซล่า ดีทอกซ์ แอนด์ ไฮเดรต โรส วอเตอร์เอกซ์แทรก สคาร์ป แมพู 300 ml,NULL,NULL,NULL,NULL,เครื่องสำอางและสินค้าอุปโภคบริโภค,,,ชิ้น                ,4.90243E+12,100,NULL,FALSE,FALSE,NULL,,,NULL,NULL,NULL,NULL,NULL,NULL,1,NULL
2011,1000,102036,เอ็กซ์คิวท์มีแชมพู+ทรีทเมันท์ซิมพลีบัตเตอร์ฟลาย 320 กรัม.,NULL,NULL,NULL,NULL,เครื่องสำอางและสินค้าอุปโภคบริโภค,,,ชิ้น                ,8.85918E+12,100,NULL,FALSE,FALSE,NULL,,,NULL,NULL,NULL,NULL,NULL,NULL,1,NULL
2012,1000,102037,มิสทิน เดอะ โมเดิร์น บาย โปรเฟสชั่นแนล แซมพู 350 ม,NULL,NULL,NULL,NULL,เครื่องสำอางและสินค้าอุปโภคบริโภค,,,ชิ้น                ,8.85563E+12,100,NULL,FALSE,FALSE,NULL,,,NULL,NULL,NULL,NULL,NULL,NULL,1,NULL
2013,1000,102038,ดอกบัวคู่แชมพูซีรั่ม450 มล(ผมทําสีผมดัด),NULL,NULL,NULL,NULL,เครื่องสำอางและสินค้าอุปโภคบริโภค,,,ชิ้น                ,8.85035E+12,100,NULL,FALSE,FALSE,NULL,,,NULL,NULL,NULL,NULL,NULL,NULL,1,NULL
2014,1000,102039,แคร์บิวแชมพูแฟนตาซี ไบโอติน&อัลมอนด์400กรัม,NULL,NULL,NULL,NULL,เครื่องสำอางและสินค้าอุปโภคบริโภค,,,ชิ้น                ,8.85143E+12,100,NULL,FALSE,FALSE,NULL,,,NULL,NULL,NULL,NULL,NULL,NULL,1,NULL
2015,1000,102040,ลอรีอัลแฮร์สปาดีเอ็กซ์500ml(น้ำเงิน),NULL,NULL,NULL,NULL,เครื่องสำอางและสินค้าอุปโภคบริโภค,,,ชิ้น                ,6.95582E+12,100,NULL,FALSE,FALSE,NULL,,,NULL,NULL,NULL,NULL,NULL,NULL,1,NULL
2016,1000,102041,โอเคเฮอร์เบิ้ลทรีทเม้นท์250มล,NULL,NULL,NULL,NULL,เครื่องสำอางและสินค้าอุปโภคบริโภค,,,ชิ้น                ,8.85183E+12,100,NULL,FALSE,FALSE,NULL,,,NULL,NULL,NULL,NULL,NULL,NULL,1,NULL
2017,1000,102042,ทองสุขทรีทเม้นท์มะกรูดว่านหางจระเข้250มล. (แคร์บิว),NULL,NULL,NULL,NULL,เครื่องสำอางและสินค้าอุปโภคบริโภค,,,ชิ้น                ,8.85143E+12,100,NULL,FALSE,FALSE,NULL,,,NULL,NULL,NULL,NULL,NULL,NULL,1,NULL
2018,1000,102043,LLอินเทนซ์แคร์200กรัมผมแห้งเสีย(ฟ้า),NULL,NULL,NULL,NULL,เครื่องสำอางและสินค้าอุปโภคบริโภค,,,ชิ้น                ,8.85046E+12,100,NULL,FALSE,FALSE,NULL,,,NULL,NULL,NULL,NULL,NULL,NULL,1,NULL
2019,1000,102044,Modern by professionnal 150 g,NULL,NULL,NULL,NULL,เครื่องสำอางและสินค้าอุปโภคบริโภค,,,ชิ้น                ,8.85563E+12,100,NULL,FALSE,FALSE,NULL,,,NULL,NULL,NULL,NULL,NULL,NULL,1,NULL
2020,1000,102045,เอ็กซ์คิวท์ มี เอ็กซ์ตร้า มอยส์ แฮร์ ทวีทเม้นท์ 250 ml,NULL,NULL,NULL,NULL,เครื่องสำอางและสินค้าอุปโภคบริโภค,,,ชิ้น                ,8.85918E+12,100,NULL,FALSE,FALSE,NULL,,,NULL,NULL,NULL,NULL,NULL,NULL,1,NULL
2021,1000,102046,X cute me hair treatment 250 ml.,NULL,NULL,NULL,NULL,เครื่องสำอางและสินค้าอุปโภคบริโภค,,,ชิ้น                ,8.85918E+12,100,NULL,FALSE,FALSE,NULL,,,NULL,NULL,NULL,NULL,NULL,NULL,1,NULL
2022,1000,102047,เอ็กซ์คิวมีทรีทเม้นท์เอ็กซ์ ตร้าแดเมทสีเขียว 250มล,NULL,NULL,NULL,NULL,เครื่องสำอางและสินค้าอุปโภคบริโภค,,,ชิ้น                ,8.85918E+12,100,NULL,FALSE,FALSE,NULL,,,NULL,NULL,NULL,NULL,NULL,NULL,1,NULL
2023,1000,102048,แฮรเบสท์ แฮร์ ลอส คอนโทรล คอนดิชั้นเนอร์ 250 มล.,NULL,NULL,NULL,NULL,เครื่องสำอางและสินค้าอุปโภคบริโภค,,,ชิ้น                ,8.85918E+12,100,NULL,FALSE,FALSE,NULL,,,NULL,NULL,NULL,NULL,NULL,NULL,1,NULL
2024,1000,102049,ลอริอัลครีมบํารุงเอลเชฟคัลเลอร์โปรเทคสีแดง 450 มล.,NULL,NULL,NULL,NULL,เครื่องสำอางและสินค้าอุปโภคบริโภค,,,ชิ้น                ,8.9923E+12,100,NULL,FALSE,FALSE,NULL,,,NULL,NULL,NULL,NULL,NULL,NULL,1,NULL
2025,1000,102050,ลอรีอัลแอลแซฟฟอลรีซิสท์นวด ดํา450มล.,NULL,NULL,NULL,NULL,เครื่องสำอางและสินค้าอุปโภคบริโภค,,,ชิ้น                ,8.9923E+12,100,NULL,FALSE,FALSE,NULL,,,NULL,NULL,NULL,NULL,NULL,NULL,1,NULL
2026,1000,102051,ลอรีอัลแอลแซฟฟอลรีซิสท์นวด ดํา450มล.,NULL,NULL,NULL,NULL,เครื่องสำอางและสินค้าอุปโภคบริโภค,,,ชิ้น                ,8.9923E+12,100,NULL,FALSE,FALSE,NULL,,,NULL,NULL,NULL,NULL,NULL,NULL,1,NULL
2027,1000,102052,ลอรีอัลแฮร์สปาดีพนูริชชี่ 600 มล.,NULL,NULL,NULL,NULL,เครื่องสำอางและสินค้าอุปโภคบริโภค,,,ชิ้น                ,6.95582E+12,100,NULL,FALSE,FALSE,NULL,,,NULL,NULL,NULL,NULL,NULL,NULL,1,NULL
2028,1000,102053,PTNครีมนวดเดลิ่มอยล์ 410มล,NULL,NULL,NULL,NULL,เครื่องสำอางและสินค้าอุปโภคบริโภค,,,ชิ้น                ,4.90243E+12,100,NULL,FALSE,FALSE,NULL,,,NULL,NULL,NULL,NULL,NULL,NULL,1,NULL
2029,1000,102054,โฮมน้ำยาปรับผ้านุ่มเด็กซอฟเทนเนอร์ถุง600มล,NULL,NULL,NULL,NULL,เครื่องสำอางและสินค้าอุปโภคบริโภค,,,ชิ้น                ,8.85183E+12,100,NULL,FALSE,FALSE,NULL,,,NULL,NULL,NULL,NULL,NULL,NULL,1,NULL
2030,1000,102055,วิซถูพื้นชมพู450มล,NULL,NULL,NULL,NULL,เครื่องสำอางและสินค้าอุปโภคบริโภค,,,ชิ้น                ,8.85009E+12,100,NULL,FALSE,FALSE,NULL,,,NULL,NULL,NULL,NULL,NULL,NULL,1,NULL
2031,1000,102056,วิซถูพื้นม่วง450มล,NULL,NULL,NULL,NULL,เครื่องสำอางและสินค้าอุปโภคบริโภค,,,ชิ้น                ,8.85009E+12,100,NULL,FALSE,FALSE,NULL,,,NULL,NULL,NULL,NULL,NULL,NULL,1,NULL
2032,1000,102057,บรีส เอกเซล ซอง,NULL,NULL,NULL,NULL,เครื่องสำอางและสินค้าอุปโภคบริโภค,,,ซอง                 ,8.85193E+12,100,NULL,FALSE,FALSE,NULL,,,NULL,NULL,NULL,NULL,NULL,NULL,1,NULL
2033,1000,102058,คอมฟอร์ดสูตรมาตรฐานสีฟ้า580มล,NULL,NULL,NULL,NULL,เครื่องสำอางและสินค้าอุปโภคบริโภค,,,ชิ้น                ,8.85193E+12,100,NULL,FALSE,FALSE,NULL,,,NULL,NULL,NULL,NULL,NULL,NULL,1,NULL
2034,1000,102059,คอมฟอร์ทสูตรมาตรสีแดงร80มล.,NULL,NULL,NULL,NULL,เครื่องสำอางและสินค้าอุปโภคบริโภค,,,ชิ้น                ,8.85193E+12,100,NULL,FALSE,FALSE,NULL,,,NULL,NULL,NULL,NULL,NULL,NULL,1,NULL
2035,1000,102060,ไฮยีน รีดเรียบ ฟ้า550มล (ซอง),NULL,NULL,NULL,NULL,เครื่องสำอางและสินค้าอุปโภคบริโภค,,,ชิ้น                ,8.85009E+12,100,NULL,FALSE,FALSE,NULL,,,NULL,NULL,NULL,NULL,NULL,NULL,1,NULL
2036,1000,102061,ไฮคลาสปรับผ้านุ่มเหลือง,NULL,NULL,NULL,NULL,เครื่องสำอางและสินค้าอุปโภคบริโภค,,,ชิ้น                ,8.85E+12,100,NULL,FALSE,FALSE,NULL,,,NULL,NULL,NULL,NULL,NULL,NULL,1,NULL
2037,1000,102062,สมุทติ้ง แวกซ์ สทริพส์ 20ชิ้น,NULL,NULL,NULL,NULL,เครื่องสำอางและสินค้าอุปโภคบริโภค,,,ชิ้น                ,8.85918E+12,100,NULL,FALSE,FALSE,NULL,,,NULL,NULL,NULL,NULL,NULL,NULL,1,NULL
2038,1000,102063,กําจัดขนออลแว็กซ์ออเร้นเซท2ชิ้น,NULL,NULL,NULL,NULL,เครื่องสำอางและสินค้าอุปโภคบริโภค,,,ชิ้น                ,8.85713E+12,100,NULL,FALSE,FALSE,NULL,,,NULL,NULL,NULL,NULL,NULL,NULL,1,NULL
2039,1000,102064,กําจัดขนออลแว็กซ์อโรเวร่าเซท2ชิ้น,NULL,NULL,NULL,NULL,เครื่องสำอางและสินค้าอุปโภคบริโภค,,,ชิ้น                ,8.85713E+12,100,NULL,FALSE,FALSE,NULL,,,NULL,NULL,NULL,NULL,NULL,NULL,1,NULL
2040,1000,102065,กําจัดขนออลแว็กซ์บลูเซทเวชิ้น,NULL,NULL,NULL,NULL,เครื่องสำอางและสินค้าอุปโภคบริโภค,,,ชิ้น                ,8.85713E+12,100,NULL,FALSE,FALSE,NULL,,,NULL,NULL,NULL,NULL,NULL,NULL,1,NULL
2041,1000,102066,จัสท์สปลิด&ดีฟรีแพร์แฮร์มาส์กบํารุงปลายผม 20ก รัม,NULL,NULL,NULL,NULL,เครื่องสำอางและสินค้าอุปโภคบริโภค,,,ชิ้น                ,8.85929E+12,100,NULL,FALSE,FALSE,NULL,,,NULL,NULL,NULL,NULL,NULL,NULL,1,NULL
2042,1000,102067,จัสท์เคราตินแอร์มาสก์ซอง35มล.,NULL,NULL,NULL,NULL,เครื่องสำอางและสินค้าอุปโภคบริโภค,,,ชิ้น                ,8.85929E+12,100,NULL,FALSE,FALSE,NULL,,,NULL,NULL,NULL,NULL,NULL,NULL,1,NULL
2043,1000,102068,ซันไลต์ แอนตี้แบค 750 มล.หัวปั้ม,NULL,NULL,NULL,NULL,เครื่องสำอางและสินค้าอุปโภคบริโภค,,,ขวด                 ,8.85193E+12,100,NULL,FALSE,FALSE,NULL,,,NULL,NULL,NULL,NULL,NULL,NULL,1,NULL
2044,1000,102069,ซันไลต์เลมอนเทอร์โบ485มล.,NULL,NULL,NULL,NULL,เครื่องสำอางและสินค้าอุปโภคบริโภค,,,ชิ้น                ,8.85193E+12,100,NULL,FALSE,FALSE,NULL,,,NULL,NULL,NULL,NULL,NULL,NULL,1,NULL
2045,1000,102070,ไลปอนเอฟ สูตรอนามัย 500 มล.,NULL,NULL,NULL,NULL,เครื่องสำอางและสินค้าอุปโภคบริโภค,,,ขวด                 ,8.85E+12,100,NULL,FALSE,FALSE,NULL,,,NULL,NULL,NULL,NULL,NULL,NULL,1,NULL
2046,1000,102071,Butae Super Oil Control Poeder 14 g No. 03,NULL,NULL,NULL,NULL,เครื่องสำอางและสินค้าอุปโภคบริโภค,,,ชิ้น                ,3417,100,NULL,FALSE,FALSE,NULL,,,NULL,NULL,NULL,NULL,NULL,NULL,1,NULL
2047,1000,102072,Butae Super Oil Control Poeder 14 g No. 02,NULL,NULL,NULL,NULL,เครื่องสำอางและสินค้าอุปโภคบริโภค,,,ชิ้น                ,8.85072E+12,100,NULL,FALSE,FALSE,NULL,,,NULL,NULL,NULL,NULL,NULL,NULL,1,NULL
2048,1000,102073,Butae Super Oil Control Poeder 14 g No. 01,NULL,NULL,NULL,NULL,เครื่องสำอางและสินค้าอุปโภคบริโภค,,,ชิ้น                ,8.85072E+12,100,NULL,FALSE,FALSE,NULL,,,NULL,NULL,NULL,NULL,NULL,NULL,1,NULL
2049,1000,102074,Butae Since 19957 Oil Control Powder 17 g No.02,NULL,NULL,NULL,NULL,เครื่องสำอางและสินค้าอุปโภคบริโภค,,,ชิ้น                ,8.85383E+12,100,NULL,FALSE,FALSE,NULL,,,NULL,NULL,NULL,NULL,NULL,NULL,1,NULL
2050,1000,102075,Butae Vitamin C Double Moisture Powder 11 g  No. 01,NULL,NULL,NULL,NULL,เครื่องสำอางและสินค้าอุปโภคบริโภค,,,ชิ้น                ,8.85072E+12,100,NULL,FALSE,FALSE,NULL,,,NULL,NULL,NULL,NULL,NULL,NULL,1,NULL
2051,1000,102076,Zendori SPF30 Extra Cover Foundation No.01,NULL,NULL,NULL,NULL,เครื่องสำอางและสินค้าอุปโภคบริโภค,,,ชิ้น                ,8.8532E+12,100,NULL,FALSE,FALSE,NULL,,,NULL,NULL,NULL,NULL,NULL,NULL,1,NULL
2052,1000,102077,Zendori  UV Oil Free เบอร์ 01,NULL,NULL,NULL,NULL,เครื่องสำอางและสินค้าอุปโภคบริโภค,,,ชิ้น                ,8.8532E+12,100,NULL,FALSE,FALSE,NULL,,,NULL,NULL,NULL,NULL,NULL,NULL,1,NULL
2053,1000,102078,ไลฟ์ฟอร์ด ปารีส ซอฟท์ ทัช พาวเดอร์ SPF 15 PA++  8 g. No.03,NULL,NULL,NULL,NULL,เครื่องสำอางและสินค้าอุปโภคบริโภค,,,ชิ้น                ,8.85807E+12,100,NULL,FALSE,FALSE,NULL,,,NULL,NULL,NULL,NULL,NULL,NULL,1,NULL
2054,1000,102079,ไลฟ์ฟอร์ด ปารีส ซอฟท์ ทัช พาวเดอร์ SPF 15 PA++  8 g. No.01,NULL,NULL,NULL,NULL,เครื่องสำอางและสินค้าอุปโภคบริโภค,,,ชิ้น                ,8.85807E+12,100,NULL,FALSE,FALSE,NULL,,,NULL,NULL,NULL,NULL,NULL,NULL,1,NULL
2055,1000,102080,ยูสตาร์ ซีลด์ ซัน โปร คอมแพ็ค เอสพีเอฟ 50 พีเอ ++++,NULL,NULL,NULL,NULL,เครื่องสำอางและสินค้าอุปโภคบริโภค,,,ชิ้น                ,8.85696E+12,100,NULL,FALSE,FALSE,NULL,,,NULL,NULL,NULL,NULL,NULL,NULL,1,NULL
2056,1000,102081,Maybelline New York แป้งคุมมัน 24 ชม.ทนเหงื่อ ทนน้ำ กันแดด SPF 32 PA+++ No.02,NULL,NULL,NULL,NULL,เครื่องสำอางและสินค้าอุปโภคบริโภค,,,ชิ้น                ,8.9923E+12,100,NULL,FALSE,FALSE,NULL,,,NULL,NULL,NULL,NULL,NULL,NULL,1,NULL
2057,1000,102082,Maybelline New York แป้งคุมมัน 24 ชม.ทนเหงื่อ ทนน้ำ กันแดด SPF 32 PA+++ No.01,NULL,NULL,NULL,NULL,เครื่องสำอางและสินค้าอุปโภคบริโภค,,,ชิ้น                ,8.9923E+12,100,NULL,FALSE,FALSE,NULL,,,NULL,NULL,NULL,NULL,NULL,NULL,1,NULL
2058,1000,102083,คิวท์เพรสอิเวอร์รี่  P1 (จริง),NULL,NULL,NULL,NULL,เครื่องสำอางและสินค้าอุปโภคบริโภค,,,ชิ้น                ,8.85008E+12,100,NULL,FALSE,FALSE,NULL,,,NULL,NULL,NULL,NULL,NULL,NULL,1,NULL
2059,1000,102084,ฟลาวเวอร์บีบีเพาเดอร์เอส 1,NULL,NULL,NULL,NULL,เครื่องสำอางและสินค้าอุปโภคบริโภค,,,ชิ้น                ,8.85918E+12,100,NULL,FALSE,FALSE,NULL,,,NULL,NULL,NULL,NULL,NULL,NULL,1,NULL
2060,1000,102085,KA บลูมิ่ง ไวท์พาวเด้ร์ K2,NULL,NULL,NULL,NULL,เครื่องสำอางและสินค้าอุปโภคบริโภค,,,ชิ้น                ,8.85082E+12,100,NULL,FALSE,FALSE,NULL,,,NULL,NULL,NULL,NULL,NULL,NULL,1,NULL
2061,1000,102086,KA บลูมิ่ง ไวท์พาวเด้ร์ K1,NULL,NULL,NULL,NULL,เครื่องสำอางและสินค้าอุปโภคบริโภค,,,ชิ้น                ,8.85082E+12,100,NULL,FALSE,FALSE,NULL,,,NULL,NULL,NULL,NULL,NULL,NULL,1,NULL
2062,1000,102087,Porelution Compact Powder SPF30 10g Crayon %2302 Sand Beige  Baby bright,NULL,NULL,NULL,NULL,เครื่องสำอางและสินค้าอุปโภคบริโภค,,,ชิ้น                ,8.85884E+12,100,NULL,FALSE,FALSE,NULL,,,NULL,NULL,NULL,NULL,NULL,NULL,1,NULL
2063,1000,102088,Porelution Compact Powder SPF30 10g Crayon %2301 Light Baby Bright,NULL,NULL,NULL,NULL,เครื่องสำอางและสินค้าอุปโภคบริโภค,,,ชิ้น                ,8.85884E+12,100,NULL,FALSE,FALSE,NULL,,,NULL,NULL,NULL,NULL,NULL,NULL,1,NULL
2064,1000,102089,เมยฟลาวเวอร์เพาเดอร์เอส2 10 ก.,NULL,NULL,NULL,NULL,เครื่องสำอางและสินค้าอุปโภคบริโภค,,,ชิ้น                ,8.85563E+12,100,NULL,FALSE,FALSE,NULL,,,NULL,NULL,NULL,NULL,NULL,NULL,1,NULL
2065,1000,102090,Sivanna Colors SECRET COVER (HF5020) No.03,NULL,NULL,NULL,NULL,เครื่องสำอางและสินค้าอุปโภคบริโภค,,,ชิ้น                ,8.85899E+12,100,NULL,FALSE,FALSE,NULL,,,NULL,NULL,NULL,NULL,NULL,NULL,1,NULL
2066,1000,102091,Nice Shop Double Skin Whitening  02,NULL,NULL,NULL,NULL,เครื่องสำอางและสินค้าอุปโภคบริโภค,,,ชิ้น                ,111250,100,NULL,FALSE,FALSE,NULL,,,NULL,NULL,NULL,NULL,NULL,NULL,1,NULL
2067,1000,102092,แป้งเจ้านาง No.03,NULL,NULL,NULL,NULL,เครื่องสำอางและสินค้าอุปโภคบริโภค,,,ชิ้น                ,8.8572E+12,100,NULL,FALSE,FALSE,NULL,,,NULL,NULL,NULL,NULL,NULL,NULL,1,NULL
2068,1000,102093,Sivanna Colors Setting loose Powder เบอร์ 01,NULL,NULL,NULL,NULL,เครื่องสำอางและสินค้าอุปโภคบริโภค,,,ชิ้น                ,8.85899E+12,100,NULL,FALSE,FALSE,NULL,,,NULL,NULL,NULL,NULL,NULL,NULL,1,NULL
2069,1000,102094,Valkyries Powder White Collagen  SPF25 PA++ 03,NULL,NULL,NULL,NULL,เครื่องสำอางและสินค้าอุปโภคบริโภค,,,ชิ้น                ,3338,100,NULL,FALSE,FALSE,NULL,,,NULL,NULL,NULL,NULL,NULL,NULL,1,NULL
2070,1000,102095,BB icci baby face Powder SPF15   %2321,NULL,NULL,NULL,NULL,เครื่องสำอางและสินค้าอุปโภคบริโภค,,,ชิ้น                ,3331,100,NULL,FALSE,FALSE,NULL,,,NULL,NULL,NULL,NULL,NULL,NULL,1,NULL
2071,1000,102096,แบั้งไมโยชิ - ขาวออร่า 10 g - สติกเกอร์สีชมพู เบอร์ 2,NULL,NULL,NULL,NULL,เครื่องสำอางและสินค้าอุปโภคบริโภค,,,ชิ้น                ,8.85888E+12,100,NULL,FALSE,FALSE,NULL,,,NULL,NULL,NULL,NULL,NULL,NULL,1,NULL
2072,1000,102097,แป้งไมโยชิ - ปกปิดพิเศษ10 g - สติกเกอร์สีฟ้า เบอร์ 1,NULL,NULL,ขย.9,NULL,เครื่องสำอางและสินค้าอุปโภคบริโภค,,,ชิ้น                ,8.85888E+12,100,NULL,FALSE,FALSE,NULL,,,NULL,NULL,NULL,NULL,NULL,NULL,1,NULL
2073,1000,102098,แป้งไมโยชิ - ปกปิดพิเศษ 10g สติกเกอร์สีฟ้า เบอร์ 2,NULL,NULL,NULL,NULL,เครื่องสำอางและสินค้าอุปโภคบริโภค,,,ชิ้น                ,8.85888E+12,100,NULL,FALSE,FALSE,NULL,,,NULL,NULL,NULL,NULL,NULL,NULL,1,NULL
2074,1000,102099,แป้งไมโยชิ คุมมันพิเศษ 10g สติกเกอร์สีเขียว เบอร์ 2,NULL,NULL,NULL,NULL,เครื่องสำอางและสินค้าอุปโภคบริโภค,,,ชิ้น                ,8.85888E+12,100,NULL,FALSE,FALSE,NULL,,,NULL,NULL,NULL,NULL,NULL,NULL,1,NULL
2075,1000,102100,แป้งไมโยชิ - คุมมันพิเศษ 10 g - สติกเกอร์สีเขียว เบอร์ 1,NULL,NULL,NULL,NULL,เครื่องสำอางและสินค้าอุปโภคบริโภค,,,ชิ้น                ,8.85888E+12,100,NULL,FALSE,FALSE,NULL,,,NULL,NULL,NULL,NULL,NULL,NULL,1,NULL
2076,1000,102101,ฟองน้ำแต่งหน้า  Mingxier  Tools,NULL,NULL,NULL,NULL,เครื่องสำอางและสินค้าอุปโภคบริโภค,,,ชิ้น                ,6.97112E+12,100,NULL,FALSE,FALSE,NULL,,,NULL,NULL,NULL,NULL,NULL,NULL,1,NULL
2077,1000,102102,ที่ดัดขนตา เหล็กดำ,NULL,NULL,NULL,NULL,เครื่องสำอางและสินค้าอุปโภคบริโภค,,,ชิ้น                ,1E+13,100,NULL,FALSE,FALSE,NULL,,,NULL,NULL,NULL,NULL,NULL,NULL,1,NULL
2078,1000,102103,youmel อุปกรณ์แต่งหน้า,NULL,NULL,NULL,NULL,เครื่องสำอางและสินค้าอุปโภคบริโภค,,,อัน                 ,6.97109E+12,100,NULL,FALSE,FALSE,NULL,,,NULL,NULL,NULL,NULL,NULL,NULL,1,NULL
2079,1000,102104,odbo Transparent PerfectPuff พับแต่งหน้า,NULL,NULL,NULL,NULL,เครื่องสำอางและสินค้าอุปโภคบริโภค,,,ชิ้น                ,8.85891E+12,100,NULL,FALSE,FALSE,NULL,,,NULL,NULL,NULL,NULL,NULL,NULL,1,NULL
2080,1000,102105,odbo Transparent PerfectPuff พับแต่งหน้า,NULL,NULL,NULL,NULL,เครื่องสำอางและสินค้าอุปโภคบริโภค,,,ชิ้น                ,8.85891E+12,100,NULL,FALSE,FALSE,NULL,,,NULL,NULL,NULL,NULL,NULL,NULL,1,NULL
2081,1000,102106,Suzijie แปรงซิลิโคนสำหรับทามาส์คหน้า สีขาว,NULL,NULL,NULL,NULL,เครื่องสำอางและสินค้าอุปโภคบริโภค,,,ชิ้น                ,1E+13,100,NULL,FALSE,FALSE,NULL,,,NULL,NULL,NULL,NULL,NULL,NULL,1,NULL
2082,1000,102107,Bianfens กรรไกตัดผม,NULL,NULL,NULL,NULL,เครื่องสำอางและสินค้าอุปโภคบริโภค,,,ชิ้น                ,9.20201E+12,100,NULL,FALSE,FALSE,NULL,,,NULL,NULL,NULL,NULL,NULL,NULL,1,NULL
2083,1000,102108,Bianfens กรรไกซอยผม,NULL,NULL,NULL,NULL,เครื่องสำอางและสินค้าอุปโภคบริโภค,,,ชิ้น                ,9.20201E+12,100,NULL,FALSE,FALSE,NULL,,,NULL,NULL,NULL,NULL,NULL,NULL,1,NULL
2084,1000,102109,ชุดกดสิวมืออาชีพ 5 ชิ้น  พร้อมกล่องใส่,NULL,NULL,NULL,NULL,เครื่องสำอางและสินค้าอุปโภคบริโภค,,,ชิ้น                ,1E+13,100,NULL,FALSE,FALSE,NULL,,,NULL,NULL,NULL,NULL,NULL,NULL,1,NULL
2085,1000,102110,ไฟร์ด้า เอเอ็น ที่กดสิวสแตนเลสห่วงคู่,NULL,NULL,NULL,NULL,เครื่องสำอางและสินค้าอุปโภคบริโภค,,,ชิ้น                ,8.85807E+12,100,NULL,FALSE,FALSE,NULL,,,NULL,NULL,NULL,NULL,NULL,NULL,1,NULL
2086,1000,102111,ไฟร์ด้า เอเอ็น ที่ดัดขนตาต้ามพลาสติก,NULL,NULL,NULL,NULL,เครื่องสำอางและสินค้าอุปโภคบริโภค,,,ชิ้น                ,8.85807E+12,100,NULL,FALSE,FALSE,NULL,,,NULL,NULL,NULL,NULL,NULL,NULL,1,NULL
2087,1000,102112,Sivanna Colors Browcara ปัดคิ้ว B1 น้ำตาลอ่อน,NULL,NULL,NULL,NULL,เครื่องสำอางและสินค้าอุปโภคบริโภค,,,ชิ้น                ,8.85899E+12,100,NULL,FALSE,FALSE,NULL,,,NULL,NULL,NULL,NULL,NULL,NULL,1,NULL
2088,1000,102113,Sivanna Colors Browcara ปัดคิ้ว B3 น้ำตาลเข้ม,NULL,NULL,NULL,NULL,เครื่องสำอางและสินค้าอุปโภคบริโภค,,,ชิ้น                ,8.85899E+12,100,NULL,FALSE,FALSE,NULL,,,NULL,NULL,NULL,NULL,NULL,NULL,1,NULL
2089,1000,102114,Sivanna Colors Browcara ปัดคิ้ว B2 น้ำตาลกลาง,NULL,NULL,NULL,NULL,เครื่องสำอางและสินค้าอุปโภคบริโภค,,,ชิ้น                ,3469,100,NULL,FALSE,FALSE,NULL,,,NULL,NULL,NULL,NULL,NULL,NULL,1,NULL
2090,1000,102115,BROWIT By Nongchat Eyemazing Shadow And Liner 2 in 1 ดินสอ+ทาเปลือก %23Charming Apricot,NULL,NULL,NULL,NULL,เครื่องสำอางและสินค้าอุปโภคบริโภค,,,ชิ้น                ,8.85884E+12,100,NULL,FALSE,FALSE,NULL,,,NULL,NULL,NULL,NULL,NULL,NULL,1,NULL
2091,1000,102116,GINA Glam Queen's Scepter Waterproof Luxury Eyebrow เขียนคิ้วกันน้ำ B5 Dark Brown,NULL,NULL,NULL,NULL,เครื่องสำอางและสินค้าอุปโภคบริโภค,,,ชิ้น                ,8.85899E+12,100,NULL,FALSE,FALSE,NULL,,,NULL,NULL,NULL,NULL,NULL,NULL,1,NULL
2092,1000,102117,Baby Bright Lip&Cheek Color Stain Essence%2310 Pink Seaweed,NULL,NULL,NULL,NULL,เครื่องสำอางและสินค้าอุปโภคบริโภค,,,ชิ้น                ,8.85884E+12,100,NULL,FALSE,FALSE,NULL,,,NULL,NULL,NULL,NULL,NULL,NULL,1,NULL
2093,1000,102118,Baby Bright Lip&Cheek Matte Tint 23 Samon,NULL,NULL,NULL,NULL,เครื่องสำอางและสินค้าอุปโภคบริโภค,,,ชิ้น                ,8.85884E+12,100,NULL,FALSE,FALSE,NULL,,,NULL,NULL,NULL,NULL,NULL,NULL,1,NULL
2094,1000,102119,KMพีช โกลว์พื้นท์03,NULL,NULL,NULL,NULL,เครื่องสำอางและสินค้าอุปโภคบริโภค,,,ชิ้น                ,8.85884E+12,100,NULL,FALSE,FALSE,NULL,,,NULL,NULL,NULL,NULL,NULL,NULL,1,NULL
2095,1000,102120,Baby Bright Lip&Cheek Matte Tint 26 Apricot,NULL,NULL,NULL,NULL,เครื่องสำอางและสินค้าอุปโภคบริโภค,,,ชิ้น                ,8.85884E+12,100,NULL,FALSE,FALSE,NULL,,,NULL,NULL,NULL,NULL,NULL,NULL,1,NULL
2096,1000,102121,Baby Bright Lip&Cheek Peach Glow Tint %2305 Orang Peach,NULL,NULL,NULL,NULL,เครื่องสำอางและสินค้าอุปโภคบริโภค,,,ชิ้น                ,8.85884E+12,100,NULL,FALSE,FALSE,NULL,,,NULL,NULL,NULL,NULL,NULL,NULL,1,NULL
2097,1000,102122,Baby Bright Lip&Cheek Peach Glow Tint %2304 Cinnamon,NULL,NULL,NULL,NULL,เครื่องสำอางและสินค้าอุปโภคบริโภค,,,ชิ้น                ,8.85884E+12,100,NULL,FALSE,FALSE,NULL,,,NULL,NULL,NULL,NULL,NULL,NULL,1,NULL
2098,1000,102123,คบิสตัส ตะไบขัดเล็บ,NULL,NULL,NULL,NULL,เครื่องสำอางและสินค้าอุปโภคบริโภค,,,ชิ้น                ,1E+13,100,NULL,FALSE,FALSE,NULL,,,NULL,NULL,NULL,NULL,NULL,NULL,1,NULL
2099,1000,102124,ที่ทาตาหัวฟองน้ำ,NULL,NULL,NULL,NULL,เครื่องสำอางและสินค้าอุปโภคบริโภค,,,ชิ้น                ,6.92427E+12,100,NULL,FALSE,FALSE,NULL,,,NULL,NULL,NULL,NULL,NULL,NULL,1,NULL
2100,1000,102125,แปรงทาตา หัวพู่กันใหญ่,NULL,NULL,NULL,NULL,เครื่องสำอางและสินค้าอุปโภคบริโภค,,,ชิ้น                ,6.92427E+12,100,NULL,FALSE,FALSE,NULL,,,NULL,NULL,NULL,NULL,NULL,NULL,1,NULL
2101,1000,102126,แปรงทาตา หัวพู่กันใหญ่,NULL,NULL,NULL,NULL,เครื่องสำอางและสินค้าอุปโภคบริโภค,,,ชิ้น                ,6.92427E+12,100,NULL,FALSE,FALSE,NULL,,,NULL,NULL,NULL,NULL,NULL,NULL,1,NULL
2102,1000,102127,Focallure แปรงทาตาหัวตัดเอียง,NULL,NULL,NULL,NULL,เครื่องสำอางและสินค้าอุปโภคบริโภค,,,ชิ้น                ,6.92427E+12,100,NULL,FALSE,FALSE,NULL,,,NULL,NULL,NULL,NULL,NULL,NULL,1,NULL
2103,1000,102128,แปรงทาตา หัวพู่กันเอียง,NULL,NULL,NULL,NULL,เครื่องสำอางและสินค้าอุปโภคบริโภค,,,ชิ้น                ,6.92427E+12,100,NULL,FALSE,FALSE,NULL,,,NULL,NULL,NULL,NULL,NULL,NULL,1,NULL
2104,1000,102129,ที่ทาตาหัวฟองน้ำ,NULL,NULL,NULL,NULL,เครื่องสำอางและสินค้าอุปโภคบริโภค,,,ชิ้น                ,6.92427E+12,100,NULL,FALSE,FALSE,NULL,,,NULL,NULL,NULL,NULL,NULL,NULL,1,NULL
2105,1000,102130,เซ็ตแปรงแต่งหน้า 5 ชิ้น ขนาดพกพา,NULL,NULL,NULL,NULL,เครื่องสำอางและสินค้าอุปโภคบริโภค,,,ชิ้น                ,1E+13,100,NULL,FALSE,FALSE,NULL,,,NULL,NULL,NULL,NULL,NULL,NULL,1,NULL
2106,1000,102131,กรรไกรตัดขนจมูก กรรไกรจิ๋ว กรรไกรตัดขนคิ้ว,NULL,NULL,NULL,NULL,เครื่องสำอางและสินค้าอุปโภคบริโภค,,,ชิ้น                ,6.97098E+12,100,NULL,FALSE,FALSE,NULL,,,NULL,NULL,NULL,NULL,NULL,NULL,1,NULL
2107,1000,102132,(1 เซต มี 8 ชิ้น) แปรงแต่งหน้าขนาดพกพา มาพร้อมถุง คละสี,NULL,NULL,NULL,NULL,เครื่องสำอางและสินค้าอุปโภคบริโภค,,,ชิ้น                ,6585,100,NULL,FALSE,FALSE,NULL,,,NULL,NULL,NULL,NULL,NULL,NULL,1,NULL
2108,1000,102133,Aac  Powder Blush แปรงรองพื้น สีดำ,NULL,NULL,NULL,NULL,เครื่องสำอางและสินค้าอุปโภคบริโภค,,,ชิ้น                ,6.95169E+12,100,NULL,FALSE,FALSE,NULL,,,NULL,NULL,NULL,NULL,NULL,NULL,1,NULL
2109,1000,102134,กรรไกรตัดเล็บ ตอง777,NULL,NULL,NULL,NULL,เครื่องสำอางและสินค้าอุปโภคบริโภค,,,ชิ้น                ,1E+13,100,NULL,FALSE,FALSE,NULL,,,NULL,NULL,NULL,NULL,NULL,NULL,1,NULL
2110,1000,102135,ไฟร์ด้า เอเอ็น ที่ตัดเล็บปลายโค้ง,NULL,NULL,NULL,NULL,เครื่องสำอางและสินค้าอุปโภคบริโภค,,,ชิ้น                ,8.85807E+12,100,NULL,FALSE,FALSE,NULL,,,NULL,NULL,NULL,NULL,NULL,NULL,1,NULL
2111,1000,102136,ไฟร์ด้า เอเอ็น ที่ตัดเล็บใบมีดโค้งตามเล็บมือ,NULL,NULL,NULL,NULL,เครื่องสำอางและสินค้าอุปโภคบริโภค,,,ชิ้น                ,8.85807E+12,100,NULL,FALSE,FALSE,NULL,,,NULL,NULL,NULL,NULL,NULL,NULL,1,NULL
2112,1000,102137,ตะไบขัดเล็บ แบบบาง,NULL,NULL,NULL,NULL,เครื่องสำอางและสินค้าอุปโภคบริโภค,,,ชิ้น                ,1E+13,100,NULL,FALSE,FALSE,NULL,,,NULL,NULL,NULL,NULL,NULL,NULL,1,NULL
2113,1000,102138,Browit By Nongchat Liquid Eyebrows Mate,NULL,NULL,NULL,NULL,เครื่องสำอางและสินค้าอุปโภคบริโภค,,,ชิ้น                ,8.85884E+12,100,NULL,FALSE,FALSE,NULL,,,NULL,NULL,NULL,NULL,NULL,NULL,1,NULL
2114,1000,102139,Browit By Nongchat  Liquid Eyebrow Matte2 g No 05 Carcoal Milk  ปัดคิ้ว,NULL,NULL,NULL,NULL,เครื่องสำอางและสินค้าอุปโภคบริโภค,,,ชิ้น                ,8.85884E+12,100,NULL,FALSE,FALSE,NULL,,,NULL,NULL,NULL,NULL,NULL,NULL,1,NULL
2115,1000,102140,BROWIT By Nongchat Brow And Blending Cushion 2 in 1 ดินสอ+คูชั่นเขียนคิ้ว%23Smoke Gray,NULL,NULL,NULL,NULL,เครื่องสำอางและสินค้าอุปโภคบริโภค,,,ชิ้น                ,8.85884E+12,100,NULL,FALSE,FALSE,NULL,,,NULL,NULL,NULL,NULL,NULL,NULL,1,NULL
2116,1000,102141,KM โปรวิทคิ้วบราวอีทชาร์ป*เพนคาราเมลบราวน์,NULL,NULL,NULL,NULL,เครื่องสำอางและสินค้าอุปโภคบริโภค,,,ชิ้น                ,8.85884E+12,100,NULL,FALSE,FALSE,NULL,,,NULL,NULL,NULL,NULL,NULL,NULL,1,NULL
2117,1000,102142,Sivanna Slim Chic Just For you Naturally Define Eye Brow ดินสอ+แปรงปัดคิ้ว 02Caramel,NULL,NULL,NULL,NULL,เครื่องสำอางและสินค้าอุปโภคบริโภค,,,ชิ้น                ,8.85899E+12,100,NULL,FALSE,FALSE,NULL,,,NULL,NULL,NULL,NULL,NULL,NULL,1,NULL
2118,1000,102143,Sivanna DUO Automatic EyeBrow Painting Pen เขียนคิ้วสีน้ำตาลแดงB5 Red Brow,NULL,NULL,NULL,NULL,เครื่องสำอางและสินค้าอุปโภคบริโภค,,,ชิ้น                ,8.85899E+12,100,NULL,FALSE,FALSE,NULL,,,NULL,NULL,NULL,NULL,NULL,NULL,1,NULL
2119,1000,102144,Sivanna Super Fine Automatic Eyebrow Pencil ดินสอเขียนคิ้วกันน้ำ 01 Light Brown,NULL,NULL,NULL,NULL,เครื่องสำอางและสินค้าอุปโภคบริโภค,,,ชิ้น                ,8.85899E+12,100,NULL,FALSE,FALSE,NULL,,,NULL,NULL,NULL,NULL,NULL,NULL,1,NULL
2120,1000,102145,Meilinda 3D Slim Pencil เขียนคิ้ว 01 Red Brow,NULL,NULL,NULL,NULL,เครื่องสำอางและสินค้าอุปโภคบริโภค,,,ชิ้น                ,8.85852E+12,100,NULL,FALSE,FALSE,NULL,,,NULL,NULL,NULL,NULL,NULL,NULL,1,NULL
2121,1000,102146,KM คิ้วแชพเพนบราวน์ *hot cocoa brown,NULL,NULL,NULL,NULL,เครื่องสำอางและสินค้าอุปโภคบริโภค,,,ชิ้น                ,8.85884E+12,100,NULL,FALSE,FALSE,NULL,,,NULL,NULL,NULL,NULL,NULL,NULL,1,NULL
2122,1000,102147,km8คิ้วลิขวิดแอนคาร่าแกลมไนท์บราวน์,NULL,NULL,NULL,NULL,เครื่องสำอางและสินค้าอุปโภคบริโภค,,,ชิ้น                ,8.85884E+12,100,NULL,FALSE,FALSE,NULL,,,NULL,NULL,NULL,NULL,NULL,NULL,1,NULL
2123,1000,102148,BROWIT By Nongchat Brow And Blending Cushion 2 in 1 ดินสอ+คูชั่นเขียนคิ้ว%23Dark Blonde,NULL,NULL,NULL,NULL,เครื่องสำอางและสินค้าอุปโภคบริโภค,,,ชิ้น                ,8.85884E+12,100,NULL,FALSE,FALSE,NULL,,,NULL,NULL,NULL,NULL,NULL,NULL,1,NULL
2124,1000,102149,SIVANNA COLORS Matte  Lips No. 05,NULL,NULL,NULL,NULL,เครื่องสำอางและสินค้าอุปโภคบริโภค,,,ชิ้น                ,8.85899E+12,100,NULL,FALSE,FALSE,NULL,,,NULL,NULL,NULL,NULL,NULL,NULL,1,NULL
2125,1000,102150,shกิ๊บคําสั้น7cml*12,NULL,NULL,NULL,NULL,เครื่องสำอางและสินค้าอุปโภคบริโภค,,,ชิ้น                ,8.85957E+12,100,NULL,FALSE,FALSE,NULL,,,NULL,NULL,NULL,NULL,NULL,NULL,1,NULL
2126,1000,102151,latin america (อุปกรณ์เเต่งหน้า),NULL,NULL,NULL,NULL,เครื่องสำอางและสินค้าอุปโภคบริโภค,,,อัน                 ,6.92575E+12,100,NULL,FALSE,,NULL,,,NULL,NULL,NULL,NULL,NULL,NULL,1,NULL
2127,1000,102152,odbo OD8-111 พัฟเกลี่ยรองพื้นรูปไข่,NULL,NULL,NULL,NULL,เครื่องสำอางและสินค้าอุปโภคบริโภค,,,ชิ้น                ,8.85891E+12,100,NULL,FALSE,FALSE,NULL,,,NULL,NULL,NULL,NULL,NULL,NULL,1,NULL
2128,1000,102153,Air Powder Puff พัฟแต่งหน้า,NULL,NULL,NULL,NULL,เครื่องสำอางและสินค้าอุปโภคบริโภค,,,ชิ้น                ,6.93763E+12,100,NULL,FALSE,FALSE,NULL,,,NULL,NULL,NULL,NULL,NULL,NULL,1,NULL
2129,1000,102154,Air Powder Puff พัฟแต่งหน้า,NULL,NULL,NULL,NULL,เครื่องสำอางและสินค้าอุปโภคบริโภค,,,ชิ้น                ,6.93763E+12,100,NULL,FALSE,FALSE,NULL,,,NULL,NULL,NULL,NULL,NULL,NULL,1,NULL
2130,1000,102155,Air Powder Puff พัฟแต่งหน้าสีเขียว,NULL,NULL,NULL,NULL,เครื่องสำอางและสินค้าอุปโภคบริโภค,,,ชิ้น                ,6.94152E+12,100,NULL,FALSE,FALSE,NULL,,,NULL,NULL,NULL,NULL,NULL,NULL,1,NULL
2131,1000,102156,Air Powder Puff พัฟแต่งหน้า,NULL,NULL,NULL,NULL,เครื่องสำอางและสินค้าอุปโภคบริโภค,,,ชิ้น                ,6.93763E+12,100,NULL,FALSE,FALSE,NULL,,,NULL,NULL,NULL,NULL,NULL,NULL,1,NULL
2132,1000,102157,Air Powder Puff พัฟแต่งหน้า,NULL,NULL,NULL,NULL,เครื่องสำอางและสินค้าอุปโภคบริโภค,,,ชิ้น                ,6.93763E+12,100,NULL,FALSE,FALSE,NULL,,,NULL,NULL,NULL,NULL,NULL,NULL,1,NULL
2133,1000,102158,like way อุปกรณ์แต่งหน้า,NULL,NULL,NULL,NULL,เครื่องสำอางและสินค้าอุปโภคบริโภค,,,อัน                 ,9.96655E+12,100,NULL,FALSE,FALSE,NULL,,,NULL,NULL,NULL,NULL,NULL,NULL,1,NULL
2134,1000,102159,กรรไกรตัดแต่งขนคิ้ว ที่กันคิ้ว อุปกรณ์ตกแต่งคิ้ว,NULL,NULL,NULL,NULL,เครื่องสำอางและสินค้าอุปโภคบริโภค,,,ชิ้น                ,8.80617E+12,100,NULL,FALSE,FALSE,NULL,,,NULL,NULL,NULL,NULL,NULL,NULL,1,NULL
2135,1000,102160,Stated Tweezer ที่ถอนขนคิ้ว,NULL,NULL,NULL,NULL,เครื่องสำอางและสินค้าอุปโภคบริโภค,,,ชิ้น                ,1E+13,100,NULL,FALSE,FALSE,NULL,,,NULL,NULL,NULL,NULL,NULL,NULL,1,NULL
2136,1000,102161,Frida เอเอ็น แหนบสแตนเลสสีดำ 9.6 cm,NULL,NULL,NULL,NULL,เครื่องสำอางและสินค้าอุปโภคบริโภค,,,ชิ้น                ,8.85807E+12,100,NULL,FALSE,FALSE,NULL,,,NULL,NULL,NULL,NULL,NULL,NULL,1,NULL
2137,1000,102162,ตะไบขัดเล็บแบบ หนา,NULL,NULL,NULL,NULL,เครื่องสำอางและสินค้าอุปโภคบริโภค,,,ชิ้น                ,1E+13,100,NULL,FALSE,FALSE,NULL,,,NULL,NULL,NULL,NULL,NULL,NULL,1,NULL
2138,1000,102163,kmคิ้วชาร์พเพนบราวน์*มอคค่าบราวน์,NULL,NULL,NULL,NULL,เครื่องสำอางและสินค้าอุปโภคบริโภค,,,ชิ้น                ,8.85884E+12,100,NULL,FALSE,FALSE,NULL,,,NULL,NULL,NULL,NULL,NULL,NULL,1,NULL
2139,1000,102164,KM โปรวิทคิ้วบราวอิทชา ร์ปเพน*ชาร์โคลบราวน์,NULL,NULL,NULL,NULL,เครื่องสำอางและสินค้าอุปโภคบริโภค,,,ชิ้น                ,8.85884E+12,100,NULL,FALSE,FALSE,NULL,,,NULL,NULL,NULL,NULL,NULL,NULL,1,NULL
2140,1000,102165,KM โปรวิทคิ้วบราวอีทชาร์ป*เพนคาราเมลบราวน์,NULL,NULL,NULL,NULL,เครื่องสำอางและสินค้าอุปโภคบริโภค,,,ชิ้น                ,8.85884E+12,100,NULL,FALSE,FALSE,NULL,,,NULL,NULL,NULL,NULL,NULL,NULL,1,NULL
2141,1000,102166,Sivanna Peach Eyebrow Pencil 3D Natural Longlasting ดินสอ+ฟองน้าแต่งคิ้ว 01,NULL,NULL,NULL,NULL,เครื่องสำอางและสินค้าอุปโภคบริโภค,,,ชิ้น                ,8.85899E+12,100,NULL,FALSE,FALSE,NULL,,,NULL,NULL,NULL,NULL,NULL,NULL,1,NULL
2142,1000,102167,kmดูโอ้อาย& บราวน์จัสท์กอฟฟีอ2,NULL,NULL,NULL,NULL,เครื่องสำอางและสินค้าอุปโภคบริโภค,,,ชิ้น                ,8.85884E+12,100,NULL,FALSE,FALSE,NULL,,,NULL,NULL,NULL,NULL,NULL,NULL,1,NULL
2143,1000,102168,GINA Glam Coloring Eye Brown ปัดคิ้ว No.02,NULL,NULL,NULL,NULL,เครื่องสำอางและสินค้าอุปโภคบริโภค,,,ชิ้น                ,8.85899E+12,100,NULL,FALSE,FALSE,NULL,,,NULL,NULL,NULL,NULL,NULL,NULL,1,NULL
2144,1000,102169,GINA Glam Coloring Eye Brown ปัดคิ้ว 01,NULL,NULL,NULL,NULL,เครื่องสำอางและสินค้าอุปโภคบริโภค,,,ชิ้น                ,8.85899E+12,100,NULL,FALSE,FALSE,NULL,,,NULL,NULL,NULL,NULL,NULL,NULL,1,NULL
2145,1000,102170,GINA Glam Coloring Eye Brown ปัดคิ้ว No.03,NULL,NULL,NULL,NULL,เครื่องสำอางและสินค้าอุปโภคบริโภค,,,ชิ้น                ,8.85899E+12,100,NULL,FALSE,FALSE,NULL,,,NULL,NULL,NULL,NULL,NULL,NULL,1,NULL
2146,1000,102171,GINA Glam Royal Princess Shaping Luxury Eyebrow เขียนคิ้ว B2 Natural Brown,NULL,NULL,NULL,NULL,เครื่องสำอางและสินค้าอุปโภคบริโภค,,,ชิ้น                ,8.85899E+12,100,NULL,FALSE,FALSE,NULL,,,NULL,NULL,NULL,NULL,NULL,NULL,1,NULL
2147,1000,102172,X Cute Me Kawaiii Series Eyebrow Pencil 2IN 1 เขียนคิ้ว สีอัลมอนด์,NULL,NULL,NULL,NULL,เครื่องสำอางและสินค้าอุปโภคบริโภค,,,ชิ้น                ,8.85114E+12,100,NULL,FALSE,FALSE,NULL,,,NULL,NULL,NULL,NULL,NULL,NULL,1,NULL
2148,1000,102173,X Cute Me Kawaiii Series Eyebrow Pencil 2IN 1 เขียนคิ้ว สีชินนามอน,NULL,NULL,NULL,NULL,เครื่องสำอางและสินค้าอุปโภคบริโภค,,,ชิ้น                ,8.85114E+12,100,NULL,FALSE,FALSE,NULL,,,NULL,NULL,NULL,NULL,NULL,NULL,1,NULL
2149,1000,102174,Sivanna Slim Chic Just For you Naturally Define Eye Brow ดินสอ+แปรงปัดคิ้ว 01Mocha,NULL,NULL,NULL,NULL,เครื่องสำอางและสินค้าอุปโภคบริโภค,,,ชิ้น                ,8.85899E+12,100,NULL,FALSE,FALSE,NULL,,,NULL,NULL,NULL,NULL,NULL,NULL,1,NULL
2150,1000,102175,ยางรัดผม 100 เส้น มีซองซิปใส่ให้ด้วย สีดำ,NULL,NULL,NULL,NULL,เครื่องสำอางและสินค้าอุปโภคบริโภค,,,ชิ้น                ,1E+13,100,NULL,FALSE,FALSE,NULL,,,NULL,NULL,NULL,NULL,NULL,NULL,1,NULL
2151,1000,102176,shโรลกรอบพลาสติก 3.6 cm4ชิ้น,NULL,NULL,NULL,NULL,เครื่องสำอางและสินค้าอุปโภคบริโภค,,,ชิ้น                ,8.85957E+12,100,NULL,FALSE,FALSE,NULL,,,NULL,NULL,NULL,NULL,NULL,NULL,1,NULL
2152,1000,102177,ใยขัดตัว ขัดผิวกาย สีเขียว,NULL,NULL,NULL,NULL,เครื่องสำอางและสินค้าอุปโภคบริโภค,,,ชิ้น                ,1E+13,100,NULL,FALSE,FALSE,NULL,,,NULL,NULL,NULL,NULL,NULL,NULL,1,NULL
2153,1000,102178,หวีการ์ตูน หวีลดไฟฟ้าสถิตย์ แป้งหวีผม ลายน่ารัก ลดผมขาดร่วง นวดหนังศรีษะ  ดำ,NULL,NULL,NULL,NULL,เครื่องสำอางและสินค้าอุปโภคบริโภค,,,ชิ้น                ,1E+13,100,NULL,FALSE,FALSE,NULL,,,NULL,NULL,NULL,NULL,NULL,NULL,1,NULL
2154,1000,102179,Jifenli Special ใบมีดโกน 10 ชอ้น/กล่อง,NULL,NULL,NULL,NULL,เครื่องสำอางและสินค้าอุปโภคบริโภค,,,ชิ้น                ,6.97352E+12,100,NULL,FALSE,FALSE,NULL,,,NULL,NULL,NULL,NULL,NULL,NULL,1,NULL
2155,1000,102180,ด้ามมีดโกน คละสี,NULL,NULL,NULL,NULL,เครื่องสำอางและสินค้าอุปโภคบริโภค,,,ชิ้น                ,1E+13,100,NULL,FALSE,FALSE,NULL,,,NULL,NULL,NULL,NULL,NULL,NULL,1,NULL
2156,1000,102181,ํYiwuoufa ที่เก็บไรผม 1 คู่,NULL,NULL,NULL,NULL,เครื่องสำอางและสินค้าอุปโภคบริโภค,,,ชิ้น                ,1E+13,100,NULL,FALSE,FALSE,NULL,,,NULL,NULL,NULL,NULL,NULL,NULL,1,NULL
2157,1000,102182,ashley AP-006 ดำ,NULL,NULL,NULL,NULL,เครื่องสำอางและสินค้าอุปโภคบริโภค,,,แท่ง                ,220260,100,NULL,FALSE,FALSE,NULL,,,NULL,NULL,NULL,NULL,NULL,NULL,1,NULL
2158,1000,102183,Cosmetic ART ดินสอเขียนคิ้ว สี Gtay No.05,NULL,NULL,NULL,NULL,เครื่องสำอางและสินค้าอุปโภคบริโภค,,,ชิ้น                ,220254,100,NULL,FALSE,FALSE,NULL,,,NULL,NULL,NULL,NULL,NULL,NULL,1,NULL
2159,1000,102184,X Cute Me Kawaiii Series Eyebrow Pencil 2IN 1 เขียนคิ้ว สีดาร์คบราวน์,NULL,NULL,NULL,NULL,เครื่องสำอางและสินค้าอุปโภคบริโภค,,,ชิ้น                ,8.85114E+12,100,NULL,FALSE,FALSE,NULL,,,NULL,NULL,NULL,NULL,NULL,NULL,1,NULL
2160,1000,102185,Sweet Heart Eye Brow Pencil (สีดำ),NULL,NULL,NULL,NULL,เครื่องสำอางและสินค้าอุปโภคบริโภค,,,ชิ้น                ,3218,100,NULL,FALSE,FALSE,NULL,,,NULL,NULL,NULL,NULL,NULL,NULL,1,NULL
2161,1000,102186,ดินสอเขียนคิ้ว Sweet Heart สี Dark Brown,NULL,NULL,NULL,NULL,เครื่องสำอางและสินค้าอุปโภคบริโภค,,,ชิ้น                ,3448,100,NULL,FALSE,FALSE,NULL,,,NULL,NULL,NULL,NULL,NULL,NULL,1,NULL
2162,1000,102187,Sweet Heart Eye Brow & EyeLiner Pencil สี Red Brow,NULL,NULL,NULL,NULL,เครื่องสำอางและสินค้าอุปโภคบริโภค,,,ชิ้น                ,8.85042E+12,100,NULL,FALSE,FALSE,NULL,,,NULL,NULL,NULL,NULL,NULL,NULL,1,NULL
2163,1000,102188,ดินสอเขียนคิ้ว Sweet Heart สี Red Brown,NULL,NULL,NULL,NULL,เครื่องสำอางและสินค้าอุปโภคบริโภค,,,ชิ้น                ,3450,100,NULL,FALSE,FALSE,NULL,,,NULL,NULL,NULL,NULL,NULL,NULL,1,NULL
2164,1000,102189,ดินสอเขียนคิ้ว Sweet Heart สี Deep Black,NULL,NULL,NULL,NULL,เครื่องสำอางและสินค้าอุปโภคบริโภค,,,ชิ้น                ,8.85042E+12,100,NULL,FALSE,FALSE,NULL,,,NULL,NULL,NULL,NULL,NULL,NULL,1,NULL
2165,1000,102190,ดินสอเขียนคิ้ว ashlay สี Ap052-01 Black,NULL,NULL,NULL,NULL,เครื่องสำอางและสินค้าอุปโภคบริโภค,,,ชิ้น                ,3462,100,NULL,FALSE,FALSE,NULL,,,NULL,NULL,NULL,NULL,NULL,NULL,1,NULL
2166,1000,102191,โปรเชฟ อายบราว เพนซิล No.01สีน้ำตาลเข้ม 0.27g,NULL,NULL,NULL,NULL,เครื่องสำอางและสินค้าอุปโภคบริโภค,,,ชิ้น                ,3246,100,NULL,FALSE,FALSE,NULL,,,NULL,NULL,NULL,NULL,NULL,NULL,1,NULL
2167,1000,102192,Cathy Doll Skinny Brow %2305,NULL,NULL,NULL,NULL,เครื่องสำอางและสินค้าอุปโภคบริโภค,,,ชิ้น                ,8.85884E+12,100,NULL,FALSE,FALSE,NULL,,,NULL,NULL,NULL,NULL,NULL,NULL,1,NULL
2168,1000,102193,Cathy Doll Skinny Brow %2304,NULL,NULL,NULL,NULL,เครื่องสำอางและสินค้าอุปโภคบริโภค,,,ชิ้น                ,8.85884E+12,100,NULL,FALSE,FALSE,NULL,,,NULL,NULL,NULL,NULL,NULL,NULL,1,NULL
2169,1000,102194,TANAKO Magic Conserve,NULL,NULL,NULL,NULL,เครื่องสำอางและสินค้าอุปโภคบริโภค,,,ชิ้น                ,3308,100,NULL,FALSE,FALSE,NULL,,,NULL,NULL,NULL,NULL,NULL,NULL,1,NULL
2170,1000,102195,Kiss Beauty LIP & CHEEK,NULL,NULL,NULL,NULL,เครื่องสำอางและสินค้าอุปโภคบริโภค,,,ชิ้น                ,111002,100,NULL,FALSE,FALSE,NULL,,,NULL,NULL,NULL,NULL,NULL,NULL,1,NULL
2171,1000,102196,SIVANNA COLORS Pretty Peach Blusher Palette (Set) No.01,NULL,NULL,NULL,NULL,เครื่องสำอางและสินค้าอุปโภคบริโภค,,,ชิ้น                ,8.85899E+12,100,NULL,FALSE,FALSE,NULL,,,NULL,NULL,NULL,NULL,NULL,NULL,1,NULL
2172,1000,102197,SIVANNA COLORS Matte Stay Lipstick Kiss Me No. 03,NULL,NULL,NULL,NULL,เครื่องสำอางและสินค้าอุปโภคบริโภค,,,ชิ้น                ,3117,100,NULL,FALSE,FALSE,NULL,,,NULL,NULL,NULL,NULL,NULL,NULL,1,NULL
2173,1000,102198,SIVANNA COLORS Matte Stay Lipstick Kiss Me No. 04,NULL,NULL,NULL,NULL,เครื่องสำอางและสินค้าอุปโภคบริโภค,,,ชิ้น                ,8.85899E+12,100,NULL,FALSE,FALSE,NULL,,,NULL,NULL,NULL,NULL,NULL,NULL,1,NULL
2174,1000,102199,Sivanna Colors  Rainbow Baked Blush No.03,NULL,NULL,NULL,NULL,เครื่องสำอางและสินค้าอุปโภคบริโภค,,,ชิ้น                ,3198,100,NULL,FALSE,FALSE,NULL,,,NULL,NULL,NULL,NULL,NULL,NULL,1,NULL
2175,1000,102200,SIVANNA COLORS Matte Stay Lipstick Kiss Me No. 04,NULL,NULL,NULL,NULL,เครื่องสำอางและสินค้าอุปโภคบริโภค,,,ชิ้น                ,8.85899E+12,100,NULL,FALSE,FALSE,NULL,,,NULL,NULL,NULL,NULL,NULL,NULL,1,NULL
2176,1000,102201,SIVANNA COLORS Matte Stay Lipstick Kiss Me No. 03,NULL,NULL,NULL,NULL,เครื่องสำอางและสินค้าอุปโภคบริโภค,,,ชิ้น                ,3117,100,NULL,FALSE,FALSE,NULL,,,NULL,NULL,NULL,NULL,NULL,NULL,1,NULL
2177,1000,102202,SIVANNA COLOR Sweety Kitten Fack Palette No.03,NULL,NULL,NULL,NULL,เครื่องสำอางและสินค้าอุปโภคบริโภค,,,ชิ้น                ,8.85899E+12,100,NULL,FALSE,FALSE,NULL,,,NULL,NULL,NULL,NULL,NULL,NULL,1,NULL
2178,1000,102203,GINA GLAM Lip No. 02,NULL,NULL,NULL,NULL,เครื่องสำอางและสินค้าอุปโภคบริโภค,,,ชิ้น                ,8.85899E+12,100,NULL,FALSE,FALSE,NULL,,,NULL,NULL,NULL,NULL,NULL,NULL,1,NULL
2179,1000,102204,GINA GLAM Lip No. 05,NULL,NULL,NULL,NULL,เครื่องสำอางและสินค้าอุปโภคบริโภค,,,ชิ้น                ,8.85899E+12,100,NULL,FALSE,FALSE,NULL,,,NULL,NULL,NULL,NULL,NULL,NULL,1,NULL
2180,1000,102205,Clean and Clear Morning Energy Gel Cleanser Brightening Lemon 50 ml,NIFUROXAZIDE,ANTIDIARRHOEALS,ขย.9,NULL,เครื่องสำอางและสินค้าอุปโภคบริโภค,,,ขวด,8.85001E+12,100,NULL,FALSE,FALSE,NULL,,,25,NULL,NULL,NULL,NULL,NULL,1,NULL
2181,1000,102206,เอ็กซ์ศิวห์ มีชีค คัลเลอร์ บสัช ชิมเมอว์  5 กรัม S06 นูด พีช,NULL,NULL,NULL,NULL,เครื่องสำอางและสินค้าอุปโภคบริโภค,,,ชิ้น                ,3403,100,NULL,FALSE,FALSE,NULL,,,NULL,NULL,NULL,NULL,NULL,NULL,1,NULL
2182,1000,102207,เอ็กซ์คิวท์ มีชีค คัลเลอร์ บลัช ชิมเมอร์ 5 กรัม S07 ชันนี่ ฟันนี่,NULL,NULL,NULL,NULL,เครื่องสำอางและสินค้าอุปโภคบริโภค,,,ชิ้น                ,8.85918E+12,100,NULL,FALSE,FALSE,NULL,,,NULL,NULL,NULL,NULL,NULL,NULL,1,NULL
2183,1000,102208,เอ็กซ์คิวท์ มีชีค คัลเลอร์ บลัช แมทท์ 5 กรัม M09 ซอฟท์ บราว,NULL,NULL,NULL,NULL,เครื่องสำอางและสินค้าอุปโภคบริโภค,,,ชิ้น                ,3406,100,NULL,FALSE,FALSE,NULL,,,NULL,NULL,NULL,NULL,NULL,NULL,1,NULL
2184,1000,102209,เอ็กซ์คิวท์ มี ชีค คัลเลอร์ บลัช แมทท์ 5 กรัม M16 โรส เบจ,NULL,NULL,NULL,NULL,เครื่องสำอางและสินค้าอุปโภคบริโภค,,,ชิ้น                ,3408,100,NULL,FALSE,FALSE,NULL,,,NULL,NULL,NULL,NULL,NULL,NULL,1,NULL
2185,1000,102210,เอ็กซ์คิวท์ มีชิค คัลเลอร์ บลัช ชิมเมอร์ 5 กรัม S11 โรซี,NULL,NULL,NULL,NULL,เครื่องสำอางและสินค้าอุปโภคบริโภค,,,ชิ้น                ,3407,100,NULL,FALSE,FALSE,NULL,,,NULL,NULL,NULL,NULL,NULL,NULL,1,NULL
2186,1000,102211,เอ็กซ์คิวท์ มี ชีค คัลเลอร์ บลัช แมทท์ 5 กรัม M21 เบบี้ พิงค์,NULL,NULL,NULL,NULL,เครื่องสำอางและสินค้าอุปโภคบริโภค,,,ชิ้น                ,8.85918E+12,100,NULL,FALSE,FALSE,NULL,,,NULL,NULL,NULL,NULL,NULL,NULL,1,NULL
2187,1000,102212,เอ็กซ์คิวท์ มี ชีค คัลเลอร์ บลัช แมทท์ 5 กรัม M04 เรด โรส,NULL,NULL,NULL,NULL,เครื่องสำอางและสินค้าอุปโภคบริโภค,,,ชิ้น                ,8.85918E+12,100,NULL,FALSE,FALSE,NULL,,,NULL,NULL,NULL,NULL,NULL,NULL,1,NULL
2188,1000,102213,เอ็กซ์คิวท์ มี ชีค คัลเลอร์ บลัช แมทท์ 5 กรัม M06  คอรัล,NULL,NULL,NULL,NULL,เครื่องสำอางและสินค้าอุปโภคบริโภค,,,ชิ้น                ,3402,100,NULL,FALSE,FALSE,NULL,,,NULL,NULL,NULL,NULL,NULL,NULL,1,NULL
2189,1000,102214,เอ็กซ์คิวท์ มี ชีค คัลเลอร์ บลัช แมทท์ 5 กรัม M07 พีช,NULL,NULL,NULL,NULL,เครื่องสำอางและสินค้าอุปโภคบริโภค,,,ชิ้น                ,8.85918E+12,100,NULL,FALSE,FALSE,NULL,,,NULL,NULL,NULL,NULL,NULL,NULL,1,NULL
2190,1000,102215,SIVANNA COLOR Fantastic Blusher No.03,NULL,NULL,NULL,NULL,เครื่องสำอางและสินค้าอุปโภคบริโภค,,,ชิ้น                ,3161,100,NULL,FALSE,FALSE,NULL,,,NULL,NULL,NULL,NULL,NULL,NULL,1,NULL
2191,1000,102216,SIVANNA COLOR Fantastic Blusher No.02,NULL,NULL,NULL,NULL,เครื่องสำอางและสินค้าอุปโภคบริโภค,,,ชิ้น                ,8.85899E+12,100,NULL,FALSE,FALSE,NULL,,,NULL,NULL,NULL,NULL,NULL,NULL,1,NULL
2192,1000,102217,SIVANNA COLOR Fantastic Blusher No.01,NULL,NULL,NULL,NULL,เครื่องสำอางและสินค้าอุปโภคบริโภค,,,ชิ้น                ,3159,100,NULL,FALSE,FALSE,NULL,,,NULL,NULL,NULL,NULL,NULL,NULL,1,NULL
2193,1000,102218,SIVANNA COLOR Fantastic Blusher No.10,NULL,NULL,NULL,NULL,เครื่องสำอางและสินค้าอุปโภคบริโภค,,,ชิ้น                ,8.85899E+12,100,NULL,FALSE,FALSE,NULL,,,NULL,NULL,NULL,NULL,NULL,NULL,1,NULL
2194,1000,102219,SIVANNA COLOR Fantastic Blusher No.11,NULL,NULL,NULL,NULL,เครื่องสำอางและสินค้าอุปโภคบริโภค,,,ชิ้น                ,3169,100,NULL,FALSE,FALSE,NULL,,,NULL,NULL,NULL,NULL,NULL,NULL,1,NULL
2195,1000,102220,SIVANNA COLOR Fantastic Blusher No.05,NULL,NULL,NULL,NULL,เครื่องสำอางและสินค้าอุปโภคบริโภค,,,ชิ้น                ,3163,100,NULL,FALSE,FALSE,NULL,,,NULL,NULL,NULL,NULL,NULL,NULL,1,NULL
2196,1000,102221,SIVANNA COLOR Fantastic Blusher No.06,NULL,NULL,NULL,NULL,เครื่องสำอางและสินค้าอุปโภคบริโภค,,,ชิ้น                ,8.85899E+12,100,NULL,FALSE,FALSE,NULL,,,NULL,NULL,NULL,NULL,NULL,NULL,1,NULL
2197,1000,102222,SIVANNA COLOR Fantastic Blusher No.07,NULL,NULL,NULL,NULL,เครื่องสำอางและสินค้าอุปโภคบริโภค,,,ชิ้น                ,3165,100,NULL,FALSE,FALSE,NULL,,,NULL,NULL,NULL,NULL,NULL,NULL,1,NULL
2198,1000,102223,SIVANNA COLOR Fantastic Blusher No.10,NULL,NULL,NULL,NULL,เครื่องสำอางและสินค้าอุปโภคบริโภค,,,ชิ้น                ,8.85899E+12,100,NULL,FALSE,FALSE,NULL,,,NULL,NULL,NULL,NULL,NULL,NULL,1,NULL
2199,1000,102224,SIVANNA COLOR MEKEUP STUDIO Nude Blush No.09,NULL,NULL,NULL,NULL,เครื่องสำอางและสินค้าอุปโภคบริโภค,,,ชิ้น                ,3153,100,NULL,FALSE,FALSE,NULL,,,NULL,NULL,NULL,NULL,NULL,NULL,1,NULL
2200,1000,102225,SIVANNA COLOR MEKEUP STUDIO Nude Blush No.08,NULL,NULL,NULL,NULL,เครื่องสำอางและสินค้าอุปโภคบริโภค,,,ชิ้น                ,8.85899E+12,100,NULL,FALSE,FALSE,NULL,,,NULL,NULL,NULL,NULL,NULL,NULL,1,NULL
2201,1000,102226,SIVANNA Soft Matte Lip Cream No. B,NULL,NULL,NULL,NULL,เครื่องสำอางและสินค้าอุปโภคบริโภค,,,ชิ้น                ,3130,100,NULL,FALSE,FALSE,NULL,,,NULL,NULL,NULL,NULL,NULL,NULL,1,NULL
2202,1000,102227,Svahf4032ลิปวีเวทเบบี้ลิขวิด01,NULL,NULL,NULL,NULL,เครื่องสำอางและสินค้าอุปโภคบริโภค,,,ชิ้น                ,8.85899E+12,100,NULL,FALSE,FALSE,NULL,,,NULL,NULL,NULL,NULL,NULL,NULL,1,NULL
2203,1000,102228,MHM (3 Color) No. 1658 Noble Scepter Luxury Lipstick,NULL,NULL,NULL,NULL,เครื่องสำอางและสินค้าอุปโภคบริโภค,,,ชิ้น                ,6.94479E+12,100,NULL,FALSE,FALSE,NULL,,,NULL,NULL,NULL,NULL,NULL,NULL,1,NULL
2204,1000,102230,คลีนก๊อซ ลองเมด ใยสังเคราะห์ 2x2 นิ้ว,NULL,NULL,ขย.9,NULL,อุปกรณ์ทางการแพทย์,,,ห่อ,8.8591E+12,100,NULL,FALSE,FALSE,NULL,,,NULL,NULL,NULL,NULL,NULL,NULL,1,NULL
2205,1000,102231,Votaren  25 mg 10's,DICLOFENAC,ANTIDIARRHOEALS,ขย.9,NULL,ยาระบบกล้ามเนื้อ-ข้อต่อ,,,แผง,8.85236E+12,100,NULL,FALSE,FALSE,NULL,,,NULL,NULL,NULL,NULL,NULL,NULL,1,NULL
2206,1000,102232,Naphcon-A 15ml,PHENTERMINE,NULL,ขย.9,NULL,ยาหู ตา คอ จมูก,,,กล่อง,3.0065E+11,100,NULL,FALSE,FALSE,NULL,,,NULL,NULL,NULL,NULL,NULL,NULL,1,NULL
2207,1000,102233,Antergan 5g,MEPYRAMINE,NULL,ขย.9,NULL,ยาระบบการติดเชื้อ,,,หลอด,8.85147E+12,100,NULL,FALSE,FALSE,NULL,,,NULL,NULL,NULL,NULL,NULL,NULL,1,NULL
2208,1000,102234,หน้ากากอนามัย คลีมาส์ก สีเขียว,NULL,NULL,ขย.9,NULL,อุปกรณ์ทางการแพทย์,,,กล่อง,8.8591E+12,100,NULL,FALSE,FALSE,NULL,,,NULL,NULL,NULL,NULL,NULL,NULL,1,NULL
2209,1000,102235,ผ้าพยุงมือ /ฝ่ามือ tubigrip ไซต์ M,NULL,NULL,ขย.9,NULL,อุปกรณ์ทางการแพทย์,,,กล่อง,8.85203E+12,100,NULL,FALSE,FALSE,NULL,,,NULL,NULL,NULL,NULL,NULL,NULL,1,NULL
2210,1000,102236,ผ้าพยุงหัวเข่า  tubigrip ไซร์ S,NULL,NULL,ขย.9,NULL,อุปกรณ์ทางการแพทย์,,,กล่อง,8.85203E+12,100,NULL,FALSE,FALSE,NULL,,,NULL,NULL,NULL,NULL,NULL,NULL,1,NULL
2211,1000,102237,Ethyl Alcohol 70% Spray พ่น ศิริบัญชา 240 ml,ETHYL ALCOHOL,NULL,ขย.9,NULL,อุปกรณ์ทางการแพทย์,,,ขวด,8.85112E+12,100,NULL,FALSE,FALSE,NULL,,,NULL,NULL,NULL,NULL,NULL,NULL,1,NULL
2212,1000,102238,FUTURO 3M KNEE Comfort Support  Size S,NULL,NULL,ขย.9,NULL,อุปกรณ์ทางการแพทย์,,,กล่อง,51131200739,100,NULL,FALSE,FALSE,NULL,,,NULL,NULL,NULL,NULL,NULL,NULL,1,NULL
2213,1000,102239,Fango B cream 5 g,CLOTRIMAZOLE+BETAMETHASONE,ANTIFUNGALS,ขย.9,NULL,ยาใช้เฉพาะที่,,,หลอด,8.85335E+12,100,NULL,FALSE,FALSE,NULL,,,NULL,NULL,NULL,NULL,NULL,NULL,1,NULL
2214,1000,102240,Net Gauze Long med ขนาด 2X2 นิ้ว,NULL,NULL,ขย.9,NULL,อุปกรณ์ทางการแพทย์,,,ห่อ,8.8591E+12,100,NULL,FALSE,FALSE,NULL,,,NULL,NULL,NULL,NULL,NULL,NULL,1,NULL
2215,1000,102241,i-cof kids,CARBOCYSTEINE,NULL,ขย.9,NULL,ยาน้ำสำหรับเด็ก,,,กล่อง,8.85511E+12,100,NULL,FALSE,FALSE,NULL,,,NULL,NULL,NULL,NULL,NULL,NULL,1,NULL
2216,1000,102242,re nu fresh multi purpose solution 120 ml,NULL,NULL,ขย.9,NULL,อุปกรณ์ทางการแพทย์,,,กล่อง,3.10119E+11,100,NULL,FALSE,FALSE,NULL,,,NULL,NULL,NULL,NULL,NULL,NULL,1,NULL
2217,1000,102243,Fungiderm B cream 10 g,CLOTRIMAZOLE+BETAMETHASONE,ANTIFUNGALS,ขย.9,NULL,อุปกรณ์ทางการแพทย์,,,หลอด,8.85229E+12,100,NULL,FALSE,FALSE,NULL,,,NULL,NULL,NULL,NULL,NULL,NULL,1,NULL
2218,1000,102244,ลิปส์แคร์ (Lipcrae) ตราเภสัชกร 2 กรัม,NULL,NULL,ขย.9,NULL,เครื่องสำอางและผลิตภัณฑ์ค,,,ตลับ,8.8572E+12,100,NULL,FALSE,FALSE,NULL,,,NULL,NULL,NULL,NULL,NULL,NULL,1,NULL
2219,1000,102231,Naphcon-A 15ml,PHENTERMINE,NULL,ขย.9,NULL,ยาหู ตา คอ จมูก,,,กล่อง,3.0065E+11,100,NULL,FALSE,FALSE,NULL,,,NULL,NULL,NULL,NULL,NULL,NULL,1,NULL
2220,1000,102245,Canasone CB 5g,CLOTRIMAZOLE,NULL,ขย.9,NULL,ยาระบบการติดเชื้อ,,,กล่อง,8.85147E+12,100,NULL,FALSE,FALSE,NULL,,,NULL,NULL,NULL,NULL,NULL,NULL,1,NULL
2221,1000,102246,แบนเนอร์ โปรตีนจากถั่วเหลือง (แดง),NULL,NULL,ขย.9,NULL,วิตามินและอาหารเสริม,,,ขวด,8.85112E+12,100,NULL,FALSE,FALSE,NULL,,,NULL,NULL,NULL,NULL,NULL,NULL,1,NULL
2222,1000,102247,Madonna 1 ยาคุมฉุกเฉิน,LEVONORGESTREL,NULL,ขย.9,NULL,ยาคุมกำเนิดและฮอร์โมนทดแท,,,กล่อง,8.85266E+12,100,NULL,FALSE,FALSE,NULL,,,NULL,NULL,NULL,NULL,NULL,NULL,1,NULL
2223,1000,102248,Zovirax cream 5 g,ACICLOVIR,ANTIVIRALS,ขย.9,NULL,ยาใช้เฉพาะที่,,,กล่อง,8.85101E+12,100,NULL,FALSE,FALSE,NULL,,,NULL,NULL,NULL,NULL,NULL,NULL,1,NULL
2224,1000,102249,Covid 19 (Nasal/Saliva Swab) 2 in 1 /set,ACETYLCYSTEINE,ANTIDIARRHOEALS,ขย.9,NULL,อุปกรณ์ทางการแพทย์,,,กล่อง,6.9528E+12,100,NULL,FALSE,FALSE,NULL,,,NULL,NULL,NULL,NULL,NULL,NULL,1,NULL
2225,1000,102250,GICA  A/B+RSV 1 Set,NULL,NULL,ขย.9,NULL,อุปกรณ์ทางการแพทย์,,,กล่อง,8.85924E+12,100,NULL,FALSE,FALSE,NULL,,,NULL,NULL,NULL,NULL,NULL,NULL,1,NULL
2226,1000,102251,ขมิ้นผงแท้  ตราโพธิ์แก้ว 400 กรัม,NULL,NULL,ขย.9,NULL,"ยาสมุนไพร, ยาแผนโบราณ",,,กล่อง,102251,100,NULL,FALSE,FALSE,NULL,,,NULL,NULL,NULL,NULL,NULL,NULL,1,NULL
2227,1000,102252,vita-Cสับปะรด 1000เม็ด,ASCORBIC ACID,VITAMINS & MINERALS,ขย.9,NULL,วิตามินและอาหารเสริม,,,กระปุก,8.85712E+12,100,NULL,FALSE,FALSE,NULL,,,NULL,NULL,NULL,NULL,NULL,NULL,1,NULL
2228,1000,102253,ยาน้ำมันเหลืองสูตรไพล  ตราแม่กุหลาบ 20 ml,NULL,NULL,ขย.9,NULL,"ยาสมุนไพร, ยาแผนโบราณ",,,ขวด,8.85657E+12,100,NULL,FALSE,FALSE,NULL,,,NULL,NULL,NULL,NULL,NULL,NULL,1,NULL
2229,1000,102254,Deanxit Film-Coates Tablet 10 tab,FLUPENTIXOL + MELITRACEN,NULL,ขย.9,NULL,ยาในโรคเรื้อรัง (Drug for,,,แผง,5.70216E+12,100,NULL,FALSE,FALSE,NULL,,,NULL,NULL,NULL,NULL,NULL,NULL,1,NULL
2230,1000,102255,ผ้าอนามัย ลอรีเอะ 35cm 4 ชิ้น-,NULL,NULL,NULL,NULL,เบ็ดเตล็ด,,,ห่อ,8.99273E+12,100,NULL,FALSE,FALSE,NULL,,,NULL,NULL,NULL,NULL,NULL,NULL,1,NULL
2231,1000,102256,มามี่โพโคแฮปปี้เเพ้นท์ S 4ชิ้น,NULL,NULL,NULL,NULL,เบ็ดเตล็ด,,,ห่อ,8.85111E+12,100,NULL,FALSE,FALSE,NULL,,,NULL,NULL,NULL,NULL,NULL,NULL,1,NULL
2232,1000,102257,ผ้าอ้อมผู้ใหญ่ เซอร์เทนตี้ เทป M,NULL,NULL,NULL,NULL,เบ็ดเตล็ด,,,ห่อ,8.85071E+12,100,NULL,FALSE,FALSE,NULL,,,NULL,NULL,NULL,NULL,NULL,NULL,1,NULL
2233,1000,102258,PuLmicort  Tubuhaler 200 mcg /dose,BUDESONIDE,ANTIASTHMATIC PREPARATIONS,ขย.9,NULL,ยาในโรคเรื้อรัง (Drug for,,,กล่อง,5.00046E+12,100,NULL,FALSE,FALSE,NULL,,,NULL,NULL,NULL,NULL,NULL,NULL,1,NULL
2234,1000,102259,Emulax 10x10,BISACODYL,LAXATIVES,ขย.9,NULL,ยาทางเดินอาหาร,,,แผง,8.85209E+12,100,NULL,FALSE,FALSE,NULL,,,NULL,NULL,NULL,NULL,NULL,NULL,1,NULL
2235,1000,102260,Lonnagel กลิ่นเชอรี่ (ซอง),NULL,STEROIDS,ขย.9,NULL,ยาใช้เฉพาะที่,,,ซอง,8.85511E+12,100,NULL,FALSE,FALSE,NULL,,,NULL,NULL,NULL,NULL,NULL,NULL,1,NULL
2236,1000,102261,PYGABA75,NULL,NULL,NULL,NULL,NULL,,,NULL,8.85347E+12,100,NULL,FALSE,FALSE,NULL,,,NULL,NULL,NULL,NULL,NULL,NULL,1,NULL
2237,1000,102262,AQUA MARIS Strong,NULL,NULL,NULL,NULL,NULL,,,NULL,3.85601E+12,100,NULL,FALSE,FALSE,NULL,,,NULL,NULL,NULL,NULL,NULL,NULL,1,NULL
2238,1000,102263,ปรอทวัดไข้ ดิจิตอล,NULL,NULL,NULL,NULL,NULL,,,NULL,8.8591E+12,100,NULL,FALSE,FALSE,NULL,,,NULL,NULL,NULL,NULL,NULL,NULL,1,NULL
2239,1000,102264,Senolax 10 ',NULL,NULL,ขย.9,NULL,NULL,,,แผง,8.85024E+12,100,NULL,FALSE,FALSE,NULL,,,NULL,NULL,NULL,NULL,NULL,NULL,1,NULL
2240,1000,102265,Tylenol 8 hour,NULL,NULL,ขย.9,NULL,NULL,,,NULL,8.85001E+12,100,NULL,FALSE,FALSE,NULL,,,NULL,NULL,NULL,NULL,NULL,NULL,1,NULL
2241,1000,102266,KERRA,NULL,NULL,NULL,NULL,NULL,,,NULL,8.85899E+12,100,NULL,FALSE,FALSE,NULL,,,NULL,NULL,NULL,NULL,NULL,NULL,1,NULL
2242,1000,102267,BUFENAC FORTE 10 tab,DICLOFENAC,NSAIDs,ขย.9,NULL,ยาในโรคเรื้อรัง (Drug for,,,แผง,8.85147E+12,100,NULL,FALSE,FALSE,NULL,,,NULL,NULL,NULL,NULL,NULL,NULL,1,NULL
2243,1000,102268,Canesten  Cream 20g,CLOTRIMAZOLE,ANTIFUNGALS,ขย.9,NULL,ยาใช้ภายนอก,,,หลอด,8.85017E+12,100,NULL,FALSE,FALSE,NULL,,,NULL,NULL,NULL,NULL,NULL,NULL,1,NULL
2244,1000,102269,Silverderm cream 25g,SILVER SULFADIAZINE,ANTIBIOTICS,ขย.9,NULL,ยาใช้เฉพาะที่,,,หลอด,8.85188E+12,100,NULL,FALSE,FALSE,NULL,,,NULL,NULL,NULL,NULL,NULL,NULL,1,NULL
2245,1000,102270,M-Flox 400,NULL,NULL,NULL,NULL,NULL,,,NULL,8.85892E+12,100,NULL,FALSE,FALSE,NULL,,,NULL,NULL,NULL,NULL,NULL,NULL,1,NULL
2246,1000,102271,Sofclens 500ml,NULL,NULL,ขย.9,NULL,อุปกรณ์ทางการแพทย์,,,ขวด,8.85147E+12,100,NULL,FALSE,FALSE,NULL,,,NULL,NULL,NULL,NULL,NULL,NULL,1,NULL
2247,1000,102272,SOS แผ่นแอลกอฮอล์ 70% ทางการแพทย์ 1 แผ่น/ซอง,NULL,NULL,ขย.9,NULL,อุปกรณ์ทางการแพทย์,,,ซอง,8.85924E+12,100,NULL,FALSE,FALSE,NULL,,,NULL,NULL,NULL,NULL,NULL,NULL,1,NULL
2248,1000,102274,มะขามป้อม ตราแสงดาว 60 ม.ล,NULL,NULL,NULL,NULL,NULL,,,NULL,8.85112E+12,100,NULL,FALSE,FALSE,NULL,,,NULL,NULL,NULL,NULL,NULL,NULL,1,NULL
2249,1000,102275,ezy dose Pill Planner ตลับใส่เม็ดยา สีเขียว,NULL,NULL,NULL,NULL,NULL,,,NULL,102275,100,NULL,FALSE,FALSE,NULL,,,NULL,NULL,NULL,NULL,NULL,NULL,1,NULL
2250,1000,102276,สมุนไพรคุณสัมฤทธิ์ พลูคาว 60 แคปซูล,NULL,NULL,NULL,NULL,NULL,,,NULL,8.85948E+12,100,NULL,FALSE,FALSE,NULL,,,NULL,NULL,NULL,NULL,NULL,NULL,1,NULL
2251,1000,102277,Brusoft 400 mg 10  soft capsules ,IBUPROFEN,NULL,ขย.9,NULL,ปวดหัว/ไมเกรน,,,กล่อง,8.85944E+12,100,NULL,FALSE,FALSE,NULL,,,NULL,NULL,NULL,NULL,NULL,NULL,1,NULL
2252,1000,102278,C&Lว่านชักมดลูก ผสมเอี๊ยะบ่อเช่า ตราซีแอนด์แอล 40 แคปซูล,NULL,NULL,NULL,NULL,NULL,,,NULL,8.85882E+12,100,NULL,FALSE,FALSE,NULL,,,NULL,NULL,NULL,NULL,NULL,NULL,1,NULL
2253,1000,102279,Dermaheu Cream 5g,NULL,NULL,ขย.9,NULL,NULL,,,หลอด,8.85147E+12,100,NULL,FALSE,FALSE,NULL,,,NULL,NULL,NULL,NULL,NULL,NULL,1,NULL
2254,1000,102280,opti-free 10ml,NULL,NULL,NULL,NULL,NULL,,,NULL,3.0065E+11,100,NULL,FALSE,FALSE,NULL,,,NULL,NULL,NULL,NULL,NULL,NULL,1,NULL
2255,1000,102281,TC-MYCIN oinment,NULL,NULL,NULL,NULL,NULL,,,NULL,8.85511E+12,100,NULL,FALSE,FALSE,NULL,,,NULL,NULL,NULL,NULL,NULL,NULL,1,NULL
2256,1000,102282,Progynova 1 mg  1x28',NULL,HORMONES,ขย.9,NULL,ยาคุมกำเนิดและฮอร์โมนทดแท,,,แผง,4.0576E+12,100,NULL,FALSE,FALSE,NULL,,,NULL,NULL,NULL,NULL,NULL,NULL,1,NULL
2257,1000,102283,Klean&kare NSS 1000 ml,NULL,NULL,ขย.9,NULL,NULL,,,NULL,8.85406E+12,,NULL,FALSE,FALSE,NULL,,,NULL,NULL,NULL,NULL,NULL,NULL,,NULL
2258,1000,102284,ยาอม มะขามป้อม ตราห้างธงทองโอสถ 10 เม็ด,LEVONORGESTREL,MOUTH/THROAT PREPARATIONS,ขย.9,NULL,"ยาสมุนไพร, ยาแผนโบราณ",,,ซอง,8.8571E+12,,NULL,FALSE,FALSE,NULL,,,NULL,NULL,NULL,NULL,NULL,NULL,,NULL
2259,1000,102285,Zimva 20mg,Simvastatin,ANTILEPROTICS,ขย.9,NULL,ยาในโรคเรื้อรัง (Drug for,,,แผง,8.85068E+12,,NULL,FALSE,FALSE,NULL,,,NULL,NULL,NULL,NULL,NULL,NULL,,NULL
2260,1000,102286,ยาอมผสมกิกเก้ ตราไกรทอง,NULL,NULL,ขย.9,NULL,"ยาสมุนไพร, ยาแผนโบราณ",,,แผง,8.85092E+12,,NULL,FALSE,FALSE,NULL,,,NULL,NULL,NULL,NULL,NULL,NULL,,NULL
2261,1000,102289,Difflam orange ,NULL,NULL,ขย.9,NULL,ยาอม,,,แผง,9.31406E+12,,NULL,FALSE,FALSE,NULL,,,NULL,NULL,NULL,NULL,NULL,NULL,,NULL
2262,1000,102287,GLYCERIN 12ชิ้น/กล่อง (เด็ก),CYPROTERONE ACETATE,LAXATIVES,ขย.9,NULL,ยาทางเดินอาหาร,,,กระปุก,8.85802E+12,,NULL,FALSE,FALSE,NULL,,,NULL,NULL,NULL,NULL,NULL,NULL,1,NULL
2263,1000,102288,iliadin 0.05% nasol drops >6year ,OXYMETAZOLINE,DECONGESTANTS & OTHER NASAL PR,ขย.9,NULL,ยาระบบทางเดินหายใจ,,,ขวด,4.98718E+12,100,NULL,FALSE,FALSE,NULL,,,NULL,NULL,NULL,NULL,NULL,NULL,1,NULL
2264,1000,102290,ยาหม่องขาวตรา 5 เจดีย์ 10 กรัม,NULL,NULL,ขย.9,NULL,NULL,,,NULL,8.85308E+12,,NULL,FALSE,FALSE,NULL,,,22,NULL,NULL,NULL,NULL,NULL,1,NULL
2265,1000,102291,Bronal Syrup 60ml,LEVODROPROPIZINE,COUGH & COLD REMEDIES,ขย.9,NULL,ยาน้ำสำหรับเด็ก,,,ขวด,8.71465E+12,,NULL,FALSE,TRUE,NULL,,,NULL,NULL,NULL,NULL,NULL,NULL,,NULL
2266,1000,102292,Skinoren 30g,AZELAIC ACID,ANTIBIOTICS,ขย.9,NULL,ยาใช้เฉพาะที่,,,กล่อง,5.70219E+12,,NULL,FALSE,FALSE,NULL,,,NULL,NULL,NULL,NULL,NULL,NULL,,NULL
2267,1000,102293,ยาไม่ต้องอยู่ไฟ ตราพารา ขนาด 10 ออนซ์,NULL,NULL,ขย.9,NULL,"ยาสมุนไพร, ยาแผนโบราณ",,,ขวด,8.85912E+12,,NULL,FALSE,FALSE,NULL,,,NULL,NULL,NULL,NULL,NULL,NULL,,NULL
2268,1000,102294,futuro ข้อมือ free size 1ชิ้น/กล่อง,NULL,NULL,NULL,NULL,อุปกรณ์ทางการแพทย์,,,ชิ้น,0,100,NULL,FALSE,FALSE,NULL,,,NULL,NULL,NULL,NULL,NULL,NULL,1,NULL
2269,1000,102295,เอ็น-เซ่น เฟิร์สแบนด์ ขนาด 2 นิ้ว,NULL,NULL,NULL,NULL,อุปกรณ์ทางการแพทย์,,,ชิ้น,8.85511E+12,100,NULL,FALSE,FALSE,NULL,,,NULL,NULL,NULL,NULL,NULL,NULL,1,NULL
2270,1000,102296,Redoxon Zinc,MULTIVITAMINS & MINERALS,VITAMINS & MINERALS,ขย.9,ขย.9,วิตามินและอาหารเสริม,,,กล่อง,8.85017E+12,100,NULL,FALSE,FALSE,NULL,,,NULL,NULL,NULL,NULL,NULL,NULL,1,NULL
2271,1000,100000,BLACKMORES MULTIVITAMIN NUTRI 50+ 30 TAB,NULL,VITAMINS & MINERALS,ขย.9,ขย.9,วิตามินและอาหารเสริม,,,ขวด,93562812,,NULL,FALSE,FALSE,NULL,,,NULL,NULL,NULL,NULL,NULL,NULL,,NULL
2272,1000,102297,povidne วิทยาศรม 30ml,NULL,NULL,ขย.9,NULL,อุปกรณ์ทางการแพทย์,,,ขวด,8.85008E+12,,NULL,FALSE,FALSE,NULL,,,NULL,NULL,NULL,NULL,NULL,NULL,,NULL
2273,1000,102298,ดูดูเลิฟ สำลีจิ๋วบริสุทธิ์ 100 ก้าน,NULL,NULL,ขย.9,NULL,อุปกรณ์ทางการแพทย์,,,ซอง,249542,100,NULL,FALSE,FALSE,NULL,,,NULL,NULL,NULL,NULL,NULL,NULL,1,NULL
2274,1000,102299,RACHI extra UV protection 10 g,NULL,NULL,ขย.9,NULL,เครื่องสำอางและสินค้าอุปโภคบริโภค,,,NULL,8.85951E+12,100,NULL,FALSE,FALSE,NULL,,,NULL,NULL,NULL,NULL,NULL,NULL,1,NULL
2275,1000,102300,Yerpall Thailand Since 2012  Bio Lyn Anti Acne Cream 6g,NULL,NULL,ขย.9,NULL,เครื่องสำอางและสินค้าอุปโภคบริโภค,,,ขวด,4514,100,NULL,FALSE,FALSE,NULL,,,NULL,NULL,NULL,NULL,NULL,NULL,,NULL
2276,1000,102301,GYN SPF50PA+++(ขาว),NULL,NULL,ขย.9,NULL,เครื่องสำอางและสินค้าอุปโภคบริโภค,,,ชิ้น,220204,100,NULL,FALSE,FALSE,NULL,,,NULL,NULL,NULL,NULL,NULL,NULL,1,NULL
2277,1000,102302,Classy HYA Serum 500 ml,NULL,NULL,ขย.9,NULL,เครื่องสำอางและสินค้าอุปโภคบริโภค,,,ขวด,4665,100,NULL,FALSE,FALSE,NULL,,,NULL,NULL,NULL,NULL,NULL,NULL,1,NULL
2278,1000,102303,The Elf NaNo White Dose 60 ml หัวเชื้อบำรุงผิว,NULL,NULL,ขย.9,NULL,เครื่องสำอางและสินค้าอุปโภคบริโภค,,,ขวด,4452,100,NULL,FALSE,FALSE,NULL,,,NULL,NULL,NULL,NULL,NULL,NULL,1,NULL
2279,1000,102304,Nivea Dewy Sakura White Lotion 200 ml,NULL,NULL,ขย.9,NULL,เครื่องสำอางและสินค้าอุปโภคบริโภค,,,ขวด,8.85003E+12,100,NULL,FALSE,FALSE,NULL,,,NULL,NULL,NULL,NULL,NULL,NULL,1,NULL
2280,1000,102305,Clean and Clear Foaming Face wash 100 ml,NULL,NULL,ขย.9,NULL,เครื่องสำอางและสินค้าอุปโภคบริโภค,,,ขวด,8.85001E+12,100,NULL,FALSE,FALSE,NULL,,,NULL,NULL,NULL,NULL,NULL,NULL,1,NULL
2281,1000,102306,MADAME HENG สบู่สมุนไพรกลั่น 160 g,NULL,NULL,ขย.9,NULL,เครื่องสำอางและสินค้าอุปโภคบริโภค,,,กล่อง,5958,100,NULL,FALSE,FALSE,NULL,,,NULL,NULL,NULL,NULL,NULL,NULL,1,NULL
2282,1000,102307,STAR HUB Whitening Serum Suitable For Sensitive Skin Vitamin C E B3 + Hiya  15 ml,NULL,NULL,ขย.9,NULL,เครื่องสำอางและสินค้าอุปโภคบริโภค,,,ขวด,102307,100,NULL,FALSE,FALSE,NULL,,,NULL,NULL,NULL,NULL,NULL,NULL,1,NULL
2283,1000,102308,เกลือสปามีนาน้ำนม350กรัม,NULL,NULL,ขย.9,NULL,เครื่องสำอางและสินค้าอุปโภคบริโภค,,,ถุง,8.85907E+12,100,NULL,FALSE,FALSE,NULL,,,NULL,NULL,NULL,NULL,NULL,NULL,1,NULL
2284,1000,102309,เกลือมีนาขมิ้น350กรัม,NULL,NULL,ขย.9,NULL,เครื่องสำอางและสินค้าอุปโภคบริโภค,,,ถุง,8.85907E+12,100,NULL,FALSE,FALSE,NULL,,,NULL,NULL,NULL,NULL,NULL,NULL,1,NULL
2285,1000,102310,TIGERPLAST 80mmx100m P3,NULL,NULL,ขย.9,NULL,อุปกรณ์ทางการแพทย์,,,กล่อง,8.85067E+12,100,NULL,FALSE,FALSE,NULL,,,NULL,NULL,NULL,NULL,NULL,NULL,1,NULL
2286,1000,102311,ถุงมือ progroves Size.S สีขาว 100 ชิ้น,NULL,NULL,ขย.9,NULL,อุปกรณ์ทางการแพทย์,,,กล่อง,8.2157E+12,100,NULL,FALSE,FALSE,NULL,,,NULL,NULL,NULL,NULL,NULL,NULL,1,NULL
2287,1000,102312,KLEANGLOVE ถุงมือ S สีฟ้า,NULL,NULL,ขย.9,NULL,อุปกรณ์ทางการแพทย์,,,กล่อง,8.8591E+12,100,NULL,FALSE,FALSE,NULL,,,NULL,NULL,NULL,NULL,NULL,NULL,1,NULL
2288,1000,102313,KLEANGLOVE ถุงมือ M สีฟ้า,NULL,NULL,ขย.9,NULL,อุปกรณ์ทางการแพทย์,,,กล่อง,8.8591E+12,100,NULL,FALSE,FALSE,NULL,,,NULL,NULL,NULL,NULL,NULL,NULL,1,NULL
2289,1000,102314,ไม้กดลิ้น Wuyang 100 ชิ้น/กล่องสีเขียว,NULL,NULL,ขย.9,NULL,อุปกรณ์ทางการแพทย์,,,กล่อง,102314,100,NULL,FALSE,FALSE,NULL,,,NULL,NULL,NULL,NULL,NULL,NULL,1,NULL
2290,1000,102315,tubigrip ( L ) สวมเข่า,NULL,NULL,ขย.9,NULL,อุปกรณ์ทางการแพทย์,,,ชิ้น,102315,100,NULL,FALSE,FALSE,NULL,,,NULL,NULL,NULL,NULL,NULL,NULL,1,NULL
2291,1000,102316,tubigrip อุปกรณ์พยุงข้อเท้า Size S,NULL,NULL,ขย.9,NULL,อุปกรณ์ทางการแพทย์,,,ชิ้น,8.85203E+12,100,NULL,FALSE,FALSE,NULL,,,NULL,NULL,NULL,NULL,NULL,NULL,1,NULL
2292,1000,102317,กล่องใส่ยา,NULL,NULL,ขย.9,NULL,อุปกรณ์ทางการแพทย์,,,กล่อง,102317,100,NULL,FALSE,FALSE,NULL,,,NULL,NULL,NULL,NULL,NULL,NULL,1,NULL
2293,1000,102318,ชุด PPE ไซต์ M 1 ชุด,NULL,NULL,ขย.9,NULL,อุปกรณ์ทางการแพทย์,,,ชิ้น,102318,100,NULL,FALSE,FALSE,NULL,,,NULL,NULL,NULL,NULL,NULL,NULL,1,NULL
2294,1000,102319,3M Futuro พยุงนิ้วหัวแม่มือ รุ่นสีดำ Size L/XL,NULL,NULL,ขย.9,NULL,อุปกรณ์ทางการแพทย์,,,ชิ้น,51131198548,100,NULL,FALSE,FALSE,NULL,,,NULL,NULL,NULL,NULL,NULL,NULL,1,NULL
2295,1000,102320,3M futuro knee support พยุงเข่า L ,NULL,NULL,ขย.9,NULL,อุปกรณ์ทางการแพทย์,,,ชิ้น,51131201002,100,NULL,FALSE,FALSE,NULL,,,NULL,NULL,NULL,NULL,NULL,NULL,1,NULL
2296,1000,102321,3M futuro knee support พยุงเข่า M,NULL,NULL,ขย.9,NULL,อุปกรณ์ทางการแพทย์,,,ชิ้น,51131200999,100,NULL,FALSE,FALSE,NULL,,,NULL,NULL,NULL,NULL,NULL,NULL,1,NULL
2297,1000,102322,Face Shield Acrylic ,NULL,NULL,ขย.9,NULL,อุปกรณ์ทางการแพทย์,,,ชิ้น,102322,100,NULL,FALSE,FALSE,NULL,,,NULL,NULL,NULL,NULL,NULL,NULL,1,NULL
2298,1000,102323,Topicote 0.25% Skin ceam 15 g,DESOXIMETHASONE,ANTIFUNGALS,ขย.9,NULL,ยาใช้เฉพาะที่,,,กล่อง,8.03366E+12,,NULL,FALSE,FALSE,NULL,,,NULL,NULL,NULL,NULL,NULL,NULL,,NULL
2299,1000,102324,Supirocin Oin Oinment 5 g.,MUPIROCIN,ANTIBIOTICS,ขย.9,NULL,ยาใช้เฉพาะที่,,,หลอด,8.90409E+12,,NULL,FALSE,FALSE,NULL,,,NULL,NULL,NULL,NULL,NULL,NULL,,NULL
2300,1000,102325,ขวดนม pigeon RPP ไม่มีการ์ตูน 8 ออนซ์,NULL,NULL,NULL,NULL,ผลิตภัณท์เด็ก,,,ขวด,102325,100,NULL,FALSE,FALSE,NULL,,,NULL,NULL,NULL,NULL,NULL,NULL,1,NULL
2301,1000,102326,ขวดนม pigeon RPP ไม่มีการ์ตูน 4 ออนซ์,NULL,NULL,NULL,NULL,ผลิตภัณท์เด็ก,,,ขวด,102326,100,NULL,FALSE,FALSE,NULL,,,NULL,NULL,NULL,NULL,NULL,NULL,1,NULL
2302,1000,102327,ยาดม peppermint  black,NULL,NULL,ขย.9,NULL,"ยาสมุนไพร, ยาแผนโบราณ",,,หลอด,8.85011E+12,100,NULL,FALSE,FALSE,NULL,,,NULL,NULL,NULL,NULL,NULL,NULL,1,NULL
2303,1000,102328,tubigrip อุปกรณ์พยุงข้อเท้า Size XL,NULL,NULL,ขย.9,NULL,อุปกรณ์ทางการแพทย์,,,กล่อง,8.85203E+12,,NULL,FALSE,FALSE,NULL,,,NULL,NULL,NULL,NULL,NULL,NULL,,NULL
2304,1000,102329,Falatien Junior 60 ml  น้ำเชื่อม สับปะรด,LORATADINE,ANTIHISTAMINES & ANTIALLERGICS,ขย.9,NULL,ยาน้ำสำหรับเด็ก,,,ขวด,8.85147E+12,100,NULL,FALSE,FALSE,NULL,,,NULL,NULL,NULL,NULL,NULL,NULL,1,NULL
2305,1000,102330,Vistra FISH OiL 1000mg  75เม็ด,CARMINATIVE+ANTIFLATULENCE,NULL,ขย.9,NULL,วิตามินและอาหารเสริม,,,ขวด,8.85152E+12,,NULL,FALSE,FALSE,NULL,,,NULL,NULL,NULL,NULL,NULL,NULL,,NULL
2306,1000,102331,A-Tussin Coated 10 Tab,Dextromethorphan Hydrobromide,Antitussives,ขย.11,ขย.11,ยาหู ตา คอ จมูก,,,แผง,8.85254E+12,100,NULL,FALSE,FALSE,NULL,,,NULL,NULL,NULL,NULL,NULL,NULL,1,NULL
2307,1000,102332,Klean&Kare NSS 0.9% น้ำเกลือ 500 ml จุกแหลม,NULL,NULL,ขย.9,NULL,อุปกรณ์ทางการแพทย์,,,ขวด,8.85406E+12,100,NULL,FALSE,FALSE,NULL,,,NULL,NULL,NULL,NULL,NULL,NULL,1,NULL
2308,1000,102333,FLANIL 60g,NULL,NULL,ขย.9,NULL,ยาใช้เฉพาะที่,,,หลอด,8.85266E+12,,NULL,FALSE,FALSE,NULL,,,NULL,NULL,NULL,NULL,NULL,NULL,,NULL
2309,1000,102334,Belara  21tab,CHLORMADIONE ACETATE+EE,CONTRACEPTIVE AGENTS,ขย.9,NULL,ยาคุมกำเนิดและฮอร์โมนทดแท,,,กล่อง,8.8528E+12,100,NULL,FALSE,FALSE,NULL,,,NULL,NULL,NULL,NULL,NULL,NULL,1,NULL
2310,1000,102335,Pregabalin Sandoz 25 mg,PREGABALIN,ANTINEUROPATHIC,ขย.9,NULL,ยาในโรคเรื้อรัง (Drug for,,,กล่อง,8.85236E+12,,NULL,FALSE,FALSE,NULL,,,NULL,NULL,685,NULL,NULL,NULL,,NULL
2311,1000,102336,Ganaton 50 mg 1x10 tab,ITOPRIDE HYDROCHLORIDE,ANTIACID,ขย.9,NULL,ยาทางเดินอาหาร,,,กล่อง,8.00266E+12,,NULL,FALSE,FALSE,NULL,,,NULL,NULL,180,NULL,NULL,NULL,,NULL
2312,1000,102337,Mistine Goat Milk extra mild lotion 300 ml,NULL,NULL,NULL,NULL,เครื่องสำอางและสินค้าอุปโภคบริโภค,,,ขวด,8.85918E+12,,NULL,FALSE,FALSE,NULL,,,69,NULL,NULL,NULL,NULL,NULL,,NULL
2313,1000,102338,ฮอทต้า ขิงสูตรต้นตำรับ 14 ซอง,NULL,NULL,ขย.9,NULL,"ยาสมุนไพร, ยาแผนโบราณ",,,ซอง,8.85037E+12,,NULL,FALSE,FALSE,NULL,,,NULL,NULL,NULL,NULL,NULL,NULL,,NULL
2314,1000,102339,ฮอทต้า สูตรต้นตำรับ 5 ซอง,NULL,NULL,ขย.9,NULL,"ยาสมุนไพร, ยาแผนโบราณ",,,ซอง,8.85037E+12,,NULL,FALSE,FALSE,NULL,,,NULL,NULL,NULL,NULL,NULL,NULL,,NULL
2315,1000,100000,ที่ขัดตัว ซิลิโคน,NULL,VITAMINS & MINERALS,ขย.9,ขย.9,อุปกรณ์ทางการแพทย์,,,อัน,6598,,NULL,FALSE,FALSE,NULL,,,NULL,NULL,NULL,NULL,NULL,NULL,,NULL
2316,1000,102340,Fango cream 5 g,CLOTRIMAZOLE,NULL,ขย.9,NULL,ยาระบบการติดเชื้อ,,,กล่อง,8.85335E+12,,NULL,FALSE,FALSE,NULL,,,NULL,NULL,NULL,NULL,NULL,NULL,,NULL
2317,1000,102341,น้ำเกลือ 0.9% NaCl klean&Kare 1000 ml ฝาเกลียว ,NULL,NULL,ขย.9,NULL,อุปกรณ์ทางการแพทย์,,,ขวด,8.85406E+12,,NULL,FALSE,FALSE,NULL,,,NULL,NULL,NULL,NULL,NULL,NULL,,NULL
2318,1000,102342,สำลีก้าน BIO PLAST size S 100 ก้าน,NULL,NULL,ขย.9,NULL,อุปกรณ์ทางการแพทย์,,,ห่อ,8.85913E+12,,NULL,FALSE,FALSE,NULL,,,NULL,NULL,NULL,NULL,NULL,NULL,,NULL
2319,1000,102343,ผ้าอนามัย แบบสอด O.B ProComfort 8 ชิ้น,NULL,NULL,ขย.9,NULL,เครื่องสำอางและสินค้าอุปโภคบริโภค,,,กล่อง,4.89108E+12,,NULL,FALSE,FALSE,NULL,,,NULL,NULL,NULL,NULL,NULL,NULL,,NULL
2320,1000,102344,Nelapine 20 mg SR 3x10',NIFIDIPINE,NULL,ขย.9,NULL,ยาในโรคเรื้อรัง (Drug for,,,กล่อง,8.85262E+12,,NULL,FALSE,FALSE,NULL,,,NULL,NULL,NULL,NULL,NULL,NULL,,NULL
2321,1000,102345,Voltaren SR100,DICLOFENAC,NSAIDs,ขย.9,NULL,ยาระบบกล้ามเนื้อ-ข้อต่อ,,,แผง,8.85236E+12,,NULL,FALSE,FALSE,NULL,,,NULL,NULL,NULL,NULL,NULL,NULL,,NULL
2322,1000,102346,Zertine Syrup,CETIRIZINE,ANTIHISTAMINES & ANTIALLERGICS,ขย.9,NULL,ยาน้ำสำหรับเด็ก,,,ขวด,8.85335E+12,,NULL,FALSE,FALSE,NULL,,,NULL,NULL,NULL,NULL,NULL,NULL,,NULL
2323,1000,102347,CEZA Syrup 60ml,CETIRIZINE,ANTIHISTAMINES & ANTIALLERGICS,ขย.9,NULL,ยาน้ำสำหรับเด็ก,,,ขวด,8.85898E+12,100,NULL,FALSE,FALSE,NULL,,,NULL,NULL,NULL,NULL,NULL,NULL,1,NULL
2324,1000,102348,I Fen Syrup 60ml,IBUPROFEN,NSAIDs,ขย.9,NULL,ยาน้ำสำหรับเด็ก,,,ขวด,8.85501E+12,100,NULL,FALSE,FALSE,NULL,,,NULL,NULL,NULL,NULL,NULL,NULL,1,NULL
2325,1000,102349,TERCO-D 10 tab,DEXTROMETHORPH+GUAIFENESIN+TERPIN HYDRATE,Antitussives,ขย.9,ขย.11,ยาระบบทางเดินหายใจ,,,แผง,8.85291E+12,100,NULL,FALSE,FALSE,NULL,,,NULL,NULL,NULL,NULL,NULL,NULL,1,NULL
2326,1000,102350,MEGA Evening Primrose Oil 1000 mg  100 tab,NULL,NULL,ขย.9,NULL,วิตามินและอาหารเสริม,,,กระปุก,8.85077E+12,,NULL,FALSE,FALSE,NULL,,,NULL,NULL,NULL,NULL,NULL,NULL,,NULL
2327,1000,102351,Kanolone Oral Paste ขี้ผรสส้ม 5 g.  ,MICONAZOLE + TRIAMCINOLONE,ANTI-INFLAMMATORY ENZYMES,ขย.9,NULL,ยาใช้เฉพาะที่,,,หลอด,8.85281E+12,,NULL,FALSE,FALSE,NULL,,,NULL,NULL,NULL,NULL,NULL,NULL,,NULL
2328,1000,102352,Nutroplex Oilgo 100 ml ,NULL,NULL,ขย.9,NULL,วิตามินและอาหารเสริม,,,ขวด,8.85897E+12,,NULL,FALSE,FALSE,NULL,,,NULL,NULL,NULL,NULL,NULL,NULL,,NULL
2329,1000,102353,อโรติกา คูลเจล ไพร็อคซิแคม 100 กรัม,PIROXICAM,ANTI-INFLAMMATORY ENZYMES,ขย.9,NULL,ยาใช้เฉพาะที่,,,หลอด,8.85899E+12,,NULL,FALSE,FALSE,NULL,,,NULL,NULL,NULL,NULL,NULL,NULL,,NULL
2330,1000,102354,bio Green Treatment Cream 30 ml,NULL,NULL,ขย.9,NULL,เครื่องสำอางและสินค้าอุปโภคบริโภค,,,ซอง,8.8538E+12,,NULL,FALSE,FALSE,NULL,,,NULL,NULL,NULL,NULL,NULL,NULL,,NULL
2331,1000,102355,SIVANNA Soft Matte Lip Cream Set No. E,NULL,NULL,NULL,NULL,เครื่องสำอางและสินค้าอุปโภคบริโภค,,,กล่อง,0,,NULL,FALSE,FALSE,NULL,,,NULL,NULL,NULL,NULL,NULL,NULL,,NULL
2332,1000,102356,CALTAB 30 tab,CALCIUM+VITAMIN D,NULL,ขย.9,NULL,วิตามินและอาหารเสริม,,,กล่อง,8.85546E+12,,NULL,FALSE,FALSE,NULL,,,NULL,NULL,NULL,NULL,NULL,NULL,,NULL
2333,1000,102357,ผ้าพยุงข้อเท้า tubigrip ไซต์ L,NULL,NULL,ขย.9,NULL,อุปกรณ์ทางการแพทย์,,,NULL,8.85203E+12,,NULL,FALSE,FALSE,NULL,,,NULL,NULL,NULL,NULL,NULL,NULL,,NULL
2334,1000,102358,3M FUTURO พยุงข้อมือ ADJ ขนาด 14-24.1 ซม.,NULL,NULL,ขย.9,NULL,อุปกรณ์ทางการแพทย์,,,กล่อง,51131200913,,NULL,FALSE,FALSE,NULL,,,NULL,NULL,NULL,NULL,NULL,NULL,,NULL
2335,1000,102359,BETA-DIPO 25 g,BETAMETHASONE + NEOMYCIN,STEROIDS,ขย.9,NULL,ยาระบบการติดเชื้อ,,,หลอด,8.85147E+12,100,NULL,FALSE,FALSE,NULL,,,NULL,NULL,NULL,NULL,NULL,NULL,1,NULL
2336,1000,102360,Icorin Kid  รสสละ - greaterPharma 60 ml,BUTAMIRATE CITRATE,COUGH & COLD REMEDIES,ขย.9,NULL,ยาน้ำสำหรับเด็ก,,,ขวด,8.85229E+12,,NULL,FALSE,FALSE,NULL,,,NULL,NULL,NULL,NULL,NULL,NULL,,NULL
2337,1000,102361,Fitne ฟิตเน่ (รสเก็กฮวย เล็ก) 8 ซอง,NULL,NULL,ขย.9,NULL,เครื่องสำอางและสินค้าอุปโภคบริโภค,,,ห่อ,8.85037E+12,,NULL,FALSE,FALSE,NULL,,,NULL,NULL,NULL,NULL,NULL,NULL,,NULL
2338,1000,102362,Aspirin 81 mg ตรางู 10's,ASPIRIN,ANTIPATELET,ขย.9,ขย.10,ยาในโรคเรื้อรัง (Drug for,,,แผง,0,100,NULL,FALSE,FALSE,NULL,,,NULL,NULL,NULL,NULL,NULL,NULL,1,NULL
2339,1000,102363,Ayura Pinklady  อายูร่าพิ้งค์เลดี้ สูตร2 ปริมาตร 500 ml,NULL,NULL,ขย.9,NULL,ยาคุมกำเนิดและฮอร์โมนทดแท,,,ขวด,8.85868E+12,,NULL,FALSE,FALSE,NULL,,,NULL,NULL,NULL,NULL,NULL,NULL,,NULL
2340,1000,102364,กล่อง เบอร์ 00  (ขนาด 9.75x14x6),NULL,NULL,NULL,NULL,เบ็ดเตล็ด,,,กล่อง,0,,NULL,FALSE,FALSE,NULL,,,NULL,NULL,NULL,NULL,NULL,NULL,,NULL
2341,1000,102365,กล่อง เบอร์ 0  (ขนาด 11x17x6 ),NULL,NULL,NULL,NULL,เบ็ดเตล็ด,,,กล่อง,0,,NULL,FALSE,FALSE,NULL,,,NULL,NULL,NULL,NULL,NULL,NULL,,NULL
2342,1000,102366,กล่อง เบอร์ 0+4  (ขนาด 11x17x10 ),NULL,NULL,NULL,NULL,เบ็ดเตล็ด,,,กล่อง,0,,NULL,FALSE,FALSE,NULL,,,NULL,NULL,NULL,NULL,NULL,NULL,,NULL
2343,1000,102367,กล่อง เบอร์ 0+3  (ขนาด 11x15x10 ),NULL,NULL,NULL,NULL,NULL,,,NULL,0,,NULL,FALSE,FALSE,NULL,,,NULL,NULL,NULL,NULL,NULL,NULL,,NULL
2344,1000,102368,กล่อง เบอร์ A (ขนาด 14 x 20 x 6),NULL,NULL,NULL,NULL,เบ็ดเตล็ด,,,กล่อง,0,,NULL,FALSE,FALSE,NULL,,,NULL,NULL,NULL,NULL,NULL,NULL,,NULL
2345,1000,102369,กล่อง เบอร์ AA (ขนาด 13x17x7),NULL,NULL,NULL,NULL,NULL,,,NULL,0,,NULL,FALSE,FALSE,NULL,,,NULL,NULL,NULL,NULL,NULL,NULL,,NULL
2346,1000,102370,กล่อง เบอร์ 2A (ขนาด 14x20x12),NULL,NULL,NULL,NULL,เบ็ดเตล็ด,,,กล่อง,0,,NULL,FALSE,FALSE,NULL,,,NULL,NULL,NULL,NULL,NULL,NULL,,NULL
2347,1000,102371,กล่อง เบอร์ 0+A (ขนาด ),NULL,NULL,NULL,NULL,NULL,,,NULL,0,,NULL,FALSE,FALSE,NULL,,,NULL,NULL,NULL,NULL,NULL,NULL,,NULL
2348,1000,102372,กล่อง เบอร์ AB (ขนาด14x20x9 ),NULL,NULL,NULL,NULL,NULL,,,NULL,0,,NULL,FALSE,FALSE,NULL,,,NULL,NULL,NULL,NULL,NULL,NULL,,NULL
2349,1000,102373,กล่อง เบอร์ B (ขนาด17x25x9 ),NULL,NULL,NULL,NULL,เบ็ดเตล็ด,,,กล่อง,0,,NULL,FALSE,FALSE,NULL,,,NULL,NULL,NULL,NULL,NULL,NULL,,NULL
2350,1000,102374,กล่อง เบอร์ 2B (ขนาด17x25x17 ),NULL,NULL,NULL,NULL,เบ็ดเตล็ด,,,กล่อง,0,,NULL,FALSE,FALSE,NULL,,,NULL,NULL,NULL,NULL,NULL,NULL,,NULL
2351,1000,102375,กล่อง เบอร์  C  (ขนาด 20x30x11),NULL,NULL,NULL,NULL,เบ็ดเตล็ด,,,กล่อง,0,,NULL,FALSE,FALSE,NULL,,,NULL,NULL,NULL,NULL,NULL,NULL,,NULL
2352,1000,102376,กล่อง เบอร์  CD  (ขนาด 15x15x15),NULL,NULL,NULL,NULL,เบ็ดเตล็ด,,,กล่อง,0,,NULL,FALSE,FALSE,NULL,,,NULL,NULL,NULL,NULL,NULL,NULL,,NULL
2353,1000,102377,กล่อง เบอร์  D  (ขนาด 22x35x14),NULL,NULL,NULL,NULL,NULL,,,NULL,0,,NULL,FALSE,FALSE,NULL,,,NULL,NULL,NULL,NULL,NULL,NULL,,NULL
2354,1000,102378,กล่อง เบอร์  C+8  (ขนาด 20x30x19),NULL,NULL,NULL,NULL,NULL,,,NULL,0,,NULL,FALSE,FALSE,NULL,,,NULL,NULL,NULL,NULL,NULL,NULL,,NULL
2355,1000,102379,Packing ค่าแพ๊คกล่อง (เทปใส-ใบแปะหน้า-บัปเบิ้ล),NULL,NULL,NULL,NULL,เบ็ดเตล็ด,,,แพ็ค,0,,NULL,FALSE,FALSE,NULL,,,NULL,NULL,NULL,NULL,NULL,NULL,,NULL
2356,1000,102380,VESOPH 5ml,DEXAMETHASONE + NEOMYCIN,EYE PREPARATIONS,ขย.9,NULL,ยาหู ตา คอ จมูก,,,กล่อง,8.85511E+12,,NULL,FALSE,FALSE,NULL,,,NULL,NULL,NULL,NULL,NULL,NULL,,NULL
2357,1000,102381,DESTA SYRUP 60ml,DESLORATADINE,ANTIHISTAMINES & ANTIALLERGICS,ขย.9,NULL,ยาน้ำสำหรับเด็ก,,,กล่อง,8.85347E+12,100,NULL,FALSE,FALSE,NULL,,,NULL,NULL,NULL,NULL,NULL,NULL,1,NULL
2358,1000,102382,ที่อุดหู+ตลับ 1 คู่,NULL,NULL,NULL,NULL,เบ็ดเตล็ด,,,ตลับ,102382,,NULL,FALSE,FALSE,NULL,,,NULL,NULL,NULL,NULL,NULL,NULL,,NULL
2359,1000,102383,Eurofer-lron syrup 60ml,HYDROXIDE,VITAMINS & MINERALS,ขย.9,NULL,ยาน้ำสำหรับเด็ก,,,กล่อง,8.71465E+12,,NULL,FALSE,FALSE,NULL,,,NULL,NULL,NULL,NULL,NULL,NULL,,NULL
2360,1000,102384,THRTOATSIL 250 60 ml ราสเบอร์รี่,CARBOCYSTEINE,MUCOLYTIC,ขย.9,NULL,ยาน้ำสำหรับเด็ก,,,กล่อง,8.85546E+12,,NULL,FALSE,FALSE,NULL,,,NULL,NULL,NULL,NULL,NULL,NULL,,NULL
2361,1000,102385,THRTOATSIL 100 60 ml ราสเบอร์รี่,CARBOCYSTEINE,MUCOLYTIC,ขย.9,NULL,ยาน้ำสำหรับเด็ก,,,กล่อง,8.85546E+12,,NULL,FALSE,FALSE,NULL,,,NULL,NULL,NULL,NULL,NULL,NULL,,NULL
2362,1000,102386,BRONCET 60ml,GUAIFENESIN,MUCOLYTIC,ขย.9,NULL,ยาน้ำสำหรับเด็ก,,,กล่อง,8.85147E+12,,NULL,FALSE,FALSE,NULL,,,NULL,NULL,NULL,NULL,NULL,NULL,,NULL
2363,1000,102387,CEFEN 600 mg 10 tab-CPL,IBUPROFEN,ANTI-INFLAMMATORY ENZYMES,ขย.9,NULL,ปวดหัว/ไมเกรน,,,แผง,8.85298E+12,,NULL,FALSE,FALSE,NULL,,,NULL,NULL,NULL,NULL,NULL,NULL,,NULL
2364,1000,102388,กัมมี่ ผสม วิตามินรวม 24 กรัม,NULL,NULL,ขย.9,NULL,เครื่องสำอางและสินค้าอุปโภคบริโภค,,,ซอง,8.85314E+12,,NULL,FALSE,FALSE,NULL,,,NULL,NULL,NULL,NULL,NULL,NULL,,NULL
2365,1000,102389,Cool Baby (NanoMed)  2 แผ่น,NULL,NULL,ขย.9,NULL,ผลิตภัณท์เด็ก,,,ซอง,8.85712E+12,,NULL,FALSE,FALSE,NULL,,,NULL,NULL,NULL,NULL,NULL,NULL,,NULL
2366,1000,102390,การบูร หอมธรรมชาติ( Camphor) 30 g,CAMPHOR,NULL,ขย.9,NULL,อุปกรณ์ทางการแพทย์,,,ซอง,8.85195E+12,,NULL,FALSE,FALSE,NULL,,,NULL,NULL,NULL,NULL,NULL,NULL,,NULL
2367,1000,102391,BABY BALL ปั้มนม,NULL,NULL,ขย.9,NULL,NULL,,,กล่อง,8.85914E+12,,NULL,FALSE,FALSE,NULL,,,NULL,NULL,NULL,NULL,NULL,NULL,,NULL
2368,1000,102392,GAVISCON DUAL 16เม็ด ,NULL,NULL,ขย.9,NULL,ยาทางเดินอาหาร,,,กล่อง,5.00016E+12,,NULL,FALSE,FALSE,NULL,,,NULL,NULL,NULL,NULL,NULL,NULL,,NULL
2369,1000,102393,DIPROSALIC OINTMENT15G,NULL,NULL,ขย.9,NULL,ยาใช้เฉพาะที่,,,กล่อง,8.40165E+11,,NULL,FALSE,FALSE,NULL,,,NULL,NULL,NULL,NULL,NULL,NULL,,NULL
2370,1000,102394,ZEMA CREAM 10G,CLOTRIMAZOLE,NULL,ขย.9,NULL,ยาใช้เฉพาะที่,,,กล่อง,8.85867E+12,100,NULL,FALSE,FALSE,NULL,,,NULL,NULL,NULL,NULL,NULL,NULL,1,NULL
2371,1000,102395,ถุงมือ FREELOX 100 ชิ้น แบบมีแป้ง size.S,NULL,NULL,ขย.9,NULL,อุปกรณ์ทางการแพทย์,,,NULL,102395,,NULL,FALSE,FALSE,NULL,,,NULL,NULL,NULL,NULL,NULL,NULL,,NULL
2372,1000,102396,"vistra astraxanthin 4 mg 30""s",NULL,VITAMINS & MINERALS,ขย.9,NULL,วิตามินและอาหารเสริม,,,กระปุก,8.85152E+12,100,NULL,FALSE,FALSE,NULL,,,NULL,NULL,NULL,NULL,NULL,NULL,1,NULL
2373,1000,102397,Tizine syrup 60 ml ,CETIRIZINE,ANTIHISTAMINES & ANTIALLERGICS,ขย.9,NULL,ยาน้ำสำหรับเด็ก,,,ขวด,8.85291E+12,100,NULL,FALSE,FALSE,NULL,,,NULL,NULL,NULL,NULL,NULL,NULL,1,NULL
2374,1000,102398,นีโอติก้า บาล์ม 100 กรัม,NULL,NULL,ขย.9,NULL,ยาใช้เฉพาะที่,,,หลอด,8.85147E+12,,NULL,FALSE,FALSE,NULL,,,NULL,NULL,NULL,NULL,NULL,NULL,,NULL
2375,1000,102399,ดูเร็กซ์ คิงเท็ค 3 ชิ้น ขนาด 49 มม.,NULL,NULL,ขย.9,NULL,เบ็ดเตล็ด,,,กล่อง,8.85016E+12,,NULL,FALSE,FALSE,NULL,,,NULL,NULL,NULL,NULL,NULL,NULL,,NULL
2376,1000,102400,Opsil-A 10 ml ,NULL,NULL,ขย.9,NULL,ยาหู ตา คอ จมูก,,,ขวด,8.8511E+12,,NULL,FALSE,FALSE,NULL,,,NULL,NULL,NULL,NULL,NULL,NULL,,NULL
2377,1000,102401,HICEE 100 mg  50 tab,ASCORBIC ACID,VITAMINS & MINERALS,ขย.9,NULL,วิตามินและอาหารเสริม,,,กล่อง,8.85196E+12,,NULL,FALSE,FALSE,NULL,,,NULL,NULL,NULL,NULL,NULL,NULL,,NULL
2378,1000,102402,V-cap 150 mg 10's,SIMETHICONE,ANTIFLATULANCES,ขย.9,NULL,ยาทางเดินอาหาร,,,แผง,8.85501E+12,100,NULL,FALSE,FALSE,NULL,,,NULL,NULL,NULL,NULL,NULL,NULL,1,NULL
2379,1000,102403,นิจิดิส์ ครีมทาผิวหนัง  มือ เนียน นุ่ม 15.3 กรัม,NULL,NULL,ขย.9,NULL,เครื่องสำอางและสินค้าอุปโภคบริโภค,,,กล่อง,8.85085E+12,,NULL,FALSE,FALSE,NULL,,,NULL,NULL,NULL,NULL,NULL,NULL,,NULL
2380,1000,102404,ครีม 91 อี ทาส้นเท้าแตก ผสมวิตามินอี 8.3 กรัม,NULL,NULL,ขย.9,NULL,เครื่องสำอางและสินค้าอุปโภคบริโภค,,,กล่อง,8.85593E+12,,NULL,FALSE,FALSE,NULL,,,NULL,NULL,NULL,NULL,NULL,NULL,,NULL
2381,1000,102405,แอลจี้ พลัส แคร็ก ฮีล ครีม ทาส้นเท้า 50 กรัม,NULL,NULL,ขย.9,NULL,เครื่องสำอางและสินค้าอุปโภคบริโภค,,,กล่อง,9.55626E+12,,NULL,FALSE,FALSE,NULL,,,NULL,NULL,NULL,NULL,NULL,NULL,,NULL
2382,1000,102406,Senokot Tablets Works in 8-12 hours 60 tab,NULL,NULL,ขย.9,NULL,ยาทางเดินอาหาร,,,กล่อง,5.00016E+12,,NULL,FALSE,FALSE,NULL,,,NULL,NULL,NULL,NULL,NULL,NULL,,NULL
2383,1000,102407,Artro Fort Complex (MEDA) 30 sachets ,NULL,NULL,ขย.9,NULL,วิตามินและอาหารเสริม,,,กล่อง,8.01956E+12,,NULL,FALSE,FALSE,NULL,,,NULL,NULL,NULL,NULL,NULL,NULL,,NULL
2384,1000,102408,น้ำมันมวย ครีม 60g ,NULL,NULL,ขย.9,NULL,ยาใช้เฉพาะที่,,,กล่อง,8.85847E+12,,NULL,FALSE,FALSE,NULL,,,NULL,NULL,NULL,NULL,NULL,NULL,,NULL
2385,1000,102409,ผ้าอ้อมเบบี้เลิฟ เพลย์แพ้น พรีเมียม Zise XL 42 ชิ้น,NULL,NULL,ขย.9,NULL,ผ้าอ้อม,,,ห่อ,8.85071E+12,,NULL,FALSE,FALSE,NULL,,,NULL,NULL,NULL,NULL,NULL,NULL,,NULL
2386,1000,102410,ผ้าอ้อมเบบี้เลิฟ เพลย์แพ้น พรีเมียม Zise M 58 ชิ้น,NULL,NULL,ขย.9,NULL,ผ้าอ้อม,,,ห่อ,8.85071E+12,,NULL,FALSE,FALSE,NULL,,,NULL,NULL,NULL,NULL,NULL,NULL,,NULL
2387,1000,102411,Antergen Cream 25 g,NULL,NULL,ขย.9,NULL,ยาใช้เฉพาะที่,,,กล่อง,8.85147E+12,,NULL,FALSE,FALSE,NULL,,,NULL,NULL,NULL,NULL,NULL,NULL,,NULL
2388,1000,102412,TEARS NATURALE II 15ML,AMOXICILLINE,NULL,ขย.9,NULL,เบ็ดเตล็ด,,,กล่อง,3.00651E+11,,NULL,FALSE,FALSE,NULL,,,NULL,NULL,NULL,NULL,NULL,NULL,,NULL
2389,1000,102413,ลอรีเอะ Soft &Safe กลางคืน 30 cm. 8 ชิ้น,NULL,NULL,ขย.9,NULL,เบ็ดเตล็ด,,,ห่อ,8.85182E+12,,NULL,FALSE,FALSE,NULL,,,NULL,NULL,NULL,NULL,NULL,NULL,,NULL
2390,1000,102415,AMOXIL 125Mg/5ml,AMOXICILLINE,NULL,ขย.9,NULL,ยาน้ำสำหรับเด็ก,,,กล่อง,8.85101E+12,,NULL,FALSE,FALSE,NULL,,,NULL,NULL,NULL,NULL,NULL,NULL,,NULL
2391,1000,102416,AMOXIL 250 Mg/5ml,AMOXICILLINE,NULL,ขย.9,NULL,ยาน้ำสำหรับเด็ก,,,กล่อง,8.85101E+12,,NULL,FALSE,FALSE,NULL,,,NULL,NULL,NULL,NULL,NULL,NULL,,NULL
2392,1000,102417,มามี่โพโค แพ้ ออล เดย์ ดราย Zise XL 3 ชิ้น,NULL,NULL,ขย.9,NULL,ผ้าอ้อม,,,ห่อ,8.85111E+12,,NULL,FALSE,FALSE,NULL,,,NULL,NULL,NULL,NULL,NULL,NULL,,NULL
2393,1000,102418,โซฟี Sofy Cooling Fresh Extra มีปีก 25 cm. 6+1 ชิ้น,NULL,NULL,ขย.9,NULL,เบ็ดเตล็ด,,,ห่อ,8.85111E+12,,NULL,FALSE,FALSE,NULL,,,NULL,NULL,NULL,NULL,NULL,NULL,,NULL
2394,1000,102419,Certainty เซอร์เทนตี้ เดย์แพ้นส์ กางเกง สวม Size M 18 ชิ้น,NULL,NULL,ขย.9,NULL,ผ้าอ้อม,,,ห่อ,8.85071E+12,,NULL,FALSE,FALSE,NULL,,,NULL,NULL,NULL,NULL,NULL,NULL,,NULL
2395,1000,102420,Certainty เซอร์เทนตี้ เดย์แพ้นส์ กางเกง สวม Size XL 14 ชิ้น,NULL,NULL,ขย.9,NULL,ผ้าอ้อม,,,ห่อ,8.85071E+12,,NULL,FALSE,FALSE,NULL,,,NULL,NULL,NULL,NULL,NULL,NULL,,NULL
2396,1000,102421,Certainty เซอร์เทนตี้ เดย์แพ้นส์ กางเกง สวม Size L18 ชิ้น,NULL,NULL,ขย.9,NULL,เบ็ดเตล็ด,,,ห่อ,8.85071E+12,,NULL,FALSE,FALSE,NULL,,,NULL,NULL,NULL,NULL,NULL,NULL,,NULL
2397,1000,102422,ทเวลฟ์ พลัส แป้งหอมเย็น ไวท์เทนนิ่ง สโนว์ ฟลาวเวอร์ 140 กรัม,NULL,NULL,ขย.9,NULL,เครื่องสำอางและสินค้าอุปโภคบริโภค,,,กระปุก,8.85112E+12,,NULL,FALSE,FALSE,NULL,,,NULL,NULL,NULL,NULL,NULL,NULL,,NULL
2398,1000,102423,ทเวลฟ์ พลัส แป้งหอมเย็น เอ็กซ์ตร้าคูล สูตรเย็นสุดขีด 140 กรัม,NULL,NULL,ขย.9,NULL,เครื่องสำอางและสินค้าอุปโภคบริโภค,,,กระปุก,8.85112E+12,,NULL,FALSE,FALSE,NULL,,,NULL,NULL,NULL,NULL,NULL,NULL,,NULL
2399,1000,102424,CLARID 10 TAB,LORATADINE,NULL,ขย.9,NULL,ยาหู ตา คอ จมูก,,,แผง,8.85266E+12,,NULL,FALSE,FALSE,NULL,,,NULL,NULL,NULL,NULL,NULL,NULL,,NULL
2400,1000,102425,AMICOF 100 mg  60ml,CARBOCYSTEINE,NULL,ขย.9,NULL,ยาน้ำสำหรับเด็ก,,,ขวด,8.85867E+12,100,NULL,FALSE,FALSE,NULL,,,NULL,NULL,NULL,NULL,NULL,NULL,1,NULL
2401,1000,102426,DUPHALAC 200 ml,LACTULOSE,LAXATIVES,ขย.9,NULL,ยาทางเดินอาหาร,,,ขวด,8.00266E+12,100,NULL,FALSE,FALSE,NULL,,,NULL,NULL,NULL,NULL,NULL,NULL,1,NULL
2402,1000,102427,ฟ้าทะลายโจร อ้วยอัน 30's,NULL,NULL,ขย.9,NULL,"ยาสมุนไพร, ยาแผนโบราณ",,,กล่อง,8.85291E+12,100,NULL,FALSE,FALSE,NULL,,,NULL,NULL,NULL,NULL,NULL,NULL,1,NULL
2403,1000,102428,ฟ้าทะลายโจร ไฟโตแคร์ 10 เม็ด,NULL,NULL,ขย.9,NULL,"ยาสมุนไพร, ยาแผนโบราณ",,,แผง,8.85343E+12,100,NULL,FALSE,FALSE,NULL,,,NULL,NULL,NULL,NULL,NULL,NULL,1,NULL
2404,1000,102429,tears Naturale น้ำตาเทียม Alcon 32 ชิ้น,NULL,NULL,ขย.9,NULL,ยาหู ตา คอ จมูก,,,NULL,3.0065E+11,100,NULL,FALSE,FALSE,NULL,,,NULL,NULL,NULL,NULL,NULL,NULL,1,NULL
2405,1000,102430,3% Miltear MD 10 ml,HYPROMELLOSE,EYE PREPARATIONS,ขย.9,NULL,ยาหู ตา คอ จมูก,,,ขวด,8.85945E+12,100,NULL,FALSE,FALSE,NULL,,,NULL,NULL,NULL,NULL,NULL,NULL,1,NULL
2406,1000,102431,Trancel tear drops 0.8ml/30doses,HYPROMELLOSE,EYE PREPARATIONS,ขย.9,NULL,ยาหู ตา คอ จมูก,,,กล่อง,8.85945E+12,100,NULL,FALSE,FALSE,NULL,,,NULL,NULL,NULL,NULL,NULL,NULL,1,NULL
2407,1000,102432,MARLAD LOTION 3ml,NULL,NULL,ขย.9,NULL,ยาใช้เฉพาะที่,,,กล่อง,8.85241E+12,,NULL,FALSE,FALSE,NULL,,,NULL,NULL,NULL,NULL,NULL,NULL,,NULL
2408,1000,102433,นีโอบัน-เจล วอร์ม สูตรร้อน 7x10 cm. 2 ชิ้น,NULL,NULL,ขย.9,NULL,ยาใช้เฉพาะที่,,,แพ็ค,8.85977E+12,,NULL,FALSE,FALSE,NULL,,,NULL,NULL,NULL,NULL,NULL,NULL,,NULL
2409,1000,102434,Strepsils Cool HHR 8 เม็ด/ซอง,NULL,NULL,ขย.9,NULL,เครื่องสำอางและสินค้าอุปโภคบริโภค,,,ซอง,8.85036E+12,,NULL,FALSE,FALSE,NULL,,,NULL,NULL,NULL,NULL,NULL,NULL,,NULL
2410,1000,102435,Dextro tablets 10 tab,NULL,"ANTITUSSIVE ,EXPECTORANT & ANTIHISTAMINE",ขย.9,ขย.11,ยาหู ตา คอ จมูก,,,แผง,8.85254E+12,,NULL,FALSE,FALSE,NULL,,,NULL,NULL,NULL,NULL,NULL,NULL,,NULL
2411,1000,102436,Mycoderm-C Clotrimazole Dusting Powder 1% 75 g,CLOTRIMAZOLE,ANTIFUNGALS,ขย.9,NULL,ยาใช้เฉพาะที่,,,กระปุก,8.90235E+12,,NULL,FALSE,FALSE,NULL,,,NULL,NULL,NULL,NULL,NULL,NULL,,NULL
2412,1000,102437,MARY PINK 1x2 s',LEVONORGESTREL,HORMONES,ขย.9,NULL,ยาคุมกำเนิดและฮอร์โมนทดแท,,,กล่อง,0,,NULL,FALSE,FALSE,NULL,,,NULL,NULL,NULL,NULL,NULL,NULL,,NULL
2413,1000,102438,Difelene1% ไดฟีลีน เจล 100 กรัม,DICLOFENAC,NULL,ขย.9,NULL,ยาระบบกล้ามเนื้อ-ข้อต่อ,,,กล่อง,8.85147E+12,,NULL,FALSE,FALSE,NULL,,,NULL,NULL,NULL,NULL,NULL,NULL,,NULL
2414,1000,102439,Allernix Syrup 60 ml (2-12 ปี),LORATADINE,ANTIHISTAMINES & ANTIALLERGICS,ขย.9,NULL,ยาน้ำสำหรับเด็ก,,,ขวด,8.85897E+12,,NULL,FALSE,FALSE,NULL,,,NULL,NULL,NULL,NULL,NULL,NULL,,NULL
2415,1000,102440,ยาปอคุนเอี๊ยะบ๊อ ยาสตรี ขนาด 250 ซีซี,NULL,NULL,ขย.9,NULL,"ยาสมุนไพร, ยาแผนโบราณ",,,ขวด,7.45115E+11,,NULL,FALSE,FALSE,NULL,,,NULL,NULL,NULL,NULL,NULL,NULL,,NULL
2416,1000,102441,น้ำมันยา ตรานก อินทรีย์ Eagle Brand 6 ml,NULL,NULL,ขย.9,NULL,NULL,,,ขวด,8.88895E+12,,NULL,FALSE,FALSE,NULL,,,NULL,NULL,NULL,NULL,NULL,NULL,,NULL
2417,1000,102442,BioCotton Cotton Ball Size 0.35 g. 5 ก้อน,NULL,NULL,ขย.9,NULL,อุปกรณ์ทางการแพทย์,,,ห่อ,8.8537E+12,100,NULL,FALSE,FALSE,NULL,,,NULL,NULL,NULL,NULL,NULL,NULL,1,NULL
2418,1000,102443,BLACKMORE Bio Zinc A Chelate 30 Tab,NULL,VITAMINS & MINERALS,ขย.9,NULL,วิตามินและอาหารเสริม,,,ขวด,93573801,,NULL,FALSE,FALSE,NULL,,,NULL,NULL,NULL,NULL,NULL,NULL,,NULL
2419,1000,102444,NEXT HEALTH by THM หน้ากากอนามัย  3 ชั้น 50 ชิ้น,NULL,NULL,ขย.9,NULL,เครื่องสำอางและผลิตภัณฑ์ค,,,กล่อง,8.85696E+12,,NULL,FALSE,FALSE,NULL,,,NULL,NULL,NULL,NULL,NULL,NULL,,NULL
2420,1000,102445,tubigrip Elbow ศอก Size. S 1 ชิ้น,NULL,NULL,ขย.9,NULL,อุปกรณ์ทางการแพทย์,,,กล่อง,8.85203E+12,,NULL,FALSE,FALSE,NULL,,,NULL,NULL,NULL,NULL,NULL,NULL,,NULL
2421,1000,102446,Genta-Oph 5 ml ,GENTAMICIN SULFATE,ANTIBIOTICS,ขย.9,NULL,ยาหู ตา คอ จมูก,,,ขวด,8.85493E+12,,NULL,FALSE,FALSE,NULL,,,NULL,NULL,NULL,NULL,NULL,NULL,,NULL
2422,1000,102447,Vilerm Cream (Siam) 1 g  ,ACYCLOVIR,ANTIVIRALS,ขย.9,NULL,ยาใช้เฉพาะที่,,,ซอง,8.85274E+12,,NULL,FALSE,FALSE,NULL,,,NULL,NULL,NULL,NULL,NULL,NULL,,NULL
2423,1000,102448,Genteal Lubricant eye drop 10 ml,HYPROMELLOSE,EYE PREPARATIONS,ขย.9,NULL,ยาหู ตา คอ จมูก,,,ขวด,8.85236E+12,,NULL,FALSE,FALSE,NULL,,,NULL,NULL,NULL,NULL,NULL,NULL,,NULL
2424,1000,102449,Urinary Drainge Bag MB Medical ถุงปัสสาวะ 2000 ml,NULL,NULL,ขย.9,NULL,อุปกรณ์ทางการแพทย์,,,ถุง,0,100,NULL,FALSE,FALSE,NULL,,,NULL,NULL,NULL,NULL,NULL,NULL,1,NULL
2425,1000,102450,MOXXO Dry Syrup 125 mg  60 ml,AMOXICILLINE,ANTIBIOTICS,ขย.9,NULL,ยาน้ำสำหรับเด็ก,,,ขวด,8.8546E+12,,NULL,FALSE,FALSE,NULL,,,NULL,NULL,NULL,NULL,NULL,NULL,,NULL
2426,1000,102451,ยู่ ยี่ ออยส์ แคป ลิเมา ใช้ทา หรือ ใช้สูดดม 10 ml,NULL,NULL,ขย.9,NULL,"ยาสมุนไพร, ยาแผนโบราณ",,,กระป๋อง,95503349,,NULL,FALSE,FALSE,NULL,,,NULL,NULL,NULL,NULL,NULL,NULL,,NULL
2427,1000,102452,ชวนป๋วยปี่แป่โหล่ว ยาแผนจีน 150 ซีซี,NULL,NULL,ขย.9,NULL,"ยาสมุนไพร, ยาแผนโบราณ",,,ขวด,102452,,NULL,FALSE,FALSE,NULL,,,NULL,NULL,NULL,NULL,NULL,NULL,,NULL
2428,1000,102453,Roxcin 150 mg. 1x10 s',ROXITHROMYCIN,ANTIVIRALS,ขย.9,NULL,ยาระบบการติดเชื้อ,,,แผง,8.85266E+12,,NULL,FALSE,FALSE,NULL,,,NULL,NULL,NULL,NULL,NULL,NULL,,NULL
2429,1000,102454,MANMOX Dry Strup 125 mg. 60 ml,AMOXICILLINE,ANTIBIOTICS,ขย.9,NULL,ยาระบบการติดเชื้อ,,,ขวด,8.85651E+12,,NULL,FALSE,TRUE,NULL,,,NULL,NULL,NULL,NULL,NULL,NULL,,NULL
2430,1000,102455,T.V.MOX Dry Syrup 125 mg. 60 ml,AMOXICILLINE,ANTIBIOTICS,ขย.9,NULL,ยาระบบการติดเชื้อ,,,ขวด,8.85651E+12,,NULL,FALSE,TRUE,NULL,,,NULL,NULL,NULL,NULL,NULL,NULL,,NULL
2431,1000,102456,Elomet Cream 0.1%(mometasone) 15 g.,MOMETASONE FUROATE,STEROIDS,ขย.9,NULL,ยาใช้เฉพาะที่,,,หลอด,8.40165E+11,,NULL,FALSE,FALSE,NULL,,,NULL,NULL,NULL,NULL,NULL,NULL,,NULL
2432,1000,102457,HY-C Vitamin C 50 mg รสสัปปะรด 20 เม็ด,NULL,NULL,ขย.9,NULL,ยาน้ำสำหรับเด็ก,,,ซอง,8.85099E+12,,NULL,FALSE,FALSE,NULL,,,NULL,NULL,NULL,NULL,NULL,NULL,,NULL
2433,1000,102458,Tylenol 500 mg  50 tab,PARACETAMOL,ANTIHYPERTENSIVES,ขย.9,NULL,ยาสามัญประจำบ้าน,,,กระปุก,8.85001E+12,,NULL,FALSE,FALSE,NULL,,,NULL,NULL,NULL,NULL,NULL,NULL,,NULL
2434,1000,102459,DUTROSS DM KIDS รสผลไม้รวม  60 ml,DEXTROMETHORPHAN+BROMHEXINE HCL,Antitussives,ขย.9,ขย.11,ยาน้ำสำหรับเด็ก,,,ขวด,8.85147E+12,,NULL,FALSE,TRUE,NULL,,,NULL,NULL,NULL,NULL,NULL,NULL,,NULL
2435,1000,102460,Nizoral Cream 15 g.,KETOCONAZOLE,ANTIFUNGALS,ขย.9,NULL,ยาใช้เฉพาะที่,,,กล่อง,8.85058E+12,,NULL,FALSE,FALSE,NULL,,,NULL,NULL,NULL,NULL,NULL,NULL,,NULL
2436,1000,102461,Fungiderm-K Cream (Ketoconazole2%),KETOCONAZOLE,ANTIFUNGALS,ขย.9,NULL,ยาใช้เฉพาะที่,,,หลอด,8.85229E+12,,NULL,FALSE,FALSE,NULL,,,NULL,NULL,NULL,NULL,NULL,NULL,,NULL
2437,1000,102462,NINAZOL Cream 10 g.,KETOCONAZOLE,ANTIFUNGALS,ขย.9,NULL,ยาใช้ภายนอก,,,หลอด,8.85188E+12,100,NULL,FALSE,FALSE,NULL,,,NULL,NULL,NULL,NULL,NULL,NULL,1,NULL
2438,1000,102463,Fungasin Cream 20 g.,KETOCONAZOLE,ANTIFUNGALS,ขย.9,NULL,ยาใช้เฉพาะที่,,,หลอด,8.85802E+12,,NULL,FALSE,FALSE,NULL,,,NULL,NULL,NULL,NULL,NULL,NULL,,NULL
2439,1000,102464,CANDIX Solution 15 ml,CLOTRIMAZOLE,ANTIFUNGALS,ขย.9,NULL,ยาใช้เฉพาะที่,,,ขวด,8.85802E+12,,NULL,FALSE,FALSE,NULL,,,NULL,NULL,NULL,NULL,NULL,NULL,,NULL
2440,1000,102465,LEPU Digital Thermometer ปรอท 1 ชิ้น,NULL,NULL,ขย.9,NULL,อุปกรณ์ทางการแพทย์,,,กล่อง,6.97139E+12,,NULL,FALSE,FALSE,NULL,,,NULL,NULL,NULL,NULL,NULL,NULL,,NULL
2441,1000,102466,ถุงยางอานามัย ฟรีล็อค (มีสารหล่อลื่น) ขนาด 49 มม. 3 ชิ้น,NULL,NULL,ขย.9,NULL,ถุงยางอนามัย,,,กล่อง,8.85394E+12,,NULL,FALSE,FALSE,NULL,,,NULL,NULL,NULL,NULL,NULL,NULL,,NULL
2442,1000,102467,Centrum  From A to Zinc 30 tab,NULL,VITAMINS & MINERALS,ขย.9,NULL,วิตามินและอาหารเสริม,,,กล่อง,8.85101E+12,,NULL,FALSE,FALSE,NULL,,,NULL,NULL,NULL,NULL,NULL,NULL,,NULL
2443,1000,102468,Dermatix Ultra 15 g. ,NULL,NULL,ขย.9,NULL,ยาใช้เฉพาะที่,,,หลอด,8.88646E+12,,NULL,FALSE,FALSE,NULL,,,NULL,NULL,NULL,NULL,NULL,NULL,,NULL
2444,1000,102469,ุถุงยางอนามัย ฟรีล็อค ขนาด 52 มม. 3 ชิ้น,NULL,NULL,ขย.9,NULL,ถุงยางอนามัย,,,กล่อง,8.85394E+12,,NULL,FALSE,FALSE,NULL,,,NULL,NULL,NULL,NULL,NULL,NULL,,NULL
2445,1000,102470,Hirudoid Forte Cream สีน้ำเงิน 40 g.,MUCOPOLYSACCHARIDE POLYSULFATE,NULL,ขย.9,NULL,ยาใช้เฉพาะที่,,,หลอด,8.85174E+12,,NULL,FALSE,FALSE,NULL,,,NULL,NULL,NULL,NULL,NULL,NULL,,NULL
2446,1000,102471,Bactafect Ointment (Mupirocon 2%) 15 g. ,MUPIROCIN,ANTIBIOTICS,ขย.9,NULL,ยาใช้เฉพาะที่,,,หลอด,8.85899E+12,,NULL,FALSE,FALSE,NULL,,,NULL,NULL,NULL,NULL,NULL,NULL,,NULL
2447,1000,102472,Utmos 30   3x10',PIOGLITAZONE HCL,ANTIDIABETIC,ขย.9,NULL,ยาในโรคเรื้อรัง (Drug for,,,กล่อง,8.85262E+12,,NULL,FALSE,FALSE,NULL,,,NULL,NULL,NULL,NULL,NULL,NULL,,NULL
2448,1000,102473,FITNE Herbal ยาชงสมุนไพร กลิ่นเก๊กฮวย 30 ซอง,NULL,NULL,ขย.9,NULL,"ยาสมุนไพร, ยาแผนโบราณ",,,ห่อ,8.85037E+12,,NULL,FALSE,FALSE,NULL,,,NULL,NULL,NULL,NULL,NULL,NULL,,NULL
2449,1000,102474,ไม้พันสำลี Cotton Strick 6'' (UMI) Size L 100 ก้าน ,NULL,NULL,ขย.9,NULL,อุปกรณ์ทางการแพทย์,,,ห่อ,102474,,NULL,FALSE,FALSE,NULL,,,NULL,NULL,NULL,NULL,NULL,NULL,,NULL
2450,1000,102475,หงส์ไทย ยาดมสมุนไพร(60กรัม)  สูตร 1 ,NULL,NULL,ขย.9,NULL,"ยาสมุนไพร, ยาแผนโบราณ",,,หลอด,8.85913E+12,,NULL,FALSE,FALSE,NULL,,,NULL,NULL,NULL,NULL,NULL,NULL,,NULL
2451,1000,102476,Metrolex 400 mg 1x10',METRONIDAZOLE,ANTIBIOTICS,ขย.9,NULL,ยาระบบการติดเชื้อ,,,แผง,8.85274E+12,,NULL,FALSE,FALSE,NULL,,,NULL,NULL,NULL,NULL,NULL,NULL,,NULL
2452,1000,102477,ยาดมตราเสือ Tiger Balm ,NULL,NULL,ขย.9,NULL,"ยาสมุนไพร, ยาแผนโบราณ",,,หลอด,8.88865E+12,,NULL,FALSE,FALSE,NULL,,,NULL,NULL,NULL,NULL,NULL,NULL,,NULL
2453,1000,102478,น้ำมันเขียว แม่มะลิ 24 ml,NULL,NULL,ขย.9,NULL,"ยาสมุนไพร, ยาแผนโบราณ",,,ขวด,1.91524E+12,,NULL,FALSE,FALSE,NULL,,,NULL,NULL,NULL,NULL,NULL,NULL,,NULL
2454,1000,102479,KARA Shampoo Ketoconazole 2%  100 ml,KETOCONAZOLE,ANTIFUNGALS,ขย.9,NULL,ยาใช้เฉพาะที่,,,ขวด,8.85265E+12,,NULL,FALSE,FALSE,NULL,,,NULL,NULL,NULL,NULL,NULL,NULL,,NULL
2455,1000,102480,CETRIZIN (TO) 10 tab   (102480),CETIRIZINE,ANTIHISTAMINES & ANTIALLERGICS,ขย.9,NULL,ยาหู ตา คอ จมูก,,,แผง,8.85188E+12,,NULL,FALSE,FALSE,NULL,,,NULL,NULL,NULL,NULL,NULL,NULL,,NULL
2456,1000,102481,3M Nexcare ColdHot Mini เด็ก Size S  1 ชิ้น,NULL,NULL,ขย.9,NULL,อุปกรณ์ทางการแพทย์,,,กล่อง,8.8503E+12,100,NULL,FALSE,FALSE,NULL,,,NULL,NULL,NULL,NULL,NULL,NULL,1,NULL
2457,1000,102482,Cariban Cohesaive Tigerplast ผ้ายืดพันแผล 2.5cmx2m. สีขาว,NULL,NULL,ขย.9,NULL,NULL,,,ม้วน,8.85067E+12,,NULL,FALSE,FALSE,NULL,,,NULL,NULL,NULL,NULL,NULL,NULL,,NULL
2458,1000,102483,ตรางู Herbal Extra Fresh Sugar Free 15 ml,NULL,NULL,ขย.9,NULL,ยาหู ตา คอ จมูก,,,ขวด,8.85209E+12,100,NULL,FALSE,FALSE,NULL,,,NULL,NULL,NULL,NULL,NULL,NULL,1,NULL
2459,1000,102484,Syringe Ball ขนาด 30 ซีซี  No. 1 ,NULL,NULL,ขย.9,NULL,อุปกรณ์ทางการแพทย์,,,กล่อง,8.85454E+12,,NULL,FALSE,FALSE,NULL,,,NULL,NULL,NULL,NULL,NULL,NULL,,NULL
2460,1000,102485,Tigerplast แบบใส  10 ชิ้น/ซอง,NULL,NULL,ขย.9,NULL,อุปกรณ์ทางการแพทย์,,,ซอง,8.85067E+12,,NULL,FALSE,FALSE,NULL,,,NULL,NULL,NULL,NULL,NULL,NULL,,NULL
2461,1000,102486,Longmed Softip Cotton100% ไม้พันสำลี Size M,NULL,NULL,ขย.9,NULL,อุปกรณ์ทางการแพทย์,,,ห่อ,8.8591E+12,100,NULL,FALSE,FALSE,NULL,,,NULL,NULL,NULL,NULL,NULL,NULL,1,NULL
2462,1000,102487,SOS พลาสเตอรสำหรับปิดหูดหรือตาปลา 4 ชิ้น/กล่อง,NULL,NULL,ขย.9,NULL,อุปกรณ์ทางการแพทย์,,,กล่อง,8.85924E+12,,NULL,FALSE,FALSE,NULL,,,NULL,NULL,NULL,NULL,NULL,NULL,,NULL
2463,1000,102488,Mybacin OTC Mint ยาอมแก้เจ็บคอ 8 เม็ด,NULL,NULL,ขย.9,NULL,ยาหู ตา คอ จมูก,,,ซอง,8.85229E+12,,NULL,FALSE,FALSE,NULL,,,NULL,NULL,NULL,NULL,NULL,NULL,,NULL
2464,1000,102489,ONE-TREX Syrup 60 ml,CETIRIZINE,ANTIHISTAMINES & ANTIALLERGICS,ขย.9,NULL,ยาน้ำสำหรับเด็ก,,,ขวด,8.85147E+12,100,NULL,FALSE,TRUE,NULL,,,NULL,NULL,NULL,NULL,NULL,NULL,1,NULL
2465,1000,102491,Poly-Oph Eye Drops 10 ml,NULL,NULL,ขย.9,NULL,ยาหู ตา คอ จมูก,,,ขวด,8.85493E+12,,NULL,FALSE,FALSE,NULL,,,NULL,NULL,NULL,NULL,NULL,NULL,,NULL
2466,1000,102492,Domperdone Suspension 30 ml,DOMPERIDONE,ANTIEMETICS & ANTIVERTIGO DRUG,ขย.9,NULL,ยาน้ำสำหรับเด็ก,,,ขวด,8.85265E+12,,NULL,FALSE,TRUE,NULL,,,NULL,NULL,NULL,NULL,NULL,NULL,,NULL
2467,1000,102493,Auto Suspension Domperidone 30 ml,DOMPERIDONE,NULL,ขย.9,NULL,ยาน้ำสำหรับเด็ก,,,ขวด,8.85501E+12,,NULL,FALSE,TRUE,NULL,,,NULL,NULL,NULL,NULL,NULL,NULL,,NULL
2468,1000,102494,ATK 2 in 1 HIP BIO tech 1 Set,NULL,NULL,ขย.9,NULL,อุปกรณ์ทางการแพทย์,,,กล่อง,8.85974E+12,100,NULL,FALSE,FALSE,NULL,,,NULL,NULL,NULL,NULL,NULL,NULL,1,NULL
2469,1000,102495,NIPRO Syring Insulin 1 ml หัวเข็ม No.27Gx1/2,NULL,NULL,ขย.9,NULL,อุปกรณ์ทางการแพทย์,,,ชิ้น,8.85894E+12,,NULL,FALSE,FALSE,NULL,,,NULL,NULL,NULL,NULL,NULL,NULL,,NULL
2470,1000,102496,ยาหอมอินทรโอสถแท่งทอง 20 เม็ด,NULL,NULL,ขย.9,NULL,"ยาสมุนไพร, ยาแผนโบราณ",,,ขวด,8.85283E+12,,NULL,FALSE,FALSE,NULL,,,NULL,NULL,NULL,NULL,NULL,NULL,,NULL
2471,1000,102497,Moxipharm 500 mg (Meddic Pharma) 10 tab,AMOXICILLINE,ANTIBIOTICS,ขย.9,NULL,ยาระบบการติดเชื้อ,,,แผง,8.85545E+12,,NULL,FALSE,FALSE,NULL,,,NULL,NULL,NULL,NULL,NULL,NULL,,NULL
2472,1000,102498,Difflam อมแก้เจ็บคอ 16 เม็ด,NULL,ANTI-INFLAMMATORY ENZYMES,ขย.9,NULL,ยาหู ตา คอ จมูก,,,กล่อง,9.31406E+12,,NULL,FALSE,FALSE,NULL,,,NULL,NULL,NULL,NULL,NULL,NULL,,NULL
2473,1000,102499,X-Y Lubricating Jelly 50 g.,NULL,NULL,ขย.9,NULL,ยาใช้เฉพาะที่,,,หลอด,8.85501E+12,,NULL,FALSE,FALSE,NULL,,,NULL,NULL,NULL,NULL,NULL,NULL,,NULL
2474,1000,102500,Attoon ถุงเก็บน้ำนม 4 ออน 20 ชิ้น/กล่อง,NULL,NULL,ขย.9,NULL,ผลิตภัณท์เด็ก,,,กล่อง,8.85874E+12,,NULL,FALSE,FALSE,NULL,,,NULL,NULL,NULL,NULL,NULL,NULL,,NULL
2475,1000,102501,SURE By KSG Mask หน้ากาก 3 ชั้น 50 ชิ้น,NULL,NULL,ขย.9,NULL,อุปกรณ์ทางการแพทย์,,,กล่อง,8.85975E+12,,NULL,FALSE,FALSE,NULL,,,NULL,NULL,NULL,NULL,NULL,NULL,,NULL
2476,1000,102502,Carbotin Capule 10 Capsule,CARBOCYSTEINE,MUCOLYTIC,ขย.9,NULL,ยาระบบทางเดินหายใจ,,,แผง,8.853E+12,,NULL,FALSE,FALSE,NULL,,,NULL,NULL,NULL,NULL,NULL,NULL,,NULL
2477,1000,102503,ยากุมาร ตราไก่ 300 ซีซี,NULL,NULL,ขย.9,NULL,ยาน้ำสำหรับเด็ก,,,ขวด,8.85712E+12,,NULL,FALSE,FALSE,NULL,,,NULL,NULL,NULL,NULL,NULL,NULL,,NULL
2478,1000,102504,T Care Small Cold & Hot Pack 13x14 cm. 1 ชิ้น,NULL,NULL,ขย.9,NULL,อุปกรณ์ทางการแพทย์,,,กล่อง,8.85086E+12,,NULL,FALSE,FALSE,NULL,,,NULL,NULL,NULL,NULL,NULL,NULL,,NULL
2479,1000,102505,ยาแก้ไอผสม มะขามป้อม ตราวังหลัง 120 มล.,NULL,NULL,ขย.9,NULL,"ยาสมุนไพร, ยาแผนโบราณ",,,ขวด,8.8546E+12,,NULL,FALSE,FALSE,NULL,,,NULL,NULL,NULL,NULL,NULL,NULL,,NULL
2480,1000,102506,ใบบัวบกสกัด HERBAL ONE 60 Capsule,NULL,NULL,ขย.9,NULL,"ยาสมุนไพร, ยาแผนโบราณ",,,กระปุก,8.85335E+12,,NULL,FALSE,FALSE,NULL,,,NULL,NULL,NULL,NULL,NULL,NULL,,NULL
2481,1000,102507,ยาแก่ไออ้วยอัน อ้วยอันโอสถ 120 ซีซี,NULL,NULL,ขย.9,NULL,"ยาสมุนไพร, ยาแผนโบราณ",,,ขวด,8.85291E+12,,NULL,FALSE,FALSE,NULL,,,NULL,NULL,NULL,NULL,NULL,NULL,,NULL
2482,1000,102508,ยาหม่องเขียว ตราโพธิ์หยก เฮิร์บไทยจง 50 กรัม,NULL,NULL,ขย.9,NULL,"ยาสมุนไพร, ยาแผนโบราณ",,,ขวด,8.85921E+12,,NULL,FALSE,FALSE,NULL,,,NULL,NULL,NULL,NULL,NULL,NULL,,NULL
2483,1000,102509,ยาหม่องเขียว ตราโพธิ์หยก เฮิร์บไทยจง 20 กรัม,NULL,NULL,ขย.9,NULL,"ยาสมุนไพร, ยาแผนโบราณ",,,ขวด,8.85921E+12,,NULL,FALSE,FALSE,NULL,,,NULL,NULL,NULL,NULL,NULL,NULL,,NULL
2484,1000,102510,ORMIST 10 tab,CETIRIZINE,ANTIHISTAMINES & ANTIALLERGICS,ขย.9,NULL,ยาหู ตา คอ จมูก,,,กล่อง,8.85147E+12,,NULL,FALSE,FALSE,NULL,,,NULL,NULL,NULL,NULL,NULL,NULL,,NULL
2485,1000,102511,EGG Albumin 90 tab,NULL,NULL,ขย.9,NULL,วิตามินและอาหารเสริม,,,กระปุก,0,,NULL,FALSE,FALSE,NULL,,,NULL,NULL,NULL,NULL,NULL,NULL,,NULL
2486,1000,102512,Pregabalin Sandoz 25 mg 8x10',NULL,NULL,ขย.9,NULL,ยาในโรคเรื้อรัง (Drug for,,,กล่อง,8.85977E+12,,NULL,FALSE,FALSE,NULL,,,NULL,NULL,NULL,NULL,NULL,NULL,,NULL
2487,1000,102513,Sominar 1x10',DOXYLAMINE,ANTIHISTAMINES & ANTIALLERGICS,ขย.9,NULL,ยาหู ตา คอ จมูก,,,กล่อง,8.85877E+12,,NULL,FALSE,FALSE,NULL,,,NULL,NULL,NULL,NULL,NULL,NULL,,NULL
2488,1000,102514,Cariband Cohesive 4x2cm. Tigerplast 1 ม้วน,NULL,NULL,ขย.9,NULL,อุปกรณ์ทางการแพทย์,,,ม้วน,8.85067E+12,,NULL,FALSE,FALSE,NULL,,,NULL,NULL,NULL,NULL,NULL,NULL,,NULL
2489,1000,102515,NEXT HEALTH  หน้ากากอนามัย  3 สีขาว ชั้น 50 ชิ้น ,NULL,NULL,ขย.9,NULL,อุปกรณ์ทางการแพทย์,,,กล่อง,8.85696E+12,,NULL,FALSE,FALSE,NULL,,,NULL,NULL,NULL,NULL,NULL,NULL,,NULL
2490,1000,102516,SOS T 10x20 cm. พลาสเตอร์ใส ปิดแผล กันน้ำ 2 แผ่น,NULL,NULL,ขย.9,NULL,อุปกรณ์ทางการแพทย์,,,กล่อง,8.85712E+12,,NULL,FALSE,FALSE,NULL,,,NULL,NULL,NULL,NULL,NULL,NULL,,NULL
2491,1000,102517,Duran 400 mg 1x10',IBUPROFEN,ANTI-INFLAMMATORY ENZYMES,ขย.9,NULL,แก้ปวด ลดอักเสบ,,,กล่อง,8.85147E+12,,NULL,FALSE,FALSE,NULL,,,NULL,NULL,NULL,NULL,NULL,NULL,,NULL
2492,1000,102518,SOS PC1-P Series พลาสเตอร์ใส 1.9x7.2cm. 5 ชิ้น/แผง,NULL,NULL,ขย.9,NULL,อุปกรณ์ทางการแพทย์,,,แผง,102518,,NULL,FALSE,FALSE,NULL,,,NULL,NULL,NULL,NULL,NULL,NULL,,NULL
2493,1000,102519,Rhinobun แผ่นแปะบรรเทาปวด 10 แผ่น/ซอง,NULL,NULL,ขย.9,NULL,เบ็ดเตล็ด,,,ซอง,8.85876E+12,,NULL,FALSE,FALSE,NULL,,,NULL,NULL,NULL,NULL,NULL,NULL,,NULL
2494,1000,102520,Deztanex 5 mg 1x5',DESLORATADINE,ANTIHISTAMINES & ANTIALLERGICS,ขย.9,NULL,ยาหู ตา คอ จมูก,,,กล่อง,8.8511E+12,,NULL,FALSE,FALSE,NULL,,,NULL,NULL,NULL,NULL,NULL,NULL,,NULL
2495,1000,102521,SONAP Forte (550 mg) 10 tab,NAPROXEN SODIUM,ANTI-INFLAMMATORY ENZYMES,ขย.9,NULL,แก้ปวด ลดอักเสบ,,,แผง,8.85024E+12,,NULL,FALSE,FALSE,NULL,,,NULL,NULL,NULL,NULL,NULL,100,,NULL
2496,1000,102522,Ezerra Cream 25 g.,NULL,NULL,ขย.9,NULL,ยาใช้เฉพาะที่,,,กล่อง,9.55626E+12,,NULL,FALSE,FALSE,NULL,,,NULL,NULL,NULL,NULL,NULL,NULL,,NULL
2497,1000,102523,C-20 Blue Sally 180 ml,NULL,NULL,ขย.9,NULL,ยาใช้เฉพาะที่,,,ขวด,8.85254E+12,,NULL,FALSE,FALSE,NULL,,,NULL,NULL,NULL,NULL,NULL,NULL,,NULL
2498,1000,102524,น้ำมันโอสถทิพย์ (วัดโพธิ์) สีขาว 120 กรัม,NULL,NULL,ขย.9,NULL,"ยาสมุนไพร, ยาแผนโบราณ",,,ขวด,102524,,NULL,FALSE,FALSE,NULL,,,NULL,NULL,NULL,NULL,NULL,NULL,,NULL
2499,1000,102525,ลูกประคบสมุนไพร เฌอเอม 135 กรัม,NULL,NULL,ขย.9,NULL,"ยาสมุนไพร, ยาแผนโบราณ",,,ห่อ,8.85507E+12,,NULL,FALSE,FALSE,NULL,,,NULL,NULL,NULL,NULL,NULL,NULL,,NULL
2500,1000,102526,Manmox Dry Syrup 250 mg.รสองุ่น 60 ml,AMOXICILLINE,ANTIBIOTICS,ขย.9,NULL,ยาระบบการติดเชื้อ,,,กล่อง,8.85651E+12,,NULL,FALSE,TRUE,NULL,,,NULL,NULL,NULL,NULL,NULL,NULL,,NULL
2501,1000,102527,Manmox Dry Syrup 250 mg. รสส้ม 60 ml,AMOXICILLINE,ANTIBIOTICS,ขย.9,NULL,ยาระบบการติดเชื้อ,,,กล่อง,8.85651E+12,,NULL,FALSE,TRUE,NULL,,,NULL,NULL,NULL,NULL,NULL,NULL,,NULL
2502,1000,102528,Hiruscar Advanced Dragon's Blood Gel 8 g.,NULL,NULL,ขย.9,NULL,ยาใช้เฉพาะที่,,,กล่อง,8.85961E+12,,NULL,FALSE,FALSE,NULL,,,NULL,NULL,NULL,NULL,NULL,NULL,,NULL
2503,1000,102529,Ibiamox 125mg/5ml Syrup (40g) 60 ml,AMOXICILLINE,ANTIBIOTICS,ขย.9,NULL,ยาระบบการติดเชื้อ,,,กล่อง,8.85274E+12,,NULL,FALSE,FALSE,NULL,,,NULL,NULL,NULL,NULL,NULL,NULL,,NULL
2504,1000,102530,Moxxo Forte Dry Syrup 250 mg.ผลไม้รวม 60 ml,AMOXICILLINE,NULL,ขย.9,NULL,ยาระบบการติดเชื้อ,,,กล่อง,8.8546E+12,,NULL,FALSE,FALSE,NULL,,,NULL,NULL,NULL,NULL,NULL,NULL,,NULL
2505,1000,102531,MM ยาระบาย รสเชอรี่ สหแพทย์ 240 ml,MAGNESIUM HYDROXIDE,NULL,ขย.9,NULL,ยาทางเดินอาหาร,,,ขวด,8.85875E+12,,NULL,FALSE,FALSE,NULL,,,NULL,NULL,NULL,NULL,NULL,NULL,,NULL
2506,1000,102532,MM ยาระบาย รสมิ้น สหแพทย์ 240 ml,MAGNESIUM HYDROXIDE,NULL,ขย.9,NULL,ยาทางเดินอาหาร,,,ขวด,8.85875E+12,,NULL,FALSE,FALSE,NULL,,,NULL,NULL,NULL,NULL,NULL,NULL,,NULL
2507,1000,102533,Skinfect Cream 15 g,GENTAMICIN SULFATE,ANTIFUNGALS,ขย.9,NULL,ยาใช้เฉพาะที่,,,หลอด,8.85335E+12,100,NULL,FALSE,FALSE,NULL,,,NULL,NULL,NULL,NULL,NULL,NULL,1,NULL
2508,1000,102534,Gentrex Cream 5 g.,GENTAMICIN SULFATE,ANTIBIOTICS,ขย.9,NULL,ยาใช้เฉพาะที่,,,หลอด,8.85493E+12,,NULL,FALSE,FALSE,NULL,,,NULL,NULL,NULL,NULL,NULL,NULL,,NULL
2509,1000,102535,Burnova Gelplus+ 20 g. ,NULL,NULL,ขย.9,NULL,เครื่องสำอางและผลิตภัณฑ์ค,,,หลอด,8.85266E+12,,NULL,FALSE,FALSE,NULL,,,NULL,NULL,NULL,NULL,NULL,NULL,,NULL
2510,1000,102536,mamarine Bio-C Plus Elberry &Multivitamin 60 ml,NULL,VITAMINS & MINERALS,ขย.9,NULL,วิตามินและอาหารเสริม,,,ขวด,8.85876E+12,,NULL,FALSE,FALSE,NULL,,,NULL,NULL,NULL,NULL,NULL,NULL,,NULL
2511,1000,102537,mamarine BIO-C Plus+ 30 Capsules,NULL,VITAMINS & MINERALS,ขย.9,NULL,วิตามินและอาหารเสริม,,,กล่อง,8.85876E+12,,NULL,FALSE,FALSE,NULL,,,NULL,NULL,NULL,NULL,NULL,NULL,,NULL
2512,1000,102538,Combigan Eye 5 ml (Allergan),NULL,NULL,ขย.9,NULL,ยาหู ตา คอ จมูก,,,ขวด,0,,NULL,FALSE,FALSE,NULL,,,NULL,NULL,NULL,NULL,NULL,NULL,,NULL
2513,1000,102539,REGENEZ MEGA care 3x10 softgel ,NULL,NULL,ขย.9,NULL,วิตามินและอาหารเสริม,,,กล่อง,8.85077E+12,,NULL,FALSE,FALSE,NULL,,,NULL,NULL,NULL,NULL,NULL,NULL,,NULL
2514,1000,102540,FITNE Herbal ยาชงสมุนไพร รสชาเขียว  15 ซอง,NULL,NULL,ขย.9,NULL,"ยาสมุนไพร, ยาแผนโบราณ",,,ห่อ,8.85037E+12,,NULL,FALSE,FALSE,NULL,,,NULL,NULL,NULL,NULL,NULL,NULL,,NULL
2515,1000,102541,T Care Hot & Cold Pack No.11x26 cm.,NULL,NULL,ขย.9,NULL,อุปกรณ์ทางการแพทย์,,,กล่อง,8.85086E+12,,NULL,FALSE,FALSE,NULL,,,NULL,NULL,NULL,NULL,NULL,NULL,,NULL
2516,1000,102542,K-Y Lubricatng Jelly Sterile 42 g,NULL,NULL,ขย.9,NULL,ยาใช้เฉพาะที่,,,หลอด,5.0522E+12,100,NULL,FALSE,FALSE,NULL,,,NULL,NULL,NULL,NULL,NULL,NULL,1,NULL
2517,1000,102543,Dettol 120 ml,NULL,NULL,ขย.9,NULL,เบ็ดเตล็ด,,,ขวด,8.85036E+12,,NULL,FALSE,FALSE,NULL,,,NULL,NULL,NULL,NULL,NULL,NULL,,NULL
2518,1000,102544,forlax 10 g.,MACROGOL+SACCHARIN SODIUM,NULL,ขย.9,NULL,ยาทางเดินอาหาร,,,ซอง,3.58219E+12,,NULL,FALSE,FALSE,NULL,,,NULL,NULL,NULL,NULL,NULL,NULL,,NULL
2519,1000,102545,สมุนไพรสกัด เลดิน่า  ยาสตรี 20 แคปซูล,NULL,NULL,ขย.9,NULL,"ยาสมุนไพร, ยาแผนโบราณ",,,กล่อง,8.85037E+12,,NULL,FALSE,FALSE,NULL,,,NULL,NULL,NULL,NULL,NULL,NULL,,NULL
2520,1000,102546,วังพรม ยาหม่องไพล สูตร 2 ขนาด 100 กรัม,NULL,NULL,ขย.9,NULL,"ยาสมุนไพร, ยาแผนโบราณ",,,ขวด,8.85811E+12,,NULL,FALSE,FALSE,NULL,,,NULL,NULL,NULL,NULL,NULL,NULL,,NULL
2521,1000,102547,GASZYM 10 tab,SIMETHICONE,DIGESTIVE ENZYMES/DIGESTIVES,ขย.9,NULL,ยาทางเดินอาหาร,,,แผง,8.9013E+12,,NULL,FALSE,FALSE,NULL,,,NULL,NULL,NULL,NULL,NULL,NULL,,NULL
2522,1000,102548,Lonnagel  Cherry 5 g.,NULL,STEROIDS,ขย.9,NULL,ยาใช้เฉพาะที่,,,หลอด,8.85511E+12,,NULL,FALSE,FALSE,NULL,,,NULL,NULL,NULL,NULL,NULL,NULL,,NULL
2523,1000,102549,จุฬาเฮิร์บ เซรั่มทาฝ้าลำใย 8 กรัม/ซอง,NULL,NULL,ขย.9,NULL,เครื่องสำอางและสินค้าอุปโภคบริโภค,,,ซอง,8.85888E+12,,NULL,FALSE,FALSE,NULL,,,NULL,NULL,NULL,NULL,NULL,NULL,,NULL
2524,1000,102550,จุฬาเฮิร์บ ดีดีครีมแตงโมง SPF 50% 8 กรัม,NULL,NULL,ขย.9,NULL,เครื่องสำอางและผลิตภัณฑ์ค,,,ซอง,8.85888E+12,100,NULL,FALSE,FALSE,NULL,,,NULL,NULL,NULL,NULL,NULL,NULL,1,NULL
2525,1000,102551,Gauze Pad Size 4x4  8 ชิ้น,NULL,NULL,ขย.9,NULL,อุปกรณ์ทางการแพทย์,,,ซอง,8.85454E+12,,NULL,FALSE,FALSE,NULL,,,NULL,NULL,NULL,NULL,NULL,NULL,,NULL
2526,1000,102552,Gaviscon Dual action 10 ml ซองสีชมพู,NULL,ANTIACID,ขย.9,NULL,ยาทางเดินอาหาร,,,ซอง,8.85036E+12,,NULL,FALSE,FALSE,NULL,,,NULL,NULL,NULL,NULL,NULL,NULL,,NULL
2527,1000,102553,MUAY มวย ครีมยา บรรเทาปวด ตรามวย 30 กรัม,NULL,MUSCLE RELAXANTS,ขย.9,NULL,ยาใช้เฉพาะที่,,,หลอด,8.85847E+12,,NULL,FALSE,FALSE,NULL,,,NULL,NULL,NULL,NULL,NULL,NULL,,NULL
2528,1000,102554,Scagel Acne Patch แผ่นแปะสิว 1.2cm 12 ชิ้น,NULL,NULL,ขย.9,NULL,เครื่องสำอางและสินค้าอุปโภคบริโภค,,,กล่อง,8.85924E+12,,NULL,FALSE,FALSE,NULL,,,NULL,NULL,NULL,NULL,NULL,NULL,,NULL
2529,1000,102555,Cooling Gel Sheet แผ่นเจลลดไข้ เด็กและผู้ใหญ่ อยู่นาน8 ชม.,NULL,NULL,ขย.9,NULL,เบ็ดเตล็ด,,,ซอง,8.85924E+12,,NULL,FALSE,FALSE,NULL,,,NULL,NULL,NULL,NULL,NULL,NULL,,NULL
2530,1000,102556,Normol Saline Solution 500 ml,SODIUM CHLORIDE,NULL,ขย.9,NULL,ยาใช้เฉพาะที่,,,ขวด,8.85406E+12,,NULL,FALSE,FALSE,NULL,,,NULL,NULL,NULL,NULL,NULL,NULL,,NULL
2531,1000,102557,Tensopalast พลาสเตอร์ 5ชิ้น/แผง,NULL,NULL,ขย.9,NULL,อุปกรณ์ทางการแพทย์,,,แผง,0,,NULL,FALSE,FALSE,NULL,,,NULL,NULL,NULL,NULL,NULL,NULL,,NULL
2532,1000,102558,นีโอพลาสท์-เอส ผ้าปิดแผล 100 ชิ้น,NULL,NULL,ขย.9,NULL,อุปกรณ์ทางการแพทย์,,,กล่อง,8.85977E+12,,NULL,FALSE,FALSE,NULL,,,NULL,NULL,NULL,NULL,NULL,NULL,,NULL
2533,1000,102559,Niko-Niko ที่ดูดน้ำมูกปลายยางซิลิโคน คละสี 1 ชิ้น,NULL,NULL,ขย.9,NULL,อุปกรณ์ทางการแพทย์,,,แพ็ค,8.85086E+12,,NULL,FALSE,FALSE,NULL,,,NULL,NULL,NULL,NULL,NULL,NULL,,NULL
2534,1000,102560,Pregnancy Test แบบปัสสาวะผ่าน (Longmed) 1 Test,NULL,NULL,ขย.9,NULL,อุปกรณ์ทางการแพทย์,,,กล่อง,8.8591E+12,,NULL,FALSE,FALSE,NULL,,,NULL,NULL,NULL,NULL,NULL,NULL,,NULL
2535,1000,102561,Neoplast Tape 2x10 หลา 1 ม้วน,NULL,NULL,ขย.9,NULL,อุปกรณ์ทางการแพทย์,,,ม้วน,0,,NULL,FALSE,FALSE,NULL,,,NULL,NULL,NULL,NULL,NULL,NULL,,NULL
2536,1000,102562,FluiFort Syrup 120 ml,CARBOCYSTEINE,MUCOLYTIC,ขย.9,NULL,ยาน้ำสำหรับเด็ก,,,ขวด,8.71465E+12,,NULL,FALSE,FALSE,NULL,,,NULL,NULL,NULL,NULL,NULL,NULL,,NULL
2537,1000,102563,"Folic Acid 5,000 mcg. 100 tab",FOLIC ACID,NULL,ขย.9,NULL,วิตามินและอาหารเสริม,,,กระปุก,8.85874E+12,,NULL,FALSE,FALSE,NULL,,,NULL,NULL,NULL,NULL,NULL,NULL,,NULL
2538,1000,102564,Canasone cream 5 g,CLOTRIMAZOLE,ANTIFUNGALS,ขย.9,NULL,ยาใช้เฉพาะที่,,,หลอด,8.85147E+12,,NULL,FALSE,FALSE,NULL,,,NULL,NULL,NULL,NULL,NULL,NULL,,NULL
2539,1000,102565,Candinox  1x6 tab,CLOTRIMAZOLE,ANTIFUNGALS,ขย.9,NULL,ยาใช้เฉพาะที่,,,กล่อง,8.85877E+12,,NULL,FALSE,FALSE,NULL,,,NULL,NULL,NULL,NULL,NULL,NULL,,NULL
2540,1000,102566,COXIUM Millimed 1500 mg  30 ซอง,GLUCOSAMINE,AMINOGLYCOSIDES,ขย.9,NULL,ยาระบบกล้ามเนื้อ-ข้อต่อ,,,กล่อง,8.85546E+12,,NULL,FALSE,FALSE,NULL,,,NULL,NULL,NULL,NULL,NULL,NULL,,NULL
2541,1000,102567,Star Hub The Serum 15 ml,NULL,NULL,ขย.9,NULL,เครื่องสำอางและผลิตภัณฑ์ค,,,NULL,4448,,NULL,FALSE,FALSE,NULL,,,NULL,NULL,NULL,NULL,NULL,NULL,,NULL
2542,1000,102568,Coxium 500 mg 10x10 Capsules,GLUCOSAMINE,NULL,ขย.9,NULL,ยาระบบกล้ามเนื้อ-ข้อต่อ,,,กล่อง,8.85546E+12,,NULL,FALSE,FALSE,NULL,,,NULL,NULL,NULL,NULL,NULL,NULL,,NULL
2543,1000,102569,Retacnyl tretinoin 0.05% 30 g.,NULL,NULL,ขย.9,NULL,เครื่องสำอางและผลิตภัณฑ์ค,,,หลอด,8.80656E+12,,NULL,FALSE,FALSE,NULL,,,NULL,NULL,NULL,NULL,NULL,NULL,,NULL
2544,1000,102570,Cefspan 100 mg. 1 เม็ด (แบ่งขาย),NULL,ANTIVIRALS,ขย.9,NULL,ยาระบบการติดเชื้อ,,,เม็ด,102570,,NULL,FALSE,FALSE,NULL,,,NULL,NULL,NULL,NULL,NULL,NULL,,NULL
2545,1000,102571,Becare ลูกเจี๊ยบ ,NULL,NULL,ขย.9,NULL,เบ็ดเตล็ด,,,ชิ้น,8.8591E+12,,NULL,FALSE,FALSE,NULL,,,NULL,NULL,NULL,NULL,NULL,NULL,,NULL
2546,1000,102572,POVIDINE Solution 15 ml,POVIDONE-IODIDE,ANTIBIOTICS,ขย.9,NULL,ยาใช้เฉพาะที่,,,ขวด,8.85651E+12,,NULL,FALSE,FALSE,NULL,,,NULL,NULL,NULL,NULL,NULL,NULL,,NULL
2547,1000,102573,NATUR 8 OZ(240ml) 30 ถุง,NULL,NULL,ขย.9,NULL,เบ็ดเตล็ด,,,กล่อง,8.85085E+12,,NULL,FALSE,FALSE,NULL,,,NULL,NULL,NULL,NULL,NULL,NULL,,NULL
2548,1000,102574,Royal-D กลิ่นสตรอเบอร์รี่ 25 กรัม,NULL,NULL,ขย.9,NULL,วิตามินและอาหารเสริม,,,ซอง,8.85261E+12,,NULL,FALSE,FALSE,NULL,,,NULL,NULL,NULL,NULL,NULL,NULL,,NULL
2549,1000,102575,SOS Clinical Digital รุ่น ฺBT-A11CN Fast 25 Sec. 1 ชิ้น,NULL,NULL,ขย.9,NULL,อุปกรณ์ทางการแพทย์,,,กล่อง,8.85924E+12,,NULL,FALSE,FALSE,NULL,,,NULL,NULL,NULL,NULL,NULL,NULL,,NULL
2550,1000,102576,Throatsil Plus ผสมยาชาเฉพาะที่ แก้เจ็บคอ  8 เม็ด,NULL,NULL,ขย.9,NULL,ยาใช้เฉพาะที่,,,ซอง,8.85546E+12,,NULL,FALSE,FALSE,NULL,,,NULL,NULL,NULL,NULL,NULL,NULL,,NULL
2551,1000,102577,ถุงมือ FREELOX 100 ชิ้น แบบมีแป้ง size.M,NULL,NULL,ขย.9,NULL,อุปกรณ์ทางการแพทย์,,,กล่อง,102577,,NULL,FALSE,FALSE,NULL,,,NULL,NULL,NULL,NULL,NULL,NULL,,NULL
2552,1000,102578,ถุงมือ FREELOX 100 ชิ้น  แบบมีแป้ง size.L,NULL,NULL,ขย.9,NULL,อุปกรณ์ทางการแพทย์,,,กล่อง,102578,,NULL,FALSE,FALSE,NULL,,,NULL,NULL,NULL,NULL,NULL,NULL,,NULL
2553,1000,102579,Pregabalin Teva ( Pregabalin 75 mg.) 7',NULL,NULL,ขย.9,NULL,แก้ปวด ลดอักเสบ,,,เม็ด,8.8511E+12,100,NULL,FALSE,FALSE,NULL,,,NULL,NULL,NULL,NULL,NULL,NULL,1,NULL
2554,1000,102580,Athril Powder TO. 3.95g x 30ซอง/กล่อง,GLUCOSAMINE,AMINOGLYCOSIDES,ขย.9,NULL,ยาระบบกล้ามเนื้อ-ข้อต่อ,,,กล่อง,8.85188E+12,,NULL,FALSE,FALSE,NULL,,,NULL,NULL,NULL,NULL,NULL,NULL,,NULL
2555,1000,102581,ถ่าน Panasonic CR2032. 1 ชิ้น,NULL,NULL,ขย.9,NULL,เบ็ดเตล็ด,,,ชิ้น,332013,,NULL,FALSE,FALSE,NULL,,,NULL,NULL,NULL,NULL,NULL,NULL,,NULL
2556,1000,102582,Set ต่างหู  7 คู่,NULL,NULL,ขย.9,NULL,เบ็ดเตล็ด,,,แพ็ค,102582,,NULL,FALSE,FALSE,NULL,,,NULL,NULL,NULL,NULL,NULL,NULL,,NULL
2557,1000,102583,ต่างหู แบบติดหู แฟชั่น 1 คู่,NULL,NULL,ขย.9,NULL,เบ็ดเตล็ด,,,คู่,102583,,NULL,FALSE,FALSE,NULL,,,NULL,NULL,NULL,NULL,NULL,NULL,,NULL
2558,1000,102584,ยาน้ำตราเสือ 11 ตัว สูตร 111 ขนาด 300 ซีซี,NULL,NULL,ขย.9,NULL,"ยาสมุนไพร, ยาแผนโบราณ",,,ขวด,8.85297E+12,100,NULL,FALSE,FALSE,NULL,,,NULL,NULL,NULL,NULL,NULL,NULL,1,NULL
2559,1000,102585,Microgynon 30 ED 1x 28 s',LEVONORGESTREL+ETHINYLOESTRADIOL,HORMONES,ขย.9,NULL,ยาคุมกำเนิดและฮอร์โมนทดแท,,,กล่อง,4.0576E+12,,NULL,FALSE,FALSE,NULL,,,NULL,NULL,NULL,NULL,NULL,NULL,,NULL
2560,1000,102586,ต่างหู พลาสติก ติดหู 1 คู่,NULL,NULL,ขย.9,NULL,เบ็ดเตล็ด,,,คู่,102586,,NULL,FALSE,FALSE,NULL,,,NULL,NULL,NULL,NULL,NULL,NULL,,NULL
2561,1000,102587,ต่างหู DYA เพชร CZ  1 คู่,NULL,NULL,ขย.9,NULL,เบ็ดเตล็ด,,,คู่,102587,,NULL,FALSE,FALSE,NULL,,,NULL,NULL,NULL,NULL,NULL,NULL,,NULL
2562,1000,102588,Amoxycillin-500 mg 1x10 s' SSP,AMOXICILLINE,ANTIBIOTICS,ขย.9,NULL,ยาระบบการติดเชื้อ,,,แผง,8.85876E+12,,NULL,FALSE,FALSE,NULL,,,NULL,NULL,NULL,NULL,NULL,NULL,,NULL
2563,1000,102589,Klean Mask หน้ากาก 3 ชั้น  3 ชิ้น/ซอง,NULL,NULL,ขย.9,NULL,อุปกรณ์ทางการแพทย์,,,ซอง,8.8591E+12,,NULL,FALSE,FALSE,NULL,,,NULL,NULL,NULL,NULL,NULL,NULL,,NULL
2564,1000,102590,Mo yin-Test ชุดตรวจตั้งครรภ์ 1 ชุด,NULL,NULL,ขย.9,NULL,อุปกรณ์ทางการแพทย์,,,กล่อง,8.85882E+12,,NULL,FALSE,FALSE,NULL,,,NULL,NULL,NULL,NULL,NULL,NULL,,NULL
2565,1000,102591,หวีซอยผม  หวีใบมีด+หวี 2 in 1,NULL,NULL,ขย.9,NULL,เบ็ดเตล็ด,,,ชิ้น,6621,,NULL,FALSE,FALSE,NULL,,,NULL,NULL,NULL,NULL,NULL,NULL,,NULL
2566,1000,102592,Tigerplast Size .XL 10 ชิ้น,NULL,NULL,ขย.9,NULL,เบ็ดเตล็ด,,,ซอง,8.85067E+12,,NULL,FALSE,FALSE,NULL,,,NULL,NULL,NULL,NULL,NULL,NULL,,NULL
2567,1000,102593,SOS Plus M ขนาด 4x7 cm. 5 แผ่น,NULL,NULL,ขย.9,NULL,อุปกรณ์ทางการแพทย์,,,กล่อง,8.85924E+12,,NULL,FALSE,FALSE,NULL,,,NULL,NULL,NULL,NULL,NULL,NULL,,NULL
2568,1000,102594,MIRA Size. 13 cm  คีบสำลีไม่มีเขี้ยว 1 ชิ้น,NULL,NULL,ขย.9,NULL,อุปกรณ์ทางการแพทย์,,,ชิ้น,102594,,NULL,FALSE,FALSE,NULL,,,NULL,NULL,NULL,NULL,NULL,NULL,,NULL
2569,1000,102595,แผ่นแปะลดไข้ kool fever 2+y กลิ่นมิ้น 2 ชิ้น,NULL,NULL,ขย.9,NULL,เบ็ดเตล็ด,,,ซอง,4.98707E+12,,NULL,FALSE,FALSE,NULL,,,NULL,NULL,NULL,NULL,NULL,NULL,,NULL
2570,1000,102596,durex เลิฟ size 52.5 mm. 3 ชิ้น,NULL,NULL,ขย.9,NULL,ถุงยางอนามัย,,,กล่อง,5.03848E+12,,NULL,FALSE,FALSE,NULL,,,NULL,NULL,NULL,NULL,NULL,NULL,,NULL
2571,1000,102597,durex play Classic gel 50 ml.,NULL,NULL,ขย.9,NULL,เบ็ดเตล็ด,,,ขวด,8.85016E+12,,NULL,FALSE,FALSE,NULL,,,NULL,NULL,NULL,NULL,NULL,NULL,,NULL
2572,1000,102598,Dental Wax  Dr. PHILLIPS ขี้ผึ้งสำหรับจัดฟัน กลิ่น มิ้นท์,NULL,NULL,ขย.9,NULL,เบ็ดเตล็ด,,,แพ็ค,8.85471E+12,,NULL,FALSE,FALSE,NULL,,,NULL,NULL,NULL,NULL,NULL,NULL,,NULL
2573,1000,102599,ยาอม fisherman Spearmint 25g  สีคราม-ขาว,NULL,NULL,ขย.9,NULL,เครื่องสำอางและสินค้าอุปโภคบริโภค,,,ซอง,96083864,100,NULL,FALSE,FALSE,NULL,,,NULL,NULL,NULL,NULL,NULL,NULL,1,NULL
2574,1000,102600,Propolis Kid mouth Spray 10 ml ,NULL,NULL,ขย.9,NULL,ยาใช้เฉพาะที่,,,กล่อง,8.85651E+12,,NULL,FALSE,FALSE,NULL,,,NULL,NULL,NULL,NULL,NULL,NULL,,NULL
2575,1000,102601,NTK Phaiyen สบู่ไพรเย็น 80 g.,NULL,NULL,ขย.9,NULL,"ยาสมุนไพร, ยาแผนโบราณ",,,ก้อน,6123,,NULL,FALSE,FALSE,NULL,,,NULL,NULL,NULL,NULL,NULL,NULL,,NULL
2576,1000,102602,แป้งไมโยชิ - ขาวออร่า 10 g - สติกเกอร์สีชมพู เบอร์ 1,NULL,NULL,ขย.9,NULL,เครื่องสำอางและผลิตภัณฑ์ค,,,ชิ้น,8.85888E+12,,NULL,FALSE,FALSE,NULL,,,NULL,NULL,NULL,NULL,NULL,NULL,,NULL
2577,1000,102603,B-mouth wash 180 ml (MD),NULL,NULL,ขย.9,NULL,ยาใช้เฉพาะที่,,,ขวด,8.85545E+12,,NULL,FALSE,FALSE,NULL,,,NULL,NULL,NULL,NULL,NULL,NULL,,NULL
2578,1000,102604,Mybacin Tartar Control 95 ml,NULL,NULL,ขย.9,NULL,ยาใช้เฉพาะที่,,,ขวด,8.85229E+12,,NULL,FALSE,FALSE,NULL,,,NULL,NULL,NULL,NULL,NULL,NULL,,NULL
2579,1000,102605,T PLUS  หน้ากากอนามัยทางการแพทย์ 3 ชั้น 50 ชิ้น,NULL,NULL,ขย.9,NULL,อุปกรณ์ทางการแพทย์,,,กล่อง,8.85713E+12,,NULL,FALSE,FALSE,NULL,,,NULL,NULL,NULL,NULL,NULL,NULL,,NULL
2580,1000,102606,Tigerplast ฟิล์มใสกันน้ำ N2 60x100 mm.,NULL,NULL,ขย.9,NULL,อุปกรณ์ทางการแพทย์,,,กล่อง,8.85067E+12,,NULL,FALSE,FALSE,NULL,,,NULL,NULL,NULL,NULL,NULL,NULL,,NULL
2581,1000,102607,TLM หมวกคลุมผม สีฟ้า 100 ชิ้น,NULL,NULL,ขย.9,NULL,อุปกรณ์ทางการแพทย์,,,แพ็ค,8.85696E+12,,NULL,FALSE,FALSE,NULL,,,NULL,NULL,NULL,NULL,NULL,NULL,,NULL
2582,1000,102608,TLM หมวกคลุมผม สีเขียว 100 ชิ้น,NULL,NULL,ขย.9,NULL,อุปกรณ์ทางการแพทย์,,,แพ็ค,8.85696E+12,,NULL,FALSE,FALSE,NULL,,,NULL,NULL,NULL,NULL,NULL,NULL,,NULL
2583,1000,102609,น้ำเกลือ 0.9% LPSALINE ตราเสือดาว 500 ml,NULL,NULL,ขย.9,NULL,ยาใช้เฉพาะที่,,,ขวด,8.85304E+12,,NULL,FALSE,FALSE,NULL,,,NULL,NULL,NULL,NULL,NULL,NULL,,NULL
2584,1000,102610,น้ำมันละหุ่งหวาน 30 ml,NULL,NULL,ขย.9,NULL,ยาทางเดินอาหาร,,,ขวด,8.85008E+12,,NULL,FALSE,FALSE,NULL,,,NULL,NULL,NULL,NULL,NULL,NULL,,NULL
2585,1000,102611,ยาหม่องโอสถสีขาว ตราแม่กุหลาบ 200 กรัม,NULL,NULL,ขย.9,NULL,"ยาสมุนไพร, ยาแผนโบราณ",,,ขวด,8.85657E+12,,NULL,FALSE,FALSE,NULL,,,NULL,NULL,NULL,NULL,NULL,NULL,,NULL
2586,1000,102612,Histatab 100 tab,CHLORPHENIRAMINE,NULL,ขย.9,NULL,ยาระบบทางเดินหายใจ,,,กระปุก,8.85298E+12,,NULL,FALSE,FALSE,NULL,,,NULL,NULL,NULL,NULL,NULL,NULL,,NULL
2587,1000,102613,hashi Saline Spray 30 ml,SODIUM CHLORIDE,NULL,ขย.9,NULL,ยาหู ตา คอ จมูก,,,ขวด,8.85298E+12,,NULL,FALSE,FALSE,NULL,,,NULL,NULL,NULL,NULL,NULL,NULL,,NULL
2588,1000,102614,Set ต่างหู 5 คู่,NULL,NULL,NULL,NULL,NULL,,,ชุด,331682,,NULL,FALSE,FALSE,NULL,,,NULL,NULL,NULL,NULL,NULL,NULL,,NULL
2589,1000,102615,Ampicillin 1x10 capsule,AMPICILLIN,ANTIBIOTICS,ขย.9,NULL,ยาระบบการติดเชื้อ,,,แผง,8.85802E+12,,NULL,FALSE,FALSE,NULL,,,NULL,NULL,NULL,NULL,NULL,NULL,,NULL
2590,1000,102616,AMK 625 mg 1x10 tab,AMOX+CLAVU,NULL,ขย.9,NULL,ยาระบบการติดเชื้อ,,,กล่อง,8.85267E+12,,NULL,FALSE,FALSE,NULL,,,NULL,NULL,NULL,NULL,NULL,NULL,,NULL
2591,1000,102617,Gauze Pad 3x3  8 ชิ้น,NULL,NULL,ขย.9,NULL,อุปกรณ์ทางการแพทย์,,,ห่อ,8.85454E+12,,NULL,FALSE,FALSE,NULL,,,NULL,NULL,NULL,NULL,NULL,NULL,,NULL
2592,1000,102618,ไลปอน เอฟ สูตร อนามัย 150 ml,NULL,NULL,ขย.9,NULL,เบ็ดเตล็ด,,,ขวด,8.85E+12,,NULL,FALSE,FALSE,NULL,,,NULL,NULL,NULL,NULL,NULL,NULL,,NULL
2593,1000,102619,Therma Plast แผ่นแปะร้อน 1 ชิ้น,NULL,NULL,ขย.9,NULL,ยาระบบกล้ามเนื้อ-ข้อต่อ,,,ชิ้น,8.85067E+12,,NULL,FALSE,FALSE,NULL,,,NULL,NULL,NULL,NULL,NULL,NULL,,NULL
2594,1000,102620,hashi Saline Spray  สูตรชุ่มชื้น 30 ml,NULL,NULL,ขย.9,NULL,ยาหู ตา คอ จมูก,,,กล่อง,8.85511E+12,,NULL,FALSE,FALSE,NULL,,,NULL,NULL,NULL,NULL,NULL,NULL,,NULL
2595,1000,102621,Rhinalax-B (BURAPHA) 60 ml,CARBOCYSTEINE,MUCOLYTIC,ขย.9,NULL,ยาน้ำสำหรับเด็ก,,,ขวด,8.85147E+12,,NULL,FALSE,FALSE,NULL,,,NULL,NULL,NULL,NULL,NULL,NULL,,NULL
2596,1000,102622,KIT SYRUP  60ml,PARACETAMOL,NULL,ขย.9,NULL,NULL,,,ขวด,8.85895E+12,,NULL,FALSE,FALSE,NULL,,,NULL,NULL,NULL,NULL,NULL,NULL,55,NULL
2597,1000,102623,เยนเชี่ยนไวโอเลต สหการ 15ml,NULL,NULL,ขย.9,NULL,ยาระบบการติดเชื้อ,,,ขวด,8.85343E+12,,NULL,FALSE,FALSE,NULL,,,NULL,NULL,NULL,NULL,NULL,NULL,,NULL
2598,1000,102624,Miltear 3% -1 ml  30 ชิ้น,NULL,NULL,ขย.9,NULL,ยาหู ตา คอ จมูก,,,กล่อง,8.85945E+12,,NULL,FALSE,FALSE,NULL,,,NULL,NULL,NULL,NULL,NULL,NULL,,NULL
2599,1000,102625,Sof tear 03% - 5 ml,HYPROMELLOSE,NULL,ขย.9,NULL,ยาหู ตา คอ จมูก,,,ขวด,8.90601E+12,100,NULL,FALSE,FALSE,NULL,,,NULL,NULL,NULL,NULL,NULL,NULL,1,NULL
2600,1000,102626,BIO C Gluta IMU+ Blackmores 30 capsules,NULL,VITAMINS & MINERALS,ขย.9,NULL,วิตามินและอาหารเสริม,,,ขวด,93568265,,NULL,FALSE,FALSE,NULL,,,NULL,NULL,NULL,NULL,NULL,NULL,,NULL
2601,1000,102627,Conform Size. 2'' RSC Medical 5cmx2.7m ผ้าพันแผล,NULL,NULL,ขย.9,NULL,อุปกรณ์ทางการแพทย์,,,ม้วน,2.565E+12,,NULL,FALSE,FALSE,NULL,,,NULL,NULL,NULL,NULL,NULL,NULL,,NULL
2602,1000,102628,เทพไทย ยาสิฟัน ผสมฟลูออไรด์ รสมิกซ์ฟรุ๊ต 30กัรม,NULL,NULL,ขย.9,NULL,เบ็ดเตล็ด,,,หลอด,8.85712E+12,100,NULL,FALSE,FALSE,NULL,,,NULL,NULL,NULL,NULL,NULL,NULL,1,NULL
2603,1000,102629,เทพไทย ยาสิฟันผสมฟลูออไรด์ รสสเปียร์มิ้นท์ 30กัรม,NULL,NULL,ขย.9,NULL,เบ็ดเตล็ด,,,หลอด,8.85712E+12,,NULL,FALSE,FALSE,NULL,,,NULL,NULL,NULL,NULL,NULL,NULL,,NULL
2604,1000,102630,ตรางู Herbal Rescue Spray Sugar Free  15 ml,NULL,NULL,ขย.9,NULL,ยาหู ตา คอ จมูก,,,ขวด,8.85209E+12,,NULL,FALSE,FALSE,NULL,,,NULL,NULL,NULL,NULL,NULL,NULL,,NULL
2605,1000,102631,Busonase 64 mcg/dose  1 ml,BUDESONIDE,STEROIDS,ขย.9,NULL,ยาหู ตา คอ จมูก,,,ขวด,8.85545E+12,,NULL,FALSE,FALSE,NULL,,,NULL,NULL,NULL,NULL,NULL,NULL,,NULL
2606,1000,102632,Klean & Kare จุกล้างจมูก นุ๊มนุ่ม,NULL,NULL,ขย.9,NULL,อุปกรณ์ทางการแพทย์,,,ชิ้น,8.85406E+12,,NULL,FALSE,FALSE,NULL,,,NULL,NULL,NULL,NULL,NULL,NULL,,NULL
2607,1000,102633,Kleanasal Longmed  2 ชิ้น,NULL,NULL,ขย.9,NULL,เบ็ดเตล็ด,,,กล่อง,8.8591E+12,,NULL,FALSE,FALSE,NULL,,,NULL,NULL,NULL,NULL,NULL,NULL,,NULL
2608,1000,102634,ยาแก้ไอ ซอมป่วยใหม่ 120 ซีซี,NULL,NULL,ขย.9,NULL,"ยาสมุนไพร, ยาแผนโบราณ",,,ขวด,102634,,NULL,FALSE,FALSE,NULL,,,NULL,NULL,NULL,NULL,NULL,NULL,,NULL
2609,1000,102635,ปรอทวัดไข้ SAFETY ARMPIT ปรอทแก้ว ฝาน้ำเงิน,NULL,NULL,ขย.9,NULL,อุปกรณ์ทางการแพทย์,,,ชิ้น,102635,100,NULL,FALSE,FALSE,NULL,,,NULL,NULL,NULL,NULL,NULL,NULL,1,NULL
2610,1000,102636,มหาหิงค์ุ ชนิดน้ำ ตราลูกไก่คู่ ศิริบัญชา 60 ซีซี,NULL,NULL,ขย.9,NULL,ยาใช้เฉพาะที่,,,ขวด,8.85112E+12,,NULL,FALSE,FALSE,NULL,,,NULL,NULL,NULL,NULL,NULL,NULL,,NULL
2611,1000,102637,canesten 5g,CLOTRIMAZOLE,NULL,NULL,NULL,NULL,,,NULL,4.0576E+12,,NULL,FALSE,FALSE,NULL,,,NULL,NULL,NULL,NULL,NULL,NULL,,NULL
2612,1000,102638,NEUROBION (B1-6-12)  5x10 s',MULTIVITAMINS & MINERALS,VITAMINS & MINERALS,ขย.9,NULL,วิตามินและอาหารเสริม,,,กล่อง,4.98718E+12,,NULL,FALSE,FALSE,NULL,,,NULL,NULL,NULL,NULL,NULL,NULL,,NULL
2613,1000,102639,Oflocee 200 ,OFLOXACIN,ANTIBIOTICS,ขย.9,NULL,ยาระบบการติดเชื้อ,,,แผง,8.85335E+12,,NULL,FALSE,FALSE,NULL,,,NULL,NULL,NULL,NULL,NULL,NULL,,NULL
2614,1000,102640,Diosmin 500 ,DIOSMINE+HESPERIDINE,"HAEMORRHOIDAL,PHLEBITIS & VARI",ขย.9,NULL,ยาทางเดินอาหาร,,,แผง,8.85877E+12,,NULL,FALSE,FALSE,NULL,,,NULL,NULL,NULL,NULL,NULL,NULL,,NULL
2615,1000,102641,MEBO 10 g.,NULL,ANTIBIOTICS,ขย.9,NULL,ยาใช้เฉพาะที่,,,ขวด,8.85056E+12,,NULL,FALSE,FALSE,NULL,,,NULL,NULL,NULL,NULL,NULL,NULL,,NULL
2616,1000,102642,CHRONOL 25x 4 tab,DISULFIRAM,NULL,ขย.9,NULL,ยาในโรคเรื้อรัง (Drug for,,,กล่อง,8.85894E+12,,NULL,FALSE,FALSE,NULL,,,NULL,NULL,NULL,NULL,NULL,NULL,,NULL
2617,1000,102643,FITT-C 500 3x10 tab /กล่อง,ASCORBIC ACID,VITAMINS & MINERALS,ขย.9,NULL,วิตามินและอาหารเสริม,,,กล่อง,8.85879E+12,,NULL,FALSE,FALSE,NULL,,,NULL,NULL,NULL,NULL,NULL,NULL,,NULL
2618,1000,102644,KleanPore Lonfmed 1''x5Y 1 ม้วน/กล่อง,NULL,NULL,ขย.9,NULL,อุปกรณ์ทางการแพทย์,,,กล่อง,8.8591E+12,,NULL,FALSE,FALSE,NULL,,,NULL,NULL,NULL,NULL,NULL,NULL,,NULL
2619,1000,102645,KleanPore Lonfmed 1/2''x5Y 1 ม้วน/กล่อง,NULL,NULL,ขย.9,NULL,อุปกรณ์ทางการแพทย์,,,กล่อง,8.8591E+12,,NULL,FALSE,FALSE,NULL,,,NULL,NULL,NULL,NULL,NULL,NULL,,NULL
2620,1000,102646,KleanTrans Longmed 1''x5Y   1 ม้วน/กล่อง,NULL,NULL,ขย.9,NULL,อุปกรณ์ทางการแพทย์,,,กล่อง,8.8591E+12,,NULL,FALSE,FALSE,NULL,,,NULL,NULL,NULL,NULL,NULL,NULL,,NULL
2621,1000,102647,KleanTrans Longmed 1/2''x5Y   1 ม้วน/กล่อง,NULL,NULL,NULL,NULL,NULL,,,กล่อง,8.8591E+12,,NULL,FALSE,FALSE,NULL,,,NULL,NULL,NULL,NULL,NULL,NULL,,NULL
2622,1000,102648,MEGA Nutrivita Daily 3x10 softgel,NULL,VITAMINS & MINERALS,ขย.9,NULL,วิตามินและอาหารเสริม,,,กล่อง,8.85077E+12,,NULL,FALSE,FALSE,NULL,,,NULL,NULL,NULL,NULL,NULL,NULL,,NULL
2623,1000,102649,Propoliz Lozeng Vit.C ชนิดอม 8 เม็ด,NULL,NULL,ขย.9,NULL,"ยาสมุนไพร, ยาแผนโบราณ",,,ซอง,8.85651E+12,,NULL,FALSE,FALSE,NULL,,,NULL,NULL,NULL,NULL,NULL,NULL,,NULL
2624,1000,102650,กาวิสคอน ดูอัล 24 ซอง,NULL,NULL,ขย.9,NULL,ยาทางเดินอาหาร,,,กล่อง,5.00016E+12,,NULL,FALSE,FALSE,NULL,,,NULL,NULL,NULL,NULL,NULL,NULL,,NULL
2625,1000,102651,T.V. MOX Dry Syrup รสส้ม 60 ml,AMOXICILLINE,ANTIBIOTICS,ขย.9,NULL,ยาระบบการติดเชื้อ,,,ขวด,8.85651E+12,,NULL,FALSE,FALSE,NULL,,,NULL,NULL,NULL,NULL,NULL,NULL,,NULL
2626,1000,102652,Capsika Gel 60 g.,NULL,NULL,ขย.9,NULL,ยาใช้เฉพาะที่,,,หลอด,8.85335E+12,,NULL,FALSE,FALSE,NULL,,,NULL,NULL,NULL,NULL,NULL,NULL,,NULL
2627,1000,102653,Puridine Siribuncha 30 ml,POVIDONE-IODIDE,ANTIBIOTICS,ขย.9,NULL,ยาใช้เฉพาะที่,,,ขวด,8.85112E+12,,NULL,FALSE,FALSE,NULL,,,NULL,NULL,NULL,NULL,NULL,NULL,,NULL
2628,1000,102654,Dermatix woun care 20 g.,NULL,NULL,ขย.9,NULL,ยาใช้เฉพาะที่,,,หลอด,8.85879E+12,,NULL,FALSE,FALSE,NULL,,,NULL,NULL,NULL,NULL,NULL,NULL,,NULL
2629,1000,102655,Hiruscar Advance Spot Gel 4 g.,NULL,NULL,ขย.9,NULL,ยาใช้เฉพาะที่,,,หลอด,8.85174E+12,,NULL,FALSE,FALSE,NULL,,,NULL,NULL,NULL,NULL,NULL,NULL,,NULL
2630,1000,102656,ยาดมหงส์คู่ 10 กรัม,NULL,NULL,ขย.9,NULL,ยาหู ตา คอ จมูก,,,กระปุก,8.8571E+12,,NULL,FALSE,FALSE,NULL,,,NULL,NULL,NULL,NULL,NULL,NULL,,NULL
2631,1000,102657,ยาธาตุจอมทอง 300 ซีซี,NULL,NULL,ขย.9,NULL,ยาทางเดินอาหาร,,,ขวด,8.8588E+12,,NULL,FALSE,FALSE,NULL,,,NULL,NULL,NULL,NULL,NULL,NULL,,NULL
2632,1000,102658,VIVIT vitamins & minerals 10 tab,NULL,VITAMINS & MINERALS,ขย.9,NULL,วิตามินและอาหารเสริม,,,แผง,102658,,NULL,FALSE,FALSE,NULL,,,NULL,NULL,NULL,NULL,NULL,NULL,,NULL
2633,1000,102659,POSPOND 1x10 tab,NORETHISTERONE+MESTRANOL,HORMONES,ขย.9,NULL,ยาคุมกำเนิดและฮอร์โมนทดแท,,,แผง/กล่อง,8.85147E+12,,NULL,FALSE,FALSE,NULL,,,NULL,NULL,NULL,NULL,NULL,NULL,,NULL
2634,1000,102660,TARADA Lotion 1.75 ml,NULL,NULL,ขย.9,NULL,ยาใช้เฉพาะที่,,,กล่อง,8.85463E+12,,NULL,FALSE,FALSE,NULL,,,NULL,NULL,NULL,NULL,NULL,NULL,,NULL
2635,1000,102661,TARADA Herb Spray 12 ml,NULL,NULL,ขย.9,NULL,ยาใช้เฉพาะที่,,,กล่อง,8.85463E+12,,NULL,FALSE,FALSE,NULL,,,NULL,NULL,NULL,NULL,NULL,NULL,,NULL
2636,1000,102662,ยาแก้ไอผสมมะแว้ง ตราไอยรา อะฮ่า 60 มล.,NULL,NULL,ขย.9,NULL,"ยาสมุนไพร, ยาแผนโบราณ",,,ขวด,8.85651E+12,,NULL,FALSE,FALSE,NULL,,,NULL,NULL,NULL,NULL,NULL,NULL,,NULL
2637,1000,102663,แป้งเย็น ตรางู Classic 140 กรัม,NULL,NULL,ขย.9,NULL,เบ็ดเตล็ด,,,กระป๋อง,8.85209E+12,,NULL,FALSE,FALSE,NULL,,,NULL,NULL,NULL,NULL,NULL,NULL,39,NULL
2638,1000,102664,ลอรีเอะ 22.5 cm. Ultra Slim Cool 3 ชิ้น,NULL,NULL,ขย.9,NULL,เบ็ดเตล็ด,,,ห่อ,8.85182E+12,,NULL,FALSE,FALSE,NULL,,,NULL,NULL,NULL,NULL,NULL,NULL,,NULL
2639,1000,102665,แผ่นแปะลดไข้ เด็ก Cool Kids นาน 8 ชม. สีฟ้า 2 ชิ้น,NULL,NULL,ขย.9,NULL,เบ็ดเตล็ด,,,ซอง,8.85712E+12,,NULL,FALSE,FALSE,NULL,,,NULL,NULL,NULL,NULL,NULL,NULL,,NULL
2640,1000,102666,แผ่นแปะลดไข้ เด็ก Babini Cool Patch นาน 8 ชม. 2 ชิ้น,NULL,NULL,ขย.9,NULL,เบ็ดเตล็ด,,,ซอง,8.85876E+12,100,NULL,FALSE,FALSE,NULL,,,NULL,NULL,NULL,NULL,NULL,NULL,1,NULL
2641,1000,102667,Tigerplast สัตว์ป่าน่ารัก 8 แผ่น,NULL,NULL,ขย.9,NULL,เบ็ดเตล็ด,,,ซอง,8.85067E+12,,NULL,FALSE,FALSE,NULL,,,NULL,NULL,NULL,NULL,NULL,NULL,,NULL
2642,1000,102668,Metronidazole 400 mg 10 tab,METRONIDAZOLE,ANTIBIOTICS,ขย.9,NULL,เบ็ดเตล็ด,,,แผง,8.85545E+12,,NULL,FALSE,FALSE,NULL,,,NULL,NULL,NULL,NULL,NULL,NULL,,NULL
2643,1000,102669,Rhinalax 60 ml,CARBOCYSTEINE,MUCOLYTIC,ขย.9,NULL,ยาหู ตา คอ จมูก,,,ขวด,8.85147E+12,,NULL,FALSE,FALSE,NULL,,,NULL,NULL,NULL,NULL,NULL,NULL,,NULL
2644,1000,102670,Bromhexine Elixir-PATAR 60 ml,BROMHEXINE,COUGH & COLD REMEDIES,ขย.9,NULL,ยาหู ตา คอ จมูก,,,ขวด,8.85501E+12,,NULL,FALSE,FALSE,NULL,,,NULL,NULL,NULL,NULL,NULL,NULL,,NULL
2645,1000,102671,Rhinopore 1/2 in x 2.5 yds 1 ม้วน,NULL,NULL,ขย.9,NULL,อุปกรณ์ทางการแพทย์,,,ม้วน,1.08858E+14,,NULL,FALSE,FALSE,NULL,,,NULL,NULL,NULL,NULL,NULL,NULL,,NULL
2646,1000,102672,Fango-BD cream 5 g.,CLOTRIMAZOLE+BETAMETHASONE,ANTIFUNGALS,ขย.9,NULL,ยาใช้เฉพาะที่,,,หลอด,8.85899E+12,,NULL,FALSE,FALSE,NULL,,,NULL,NULL,NULL,NULL,NULL,NULL,,NULL
2647,1000,102673,ลอรีเอะซอฟท์แอนด์เซฟ สลิม4ชิ้น,NULL,NULL,ขย.9,NULL,เบ็ดเตล็ด,,,ห่อ,8.85182E+12,,NULL,FALSE,FALSE,NULL,,,NULL,NULL,NULL,NULL,NULL,NULL,,NULL
2648,1000,102674,ลอรีเอะซอฟท์แอนด์เซฟ แมกซี่ 4ชิ้น,NULL,NULL,ขย.9,NULL,เบ็ดเตล็ด,,,ห่อ,8.85182E+12,,NULL,FALSE,FALSE,NULL,,,NULL,NULL,NULL,NULL,NULL,NULL,,NULL
2649,1000,102676,โพรเทคส์  แมน สปอร์ต140กรัม,NULL,NULL,ขย.9,NULL,เบ็ดเตล็ด,,,ชิ้น,8.85001E+12,,NULL,FALSE,FALSE,NULL,,,NULL,NULL,NULL,NULL,NULL,NULL,,NULL
2650,1000,102677,protex บลอสซัม 140 กรัม,NULL,NULL,ขย.9,NULL,เบ็ดเตล็ด,,,ขวด,8.85001E+12,,NULL,FALSE,FALSE,NULL,,,NULL,NULL,NULL,NULL,NULL,NULL,,NULL
2651,1000,102678,protex ไอซ์ซี่ คูล 140 กรัม,NULL,NULL,ขย.9,NULL,เบ็ดเตล็ด,,,ขวด,8.85001E+12,,NULL,FALSE,FALSE,NULL,,,NULL,NULL,NULL,NULL,NULL,NULL,,NULL
2652,1000,102679,protex ลาเวนเดอร์ ไอซ์ ฟรีซ 140 กรัม,NULL,NULL,ขย.9,NULL,เบ็ดเตล็ด,,,ขวด,8.85001E+12,,NULL,FALSE,FALSE,NULL,,,NULL,NULL,NULL,NULL,NULL,NULL,,NULL
2653,1000,102680,protex เฟรช 140 กรัม,NULL,NULL,ขย.9,NULL,เบ็ดเตล็ด,,,ขวด,8.85001E+12,,NULL,FALSE,FALSE,NULL,,,NULL,NULL,NULL,NULL,NULL,NULL,,NULL
2654,1000,102681,ไลปอนเอฟ มะกรูด 150 ml,NULL,NULL,ขย.9,NULL,เบ็ดเตล็ด,,,ขวด,8.85E+12,,NULL,FALSE,FALSE,NULL,,,NULL,NULL,NULL,NULL,NULL,NULL,,NULL
2655,1000,102682,ลอริเอพซูอัลตราสลิมปีก 22.5 cm. 4 ชิ้น,NULL,NULL,ขย.9,NULL,เบ็ดเตล็ด,,,ห่อ,8.85182E+12,,NULL,FALSE,FALSE,NULL,,,NULL,NULL,NULL,NULL,NULL,NULL,,NULL
2656,1000,102683,ลอริเอะซูเปอร์อัลตร้าสลิม 30ซม. 4 ชื้น,NULL,NULL,ขย.9,NULL,เบ็ดเตล็ด,,,ห่อ,8.85182E+12,,NULL,FALSE,FALSE,NULL,,,NULL,NULL,NULL,NULL,NULL,NULL,,NULL
2657,1000,102684,เบบี้เลิฟ Size. S 3-7 kg. 84 ชิ้น,NULL,NULL,ขย.9,NULL,เบ็ดเตล็ด,,,ห่อ,8.85071E+12,,NULL,FALSE,FALSE,NULL,,,NULL,NULL,NULL,NULL,NULL,NULL,,NULL
2658,1000,102685,ลอรีเอะซอฟท์ 22 ซม. 4 ชิ้น,NULL,NULL,ขย.9,NULL,เบ็ดเตล็ด,,,ห่อ,8.85182E+12,,NULL,FALSE,FALSE,NULL,,,NULL,NULL,NULL,NULL,NULL,NULL,,NULL
2659,1000,102686,SOFY Cooling Freshแผ่นอนามัย 14 ชิ้น,NULL,NULL,ขย.9,NULL,เบ็ดเตล็ด,,,ห่อ,8.85111E+12,,NULL,FALSE,FALSE,NULL,,,NULL,NULL,NULL,NULL,NULL,NULL,,NULL
2660,1000,102687,แป้งเย็น แพรอท คลาสสิค คูล 260 กรัม,NULL,NULL,ขย.9,NULL,เบ็ดเตล็ด,,,ขวด,8.85193E+12,,NULL,FALSE,FALSE,NULL,,,NULL,NULL,NULL,NULL,NULL,NULL,,NULL
2661,1000,102688,แป้งเย็น แพรอท ไวท์ ซากุระ 260 กรัม,NULL,NULL,ขย.9,NULL,เบ็ดเตล็ด,,,ขวด,8.85193E+12,,NULL,FALSE,FALSE,NULL,,,NULL,NULL,NULL,NULL,NULL,NULL,,NULL
2662,1000,102689,ทเวลฟ์ พลัส แป้งเย็นเอ็กซ์ตร้าคูล สูตรเย็นสุดขีด140 กรัม,NULL,NULL,ขย.9,NULL,เบ็ดเตล็ด,,,ขวด,8.85112E+12,,NULL,FALSE,FALSE,NULL,,,NULL,NULL,NULL,NULL,NULL,NULL,,NULL
2663,1000,102690,ลอรีเอะ ซูเปอร์ อัลตร้า สลิม ซากุระ 22.5 ซม. 4 ชิ้น,NULL,NULL,ขย.9,NULL,เบ็ดเตล็ด,,,ห่อ,8.85182E+12,,NULL,FALSE,FALSE,NULL,,,NULL,NULL,NULL,NULL,NULL,NULL,,NULL
2664,1000,102691,ถุงยาอนัมย durex เซนเซชั่น  แบบปุ่ม No.52 mm. 3 ชิ้น,NULL,NULL,ขย.9,NULL,ถุงยางอนามัย,,,กล่อง,5.03848E+12,,NULL,FALSE,FALSE,NULL,,,NULL,NULL,NULL,NULL,NULL,NULL,,NULL
2665,1000,102692,Klean&Kare NSS 0.9% น้ำเกลือ 100 ml จุกแหลม,NULL,NULL,ขย.9,NULL,อุปกรณ์ทางการแพทย์,,,ขวด,8.85406E+12,100,NULL,FALSE,FALSE,NULL,,,NULL,NULL,NULL,NULL,NULL,NULL,1,NULL
2666,1000,102693,Belcid Gerd Suspension รสราสเบอรี่ 150 ml,NULL,ANTIACID,ขย.9,NULL,ยาทางเดินอาหาร,,,ขวด,8.85266E+12,,NULL,FALSE,FALSE,NULL,,,NULL,NULL,NULL,NULL,NULL,NULL,,NULL
2667,1000,102695,cerave moisturising cream 50ml,NULL,NULL,ขย.9,NULL,ยาใช้เฉพาะที่,,,ขวด,3.33788E+12,,NULL,FALSE,FALSE,NULL,,,NULL,NULL,NULL,NULL,NULL,NULL,,NULL
2668,1000,102696,clonovate cream 450g,CLOBETASONE,STEROIDS,ขย.9,NULL,ยาใช้เฉพาะที่,,,กระปุก,8.85188E+12,100,NULL,FALSE,FALSE,NULL,,,NULL,NULL,NULL,NULL,NULL,NULL,1,NULL
2669,1000,102697,lepu ปรอทวัดไข้,NULL,NULL,ขย.9,NULL,อุปกรณ์ทางการแพทย์,,,กล่อง,102697,,NULL,FALSE,FALSE,NULL,,,NULL,NULL,NULL,NULL,NULL,NULL,,NULL
2670,1000,102698,เฌอเอม ยาหม่องผลสมเสลดพังพอน 22 กรัม,NULL,NULL,ขย.9,NULL,ยาใช้เฉพาะที่,,,ขวด,8.85507E+12,,NULL,FALSE,FALSE,NULL,,,NULL,NULL,NULL,NULL,NULL,NULL,,NULL
2671,1000,102699,เฌอเอม พิมเสน ขนาด 5 ซีซี,NULL,NULL,ขย.9,NULL,ยาใช้เฉพาะที่,,,ขวด,8.85507E+12,,NULL,FALSE,FALSE,NULL,,,NULL,NULL,NULL,NULL,NULL,NULL,,NULL
2672,1000,102700,ชวนป๋วยปี่แปกอ ขนาด 300 ซีซี,NULL,NULL,ขย.9,NULL,"ยาสมุนไพร, ยาแผนโบราณ",,,ขวด,81364361686,,NULL,FALSE,FALSE,NULL,,,NULL,NULL,NULL,NULL,NULL,NULL,,NULL
2673,1000,102701,Blackmores Multivitamin Active 30 tab,NULL,VITAMINS & MINERALS,ขย.9,NULL,วิตามินและอาหารเสริม,,,ขวด,93555692,,NULL,FALSE,FALSE,NULL,,,NULL,NULL,NULL,NULL,NULL,NULL,,NULL
2674,1000,102702,REGIN Cool Spray สูตรเย็น 60 ml,NULL,NULL,ขย.9,NULL,ยาใช้เฉพาะที่,,,กล่อง,8.85976E+12,,NULL,FALSE,FALSE,NULL,,,NULL,NULL,NULL,NULL,NULL,NULL,,NULL
2675,1000,102703,OMRON ปรอทวัดไข้ดิจิตอล MC-341  1ชิ้น/ กล่อง,NULL,NULL,ขย.9,NULL,อุปกรณ์ทางการแพทย์,,,กล่อง,4.97548E+12,100,NULL,FALSE,FALSE,NULL,,,NULL,NULL,NULL,NULL,NULL,NULL,1,NULL
2676,1000,102704,แผ่นตรวจน้ำตาล NEXT Health  50 แผ่น,NULL,NULL,ขย.9,NULL,อุปกรณ์ทางการแพทย์,,,กล่อง,8.85696E+12,,NULL,FALSE,FALSE,NULL,,,NULL,NULL,NULL,NULL,NULL,NULL,,NULL
2677,1000,102705,ว่านชักมดลูก จอมใจ 750 ml,NULL,NULL,ขย.9,NULL,"ยาสมุนไพร, ยาแผนโบราณ",,,ขวด,8.8588E+12,,NULL,FALSE,FALSE,NULL,,,NULL,NULL,NULL,NULL,NULL,NULL,,NULL
2678,1000,102706,SOS S 2x4 ขนาด 9x15 cm. 3 แผ่น,NULL,NULL,ขย.9,NULL,อุปกรณ์ทางการแพทย์,,,กล่อง,8.85712E+12,,NULL,FALSE,FALSE,NULL,,,NULL,NULL,NULL,NULL,NULL,NULL,,NULL
2679,1000,102707,Fango-BD cream 15 g.,CLOTRIMAZOLE+BETAMETHASONE,ANTIFUNGALS,ขย.9,NULL,ยาระบบการติดเชื้อ,,,หลอด,8.85899E+12,,NULL,FALSE,FALSE,NULL,,,NULL,NULL,NULL,NULL,NULL,NULL,,NULL
2680,1000,102708,INNOBIC LAB ถุงมือ ไม่มีแป้ง  Size.L 100 ชิ้น,NULL,NULL,ขย.9,NULL,อุปกรณ์ทางการแพทย์,,,กล่อง,8.85976E+12,100,NULL,FALSE,FALSE,NULL,,,NULL,NULL,NULL,NULL,NULL,NULL,1,NULL
2681,1000,102709,INNOBIC LAB ถุงมือ ไม่มีแป้ง  Size.M100 ชิ้น,NULL,NULL,ขย.9,NULL,อุปกรณ์ทางการแพทย์,,,กล่อง,8.85976E+12,,NULL,FALSE,FALSE,NULL,,,NULL,NULL,NULL,NULL,NULL,NULL,,NULL
2682,1000,102710,Warut-Samine 1500 Powder (Lemon) 10 Sheet,GLUCOSAMINE,NULL,ขย.9,NULL,ยาระบบกล้ามเนื้อ-ข้อต่อ,,,กล่อง,8.85899E+12,,NULL,FALSE,FALSE,NULL,,,NULL,NULL,NULL,NULL,NULL,NULL,,NULL
2683,1000,102711,MUCOFLEX Syrup  250 mg (CMED) 60 ml,CARBOCYSTEINE,MUCOLYTIC,ขย.9,NULL,ยาน้ำสำหรับเด็ก,,,ขวด,8.85879E+12,,NULL,FALSE,FALSE,NULL,,,NULL,NULL,NULL,NULL,NULL,NULL,,NULL
2684,1000,102712,Vit C 50 Frx 100 tab,ASCORBIC ACID,VITAMINS & MINERALS,ขย.9,NULL,วิตามินและอาหารเสริม,,,ซอง,8.85343E+12,,NULL,FALSE,FALSE,NULL,,,NULL,NULL,NULL,NULL,NULL,NULL,,NULL
2685,1000,102713,ยาสีฟัน หมอจุฬา สูตรดั้งเดิม 100 กร้ม,NULL,NULL,ขย.9,NULL,"ยาสมุนไพร, ยาแผนโบราณ",,,หลอด,8.85469E+12,,NULL,FALSE,FALSE,NULL,,,NULL,NULL,NULL,NULL,NULL,NULL,,NULL
2686,1000,102714,แพน เอ็นเทอราล PAN ENTERAL 400 g.,NULL,NULL,ขย.9,NULL,วิตามินและอาหารเสริม,,,กระป๋อง,8.85263E+12,,NULL,FALSE,FALSE,NULL,,,NULL,NULL,NULL,NULL,NULL,NULL,,NULL
2687,1000,102715,เยนเซียนไวโอเลต วิทยาศรม 30 ml,NULL,ANTIBIOTICS,ขย.9,NULL,ยาใช้เฉพาะที่,,,ขวด,8.85008E+12,100,NULL,FALSE,FALSE,NULL,,,NULL,NULL,NULL,NULL,NULL,NULL,1,NULL
2688,1000,102716,CEE 1000 - 100 tab,ASCORBIC ACID,VITAMINS & MINERALS,ขย.9,NULL,วิตามินและอาหารเสริม,,,ขวด,8.85651E+12,,NULL,FALSE,FALSE,NULL,,,NULL,NULL,NULL,NULL,NULL,NULL,,NULL
2689,1000,102717,SEVEN SEAS Multi-Vitamin Syrup 120 ml,NULL,VITAMINS & MINERALS,ขย.9,NULL,วิตามินและอาหารเสริม,,,ขวด,4.98718E+12,,NULL,FALSE,FALSE,NULL,,,NULL,NULL,NULL,NULL,NULL,NULL,,NULL
2690,1000,102718,Vitamin C 500 - 100 tab,ASCORBIC ACID,NULL,ขย.9,NULL,วิตามินและอาหารเสริม,,,ขวด,8.85651E+12,,NULL,FALSE,FALSE,NULL,,,NULL,NULL,NULL,NULL,NULL,NULL,,NULL
2691,1000,102719,Vistra MTV& Minerals 30 tab,NULL,VITAMINS & MINERALS,ขย.9,NULL,วิตามินและอาหารเสริม,,,ขวด,8.85152E+12,,NULL,FALSE,FALSE,NULL,,,NULL,NULL,NULL,NULL,NULL,NULL,,NULL
2692,1000,102720,SCAR Silicone Provamed 10 g.,NULL,NULL,ขย.9,NULL,ยาใช้เฉพาะที่,,,หลอด,8.85152E+12,,NULL,FALSE,FALSE,NULL,,,NULL,NULL,NULL,NULL,NULL,NULL,,NULL
2693,1000,102721,Capsika 25 gel 0.025% - 35 g.,CAPSAICIN,ANTI-INFLAMMATORY ENZYMES,ขย.9,NULL,ยาใช้เฉพาะที่,,,หลอด,8.85335E+12,,NULL,FALSE,FALSE,NULL,,,NULL,NULL,NULL,NULL,NULL,NULL,,NULL
2694,1000,102722,Pharmica Diclofenac Gel 50 g.,DICLOFENAC,ANTI-INFLAMMATORY ENZYMES,ขย.9,NULL,ยาใช้เฉพาะที่,,,หลอด,8.85152E+12,,NULL,FALSE,FALSE,NULL,,,NULL,NULL,NULL,NULL,NULL,NULL,,NULL
2695,1000,102723,Pharmica Piroxicam Gel 25 g.,PIROXICAM,NULL,ขย.9,NULL,ยาใช้เฉพาะที่,,,หลอด,8.85152E+12,,NULL,FALSE,FALSE,NULL,,,NULL,NULL,NULL,NULL,NULL,NULL,,NULL
2696,1000,102724,ยาอมสมุนไพร ตรามังกรทอง รสมะแว้ง 100 เม็ด,NULL,NULL,ขย.9,NULL,"ยาสมุนไพร, ยาแผนโบราณ",,,กระปุก,8.85291E+12,,NULL,FALSE,FALSE,NULL,,,NULL,NULL,NULL,NULL,NULL,NULL,,NULL
2697,1000,102725,Brommy Syrup (BLHUA) 60 ml,BROMHEXINE,COUGH & COLD REMEDIES,ขย.9,NULL,ยาระบบทางเดินหายใจ,,,ขวด,8.85291E+12,,NULL,FALSE,FALSE,NULL,,,NULL,NULL,NULL,NULL,NULL,NULL,,NULL
2698,1000,102726,Nexcare เทปใส 1/2 นิ้ว x 5 หลา  1 ชิ้น,NULL,NULL,ขย.9,NULL,อุปกรณ์ทางการแพทย์,,,ม้วน,8.8503E+12,,NULL,FALSE,FALSE,NULL,,,NULL,NULL,NULL,NULL,NULL,NULL,,NULL
2699,1000,102727,ONETOUCH ถุงยาง ขนาด 56 mm. 3 ชิ้น,NULL,NULL,ขย.9,NULL,ถุงยางอนามัย,,,กล่อง,8.85296E+12,,NULL,FALSE,FALSE,NULL,,,NULL,NULL,NULL,NULL,NULL,NULL,,NULL
2700,1000,102728,LTM หมวกคุมผม สีขาว Next Health 19 นิ้ว 100 ชิ้น,NULL,NULL,ขย.9,NULL,อุปกรณ์ทางการแพทย์,,,ห่อ,8.85696E+12,,NULL,FALSE,FALSE,NULL,,,NULL,NULL,NULL,NULL,NULL,NULL,,NULL
2701,1000,102729,เพชรสังฆาต อ้วยอัน Herbal One 100 Cap,NULL,NULL,ขย.9,NULL,"ยาสมุนไพร, ยาแผนโบราณ",,,กระปุก,8.85335E+12,,NULL,FALSE,FALSE,NULL,,,NULL,NULL,NULL,NULL,NULL,NULL,,NULL
2702,1000,102730,DESLORA 5 mg Meddic Pharma1x10 tab,DESLORATADINE,ANTIHISTAMINES & ANTIALLERGICS,ขย.9,NULL,ยาหู ตา คอ จมูก,,,กล่อง,8.85545E+12,100,NULL,FALSE,FALSE,NULL,,,NULL,NULL,NULL,NULL,NULL,NULL,1,NULL
2703,1000,102731,Tenosalic ointment 5 g.,BETAMETHASONE + SALICYLIC ACID,STEROIDS,ขย.9,NULL,ยาใช้เฉพาะที่,,,หลอด,8.85651E+12,,NULL,FALSE,FALSE,NULL,,,NULL,NULL,NULL,NULL,NULL,NULL,,NULL
2704,1000,102732,NINE Herb ยาสิฟันสมุนไพร 30 g.,NULL,NULL,ขย.9,NULL,"ยาสมุนไพร, ยาแผนโบราณ",,,หลอด,8.85712E+12,,NULL,FALSE,FALSE,NULL,,,NULL,NULL,NULL,NULL,NULL,NULL,,NULL
2705,1000,102733,VISTRA VITAL- PRO Daily Complete Probiotics 30's,NULL,VITAMINS & MINERALS,ขย.9,NULL,วิตามินและอาหารเสริม,,,ขวด,8.85152E+12,100,NULL,FALSE,FALSE,NULL,,,NULL,NULL,NULL,NULL,NULL,NULL,1,NULL
2706,1000,102734,Royal D เกลือแร่ รสส้ม 25 g.  10 ซอง/กล่อง,NULL,NULL,ขย.9,NULL,วิตามินและอาหารเสริม,,,กล่อง,8.85261E+12,,NULL,FALSE,FALSE,NULL,,,NULL,NULL,NULL,NULL,NULL,NULL,,NULL
2707,1000,102735,Royal D เกลือแร่ รสสตรอเบอร์รี่  25 g. 10 ซอง/กล่อง,NULL,NULL,ขย.9,NULL,วิตามินและอาหารเสริม,,,กล่อง,8.85261E+12,,NULL,FALSE,FALSE,NULL,,,NULL,NULL,NULL,NULL,NULL,NULL,,NULL
2708,1000,102736,Rhonoplastic แบบใส  5 ชิ้น/แผง,NULL,NULL,ขย.9,NULL,อุปกรณ์ทางการแพทย์,,,แผง,8.85876E+12,,NULL,FALSE,FALSE,NULL,,,NULL,NULL,NULL,NULL,NULL,NULL,,NULL
2709,1000,102737,Tensoplastic แบบพลาสติค สีเนื่อ 5 ชิ้น/แผง,NULL,NULL,ขย.9,NULL,อุปกรณ์ทางการแพทย์,,,แผง,102737,,NULL,FALSE,FALSE,NULL,,,NULL,NULL,NULL,NULL,NULL,NULL,,NULL
2710,1000,102738,Paracap 500 mg 50x10 tab,PARACETAMOL,NULL,ขย.9,NULL,แก้ปวด ลดอักเสบ,,,กล่อง,8.85092E+12,,NULL,FALSE,FALSE,NULL,,,NULL,NULL,NULL,NULL,NULL,NULL,,NULL
2711,1000,102739,Uralyt-U แบบผง280g.,NULL,NULL,ขย.9,NULL,ยาในโรคเรื้อรัง (Drug for,,,กระปุก,8.85897E+12,,NULL,FALSE,FALSE,NULL,,,NULL,NULL,NULL,NULL,NULL,NULL,,NULL
2712,1000,102740,Biotril-S 1500 mg. รสส้ม 30 ซอง,GLUCOSAMINE,NULL,ขย.9,NULL,ยาระบบกล้ามเนื้อ-ข้อต่อ,,,กล่อง,8.85266E+12,,NULL,FALSE,FALSE,NULL,,,NULL,NULL,NULL,NULL,NULL,NULL,,NULL
2713,1000,102741,Biotril-S 1500 mg. รสส้ม 10 ซอง,GLUCOSAMINE,NULL,ขย.9,NULL,ยาระบบกล้ามเนื้อ-ข้อต่อ,,,กล่อง,8.85266E+12,,NULL,FALSE,FALSE,NULL,,,NULL,NULL,NULL,NULL,NULL,NULL,,NULL
2714,1000,102742,Kiddy cotton Buds เล็ก 100 ก้าน,NULL,NULL,ขย.9,NULL,เบ็ดเตล็ด,,,ซอง,8.85019E+12,,NULL,FALSE,FALSE,NULL,,,NULL,NULL,NULL,NULL,NULL,NULL,,NULL
2715,1000,102743,CEE 1000 mg.  30 เม็ด,ASCORBIC ACID,VITAMINS & MINERALS,ขย.9,NULL,วิตามินและอาหารเสริม,,,กล่อง,8.85651E+12,,NULL,FALSE,FALSE,NULL,,,NULL,NULL,NULL,NULL,NULL,NULL,,NULL
2716,1000,102744,Floss UPS ไหมขัดฟัน-ไม้จิ้มฟัน 50 ชิ้น,NULL,NULL,ขย.9,NULL,เบ็ดเตล็ด,,,กล่อง,8.85471E+12,100,NULL,FALSE,FALSE,NULL,,,NULL,NULL,NULL,NULL,NULL,NULL,1,NULL
2717,1000,102745,Longmed Cold Hot Pad 12x10.5cm.  Size. S ,NULL,NULL,ขย.9,NULL,อุปกรณ์ทางการแพทย์,,,กล่อง,8.8591E+12,,NULL,FALSE,FALSE,NULL,,,NULL,NULL,NULL,NULL,NULL,NULL,,NULL
2718,1000,102746,Longmed Cold Hot Pad 25x10 cm.  Size. Big,NULL,NULL,ขย.9,NULL,อุปกรณ์ทางการแพทย์,,,กล่อง,8.8591E+12,,NULL,FALSE,FALSE,NULL,,,NULL,NULL,NULL,NULL,NULL,NULL,,NULL
2719,1000,102747,Melamii Anti Melasma & Spot Corrector 15 g.,NULL,NULL,ขย.9,NULL,เครื่องสำอางและผลิตภัณฑ์ค,,,ขวด,8.8595E+12,,NULL,FALSE,FALSE,NULL,,,NULL,NULL,NULL,NULL,NULL,NULL,,NULL
2720,1000,102748,ONETOUCH  แฮปปี้ ถุงยางอนามัย 52 mm. 3 ชิ้น,NULL,NULL,ขย.9,NULL,ถุงยางอนามัย,,,กล่อง,8.85296E+12,,NULL,FALSE,FALSE,NULL,,,NULL,NULL,NULL,NULL,NULL,NULL,,NULL
2721,1000,102749,ONETOUCH  แม็กซ์ดอท ถุงยางอนามัย 52 mm. 3 ชิ้น,NULL,NULL,ขย.9,NULL,ถุงยางอนามัย,,,กล่อง,8.85296E+12,,NULL,FALSE,FALSE,NULL,,,NULL,NULL,NULL,NULL,NULL,NULL,,NULL
2722,1000,102750,ONETOUCH  มิกซ์3 ยาอนามัย 52 mm. 3 ชิ้น,NULL,NULL,ขย.9,NULL,ถุงยางอนามัย,,,กล่อง,8.85296E+12,,NULL,FALSE,FALSE,NULL,,,NULL,NULL,NULL,NULL,NULL,NULL,,NULL
2723,1000,102751,ONETOUCH สตรอเบอรี่ถุงยางอนามัย 52 mm. 4 ชิ้น,NULL,NULL,ขย.9,NULL,ถุงยางอนามัย,,,กล่อง,8.85296E+12,,NULL,FALSE,FALSE,NULL,,,NULL,NULL,NULL,NULL,NULL,NULL,,NULL
2724,1000,102752,ผ้ายางปูเตียงกันเปื้อน HOSPRO ขนาด 150x90 cm.,NULL,NULL,ขย.9,NULL,อุปกรณ์ทางการแพทย์,,,ชิ้น,8.85932E+12,,NULL,FALSE,FALSE,NULL,,,NULL,NULL,NULL,NULL,NULL,NULL,,NULL
2725,1000,102753,ASPREX 81MG,NULL,ASPIRIN,ขย.10,ขย.10,ยาในโรคเรื้อรัง (Drug for,,,NULL,0,,NULL,FALSE,FALSE,NULL,,,NULL,NULL,NULL,NULL,NULL,NULL,,NULL
2726,1000,102754,Losartan 50 mg. GPO  10 tab,LOSATAN K,ANTIHYPERTENSIVES,ขย.9,NULL,ยาในโรคเรื้อรัง (Drug for,,,แผง,8.85068E+12,,NULL,FALSE,FALSE,NULL,,,NULL,NULL,NULL,NULL,NULL,NULL,,NULL
2727,1000,102755,Smecta Go 10 ml,DIOSMINE+HESPERIDINE,ANTIDIARRHOEALS,ขย.9,NULL,ยาทางเดินอาหาร,,,ซอง,3.66559E+12,100,NULL,FALSE,FALSE,NULL,,,NULL,NULL,NULL,NULL,NULL,NULL,1,NULL
2728,1000,102756,biopham Calcium gummy 60 g,NULL,NULL,NULL,NULL,NULL,,,NULL,8.85314E+12,,NULL,FALSE,FALSE,NULL,,,NULL,NULL,NULL,NULL,NULL,NULL,,NULL
2729,1000,102757,20% ไดอะบีเดิร์ม ครีม 100 กรัม,NULL,NULL,ขย.9,NULL,NULL,,,NULL,8.85335E+12,,NULL,FALSE,FALSE,NULL,,,NULL,NULL,NULL,NULL,NULL,NULL,,NULL
2730,1000,102758,GAUZE pad 2*2*8 รถพยาบาล,NULL,NULL,-,-,อุปกรณ์ทางการแพทย์,,,NULL,8.85019E+12,,NULL,FALSE,FALSE,NULL,,,NULL,NULL,NULL,NULL,NULL,NULL,,NULL
2731,1000,102759,Tylenol 500 mg 20x10 tab,NULL,NULL,ขย.9,NULL,NULL,,,กล่อง,8.85001E+12,,NULL,FALSE,FALSE,NULL,,,NULL,NULL,NULL,NULL,NULL,NULL,,NULL
2732,1000,102760,Metzenbaum-Nelson กรรไกรตัดใหม 1 ชิ้น,NULL,NULL,ขย.9,NULL,อุปกรณ์ทางการแพทย์,,,ชิ้น,0,,NULL,FALSE,FALSE,NULL,,,NULL,NULL,NULL,NULL,NULL,NULL,,NULL
2733,1000,102761,จับเลี้ยง ตราปลาเบ็ด แก้ร้อนใน แบบชง 10 กรัม,NULL,NULL,ขย.9,NULL,"ยาสมุนไพร, ยาแผนโบราณ",,,ซอง,8.85712E+12,,NULL,FALSE,FALSE,NULL,,,NULL,NULL,NULL,NULL,NULL,NULL,,NULL
2734,1000,102762,tubigrip Elbow พยุงข้อศอก Size.M 1 ชิ้น,NULL,NULL,ขย.9,NULL,อุปกรณ์ทางการแพทย์,,,NULL,8.85203E+12,,NULL,FALSE,FALSE,NULL,,,NULL,NULL,NULL,NULL,NULL,NULL,,NULL
2735,1000,102763,tubigrip Elbow พยุงข้อศอก Size.L 1 ชิ้น,NULL,NULL,ขย.9,NULL,อุปกรณ์ทางการแพทย์,,,กล่อง,8.85203E+12,,NULL,FALSE,FALSE,NULL,,,NULL,NULL,NULL,NULL,NULL,NULL,,NULL
2736,1000,102764,KA Lip Care สตรอเบอร์รี่ 3.5 กรัม,NULL,NULL,ขย.9,NULL,เบ็ดเตล็ด,,,ชิ้น,8.85082E+12,,NULL,FALSE,FALSE,NULL,,,NULL,NULL,NULL,NULL,NULL,NULL,,NULL
2737,1000,102765,Fish Oil Mini Blackmores 30 capsules,NULL,VITAMINS & MINERALS,ขย.9,NULL,วิตามินและอาหารเสริม,,,ขวด,93562652,,NULL,FALSE,FALSE,NULL,,,NULL,NULL,NULL,NULL,NULL,NULL,,NULL
2738,1000,102766,ONE GRED Cool Mint 10 ml,NULL,NULL,ขย.9,NULL,ยาทางเดินอาหาร,,,ซอง,8.85267E+12,,NULL,FALSE,FALSE,NULL,,,NULL,NULL,NULL,NULL,NULL,NULL,,NULL
2739,1000,102767,"NSS Sodium Chloride Irrigetin ไทยนคร 1,000 ml",SODIUM CHLORIDE,NULL,ขย.9,NULL,ยาน้ำสำหรับเด็ก,,,ขวด,8.85147E+12,,NULL,FALSE,FALSE,NULL,,,NULL,NULL,NULL,NULL,NULL,NULL,,NULL
2740,1000,102768,บ๊วยห้ารส ตราอีแอล 65g,NULL,NULL,ขย.9,NULL,NULL,,,NULL,8.85195E+12,,NULL,FALSE,FALSE,NULL,,,NULL,NULL,NULL,NULL,NULL,NULL,,NULL
2741,1000,102769,ยาเม็ดเพชรสังฆาต ตราดอกว่าน 100 เม็ด,NULL,NULL,ขย.9,NULL,"ยาสมุนไพร, ยาแผนโบราณ",,,กระปุก,8.85014E+12,,NULL,FALSE,FALSE,NULL,,,NULL,NULL,NULL,NULL,NULL,NULL,,NULL
2742,1000,102770,เพชรสังฆาต ตราอภัยภูเบศร 10 เม็ด,NULL,NULL,ขย.9,NULL,"ยาสมุนไพร, ยาแผนโบราณ",,,กล่อง,8.85554E+12,,NULL,FALSE,FALSE,NULL,,,NULL,NULL,NULL,NULL,NULL,NULL,,NULL
2743,1000,102771,Nizoral Original 6 ml,NULL,NULL,ขย.9,NULL,ยาใช้เฉพาะที่,,,ซอง,5.03663E+12,,NULL,FALSE,FALSE,NULL,,,NULL,NULL,NULL,NULL,NULL,NULL,,NULL
2744,1000,102772,ยาดมตรามังกรทอง (อ้วยอัน) น้ำเงิน,NULL,NULL,ขย.9,ขย.9,NULL,,,NULL,8.85291E+12,,NULL,FALSE,FALSE,NULL,,,NULL,NULL,NULL,NULL,NULL,NULL,,NULL
2745,1000,102773,Sterile Eyes Pads 1 ชิ้น,NULL,NULL,ขย.9,NULL,อุปกรณ์ทางการแพทย์,,,ซอง,102773,,NULL,FALSE,FALSE,NULL,,,NULL,NULL,NULL,NULL,NULL,NULL,,NULL
2746,1000,102774,Mepilex แผ่นโฟมแปะแผล10*10/ 4*4 in,NULL,NULL,ขย.9,ขย.9,อุปกรณ์ทางการแพทย์,,,ซอง,7.32319E+12,,NULL,FALSE,FALSE,NULL,,,NULL,NULL,NULL,NULL,NULL,NULL,,NULL
2747,1000,102775,Tensopalast พลาสเตอร์แบบผ้า 100 แผ่น,NULL,NULL,ขย.9,NULL,เบ็ดเตล็ด,,,กล่อง,8.85067E+12,,NULL,FALSE,FALSE,NULL,,,NULL,NULL,NULL,NULL,NULL,NULL,,NULL
2748,1000,102776,Probufen 400 mg 10 tab,IBUPROFEN,NSAIDs,ขย.9,NULL,แก้ปวด ลดอักเสบ,,,แผง,8.85944E+12,,NULL,FALSE,FALSE,NULL,,,NULL,NULL,NULL,NULL,NULL,NULL,,NULL
2749,1000,102777,Vistra Odoress Fish Oil 1000 mg 45 cap,NULL,VITAMINS & MINERALS,ขย.9,NULL,วิตามินและอาหารเสริม,,,ขวด,8.85152E+12,,NULL,FALSE,FALSE,NULL,,,NULL,NULL,NULL,NULL,NULL,NULL,,NULL
2750,1000,102778,Vistra Salmon Fish Oil 1000 mg 45 cap,NULL,VITAMINS & MINERALS,ขย.9,NULL,วิตามินและอาหารเสริม,,,ขวด,8.85152E+12,,NULL,FALSE,FALSE,NULL,,,NULL,NULL,NULL,NULL,NULL,NULL,,NULL
2751,1000,102779,Certainty ผ้าอ้อม เทปข้าง size XL-XXL 19 ชิ้น,NULL,NULL,ขย.9,NULL,ผ้าอ้อม,,,bag,8.85071E+12,,NULL,FALSE,FALSE,NULL,,,NULL,NULL,NULL,NULL,NULL,NULL,,NULL
2752,1000,102780,tubugrip พยุงข้อศอก szie. S,NULL,NULL,ขย.9,NULL,อุปกรณ์ทางการแพทย์,,,กล่อง,8.85203E+12,,NULL,FALSE,FALSE,NULL,,,NULL,NULL,NULL,NULL,NULL,NULL,,NULL
2753,1000,102781,Tigerplast กันรองเท้ากัด 9 ชิ้น,NULL,NULL,ขย.9,NULL,เบ็ดเตล็ด,,,กล่อง,8.85067E+12,,NULL,FALSE,FALSE,NULL,,,NULL,NULL,NULL,NULL,NULL,NULL,,NULL
2754,1000,102782,Ammeltz Heat Patch แปะปวดประจำเดือน นาน 11 ชม. 1 ชิ้น,NULL,NULL,ขย.9,NULL,เบ็ดเตล็ด,,,ซอง,4.98707E+12,,NULL,FALSE,FALSE,NULL,,,NULL,NULL,NULL,NULL,NULL,NULL,,NULL
2755,1000,102783,Ammeltz Heat Patch แปะปวดคอและไหล่ นาน 8 ชม. 1 ชิ้น,NULL,NULL,ขย.9,NULL,เบ็ดเตล็ด,,,ซอง,4.98707E+12,,NULL,FALSE,FALSE,NULL,,,NULL,NULL,NULL,NULL,NULL,NULL,,NULL
2756,1000,102784,ยาน้ำมันกวางลุ้ง 15 ml,NULL,NULL,ขย.9,NULL,"ยาสมุนไพร, ยาแผนโบราณ",,,ขวด,8.85199E+12,,NULL,FALSE,FALSE,NULL,,,NULL,NULL,NULL,NULL,NULL,NULL,,NULL
2757,1000,102785,ยาน้ำมันกวางลุ้ง 28 ml,NULL,NULL,ขย.9,NULL,"ยาสมุนไพร, ยาแผนโบราณ",,,ขวด,8.85199E+12,,NULL,FALSE,FALSE,NULL,,,NULL,NULL,NULL,NULL,NULL,NULL,,NULL
2758,1000,102786,LPSALINE Nss 0.9 % Nacl 200 ml ตราเสือดาว,SODIUM CHLORIDE,NULL,ขย.9,NULL,อุปกรณ์ทางการแพทย์,,,ขวด,8.85304E+12,,NULL,FALSE,FALSE,NULL,,,NULL,NULL,NULL,NULL,3,1,1,NULL
2759,1000,102787,สำลีก้อนชุบแอลกอฮอล์ 70% ตรารถพยาบาล 8ก้อน,NULL,NULL,ขย.9,NULL,อุปกรณ์ทางการแพทย์,,,แผง,8.85019E+12,,NULL,FALSE,FALSE,NULL,,,NULL,NULL,NULL,NULL,NULL,NULL,1,NULL
2760,1000,102788,NSS 0.9% Nacl  GHP 500 ml,NULL,NULL,ขย.9,NULL,อุปกรณ์ทางการแพทย์,,,ขวด,8.85364E+12,,NULL,FALSE,FALSE,NULL,,,NULL,NULL,NULL,NULL,NULL,NULL,1,NULL
2761,1000,102789,ยาหม่องตราถ้วยทอง ขนาด 12 กรัม,NULL,NULL,ขย.9,NULL,"ยาสมุนไพร, ยาแผนโบราณ",,,กระปุก,8.8522E+12,,NULL,FALSE,FALSE,NULL,,,NULL,NULL,NULL,NULL,NULL,NULL,,NULL
2762,1000,102790,น้ำมันมวย freeze spay 50 ml,NULL,NULL,ขย.9,NULL,ยาใช้เฉพาะที่,,,ขวด,8.85847E+12,100,NULL,FALSE,FALSE,NULL,,,NULL,NULL,NULL,NULL,2,1,1,NULL
2763,1000,102791,Nexcare Acne แผ่นซับสิว รุ่นใส ขอบบาง 12 ชิ้น,NULL,NULL,NULL,NULL,เครื่องสำอางและผลิตภัณฑ์ค,,,กล่อง,8.80608E+12,100,NULL,FALSE,FALSE,NULL,,,NULL,NULL,NULL,NULL,2,1,1,NULL
2764,1000,102792,สติ๊กเกอร์ เมอร์ซี่ หัวหอมแดง 2 ชิ้น/ซอง,NULL,NULL,ขย.9,NULL,ยาน้ำสำหรับเด็ก,,,ซอง,8.85174E+12,,NULL,FALSE,FALSE,NULL,,,NULL,NULL,NULL,NULL,NULL,NULL,,NULL
2765,1000,102793,Bactex  Ointment 15 gm,MUPIROCIN,NULL,ขย.9,NULL,ยาใช้เฉพาะที่,,,กล่อง,8.85867E+12,100,NULL,FALSE,TRUE,NULL,,,NULL,NULL,NULL,NULL,NULL,NULL,1,NULL
2766,1000,102794,GoGaz  10' ,SIMETHICONE,NULL,ขย.9,NULL,ยาทางเดินอาหาร,,,กล่อง,8.85077E+12,100,NULL,FALSE,FALSE,NULL,,,NULL,NULL,NULL,NULL,NULL,NULL,1,NULL
2767,1000,102795,ผ้าพยุงน่อง /Tubigrip Feel free  ไซล์ M,NULL,NULL,ขย.9,NULL,อุปกรณ์ทางการแพทย์,,,กล่อง,8.85203E+12,100,NULL,FALSE,FALSE,NULL,,,NULL,NULL,NULL,NULL,NULL,NULL,1,NULL
2768,1000,102796,Alben 200 mg/5ml,ALBENDAZOLE,NULL,ขย.9,NULL,ยาทางเดินอาหาร,,,ขวด,8.85266E+12,100,NULL,FALSE,FALSE,NULL,,,NULL,NULL,NULL,NULL,2,1,1,NULL
2769,1000,102797,Mucolid Juniro 15 mg/60ml,AMBROXOL,NULL,ขย.9,NULL,ยาน้ำสำหรับเด็ก,,,ขวด,8.85229E+12,100,NULL,FALSE,FALSE,NULL,,,NULL,NULL,NULL,NULL,2,1,1,NULL
2770,1000,102798,Diprosalic Ointment 5 g,BETAMETHASONE + SALICYLIC ACID,STEROIDS,ขย.9,NULL,ยาใช้เฉพาะที่,,,หลอด,8.40165E+11,,NULL,FALSE,FALSE,NULL,,,NULL,NULL,NULL,NULL,NULL,NULL,,NULL
2771,1000,102799,Albumen -SHP 30 Tab ,NULL,VITAMINS & MINERALS,ขย.9,NULL,วิตามินและอาหารเสริม,,,กระปุก,8.85886E+12,,NULL,FALSE,FALSE,NULL,,,NULL,NULL,NULL,NULL,NULL,NULL,,NULL
2772,1000,102800,BIOFresh mouth spray ไม่มีน้ำตาล 15 ml,NULL,NULL,ขย.9,NULL,ยาใช้เฉพาะที่,,,ขวด,8.85209E+12,100,NULL,FALSE,FALSE,NULL,,,NULL,NULL,NULL,NULL,NULL,NULL,1,NULL
2773,1000,102801,Blistex Sensitive Lip ฟ้า-เหลือง 4.25 g,NULL,NULL,ขย.9,NULL,ยาใช้เฉพาะที่,,,หลอด,41388003092,,NULL,FALSE,FALSE,NULL,,,NULL,NULL,NULL,NULL,NULL,NULL,,NULL
2774,1000,102802,Fiber Mate Jellyd Strip 15 g.,NULL,VITAMINS & MINERALS,ขย.9,NULL,วิตามินและอาหารเสริม,,,ซอง,8.85651E+12,,NULL,FALSE,FALSE,NULL,,,NULL,NULL,NULL,NULL,NULL,NULL,,NULL
2775,1000,102803,Himalaya  Lip Balm 10 g.,NULL,NULL,ขย.9,NULL,เครื่องสำอางและสินค้าอุปโภคบริโภค,,,หลอด,8.90114E+12,,NULL,FALSE,FALSE,NULL,,,NULL,NULL,NULL,NULL,NULL,NULL,,NULL
2776,1000,102804,นมอัดเม็ด รสสตอรเบอร์รี่ ตราไวท์ฟาร์ม 11.2 กรัม 10 ซอง/กล่อง,NULL,NULL,ขย.9,NULL,วิตามินและอาหารเสริม,,,กล่อง,8.85442E+12,,NULL,FALSE,FALSE,NULL,,,NULL,NULL,NULL,NULL,NULL,NULL,,NULL
2777,1000,102805,นมอัดเม็ด ช็อกโกแลต ตราไวท์ฟาร์ม 11.2 กรัม 10 ซอง/กล่อง,NULL,NULL,ขย.9,NULL,วิตามินและอาหารเสริม,,,กล่อง,8.85442E+12,,NULL,FALSE,FALSE,NULL,,,NULL,NULL,NULL,NULL,NULL,NULL,,NULL
2778,1000,102806,ยาดมสมุนไพรตราหว้อฝอ 8 g,NULL,NULL,ขย.9,NULL,ยาดม,,,ขวด,8.85921E+12,100,NULL,FALSE,FALSE,NULL,,,NULL,NULL,NULL,NULL,6,3,1,NULL
2779,1000,102807,Scagel Cybele 9 g เจลดูแล รอยแผลเป็น,NULL,NULL,ขย.9,NULL,ยาใช้เฉพาะที่,,,กล่อง,8.85866E+12,,NULL,FALSE,FALSE,NULL,,,NULL,NULL,NULL,NULL,2,1,1,NULL
2780,1000,102808,สติ๊กเกอร์หัวหอม Happy Noz Kids Original 1/PC,NULL,NULL,ขย.9,NULL,ผลิตภัณท์เด็ก,,,ซอง,8.85952E+12,100,NULL,FALSE,FALSE,NULL,,,NULL,NULL,NULL,NULL,6,1,1,NULL
2781,1000,102809,Gluco One เครื่องตรวจน้ำตาล BG-03 Tynor,NULL,NULL,ขย.9,NULL,อุปกรณ์ทางการแพทย์,,,กล่อง,8.90412E+12,100,NULL,FALSE,FALSE,NULL,,,NULL,NULL,NULL,NULL,NULL,NULL,1,NULL
2782,1000,102812,มามี่โพโค แฮปปี้แพ้นท์ XXL 3  ชิ้น,NULL,NULL,ขย.9,NULL,ผ้าอ้อม,,,ห่อ,8.85111E+12,100,NULL,FALSE,FALSE,NULL,,,NULL,NULL,NULL,NULL,NULL,NULL,1,NULL
2783,1000,102813,Waterproof Sweat Resistance B1  7.2 g,NULL,NULL,ขย.9,NULL,เครื่องสำอางและสินค้าอุปโภคบริโภค,,,กล่อง,8.85899E+12,,NULL,FALSE,FALSE,NULL,,,NULL,NULL,NULL,NULL,NULL,NULL,,NULL
2784,1000,102814,BroWit by Nongchat 2 in 1 ทาเปลือกตา เขียนขอบตา สีน้ำตาล,NULL,NULL,ขย.9,NULL,เครื่องสำอางและสินค้าอุปโภคบริโภค,,,กล่อง,8.85884E+12,,NULL,FALSE,FALSE,NULL,,,NULL,NULL,NULL,NULL,NULL,NULL,,NULL
2785,1000,102815,BroWit by Nongchat 2 in 1 ทาเปลือกตา เขียนขอบตา สีชมพูทอง,NULL,NULL,ขย.9,NULL,เครื่องสำอางและผลิตภัณฑ์ค,,,กล่อง,8.85884E+12,,NULL,FALSE,FALSE,NULL,,,NULL,NULL,NULL,NULL,NULL,NULL,,NULL
2786,1000,102816,X-Cute Me บลัช แมทท์ 5 กรัม M06 คอรัล,NULL,NULL,ขย.9,NULL,เครื่องสำอางและผลิตภัณฑ์ค,,,ตลับ,8.85918E+12,,NULL,FALSE,FALSE,NULL,,,NULL,NULL,NULL,NULL,NULL,NULL,,NULL
2787,1000,102817,X-Cute Me บลัช แมทท์ 5 กรัม M09 คอรัล,NULL,NULL,ขย.9,NULL,เครื่องสำอางและผลิตภัณฑ์ค,,,ตลับ,8.85918E+12,,NULL,FALSE,FALSE,NULL,,,NULL,NULL,NULL,NULL,NULL,NULL,,NULL
2788,1000,102818,FRIDA ที่กดสิวสแตนเลสปลายแหลม,NULL,NULL,ขย.9,NULL,เบ็ดเตล็ด,,,ชิ้น,8.85807E+12,,NULL,FALSE,FALSE,NULL,,,NULL,NULL,NULL,NULL,NULL,NULL,,NULL
2789,1000,102819,ไม้แคะหู เหล็ก 1 ชิ้น,NULL,NULL,ขย.9,NULL,เบ็ดเตล็ด,,,ชิ้น,6.92427E+12,,NULL,FALSE,FALSE,NULL,,,NULL,NULL,NULL,NULL,NULL,NULL,,NULL
2790,1000,102820,ฟองน้ำขัดผิว ขัดตัวคละสี 1 ชิ้น,NULL,NULL,ขย.9,NULL,เบ็ดเตล็ด,,,ชิ้น,102820,,NULL,FALSE,FALSE,NULL,,,NULL,NULL,NULL,NULL,NULL,NULL,,NULL
2791,1000,102821,Hair Scissors 7'' N0. 662 กันไกตัดผม 1 ชิ้น,NULL,NULL,ขย.9,NULL,เบ็ดเตล็ด,,,ชิ้น,4900,,NULL,FALSE,FALSE,NULL,,,NULL,NULL,NULL,NULL,NULL,NULL,,NULL
2792,1000,102822,odbo Perfec puff ชมพู 1 ชิ้น,NULL,NULL,ขย.9,NULL,เบ็ดเตล็ด,,,ซอง,8.85891E+12,,NULL,FALSE,FALSE,NULL,,,NULL,NULL,NULL,NULL,NULL,NULL,,NULL
2793,1000,102823,X Cute Me บรัช ชิมเมอร์ No. S11  ,NULL,NULL,ขย.9,NULL,เครื่องสำอางและสินค้าอุปโภคบริโภค,,,ตลับ,8.85918E+12,,NULL,FALSE,FALSE,NULL,,,NULL,NULL,NULL,NULL,NULL,NULL,,NULL
2794,1000,102824,Scagel Cybele 4 g,NULL,NULL,ขย.9,NULL,NULL,,,กล่อง,8.85866E+12,100,NULL,FALSE,FALSE,NULL,,,NULL,NULL,NULL,NULL,NULL,NULL,1,NULL
2795,1000,102825,แผ่นตรวจน้ำตาล Gluco one รุ่น BG-03  25แผ่น,NULL,NULL,ขย.9,NULL,อุปกรณ์ทางการแพทย์,,,ขวด,8.90412E+12,100,NULL,FALSE,FALSE,NULL,,,NULL,NULL,NULL,NULL,NULL,NULL,1,NULL
2796,1000,102826,Basina Orange flavour,NULL,NULL,ขย.9,NULL,ยาอม,,,แผง,8.85651E+12,100,NULL,FALSE,FALSE,NULL,,,NULL,NULL,NULL,NULL,NULL,NULL,1,NULL
2797,1000,102827,GK24 (ตรา เกร็กคู) 4',NULL,NULL,ขย.9,NULL,"ยาสมุนไพร, ยาแผนโบราณ",,,กล่อง,8.85902E+12,100,NULL,FALSE,FALSE,NULL,,,NULL,NULL,NULL,NULL,NULL,NULL,1,NULL
2798,1000,102828,GICA A/B+C+RSV 1 Set,NULL,NULL,ขย.9,NULL,อุปกรณ์ทางการแพทย์,,,กล่อง,8.85713E+12,100,NULL,FALSE,FALSE,NULL,,,NULL,NULL,NULL,NULL,NULL,NULL,1,NULL
2799,1000,102829,LiquiPlast 10 g พลาสเตอร์ปิดแผลชนิดน้ำ,NULL,NULL,ขย.9,NULL,ยาใช้เฉพาะที่,,,NULL,4.98707E+12,100,NULL,FALSE,FALSE,NULL,,,NULL,NULL,NULL,NULL,NULL,NULL,1,NULL
2800,1000,102830,Eltroxin 100 mcg   (100'),LEVOTHYROXINE SODIUM,THYROID PREPARATIONS,ขย.9,ขย.9,ยาในโรคเรื้อรัง (Drug for,,,ขวด,6.0914E+12,100,NULL,FALSE,FALSE,NULL,,,NULL,NULL,NULL,NULL,NULL,NULL,1,NULL
2801,1000,102831,Neo-Penotran Forte  7',NULL,NULL,ขย.9,NULL,ยาใช้เฉพาะที่,,,กล่อง,8.85874E+12,100,NULL,FALSE,FALSE,NULL,,,NULL,NULL,NULL,NULL,NULL,NULL,1,NULL
2802,1000,102832,Arcoxia 90 mg  5',ETORICOXIB,NULL,ขย.9,NULL,ยาระบบกล้ามเนื้อ-ข้อต่อ,,,กล่อง,8.40165E+11,100,NULL,FALSE,FALSE,NULL,,,NULL,NULL,NULL,NULL,NULL,NULL,1,NULL
2803,1000,102833,Fiber mate daily  60g,NULL,NULL,ขย.9,NULL,ยาทางเดินอาหาร,,,ขวด,8.85651E+12,,NULL,FALSE,TRUE,NULL,,,NULL,NULL,NULL,NULL,NULL,NULL,,NULL
2804,1000,102834,Ferrotone 10' (Iron/Folic Acid/ Vit B12/ Formula),NULL,NULL,ขย.9,NULL,วิตามินและอาหารเสริม,,,กล่อง,8.85077E+12,100,NULL,FALSE,FALSE,NULL,,,NULL,NULL,NULL,NULL,NULL,NULL,1,NULL
2805,1000,102835,ลอรีเอะ Ultra Slim 0.1Cm  (22.5CM) 10ชิ้น,NULL,NULL,ขย.9,NULL,เบ็ดเตล็ด,,,ห่อ,8.85182E+12,100,NULL,FALSE,FALSE,NULL,,,NULL,NULL,NULL,NULL,NULL,NULL,1,NULL
2806,1000,102836,ลอรีเอะซอฟแอนด์เซฟ สลิม 25CM,NULL,NULL,ขย.9,NULL,เบ็ดเตล็ด,,,ห่อ,8.85182E+12,100,NULL,FALSE,FALSE,NULL,,,NULL,NULL,NULL,NULL,NULL,NULL,1,NULL
2807,1000,102837,ลอรีเอะ ซอฟแอนด์ เซฟไนมีปีก 30CM กลางคืน,NULL,NULL,ขย.9,NULL,เบ็ดเตล็ด,,,ห่อ,8.85182E+12,100,NULL,FALSE,FALSE,NULL,,,NULL,NULL,NULL,NULL,NULL,NULL,1,NULL
2808,1000,102838,ผ้าเปียก มามี่โพโค ไวพส์ เซฟ แอนด์ แคร์ ,NULL,NULL,ขย.9,NULL,เบ็ดเตล็ด,,,ห่อ,8.85111E+12,100,NULL,FALSE,FALSE,NULL,,,NULL,NULL,NULL,NULL,NULL,NULL,1,NULL
2809,1000,102839,Levocetin 5 mg,LEVOCETIRIZINE,NULL,ขย.9,NULL,ยาระบบทางเดินหายใจ,,,กล่อง,4.71572E+12,100,NULL,FALSE,FALSE,NULL,,,NULL,NULL,NULL,NULL,NULL,NULL,1,NULL
2810,1000,102840,Hista-oph eye drops 10 ml,ANTAZOLINE+TETRAHYDROZOLINE,NULL,ขย.9,NULL,ยาหู ตา คอ จมูก,,,ขวด,8.85493E+12,100,NULL,FALSE,FALSE,NULL,,,NULL,NULL,NULL,NULL,NULL,NULL,1,NULL
2811,1000,102841,Tigerplast aquatect  W4  100*120 mm,NULL,NULL,ขย.9,NULL,อุปกรณ์ทางการแพทย์,,,กล่อง,8.85067E+12,100,NULL,FALSE,FALSE,NULL,,,NULL,NULL,NULL,NULL,NULL,NULL,1,NULL
2812,1000,102842,Royal-D 25 กรัม 50 ซอง,NULL,NULL,ขย.9,NULL,วิตามินและอาหารเสริม,,,กล่อง,8.85261E+12,,NULL,FALSE,FALSE,NULL,,,NULL,NULL,NULL,NULL,NULL,NULL,,NULL
2813,1000,102843,Carinose 10x10 ,NULL,NULL,ขย.9,NULL,ยาหู ตา คอ จมูก,,,กล่อง,102843,,NULL,FALSE,FALSE,NULL,,,NULL,NULL,NULL,NULL,NULL,NULL,,NULL
2814,1000,102844,Bisolvon 10x10,NULL,NULL,ขย.9,NULL,ยาหู ตา คอ จมูก,,,กล่อง,102844,,NULL,FALSE,FALSE,NULL,,,NULL,NULL,NULL,NULL,NULL,NULL,,NULL
2815,1000,102845,Paracet Syrip Frx 120mg/5ml,PARACETAMOL,NULL,ขย.9,NULL,ยาน้ำสำหรับเด็ก,,,ขวด,8.85343E+12,100,NULL,FALSE,FALSE,NULL,,,NULL,NULL,NULL,NULL,NULL,NULL,1,NULL
2816,1000,102846,Rhinopore เทปใส 1 นิ้ว 10 หลา,NULL,NULL,ขย.9,NULL,อุปกรณ์ทางการแพทย์,,,กล่อง,1.08858E+14,100,NULL,FALSE,FALSE,NULL,,,NULL,NULL,NULL,NULL,NULL,NULL,1,NULL
2817,1000,102847,Sixime 100 mg  (cefixime 100 mg),NULL,ANTIBIOTICS,ขย.9,NULL,ยาระบบการติดเชื้อ,,,กล่อง,8.85274E+12,100,NULL,FALSE,FALSE,NULL,,,NULL,NULL,NULL,NULL,NULL,NULL,1,NULL
2818,1000,102848,Mylom Drops 15 ml 40mg   0.6ml ,SIMETHICONE,NULL,ขย.9,NULL,ยาน้ำสำหรับเด็ก,,,ขวด,8.9013E+12,100,NULL,FALSE,TRUE,NULL,,,NULL,NULL,NULL,NULL,NULL,NULL,1,NULL
2819,1000,102849,ถุงยางอนามัย Okamoto Strawberry  53 มม ผิวเรียบ,NULL,NULL,ขย.9,NULL,ถุงยางอนามัย,,,กล่อง,4.54769E+12,100,NULL,FALSE,FALSE,NULL,,,NULL,NULL,NULL,NULL,NULL,NULL,1,NULL
2820,1000,102850,ถุงยางอนามัย Durex  53 mm ผิวไม่เรียบ,NULL,NULL,ขย.9,NULL,ถุงยางอนามัย,,,กล่อง,8.85036E+12,100,NULL,FALSE,FALSE,NULL,,,NULL,NULL,NULL,NULL,NULL,NULL,1,NULL
2821,1000,102851,Clena EX anti melasma 15 กรัม,NULL,NULL,ขย.9,NULL,เครื่องสำอางและผลิตภัณฑ์ค,,,กล่อง,8.85899E+12,100,NULL,FALSE,FALSE,NULL,,,NULL,NULL,NULL,NULL,NULL,NULL,1,NULL
2822,1000,102852,Sutac (Cetirizine 10 mg),CETIRIZINE,ANTI-INFLAMMATORY ENZYMES,ขย.9,NULL,ยาระบบทางเดินหายใจ,,,แผง,8.85024E+12,100,NULL,FALSE,FALSE,NULL,,,NULL,NULL,NULL,NULL,NULL,NULL,1,NULL
2823,1000,102853,Sasha  21',CYPROTERONE ACETATE+ETHINYLESTRADIOL,NULL,ขย.9,ขย.9,ยาคุมกำเนิดและฮอร์โมนทดแท,,,กล่อง,8.85546E+12,100,NULL,FALSE,FALSE,NULL,,,NULL,NULL,NULL,NULL,NULL,NULL,1,NULL
2824,1000,102854,Eberil 90,ETORICOXIB,NULL,ขย.9,NULL,ยาระบบกล้ามเนื้อ-ข้อต่อ,,,กล่อง,8.85394E+12,100,NULL,FALSE,FALSE,NULL,,,NULL,NULL,NULL,NULL,NULL,NULL,1,NULL
2825,1000,102855,Airrox 80 mg,SIMETHICONE,NULL,ขย.9,NULL,ยาทางเดินอาหาร,,,แผง,8.85945E+12,100,NULL,FALSE,FALSE,NULL,,,NULL,NULL,NULL,NULL,NULL,NULL,1,NULL
2826,1000,102856,Selfide 60 ml,SELENIUM SULPHIDE,NULL,ขย.9,NULL,ยาใช้เฉพาะที่,,,ขวด,8.85188E+12,100,NULL,FALSE,FALSE,NULL,,,NULL,NULL,NULL,NULL,NULL,NULL,1,NULL
2827,1000,102857,Alerest Rx. 10x10 tab,CETIRIZINE,ANTIHISTAMINES & ANTIALLERGICS,ขย.9,NULL,ยาหู ตา คอ จมูก,,,กล่อง,102857,,NULL,FALSE,FALSE,NULL,,,NULL,NULL,NULL,NULL,NULL,NULL,,NULL
2828,1000,102858,Tolchicine 0.6 mg 10x10 tab,COLCHICINE,GOUT PREPARATIONS,ขย.9,NULL,ยาระบบกล้ามเนื้อ-ข้อต่อ,,,กล่อง,102858,,NULL,FALSE,FALSE,NULL,,,NULL,NULL,NULL,NULL,NULL,NULL,,NULL
2829,1000,102860,ยาหม่อง วังว่าน,NULL,NULL,ขย.9,NULL,"ยาสมุนไพร, ยาแผนโบราณ",,,ขวด,8.85937E+12,100,NULL,FALSE,FALSE,NULL,,,NULL,NULL,NULL,NULL,NULL,NULL,1,NULL
2830,1000,102861,Nacoxib 90 mg  5',ETORICOXIB,NSAIDs,ขย.9,NULL,ยาระบบกล้ามเนื้อ-ข้อต่อ,,,NULL,8.85899E+12,100,NULL,FALSE,FALSE,NULL,,,NULL,NULL,NULL,NULL,NULL,NULL,1,NULL
2831,1000,102862,Voltfast 50 mg  Powder oral solution,DICLOFENAC POTASSIUM,NSAIDs,ขย.9,ขย.9,ยาระบบกล้ามเนื้อ-ข้อต่อ,,,ซอง,8.85236E+12,100,NULL,FALSE,FALSE,NULL,,,NULL,NULL,NULL,NULL,NULL,NULL,1,NULL
2832,1000,102863,Ulcefate suspension 240 ml,NULL,ANTIACID,ขย.9,NULL,ยาทางเดินอาหาร,,,ขวด,8.85274E+12,100,NULL,FALSE,FALSE,NULL,,,NULL,NULL,NULL,NULL,NULL,NULL,1,NULL
2833,1000,102864,Blackmores Bio Calcium+D3  60',NULL,VITAMINS & MINERALS,ขย.9,ขย.9,วิตามินและอาหารเสริม,,,ขวด,93566940,100,NULL,FALSE,FALSE,NULL,,,NULL,NULL,NULL,NULL,NULL,NULL,1,NULL
2834,1000,102865,Phenz 10',NULL,NULL,ขย.9,ขย.9,ยาระบบทางเดินหายใจ,,,กล่อง,8.85077E+12,100,NULL,FALSE,FALSE,NULL,,,NULL,NULL,NULL,NULL,NULL,NULL,1,NULL
2835,1000,102866,Elomet 0.1%cream 5 gm,MOMETASONE FUROATE,STEROIDS,ขย.9,ขย.9,ยาใช้เฉพาะที่,,,กล่อง,8.40165E+11,100,NULL,FALSE,FALSE,NULL,,,NULL,NULL,NULL,NULL,NULL,NULL,1,NULL
2836,1000,102867,Glucophage XR 1000 mg  30',METFORMIN,ANTIDIABETIC,ขย.9,ขย.9,ยาในโรคเรื้อรัง (Drug for,,,กล่อง,8.85288E+12,100,NULL,FALSE,FALSE,NULL,,,NULL,NULL,NULL,NULL,NULL,NULL,1,NULL
2837,1000,102868,Favotan 50/50 mg   (Amlodipine+Losartan),AMLODIPINE,NULL,ขย.9,ขย.9,ยาในโรคเรื้อรัง (Drug for,,,กล่อง,8.80644E+12,100,NULL,FALSE,FALSE,NULL,,,NULL,NULL,NULL,NULL,NULL,NULL,1,NULL
2838,1000,102869,Nexcare Transpore 1/2 นิ้ว*10หลา,NULL,NULL,ขย.9,NULL,อุปกรณ์ทางการแพทย์,,,กล่อง,8.8503E+12,100,NULL,FALSE,FALSE,NULL,,,NULL,NULL,NULL,NULL,NULL,NULL,1,NULL
2839,1000,102870,สำลีก้อนรถพยาบาล 20 gm,NULL,NULL,ขย.9,NULL,อุปกรณ์ทางการแพทย์,,,ซอง,8.85019E+12,100,NULL,FALSE,FALSE,NULL,,,NULL,NULL,NULL,NULL,NULL,NULL,1,NULL
2840,1000,102871,Antacid gel 1000 ml,NULL,NULL,ขย.9,NULL,ยาทางเดินอาหาร,,,ขวด,8.85147E+12,100,NULL,FALSE,FALSE,NULL,,,NULL,NULL,NULL,NULL,NULL,NULL,1,NULL
2841,1000,102872,SOS แผ่นแปะร้อน แก้ปวด ยาวนาน 12 ชม,NULL,NULL,ขย.9,NULL,อุปกรณ์ทางการแพทย์,,,ชิ้น,8.85924E+12,100,NULL,FALSE,FALSE,NULL,,,NULL,NULL,NULL,NULL,NULL,NULL,1,NULL
2842,1000,102873,Mefamed acid 500 mg,MEFENAMIC ACID,NSAIDs,ขย.9,NULL,NULL,,,แผง,8.85545E+12,100,NULL,FALSE,FALSE,NULL,,,NULL,NULL,NULL,NULL,NULL,NULL,1,NULL
2843,1000,102874,เดทตอล น้ำยาฆ่าเชื้อโรค 500 ซีซี,NULL,NULL,ขย.9,NULL,อุปกรณ์ทางการแพทย์,,,ขวด,8.85036E+12,100,NULL,FALSE,FALSE,NULL,,,NULL,NULL,NULL,NULL,NULL,NULL,1,NULL
2844,1000,102875,ฟ้าทะลายโจรสกัด  อ้วยอันโอสถ 60 'cap,NULL,NULL,ขย.9,NULL,"ยาสมุนไพร, ยาแผนโบราณ",,,ขวด,8.85291E+12,100,NULL,FALSE,FALSE,NULL,,,NULL,NULL,NULL,NULL,NULL,NULL,1,NULL
2845,1000,102876,Mybacin myherbal mouth spay 15 ml,NULL,MOUTH/THROAT PREPARATIONS,ขย.9,NULL,ยาหู ตา คอ จมูก,,,กล่อง,8.85229E+12,100,NULL,FALSE,FALSE,NULL,,,NULL,NULL,NULL,NULL,NULL,NULL,1,NULL
2846,1000,102877,Canesten OD  Cream 5 gm,BIFONAZOLE,ANTIFUNGALS,ขย.9,NULL,ยาใช้เฉพาะที่,,,กล่อง,4.0576E+12,100,NULL,FALSE,FALSE,NULL,,,NULL,NULL,NULL,NULL,NULL,NULL,1,NULL
2847,1000,102878,Clovin cream 5 gm,ACICLOVIR,NULL,ขย.9,NULL,ยาใช้เฉพาะที่,,,กล่อง,8.85944E+12,100,NULL,FALSE,FALSE,NULL,,,NULL,NULL,NULL,NULL,NULL,NULL,1,NULL
2848,1000,102879,Mineralcap 30' cap,MULTIVITAMINS & MINERALS,VITAMINS & MINERALS,ขย.9,NULL,วิตามินและอาหารเสริม,,,กล่อง,7.50364E+11,100,NULL,FALSE,FALSE,NULL,,,NULL,NULL,NULL,NULL,NULL,NULL,1,NULL
2849,1000,102880,Fexlora 10 mg chewable 10' ,LORATADINE,ANTIHISTAMINES & ANTIALLERGICS,ขย.9,ขย.9,ยาระบบทางเดินหายใจ,,,แผง,8.85024E+12,100,NULL,FALSE,FALSE,NULL,,,NULL,NULL,NULL,NULL,NULL,NULL,1,NULL
2850,1000,102881,Boson Sara -cov-2 antigen test card  ชุดตรวจโควิท,NULL,NULL,ขย.9,NULL,อุปกรณ์ทางการแพทย์,,,กล่อง,6.92196E+12,100,NULL,FALSE,FALSE,NULL,,,NULL,NULL,NULL,NULL,NULL,NULL,1,NULL
2851,1000,102882,Sermin 30 mg,NICERGOLINE,NULL,ขย.9,NULL,ปวดหัว/ไมเกรน,,,กล่อง,1.21E+12,100,NULL,FALSE,FALSE,NULL,,,NULL,NULL,NULL,NULL,NULL,NULL,1,NULL
2852,1000,102883,ยากฤษณากลั่น ตรากิเลน,NULL,NULL,ขย.9,NULL,"ยาสมุนไพร, ยาแผนโบราณ",,,ขวด,8.85112E+12,100,NULL,FALSE,FALSE,NULL,,,NULL,NULL,NULL,NULL,NULL,NULL,1,NULL
2853,1000,102884,Arcona 90 mg,ETORICOXIB,NULL,ขย.9,NULL,ยาระบบกล้ามเนื้อ-ข้อต่อ,,,แผง,8.85281E+12,100,NULL,FALSE,FALSE,NULL,,,NULL,NULL,NULL,NULL,NULL,NULL,1,NULL
2854,1000,102885,Strepsils Dry cough lozenges,Dextromethorphan Hydrobromide,NULL,ขย.9,ขย.9,NULL,,,แผง,8.8512E+12,100,NULL,FALSE,FALSE,NULL,,,NULL,NULL,NULL,NULL,NULL,NULL,1,NULL
2855,1000,102886,Propoliz Plus extherb 15 ml,NULL,NULL,ขย.9,NULL,ยาหู ตา คอ จมูก,,,กล่อง,8.85651E+12,100,NULL,FALSE,FALSE,NULL,,,NULL,NULL,NULL,NULL,NULL,NULL,1,NULL
2856,1000,102887,Arcona  120 mg  6',ETORICOXIB,NULL,ขย.9,NULL,ยาระบบกล้ามเนื้อ-ข้อต่อ,,,กล่อง,8.85281E+12,100,NULL,FALSE,FALSE,NULL,,,NULL,NULL,NULL,NULL,NULL,NULL,1,NULL
2857,1000,102888,Bromhex 8 mg  10',BROMHEXINE,NULL,ขย.9,NULL,ยาหู ตา คอ จมูก,,,แผง,8.85651E+12,100,NULL,FALSE,FALSE,NULL,,,NULL,NULL,NULL,NULL,NULL,NULL,1,NULL
2858,1000,102889,Hydrox-25   10'   T.MAN เม็ดสีฟ้า   (102889),HYDROXYZINE,NULL,ขย.9,ขย.9,ยาระบบทางเดินหายใจ,,,แผง,8.85651E+12,100,NULL,FALSE,FALSE,NULL,,,NULL,NULL,NULL,NULL,NULL,NULL,1,NULL
2859,1000,102890,Melobic-15   10',MELOXICAM,NULL,ขย.9,ขย.9,ยาระบบกล้ามเนื้อ-ข้อต่อ,,,แผง,8.85188E+12,100,NULL,FALSE,FALSE,NULL,,,NULL,NULL,NULL,NULL,NULL,NULL,1,NULL
2860,1000,102891,Difenac 25 mg  10',DICLOFENAC,NULL,ขย.9,ขย.9,ยาระบบกล้ามเนื้อ-ข้อต่อ,,,แผง,8.85885E+12,100,NULL,FALSE,FALSE,NULL,,,NULL,NULL,NULL,NULL,NULL,NULL,1,NULL
2861,1000,102892,Coxium 1500 mg  30',GLUCOSAMINE,NULL,ขย.9,ขย.9,วิตามินและอาหารเสริม,,,กล่อง,8.85546E+12,100,NULL,FALSE,FALSE,NULL,,,NULL,NULL,NULL,NULL,NULL,NULL,1,NULL
2862,1000,102893,Etomed 90 mg  10',ETORICOXIB,NULL,ขย.9,ขย.9,ยาระบบกล้ามเนื้อ-ข้อต่อ,,,แผง,8.85545E+12,100,NULL,FALSE,FALSE,NULL,,,NULL,NULL,NULL,NULL,NULL,NULL,1,NULL
2863,1000,102894,Topamine  60 ml,BROMPHENIRAMINE+PHENYLPROPANILAMINE,NULL,ขย.9,ขย.9,ยาน้ำสำหรับเด็ก,,,ขวด,8.85147E+12,100,NULL,FALSE,FALSE,NULL,,,NULL,NULL,NULL,NULL,NULL,NULL,1,NULL
2864,1000,102895,Magesto-f  10',CALCIUM CARBONATE,NULL,ขย.9,ขย.9,ยาทางเดินอาหาร,,,ซอง,8.8592E+12,100,NULL,FALSE,FALSE,NULL,,,NULL,NULL,NULL,NULL,NULL,NULL,1,NULL
2865,1000,102896,Vilerm 200 mg  5',ACYCLOVIR,ANTIVIRALS,ขย.9,ขย.9,ยาระบบการติดเชื้อ,,,แผง,8.85274E+12,100,NULL,FALSE,FALSE,NULL,,,NULL,NULL,NULL,NULL,NULL,NULL,1,NULL
2866,1000,102897,Doxyman-100gm   10',DOXYCYCLINE,NULL,ขย.9,ขย.9,ยาระบบการติดเชื้อ,,,แผง,8.85651E+12,100,NULL,FALSE,FALSE,NULL,,,NULL,NULL,NULL,NULL,NULL,NULL,1,NULL
2867,1000,102898,Ciproxin 500 mg   10',CIPROFLOXACIN,QUINOLONES,ขย.9,ขย.9,ยาทางเดินอาหาร,,,แผง,8.85254E+12,100,NULL,FALSE,FALSE,NULL,,,NULL,NULL,NULL,NULL,NULL,NULL,1,NULL
2868,1000,102898,Ciproxin 500 mg   10',CIPROFLOXACIN,QUINOLONES,ขย.9,ขย.9,ยาระบบการติดเชื้อ,,,แผง,8.85254E+12,100,NULL,FALSE,FALSE,NULL,,,NULL,NULL,NULL,NULL,NULL,NULL,1,NULL
2869,1000,102899,Medmaker vitamin E 5.5%  20g,NULL,NULL,ขย.9,NULL,เครื่องสำอางและผลิตภัณฑ์ค,,,กล่อง,8.85088E+12,100,NULL,FALSE,FALSE,NULL,,,NULL,NULL,NULL,NULL,NULL,NULL,1,NULL
2870,1000,102900,Gental 0.05%  Spray  10ml,OXYMETAZOLINE,DECONGESTANTS & OTHER NASAL PR,ขย.9,ขย.9,ยาหู ตา คอ จมูก,,,ขวด,8.85546E+12,100,NULL,FALSE,FALSE,NULL,,,NULL,NULL,NULL,NULL,NULL,NULL,1,NULL
2871,1000,102901,Actavia 0.1%  Sparsys  10 ml,NULL,DECONGESTANTS & OTHER NASAL PR,ขย.9,ขย.9,ยาหู ตา คอ จมูก,,,กล่อง,8.85024E+12,100,NULL,FALSE,FALSE,NULL,,,NULL,NULL,NULL,NULL,NULL,NULL,1,NULL
2872,1000,102902,Oxymet  Nasal spray 0.05% ,OXYMETAZOLINE,DECONGESTANTS & OTHER NASAL PR,ขย.9,ขย.9,ยาหู ตา คอ จมูก,,,กล่อง,8.85229E+12,100,NULL,FALSE,FALSE,NULL,,,NULL,NULL,NULL,NULL,NULL,NULL,1,NULL
2873,1000,102903,ยาสีฟันวิเศษนิยม 100กรัม,NULL,NULL,ขย.9,NULL,เครื่องสำอางและผลิตภัณฑ์ค,,,หลอด,8.85235E+12,,NULL,FALSE,FALSE,NULL,,,NULL,NULL,NULL,NULL,NULL,NULL,,NULL
2874,1000,102904,ยาอม Fisherman'sFriend  Honey&Lemon 25g สีน้ำตาล-ขาว,NULL,NULL,ขย.9,NULL,ยาอม,,,ซอง,96091852,100,NULL,FALSE,FALSE,NULL,,,NULL,NULL,NULL,NULL,NULL,NULL,1,NULL
2875,1000,102905,ยาอม Fisherman's Friend Citrus 25g เขียว/ขาว,NULL,NULL,ขย.9,NULL,ยาอม,,,ซอง,50390168,100,NULL,FALSE,FALSE,NULL,,,NULL,NULL,NULL,NULL,NULL,NULL,1,NULL
2876,1000,102906,SOS  S 2.2*3.5 cm พลาสเตอร์ใสกันน้ำ  10',NULL,NULL,ขย.9,NULL,อุปกรณ์ทางการแพทย์,,,กล่อง,8.85924E+12,100,NULL,FALSE,FALSE,NULL,,,NULL,NULL,NULL,NULL,NULL,NULL,1,NULL
2877,1000,102907,แอลกอฮอล์ ศิริบัญชา 70% สเปรย์ ,ETHYL ALCOHOL,NULL,NULL,NULL,อุปกรณ์ทางการแพทย์,,,ขวด,8.85112E+12,,NULL,FALSE,FALSE,NULL,,,NULL,NULL,NULL,NULL,NULL,NULL,,NULL
2878,1000,102908,COVID-19 Test Kit (2 in 1) Wilbur  1 test,NULL,NULL,ขย.9,NULL,อุปกรณ์ทางการแพทย์,,,กล่อง,8.85983E+12,,NULL,FALSE,FALSE,NULL,,,NULL,NULL,NULL,NULL,NULL,NULL,,NULL
2879,1000,102909,FURANO เม็ดฟู่ทำความสะอาด ฟันปลอม กลิ่นกุหลาบ 24 tab,NULL,NULL,ขย.9,NULL,ยาใช้เฉพาะที่,,,กล่อง,8.85857E+12,,NULL,FALSE,FALSE,NULL,,,NULL,NULL,NULL,NULL,NULL,NULL,,NULL
2880,1000,102910,Nseries brand cool formula 70*7 cm,NULL,NULL,ขย.9,NULL,ยาใช้เฉพาะที่,,,ซอง,8.85651E+12,100,NULL,FALSE,FALSE,NULL,,,NULL,NULL,NULL,NULL,NULL,NULL,1,NULL
2881,1000,102911,Bisolvon pediatric syrup 60 ml,BROMHEXINE,NULL,ขย.9,ขย.9,ยาน้ำสำหรับเด็ก,,,ขวด,8.85089E+12,100,NULL,FALSE,FALSE,NULL,,,NULL,NULL,NULL,NULL,NULL,NULL,1,NULL
2882,1000,102912,Nseries brand Warm formula  ร้อน  2',NULL,NULL,ขย.9,NULL,ยาระบบกล้ามเนื้อ-ข้อต่อ,,,ซอง,8.85651E+12,100,NULL,FALSE,FALSE,NULL,,,NULL,NULL,NULL,NULL,NULL,NULL,1,NULL
2883,1000,102913,Centrum sliver 50+  90',MULTIVITAMINS & MINERALS,NULL,ขย.9,ขย.9,วิตามินและอาหารเสริม,,,ขวด,8.85101E+12,100,NULL,FALSE,FALSE,NULL,,,NULL,NULL,NULL,NULL,NULL,NULL,1,NULL
2884,1000,102914,INNOBIC LAB ถุงมือ ไม่มีแป้ง Size  S 100 ชิ้น,NULL,NULL,ขย.9,NULL,อุปกรณ์ทางการแพทย์,,,กล่อง,8.85976E+12,100,NULL,FALSE,FALSE,NULL,,,NULL,NULL,NULL,NULL,NULL,NULL,1,NULL
2885,1000,102915,Aqua kare Sterile Water 100%  1000 ml,NULL,NULL,ขย.9,ขย.9,อุปกรณ์ทางการแพทย์,,,ขวด,8.85406E+12,100,NULL,FALSE,FALSE,NULL,,,NULL,NULL,NULL,NULL,NULL,NULL,1,NULL
2886,1000,102916,อภัยภูเบศร  ยาแคปซูลบอระเพ็ด  70',NULL,NULL,ขย.9,NULL,"ยาสมุนไพร, ยาแผนโบราณ",,,ขวด,8.85554E+12,100,NULL,FALSE,FALSE,NULL,,,NULL,NULL,NULL,NULL,NULL,NULL,1,NULL
2887,1000,102917,ยาปอคุนเอี๊ยบ๊อ ยาสตรี  500 ml,NULL,NULL,ขย.9,NULL,"ยาสมุนไพร, ยาแผนโบราณ",,,ขวด,7.45114E+11,100,NULL,FALSE,FALSE,NULL,,,NULL,NULL,NULL,NULL,NULL,NULL,1,NULL
2888,1000,102918,ยาขับน้ำคาวปลา ตราพารา  300 ml,NULL,NULL,ขย.9,NULL,"ยาสมุนไพร, ยาแผนโบราณ",,,ขวด,8.85912E+12,100,NULL,FALSE,FALSE,NULL,,,NULL,NULL,NULL,NULL,NULL,NULL,1,NULL
2889,1000,102919,ยาสตรีกิมโกยทิซิ่ว อ้วยอันโอสถ  450 ซีซี,NULL,NULL,ขย.9,NULL,"ยาสมุนไพร, ยาแผนโบราณ",,,ขวด,8.85291E+12,100,NULL,FALSE,FALSE,NULL,,,NULL,NULL,NULL,NULL,NULL,NULL,1,NULL
2890,1000,102920,Ibucap  400 mg   10',IBUPROFEN,NSAIDs,ขย.9,ขย.9,NULL,,,กล่อง,0,100,NULL,FALSE,FALSE,NULL,,,NULL,NULL,NULL,NULL,NULL,NULL,1,NULL
2891,1000,102921,Emson 50 mg 10',NULL,NULL,ขย.9,ขย.9,ยาระบบกล้ามเนื้อ-ข้อต่อ,,,แผง,8.85394E+12,100,NULL,FALSE,FALSE,NULL,,,NULL,NULL,NULL,NULL,NULL,NULL,1,NULL
2892,1000,102922,Bactoclav - 1000 mg,AMOX+CLAVU,ANTIBIOTICS,ขย.9,ขย.9,ยาระบบการติดเชื้อ,,,กล่อง,8.9013E+12,100,NULL,FALSE,FALSE,NULL,,,NULL,NULL,NULL,NULL,NULL,NULL,1,NULL
2893,1000,102923,Pharmica liniment ,NULL,NULL,ขย.9,NULL,ยาใช้เฉพาะที่,,,ขวด,8.85152E+12,100,NULL,FALSE,FALSE,NULL,,,NULL,NULL,NULL,NULL,NULL,NULL,1,NULL
2894,1000,102924,reparil -Gel N  40g MEDA,AESCIN,ANTI-INFLAMMATORY ENZYMES,ขย.9,NULL,ยาระบบกล้ามเนื้อ-ข้อต่อ,,,หลอด,8.85897E+12,100,NULL,FALSE,FALSE,NULL,,,NULL,NULL,NULL,NULL,NULL,NULL,1,NULL
2895,1000,102925,Mertigo 6 mg,BETAHISTINE,NULL,ขย.9,NULL,ปวดหัว/ไมเกรน,,,แผง,8.85024E+12,100,NULL,FALSE,FALSE,NULL,,,NULL,NULL,NULL,NULL,NULL,NULL,1,NULL
2896,1000,102926,Duran  400 mg,IBUPROFEN,NSAIDs,ขย.9,ขย.9,ยาระบบกล้ามเนื้อ-ข้อต่อ,,,กล่อง,8.85147E+12,100,NULL,FALSE,FALSE,NULL,,,NULL,NULL,NULL,NULL,NULL,NULL,1,NULL
2897,1000,102927,B-lady  21,CYPROTERONE ACETATE+ETHINYLESTRADIOL,NULL,ขย.9,ขย.9,ยาคุมกำเนิดและฮอร์โมนทดแท,,,NULL,8.853E+12,100,NULL,FALSE,FALSE,NULL,,,NULL,NULL,NULL,NULL,NULL,NULL,1,NULL
2898,1000,102928,Lescilon 28,DESOGESTREL+ETHINYLESTRADIOL,NULL,ขย.9,ขย.9,ยาคุมกำเนิดและฮอร์โมนทดแท,,,กล่อง,8.8546E+12,100,NULL,FALSE,FALSE,NULL,,,NULL,NULL,NULL,NULL,NULL,NULL,1,NULL
2899,1000,102929,Slinda 28',DROSPIRENENONE+ETHINYL ESTRADIOL,NULL,ขย.9,NULL,ยาคุมกำเนิดและฮอร์โมนทดแท,,,กล่อง,8.85874E+12,100,NULL,FALSE,FALSE,NULL,,,NULL,NULL,NULL,NULL,NULL,NULL,1,NULL
2900,1000,102930,Gauze pad Size  3*3  8 ชิ้น,NULL,NULL,ขย.9,NULL,อุปกรณ์ทางการแพทย์,,,กล่อง,8.85454E+12,100,NULL,FALSE,FALSE,NULL,,,NULL,NULL,NULL,NULL,NULL,NULL,100,NULL
2901,1000,102931,Gauze Pad Size 4*4  8ชิ้น,NULL,NULL,ขย.9,NULL,อุปกรณ์ทางการแพทย์,,,กล่อง,8.85454E+12,100,NULL,FALSE,FALSE,NULL,,,NULL,NULL,NULL,NULL,NULL,NULL,1,NULL
2902,1000,102932,G-Sure Plus  กางเกงผ้าอ้อมผู้ใหญ่  ไซล์ M,NULL,NULL,ขย.9,NULL,อุปกรณ์ทางการแพทย์,,,ห่อ,8.85975E+12,100,NULL,FALSE,FALSE,NULL,,,NULL,NULL,NULL,NULL,NULL,NULL,1,NULL
2903,1000,102933,แผ่นรองซับ รถพยาบาล  No. L 45*70cm  10ชิ้น,NULL,NULL,ขย.9,NULL,อุปกรณ์ทางการแพทย์,,,ห่อ,8.85019E+12,100,NULL,FALSE,FALSE,NULL,,,NULL,NULL,NULL,NULL,NULL,NULL,1,NULL
2904,1000,102934,G-Sure Plus กางเกงผ้าอ้อมผู้ใหญ่  ไซค์ M  28ชิ้น,NULL,NULL,ขย.9,ขย.9,อุปกรณ์ทางการแพทย์,,,ห่อ,8.85975E+12,100,NULL,FALSE,FALSE,NULL,,,NULL,NULL,NULL,NULL,NULL,NULL,1,NULL
2905,1000,102935,Anan แผ่นรองซึมซับ  45*70 CM   ไซค์ L  10ชิ้น,NULL,NULL,ขย.9,NULL,อุปกรณ์ทางการแพทย์,,,ห่อ,4.71011E+12,100,NULL,FALSE,FALSE,NULL,,,NULL,NULL,NULL,NULL,NULL,NULL,1,NULL
2906,1000,102936,Hospro Cold hot pack  ไซค์ S  1',NULL,NULL,ขย.9,NULL,อุปกรณ์ทางการแพทย์,,,กล่อง,8.85932E+12,100,NULL,FALSE,FALSE,NULL,,,NULL,NULL,NULL,NULL,NULL,NULL,1,NULL
2907,1000,102937,Kool Fever แผ่นเจลลดไข้ เด็ก  สีชมพู 3ซอง,NULL,NULL,ขย.9,NULL,อุปกรณ์ทางการแพทย์,,,กล่อง,4.98707E+12,1,NULL,FALSE,FALSE,NULL,,,NULL,NULL,NULL,NULL,NULL,NULL,1,NULL
2908,1000,102938,HCTZ 25 mg  GPO  10',ITOPRIDE HYDROCHLORIDE,NULL,ขย.9,ขย.9,ยาในโรคเรื้อรัง (Drug for,,,แผง,0,100,NULL,FALSE,FALSE,NULL,,,NULL,NULL,NULL,NULL,NULL,NULL,1,NULL
2909,1000,102939,Clatidyne  10mg   10',LORATADINE,ANTIHISTAMINES & ANTIALLERGICS,ขย.9,ขย.9,ยาระบบทางเดินหายใจ,,,แผง,8.85802E+12,100,NULL,FALSE,FALSE,NULL,,,NULL,NULL,NULL,NULL,NULL,NULL,1,NULL
2910,1000,102940,สำลีแผ่นใหญ 4*6ตรารถพยาบาล 450 กรัม,NULL,NULL,ขย.9,NULL,อุปกรณ์ทางการแพทย์,,,ห่อ,8.85019E+12,100,NULL,FALSE,FALSE,NULL,,,NULL,NULL,NULL,NULL,NULL,NULL,1,NULL
2911,1000,102941,Kool Fever แผ่นเจลลดไข้ผู้ใหญ่   ราคากล่อง3ชิ้น,NULL,NULL,ขย.9,NULL,อุปกรณ์ทางการแพทย์,,,กล่อง,4.98707E+12,100,NULL,FALSE,FALSE,NULL,,,NULL,NULL,NULL,NULL,NULL,NULL,1,NULL
2912,1000,102942,Coklav 1000 mg   10',AMOX+CLAVU,ANTIBIOTICS,ขย.9,NULL,ยาระบบการติดเชื้อ,,,กล่อง,8.85314E+12,100,NULL,FALSE,FALSE,NULL,,,NULL,NULL,NULL,NULL,NULL,NULL,1,NULL
2913,1000,102943,Diosmin 500 mg   10',DIOSMINE+HESPERIDINE,"HAEMORRHOIDAL,PHLEBITIS & VARI",ขย.9,ขย.9,ยาทางเดินอาหาร,,,แผง,8.85877E+12,100,NULL,FALSE,FALSE,NULL,,,NULL,NULL,NULL,NULL,NULL,NULL,1,NULL
2914,1000,102944,Espenal 50 mg     10',NULL,NULL,ขย.9,ขย.9,ยาระบบกล้ามเนื้อ-ข้อต่อ,,,แผง,8.85024E+12,100,NULL,FALSE,FALSE,NULL,,,NULL,NULL,NULL,NULL,NULL,NULL,1,NULL
2915,1000,102945,Sinufen (bromphen 4 mg+ Phenylepharine 10mg)  10',BROMPHENIRAMINE+PHENYLPROPANILAMINE,ANTIHISTAMINES & ANTIALLERGICS,ขย.9,ขย.9,ยาหู ตา คอ จมูก,,,แผง,8.85545E+12,100,NULL,FALSE,FALSE,NULL,,,NULL,NULL,NULL,NULL,NULL,NULL,1,NULL
2916,1000,102946,D-prazol 14',OMEPRAZOLE,NULL,ขย.9,ขย.9,ยาทางเดินอาหาร,,,กล่อง,8.85147E+12,100,NULL,FALSE,FALSE,NULL,,,NULL,NULL,NULL,NULL,NULL,NULL,1,NULL
2917,1000,102947,Tigerplast แผ่นปิดแผลใยสงเคาะห์   10CM*1M  1',NULL,NULL,ขย.9,ขย.9,อุปกรณ์ทางการแพทย์,,,กล่อง,8.85067E+12,100,NULL,FALSE,FALSE,NULL,,,NULL,NULL,NULL,NULL,NULL,NULL,1,NULL
2918,1000,102948,Panadol Actifast 500 mg  10',PARACETAMOL,NULL,ขย.9,ขย.9,ยาสามัญประจำบ้าน,,,กล่อง,8.85101E+12,100,NULL,FALSE,FALSE,NULL,,,NULL,NULL,NULL,NULL,NULL,NULL,1,NULL
2919,1000,102949,ยาหม่อง วังพรม ผสมเสลดพังพอน สูตร 2   ราคา 6 ขวด,NULL,NULL,ขย.9,NULL,"ยาสมุนไพร, ยาแผนโบราณ",,,แพ็ค,102949,100,NULL,FALSE,FALSE,NULL,,,NULL,NULL,NULL,NULL,NULL,NULL,1,NULL
2920,1000,102950,4% เฮ็กซีน สกิน คลีนเซอร์ 30 ซีซี,CHLORHEXIDINE,NULL,ขย.9,NULL,อุปกรณ์ทางการแพทย์,,,ขวด,102950,100,NULL,FALSE,FALSE,NULL,,,NULL,NULL,NULL,NULL,NULL,NULL,1,NULL
2921,1000,102951,Antussia Syrup 60 ml,DEXTROMETHORPHAN HBr+GLYCERYL GUAIACOLATE+PHENYLEPHRINE HCL,Antitussives,ขย.11,ขย.11,ยาน้ำสำหรับเด็ก,,,ขวด,8.85635E+12,,NULL,FALSE,FALSE,NULL,,,NULL,NULL,NULL,NULL,NULL,NULL,,NULL
2922,1000,102952,BETAMETH-N Cream กระปุก 500g,BETAMETHASONE + NEOMYCIN,NULL,ขย.9,NULL,ยาใช้เฉพาะที่,,,กระปุก,102952,100,NULL,FALSE,FALSE,NULL,,,NULL,NULL,NULL,NULL,NULL,NULL,1,NULL
2923,1000,102953,Siarizine 25 mg    10',CINNARIZINE,NULL,ขย.9,ขย.9,ยาหู ตา คอ จมูก,,,แผง,8.85274E+12,100,NULL,FALSE,FALSE,NULL,,,NULL,NULL,NULL,NULL,NULL,NULL,1,NULL
2924,1000,102954,Zocovin cr 5gm,ACICLOVIR,ANTIVIRALS,ขย.9,ขย.9,ยาระบบการติดเชื้อ,,,หลอด,8.85188E+12,100,NULL,FALSE,FALSE,NULL,,,NULL,NULL,NULL,NULL,NULL,NULL,1,NULL
2925,1000,102955,Lazine  5mg   10',LEVOCETIRIZINE,ANTIHISTAMINES & ANTIALLERGICS,ขย.9,ขย.9,ยาหู ตา คอ จมูก,,,กล่อง,8.90373E+12,100,NULL,FALSE,FALSE,NULL,,,NULL,NULL,NULL,NULL,NULL,NULL,1,NULL
2926,1000,102956,ชุดตรวต Auramed F/U AB Covid-19,NULL,NULL,ขย.9,NULL,อุปกรณ์ทางการแพทย์,,,กล่อง,8.85745E+12,100,NULL,FALSE,FALSE,NULL,,,NULL,NULL,NULL,NULL,NULL,NULL,1,NULL
2927,1000,102957,Norgesic  10 ',PARACETAMOL + ORPHENADRINE,NULL,ขย.9,ขย.9,ยาระบบกล้ามเนื้อ-ข้อต่อ,,,แผง,102957,100,NULL,FALSE,FALSE,NULL,,,NULL,NULL,NULL,NULL,NULL,NULL,1,NULL
2928,1000,102958,น้ำมันเหลือ ตรา ชวนหอม  3.5 ml,NULL,NULL,ขย.9,NULL,"ยาสมุนไพร, ยาแผนโบราณ",,,ขวด,123400,,NULL,FALSE,FALSE,NULL,,,NULL,NULL,NULL,NULL,NULL,NULL,,NULL
2929,1000,102959,vitamin C injection,NULL,NULL,ขย.9,NULL,วิตามินและอาหารเสริม,,,แผง,102959,100,NULL,FALSE,FALSE,NULL,,,NULL,NULL,NULL,NULL,NULL,NULL,1,NULL
2930,1000,102960,Comadol 50 mg.,TRAMADOL HYDROCHLORIDE,OPIOIDS,ขย.10,ขย.10,แก้ปวด ลดอักเสบ,,,แผง,5964,100,NULL,FALSE,FALSE,NULL,,,NULL,NULL,NULL,NULL,NULL,NULL,1,NULL
2931,1000,102961,Balisa  20mg (Bilaxten),BILASTIN,ANTIHISTAMINES & ANTIALLERGICS,ขย.9,ขย.9,ยาหู ตา คอ จมูก,,,กล่อง,8.85024E+12,100,NULL,FALSE,FALSE,NULL,,,NULL,NULL,NULL,NULL,NULL,NULL,1,NULL
2932,1000,102962,Bilastin Kids  10mg (Bilaxten),BILASTIN,ANTIHISTAMINES & ANTIALLERGICS,ขย.9,ขย.9,ยาหู ตา คอ จมูก,,,กล่อง,8.85879E+12,100,NULL,FALSE,FALSE,NULL,,,NULL,NULL,NULL,NULL,NULL,NULL,1,NULL
2933,1000,102963,D-Coate  10',DEXTROMETHORPH+GUAIFENESIN+TERPIN HYDRATE,NULL,ขย.9,ขย.9,ยาหู ตา คอ จมูก,,,แผง,8.85291E+12,100,NULL,FALSE,FALSE,NULL,,,NULL,NULL,NULL,NULL,NULL,NULL,1,NULL
2934,1000,102964,Rabeprazole 20 mg  Sandoz  14',NULL,ANTIACID,ขย.9,ขย.9,ยาทางเดินอาหาร,,,กล่อง,8.85977E+12,100,NULL,FALSE,FALSE,NULL,,,NULL,NULL,NULL,NULL,NULL,NULL,1,NULL
2935,1000,102965,Dermaheu cream 50g - TNP,BETAMETHASONE+GENTAMYCIN+TONAFTATE+CLIOQUINOL,ANTIFUNGALS,ขย.9,ขย.9,ยาระบบการติดเชื้อ,,,หลอด,8.85147E+12,100,NULL,FALSE,FALSE,NULL,,,NULL,NULL,NULL,NULL,NULL,NULL,1,NULL
2936,1000,102966,Next Heal+h แผ่นวัดน้ำตาล 25 ชิ้น  1ขวด,NULL,NULL,ขย.9,ขย.9,อุปกรณ์ทางการแพทย์,,,กระปุก,102966,100,NULL,FALSE,FALSE,NULL,,,NULL,NULL,NULL,NULL,NULL,NULL,1,NULL
2937,1000,102967,Clatidyne-o   10 mg,LORATADINE,ANTIHISTAMINES & ANTIALLERGICS,ขย.9,ขย.9,ยาหู ตา คอ จมูก,,,แผง,8.85802E+12,100,NULL,FALSE,FALSE,NULL,,,NULL,NULL,NULL,NULL,NULL,NULL,1,NULL
2938,1000,102968,Cintra  10 '  Patra,CETIRIZINE,ANTIHISTAMINES & ANTIALLERGICS,ขย.9,ขย.9,ยาหู ตา คอ จมูก,,,แผง,8.85501E+12,100,NULL,FALSE,FALSE,NULL,,,NULL,NULL,NULL,NULL,NULL,NULL,1,NULL
2939,1000,102969,Patarvit syrup 120 ml (multivitamin+lysine),MULTIVITAMINS & MINERALS,NULL,ขย.9,ขย.9,ยาน้ำสำหรับเด็ก,,,ขวด,8.85501E+12,100,NULL,FALSE,FALSE,NULL,,,NULL,NULL,NULL,NULL,NULL,NULL,1,NULL
2940,1000,102970,RE-B Forte 10'  (B1 250mg/B6 250mg/B12 1000 mcg),MULTIVITAMINS & MINERALS,NULL,ขย.9,NULL,วิตามินและอาหารเสริม,,,แผง,8.85394E+12,100,NULL,FALSE,FALSE,NULL,,,NULL,NULL,NULL,NULL,NULL,NULL,1,NULL
2941,1000,102971,Methycobal 10's,MECOBALAMIN,VITAMINS & MINERALS,ขย.9,NULL,วิตามินและอาหารเสริม,,,แผง,8.85868E+12,100,NULL,FALSE,FALSE,NULL,,,NULL,NULL,NULL,NULL,NULL,NULL,1,NULL
2942,1000,102972,FLUOXINE 20mg  10',NULL,NULL,ขย.9,NULL,ยาในโรคเรื้อรัง (Drug for,,,แผง,0,100,NULL,FALSE,FALSE,NULL,,,NULL,NULL,NULL,NULL,NULL,NULL,1,NULL
2943,1000,102973,SALDA Inhaler แซลด้า ชนิดพ่นสูด (20 tubes x 2.5 ml),SALBUTAMOL,NULL,ขย.9,NULL,ยาหู ตา คอ จมูก,,,กล่อง,8.85945E+12,100,NULL,FALSE,FALSE,NULL,,,NULL,NULL,NULL,NULL,NULL,NULL,1,NULL
2944,1000,102974,Rhinoplast  5แผ่น,NULL,NULL,ขย.9,NULL,อุปกรณ์ทางการแพทย์,,,แผง,102974,100,NULL,FALSE,FALSE,NULL,,,NULL,NULL,NULL,NULL,NULL,NULL,1,NULL
2945,1000,102975,Cemol 500 mg      1000 ',PARACETAMOL,NULL,ขย.9,NULL,ยาสามัญประจำบ้าน,,,ขวด,8.85298E+12,100,NULL,FALSE,FALSE,NULL,,,NULL,NULL,NULL,NULL,NULL,NULL,1,NULL
2946,1000,102976,แผ่นเจลลดไข้ผู้ใหญ่kool fever Extra cool ราคากล่อง 3ซอง,NULL,NULL,ขย.9,ขย.9,อุปกรณ์ทางการแพทย์,,,กล่อง,4.98707E+12,100,NULL,FALSE,FALSE,NULL,,,NULL,NULL,NULL,NULL,NULL,NULL,1,NULL
2947,1000,102977,Dermazin cream 25 gm  ,SILVER SULFADIAZINE,NULL,ขย.9,NULL,ยาใช้เฉพาะที่,,,กล่อง,8.85977E+12,100,NULL,FALSE,FALSE,NULL,,,NULL,NULL,NULL,NULL,NULL,NULL,1,NULL
2948,1000,102978,โฟมอุดหูลดเสียง 3M Reusable Earplugs 1 Set,NULL,NULL,ขย.9,NULL,เบ็ดเตล็ด,,,คู่,78371905866,,NULL,FALSE,FALSE,NULL,,,NULL,NULL,NULL,NULL,NULL,NULL,,NULL
2949,1000,102979,Lernex 800 mg 10 tab,ACYCLOVIR,ANTIVIRALS,ขย.9,NULL,ยาระบบการติดเชื้อ,,,แผง,8.85024E+12,,NULL,FALSE,FALSE,NULL,,,NULL,NULL,NULL,NULL,NULL,NULL,,NULL
2950,1000,102980,COSOPT 20 mg/ml+5mg/ml ,NULL,NULL,ขย.9,NULL,ยาหู ตา คอ จมูก,,,ขวด,8.88501E+12,,NULL,FALSE,FALSE,NULL,,,NULL,NULL,NULL,NULL,NULL,NULL,,NULL
2951,1000,102981,Ibukids  100 mg/5mL,IBUPROFEN,NULL,ขย.9,ขย.9,ยาน้ำสำหรับเด็ก,,,ขวด,8.85281E+12,100,NULL,FALSE,FALSE,NULL,,,NULL,NULL,NULL,NULL,NULL,NULL,1,NULL
2952,1000,102982,Sumigran 6'  (Sumatripan 50 mg),NULL,NULL,ขย.9,ขย.9,ปวดหัว/ไมเกรน,,,กล่อง,8.85314E+12,100,NULL,FALSE,FALSE,NULL,,,NULL,NULL,NULL,NULL,NULL,NULL,1,NULL
2953,1000,102983,Etomed 120 mg 10's,ETORICOXIB,NULL,ขย.9,ขย.9,ยาระบบกล้ามเนื้อ-ข้อต่อ,,,แผง,8.85545E+12,100,NULL,FALSE,FALSE,NULL,,,NULL,NULL,NULL,NULL,NULL,NULL,1,NULL
2954,1000,102984,Celxib  200 gm   10',CELECOXIB,NULL,ขย.9,ขย.9,ยาระบบกล้ามเนื้อ-ข้อต่อ,,,กล่อง,8.85394E+12,100,NULL,FALSE,FALSE,NULL,,,NULL,NULL,NULL,NULL,NULL,NULL,1,NULL
2955,1000,102985,KAL-kids   choco FALVOR  30 'Chewabel ,CALCIUM CARBONATE,NULL,ขย.9,NULL,วิตามินและอาหารเสริม,,,ขวด,8.85464E+12,100,NULL,FALSE,FALSE,NULL,,,NULL,NULL,NULL,NULL,NULL,NULL,1,NULL
2956,1000,102986,NIPRO needle No.20'',NULL,NULL,ขย.9,ขย.9,อุปกรณ์ทางการแพทย์,,,ชิ้น,8.85894E+12,100,NULL,FALSE,FALSE,NULL,,,NULL,NULL,NULL,NULL,NULL,NULL,1,NULL
2957,1000,102987,Androcur 50mg,CYPROTERONE ACETATE,NULL,ขย.9,ขย.9,ยาคุมกำเนิดและฮอร์โมนทดแท,,,แผง,102987,100,NULL,FALSE,FALSE,NULL,,,NULL,NULL,NULL,NULL,NULL,NULL,1,NULL
2958,1000,102988,Progynova 2 mg      28',ESTRADIOL+NORGESTREL,NULL,ขย.9,NULL,ยาคุมกำเนิดและฮอร์โมนทดแท,,,แผง,102988,100,NULL,FALSE,FALSE,NULL,,,NULL,NULL,NULL,NULL,NULL,NULL,1,NULL
2959,1000,102989,Glauco Oph (0.50%) หยอดตา 5 ml,NULL,NULL,ขย.9,ขย.9,ยาหู ตา คอ จมูก,,,ขวด,8.85493E+12,100,NULL,FALSE,FALSE,NULL,,,NULL,NULL,NULL,NULL,NULL,NULL,1,NULL
2960,1000,102990,NIPRO needle No.30'',NULL,NULL,ขย.9,NULL,อุปกรณ์ทางการแพทย์,,,ชิ้น,,100,NULL,FALSE,FALSE,NULL,,,NULL,NULL,NULL,NULL,NULL,NULL,1,NULL
2961,1000,102991,LYRICA 25mg ลีริก้า (4X14's),PREGABALIN,NULL,ขย.9,NULL,แก้ปวด ลดอักเสบ,,,กล่อง,1.21E+12,100,NULL,FALSE,FALSE,NULL,,,NULL,NULL,NULL,NULL,NULL,NULL,1,NULL
2962,1000,102992,Nikp-Pitavastain 2 mg,NULL,NULL,ขย.9,NULL,ยาในโรคเรื้อรัง (Drug for,,,แผง,102992,100,NULL,FALSE,FALSE,NULL,,,NULL,NULL,NULL,NULL,NULL,NULL,1,NULL
2963,1000,102993,Emulax  milk of magnesia  240 ml,MAGNESIUM HYDROXIDE,NULL,ขย.9,NULL,ยาทางเดินอาหาร,,,ขวด,8.85209E+12,100,NULL,FALSE,FALSE,NULL,,,NULL,NULL,NULL,NULL,NULL,NULL,1,NULL
2964,1000,102994,Allergis eye drop  10ml,ANTAZOLINE+TETRAHYDROZOLINE,EYE PREPARATIONS,ขย.9,NULL,ยาหู ตา คอ จมูก,,,ขวด,8.85147E+12,100,NULL,FALSE,FALSE,NULL,,,NULL,NULL,NULL,NULL,NULL,NULL,1,NULL
2965,1000,102995,NAPROFAZT 250 mg (1x10's),NAPROXEN SODIUM,NSAIDs,ขย.9,NULL,ยาระบบกล้ามเนื้อ-ข้อต่อ,,,กล่อง,8.85077E+12,100,NULL,FALSE,FALSE,NULL,,,NULL,NULL,NULL,NULL,NULL,NULL,1,NULL
2966,1000,102996,ทาราด้า แรดสเปรย์ (12 ml),NULL,NULL,ขย.9,NULL,ยาใช้เฉพาะที่,,,ขวด,8.85463E+12,100,NULL,FALSE,FALSE,NULL,,,NULL,NULL,NULL,NULL,NULL,NULL,1,NULL
2967,1000,102997,ทาราด้า แรดสเปรย์ (12 ml),NULL,NULL,ขย.9,NULL,ยาใช้เฉพาะที่,,,ขวด,8.85463E+12,100,NULL,FALSE,FALSE,NULL,,,NULL,NULL,NULL,NULL,NULL,NULL,1,NULL
2968,1000,102998,Chlor Oph Eye Drops 5 ml ,CHLORAMPHENICOL,NULL,ขย.9,ขย.9,ยาหู ตา คอ จมูก,,,ขวด,8.85493E+12,100,NULL,FALSE,FALSE,NULL,,,NULL,NULL,NULL,NULL,NULL,NULL,1,NULL
2969,1000,102999, MYDERMIC Cream 15g,NEOMYCIN,NULL,ขย.9,ขย.9,ยาระบบการติดเชื้อ,,,กล่อง,8.85229E+12,100,NULL,FALSE,FALSE,NULL,,,NULL,NULL,NULL,NULL,NULL,NULL,1,NULL
2970,1000,103000,VISTRA BACOPA 300mg ขวด 30's,NULL,NULL,ขย.9,ขย.9,วิตามินและอาหารเสริม,,,ขวด,8.85152E+12,100,NULL,FALSE,FALSE,NULL,,,NULL,NULL,NULL,NULL,NULL,NULL,1,NULL
2971,1000,103001,AMK dry 457 mg ขวด 70ml,AMOX+CLAVU,PENICILLINS,ขย.9,ขย.9,ยาระบบการติดเชื้อ,,,ขวด,8.85267E+12,100,NULL,FALSE,FALSE,NULL,,,NULL,NULL,NULL,NULL,NULL,NULL,1,NULL
2972,1000,103002,PATAR-COM ขวด 100's,MULTIVITAMINS & MINERALS,VITAMINS & MINERALS,ขย.9,ขย.9,วิตามินและอาหารเสริม,,,ขวด,8.85501E+12,100,NULL,FALSE,FALSE,NULL,,,NULL,NULL,NULL,NULL,NULL,NULL,1,NULL
2973,1000,103003,FLOXCIPRO 500mg 10's,CIPROFLOXACIN,ANTIBIOTICS,ขย.9,ขย.9,ยาระบบการติดเชื้อ,,,แผง,8.85545E+12,100,NULL,FALSE,FALSE,NULL,,,NULL,NULL,NULL,NULL,NULL,NULL,1,NULL
2974,1000,103004, FUCIDIN Cream 5g,NULL,NULL,ขย.9,ขย.9,ยาระบบการติดเชื้อ,,,หลอด,5.70219E+12,100,NULL,FALSE,FALSE,NULL,,,NULL,NULL,NULL,NULL,NULL,NULL,1,NULL
2975,1000,103005,ONCE Dialyze วันซ์ ไดอะไลซ์ กลิ่นวานิลลา 400g,NULL,NULL,ขย.9,NULL,อุปกรณ์ทางการแพทย์,,,กระป๋อง,8.85263E+12,100,NULL,FALSE,FALSE,NULL,,,NULL,NULL,NULL,NULL,NULL,NULL,1,NULL
2976,1000,103006,POLIZINE 25mg     10',HYDROXYZINE,ANTIHISTAMINES & ANTIALLERGICS,ขย.9,NULL,ยาหู ตา คอ จมูก,,,แผง,8.85265E+12,,NULL,FALSE,FALSE,NULL,,,NULL,NULL,NULL,NULL,NULL,100,1,NULL
2977,1000,103007,Artrodar 50mg  30',NULL,NULL,ขย.9,ขย.9,ยาระบบกล้ามเนื้อ-ข้อต่อ,,,กล่อง,7.79537E+12,100,NULL,FALSE,FALSE,NULL,,,NULL,NULL,NULL,NULL,NULL,NULL,1,NULL
2978,1000,103008,KINTAL B  10',PARACETAMOL+IBUPROFEN,NULL,ขย.9,NULL,ยาระบบกล้ามเนื้อ-ข้อต่อ,,,แผง,8.85298E+12,100,NULL,FALSE,FALSE,NULL,,,NULL,NULL,NULL,NULL,NULL,NULL,1,NULL
2979,1000,103009,Alcohol  Mega สำลีชุบเอทิลแอลกอฮอล์,ETHYL ALCOHOL,NULL,ขย.9,ขย.9,อุปกรณ์ทางการแพทย์,,,แผง,8.85879E+12,100,NULL,FALSE,FALSE,NULL,,,NULL,NULL,NULL,NULL,NULL,NULL,1,NULL
2980,1000,103010,CHLOR-PYRAD Ointment หลอด 15g,CHLORAMPHENICOL,NULL,ขย.9,ขย.9,ยาใช้เฉพาะที่,,,หลอด,8.85343E+12,100,NULL,FALSE,FALSE,NULL,,,NULL,NULL,NULL,NULL,NULL,NULL,1,NULL
2981,1000,103011,ฟ้าทะลายโจรสกัด 20 mg ขาวละออ 30's,NULL,NULL,ขย.9,NULL,"ยาสมุนไพร, ยาแผนโบราณ",,,ขวด,8.85014E+12,100,NULL,FALSE,FALSE,NULL,,,NULL,NULL,NULL,NULL,NULL,NULL,1,NULL
2982,1000,103012,เต่าเกียบโลก แป้งระงับกลิ่นกาย Lavender 22 g.,NULL,NULL,ขย.9,NULL,เบ็ดเตล็ด,,,ขวด,8.8572E+12,,NULL,FALSE,FALSE,NULL,,,NULL,NULL,NULL,NULL,NULL,NULL,,NULL
2983,1000,103013,เฮโมวิต แอคทีฟ โสมสกัด 31 เม็ด(สีส้ม),MULTIVITAMINS & MINERALS,VITAMINS & MINERALS,ขย.9,ขย.9,วิตามินและอาหารเสริม,,,ขวด,8.85185E+12,100,NULL,FALSE,FALSE,NULL,,,NULL,NULL,NULL,NULL,NULL,NULL,1,NULL
2984,1000,103014,ที แมน โลชั่น 30 มล. (สูตรน้ำนม),TRIAMCINOLONE ACETONIDE,STEROIDS,ขย.9,ขย.9,ยาใช้เฉพาะที่,,,ขวด,8.85651E+12,100,NULL,FALSE,FALSE,NULL,,,NULL,NULL,NULL,NULL,NULL,NULL,1,NULL
2985,1000,103015,Vitamin C 50mg    20',MULTIVITAMINS & MINERALS,VITAMINS & MINERALS,ขย.9,NULL,วิตามินและอาหารเสริม,,,ซอง,8.85501E+12,100,NULL,FALSE,FALSE,NULL,,,NULL,NULL,NULL,NULL,NULL,NULL,1,NULL
2986,1000,103016,Vita-C  25mg   30',MULTIVITAMINS & MINERALS,VITAMINS & MINERALS,ขย.9,NULL,วิตามินและอาหารเสริม,,,ซอง,8.85651E+12,100,NULL,FALSE,FALSE,NULL,,,NULL,NULL,NULL,NULL,NULL,NULL,1,NULL
2987,1000,103017,Lucinar cream  5g,FUSIDIC ACID,ANTIBIOTICS,ขย.9,NULL,ยาระบบการติดเชื้อ,,,หลอด,8.85343E+12,100,NULL,FALSE,FALSE,NULL,,,NULL,NULL,NULL,NULL,NULL,NULL,1,NULL
2988,1000,103018,FUCICORT Cream 5g,FUSIDIC ACID+BETAMETHASONE,ANTIBIOTIC & CORTICOSTEROID,ขย.9,ขย.9,ยาระบบการติดเชื้อ,,,หลอด,5.70219E+12,100,NULL,FALSE,FALSE,NULL,,,NULL,NULL,NULL,NULL,NULL,NULL,1,NULL
2989,1000,103019,เยนเชี่ยนไวโอเลต เสือดาว 15 ml,NULL,NULL,ขย.9,NULL,ยาใช้เฉพาะที่,,,ขวด,8.85304E+12,100,NULL,FALSE,FALSE,NULL,,,NULL,NULL,NULL,NULL,NULL,NULL,1,NULL
2990,1000,103020,Hytisone Cream 1%   5gS,NULL,STEROIDS,ขย.9,ขย.9,ยาใช้ภายนอก,,,หลอด,8.85387E+12,100,NULL,FALSE,FALSE,NULL,,,NULL,NULL,NULL,NULL,NULL,NULL,1,NULL
2991,1000,103021,Probufen 400 mg  10'  เม็ดรี,IBUPROFEN,NSAIDs,ขย.9,ขย.9,ยาระบบกล้ามเนื้อ-ข้อต่อ,,,แผง,8.85944E+12,100,NULL,FALSE,FALSE,NULL,,,NULL,NULL,NULL,NULL,NULL,NULL,1,NULL
2992,1000,103022,Alben-VC  400 mg  10ml,ALBENDAZOLE,NULL,ขย.9,NULL,ยาน้ำสำหรับเด็ก,,,NULL,8.85825E+12,100,NULL,FALSE,FALSE,NULL,,,NULL,NULL,NULL,NULL,NULL,NULL,1,NULL
2993,1000,103023,Celxib 400 mg  10',CELECOXIB,NSAIDs,ขย.9,ขย.9,ยาระบบกล้ามเนื้อ-ข้อต่อ,,,กล่อง,8.85394E+12,100,NULL,FALSE,FALSE,NULL,,,NULL,NULL,NULL,NULL,NULL,NULL,1,NULL
2994,1000,103024,YES Dietary supplement 4',NULL,NULL,ขย.9,NULL,วิตามินและอาหารเสริม,,,กล่อง,8.85946E+12,100,NULL,FALSE,FALSE,NULL,,,NULL,NULL,NULL,NULL,NULL,NULL,1,NULL
2995,1000,103025,CHLORPHEN-Y  4 mg    20',CHLORAMPHENICOL,NULL,ขย.9,ขย.9,NULL,,,NULL,8.8522E+12,100,NULL,FALSE,FALSE,NULL,,,NULL,NULL,NULL,NULL,NULL,NULL,1,NULL
2996,1000,103026,Tigerplast LeoPovidone 15 ml,POVIDONE-IODIDE,NULL,ขย.9,NULL,ยาใช้ภายนอก,,,ขวด,8.8502E+12,100,NULL,FALSE,FALSE,NULL,,,NULL,NULL,NULL,NULL,NULL,NULL,1,NULL
2997,1000,103027,ยาดม หงษ์ไทย สูตร2 ขนาด 40 กรัม ราคา 1โหล,METHYL SALICYLATE+MENTHOL+EUGENOL,MOUTH/THROAT PREPARATIONS,ขย.9,NULL,"ยาสมุนไพร, ยาแผนโบราณ",,,แพ็ค,103027,100,NULL,FALSE,FALSE,NULL,,,NULL,NULL,NULL,NULL,NULL,NULL,1,NULL
2998,1000,103028,CLOXA T.O. 250mg DRY FORTE,NULL,PENICILLINS,ขย.9,ขย.9,ยาระบบการติดเชื้อ,,,ขวด,8.85188E+12,100,NULL,FALSE,FALSE,NULL,,,NULL,NULL,NULL,NULL,NULL,NULL,1,NULL
2999,1000,103029,Klobecort Milky Lotion 30g,CLOBETASONE,STEROIDS,ขย.9,ขย.9,ยาใช้ภายนอก,,,กล่อง,8.85088E+12,100,NULL,FALSE,FALSE,NULL,,,NULL,NULL,NULL,NULL,NULL,NULL,1,NULL
3000,1000,103030,MYOXAN  50mg  10',TOLPERISONE HCL,MUSCLE RELAXANTS,ขย.9,ขย.9,ยาระบบกล้ามเนื้อ-ข้อต่อ,,,แผง,103030,100,NULL,FALSE,FALSE,NULL,,,NULL,NULL,NULL,NULL,NULL,NULL,1,NULL
3001,1000,103031,Nexcare Transpore 1 นิ้ว*10หลา,NULL,NULL,ขย.9,ขย.9,อุปกรณ์ทางการแพทย์,,,กล่อง,8.8503E+12,100,NULL,FALSE,FALSE,NULL,,,NULL,NULL,NULL,NULL,NULL,NULL,1,NULL
3002,1000,103032,Painpyrin  10'  BM Pharmacy,PARACETAMOL + ORPHENADRINE,MUSCLE RELAXANTS,ขย.9,NULL,แก้ปวด ลดอักเสบ,,,กล่อง,8.85317E+12,100,NULL,FALSE,FALSE,NULL,,,NULL,NULL,NULL,NULL,NULL,NULL,1,NULL
3003,1000,103033,Clobetate Scalp 30 ml,CLOBETASONE,STEROIDS,ขย.9,NULL,ยาใช้เฉพาะที่,,,ขวด,8.85265E+12,,NULL,FALSE,FALSE,NULL,,,NULL,NULL,NULL,NULL,NULL,NULL,,NULL
3004,1000,103034,EUCALYPTUS จิงโจ้ ขวด 8.5 ml,NULL,NULL,ขย.9,ขย.9,ยาใช้ภายนอก,,,ขวด,8.85067E+12,100,NULL,FALSE,FALSE,NULL,,,NULL,NULL,NULL,NULL,NULL,NULL,1,NULL
3005,1000,103036,Moridon-M  10 mg,DOMPERIDONE,ANTIEMETICS & ANTIVERTIGO DRUG,ขย.9,NULL,ยาทางเดินอาหาร,,,แผง,8.85802E+12,100,NULL,FALSE,FALSE,NULL,,,NULL,NULL,NULL,NULL,NULL,NULL,1,NULL
3006,1000,103037,Dextromethorphan 15 mg   10' HK,Dextromethorphan Hydrobromide,Antitussives,ขย.9,ขย.11,ยาหู ตา คอ จมูก,,,แผง,8.85905E+12,100,NULL,FALSE,FALSE,NULL,,,NULL,NULL,NULL,NULL,NULL,NULL,1,NULL
3007,1000,103038,Medifast 60 mg   10',FEXOFENADINE,ANTIHISTAMINES & ANTIALLERGICS,ขย.9,NULL,ยาหู ตา คอ จมูก,,,แผง,8.85545E+12,100,NULL,FALSE,FALSE,NULL,,,NULL,NULL,NULL,NULL,NULL,NULL,1,NULL
3008,1000,103039,10% ไดอะบีเดิร์ม ครีม  15 กรัม,UREA,NULL,ขย.9,NULL,ยาใช้ภายนอก,,,หลอด,8.85899E+12,100,NULL,FALSE,FALSE,NULL,,,NULL,NULL,NULL,NULL,NULL,NULL,1,NULL
3009,1000,103040,20% ไดอะบีเดิร์ม ครีม  15 กรัม,UREA,NULL,ขย.9,NULL,ยาใช้ภายนอก,,,หลอด,8.85899E+12,100,NULL,FALSE,FALSE,NULL,,,NULL,NULL,NULL,NULL,NULL,NULL,1,NULL
3010,1000,103041,Bepanthen Firat Aid 3.5g,NULL,NULL,ขย.9,NULL,ยาใช้ภายนอก,,,กล่อง,4.0576E+12,100,NULL,FALSE,FALSE,NULL,,,NULL,NULL,NULL,NULL,NULL,NULL,1,NULL
3011,1000,103042,Momate Cream  5g,MOMETASONE FUROATE,NULL,ขย.9,NULL,ยาใช้ภายนอก,,,หลอด,8.90409E+12,100,NULL,FALSE,FALSE,NULL,,,NULL,NULL,NULL,NULL,NULL,NULL,1,NULL
3012,1000,103043,Canesten  Vaginal  6's,CLOTRIMAZOLE,ANTIFUNGALS,ขย.9,NULL,ยาระบบการติดเชื้อ,,,NULL,8.85017E+12,100,NULL,FALSE,FALSE,NULL,,,NULL,NULL,NULL,NULL,NULL,NULL,1,NULL
3013,1000,103044,Nurasic  10'  T.O.,PARACETAMOL + ORPHENADRINE,NULL,ขย.9,NULL,ยาระบบกล้ามเนื้อ-ข้อต่อ,,,แผง,8.85188E+12,100,NULL,FALSE,FALSE,NULL,,,NULL,NULL,NULL,NULL,NULL,NULL,1,NULL
3014,1000,103045,พลาสเตอร์ ฟิคโซมูลล SOS 10cm X 1m (RS8),NULL,NULL,ขย.9,NULL,อุปกรณ์ทางการแพทย์,,,กล่อง,8.85924E+12,100,NULL,FALSE,FALSE,NULL,,,NULL,NULL,NULL,NULL,NULL,NULL,1,NULL
3015,1000,103046,พลาสเตอร์ SOS คิตตี้ 8 แผ่น รุ่น P1,NULL,NULL,ขย.9,NULL,อุปกรณ์ทางการแพทย์,,,กล่อง,8.85924E+12,100,NULL,FALSE,FALSE,NULL,,,NULL,NULL,NULL,NULL,NULL,NULL,1,NULL
3016,1000,103047,น้ำมันตรานกอินทรีย์  12 ml,MENTHOL,NULL,ขย.9,NULL,"ยาสมุนไพร, ยาแผนโบราณ",,,ขวด,8.88895E+12,100,NULL,FALSE,FALSE,NULL,,,NULL,NULL,NULL,NULL,NULL,NULL,1,NULL
3017,1000,103048,BioCotton  Gauze  Sterlie 2*2,NULL,NULL,ขย.9,NULL,อุปกรณ์ทางการแพทย์,,,ซอง,8.8537E+12,100,NULL,FALSE,FALSE,NULL,,,NULL,NULL,NULL,NULL,NULL,NULL,1,NULL
3018,1000,103049,Ranclav 1 G    12',AMOX+CLAVU,PENICILLINS,ขย.9,NULL,ยาระบบการติดเชื้อ,,,กล่อง,8.9013E+12,100,NULL,FALSE,FALSE,NULL,,,NULL,NULL,NULL,NULL,NULL,NULL,1,NULL
3019,1000,103050,ยาหม่องขาว ตราลิงถือลูกท้อ ขนาด 12 กรัม,NULL,NULL,ขย.9,NULL,ยาสามัญประจำบ้าน,,,ขวด,8.8581E+12,100,NULL,FALSE,FALSE,NULL,,,NULL,NULL,NULL,NULL,NULL,NULL,1,NULL
3020,1000,103051,ยาน้ำแก้ไอ ยูอีคอฟ มะขามป้อมน้ำผึ้งมะนาว ซีดี120 ซีซี,NULL,NULL,ขย.9,NULL,"ยาสมุนไพร, ยาแผนโบราณ",,,ขวด,8.8587E+12,100,NULL,FALSE,FALSE,NULL,,,NULL,NULL,NULL,NULL,NULL,NULL,1,NULL
3021,1000,103052,NUROFEN  60 ml,IBUPROFEN,NSAIDs,ขย.9,NULL,ยาน้ำสำหรับเด็ก,,,ขวด,8.8512E+12,100,NULL,FALSE,FALSE,NULL,,,NULL,NULL,NULL,NULL,NULL,NULL,1,NULL
3022,1000,103053,Combif AR กล่อง (1x10's),NULL,NULL,ขย.9,NULL,ยาทางเดินอาหาร,,,กล่อง,8.85743E+12,100,NULL,FALSE,FALSE,NULL,,,NULL,NULL,NULL,NULL,NULL,NULL,1,NULL
3023,1000,103054,Clinivate-N cream  35 g,BETAMETHASONE + NEOMYCIN,STEROIDS,ขย.9,NULL,ยาใช้ภายนอก,,,หลอด,8.85899E+12,100,NULL,FALSE,FALSE,NULL,,,NULL,NULL,NULL,NULL,NULL,NULL,1,NULL
3024,1000,103055,ธาตุน้ำขาว ตรากระต่ายบิน 450 ml,GUAIFENESIN,NULL,ขย.9,NULL,ยาทางเดินอาหาร,,,ขวด,8.85185E+12,100,NULL,FALSE,FALSE,NULL,,,NULL,NULL,NULL,NULL,NULL,NULL,1,NULL
3025,1000,103056,METFORMIN 500mg   10',METFORMIN,ANTIDIABETIC,ขย.9,NULL,NULL,,,แผง,8.85545E+12,100,NULL,FALSE,FALSE,NULL,,,NULL,NULL,NULL,NULL,NULL,NULL,1,NULL
3026,1000,103057,FAMOSIA  40 mg,FAMOTIDINE,NULL,ขย.9,NULL,ยาทางเดินอาหาร,,,แผง,8.85635E+12,100,NULL,FALSE,FALSE,NULL,,,NULL,NULL,NULL,NULL,NULL,NULL,1,NULL
3027,1000,103058,ACE+MED เข็มตรวจน้ำตาล 100'S,NULL,NULL,ขย.9,NULL,อุปกรณ์ทางการแพทย์,,,กล่อง,6.973E+12,100,NULL,FALSE,FALSE,NULL,,,NULL,NULL,NULL,NULL,NULL,NULL,1,NULL
3028,1000,103059,ยาดมสมุนไพรตราหนุมาน+จุกยาดม 3กรัม,NULL,NULL,ขย.9,NULL,"ยาสมุนไพร, ยาแผนโบราณ",,,กระปุก,8.85713E+12,,NULL,FALSE,FALSE,NULL,,,NULL,NULL,NULL,NULL,NULL,NULL,,NULL
3029,1000,103060,HIP COVID-19+FLU A/B+RSV ATK (4IN1),NULL,NULL,ขย.9,NULL,อุปกรณ์ทางการแพทย์,,,กล่อง,8.85974E+12,100,NULL,FALSE,FALSE,NULL,,,NULL,NULL,NULL,NULL,NULL,NULL,1,NULL
3030,1000,103061,ไรโนบัน เจล ไอซ์บลู 7x10 cm. 2 ชิ้น,NULL,NULL,ขย.9,NULL,ยาใช้เฉพาะที่,,,ซอง,8.85876E+12,100,NULL,FALSE,FALSE,NULL,,,NULL,NULL,NULL,NULL,NULL,NULL,1,NULL
3031,1000,103062,Alsoff cotton 8 ก้อน/แผง,NULL,NULL,ขย.9,NULL,ยาใช้เฉพาะที่,,,แผง,8.85304E+12,,NULL,FALSE,FALSE,NULL,,,NULL,NULL,NULL,NULL,NULL,NULL,,NULL
3032,1000,103063,OLIVE OIL น้ำมันมะกอก ศิริบัญชา 450 ml,NULL,NULL,ขย.9,NULL,เครื่องสำอางและผลิตภัณฑ์ค,,,ขวด,8.85112E+12,100,NULL,FALSE,FALSE,NULL,,,NULL,NULL,NULL,NULL,NULL,NULL,1,NULL
3033,1000,103064,3M NEXCARE ปิดสิว กล่อง 18 ชิ้น (กลม),NULL,NULL,ขย.9,NULL,เครื่องสำอางและผลิตภัณฑ์ค,,,กล่อง,8.8503E+12,100,NULL,FALSE,FALSE,NULL,,,NULL,NULL,NULL,NULL,NULL,NULL,1,NULL
3034,1000,103065,BLACKMORES ASTAXANTHIN 6mg Plus ขวด 30's,MULTIVITAMINS & MINERALS,NULL,NULL,ขย.9,วิตามินและอาหารเสริม,,,ขวด,93553254,100,NULL,FALSE,FALSE,NULL,,,NULL,NULL,NULL,NULL,NULL,NULL,1,NULL
3035,1000,103066,MEGA ASTAX 6mg กล่อง 3X10's,MULTIVITAMINS & MINERALS,NULL,ขย.9,NULL,วิตามินและอาหารเสริม,,,กล่อง,8.85077E+12,100,NULL,FALSE,FALSE,NULL,,,NULL,NULL,NULL,NULL,NULL,NULL,1,NULL
3036,1000,103067,ASEPSO Soap ก้อน 80g กล่องแดง,NULL,NULL,ขย.9,NULL,"สบู่,  สบู่เหลว,  ครีมอาบ",,,กล่อง,7.64013E+12,100,NULL,FALSE,FALSE,NULL,,,NULL,NULL,NULL,NULL,NULL,NULL,1,NULL
3037,1000,103068,CETRIZIN  10'  ยกกล่อง 10,NULL,ANTIASTHMATIC PREPARATIONS,ขย.9,NULL,ยาหู ตา คอ จมูก,,,กล่อง,0,100,NULL,FALSE,FALSE,NULL,,,NULL,NULL,NULL,NULL,NULL,NULL,1,NULL
3038,1000,103069,Phindroz Nasal Spray 10ml,OXYMETAZOLINE,NULL,ขย.9,NULL,ยาหู ตา คอ จมูก,,,ขวด,8.85147E+12,100,NULL,FALSE,FALSE,NULL,,,NULL,NULL,NULL,NULL,NULL,NULL,1,NULL
3039,1000,103070,NORA Cream 5g,KETOCONAZOLE,ANTIFUNGALS,NULL,ขย.9,ยาใช้ภายนอก,,,หลอด,8.85147E+12,100,NULL,FALSE,FALSE,NULL,,,NULL,NULL,NULL,NULL,NULL,NULL,1,NULL
3040,1000,103071,NINAZOL Cream 5 g.,KETOCONAZOLE,ANTIFUNGALS,ขย.9,NULL,ยาใช้ภายนอก,,,หลอด,8.85188E+12,100,NULL,FALSE,FALSE,NULL,,,NULL,NULL,NULL,NULL,NULL,NULL,1,NULL
3041,1000,103072,DIPROSONE Cream 15g,BETAMETHASONE,NULL,ขย.9,NULL,ยาใช้ภายนอก,,,หลอด,8.40165E+11,100,NULL,FALSE,FALSE,NULL,,,NULL,NULL,NULL,NULL,NULL,NULL,1,NULL
3042,1000,103073,SYRINGE NIPRO (ให้อาหาร) 50ml  ปลายยาว,NULL,NULL,ขย.9,NULL,อุปกรณ์ทางการแพทย์,,,หลอด,103073,100,NULL,FALSE,FALSE,NULL,,,NULL,NULL,NULL,NULL,NULL,NULL,1,NULL
3043,1000,103074,ASUMOL PARA 500mg (AU) 100's ขาวกลม,PARACETAMOL,NULL,ขย.9,NULL,ยาสามัญประจำบ้าน,,,ขวด,8.85885E+12,100,NULL,FALSE,FALSE,NULL,,,NULL,NULL,NULL,NULL,NULL,NULL,1,NULL
3044,1000,103075,DUTROSS KIDS รสผลไม้รวม  60 ml,BROMHEXINE,NULL,ขย.9,NULL,ยาน้ำสำหรับเด็ก,,,ขวด,8.85147E+12,100,NULL,FALSE,FALSE,NULL,,,NULL,NULL,NULL,NULL,NULL,NULL,1,NULL
3045,1000,103076,ยาหม่องทองไทเกอร์ สูตรร้อน ออริจินอล 50g,NULL,NULL,ขย.9,NULL,"ยาสมุนไพร, ยาแผนโบราณ",,,ขวด,8.85958E+12,100,NULL,FALSE,FALSE,NULL,,,NULL,NULL,NULL,NULL,NULL,NULL,1,NULL
3046,1000,103077,Para  MYmol  10',PARACETAMOL,ANALGESICS & MUSCLE RELAXANTS ,NULL,ขย.9,ยาสามัญประจำบ้าน,,,แผง,8.85147E+12,100,NULL,FALSE,FALSE,NULL,,,NULL,NULL,NULL,NULL,NULL,NULL,1,NULL
3047,1000,103078,ALCOHOL Gel ศิริบัญชา 450 ml,ETHYL ALCOHOL,NULL,ขย.9,NULL,ยาใช้เฉพาะที่,,,ขวด,8.85112E+12,100,NULL,FALSE,FALSE,NULL,,,NULL,NULL,NULL,NULL,NULL,NULL,1,NULL
3048,1000,103079,ยาชงสมุนไพร ตราฟิตเน่ บรรจุ 40 ซอง,NULL,NULL,ขย.9,NULL,"ยาสมุนไพร, ยาแผนโบราณ",,,ถุง,8.85037E+12,,NULL,FALSE,FALSE,NULL,,,NULL,NULL,NULL,NULL,NULL,NULL,,NULL
3049,1000,103080,AMBROCIN 30mg    10',AMBROXOL,MUCOLYTIC,ขย.9,ขย.9,ยาหู ตา คอ จมูก,,,แผง,8.85545E+12,100,NULL,FALSE,FALSE,NULL,,,NULL,NULL,NULL,NULL,NULL,NULL,1,NULL
3050,1000,103081,ASUMOL (รสสตรอเบอรี่) 60 ml,PARACETAMOL,NULL,ขย.9,NULL,ยาน้ำสำหรับเด็ก,,,ขวด,8.85885E+12,100,NULL,FALSE,FALSE,NULL,,,NULL,NULL,NULL,NULL,NULL,NULL,1,NULL
3051,1000,103082,ASUMOL (รสส้ม) 60 ml,PARACETAMOL,NULL,ขย.9,NULL,ยาน้ำสำหรับเด็ก,,,ขวด,8.85274E+12,100,NULL,FALSE,FALSE,NULL,,,NULL,NULL,NULL,NULL,NULL,NULL,1,NULL
3052,1000,103083,PROZONE  10' Ibu400 mg เม็ดกลมชมพู,IBUPROFEN,NSAIDs,ขย.9,NULL,แก้ปวด ลดอักเสบ,,,แผง,8.85885E+12,100,NULL,FALSE,FALSE,NULL,,,NULL,NULL,NULL,NULL,NULL,NULL,1,NULL
3053,1000,103084,Anpuzz 520 1x10 กล่อง,MEFENAMIC ACID+DICYCLOMINE HCL,NSAIDs,ขย.9,NULL,แก้ปวด ลดอักเสบ,,,กล่อง,8.85147E+12,,NULL,FALSE,FALSE,NULL,,,NULL,NULL,NULL,NULL,NULL,NULL,,NULL
3054,1000,103085,Naprosian 1x10 tab,NAPROXEN SODIUM,NSAIDs,ขย.9,NULL,แก้ปวด ลดอักเสบ,,,แผง,8.85635E+12,,NULL,FALSE,FALSE,NULL,,,NULL,NULL,NULL,NULL,NULL,NULL,,NULL
3055,1000,103086,ชุดสังฐาน  10 รายการ,NULL,NULL,ขย.9,NULL,เบ็ดเตล็ด,,,ชุด,103086,100,NULL,FALSE,FALSE,NULL,,,NULL,NULL,NULL,NULL,NULL,NULL,1,NULL
3056,1000,103087,TIMI Cream หลอด 15g,MICONAZOLE + TRIAMCINOLONE,ANTIFUNGALS,ขย.9,NULL,ยาใช้ภายนอก,,,หลอด,8.85024E+12,100,NULL,FALSE,FALSE,NULL,,,NULL,NULL,NULL,NULL,NULL,NULL,1,NULL
3057,1000,103088,Jelly me Fiber  1'  30g,NULL,VITAMINS & MINERALS,ขย.9,NULL,วิตามินและอาหารเสริม,,,ซอง,8.85608E+12,100,NULL,FALSE,FALSE,NULL,,,NULL,NULL,NULL,NULL,NULL,NULL,1,NULL
3058,1000,103089,Hepatolac ยาระบาย 100 ml,LACTULOSE,NULL,ขย.9,NULL,ยาทางเดินอาหาร,,,ขวด,8.85262E+12,100,NULL,FALSE,FALSE,NULL,,,NULL,NULL,NULL,NULL,NULL,NULL,1,NULL
3059,1000,103090,AVAMYS Nasal Spray (27.5mcg) 120 sprays,FLUTICASONE FUROATE,STEROIDS,ขย.9,NULL,ยาหู ตา คอ จมูก,,,ขวด,8.85101E+12,100,NULL,FALSE,FALSE,NULL,,,NULL,NULL,NULL,NULL,NULL,NULL,1,NULL
3060,1000,103091,DURATEARS ขี้ผึ้งป้ายตา หลอด 3.5g,NULL,NULL,ขย.9,NULL,ยาหู ตา คอ จมูก,,,หลอด,5.4139E+12,100,NULL,FALSE,FALSE,NULL,,,NULL,NULL,NULL,NULL,NULL,NULL,1,NULL
3061,1000,103092,ROBERT ขวดเล็ก 2 oz.,NULL,NULL,ขย.9,NULL,ยาใช้ภายนอก,,,ขวด,103092,100,NULL,FALSE,FALSE,NULL,,,NULL,NULL,NULL,NULL,NULL,NULL,1,NULL
3062,1000,103093,TRANSAMIN 250mg (100 เม็ด),NULL,NULL,ขย.9,NULL,ยาในโรคเรื้อรัง (Drug for,,,ขวด,8.85464E+12,100,NULL,FALSE,FALSE,NULL,,,NULL,NULL,NULL,NULL,NULL,NULL,1,NULL
3063,1000,103094,Smooth E cream 40 g.,NULL,NULL,ขย.9,NULL,เครื่องสำอางและผลิตภัณฑ์ค,,,กล่อง,9.30081E+12,,NULL,FALSE,FALSE,NULL,,,NULL,NULL,NULL,NULL,NULL,NULL,,NULL
3064,1000,103095,ISOTRATE 10mg,ISOSORBIDE DINITRATE,NULL,ขย.9,NULL,ยาในโรคเรื้อรัง (Drug for,,,แผง,103095,100,NULL,FALSE,FALSE,NULL,,,NULL,NULL,NULL,NULL,NULL,NULL,1,NULL
3065,1000,103096,NIKP - Manidipine 10 mg,MANIDIPINE,ANTIHYPERTENSIVES,ขย.9,NULL,ยาในโรคเรื้อรัง (Drug for,,,กล่อง,8.8592E+12,100,NULL,FALSE,FALSE,NULL,,,NULL,NULL,NULL,NULL,NULL,NULL,1,NULL
3066,1000,103098,Medifast 180 mg กล่อง (1x10's),FEXOFENADINE,ANTIHISTAMINES & ANTIALLERGICS,ขย.9,NULL,ยาระบบทางเดินหายใจ,,,กล่อง,8.85545E+12,100,NULL,FALSE,FALSE,NULL,,,NULL,NULL,NULL,NULL,NULL,NULL,1,NULL
3067,1000,103099,ถุงมือการแพทย์ ซาโตรี่ ไซต์ S 100ชิ้น/กล่อง ไม่มีแป้ง,NULL,NULL,ขย.9,NULL,อุปกรณ์ทางการแพทย์,,,กล่อง,8.85913E+12,100,NULL,FALSE,FALSE,NULL,,,NULL,NULL,NULL,NULL,NULL,NULL,1,NULL
3068,1000,103100,Standard  LS Support No. XL สีเนื้อ 410 รุ่นหนา,NULL,NULL,ขย.9,NULL,อุปกรณ์ทางการแพทย์,,,กล่อง,8.85931E+12,100,NULL,FALSE,FALSE,NULL,,,NULL,NULL,NULL,NULL,NULL,NULL,1,NULL
3069,1000,103101,Aeroninde 200 mcg  (ฺBudesonide Inhaler),NULL,NULL,ขย.9,NULL,ยาระบบทางเดินหายใจ,,,กล่อง,8.85109E+12,100,NULL,FALSE,FALSE,NULL,,,NULL,NULL,NULL,NULL,NULL,NULL,1,NULL
3070,1000,103102,BETADINE Throat Spray 25 ml,POVIDONE-IODIDE,NULL,ขย.9,NULL,ยาหู ตา คอ จมูก,,,กล่อง,8.85926E+12,100,NULL,FALSE,FALSE,NULL,,,NULL,NULL,NULL,NULL,NULL,NULL,1,NULL
3071,1000,103103,VISTRA Intel Activ B Complex 30's,MULTIVITAMINS & MINERALS,NULL,ขย.9,NULL,วิตามินและอาหารเสริม,,,ขวด,8.85152E+12,100,NULL,FALSE,FALSE,NULL,,,NULL,NULL,NULL,NULL,NULL,NULL,1,NULL
3072,1000,103104,ครีมอาบน้ำด็ก PROVAMED Babini เฮด ทู โท วอช 480 ml,NULL,NULL,ขย.9,NULL,ผลิตภัณท์เด็ก,,,ขวด,8.85876E+12,100,NULL,FALSE,FALSE,NULL,,,NULL,NULL,NULL,NULL,NULL,NULL,1,NULL
3073,1000,103105,EUGICA Mouth spray 10 ML,NULL,NULL,ขย.9,NULL,ยาหู ตา คอ จมูก,,,กล่อง,8.85077E+12,100,NULL,FALSE,FALSE,NULL,,,NULL,NULL,NULL,NULL,NULL,NULL,1,NULL
3074,1000,103106,Umbili สติ๊กเกอร์หอมแดง Good Night  1',NULL,NULL,NULL,NULL,ยาระบบทางเดินหายใจ,,,ซอง,8.85713E+12,100,NULL,FALSE,FALSE,NULL,,,NULL,NULL,NULL,NULL,NULL,NULL,1,NULL
3075,1000,103107,MANO TAB ขวด 72's,CYPROHEPTADINE,ANTIHISTAMINES & ANTIALLERGICS,ขย.9,NULL,ยาระบบทางเดินหายใจ,,,ขวด,8.85815E+12,100,NULL,FALSE,FALSE,NULL,,,NULL,NULL,NULL,NULL,NULL,NULL,1,NULL
3076,1000,103108,ZYDON Syrup 60 ml  (Cetirizine 5 mg),CETIRIZINE,ANTIHISTAMINES & ANTIALLERGICS,ขย.9,NULL,ยาระบบทางเดินหายใจ,,,ขวด,8.85865E+12,100,NULL,FALSE,FALSE,NULL,,,NULL,NULL,NULL,NULL,NULL,NULL,1,NULL
3077,1000,103109,B-FOLIC ขวด 100's,MULTIVITAMINS & MINERALS,VITAMINS & MINERALS,ขย.9,NULL,วิตามินและอาหารเสริม,,,ขวด,8.85501E+12,100,NULL,FALSE,FALSE,NULL,,,NULL,NULL,NULL,NULL,NULL,NULL,1,NULL
3078,1000,103110,MYMIN C 1000mg (60 เม็ด),ASCORBIC ACID,VITAMINS & MINERALS,ขย.9,NULL,วิตามินและอาหารเสริม,,,ขวด,8.85229E+12,100,NULL,FALSE,FALSE,NULL,,,NULL,NULL,NULL,NULL,NULL,NULL,1,NULL
3079,1000,103111,Blackmores BIO C1000 mg Daily IMU+ 30's,MULTIVITAMINS & MINERALS,VITAMINS & MINERALS,ขย.9,NULL,วิตามินและอาหารเสริม,,,ขวด,93575768,100,NULL,FALSE,FALSE,NULL,,,NULL,NULL,NULL,NULL,NULL,NULL,1,NULL
3080,1000,103112,FEXLORA KIDS chewable เม็ดเคี้ยว 10's,LORATADINE,ANTIHISTAMINES & ANTIALLERGICS,ขย.9,NULL,ยาหู ตา คอ จมูก,,,กล่อง,8.85024E+12,100,NULL,FALSE,FALSE,NULL,,,NULL,NULL,NULL,NULL,NULL,NULL,1,NULL
3081,1000,103113, DESTA 5 mg 10's,DESLORATADINE,ANTIHISTAMINES & ANTIALLERGICS,ขย.9,NULL,ยาหู ตา คอ จมูก,,,กล่อง,8.85347E+12,100,NULL,FALSE,FALSE,NULL,,,NULL,NULL,NULL,NULL,NULL,NULL,1,NULL
3082,1000,103114,RHINOTAPP Syrup 60ml,BROMPHENIRAMINE+PHENYLPROPANILAMINE,NULL,ขย.9,NULL,ยาน้ำสำหรับเด็ก,,,ขวด,8.85802E+12,100,NULL,FALSE,FALSE,NULL,,,NULL,NULL,NULL,NULL,NULL,NULL,1,NULL
3083,1000,103115,RHINOTAPP Drops 15ml (รสองุ่น),BROMPHENIRAMINE+PHENYLPROPANILAMINE,ANTIHISTAMINES & ANTIALLERGICS,ขย.9,NULL,ยาน้ำสำหรับเด็ก,,,ขวด,8.85802E+12,100,NULL,FALSE,FALSE,NULL,,,NULL,NULL,NULL,NULL,NULL,NULL,1,NULL
3084,1000,103116,BIOTAPLEX-BC  10',MULTIVITAMINS & MINERALS,VITAMINS & MINERALS,ขย.9,NULL,วิตามินและอาหารเสริม,,,แผง,8.85872E+12,100,NULL,FALSE,FALSE,NULL,,,NULL,NULL,NULL,NULL,NULL,NULL,1,NULL
3085,1000,103117,Dermovate Cream 5g GSK,CLOBETASONE,NULL,ขย.9,NULL,ยาใช้ภายนอก,,,หลอด,8.85101E+12,100,NULL,FALSE,FALSE,NULL,,,NULL,NULL,NULL,NULL,NULL,NULL,1,NULL
3086,1000,103118,Dermovate ointment 5g GSK,CLOBETASOL PROPIONATE,NULL,ขย.9,NULL,ยาใช้ภายนอก,,,หลอด,8.85101E+12,100,NULL,FALSE,FALSE,NULL,,,NULL,NULL,NULL,NULL,NULL,NULL,1,NULL
3087,1000,103119,Klean &Kare Nasal Connect อุปกรณ์ต่อขวดล้างจมูก,NULL,NULL,ขย.9,NULL,อุปกรณ์ทางการแพทย์,,,ชิ้น,8.85406E+12,100,NULL,FALSE,FALSE,NULL,,,NULL,NULL,NULL,NULL,NULL,NULL,1,NULL
3088,1000,103120, COLD HOT PACK Hospro (25x11 cm) Size.M,NULL,NULL,ขย.9,NULL,อุปกรณ์ทางการแพทย์,,,กล่อง,8.85932E+12,100,NULL,FALSE,FALSE,NULL,,,NULL,NULL,NULL,NULL,NULL,NULL,1,NULL
3089,1000,103121,เต่าเหยียบโลก แป้งระงับกลิ่นกาย Original 22 g.,NULL,NULL,ขย.9,NULL,เครื่องสำอางและผลิตภัณฑ์ค,,,ขวด,8.8572E+12,100,NULL,FALSE,FALSE,NULL,,,NULL,NULL,NULL,NULL,NULL,NULL,1,NULL
3090,1000,103122,เต่าเหยียบโลก แป้งระงับกลิ่นกาย Sakura 22 g.,NULL,NULL,ขย.9,NULL,เครื่องสำอางและผลิตภัณฑ์ค,,,ขวด,8.8572E+12,100,NULL,FALSE,FALSE,NULL,,,NULL,NULL,NULL,NULL,NULL,NULL,1,NULL
3091,1000,103123,PRED FORTE หยอดตา 5ml,PREDNISOLONE,STEROIDS,ขย.9,NULL,ยาหู ตา คอ จมูก,,,ขวด,4.897E+12,100,NULL,FALSE,FALSE,NULL,,,NULL,NULL,NULL,NULL,NULL,NULL,1,NULL
3092,1000,103124, น้ำมันมะกอก OLIVE OIL  ศิริบัญชา 60cc,NULL,NULL,ขย.9,NULL,เครื่องสำอางและผลิตภัณฑ์ค,,,ขวด,8.77214E+11,100,NULL,FALSE,FALSE,NULL,,,NULL,NULL,NULL,NULL,NULL,NULL,1,NULL
3093,1000,103125,ผ้าอนามัย Sofy  แบ็กการ์ด 35 Cm  กลางคืน,NULL,NULL,NULL,NULL,ผ้าอ้อม,,,ห่อ,8.85111E+12,100,NULL,FALSE,FALSE,NULL,,,NULL,NULL,NULL,NULL,NULL,NULL,1,NULL
3094,1000,103126,ผ้าอนามัย ลอรีเอะ Soft&Safe แบ็กการ์ด 35 cm,NULL,NULL,NULL,NULL,ผ้าอ้อม,,,ห่อ,8.85182E+12,100,NULL,FALSE,FALSE,NULL,,,NULL,NULL,NULL,NULL,NULL,NULL,1,NULL
3095,1000,103127,ผ้าอนามัย Sofy cooling fresh 35cm 6',NULL,NULL,ขย.9,NULL,ผ้าอ้อม,,,ห่อ,8.85111E+12,100,NULL,FALSE,FALSE,NULL,,,NULL,NULL,NULL,NULL,NULL,NULL,1,NULL
3096,1000,103128,ซันไลต์ เลมอน เทอร์โบ 500 มล. ถุงเตฺิม,NULL,NULL,NULL,NULL,เครื่องสำอางและสินค้าอุปโภคบริโภค,,,ถุง,8.85193E+12,100,NULL,FALSE,FALSE,NULL,,,NULL,NULL,NULL,NULL,NULL,NULL,1,NULL
3097,1000,103129,เกลือแร่ CERA กลิ่นผลไม้รวม 25 g,NULL,NULL,ขย.9,NULL,วิตามินและอาหารเสริม,,,ซอง,8.85964E+12,100,NULL,FALSE,FALSE,NULL,,,NULL,NULL,NULL,NULL,NULL,NULL,1,NULL
3098,1000,103130,FORCEPS มีเขี้ยว 13 cm ยี่ห้อ EM E12-0134,NULL,NULL,ขย.9,NULL,อุปกรณ์ทางการแพทย์,,,ชิ้น,8.86E+12,100,NULL,FALSE,FALSE,NULL,,,NULL,NULL,NULL,NULL,NULL,NULL,1,NULL
3099,1000,103131,STELLA BODY SPRAY PLUS 60ml ,NULL,NULL,ขย.9,NULL,ยาระบบกล้ามเนื้อ-ข้อต่อ,,,กล่อง,8.85976E+12,100,NULL,FALSE,FALSE,NULL,,,NULL,NULL,NULL,NULL,NULL,NULL,100,NULL
3100,1000,103132, VITARA-TX PPE  CR 15g ฝ้า ,NULL,NULL,ขย.9,NULL,เครื่องสำอางและผลิตภัณฑ์ค,,,หลอด,8.85266E+12,100,NULL,FALSE,FALSE,NULL,,,NULL,NULL,NULL,NULL,NULL,NULL,1,NULL
3101,1000,103133,เครื่องวัดความดัน YUWELL รุ่นYE660E มีเสียงพูด (CUFF Size L 22-45cm) ,NULL,NULL,ขย.9,NULL,อุปกรณ์ทางการแพทย์,,,กล่อง,6.93326E+12,100,NULL,FALSE,FALSE,NULL,,,NULL,NULL,NULL,NULL,NULL,NULL,1,NULL
3102,1000,103134,MUAY น้ำมันมวย สเปรย์ 40cc,MEDICINAL CHARCOAL,NULL,ขย.9,NULL,ยาระบบกล้ามเนื้อ-ข้อต่อ,,,ขวด,8.85847E+12,100,NULL,FALSE,FALSE,NULL,,,NULL,NULL,NULL,NULL,NULL,NULL,1,NULL
