company,code,ProductName,fixname,group,type,subtype,Category,DrugRegistor,Area,Unit,Barcode,AlarmExp,Remark,Show,Child,CI,CostActual,price,wholesaleprice,online,PriceA,PriceB,Max,Min,ROP
1000,100002,Nifuroxazide 0.218g 30 ml (erfuzide),NIFUROXAZIDE,ANTIDIARRHOEALS,ขย.9,,ยาน้ำสำหรับเด็ก,,ตู้ A6,ขวด,8.85867E+12,100,,FALSE,FALSE,FALSE,21.5,49,,,,,,,
1000,100005,AIR-X drop 15 ml,SIMETHICONE,Upper/Lower GI,ขย.9,,ยาน้ำสำหรับเด็ก,1A 72/33,ตู้ A6,กล่อง,8.85267E+12,100,,FALSE,FALSE,FALSE,44.5,65,,,,,,,
1000,100006,Dioxzye 15 ml,SIMETHICONE,Upper/Lower GI,ขย.9,,ยาน้ำสำหรับเด็ก,,ตู้ A6,กล่อง,8.85147E+12,100,,FALSE,FALSE,FALSE,41,68,,,,,,,
1000,100007,Berclomine Syrup 60 ml,DICYCLOMINE+SIMETHICONE,Upper/Lower GI,ขย.9,,ยาน้ำสำหรับเด็ก,,ตู้ A6,ขวด,8.85265E+12,100,,FALSE,FALSE,FALSE,23.5,55,,,,,,,
1000,100008,Scopas elixir 30ml,HYOSCINE,Upper/Lower GI,ขย.9,,ยาน้ำสำหรับเด็ก,,ตู้ A6,ขวด,8.85635E+12,100,,FALSE,FALSE,FALSE,19,49,,,,,,,
1000,100009,Ferdek drop(ferrous )15 ml,FERROUS FUMALATE,MEDICAL SUPPLY,ขย.9,,ยาน้ำสำหรับเด็ก,,ตู้ A6,ขวด,8.85869E+12,100,,FALSE,FALSE,FALSE,45,75,,,,,,,
1000,100010,Beramol drops 100mg/1ml 15 ml,PARACETAMOL,NSAIDs,ขย.9,,ยาน้ำสำหรับเด็ก,,ตู้ A5,ขวด,8.85317E+12,100,,FALSE,FALSE,FALSE,18,50,,,,,,,
1000,100011,Kit-F drop 100mg/1ml 15 ml,PARACETAMOL,NSAIDs,ขย.9,,ยาน้ำสำหรับเด็ก,,ตู้ A5,ขวด,8.85895E+12,100,,FALSE,FALSE,FALSE,18.5,50,,,,,,,
1000,100012,SARA drop 100mg/1ml 15 ml องุ่น,PARACETAMOL,NSAIDs,ขย.9,,ยาน้ำสำหรับเด็ก,,ตู้ A6,ขวด,8.85147E+12,100,,FALSE,FALSE,FALSE,30,55,,,,,,,
1000,100013,Xebramol drop 100mg/ml 15ml,PARACETAMOL,NSAIDs,ขย.9,,ยาน้ำสำหรับเด็ก,,ตู้ A5,ขวด,8.8587E+12,100,,FALSE,FALSE,FALSE,20.8,50,,,,,,,
1000,100014,Tempra Drop 100 mg/1 ml 15 ml องุ่น,PARACETAMOL,NSAIDs,ขย.9,,ยาน้ำสำหรับเด็ก,,ตู้ A5,ขวด,8.9952E+12,100,,FALSE,FALSE,FALSE,38.5,58,,,,,,,
1000,100015,Tylenol 80mg/0.8ml 15ml,PARACETAMOL,NSAIDs,ขย.9,,ยาน้ำสำหรับเด็ก,,ตู้ A5,ขวด,8.85058E+12,100,,FALSE,FALSE,FALSE,42.5,55,,,,,,,
1000,100016,Snake brand 60 ml,ASPIRIN,ASPIRIN,ขย.9,,ยาน้ำสำหรับเด็ก,,ตู้ A5,ขวด,8.85209E+12,100,,FALSE,FALSE,FALSE,24,40,,,,,,,
1000,100017,Xebramol 120mg/5ml กลิ่นสละ 60ml,PARACETAMOL,NSAIDs,ขย.9,,ยาน้ำสำหรับเด็ก,,ตู้ A5,ขวด,8.8587E+12,100,,FALSE,FALSE,FALSE,14,50,,,,,,,
1000,100018,Xebramol 120mg/5ml กลิ่นส้ม 60ml,PARACETAMOL,NSAIDs,ขย.9,,ยาน้ำสำหรับเด็ก,,ตู้ A5,ขวด,8.8587E+12,100,,FALSE,FALSE,FALSE,14,50,,,,,,,
1000,100019,Beramol DEK 120mg/5ml syrup 60 ml,PARACETAMOL,NSAIDs,ขย.9,,ยาน้ำสำหรับเด็ก,,ตู้ A5,ขวด,8.85317E+12,100,,FALSE,FALSE,FALSE,13.75,50,,,,,,,
1000,100020,Sara 250 mg/5ml รสส้ม 60ml,PARACETAMOL,NSAIDs,ขย.9,,ยาน้ำสำหรับเด็ก,,ตู้ A4,ขวด,8.85147E+12,100,,FALSE,FALSE,FALSE,38.5,65,,,,,,,
1000,100021,Tempra Forte 250mg/5ml สตอเบอรรี่ 60ml,PARACETAMOL,NSAIDs,ขย.9,,ยาน้ำสำหรับเด็ก,,ตู้ A4,ขวด,8.9952E+12,100,,FALSE,FALSE,FALSE,43,65,,,,,,,
1000,100022,Tempra kid 120mg/5ml สตอเบอรรี่ 60ml,PARACETAMOL,NSAIDs,ขย.9,,ยาน้ำสำหรับเด็ก,,ตู้ A4,ขวด,8.9952E+12,100,,FALSE,FALSE,FALSE,37.5,60,,,,,,,
1000,100023,Tylenol 160mg/5ml รสเชอรี่ 60ml,PARACETAMOL,NSAIDs,ขย.9,,ยาน้ำสำหรับเด็ก,G15804/67,ตู้ A4,ขวด,8.85001E+12,100,,FALSE,FALSE,FALSE,64,85,,,,,,,
1000,100024,Sara 160mg/5ml  องุ่น 60ml,PARACETAMOL,NSAIDs,ขย.9,,ยาน้ำสำหรับเด็ก,,ตู้ A4,ขวด,8.85147E+12,100,,FALSE,FALSE,FALSE,30,60,,,,,,,
1000,100025,Sara 120mg/5ml ทับทิม 60ml,PARACETAMOL,NSAIDs,ขย.9,,ยาน้ำสำหรับเด็ก,,ตู้ A4,ขวด,8.85147E+12,100,,FALSE,FALSE,FALSE,25.5,55,,,,,,,
1000,100026,Sara 120mg/5ml มิกซ์เบอรี่ 60ml,PARACETAMOL,NSAIDs,ขย.9,,ยาน้ำสำหรับเด็ก,,ตู้ A4,ขวด,8.85147E+12,100,,FALSE,FALSE,FALSE,27.5,55,,,,,,,
1000,100027,Sara 120 mg/5ml สตอเบอรี่ 60ml,PARACETAMOL,NSAIDs,ขย.9,,ยาน้ำสำหรับเด็ก,,ตู้ A4,ขวด,8.85147E+12,100,,FALSE,FALSE,FALSE,29.5,55,,,,,,,
1000,100028,Lotemp fort 250 mg/5ml รสส้ม 60ml,PARACETAMOL,NSAIDs,ขย.9,,ยาน้ำสำหรับเด็ก,,ตู้ A4,ขวด,8.85266E+12,100,,FALSE,FALSE,FALSE,25,60,,,,,,,
1000,100029,Lotemp 120mg/5ml สตอเบอรี่ 60ml,PARACETAMOL,NSAIDs,ขย.9,,ยาน้ำสำหรับเด็ก,,ตู้ A4,ขวด,8.85266E+12,100,,FALSE,FALSE,FALSE,22,55,,,,,,,
1000,100030,Siamox syrup 125mg/5ml 60 ml,AMOXICILLINE,PENICILLINS,ขย.9,,ยาน้ำสำหรับเด็ก,,ตู้ A3,ขวด,8.85274E+12,100,,FALSE,FALSE,FALSE,49,69,,,,,,,
1000,100031,Siamox syrup 250mg/5ml 60 ml,AMOXICILLINE,PENICILLINS,ขย.9,,ยาน้ำสำหรับเด็ก,,ตู้ A3,ขวด,8.85274E+12,100,,FALSE,FALSE,FALSE,55,89,,,,,,,
1000,100032,Newtomox syrup 250mg/5ml 60 ml,AMOXICILLINE,PENICILLINS,ขย.9,,ยาน้ำสำหรับเด็ก,,ตู้ A3,ขวด,8.85802E+12,100,,FALSE,FALSE,FALSE,19.5,65,,,,,,,
1000,100033,Manclamine 228.5mg/5ml  70ml,AMOX+CLAVU,PENICILLINS,ขย.9,,ยาน้ำสำหรับเด็ก,,ตู้ A3,ขวด,8.85651E+12,100,,FALSE,FALSE,FALSE,74,105,,,,,,,
1000,100004,Molax Suspension 30 ml,ACICLOVIR,ANTIEMETICS & ANTIVERTIGO DRUG,ขย.9,,ยาน้ำสำหรับเด็ก,,ตู้ A6,ขวด,8.85274E+12,100,,FALSE,FALSE,FALSE,40.5,75,,,,,,,
1000,100001,Nifuroxazide 0.218g 60 ml (erfuzide),NIFUROXAZIDE,ANTIDIARRHOEALS,ขย.9,,ยาน้ำสำหรับเด็ก,,ตู้ A6,ขวด,8.85867E+12,100,,FALSE,FALSE,FALSE,36,65,,,,,,,
1000,100034,Samnir 125 mg/5ml 30 ml,CERDINIR,CEPHALOSPORINS,ขย.9,,ยาน้ำสำหรับเด็ก,,ตู้ A3,ขวด,8.85274E+12,100,,FALSE,FALSE,FALSE,157,219,,,,,,,
1000,100035,omnicef 125mg/5ml  30ml,CERDINIR,CEPHALOSPORINS,ขย.9,,ยาน้ำสำหรับเด็ก,,ตู้ A3,ขวด,8.85266E+12,100,,FALSE,FALSE,FALSE,275,325,,,,,,,
1000,100036,Sialexin syrup 125mg/5ml 60 ml,CEFALEXIN,CEPHALOSPORINS,ขย.9,,ยาน้ำสำหรับเด็ก,,ตู้ A3,ขวด,8.85274E+12,100,,FALSE,FALSE,FALSE,48.5,69,,,,,,,
1000,100037,ONZET DRY SYRUP 15ml  รสเชอรี่,AZITHROMYCIN,MACROLIDES,ขย.9,,ยาน้ำสำหรับเด็ก,,ตู้ A3,ขวด,8.85281E+12,100,,FALSE,FALSE,FALSE,92,150,,,,,,,
1000,100038,Zyrtec syrup 0.1% 75 ml,CETIRIZINE,ANTIHISTAMINES & ANTIALLERGICS,ขย.9,,ยาน้ำสำหรับเด็ก,,ตู้ A3,ขวด,8.85101E+12,100,,FALSE,FALSE,FALSE,120,150,,,,,,,
1000,100039,Salmol Syrup 2mg/5ml ชมพู 60ml,SALBUTAMOL,ANTIASTHMATIC PREPARATIONS,ขย.9,,ยาน้ำสำหรับเด็ก,,ตู้ A2,ขวด,8.85266E+12,100,,FALSE,FALSE,FALSE,17.5,60,,,,,,,
1000,100040,Salmol Syrup 1mg/5ml ฟ้า 60ml,SALBUTAMOL,ANTIASTHMATIC PREPARATIONS,ขย.9,,ยาน้ำสำหรับเด็ก,,ตู้ A2,ขวด,8.85266E+12,100,,FALSE,FALSE,FALSE,18.5,55,,,,,,,
1000,100041,Meptin syrup 0.05mg/5ml 60ml,PROCATEROL,ANTIASTHMATIC PREPARATIONS,ขย.9,,ยาน้ำสำหรับเด็ก,,ตู้ A2,ขวด,8.85263E+12,100,,FALSE,FALSE,FALSE,36.5,85,,,,,,,
1000,100042,Bisovon EX  syrup 125ml,BROMHEXINE + GUAIFENESIN,MUCOLYTIC,ขย.9,,ยาน้ำสำหรับเด็ก,,ตู้ A2,ขวด,8.85089E+12,100,,FALSE,FALSE,FALSE,94,135,,,,,,,
1000,100043,Asovon syrup 4 mg 60 ml,BROMHEXINE,MUCOLYTIC,ขย.9,,ยาน้ำสำหรับเด็ก,,ตู้ A2,ขวด,8.8587E+12,100,,FALSE,FALSE,FALSE,15,50,,,,,,,
1000,100044,Flemex syrup 120ml,CARBOCYSTEINE,MUCOLYTIC,ขย.9,,ยาน้ำสำหรับเด็ก,1A 299/40,ตู้ A2,ขวด,8.85203E+12,100,,FALSE,FALSE,FALSE,80.5,110,,,,,,,
1000,100045,Flemex syrup Kid 60ml,CARBOCYSTEINE,MUCOLYTIC,ขย.9,,ยาน้ำสำหรับเด็ก,1A 403/45,ตู้ A2,ขวด,8.85203E+12,100,,FALSE,FALSE,FALSE,41,59,,,,,,,
1000,100046,Solmax kid  60 ml,CARBOCYSTEINE,MUCOLYTIC,ขย.9,,ยาน้ำสำหรับเด็ก,,ตู้ A2,ขวด,8.85897E+12,100,,FALSE,FALSE,FALSE,56.5,85,,,,,,,
1000,100047,MR.HERB แก้หวัดเด็ก 60 ml,,COUGH & COLD REMEDIES,ขย.9,,ยาน้ำสำหรับเด็ก,,ตู้ A7,ขวด,8.85291E+12,100,,FALSE,FALSE,FALSE,35,50,,,,,,,
1000,100048,MR.HERB แก้ไอเด็ก 60 ml,CAMPHOR,COUGH & COLD REMEDIES,ขย.9,,ยาน้ำสำหรับเด็ก,,ตู้ A7,ขวด,8.85291E+12,100,,FALSE,FALSE,FALSE,23,40,39,,,,,,
1000,100049,Ivorin syrup 60 ml,LEVODROPROPIZINE,COUGH & COLD REMEDIES,ขย.9,,ยาน้ำสำหรับเด็ก,,ตู้ A7,ขวด,8.85229E+12,100,,FALSE,FALSE,FALSE,36,70,,,,,,,
1000,100050,Bronal syrup 120ml,LEVODROPROPIZINE,COUGH & COLD REMEDIES,ขย.9,,ยาน้ำสำหรับเด็ก,,ตู้ A7,ขวด,8.71465E+12,100,,FALSE,FALSE,FALSE,136,185,,,,,,,
1000,100051,Allora syrup 60 ml,LORATADINE,ANTIHISTAMINES & ANTIALLERGICS,ขย.9,,ยาน้ำสำหรับเด็ก,,ตู้ A7,ขวด,8.85394E+12,100,,FALSE,FALSE,FALSE,83.5,125,,,,,,,
1000,100052,ALLEX syrup 60 ml,LORATADINE,ANTIHISTAMINES & ANTIALLERGICS,ขย.9,,ยาน้ำสำหรับเด็ก,,ตู้ A7,กล่อง,8.85317E+12,100,,FALSE,FALSE,FALSE,20,70,,,,,,,
1000,100053,Loracine syrup 60 ml,LORATADINE,ANTIHISTAMINES & ANTIALLERGICS,ขย.9,,ยาน้ำสำหรับเด็ก,,ตู้ A7,ขวด,8.8587E+12,100,,FALSE,FALSE,FALSE,15,50,,,,,,,
1000,100054,ormist syrup 60 ml,CETIRIZINE,ANTIHISTAMINES & ANTIALLERGICS,ขย.9,,ยาน้ำสำหรับเด็ก,,ตู้ A7,ขวด,8.85147E+12,100,,FALSE,FALSE,FALSE,32,60,,,,,,,
1000,100055,CETTEC syrup 100 ml,CETIRIZINE,ANTIHISTAMINES & ANTIALLERGICS,ขย.9,,ยาน้ำสำหรับเด็ก,,ตู้ A7,ขวด,8.85545E+12,100,,FALSE,FALSE,FALSE,20.5,70,,,,,,,
1000,100056,LORIUS syrup 60 ml,DESLORATADINE,ANTIHISTAMINES & ANTIALLERGICS,ขย.9,,ยาน้ำสำหรับเด็ก,,ตู้ A7,กล่อง,8.85024E+12,100,,FALSE,FALSE,FALSE,88,145,,,,,,,
1000,100057,PIP TARYNE syrup 60 ml,LORATADINE,ANTIHISTAMINES & ANTIALLERGICS,ขย.9,,ยาน้ำสำหรับเด็ก,,ตู้ A7,กล่อง,100057,100,,FALSE,FALSE,FALSE,23.5,65,,,,,,,
1000,100058,Fatec syrup 1mg/ml 100ml,CETIRIZINE,ANTIHISTAMINES & ANTIALLERGICS,ขย.9,,ยาน้ำสำหรับเด็ก,,ตู้ A7,ขวด,8.8546E+12,100,,FALSE,FALSE,FALSE,40,75,,,,,,,
1000,100059,chlorahist syrup 60 ml,CHLORPHENIRAMINE,ANTIHISTAMINES & ANTIALLERGICS,ขย.9,ขย.11,ยาน้ำสำหรับเด็ก,1A 70/49,ตู้ A1,ขวด,8.85147E+12,100,,FALSE,FALSE,FALSE,11,49,,,,,,,
1000,100060,Tiffy syrup 60 ml,PARACETAMOL+CPM+PHENYLEPHRINE HCL,ANTIHISTAMINES & ANTIALLERGICS,ขย.9,ขย.11,ยาน้ำสำหรับเด็ก,2A 106/59,ตู้ A1,ขวด,8.85147E+12,100,,FALSE,FALSE,FALSE,33,50,,,,,,,
1000,100061,Tiffy syrup 30 ml,PARACETAMOL+CPM+PHENYLEPHRINE HCL,ANTIHISTAMINES & ANTIALLERGICS,ขย.9,ขย.11,ยาน้ำสำหรับเด็ก,2A 106/59,ตู้ A1,ขวด,8.85147E+12,100,,FALSE,FALSE,FALSE,21.5,30,,,,,,,
1000,100062,Sulidine syrup CP 60 ml,PARACETAMOL+CPM+PHENYLEPHRINE HCL,ANTIHISTAMINES & ANTIALLERGICS,ขย.9,ขย.11,ยาน้ำสำหรับเด็ก,,ตู้ A1,ขวด,8.85317E+12,100,,FALSE,FALSE,FALSE,21.6,55,,,,,,,
1000,100063,Sulidine syrup 60 ml,PARACETAMOL+CPM+PHENYLEPHRINE HCL,ANTIHISTAMINES & ANTIALLERGICS,ขย.9,ขย.11,ยาน้ำสำหรับเด็ก,,ตู้ A1,ขวด,8.85317E+12,100,,FALSE,FALSE,FALSE,21,55,,,,,,,
1000,100064,B.M. baby cough syrup 60ml,CHLORPHENIRRAMINE+AMMONIUM CL+SO.CITRATE,ANTIHISTAMINES & ANTIALLERGICS,ขย.9,ขย.11,ยาน้ำสำหรับเด็ก,2A 972/29,ตู้ A1,ขวด,8.85317E+12,100,,FALSE,FALSE,FALSE,25.5,65,,,,,,,
1000,100065,R-RAX Syrup 60 ml,HYDROXYZINE,ANTIHISTAMINES & ANTIALLERGICS,ขย.9,ขย.11,ยาน้ำสำหรับเด็ก,1A 418/48,ตู้ A1,ขวด,8.8587E+12,100,,FALSE,FALSE,FALSE,15,50,,,,,,,
1000,103005,545,GUAIFENESIN,AMINOGLYCOSIDES,,,,,,,,,,,,,12,2,0,0,0,0,0,0,0
1000,100066,Dextro cough syrup 60ml,DEXTROMETHOPHAN+CHLORPHENIRAMINE+TERPIN,COUGH & COLD REMEDIES,ขย.9,ขย.11,ยาน้ำสำหรับเด็ก,2A 61/32,ตู้ A1,ขวด,,100,,FALSE,FALSE,FALSE,24,65,,,,,,,
1000,100067,cougo syrup 60 ml,PARACETAMOL+CPM+PHENYLEPHRINE HCL,COUGH & COLD REMEDIES,ขย.9,ขย.11,ยาน้ำสำหรับเด็ก,2A 287/27,ตู้ A1,ขวด,,100,,FALSE,FALSE,FALSE,18.75,65,,,,,,,
1000,100068,cyproheptadine 2mg (cypro),CYPROTERONE ACETATE+ETHINYLESTRADIOL,ANTIHISTAMINES & ANTIALLERGICS,ขย.9,ขย.11,ยาน้ำสำหรับเด็ก,1A 504/32,ตู้ A1,ขวด,,100,,FALSE,FALSE,FALSE,15,50,,,,,,,
1000,100069,Minra syrup รสองุ่น 60 ml,BROMPHENIRAMINE+PHENYLPROPANILAMINE,ANTIHISTAMINES & ANTIALLERGICS,ขย.9,ขย.11,ยาน้ำสำหรับเด็ก,2A 113/53,ตู้ A1,ขวด,,100,,FALSE,FALSE,FALSE,25,50,,,,,,,
1000,100070,Minra syrup รสส้ม 60 ml,BROMPHENIRAMINE+PHENYLPROPANILAMINE,ANTIHISTAMINES & ANTIALLERGICS,ขย.9,ขย.11,ยาน้ำสำหรับเด็ก,2A 7/53,ตู้ A1,ขวด,,100,,FALSE,FALSE,FALSE,25,50,,,,,,,
1000,100071,asiatapp infant Drops 15 ml,BROMPHENIRAMINE+PHENYLPROPANILAMINE,ANTIHISTAMINES & ANTIALLERGICS,ขย.9,ขย.11,ยาน้ำสำหรับเด็ก,2A 137/55,ตู้ A1,กล่อง,,100,,FALSE,FALSE,FALSE,22,50,,,,,,,
1000,100072,Vitamin B1 injection  1ml,,VITAMINS & MINERALS,ขย.9,,ยาหู ตา คอ จมูก,,ตู้ B9,กล่อง,,100,,FALSE,FALSE,FALSE,30,60,,,,,,,
1000,100073,Fluimucil 3ml*5 amp/กล่อง,,,,,,,,,,100,,FALSE,FALSE,FALSE,167.75,235,,,,,,,
1000,100074,vitamin C injection,ASCORBIC ACID,VITAMINS & MINERALS,ขย.9,,ยาหู ตา คอ จมูก,,ตู้ B9,กล่อง,,100,,FALSE,FALSE,FALSE,195,450,,,,,,,
1000,100075,Acetylcysteine 300mg injection (ACETIN),ASCORBIC ACID,VITAMINS & MINERALS,ขย.9,,ยาหู ตา คอ จมูก,,ตู้ B9,กล่อง,,100,,FALSE,FALSE,FALSE,240,285,,,,,,,
1000,100076,Vitop vitamin and mineral  10tab,VITAMIN B COMPLEX+MINERAL,VITAMINS & MINERALS,ขย.9,,ยาหู ตา คอ จมูก,,ตู้ B9,แผง,,100,,FALSE,FALSE,FALSE,37,65,,,,,,,
1000,100077,Manoprovit 72  tab,VITAMIN B COMPLEX+MINERAL,VITAMINS & MINERALS,ขย.9,,ยาหู ตา คอ จมูก,,ตู้ B9,ขวด,,100,,FALSE,FALSE,FALSE,39,75,,,,,,,
1000,100078,Minra drop รสองุ่น 15 ml,BROMPHENIRAMINE+PHENYLPROPANILAMINE,ANTIHISTAMINES & ANTIALLERGICS,ขย.9,ขย.11,ยาน้ำสำหรับเด็ก,,ตู้ A1,ขวด,,100,,FALSE,FALSE,FALSE,31,65,,,,,,,
1000,100079,vitamin A 25000iu 100 cap (MEGA),VITAMIN A 25000 UNITS,VITAMINS & MINERALS,ขย.9,,ยาหู ตา คอ จมูก,,ตู้ B9,กระปุก,,100,,FALSE,FALSE,FALSE,74,120,,,,,,,
1000,100080,Natural vitamin E 400 MEGA  30cap,VITAMIN E,VITAMINS & MINERALS,ขย.9,,ยาหู ตา คอ จมูก,,ตู้ B9,กระปุก,,100,,FALSE,FALSE,FALSE,198,289,,,,,,,
1000,100081,NEUROBION (B1-6-12) 10's,VITAMIN B1 + VITAMIN B6 + VITAMIN B12,VITAMINS & MINERALS,ขย.9,,ยาหู ตา คอ จมูก,,ตู้ B8,แผง,,100,,FALSE,FALSE,FALSE,50.8,65,,,,,,,
1000,100082,Haemovit Gold 31's,VITAMIN B COMPLEX+MINERAL,VITAMINS & MINERALS,ขย.9,,ยาหู ตา คอ จมูก,,ตู้ B8,กระปุก,,100,,FALSE,FALSE,FALSE,198,220,,,,,,,
1000,100083,Haemovit 100's,VITAMIN B COMPLEX+MINERAL,VITAMINS & MINERALS,ขย.9,,ยาหู ตา คอ จมูก,,ตู้ B8,กระปุก,,100,,FALSE,FALSE,FALSE,71.5,90,,,,,,,
1000,100084,New phavit  100's,VITAMIN B COMPLEX+MINERAL,VITAMINS & MINERALS,ขย.9,,ยาหู ตา คอ จมูก,,ตู้ B8,กระปุก,,100,,FALSE,FALSE,FALSE,68.5,125,,,,,,,
1000,100085,Newphavit B plus 100's,VITAMIN B COMPLEX+MINERAL,VITAMINS & MINERALS,ขย.9,,ยาหู ตา คอ จมูก,,ตู้ B8,กระปุก,,100,,FALSE,FALSE,FALSE,96,175,,,,,,,
1000,100086,OBIMIN-AZ (20's),VITAMIN B COMPLEX+MINERAL,VITAMINS & MINERALS,ขย.9,,ยาหู ตา คอ จมูก,,ตู้ B8,กระปุก,,100,,FALSE,FALSE,FALSE,67,120,,,,,,,
1000,100087,ravit-fort + folic calcium 30's,VITAMIN B COMPLEX+MINERAL,VITAMINS & MINERALS,ขย.9,,ยาหู ตา คอ จมูก,,ตู้ B8,กล่อง,,100,,FALSE,FALSE,FALSE,35.5,65,,,,,,,
1000,100088,Sambee (Vit B1-6-12) 10 tab,VITAMIN B1 + VITAMIN B6 + VITAMIN B12,VITAMINS & MINERALS,ขย.9,,ยาหู ตา คอ จมูก,,ตู้ B8,แผง,,100,,FALSE,FALSE,FALSE,4.7,19,,,,,,,
1000,100089,FBC บำรุงเลือด (100 เม็ด),VITAMIN B COMPLEX+MINERAL,VITAMINS & MINERALS,ขย.9,,ยาหู ตา คอ จมูก,,ตู้ B8,ถุง,,100,,FALSE,FALSE,FALSE,64,75,,,,,,,
1000,100090,Methycobal 30's,MECOBALAMIN,VITAMINS & MINERALS,ขย.9,,วิตามินและอาหารเสริม,,ตู้ B8,กล่อง,,100,,FALSE,FALSE,FALSE,159,199,,,,,,,
1000,100091,Folic 5 mg  10tab,FOLIC ACID,VITAMINS & MINERALS,ขย.9,,ยาหู ตา คอ จมูก,,ตู้ B8,แผง,,100,,FALSE,FALSE,FALSE,4,20,,,,,,,
1000,100092,Folic 5mg  GPO 30 's นับเม็ด,FOLIC ACID,VITAMINS & MINERALS,ขย.9,,ยาหู ตา คอ จมูก,,ตู้ B8,ถุง,,100,,FALSE,FALSE,FALSE,7.8,45,,,,,,,
1000,100093,Mysoven 600 mg สีฟ้า,ACETYLCYSTEINE,MUCOLYTIC,ขย.9,,ยาหู ตา คอ จมูก,,ตู้ B7,ซอง,,100,,FALSE,FALSE,FALSE,8.73,18,,,,,,,
1000,100094,Mysoven 100 mg สีส้ม สำหรับเด็ก,ACETYLCYSTEINE,MUCOLYTIC,ขย.9,,ยาหู ตา คอ จมูก,,ตู้ B7,ซอง,,100,,FALSE,FALSE,FALSE,1.75,6,,,,,,,
1000,100095,Mysoven 200 mg  สีเขียว,ACETYLCYSTEINE,MUCOLYTIC,ขย.9,,ยาหู ตา คอ จมูก,,ตู้ B7,ซอง,,100,,FALSE,FALSE,FALSE,3.42,15,,,,,,,
1000,100096,flemex 375 mg แผง 10's,CARBOCYSTEINE,MUCOLYTIC,ขย.9,,ยาหู ตา คอ จมูก,,ตู้ B7,แผง,,100,,FALSE,FALSE,FALSE,29.5,55,,,,,,,
1000,100097,Solmax 500 mg 10's,CARBOCYSTEINE,MUCOLYTIC,ขย.9,,ยาหู ตา คอ จมูก,11-2-12-N-001,ตู้ B7,แผง,,100,,FALSE,FALSE,FALSE,38.5,65,,,,,,,
1000,100098,Bisolvon 8 mg 10's,BROMHEXINE,MUCOLYTIC,ขย.9,,ยาหู ตา คอ จมูก,,ตู้ B7,แผง,,100,,FALSE,FALSE,FALSE,44,55,,,,,,,
1000,100099,MUCOSOLVAN 30mg 10's,AMBROXOL,MUCOLYTIC,ขย.9,,ยาหู ตา คอ จมูก,,ตู้ B7,แผง,,100,,FALSE,FALSE,FALSE,52.8,75,,,,,,,
1000,100100,Mucolid 30 mg 10's,AMBROXOL,MUCOLYTIC,ขย.9,,ยาหู ตา คอ จมูก,,ตู้ B7,แผง,,100,,FALSE,FALSE,FALSE,14.9,45,,,,,,,
1000,100101,Desloratadine Sandoz 5 mg (10 tab),DESLORATADINE,ANTIHISTAMINES & ANTIALLERGICS,ขย.9,,ยาหู ตา คอ จมูก,,ตู้ B6,กล่อง,,100,,FALSE,FALSE,FALSE,108,175,,,,,,,
1000,100102,Loreze 10 mg 10's,LORATADINE,ANTIHISTAMINES & ANTIALLERGICS,ขย.9,,ยาหู ตา คอ จมูก,,ตู้ B6,กล่อง,,100,,FALSE,FALSE,FALSE,85,130,,,,,,,
1000,100103,montelukast 10 mg (AStair),MONTELUKAST,ANTIHISTAMINES & ANTIALLERGICS,ขย.9,,ยาหู ตา คอ จมูก,,ตู้ B6,แผง,,100,,FALSE,FALSE,FALSE,50,95,,,,,,,
1000,100104,ALLORA 5 mg 10's,DESLORATADINE,ANTIHISTAMINES & ANTIALLERGICS,ขย.9,,ยาหู ตา คอ จมูก,,ตู้ B6,กล่อง,,100,,FALSE,FALSE,FALSE,83,120,,,,,,,
1000,100105,Clarityne 10mg 10's,LORATADINE,ANTIHISTAMINES & ANTIALLERGICS,ขย.9,,ยาหู ตา คอ จมูก,,ตู้ B6,กล่อง,,100,,FALSE,FALSE,FALSE,126,170,,,,,,,
1000,100106,Clarityne 10mg 5's,LORATADINE,ANTIHISTAMINES & ANTIALLERGICS,ขย.9,,ยาหู ตา คอ จมูก,,ตู้ B6,กล่อง,,100,,FALSE,FALSE,FALSE,58,85,,,,,,,
1000,100107,ALLERNIX TABLET 10 mg 10's,LORATADINE,ANTIHISTAMINES & ANTIALLERGICS,ขย.9,,ยาหู ตา คอ จมูก,,ตู้ B6,กล่อง,,100,,FALSE,FALSE,FALSE,33.5,85,,,,,,,
1000,100108,Carinose 10 mg 10's,LORATADINE,ANTIHISTAMINES & ANTIALLERGICS,ขย.9,,ยาหู ตา คอ จมูก,,ตู้ B6,แผง,,100,,FALSE,FALSE,FALSE,8.9,35,,,,,,,
1000,100109,Tiffy dey 4'(ทิฟฟี่) แผง,PARACETAMOL+CPM+PHENYLEPHRINE HCL,NSAIDs,ขย.9,,ยาหู ตา คอ จมูก,,ตู้ B6,แผง,,100,,FALSE,FALSE,FALSE,7.48,11,,,,,,,
1000,100110,Tiffy dey 4'(ทิฟฟี่)**ยกกล่อง,PARACETAMOL+CPM+PHENYLEPHRINE HCL,NSAIDs,ขย.9,,ยาหู ตา คอ จมูก,,ตู้ B6,กล่อง,,100,,FALSE,FALSE,FALSE,184,265,,,,,,,
1000,100111,Decolgen Prin 4's แผง,PARACETAMOL+CPM+PHENYLEPHRINE HCL,NSAIDs,ขย.9,,ยาหู ตา คอ จมูก,,ตู้ B6,แผง,,100,,FALSE,FALSE,FALSE,7.48,11,,,,,,,
1000,100112,Decolgen prin **ยกกล่อง,PARACETAMOL+CPM+PHENYLEPHRINE HCL,NSAIDs,ขย.9,,ยาหู ตา คอ จมูก,,ตู้ B6,กล่อง,,100,,FALSE,FALSE,FALSE,187,265,,,,,,,
1000,100113,Baron 0.25 mg อมแก้เจ็บคอ 10's,DEQUALINIUM CHLORIDE,,ขย.9,,ยาหู ตา คอ จมูก,,ตู้ B6,แผง,,100,,FALSE,FALSE,FALSE,7,30,,,,,,,
1000,100114,Bromcolex  8 mg 10' tab,BROMHEXINE,MUCOLYTIC,ขย.9,,ยาหู ตา คอ จมูก,,ตู้ B6,แผง,,100,,FALSE,FALSE,FALSE,2.25,40,,,,,,,
1000,100115,Bilastin 20mg (Bilaxten),BILASTIN,ANTIHISTAMINES & ANTIALLERGICS,ขย.9,,ยาหู ตา คอ จมูก,,ตู้ B5,กล่อง,,100,,FALSE,FALSE,FALSE,140,195,,,,,,,
1000,100116,TELFAST 180mg 10's,FEXOFENADINE,ANTIHISTAMINES & ANTIALLERGICS,ขย.9,,ยาหู ตา คอ จมูก,,ตู้ B5,แผง/กล่อง,,100,,FALSE,FALSE,FALSE,198,230,,,,,,,
1000,100117,TELFAST 60mg 10's,FEXOFENADINE,ANTIHISTAMINES & ANTIALLERGICS,ขย.9,,ยาหู ตา คอ จมูก,,ตู้ B5,แผง/กล่อง,,100,,FALSE,FALSE,FALSE,76,105,,,,,,,
1000,100118,Fenafex 180 mg 10's,FEXOFENADINE,ANTIHISTAMINES & ANTIALLERGICS,ขย.9,,ยาหู ตา คอ จมูก,19,ตู้ B5,แผง/กล่อง,,100,,FALSE,FALSE,FALSE,72,125,,,,,,,
1000,100119,Fenafex 60 mg,FEXOFENADINE,ANTIHISTAMINES & ANTIALLERGICS,ขย.9,,ยาหู ตา คอ จมูก,19,ตู้ B5,แผง/กล่อง,,100,,FALSE,FALSE,FALSE,30,65,,,,,,,
1000,100120,Ellezin 5mg  10's,LEVOCETIRIZINE,ANTIHISTAMINES & ANTIALLERGICS,ขย.9,,ยาหู ตา คอ จมูก,,ตู้ B5,แผง/กล่อง,,100,,FALSE,FALSE,FALSE,65,145,,,,,,,
1000,100121,Xyzal  10's,LEVOCETIRIZINE,ANTIHISTAMINES & ANTIALLERGICS,ขย.9,,ยาหู ตา คอ จมูก,,ตู้ B5,แผง/กล่อง,,100,,FALSE,FALSE,FALSE,132,185,,,,,,,
1000,100122,Zytec 10 mg,CETIRIZINE,ANTIHISTAMINES & ANTIALLERGICS,ขย.9,,ยาหู ตา คอ จมูก,,ตู้ B5,แผง/กล่อง,,100,,FALSE,FALSE,FALSE,102,145,,,,,,,
1000,100123,MEGA ZIRIN (10's),CETIRIZINE,ANTIHISTAMINES & ANTIALLERGICS,ขย.9,,ยาหู ตา คอ จมูก,,ตู้ B5,แผง/กล่อง,,100,,FALSE,FALSE,FALSE,83,115,,,,,,,
1000,100124,Cyproheptadine 4 mg นับเม็ด 10's,CYPROHEPTADINE,ANTIHISTAMINES & ANTIALLERGICS,ขย.9,,ยาหู ตา คอ จมูก,,ตู้ B5,เม็ด,,100,,FALSE,FALSE,FALSE,0.9,3,,,,,,,
1000,100125,Periactin 4 mg 10's,CYPROHEPTADINE,ANTIHISTAMINES & ANTIALLERGICS,ขย.9,,ยาหู ตา คอ จมูก,,ตู้ B5,แผง,,100,,FALSE,FALSE,FALSE,8,45,,,,,,,
1000,100126,Hydroxyzine-FC  10tab,HYDROXYZINE,ANTIHISTAMINES & ANTIALLERGICS,ขย.9,,ยาหู ตา คอ จมูก,,ตู้ B5,แผง,,100,,FALSE,FALSE,FALSE,1.75,20,,,,,,,
1000,100127,hydrox-25  10tab,HYDROXYZINE,ANTIHISTAMINES & ANTIALLERGICS,ขย.9,,ยาหู ตา คอ จมูก,,ตู้ B5,แผง/กล่อง,,100,,FALSE,FALSE,FALSE,5.6,35,,,,,,,
1000,100129,CPM 100' ขวดเหลือง**กระปุกเล็ก,CHLORPHENIRAMINE,ANTIHISTAMINES & ANTIALLERGICS,ขย.9,,ยาหู ตา คอ จมูก,,ตู้ B4,กระปุก,,100,,FALSE,FALSE,FALSE,6,17,,,,,,,
1000,100130,CPM 100' ฝาน้ำเงิน**กระปุกเล็ก,CHLORPHENIRAMINE,ANTIHISTAMINES & ANTIALLERGICS,ขย.9,,ยาหู ตา คอ จมูก,,ตู้ B4,กระปุก,,100,,FALSE,FALSE,FALSE,6.6,17,,,,,,,
1000,100131,Sominar 10'S,DOXYLAMINE,ANTIHISTAMINES & ANTIALLERGICS,ขย.9,,ยาหู ตา คอ จมูก,,ตู้ B4,แผง,,100,,FALSE,FALSE,FALSE,24,50,,,,,,,
1000,100132,Alerest (แผง) 10's,CETIRIZINE,ANTIHISTAMINES & ANTIALLERGICS,ขย.9,,ยาหู ตา คอ จมูก,,ตู้ B4,แผง,,100,,FALSE,FALSE,FALSE,6.65,25,,,,,,,
1000,100133,Cettrizin ยกกล่อง 10*10's,CETIRIZINE,ANTIHISTAMINES & ANTIALLERGICS,ขย.9,,ยาหู ตา คอ จมูก,,ตู้ B4,กล่อง,,100,,FALSE,FALSE,FALSE,62,190,,,,,,,
1000,100134,cetirizine tablet สหแพทย์ (Medic pharma) 10's,CETIRIZINE,ANTIHISTAMINES & ANTIALLERGICS,ขย.9,,ยาหู ตา คอ จมูก,,ตู้ B4,แผง,,100,,FALSE,FALSE,FALSE,2.7,25,,,,,,,
1000,100135,Nasotapp  (phenylep+bromphen) 10's,BROMPHENIRAMINE+PHENYLPROPANILAMINE,ANTIHISTAMINES & ANTIALLERGICS,ขย.9,,ยาหู ตา คอ จมูก,1A430/49,ตู้ B4,แผง,,100,,FALSE,FALSE,FALSE,12.8,40,,,,,,,
1000,100136,Rhinotapp 10 tablets นับเม็ด,BROMPHENIRAMINE+PHENYLPROPANILAMINE,ANTIHISTAMINES & ANTIALLERGICS,ขย.9,,ยาหู ตา คอ จมูก,,ตู้ B4,ซอง,,100,,FALSE,FALSE,FALSE,3.05,30,,,,,,,
1000,100137,Sulidine tab 10's,CPM+PHENYLPROPANILAMINE,ANTIHISTAMINES & ANTIALLERGICS,ขย.9,,ยาหู ตา คอ จมูก,,ตู้ B4,แผง,,100,,FALSE,FALSE,FALSE,15.93,38,,,,,,,
1000,100138,Nasolin tab 10's,CPM+PHENYLPROPANILAMINE,ANTIHISTAMINES & ANTIALLERGICS,ขย.9,,ยาหู ตา คอ จมูก,,ตู้ B4,แผง,,100,,FALSE,FALSE,FALSE,17,40,,,,,,,
1000,100139,Apracur NC,PARACETAMOL+CPM+PHENYLEPHRINE HCL,ANTIHISTAMINES & ANTIALLERGICS,ขย.9,,ยาหู ตา คอ จมูก,,ตู้ B4,แผง,,100,,FALSE,FALSE,FALSE,7.28,28,,,,,,,
1000,100140,opsa-cin (สูตร poly oph) 5 ml,POLYMYCIN+NEOMYCIN+GRAMICIDIN,EYE PREPARATIONS,ขย.9,,ยาหู ตา คอ จมูก,,ตู้ B3,ขวด,,100,,FALSE,FALSE,FALSE,22.5,58,,,,,,,
1000,100141,poly oph 5 ml,POLYMYCIN+NEOMYCIN+GRAMICIDIN,EYE PREPARATIONS,ขย.9,,ยาหู ตา คอ จมูก,,ตู้ B3,ขวด,,100,,FALSE,FALSE,FALSE,24.5,55,,,,,,,
1000,100142,opsar-his (สูตร hista oph) 5 ml,ANTAZOLINE+TETRAHYDROZOLINE,EYE PREPARATIONS,ขย.9,,ยาหู ตา คอ จมูก,,ตู้ B3,ขวด,,100,,FALSE,FALSE,FALSE,19,50,,,,,,,
1000,100143,Antazallerge Eye Drops 10ml,ANTAZOLINE+TETRAHYDROZOLINE,EYE PREPARATIONS,ขย.9,,ยาหู ตา คอ จมูก,,ตู้ B3,ขวด,,100,,FALSE,FALSE,FALSE,48,65,,,,,,,
1000,100144,Millioph Eye Drop 10 ml,ANTAZOLINE+TETRAHYDROZOLINE,EYE PREPARATIONS,ขย.9,,ยาหู ตา คอ จมูก,,ตู้ B3,ขวด,,100,,FALSE,FALSE,FALSE,22.5,65,,,,,,,
1000,100145,Allergis eye drop,ANTAZOLINE+TETRAHYDROZOLINE,EYE PREPARATIONS,ขย.9,,ยาหู ตา คอ จมูก,,ตู้ B3,ขวด,,100,,FALSE,FALSE,FALSE,28.5,45,,,,,,,
1000,100146,opsadex (สูตร dex oph) 5 ml,DEXAMETHASONE + NEOMYCIN,EYE PREPARATIONS,ขย.9,,ยาหู ตา คอ จมูก,,ตู้ B3,ขวด,,100,,FALSE,FALSE,FALSE,18,50,,,,,,,
1000,100147,CADEXCIN-N 4ml,DEXAMETHASONE + NEOMYCIN,EYE PREPARATIONS,ขย.9,,ยาหู ตา คอ จมูก,,ตู้ B3,ขวด,,100,,FALSE,FALSE,FALSE,21,49,,,,,,,
1000,100148,Dex oph 4 ml,DEXAMETHASONE + NEOMYCIN,EYE PREPARATIONS,ขย.9,,ยาหู ตา คอ จมูก,,ตู้ B3,ขวด,,100,,FALSE,FALSE,FALSE,22.5,50,,,,,,,
1000,100149,Inf-oph 5 ml,PREDNISOLONE,EYE PREPARATIONS,ขย.9,,ยาหู ตา คอ จมูก,,ตู้ B3,ขวด,,100,,FALSE,FALSE,FALSE,42.5,75,,,,,,,
1000,100150,Flarex TM 5 ml,FLUOROMETHOLONE,EYE PREPARATIONS,ขย.9,,ยาหู ตา คอ จมูก,,ตู้ B3,ขวด,,100,,FALSE,FALSE,FALSE,78,115,,,,,,,
1000,100151,Carvit ophthalmic solution 5 ml,LEVOFLOXACIN,EYE PREPARATIONS,ขย.9,,ยาหู ตา คอ จมูก,,ตู้ B3,ขวด,,100,,FALSE,FALSE,FALSE,130,185,,,,,,,
1000,100152,Candid 1% ear drop 15 ml,CLOTRIMAZOLE,EAR PREPARATIONS,ขย.9,,ยาหู ตา คอ จมูก,,ตู้ B3,ขวด,,100,,FALSE,FALSE,FALSE,60,95,,,,,,,
1000,100153,Dewax ear drops 15 ml,DOCUSATE SODIUM,EAR PREPARATIONS,ขย.9,,ยาหู ตา คอ จมูก,,ตู้ B3,ขวด,,100,,FALSE,FALSE,FALSE,54,85,,,,,,,
1000,100154,Earwax 15 ml,DOCUSATE SODIUM,EAR PREPARATIONS,ขย.9,,ยาหู ตา คอ จมูก,,ตู้ B3,ขวด,,100,,FALSE,FALSE,FALSE,37.75,75,,,,,,,
1000,100155,TERRAMYCIN ointment 3.5g,OXYTETRACYCLINE+POLYMYCIN,EYE PREPARATIONS,ขย.9,,ยาหู ตา คอ จมูก,,ตู้ B3,หลอด,,100,,FALSE,FALSE,FALSE,37,62,,,,,,,
1000,100156,Chloroph ointment 5 g,CHLORAMPHENICOL,CHLORAMPHENICOLS,ขย.9,,ยาหู ตา คอ จมูก,,ตู้ B3,หลอด,,100,,FALSE,FALSE,FALSE,30.5,55,,,,,,,
1000,100157,Kary Uni ophthalamic suspension 5ml,PIRENOXINE,EYE PREPARATIONS,ขย.9,,ยาหู ตา คอ จมูก,,ตู้ B3,ขวด,,100,,FALSE,FALSE,FALSE,73,95,,,,,,,
1000,100158,Naphcon-A 15 ml,NAPHAZOLINE + PHENIRAMINE,EYE PREPARATIONS,ขย.9,,ยาหู ตา คอ จมูก,,ตู้ B2,ขวด,,100,,FALSE,FALSE,FALSE,85,135,,,,,,,
1000,100159,1% isopto atropine 5ml Alcon,ATROPINE,EYE PREPARATIONS,ขย.9,,ยาหู ตา คอ จมูก,,ตู้ B2,ขวด,,100,,FALSE,FALSE,FALSE,93,150,,,,,,,
1000,100160,2% isopto carpine 15ml Novartis,PILOCARPINE,EYE PREPARATIONS,ขย.9,,ยาหู ตา คอ จมูก,,ตู้ B2,ขวด,,100,,FALSE,FALSE,FALSE,108,185,,,,,,,
1000,100161,TIMOLOL MALETE 0.5% 5ml Novartis,TIMOLOL,EYE PREPARATIONS,ขย.9,,ยาหู ตา คอ จมูก,,ตู้ B2,ขวด,,100,,FALSE,FALSE,FALSE,130,180,,,,,,,
1000,100162,0.75% CATALIN 15 ml DKSH,PIRENOXINE,EYE PREPARATIONS,ขย.9,,ยาหู ตา คอ จมูก,,ตู้ B2,ขวด,,100,,FALSE,FALSE,FALSE,135,185,,,,,,,
1000,100163,Genteal gel  10g Alcon,SODIUM PERBORATE,EYE PREPARATIONS,ขย.9,,ยาหู ตา คอ จมูก,,ตู้ B2,หลอด,,100,,FALSE,FALSE,FALSE,150,195,,,,,,,
1000,100164,0.2% Pataday 2.5 ml Novartis,OLOPATADINE HCL,EYE PREPARATIONS,ขย.9,,ยาหู ตา คอ จมูก,,ตู้ B2,ขวด,,100,,FALSE,FALSE,FALSE,375,410,,,,,,,
1000,100165,Natear 0.3% eye drop 10 ml,HYDROXYPROPYLMETHYLCELLULOSE,EYE PREPARATIONS,ขย.9,,ยาหู ตา คอ จมูก,1A 157/64,ตู้ B2,ขวด,,100,,FALSE,FALSE,FALSE,82.5,105,,,,,,,
1000,100166,HIALID 0.1% 5 ml,SODIUM HYALURONATE,EYE PREPARATIONS,ขย.9,,ยาหู ตา คอ จมูก,,ตู้ B2,ขวด,,100,,FALSE,FALSE,FALSE,133,175,,,,,,,
1000,100167,Cellufresh MD 0.5% 15 ml,CARBOXYMETHYLCELLULOSE Na,EYE PREPARATIONS,ขย.9,,ยาหู ตา คอ จมูก,,ตู้ B2,ขวด,,100,,FALSE,FALSE,FALSE,150,195,,,,,,,
1000,100168,Cellufresh MD 0.5% 3ml,CARBOXYMETHYLCELLULOSE Na,EYE PREPARATIONS,ขย.9,,ยาหู ตา คอ จมูก,,ตู้ B2,ขวด,,100,,FALSE,FALSE,FALSE,70,105,,,,,,,
1000,100169,Lac-oph 0.5% eye drop 10 ml,HYDROXYPROPYLMETHYLCELLULOSE,EYE PREPARATIONS,ขย.9,,ยาหู ตา คอ จมูก,0,ตู้ B2,ขวด,,100,,FALSE,FALSE,FALSE,25.5,69,,,,,,,
1000,100170,OPSAR 20% eye drop 5ml,SULFACETAMIDE,EYE PREPARATIONS,ขย.9,,ยาหู ตา คอ จมูก,0,ตู้ B2,ขวด,,100,,FALSE,FALSE,FALSE,13.75,45,,,,,,,
1000,100171,Op-Ize Eye Wash 110 ml,SODIUM CHLORIDE,EYE PREPARATIONS,ขย.9,,ยาหู ตา คอ จมูก,,ตู้ B2,ขวด,,100,,FALSE,FALSE,FALSE,25,58,,,,,,,
1000,100172,OPSAR 120 ml,SODIUM CHLORIDE,EYE PREPARATIONS,ขย.9,,ยาหู ตา คอ จมูก,,ตู้ B2,ขวด,,100,,FALSE,FALSE,FALSE,24.25,60,,,,,,,
1000,100173,Opplin Sterile eye wash 100 ml,SODIUM CHLORIDE,EYE PREPARATIONS,ขย.9,,ยาหู ตา คอ จมูก,,ตู้ B2,ขวด,,100,,FALSE,FALSE,FALSE,29,55,,,,,,,
1000,100174,OCUSOFT LID SCRUB ORIGINAL PAD (30 pads),,EYE PREPARATIONS,ขย.9,,ยาหู ตา คอ จมูก,,ตู้ B1,กล่อง,,100,,FALSE,FALSE,FALSE,370,415,,,,,,,
1000,100175,Cellufresh eye drops 0.4 ml*30 units,CARBOXYMETHYLCELLULOSE Na,EYE PREPARATIONS,ขย.9,,ยาหู ตา คอ จมูก,,ตู้ B1,กล่อง,,100,,FALSE,FALSE,FALSE,270,315,,,,,,,
1000,100176,Natear ud 0.8 ml*7 tubes,HYPROMELLOSE,EYE PREPARATIONS,ขย.9,,ยาหู ตา คอ จมูก,,ตู้ B1,กล่อง,,100,,FALSE,FALSE,FALSE,50,95,,,,,,,
1000,100177,Vislube 0.45 ml* 20 units,SODIUM HYALURONATE,EYE PREPARATIONS,ขย.9,,ยาหู ตา คอ จมูก,,ตู้ B1,กล่อง,,100,,FALSE,FALSE,FALSE,352,425,,,,,,,
1000,100178,HYATEAR 0.3 ml*20 units,SODIUM HYALURONATE,EYE PREPARATIONS,ขย.9,,ยาหู ตา คอ จมูก,,ตู้ B1,กล่อง,,100,,FALSE,FALSE,FALSE,242,329,,,,,,,
1000,100179,NATEAR UD 0.8 ml*28 tubes,HYPROMELLOSE,EYE PREPARATIONS,ขย.9,,ยาหู ตา คอ จมูก,1A 1926/28,ตู้ B1,กล่อง,,100,,FALSE,FALSE,FALSE,202,285,,,,,,,
1000,100180,Acnetin-a 0.025%10g,TRETINOIN,ANTIBIOTICS,ขย.9,,ยาใช้เฉพาะที่,,ตู้ ข1,หลอด,,100,,FALSE,FALSE,FALSE,39,95,,,,,,,
1000,100181,Acnetin-A 0.05% 10g,TRETINOIN,ANTIBIOTICS,ขย.9,,ยาใช้เฉพาะที่,,ตู้ ข1,หลอด,,100,,FALSE,FALSE,FALSE,43,115,,,,,,,
1000,100182,AkneDerm - BP 2.5  10g,BENZOYL PEROXIDE,ANTIBIOTICS,ขย.9,,ยาใช้เฉพาะที่,,ตู้ ข1,หลอด,,100,,FALSE,FALSE,FALSE,55,90,,,,,,,
1000,100183,Benzac 5% 15 g,BENZOYL PEROXIDE,ANTIBIOTICS,ขย.9,,ยาใช้เฉพาะที่,,ตู้ ข1,หลอด,,100,,FALSE,FALSE,FALSE,114,145,,,,,,,
1000,100184,BENZAC AC 2.5% 60g,BENZOYL PEROXIDE,ANTIBIOTICS,ขย.9,,ยาใช้เฉพาะที่,,ตู้ ข1,หลอด,,100,,FALSE,FALSE,FALSE,263,299,,,,,,,
1000,100185,BENZAC AC 5% 60 g,BENZOYL PEROXIDE,ANTIBIOTICS,ขย.9,,ยาใช้เฉพาะที่,,ตู้ ข1,หลอด,,100,,FALSE,FALSE,FALSE,285,329,,,,,,,
1000,100186,Benzac 2.5% 15g,BENZOYL PEROXIDE,ANTIBIOTICS,ขย.9,,ยาใช้เฉพาะที่,,ตู้ ข1,หลอด,,100,,FALSE,FALSE,FALSE,107,135,,,,,,,
1000,100187,differin 0.1% 15g,ADAPALENE,ANTIBIOTICS,ขย.9,,ยาใช้เฉพาะที่,,ตู้ ข1,หลอด,,100,,FALSE,FALSE,FALSE,350,415,,,,,,,
1000,100188,CLINDALIN GEL 10g,CLINDAMYCIN,ANTIBIOTICS,ขย.9,,ยาใช้เฉพาะที่,,ตู้ ข1,หลอด,,100,,FALSE,FALSE,FALSE,35.5,85,,,,,,,
1000,100189,clindalin gel 5g,CLINDAMYCIN,ANTIBIOTICS,ขย.9,,ยาใช้เฉพาะที่,,ตู้ ข1,หลอด,,100,,FALSE,FALSE,FALSE,35.5,65,,,,,,,
1000,100190,clinda-M 15 ml,CLINDAMYCIN,ANTIBIOTICS,ขย.9,,ยาใช้เฉพาะที่,,ตู้ ข1,หลอด,,100,,FALSE,FALSE,FALSE,54.5,69,,,,,,,
1000,100191,DermaKlares AQUA GEL 5% 10g,BENZOYL PEROXIDE,ANTIBIOTICS,ขย.9,,ยาใช้เฉพาะที่,,ตู้ ข1,หลอด,,100,,FALSE,FALSE,FALSE,57,125,,,,,,,
1000,100192,Skinoren cream 20% 30g,AZELAIC ACID,ANTIBIOTICS,ขย.9,,ยาใช้เฉพาะที่,,ตู้ ข1,หลอด,,100,,FALSE,FALSE,FALSE,462,550,,,,,,,
1000,100193,Tomei gel  5g,CLINDAMYCIN,ANTIBIOTICS,ขย.9,,ยาใช้เฉพาะที่,,ตู้ ข1,หลอด,,100,,FALSE,FALSE,FALSE,38,85,,,,,,,
1000,100194,C-20 360 ml แดง,CHLORHEXIDINE,,ขย.9,,ยาใช้เฉพาะที่,1C 6/64,ตู้ ข1,ขวด,,100,,FALSE,FALSE,FALSE,57,89,,,,,,,
1000,100195,c-20 180ml แดง,CHLORHEXIDINE,,ขย.9,,ยาใช้เฉพาะที่,,ตู้ ข1,ขวด,,100,,FALSE,FALSE,FALSE,32,55,,,,,,,
1000,100196,LONGMED pregnancy test strip,ACETYLCYSTEINE,MOUTH/THROAT PREPARATIONS,ขย.9,,อุปกรณ์ทางการแพทย์,,ตู้ ข2,ชิ้น,,100,,FALSE,FALSE,FALSE,8,49,23,,,,,,
1000,100197,LONGMED pregnancy test cassettic,ACETYLCYSTEINE,MOUTH/THROAT PREPARATIONS,ขย.9,,อุปกรณ์ทางการแพทย์,,ตู้ ข2,ชิ้น,,100,,FALSE,FALSE,FALSE,12,55,23,,,,,,
1000,100198,MAG test ชุดตรวจหาสารเสพติด,,,ขย.9,,อุปกรณ์ทางการแพทย์,,ตู้ ข3,ชิ้น,,100,,FALSE,FALSE,FALSE,22,45,,,,,,,
1000,100199,FLORA capsule (30's),,,ขย.9,,"ยาสมุนไพร, ยาแผนโบราณ",,ตู้ ข2,กล่อง,,100,,FALSE,FALSE,FALSE,83.5,111,,,,,,,
1000,100200,V-GIFF capsule (30's),,,ขย.9,,"ยาสมุนไพร, ยาแผนโบราณ",,ตู้ ข2,กล่อง,,100,,FALSE,FALSE,FALSE,189,265,,,,,,,
1000,100201,ยาฟอกโลหิต ตราสิงห์แดง 40'cap,,,ขย.9,,"ยาสมุนไพร, ยาแผนโบราณ",,ตู้ ข2,กล่อง,,100,,FALSE,FALSE,FALSE,130,195,,,,,,,
1000,100202,C&L ว่านชักมดลูก เอี๊ยะบ่อเช่า 20'cap,,,ขย.9,,"ยาสมุนไพร, ยาแผนโบราณ",,ตู้ ข2,กล่อง,,100,,FALSE,FALSE,FALSE,112,146,,,,,,,
1000,100203,ยาว่านชักมดลูกจอมใจ 30'cap,,,ขย.9,,"ยาสมุนไพร, ยาแผนโบราณ",,ตู้ ข2,กล่อง,,100,,FALSE,FALSE,FALSE,154,195,,,,,,,
1000,100204,ยาว่านชักมดลูก ตราโบว์แดง สูตร 1 30'cap,,,ขย.9,,"ยาสมุนไพร, ยาแผนโบราณ",,ตู้ ข2,กล่อง,,100,,FALSE,FALSE,FALSE,85,125,,,,,,,
1000,100205,Scagel kids 9g,,,ขย.9,,ยาใช้เฉพาะที่,,ตู้ ข3,หลอด,,100,,FALSE,FALSE,FALSE,132,195,,,,,,,
1000,100206,HIRUSCAR GEL post acne 10g ฟ้าขาว,,,ขย.9,,ยาใช้เฉพาะที่,,ตู้ ข1,หลอด,,100,,FALSE,FALSE,FALSE,218,420,,,,,,,
1000,100207,hiruscar gel post acne 5 g ฟ้าขาว,,,ขย.9,,ยาใช้เฉพาะที่,,ตู้ ข1,หลอด,,100,,FALSE,FALSE,FALSE,147,195,,,,,,,
1000,100208,HIRUSCAR GEL 25g ฟ้า-เหลือง,,,ขย.9,,ยาใช้เฉพาะที่,,ตู้ ข1,หลอด,,100,,FALSE,FALSE,FALSE,358,440,,,,,,,
1000,100209,Hiruscar gel 7 g ฟ้า-เหลือง,,,ขย.9,,ยาใช้เฉพาะที่,1A 169/45,ตู้ ข1,หลอด,,100,,FALSE,FALSE,FALSE,142,205,,,,,,,
1000,100210,ยาสตรีเพ็ญภาค สกัดชนิดแคปซูล 30'cap,,,ขย.9,,ยาใช้เฉพาะที่,,ตู้ ข1,หลอด,,100,,FALSE,FALSE,FALSE,64,95,,,,,,,
1000,100211,Scagel kids 4 g,,,ขย.9,,ยาใช้เฉพาะที่,,ตู้ ข3,หลอด,,100,,FALSE,FALSE,FALSE,132,185,,,,,,,
1000,100212,dermatix acne scar 5g,,,ขย.9,,ยาใช้เฉพาะที่,,ตู้ ข3,หลอด,,100,,FALSE,FALSE,FALSE,228,299,,,,,,,
1000,100213,dermatix ultra gel 5g,,,ขย.9,,ยาใช้เฉพาะที่,,ตู้ ข3,หลอด,,100,,FALSE,FALSE,FALSE,345,425,,,,,,,
1000,100214,dermatix ultra KID gel 5 g,,,ขย.9,,ยาใช้เฉพาะที่,,ตู้ ข3,หลอด,,100,,FALSE,FALSE,FALSE,350,425,,,,,,,
1000,100215,Dermatix ultra gel 9 g,,,ขย.9,,ยาใช้เฉพาะที่,,ตู้ ข3,หลอด,,100,,FALSE,FALSE,FALSE,543,660,,,,,,,
1000,100216,Falerm Cream 5 g,ACICLOVIR,ANTIVIRALS,ขย.9,,ยาระบบการติดเชื้อ,,ตู้ C5,หลอด,,100,,FALSE,FALSE,FALSE,17,69,,,,,,,
1000,100217,Amoksiklav 1000mg 10's,AMOX+CLAVU,PENICILLINS,ขย.9,,ยาระบบการติดเชื้อ,,ตู้ C1,กล่อง,,100,,FALSE,FALSE,FALSE,110,190,,,,,,,
1000,100218,Augmentin 1G 10's,AMOX+CLAVU,PENICILLINS,ขย.9,,ยาระบบการติดเชื้อ,,ตู้ C1,กล่อง,,100,,FALSE,FALSE,FALSE,230,310,,,,,,,
1000,100219,AMK 1000 mg 10's,AMOX+CLAVU,PENICILLINS,ขย.9,,ยาระบบการติดเชื้อ,,ตู้ C1,กล่อง,,100,,FALSE,FALSE,FALSE,105,159,,,,,,,
1000,100220,flemimg 1000 mg 10's,AMOX+CLAVU,PENICILLINS,ขย.9,,ยาระบบการติดเชื้อ,,ตู้ C1,กล่อง,,100,,FALSE,FALSE,FALSE,95,145,,,,,,,
1000,100221,IVER-6 tablet 2x6's,IVERMECTIN,ANTIAMOEBICS,ขย.9,,ยาระบบการติดเชื้อ,,ตู้ C1,กล่อง,,100,,FALSE,FALSE,FALSE,660,720,,,,,,,
1000,100222,Zeplex 500 mg 10'cap นับเม็ด,CEFALEXIN,CEPHALOSPORINS,ขย.9,,ยาระบบการติดเชื้อ,,ตู้ C1,แพ็ค,,100,,FALSE,FALSE,FALSE,22.5,35,,,,,,,
1000,100223,Zeplex 500 mg 10'cap,CEFALEXIN,CEPHALOSPORINS,ขย.9,,ยาระบบการติดเชื้อ,,ตู้ C1,แผง,,100,,FALSE,FALSE,FALSE,22.5,55,,,,,,,
1000,100224,Sialexin 500 mg 10's,CEFALEXIN,CEPHALOSPORINS,ขย.9,,ยาระบบการติดเชื้อ,,ตู้ C1,แผง,,100,,FALSE,FALSE,FALSE,52,89,,,,,,,
1000,100225,Clindavid 300 mg 10'cap,CLINDAMYCIN,AMINOGLYCOSIDES,ขย.9,,ยาระบบการติดเชื้อ,,ตู้ C2,แผง,,100,,FALSE,FALSE,FALSE,27.5,55,,,,,,,
1000,100226,Kanamycin 250 mg 10'cap,KANAMYCIN,AMINOGLYCOSIDES,ขย.9,,ยาระบบการติดเชื้อ,,ตู้ C2,แผง,,100,,FALSE,FALSE,FALSE,35,65,,,,,,,
1000,100227,ATOZIN 250 mg 1x6 capsule,AZITHROMYCIN,MACROLIDES,ขย.9,,ยาระบบการติดเชื้อ,,ตู้ C2,กล่อง,,100,,FALSE,FALSE,FALSE,47,120,,,,,,,
1000,100229,AZITHRO 250 mg 1x6 Capsule,AZITHROMYCIN,MACROLIDES,ขย.9,,ยาระบบการติดเชื้อ,,ตู้ C2,กล่อง,,100,,FALSE,FALSE,FALSE,80,125,,,,,,,
1000,100230,Masarox 150 mg 10's,ROXITHROMYCIN,MACROLIDES,ขย.9,,ยาระบบการติดเชื้อ,,ตู้ C2,แผง,,100,,FALSE,FALSE,FALSE,0,30,,,,,,,
1000,100231,Romed 150 mg 10's,ROXITHROMYCIN,MACROLIDES,ขย.9,,ยาระบบการติดเชื้อ,,ตู้ C2,แผง,,100,,FALSE,FALSE,FALSE,10.35,45,,,,,,,
1000,100232,Rothricin 150 mg 10's,ROXITHROMYCIN,MACROLIDES,ขย.9,,ยาระบบการติดเชื้อ,,ตู้ C2,กล่อง,,100,,FALSE,FALSE,FALSE,28,55,,,,,,,
1000,100233,Roxitop 300 mg  10's,ROXITHROMYCIN,MACROLIDES,ขย.9,,ยาระบบการติดเชื้อ,,ตู้ C2,แผง,,100,,FALSE,FALSE,FALSE,31.5,60,,,,,,,
1000,100234,Coroxin 300 mg 10's,ROXITHROMYCIN,MACROLIDES,ขย.9,,ยาระบบการติดเชื้อ,,ตู้ C2,แผง,,100,,FALSE,FALSE,FALSE,27,50,,,,,,,
1000,100235,TC mycin 500 mg 10's,TETRACYCLINE,TETRACYCLINES,ขย.9,,ยาระบบการติดเชื้อ,,ตู้ C2,กล่อง,,100,,FALSE,FALSE,FALSE,39,60,,,,,,,
1000,100236,tc mycin 250 mg 10's,TETRACYCLINE,TETRACYCLINES,ขย.9,,ยาระบบการติดเชื้อ,,ตู้ C2,กล่อง,,100,,FALSE,FALSE,FALSE,23.75,35,,,,,,,
1000,100237,Voflox 500 mg 1x5tab,LEVOFLOXACIN,QUINOLONES,ขย.9,,ยาระบบการติดเชื้อ,,ตู้ C3,แผง/กล่อง,,100,,FALSE,FALSE,FALSE,77,120,,,,,,,
1000,100238,Cravit tab 250 mg 5's,LEVOFLOXACIN,QUINOLONES,ขย.9,,ยาระบบการติดเชื้อ,,ตู้ C3,แผง/กล่อง,,100,,FALSE,FALSE,FALSE,198,250,,,,,,,
1000,100239,CRAVIT tab 500 mg 5's,LEVOFLOXACIN,QUINOLONES,ขย.9,,ยาระบบการติดเชื้อ,,ตู้ C3,แผง/กล่อง,,100,,FALSE,FALSE,FALSE,370,550,,,,,,,
1000,100240,Ciproxyl 500 MG 10's,CIPROFLOXACIN,QUINOLONES,ขย.9,,ยาระบบการติดเชื้อ,,ตู้ C3,แผง,,100,,FALSE,FALSE,FALSE,21.8,60,,,,,,,
1000,100241,Konovid 200 mg 10's,OFLOXACIN,QUINOLONES,ขย.9,,ยาระบบการติดเชื้อ,,ตู้ C3,แผง,,100,,FALSE,FALSE,FALSE,16,45,,,,,,,
1000,100242,Ofloxin 200 mg 10's,OFLOXACIN,QUINOLONES,ขย.9,,ยาระบบการติดเชื้อ,,ตู้ C3,แผง,,100,,FALSE,FALSE,FALSE,22.5,60,,,,,,,
1000,100243,Medic Nor 400 mg 10's,NORFLOXACIN,QUINOLONES,ขย.9,,ยาระบบการติดเชื้อ,,ตู้ C3,แผง,,100,,FALSE,FALSE,FALSE,12.8,45,,,,,,,
1000,100244,Doxin 100 mg 10's,DOXYCYCLINE,TETRACYCLINES,ขย.9,,ยาระบบการติดเชื้อ,T23208,ตู้ C3,แผง,,100,,FALSE,FALSE,FALSE,11,50,,,,,,,
1000,100245,GaNo SPEC 500 mg 10's,TETRACYCLINE,TETRACYCLINES,ขย.9,,ยาระบบการติดเชื้อ,,ตู้ C3,แผง/กล่อง,,100,,FALSE,FALSE,FALSE,42.5,55,,,,,,,
1000,100246,Fungazol 200 mg 10's,KETOCONAZOLE,ANTIFUNGALS,ขย.9,,ยาระบบการติดเชื้อ,,ตู้ C4,แผง,,100,,FALSE,FALSE,FALSE,18.66,40,,,,,,,
1000,100247,Pennicilin 500.000 Units/tab 2*6 tab,PENICILLIN,PENICILLINS,ขย.9,,ยาระบบการติดเชื้อ,,ตู้ C4,แผง/กล่อง,,100,,FALSE,FALSE,FALSE,15.5,25,,,,,,,
1000,100248,MOXY 500 mg H.K. (แผงฟ้า-เขียว),AMOXICILLINE,PENICILLINS,ขย.9,,ยาระบบการติดเชื้อ,,ตู้ C4,แผง,,100,,FALSE,FALSE,FALSE,15.5,45,,,,,,,
1000,100249,Dorox 500 mg 10's,,,,,,,,,,100,,TRUE,FALSE,FALSE,17.2,45,,,,,,,
1000,100250,Ampicillin capsule 500mg (แบ่งขาย) 10 cap,AMPICILLIN,PENICILLINS,ขย.9,,ยาระบบการติดเชื้อ,,ตู้ C4,แพ็ค,,100,,FALSE,FALSE,FALSE,12.4,35,,,,,,,
1000,100251,Dicloxmed 500 mg 10's,DICLOXACILLIN,PENICILLINS,ขย.9,,ยาระบบการติดเชื้อ,,ตู้ C4,แผง,,100,,FALSE,FALSE,FALSE,15.3,55,,,,,,,
1000,100252,Metrolex 200mg 10's,METRONIDAZOLE,ANTIAMOEBICS,ขย.9,,ยาระบบการติดเชื้อ,,ตู้ C4,แผง,,100,,FALSE,FALSE,FALSE,9,50,,,,,,,
1000,100253,spornar 100 mg 4's,ITRACONAZOLE,ANTIFUNGALS,ขย.9,,ยาระบบการติดเชื้อ,,ตู้ C5,แผง,,100,,FALSE,FALSE,FALSE,19.6,50,,,,,,,
1000,100254,Fludizol 200 mg  5's,FLUCONAZOLE,ANTIFUNGALS,ขย.9,,ยาระบบการติดเชื้อ,,ตู้ C5,แผง,,100,,FALSE,FALSE,FALSE,27,65,,,,,,,
1000,100255,Flunco 200 mg 10's,FLUCONAZOLE,ANTIFUNGALS,ขย.9,,ยาระบบการติดเชื้อ,,ตู้ C5,แผง,,100,,FALSE,FALSE,FALSE,53,150,,,,,,,
1000,100256,Biozole 150 mg 1's,FLUCONAZOLE,ANTIFUNGALS,ขย.9,,ยาระบบการติดเชื้อ,,ตู้ C5,กล่อง,,100,,FALSE,FALSE,FALSE,25,65,,,,,,,
1000,100257,Zevin cream 3 g,ACICLOVIR,ANTIVIRALS,ขย.9,,ยาระบบการติดเชื้อ,,ตู้ C5,หลอด,,100,,FALSE,FALSE,FALSE,38,65,,,,,,,
1000,100258,Vilerm cream 5g,ACICLOVIR,ANTIVIRALS,ขย.9,,ยาระบบการติดเชื้อ,,ตู้ C5,หลอด,,100,,FALSE,FALSE,FALSE,64,95,,,,,,,
1000,100259,Clinovir 200 mg 5's,ACICLOVIR,ANTIVIRALS,ขย.9,,ยาระบบการติดเชื้อ,,ตู้ C5,แผง,,100,,FALSE,FALSE,FALSE,13.5,59,,,,,,,
1000,100260,Clinovir 800 mg 5's,ACICLOVIR,ANTIVIRALS,ขย.9,,ยาระบบการติดเชื้อ,,ตู้ C5,แผง,,100,,FALSE,FALSE,FALSE,42,85,,,,,,,
1000,100261,Clinovir 400 mg 5's,ACICLOVIR,ANTIVIRALS,ขย.9,,ยาระบบการติดเชื้อ,,ตู้ C5,แผง,,100,,FALSE,FALSE,FALSE,17.8,75,,,,,,,
1000,100262,Vilerm 800 mg 5's,ACICLOVIR,ANTIVIRALS,ขย.9,,ยาระบบการติดเชื้อ,,ตู้ C5,แผง,,100,,FALSE,FALSE,FALSE,30,65,,,,,,,
1000,100263,Virogon 200 mg 5's,ACICLOVIR,ANTIVIRALS,ขย.9,,ยาระบบการติดเชื้อ,,ตู้ C5,แผง,,100,,FALSE,FALSE,FALSE,21,50,,,,,,,
1000,100264,Virogon 400 mg 10's,ACICLOVIR,ANTIVIRALS,ขย.9,,ยาระบบการติดเชื้อ,,ตู้ C5,แผง,,100,,FALSE,FALSE,FALSE,50,75,,,,,,,
1000,100265,Virogon 800 mg 5's,ACICLOVIR,ANTIVIRALS,ขย.9,,ยาระบบการติดเชื้อ,,ตู้ C5,แผง,,100,,FALSE,FALSE,FALSE,37,85,,,,,,,
1000,100266,Antergen Cream 10 g,HYDROCORTISONE,STEROIDS,ขย.9,,ยาระบบการติดเชื้อ,,ตู้ C6,หลอด,,100,,FALSE,FALSE,FALSE,25,40,,,,,,,
1000,100267,Zyno 0.1% Cream 15g,TRIAMCINOLONE,STEROIDS,ขย.9,,ยาระบบการติดเชื้อ,,ตู้ C6,หลอด,,100,,FALSE,FALSE,FALSE,25,75,,,,,,,
1000,100268,Zyno 0.02% Cream 15g,TRIAMCINOLONE,STEROIDS,ขย.9,,ยาระบบการติดเชื้อ,,ตู้ C6,หลอด,,100,,FALSE,FALSE,FALSE,20,60,,,,,,,
1000,100269,T.A.Cream 0.02% 15g,TRIAMCINOLONE,STEROIDS,ขย.9,,ยาระบบการติดเชื้อ,,ตู้ C6,หลอด,,100,,FALSE,FALSE,FALSE,16.5,75,,,,,,,
1000,100270,T.A.Cream 0.02%  5g,TRIAMCINOLONE,STEROIDS,ขย.9,,ยาระบบการติดเชื้อ,,ตู้ C6,หลอด,,100,,FALSE,FALSE,FALSE,14.5,45,,,,,,,
1000,100271,T.A .Cream 0.1% 5 g,TRIAMCINOLONE,STEROIDS,ขย.9,,ยาระบบการติดเชื้อ,,ตู้ C6,หลอด,,100,,FALSE,FALSE,FALSE,10,45,,,,,,,
1000,100272,T.A.cream 0.1% 15 g,TRIAMCINOLONE,STEROIDS,ขย.9,,ยาระบบการติดเชื้อ,,ตู้ C6,หลอด,,100,,FALSE,FALSE,FALSE,22,75,,,,,,,
1000,100273,Aristocort Cream 0.02%  15g,TRIAMCINOLONE,STEROIDS,ขย.9,,ยาระบบการติดเชื้อ,,ตู้ C6,หลอด,,100,,FALSE,FALSE,FALSE,43,78,,,,,,,
1000,100274,Aristocort cream 0.1%  15g,TRIAMCINOLONE,STEROIDS,ขย.9,,ยาระบบการติดเชื้อ,,ตู้ C6,หลอด,,100,,FALSE,FALSE,FALSE,81,110,,,,,,,
1000,100275,KELA cream TO  15 g,TRIAMCINOLONE,STEROIDS,ขย.9,,ยาระบบการติดเชื้อ,,ตู้ C6,หลอด,,100,,FALSE,FALSE,FALSE,32.5,85,,,,,,,
1000,100276,KELA cream TO 5 g,TRIAMCINOLONE,STEROIDS,ขย.9,,ยาระบบการติดเชื้อ,,ตู้ C6,หลอด,,100,,FALSE,FALSE,FALSE,18,45,,,,,,,
1000,100277,Bethasone Cream 15g,BETAMETHASONE,STEROIDS,ขย.9,,ยาระบบการติดเชื้อ,,ตู้ C6,หลอด,,100,,FALSE,FALSE,FALSE,29.75,55,,,,,,,
1000,100278,Bethasone Cream 5 g,BETAMETHASONE,STEROIDS,ขย.9,,ยาระบบการติดเชื้อ,,ตู้ C6,หลอด,,100,,FALSE,FALSE,FALSE,15.5,45,,,,,,,
1000,100279,Clinivate cream  5 g,BETAMETHASONE,STEROIDS,ขย.9,,ยาระบบการติดเชื้อ,,ตู้ C6,หลอด,,100,,FALSE,FALSE,FALSE,12.5,30,,,,,,,
1000,100280,Clinivate cream  15 g,BETAMETHASONE,STEROIDS,ขย.9,,ยาระบบการติดเชื้อ,,ตู้ C6,หลอด,,100,,FALSE,FALSE,FALSE,29,70,,,,,,,
1000,100281,Betosalic Ointment 5 g,BETAMETHASONE + SALICYLIC ACID,STEROIDS,ขย.9,,ยาระบบการติดเชื้อ,G 446/47,ตู้ C6,หลอด,,100,,FALSE,FALSE,FALSE,26,55,,,,,,,
1000,100282,Clobet Cream 5g,CLOBETASONE,STEROIDS,ขย.9,,ยาระบบการติดเชื้อ,,ตู้ C6,หลอด,,100,,FALSE,FALSE,FALSE,23,50,,,,,,,
1000,100283,Dermatop Cream 5 g,PREDNICARBATE,STEROIDS,ขย.9,,ยาระบบการติดเชื้อ,,ตู้ C6,หลอด,,100,,FALSE,FALSE,FALSE,53,65,,,,,,,
1000,100284,Dermovate ointment  5g,CLOBETASONE,STEROIDS,ขย.9,,ยาระบบการติดเชื้อ,,ตู้ C6,หลอด,,100,,FALSE,FALSE,FALSE,57,105,,,,,,,
1000,100285,Clobet Cream 10g,CLOBETASONE,STEROIDS,ขย.9,,ยาระบบการติดเชื้อ,1A 173/33,ตู้ C6,หลอด,,100,,FALSE,FALSE,FALSE,34,85,,,,,,,
1000,100286,Clinoderm Cream 5 g,CLOBETASONE,STEROIDS,ขย.9,,ยาระบบการติดเชื้อ,,ตู้ C6,หลอด,,100,,FALSE,FALSE,FALSE,22,45,,,,,,,
1000,100287,Clinoderm Cream 35g,CLOBETASONE,STEROIDS,ขย.9,,ยาระบบการติดเชื้อ,,ตู้ C6,หลอด,,100,,FALSE,FALSE,FALSE,80,160,,,,,,,
1000,100288,Ecosone Cream 15 g,TRIAMCINOLONE,STEROIDS,ขย.9,,ยาระบบการติดเชื้อ,,ตู้ C7,หลอด,,100,,FALSE,FALSE,FALSE,0,129,,,,,,,
1000,100289,Ecosone Cream 5 g,TRIAMCINOLONE,STEROIDS,ขย.9,,ยาระบบการติดเชื้อ,,ตู้ C7,หลอด,,100,,FALSE,FALSE,FALSE,30,60,,,,,,,
1000,100290,TARA-Plus cream 15g,MICONAZOLE + TRIAMCINOLONE,ANTIFUNGALS,ขย.9,,ยาระบบการติดเชื้อ,,ตู้ C7,หลอด,,100,,FALSE,FALSE,FALSE,35,89,,,,,,,
1000,100291,DERMACOMBIN CREAM 15g,NYSTATIN+NEOMYCIN+GRAMICIDIN+TRIAMCINOLONE,ANTIFUNGALS,ขย.9,,ยาระบบการติดเชื้อ,,ตู้ C7,หลอด,,100,,FALSE,FALSE,FALSE,112,189,,,,,,,
1000,100292,DERMACOMBIN CREAM 5g,NYSTATIN+NEOMYCIN+GRAMICIDIN+TRIAMCINOLONE,ANTIFUNGALS,ขย.9,,ยาระบบการติดเชื้อ,,ตู้ C7,หลอด,,100,,FALSE,FALSE,FALSE,77,125,,,,,,,
1000,100293,Lymarin cream 5g,MICONAZOLE + TRIAMCINOLONE,ANTIFUNGALS,ขย.9,,ยาระบบการติดเชื้อ,,ตู้ C7,หลอด,,100,,FALSE,FALSE,FALSE,22,55,,,,,,,
1000,100294,Lymarin cream 15g,MICONAZOLE + TRIAMCINOLONE,ANTIFUNGALS,ขย.9,,ยาระบบการติดเชื้อ,,ตู้ C7,หลอด,,100,,FALSE,FALSE,FALSE,47.5,85,,,,,,,
1000,100295,Tonaf-B cream  15g,BETAMETHASONE+TOLNAFTATE+IODOCHLORHYDROX,ANTIFUNGALS,ขย.9,,ยาระบบการติดเชื้อ,,ตู้ C7,หลอด,,100,,FALSE,FALSE,FALSE,69,110,,,,,,,
1000,100296,Tonaf-B cream  5g,BETAMETHASONE+TOLNAFTATE+IODOCHLORHYDROX,ANTIFUNGALS,ขย.9,,ยาระบบการติดเชื้อ,,ตู้ C7,หลอด,,100,,FALSE,FALSE,FALSE,32,48,,,,,,,
1000,100297,BETA-DIPO  15 g,BETAMETHASONE + NEOMYCIN,ANTIFUNGALS,ขย.9,,ยาระบบการติดเชื้อ,,ตู้ C7,หลอด,,100,,FALSE,FALSE,FALSE,40,79,,,,,,,
1000,100298,BETA-DIPO 5 g,BETAMETHASONE + NEOMYCIN,ANTIFUNGALS,ขย.9,,ยาระบบการติดเชื้อ,,ตู้ C7,หลอด,,100,,FALSE,FALSE,FALSE,22.5,40,,,,,,,
1000,100299,Bethasone-N Cream 15 g,BETAMETHASONE + NEOMYCIN,ANTIFUNGALS,ขย.9,,ยาระบบการติดเชื้อ,,ตู้ C7,หลอด,,100,,FALSE,FALSE,FALSE,33,75,,,,,,,
1000,100300,Bethasone-N  Cream 5g,BETAMETHASONE + NEOMYCIN,ANTIFUNGALS,ขย.9,,ยาระบบการติดเชื้อ,,ตู้ C7,หลอด,,100,,FALSE,FALSE,FALSE,19,60,,,,,,,
1000,100301,Fango-B cream 15 g,BETAMETHASONE + NEOMYCIN,ANTIFUNGALS,ขย.9,,ยาระบบการติดเชื้อ,,ตู้ C7,หลอด,,100,,FALSE,FALSE,FALSE,33,70,,,,,,,
1000,100302,CANAZOL-BE Cream 15 g,CLOTRIMAZOLE+BETAMETHASONE,ANTIFUNGALS,ขย.9,,ยาระบบการติดเชื้อ,2A 4/50,ตู้ C7,หลอด,,100,,FALSE,FALSE,FALSE,36,95,,,,,,,
1000,100303,Betamethasone-N Cream 15 g - GPO,BETAMETHASONE + NEOMYCIN,ANTIFUNGALS,ขย.9,,ยาระบบการติดเชื้อ,,ตู้ C7,หลอด,,100,,FALSE,FALSE,FALSE,37,55,,,,,,,
1000,100304,Betamethasone-N Cream 5g- GPO,BETAMETHASONE + NEOMYCIN,ANTIFUNGALS,ขย.9,,ยาระบบการติดเชื้อ,,ตู้ C7,หลอด,,100,,FALSE,FALSE,FALSE,12,30,,,,,,,
1000,100305,CANASONE Cream 10 g -TNP,CLOTRIMAZOLE,ANTIFUNGALS,ขย.9,,ยาระบบการติดเชื้อ,,ตู้ C7,หลอด,,100,,FALSE,FALSE,FALSE,42,75,,,,,,,
1000,100306,CANASONE Cream 15 g -TNP,CLOTRIMAZOLE,ANTIFUNGALS,ขย.9,,ยาระบบการติดเชื้อ,,ตู้ C7,หลอด,,100,,FALSE,FALSE,FALSE,45,85,,,,,,,
1000,100307,Fungiderm-B cream 20 g,CLOTRIMAZOLE+BETAMETHASONE,ANTIFUNGALS,ขย.9,,ยาระบบการติดเชื้อ,,ตู้ C7,หลอด,,100,,FALSE,FALSE,FALSE,53,95,,,,,,,
1000,100308,fungiderm-b cream  5 g,CLOTRIMAZOLE+BETAMETHASONE,ANTIFUNGALS,ขย.9,,ยาระบบการติดเชื้อ,,ตู้ C7,หลอด,,100,,FALSE,FALSE,FALSE,17,45,,,,,,,
1000,100309,Myda-B cream 25 g -T. MAN Pharma,CLOTRIMAZOLE+BETAMETHASONE,ANTIFUNGALS,ขย.9,,ยาระบบการติดเชื้อ,,ตู้ C7,หลอด,,100,,FALSE,FALSE,FALSE,54.5,155,,,,,,,
1000,100310,Myda-B cream 15 g-T. MAN Pharma,CLOTRIMAZOLE+BETAMETHASONE,ANTIFUNGALS,ขย.9,,ยาระบบการติดเชื้อ,,ตู้ C7,หลอด,,100,,FALSE,FALSE,FALSE,32.5,80,,,,,,,
1000,100311,Myda-B cream 5 g-T. MAN Pharma,CLOTRIMAZOLE+BETAMETHASONE,ANTIFUNGALS,ขย.9,,ยาระบบการติดเชื้อ,,ตู้ C7,หลอด,,100,,FALSE,FALSE,FALSE,16,45,,,,,,,
1000,100312,Myderm Quad crem 4 plus 5 gT. MAN,BETAMETHASONE+GENTAMYCIN+TONAFTATE+CLIOQUINOL,ANTIFUNGALS,ขย.9,,ยาระบบการติดเชื้อ,2A 6/57,ตู้ C8,หลอด,,100,,FALSE,FALSE,FALSE,22.08,60,,,,,,,
1000,100313,Dermaheu cream 25g - TNP,BETAMETHASONE+TOLNAFTATE+IODOCHLORHYDROX,ANTIFUNGALS,ขย.9,,ยาระบบการติดเชื้อ,,ตู้ C8,หลอด,,100,,FALSE,FALSE,FALSE,88.5,150,,,,,,,
1000,100314,Dermaheu cream 15g - TNP,BETAMETHASONE+TOLNAFTATE+IODOCHLORHYDROX,ANTIFUNGALS,ขย.9,,ยาระบบการติดเชื้อ,,ตู้ C8,หลอด,,100,,FALSE,FALSE,FALSE,60,105,,,,,,,
1000,100315,DERTEC cream 15 g,BETAMETHASONE+TOLNAFTATE+IODOCHLORHYDROX,ANTIFUNGALS,ขย.9,,ยาระบบการติดเชื้อ,,ตู้ C8,หลอด,,100,,FALSE,FALSE,FALSE,45.5,95,,,,,,,
1000,100316,DERTEC cream 5 g,BETAMETHASONE+TOLNAFTATE+IODOCHLORHYDROX,ANTIFUNGALS,ขย.9,,ยาระบบการติดเชื้อ,,ตู้ C8,หลอด,,100,,FALSE,FALSE,FALSE,22,55,,,,,,,
1000,100317,Quadriderm cream 15 g-MSD,BETAMETHASONE+GENTAMYCIN+TONAFTATE+CLIOQUINOL,ANTIFUNGALS,ขย.9,,ยาระบบการติดเชื้อ,,ตู้ C8,หลอด,,100,,FALSE,FALSE,FALSE,186,225,,,,,,,
1000,100318,PHOEBUS cream 15g -Pharspec,BETAMETHASONE+GENTAMYCIN+TONAFTATE+CLIOQUINOL,ANTIFUNGALS,ขย.9,,ยาระบบการติดเชื้อ,,ตู้ C8,หลอด,,100,,FALSE,FALSE,FALSE,57,80,,,,,,,
1000,100319,Phoebus cream 5g -Pharspec,BETAMETHASONE+GENTAMYCIN+TONAFTATE+CLIOQUINOL,ANTIFUNGALS,ขย.9,,ยาระบบการติดเชื้อ,,ตู้ C8,หลอด,,100,,FALSE,FALSE,FALSE,33.5,49,,,,,,,
1000,100320,Tonaf 2% cream 15g (เขียว),TOLNAFTATE,ANTIFUNGALS,ขย.9,,ยาระบบการติดเชื้อ,,ตู้ C8,หลอด,,100,,FALSE,FALSE,FALSE,67.5,105,,,,,,,
1000,100321,Tonaf 2% cream 5 g (เขียว),TOLNAFTATE,ANTIFUNGALS,ขย.9,,ยาระบบการติดเชื้อ,,ตู้ C8,หลอด,,100,,FALSE,FALSE,FALSE,33.25,55,,,,,,,
1000,100322,Tonaf 1% cream 15 g แดง,TOLNAFTATE,ANTIFUNGALS,ขย.9,,ยาระบบการติดเชื้อ,,ตู้ C8,หลอด,,100,,FALSE,FALSE,FALSE,61,80,,,,,,,
1000,100323,Tonaf 1% cream 5 g แดง,TOLNAFTATE,ANTIFUNGALS,ขย.9,,ยาระบบการติดเชื้อ,,ตู้ C8,หลอด,,100,,FALSE,FALSE,FALSE,28,45,,,,,,,
1000,100324,Unison ointment 15 g(1%w/w)-Unison lab,CHLORAMPHENICOL,CHLORAMPHENICOLS,ขย.9,,ยาระบบการติดเชื้อ,,ตู้ C8,หลอด,,100,,FALSE,FALSE,FALSE,15.5,30,,,,,,,
1000,100325,Chloram ointment 15g (1%w/w)-A.N.B.,CHLORAMPHENICOL,CHLORAMPHENICOLS,ขย.9,,ยาระบบการติดเชื้อ,,ตู้ C8,หลอด,,100,,FALSE,FALSE,FALSE,11,30,,,,,,,
1000,100326,0.25% Topoxy skin cream 10g -SPS,DESOXIMETHASONE,STEROIDS,ขย.9,,ยาระบบการติดเชื้อ,,ตู้ C8,ขวด,,100,,FALSE,FALSE,FALSE,46.15,79,,,,,,,
1000,100327,0.25% Topicorte skin cream 5 g -Fidia,DESOXIMETHASONE,STEROIDS,ขย.9,,ยาระบบการติดเชื้อ,,ตู้ C8,ขวด,,100,,FALSE,FALSE,FALSE,49.5,75,,,,,,,
1000,100328,Esperson 5 g -SANOFI,DESOXIMETHASONE,STEROIDS,ขย.9,,ยาระบบการติดเชื้อ,,ตู้ C8,หลอด,,100,,FALSE,FALSE,FALSE,42,95,,,,,,,
1000,100329,Travocort cream 10 g-DKSH,ISOCONAZOLE + FLUCORTOLONE,ANTIFUNGALS,ขย.9,,ยาระบบการติดเชื้อ,,ตู้ C8,หลอด,,100,,FALSE,FALSE,FALSE,117,155,,,,,,,
1000,100330,Nyst oral  12 ml -CP,NYSTATIN,ANTIFUNGALS,ขย.9,,ยาระบบการติดเชื้อ,,ตู้ C8,ขวด,,100,,FALSE,FALSE,FALSE,35,65,,,,,,,
1000,100331,Dermovate scalp application 30 ml -gsk,CLOBETASONE,STEROIDS,ขย.9,,ยาระบบการติดเชื้อ,,ตู้ C9,ขวด,,100,,FALSE,FALSE,FALSE,187,260,,,,,,,
1000,100332,Funginox Solution 2% spray 25 ml,KETOCONAZOLE,ANTIFUNGALS,ขย.9,,ยาระบบการติดเชื้อ,,ตู้ C9,กล่อง,,100,,FALSE,FALSE,FALSE,134,165,,,,,,,
1000,100333,Nizorol cream 20 g,KETOCONAZOLE,ANTIFUNGALS,ขย.9,,ยาระบบการติดเชื้อ,,ตู้ C9,หลอด,,100,,FALSE,FALSE,FALSE,152,195,,,,,,,
1000,100334,nizoral cream  5g,KETOCONAZOLE,ANTIFUNGALS,ขย.9,,ยาระบบการติดเชื้อ,,ตู้ C9,หลอด,,100,,FALSE,FALSE,FALSE,46.5,74,,,,,,,
1000,100335,Kela lotion 60 ml -TO,TRIAMCINOLONE,STEROIDS,ขย.9,,ยาระบบการติดเชื้อ,,ตู้ C9,ขวด,,100,,FALSE,FALSE,FALSE,37,60,,,,,,,
1000,100336,Zema cream 15 g,CLOTRIMAZOLE,ANTIFUNGALS,ขย.9,,ยาระบบการติดเชื้อ,,ตู้ C9,หลอด,,100,,FALSE,FALSE,FALSE,43.25,85,,,,,,,
1000,100337,Zema cream  5 g,CLOTRIMAZOLE,ANTIFUNGALS,ขย.9,,ยาระบบการติดเชื้อ,,ตู้ C9,หลอด,,100,,FALSE,FALSE,FALSE,20,39,,,,,,,
1000,100338,zema lotion 30 ml,SALICYLIC ACID,ANTIFUNGALS,ขย.9,,ยาระบบการติดเชื้อ,101226596,ตู้ C9,ขวด,,100,,FALSE,FALSE,FALSE,32,60,,,,,,,
1000,100339,Fango cream 15 g,CLOTRIMAZOLE,ANTIFUNGALS,ขย.9,,ยาระบบการติดเชื้อ,,ตู้ C9,หลอด,,100,,FALSE,FALSE,FALSE,25,70,,,,,,,
1000,100340,Canesten cream OD 10 g,BIFONAZOLE,ANTIFUNGALS,ขย.9,,ยาระบบการติดเชื้อ,,ตู้ C9,หลอด,,100,,FALSE,FALSE,FALSE,139,190,,,,,,,
1000,100341,Canesten Cream 10 g,CLOTRIMAZOLE,ANTIFUNGALS,ขย.9,,ยาระบบการติดเชื้อ,,ตู้ C9,หลอด,,100,,FALSE,FALSE,FALSE,83.5,125,,,,,,,
1000,100342,Lamazone cream 10g,CLOTRIMAZOLE,ANTIFUNGALS,ขย.9,,ยาระบบการติดเชื้อ,,ตู้ C9,หลอด,,100,,FALSE,FALSE,FALSE,36.5,70,,,,,,,
1000,100343,clotrimed lotion 1% 13ml,CLOTRIMAZOLE,ANTIFUNGALS,ขย.9,,ยาระบบการติดเชื้อ,,ตู้ C9,ขวด,,100,,FALSE,FALSE,FALSE,17.92,65,,,,,,,
1000,100344,TANOCS clotrimazole 15 ml,CLOTRIMAZOLE,ANTIFUNGALS,ขย.9,,ยาระบบการติดเชื้อ,,ตู้ C9,ขวด,,100,,FALSE,FALSE,FALSE,18.25,60,,,,,,,
1000,100345,KELA lotion 30 ml -TO,TRIAMCINOLONE,STEROIDS,ขย.9,,ยาระบบการติดเชื้อ,,ตู้ C9,ขวด,,100,,FALSE,FALSE,FALSE,25,45,,,,,,,
1000,100346,T.V. Lone 30 ml-T.MAN,TRIAMCINOLONE,STEROIDS,ขย.9,,ยาระบบการติดเชื้อ,,ตู้ C9,ขวด,,100,,FALSE,FALSE,FALSE,16.5,40,,,,,,,
1000,100347,T.V.Lone 60 ml-T.MAN,TRIAMCINOLONE,STEROIDS,ขย.9,,ยาระบบการติดเชื้อ,,ตู้ C9,ขวด,,100,,FALSE,FALSE,FALSE,26,55,,,,,,,
1000,100348,Glucosa 500 กล่องส้ม 10x10 cap-Bangkok Lab,GLUCOSAMINE,AMINOGLYCOSIDES,ขย.9,,ยาระบบกล้ามเนื้อ-ข้อต่อ,1A 320/49,ตู้ D1,กล่อง,,100,,FALSE,FALSE,FALSE,268,430,,,,,,,
1000,100349,Athril Powder 3.95g/ซอง-TO,GLUCOSAMINE,AMINOGLYCOSIDES,ขย.9,,ยาระบบกล้ามเนื้อ-ข้อต่อ,,ตู้ D1,ซอง,,100,,FALSE,FALSE,FALSE,7.87,15,,,,,,,
1000,100350,Millimed-Coxium Powder1500mg (ซอง),GLUCOSAMINE,AMINOGLYCOSIDES,ขย.9,,ยาระบบกล้ามเนื้อ-ข้อต่อ,,ตู้ D1,ซอง,,100,,FALSE,FALSE,FALSE,15.5,25,,,,,,,
1000,100351,Viartril-s powder 1500mg -MEDA,GLUCOSAMINE,AMINOGLYCOSIDES,ขย.9,,ยาระบบกล้ามเนื้อ-ข้อต่อ,,ตู้ D1,กล่อง,,100,,FALSE,FALSE,FALSE,980,1200,,,,,,,
1000,100352,Caltrate plus 60 tab-gsk,CALCIUM CARBONATE,VITAMINS & MINERALS,ขย.9,,ยาระบบกล้ามเนื้อ-ข้อต่อ,,ตู้ D1,กล่อง,,100,,FALSE,FALSE,FALSE,310,420,,,,,,,
1000,100353,Z-BEC 60 tab-gsk,VITAMIN B COMPLEX+MINERAL,VITAMINS & MINERALS,ขย.9,,ยาระบบกล้ามเนื้อ-ข้อต่อ,,ตู้ D1,กล่อง,,100,,FALSE,FALSE,FALSE,309,429,,,,,,,
1000,100354,Subsyde-CR 10's,DICLOFENAC,NSAIDs,ขย.9,,ยาระบบกล้ามเนื้อ-ข้อต่อ,,ตู้ D2,แผง,,100,,FALSE,FALSE,FALSE,52.5,89,,,,,,,
1000,100355,Votaren SR 75 mg 10's,DICLOFENAC,NSAIDs,ขย.9,,ยาระบบกล้ามเนื้อ-ข้อต่อ,,ตู้ D1,แผง,,100,,FALSE,FALSE,FALSE,130.66,150,,,,,,,
1000,100356,Glucosa 1500 powder LEMON 10ซอง,GLUCOSAMINE,AMINOGLYCOSIDES,ขย.9,,ยาระบบกล้ามเนื้อ-ข้อต่อ,,ตู้ D1,กล่อง,,100,,FALSE,FALSE,FALSE,270,450,,,,,,,
1000,100357,Caltrate silver 50+ 60's อายุ 50 ปีขึ้นไป,CALCIUM CARBONATE,VITAMINS & MINERALS,ขย.9,,ยาระบบกล้ามเนื้อ-ข้อต่อ,,ตู้ D1,กล่อง,,100,,FALSE,FALSE,FALSE,345,395,,,,,,,
1000,100358,Bakamol 100 tab-Meddic Pharma,PARACETAMOL,NSAIDs,ขย.9,,ยาระบบกล้ามเนื้อ-ข้อต่อ,,ตู้ D2,กระปุก,,100,,FALSE,FALSE,FALSE,68,125,,,,,,,
1000,100359,Tylenol 500 mg  (100 เม็ด)-OLIC Limited,PARACETAMOL,NSAIDs,ขย.9,,ยาระบบกล้ามเนื้อ-ข้อต่อ,,ตู้ D2,กระปุก,,100,,FALSE,FALSE,FALSE,116,145,,,,,,,
1000,100360,SARA 100 เม็ดกลม -TNP,PARACETAMOL,NSAIDs,ขย.9,,ยาระบบกล้ามเนื้อ-ข้อต่อ,,ตู้ D2,กระปุก,,100,,FALSE,FALSE,FALSE,105,125,,,,,,,
1000,100361,MYMOL (100เม็ด/กระปุก)-B.P.O. (BURAPA),PARACETAMOL,NSAIDs,ขย.9,,ยาระบบกล้ามเนื้อ-ข้อต่อ,,ตู้ D2,กระปุก,,100,,FALSE,FALSE,FALSE,44,89,,,,,,,
1000,100362,MYMOL ฟ้า-ขาว(100เม็ด/กระปุก)-B.P.O. (BURAPA),PARACETAMOL,NSAIDs,ขย.9,,ยาระบบกล้ามเนื้อ-ข้อต่อ,,ตู้ D2,กระปุก,,100,,FALSE,FALSE,FALSE,22,59,,,,,,,
1000,100363,Cemol 100 tab -CPL,PARACETAMOL,NSAIDs,ขย.9,,ยาระบบกล้ามเนื้อ-ข้อต่อ,,ตู้ D2,กระปุก,,100,,FALSE,FALSE,FALSE,26,65,,,,,,,
1000,100364,SARA (100's) เม็ดรี -TNP,PARACETAMOL,NSAIDs,ขย.9,,ยาระบบกล้ามเนื้อ-ข้อต่อ,,ตู้ D2,กระปุก,,100,,FALSE,FALSE,FALSE,110,125,,,,,,,
1000,100365,PARA cap 100's,PARACETAMOL,NSAIDs,ขย.9,,ยาระบบกล้ามเนื้อ-ข้อต่อ,,ตู้ D2,กระปุก,,100,,FALSE,FALSE,FALSE,44.5,95,,,,,,,
1000,100366,Cemol white-blue 100 tab -CPL,PARACETAMOL,NSAIDs,ขย.9,,ยาระบบกล้ามเนื้อ-ข้อต่อ,,ตู้ D2,กระปุก,,100,,FALSE,FALSE,FALSE,32.5,65,,,,,,,
1000,100367,Calcium-D 60 cap - MEGA,CALCIUM+VITAMIN D,VITAMINS & MINERALS,ขย.9,,ยาระบบกล้ามเนื้อ-ข้อต่อ,,ตู้ D2,กระปุก,,100,,FALSE,FALSE,FALSE,180,395,,,,,,,
1000,100368,Caltab 1250 mg 10 tab - millimed,CALCIUM CARBONATE,VITAMINS & MINERALS,ขย.9,,ยาระบบกล้ามเนื้อ-ข้อต่อ,,ตู้ D2,แผง,,100,,FALSE,FALSE,FALSE,9.9,22,,,,,,,
1000,100369,Veenac 25  10 tab -Medicine products,DICLOFENAC,NSAIDs,ขย.9,,ยาระบบกล้ามเนื้อ-ข้อต่อ,,ตู้ D3,แผง,,100,,FALSE,FALSE,FALSE,4,50,,,,,,,
1000,100370,vesconac 25  แบ่งขาย 10 tab-Vesco,DICLOFENAC,NSAIDs,ขย.9,,ยาระบบกล้ามเนื้อ-ข้อต่อ,,ตู้ D3,ซอง,,100,,FALSE,FALSE,FALSE,1.25,35,,,,,,,
1000,100371,Veenac 50 mg 10 tab -Medicine products,DICLOFENAC,NSAIDs,ขย.9,,ยาระบบกล้ามเนื้อ-ข้อต่อ,,ตู้ D3,แผง,,100,,FALSE,FALSE,FALSE,6,50,,,,,,,
1000,100372,Vesconac 50  แบ่งขาย 10 tab-Vesco,DICLOFENAC,NSAIDs,ขย.9,,ยาระบบกล้ามเนื้อ-ข้อต่อ,,ตู้ D3,ซอง,,100,,FALSE,FALSE,FALSE,2.3,45,,,,,,,
1000,100373,Lesflam 50 mg 10 tab-Medline,DICLOFENAC POTASSIUM,NSAIDs,ขย.9,,ยาระบบกล้ามเนื้อ-ข้อต่อ,,ตู้ D3,แผง,,100,,FALSE,FALSE,FALSE,13,50,,,,,,,
1000,100374,N-zen 50 mg 10 tab-TCP,DICLOFENAC,NSAIDs,ขย.9,,ยาระบบกล้ามเนื้อ-ข้อต่อ,10-1-10752-5-008,ตู้ D3,แผง,,100,,FALSE,FALSE,FALSE,12.3334,30,,,,,,,
1000,100375,Difelene 50 mg กล่องแดง 10 tab -TNP,DICLOFENAC,NSAIDs,ขย.9,,ยาระบบกล้ามเนื้อ-ข้อต่อ,,ตู้ D3,แผง/กล่อง,,100,,FALSE,FALSE,FALSE,16,29,,,,,,,
1000,100376,Difelene 25 mg กล่องสีฟ้า 10 tab-TNP,DICLOFENAC,NSAIDs,ขย.9,,ยาระบบกล้ามเนื้อ-ข้อต่อ,,ตู้ D3,แผง/กล่อง,,100,,FALSE,FALSE,FALSE,10,24,,,,,,,
1000,100377,Sonap 275 mg 10 tab-SPS,NAPROXEN SODIUM,NSAIDs,ขย.9,,ยาระบบกล้ามเนื้อ-ข้อต่อ,1A 594/40,ตู้ D4,แผง,,100,,FALSE,FALSE,FALSE,15.5,40,,,,,,,
1000,100378,Soproxen (275 mg) 10 tab-Berlin,NAPROXEN SODIUM,NSAIDs,ขย.9,,ยาระบบกล้ามเนื้อ-ข้อต่อ,,ตู้ D4,แผง,,100,,FALSE,FALSE,FALSE,17.5,45,,,,,,,
1000,100379,Sonap forte (550 mg) 1x10-SPS,NAPROXEN SODIUM,NSAIDs,ขย.9,,ยาระบบกล้ามเนื้อ-ข้อต่อ,,ตู้ D4,แผง/กล่อง,,100,,FALSE,FALSE,FALSE,38,79,,,,,,,
1000,100380,Neotica 20mg 10 cap-TNP,PIROXICAM,NSAIDs,ขย.9,,ยาระบบกล้ามเนื้อ-ข้อต่อ,,ตู้ D4,แผง/กล่อง,,100,,FALSE,FALSE,FALSE,16,39,,,,,,,
1000,100381,Piroxicam 20 mg  10 tab-Rx,PIROXICAM,NSAIDs,ขย.9,,ยาระบบกล้ามเนื้อ-ข้อต่อ,,ตู้ D4,แผง,,100,,FALSE,FALSE,FALSE,8,35,,,,,,,
1000,100382,Carpirox 20 *10 cap-Chankit trading,PIROXICAM,NSAIDs,ขย.9,,ยาระบบกล้ามเนื้อ-ข้อต่อ,,ตู้ D4,แผง/กล่อง,,100,,FALSE,FALSE,FALSE,17.5,39,,,,,,,
1000,100383,Capirox-10 *10 cap-Chankit trading,PIROXICAM,NSAIDs,ขย.9,,ยาระบบกล้ามเนื้อ-ข้อต่อ,,ตู้ D4,แผง/กล่อง,,100,,FALSE,FALSE,FALSE,16,28,,,,,,,
1000,100384,POX 109 10 cap-H.K.,PIROXICAM,NSAIDs,ขย.9,,ยาระบบกล้ามเนื้อ-ข้อต่อ,,ตู้ D4,แผง/กล่อง,,100,,FALSE,FALSE,FALSE,20,35,,,,,,,
1000,100385,Pircam 20 mg 10 cap,PIROXICAM,NSAIDs,ขย.9,,ยาระบบกล้ามเนื้อ-ข้อต่อ,,ตู้ D4,แผง/กล่อง,,100,,FALSE,FALSE,FALSE,23.5,49,,,,,,,
1000,100386,Melobic 7.5 mg 10 tab-TO,MELOXICAM,NSAIDs,ขย.9,,ยาระบบกล้ามเนื้อ-ข้อต่อ,,ตู้ D4,แผง,,100,,FALSE,FALSE,FALSE,26,55,,,,,,,
1000,100387,Noxa 20 mg 10 cap-Krungdheb,PIROXICAM,NSAIDs,ขย.9,,ยาระบบกล้ามเนื้อ-ข้อต่อ,,ตู้ D4,แผง/กล่อง,,100,,FALSE,FALSE,FALSE,13,25,,,,,,,
1000,100388,ทัมใจ  ยกกล่อง 100 ซอง,ASPIRIN,NSAIDs,ขย.9,,ยาระบบกล้ามเนื้อ-ข้อต่อ,,ตู้ D5,กล่อง,,100,,FALSE,FALSE,FALSE,115,175,,,,,,,
1000,100389,ทัมใจ ตรากิเลน 0.87 กรัม,ASPIRIN,NSAIDs,ขย.9,,ยาระบบกล้ามเนื้อ-ข้อต่อ,A106132,ตู้ D5,ซอง,,100,,FALSE,FALSE,FALSE,1.6,4,,,,,,,
1000,100390,Solufen 400 mg 10 Softgel-berlin,IBUPROFEN,NSAIDs,ขย.9,,ยาระบบกล้ามเนื้อ-ข้อต่อ,,ตู้ D5,แผง/กล่อง,,100,,FALSE,FALSE,FALSE,49.5,99,,,,,,,
1000,100391,ibucap 400mg 10 softgel -Millimed,IBUPROFEN,NSAIDs,ขย.9,,ยาระบบกล้ามเนื้อ-ข้อต่อ,,ตู้ D5,แผง/กล่อง,,100,,FALSE,FALSE,FALSE,48,99,,,,,,,
1000,100392,Gofen 400 mg 10cap-MEGA,IBUPROFEN,NSAIDs,ขย.9,,ยาระบบกล้ามเนื้อ-ข้อต่อ,,ตู้ D5,แผง/กล่อง,,100,,FALSE,FALSE,FALSE,81,100,,,,,,,
1000,100393,Zobrex 200 mg 10 cap-Macrophar,CELECOXIB,NSAIDs,ขย.9,,ยาระบบกล้ามเนื้อ-ข้อต่อ,,ตู้ D5,แผง/กล่อง,,100,,FALSE,FALSE,FALSE,58,115,,,,,,,
1000,100394,Torcozia 90 mg 10tab,ETORICOXIB,NSAIDs,ขย.9,,ยาระบบกล้ามเนื้อ-ข้อต่อ,,ตู้ D5,แผง/กล่อง,,100,,FALSE,FALSE,FALSE,95,155,,,,,,,
1000,100395,Biocoxib 90 mg  5 tab-Biopharn,ETORICOXIB,NSAIDs,ขย.9,,ยาระบบกล้ามเนื้อ-ข้อต่อ,,ตู้ D5,แผง,,100,,FALSE,FALSE,FALSE,84.8,149,,,,,,,
1000,100396,Biocoxib 120mg 5 tab-Biopharn,ETORICOXIB,NSAIDs,ขย.9,,ยาระบบกล้ามเนื้อ-ข้อต่อ,,ตู้ D5,แผง,,100,,FALSE,FALSE,FALSE,89,185,,,,,,,
1000,100397,JAPROLOX 60mg 20tab-Daiichi sankyo,LOXOPROFEN,NSAIDs,ขย.9,,ยาระบบกล้ามเนื้อ-ข้อต่อ,,ตู้ D5,กล่อง,,100,,FALSE,FALSE,FALSE,138,189,,,,,,,
1000,100398,Arcoxia 60 mg 5 tab-MSD,ETORICOXIB,NSAIDs,ขย.9,,ยาระบบกล้ามเนื้อ-ข้อต่อ,,ตู้ D5,แผง,,100,,FALSE,FALSE,FALSE,180,225,,,,,,,
1000,100399,Arcoxia 90 mg 5 tab-MSD,ETORICOXIB,NSAIDs,ขย.9,,ยาระบบกล้ามเนื้อ-ข้อต่อ,,ตู้ D5,แผง,,100,,FALSE,FALSE,FALSE,175,245,,,,,,,
1000,100400,Arcoxia 120 mg 5 tab-MSD,ETORICOXIB,NSAIDs,ขย.9,,ยาระบบกล้ามเนื้อ-ข้อต่อ,,ตู้ D5,แผง,,100,,FALSE,FALSE,FALSE,217,300,,,,,,,
1000,100401,BAKAMOL 500 mg (10เม็ด),PARACETAMOL,NSAIDs,ขย.9,,ยาระบบกล้ามเนื้อ-ข้อต่อ,,ตู้ D6,แผง,,100,,FALSE,FALSE,FALSE,6.8,11,12,,,,,,
1000,100402,PARACAP 500 mg (10 เม็ด),PARACETAMOL,NSAIDs,ขย.9,,ยาระบบกล้ามเนื้อ-ข้อต่อ,,ตู้ D6,แผง,,100,,FALSE,FALSE,FALSE,7.1,10,,,,,,,
1000,100403,SARA 500 mg เม็ด รี 10 เม็ด,PARACETAMOL,NSAIDs,ขย.9,,ยาระบบกล้ามเนื้อ-ข้อต่อ,1A 109/57,ตู้ D6,แผง,,100,,FALSE,FALSE,FALSE,9.75,12,,,,,,,
1000,100404,SARA 500mg เม็ด กลม 10 เม็ด,PARACETAMOL,NSAIDs,ขย.9,,ยาระบบกล้ามเนื้อ-ข้อต่อ,1A 109/57,ตู้ D6,แผง,,100,,FALSE,FALSE,FALSE,9.75,12,14,,,,,,
1000,100405,Tylenol 500 mg (10 เม็ด),PARACETAMOL,NSAIDs,ขย.9,,ยาระบบกล้ามเนื้อ-ข้อต่อ,,ตู้ D6,แผง,,100,,FALSE,FALSE,FALSE,11.3,15,,,,,,,
1000,100406,Probufen 600 mg  10 tab,IBUPROFEN,NSAIDs,ขย.9,,ยาระบบกล้ามเนื้อ-ข้อต่อ,1A 13/57,ตู้ D6,แผง,,100,,FALSE,FALSE,FALSE,8.7,60,,,,,,,
1000,100407,CEFEN 400 mg 10 tab-CPL,IBUPROFEN,NSAIDs,ขย.9,,ยาระบบกล้ามเนื้อ-ข้อต่อ,,ตู้ D6,แผง,,100,,FALSE,FALSE,FALSE,5.4,40,,,,,,,
1000,100408,Nurofen 400 mg  6 tab,IBUPROFEN,NSAIDs,ขย.9,,ยาระบบกล้ามเนื้อ-ข้อต่อ,,ตู้ D6,แผง,,100,,FALSE,FALSE,FALSE,38.5,55,,,,,,,
1000,100409,ibuman-plus 10 tab-T.MAN pharma,PARACETAMOL+IBUPROFEN,NSAIDs,ขย.9,,ยาระบบกล้ามเนื้อ-ข้อต่อ,,ตู้ D6,แผง,,100,,FALSE,FALSE,FALSE,17,55,,,,,,,
1000,100410,COLY 500 mg 10 tab -Px Chumchon,MEFENAMIC ACID,NSAIDs,ขย.9,,ยาระบบกล้ามเนื้อ-ข้อต่อ,,ตู้ D7,แผง,,100,,FALSE,FALSE,FALSE,8.8,40,,,,,,,
1000,100411,Fespa 500 mg 10tab-TNP,MEFENAMIC ACID,NSAIDs,ขย.9,,ยาระบบกล้ามเนื้อ-ข้อต่อ,,ตู้ D7,แผง/กล่อง,,100,,FALSE,FALSE,FALSE,17.5,45,,,,,,,
1000,100412,Spamus 50 mg 10tab-T.MAN,TOLPERISONE,MUSCLE RELAXANTS,ขย.9,,ยาระบบกล้ามเนื้อ-ข้อต่อ,,ตู้ D7,แผง,,100,,FALSE,FALSE,FALSE,4.7,30,,,,,,,
1000,100413,Biocalm 50 mg 10 tab-Biopharm,TOLPERISONE,MUSCLE RELAXANTS,ขย.9,,ยาระบบกล้ามเนื้อ-ข้อต่อ,,ตู้ D7,แผง,,100,,FALSE,FALSE,FALSE,8.9,35,,,,,,,
1000,100414,Myonal 50 mg 10 tab-Eisai,TOLPERISONE,MUSCLE RELAXANTS,ขย.9,,ยาระบบกล้ามเนื้อ-ข้อต่อ,,ตู้ D7,แผง,,100,,FALSE,FALSE,FALSE,66,89,,,,,,,
1000,100415,Reparil Dragees 20mg 10tab-Meda,AESCIN,ANTI-INFLAMMATORY ENZYMES,ขย.9,,ยาระบบกล้ามเนื้อ-ข้อต่อ,,ตู้ D8,แผง,,100,,FALSE,FALSE,FALSE,52,65,,,,,,,
1000,100416,Reparil gel N 10 g-MEDA,AESCIN,ANTI-INFLAMMATORY ENZYMES,ขย.9,,ยาระบบกล้ามเนื้อ-ข้อต่อ,,ตู้ D8,หลอด,,100,,FALSE,FALSE,FALSE,59,90,,,,,,,
1000,100417,Leftose 30 mg 10's -Kenyaku,LYSOZYME HCL,ANTI-INFLAMMATORY ENZYMES,ขย.9,,ยาระบบกล้ามเนื้อ-ข้อต่อ,,ตู้ D8,แผง,,100,,FALSE,FALSE,FALSE,16.8,45,,,,,,,
1000,100418,PROCTASE-P 10 cap-Meiji,PROCTASE,ANTI-INFLAMMATORY ENZYMES,ขย.9,,ยาระบบกล้ามเนื้อ-ข้อต่อ,,ตู้ D8,แผง,,100,,FALSE,FALSE,FALSE,19.5,45,,,,,,,
1000,100419,ORANO 10 tab-Unison,PARACETAMOL + ORPHENADRINE,NSAIDs,ขย.9,,ยาระบบกล้ามเนื้อ-ข้อต่อ,,ตู้ D8,แผง,,100,,FALSE,FALSE,FALSE,8.94,45,,,,,,,
1000,100637,cesoline W 10's,HYDRALAZINE,ANTIHYPERTENSIVES,ขย.9,,ยาในโรคเรื้อรัง (Drug for,,ตู้ G4,แผง,,100,,FALSE,FALSE,FALSE,15,30,,,,,,,
1000,100420,Myopas สูตร norgisic 10 tab-T.MAN,PARACETAMOL + ORPHENADRINE,NSAIDs,ขย.9,,ยาระบบกล้ามเนื้อ-ข้อต่อ,,ตู้ D8,แผง,,100,,FALSE,FALSE,FALSE,5,30,,,,,,,
1000,100421,Torrent 10 tab,PARACETAMOL + ORPHENADRINE,NSAIDs,ขย.9,,ยาระบบกล้ามเนื้อ-ข้อต่อ,,ตู้ D8,แผง/กล่อง,,100,,FALSE,FALSE,FALSE,14.5,35,,,,,,,
1000,100422,Norgisic 20 tab,PARACETAMOL + ORPHENADRINE,NSAIDs,ขย.9,,ยาระบบกล้ามเนื้อ-ข้อต่อ,,ตู้ D8,กล่อง,,100,,FALSE,FALSE,FALSE,58,75,,,,,,,
1000,100423,Guttru Dual 10ml,SODIUM ALGINATE+BICARBONARE+CARBONATE,ANTIACIDS,ขย.9,,ยาทางเดินอาหาร,2A 4/63,ตู้ E1,ซอง,,100,,FALSE,FALSE,FALSE,15.75,19,,,,,,,
1000,100424,Gaviscon Dual action 10 ml ซองสีชมพู,SODIUM ALGINATE+BICARBONARE+CARBONATE,ANTIACIDS,ขย.9,,ยาทางเดินอาหาร,,ตู้ E1,ซอง,,100,,FALSE,FALSE,FALSE,22.83334,32,,,,,,,
1000,100425,Amogin-gel  15 ml,ALUMINIUM+MAGNESIUM OH+SIMETHICONE,ANTIACIDS,ขย.9,,ยาทางเดินอาหาร,,ตู้ E1,ซอง,,100,,FALSE,FALSE,FALSE,3.56,10,,,,,,,
1000,100426,Gaviscon suspension 10 ml ซองฟ้า,SODIUM ALGINATE+CARBONATE,ANTIACIDS,ขย.9,,ยาทางเดินอาหาร,,ตู้ E1,ซอง,,100,,FALSE,FALSE,FALSE,20.83334,28,,,,,,,
1000,100427,Ulgastrin 42 tab-greater pharma,GLYCYRRHIZINE SICCUM+ALUMINIUM+BISMUSMUTH+SODIUM SULPHATE,ANTIACIDS,ขย.9,,ยาทางเดินอาหาร,,ตู้ E2,กระปุก,,100,,FALSE,FALSE,FALSE,118,195,,,,,,,
1000,100428,Magesto-F 3 layers 100's,CALCIUM CARBONATE,ANTIACIDS,ขย.9,,ยาทางเดินอาหาร,,ตู้ E2,กระปุก,,100,,FALSE,FALSE,FALSE,70,125,,,,,,,
1000,100429,Ulcefate suspension 60 ml,SUCRALFATE,ANTIACIDS,ขย.9,,ยาทางเดินอาหาร,1A 486/33,ตู้ E2,กระปุก,,100,,FALSE,FALSE,FALSE,149,165,,,,,,,
1000,100430,BELCID SUSPENSION 240 ML สีเขียว,ALUMINIUM+MAGNESIUM OH+SIMETHICONE,ANTIACIDS,ขย.9,,ยาทางเดินอาหาร,2A 171/29,ตู้ E2,ขวด,,100,,FALSE,FALSE,FALSE,33,65,,,,,,,
1000,100431,Antacil GEL 240 ML,ALUMINIUM+MAGNESIUM OH+SIMETHICONE,ANTIACIDS,ขย.9,,ยาทางเดินอาหาร,2A 356/29,ตู้ E2,ขวด,,100,,FALSE,FALSE,FALSE,43.5,60,,,,,,,
1000,100432,BOWA GEL 240 ML,ALUMINIUM+MAGNESIUM OH+SIMETHICONE,ANTIACIDS,ขย.9,,ยาทางเดินอาหาร,2A 25/49,ตู้ E2,ขวด,,100,,FALSE,FALSE,FALSE,33,60,,,,,,,
1000,100433,Belcid  forte 240 ml สีน้ำเงิน ***ขับลม,ALUMINIUM+MAGNESIUM OH+SIMETHICONE,ANTIDIARRHOEALS,ขย.9,,ยาทางเดินอาหาร,2A 16/60,ตู้ E2,ขวด,,100,,FALSE,FALSE,FALSE,33,60,55,,,,,,
1000,100434,ZIGA Gel 240 ml,ALUMINIUM+MAGNESIUM OH+SIMETHICONE,ANTIACIDS,ขย.9,,ยาทางเดินอาหาร,2A 30/40,ตู้ E2,ขวด,,100,,FALSE,FALSE,FALSE,54,75,,,,,,,
1000,100435,AMOGIN-Gel 240 ML,ALUMINIUM+MAGNESIUM OH+SIMETHICONE,ANTIACIDS,ขย.9,,ยาทางเดินอาหาร,2A 101/52,ตู้ E2,ขวด,,100,,FALSE,FALSE,FALSE,32,65,,,,,,,
1000,100436,MAALOX I ALUM MILK 240 ML,ALUMINIUM HYDROXIDE+MAGNESIUM HYDROXIDE,ANTIACIDS,ขย.9,,ยาทางเดินอาหาร,2A 78/59,ตู้ E2,ขวด,,100,,FALSE,FALSE,FALSE,59.5,75,,,,,,,
1000,100437,Guttru Dual 150 ml ขวดสีส้ม,ACETYLCYSTEINE,ANTIDIARRHOEALS,ขย.9,,ยาทางเดินอาหาร,2A 4/63,ตู้ E3,ขวด,,100,,FALSE,FALSE,FALSE,225,310,295,,,,,,
1000,100438,GAVISCON suspension 150ml ขวดฟ้า,SODIUM ALGINATE+BICARBONARE+CARBONATE,ANTIACIDS,ขย.9,,ยาทางเดินอาหาร,2C 39/41,ตู้ E3,ขวด,,100,,FALSE,FALSE,FALSE,215,300,,,,,,,
1000,100439,GAVISCON DUAL 150ml ขวดชมพู,SODIUM ALGINATE+BICARBONARE+CARBONATE,ANTIACIDS,ขย.9,,ยาทางเดินอาหาร,2C 89/52,ตู้ E2,ขวด,,100,,FALSE,FALSE,FALSE,310,375,,,,,,,
1000,100440,ยาธาตุน้ำขาว 200 ml (ไทยนคร),SALOL + MENTHOL,ANTIACIDS,ขย.9,,ยาทางเดินอาหาร,2A 141/56,ตู้ E3,ขวด,,100,,FALSE,FALSE,FALSE,48.5,63,,,,,,,
1000,100441,ธาตุน้ำขาวตรากระต่ายบินเล็ก 50 ml,SALOL + MENTHOL,ANTIACIDS,ขย.9,,ยาทางเดินอาหาร,2A 9/63,ตู้ E3,ขวด,,100,,FALSE,FALSE,FALSE,17,20,,,,,,,
1000,100442,ธาตุน้ำขาวตรากระต่ายบิน 200 ml,SALOL + MENTHOL,ANTIACIDS,ขย.9,,ยาทางเดินอาหาร,2A 9/63,ตู้ E3,ขวด,,100,,FALSE,FALSE,FALSE,52.25,65,,,,,,,
1000,100443,ยาธาตุน้ำขาว สหการ 200 ml,SALOL + MENTHOL,ANTIACIDS,ขย.9,,ยาทางเดินอาหาร,2A 43/53,ตู้ E3,ขวด,,100,,FALSE,FALSE,FALSE,31.5,60,,,,,,,
1000,100444,diasgest tablets 10's,ALUMINIUM HYDROXIDE+MAGNESIUM HYDROXIDE,DIGESTIVE ENZYMES/DIGESTIVES,ขย.9,,ยาทางเดินอาหาร,2A 1166/27,ตู้ E3,แผง,,100,,FALSE,FALSE,FALSE,17.5,20,,,,,,,
1000,100445,Combizym tablet 10's,PANCREATIN,DIGESTIVE ENZYMES/DIGESTIVES,ขย.9,,ยาทางเดินอาหาร,2C 12/59,ตู้ E3,แผง,,100,,FALSE,FALSE,FALSE,52.3,75,,,,,,,
1000,100446,Gaszym 10's,SIMETHICONE+PANCREATIN,DIGESTIVE ENZYMES/DIGESTIVES,ขย.9,,ยาทางเดินอาหาร,2A 311/41,ตู้ E3,แผง,,100,,FALSE,FALSE,FALSE,22.6,40,,,,,,,
1000,100447,MEGA AVARIN 10's,SIMETHICONE+ALVERINE CITRATE,DIGESTIVE ENZYMES/DIGESTIVES,ขย.9,,ยาทางเดินอาหาร,2A 135/50,ตู้ E3,แผง/กล่อง,,100,,FALSE,FALSE,FALSE,60,80,,,,,,,
1000,100448,PUdin HAra 10's,CARMINATIVE+ANTIFLATULENCE,DIGESTIVE ENZYMES/DIGESTIVES,ขย.9,,ยาทางเดินอาหาร,K 2/51,ตู้ E4,แผง,,100,,FALSE,FALSE,FALSE,18,40,,,,,,,
1000,100449,Belfesh Mint Balls (BIOPHARM) 10 balls,CARMINATIVE+ANTIFLATULENCE,DIGESTIVE ENZYMES/DIGESTIVES,ขย.9,,ยาทางเดินอาหาร,G761/63,ตู้ E4,แผง,,100,,FALSE,FALSE,FALSE,14,40,,,,,,,
1000,100450,KREMIL_S สีส้ม 10's,ALUMINIUM+MAGNESIUM OH+SIMETHICONE+DICYCLOMINE HCL,ANTIACIDS,ขย.9,,ยาทางเดินอาหาร,2A 514/53,ตู้ E4,แผง,,100,,FALSE,FALSE,FALSE,17,35,,,,,,,
1000,100451,Berclomin tab 10's,DICYCLOMINE+SIMETHICONE,ANTISPASMODICS,ขย.9,,ยาทางเดินอาหาร,,ตู้ E4,แผง,,100,,FALSE,FALSE,FALSE,9.5,35,,,,,,,
1000,100452,Pro ABS tablet 10's,ACTIVATED CHARCOAL+MAGNESIUM+BELLADONNA+PEPERMINT OIL,ANTISPASMODICS,ขย.9,,ยาทางเดินอาหาร,2A 527/30,ตู้ E4,แผง,,100,,FALSE,FALSE,FALSE,12,40,,,,,,,
1000,100453,SULCAIN tablets 10's,SULCAIN+MAGCERIN,DIGESTIVE ENZYMES/DIGESTIVES,ขย.9,,ยาทางเดินอาหาร,2A 1162/29,ตู้ E4,แผง,,100,,FALSE,FALSE,FALSE,19,45,,,,,,,
1000,100454,Dioxzye 80 mg (10 tab) รสมิ้น,SIMETHICONE,ANTIFLATULANCES,ขย.9,,ยาทางเดินอาหาร,1A 445/45,ตู้ E4,แผง,,100,,FALSE,FALSE,FALSE,13.46,17,,,,,,,
1000,100455,Dioxzye 80 mg (10 tab) รสส้ม,SIMETHICONE,ANTIFLATULANCES,ขย.9,,ยาทางเดินอาหาร,1A 163/49,ตู้ E4,แผง,,100,,FALSE,FALSE,FALSE,13.45,17,,,,,,,
1000,100456,AIR-X ส้ม 10's,SIMETHICONE,ANTIFLATULANCES,ขย.9,,ยาทางเดินอาหาร,,ตู้ E4,แผง,,100,,FALSE,FALSE,FALSE,11.3,15,,,,,,,
1000,100457,AIR-X มะนาว 10's,SIMETHICONE,ANTIFLATULANCES,ขย.9,,ยาทางเดินอาหาร,,ตู้ E4,แผง,,100,,FALSE,FALSE,FALSE,13,15,,,,,,,
1000,100458,AIR-X มิ้น 10's,SIMETHICONE,ANTIFLATULANCES,ขย.9,,ยาทางเดินอาหาร,,ตู้ E4,แผง,,100,,FALSE,FALSE,FALSE,13,17,19,,,,,,
1000,100459,air-x 120  10's,SIMETHICONE,ANTIFLATULANCES,ขย.9,,ยาทางเดินอาหาร,,ตู้ E4,แผง,,100,,FALSE,FALSE,FALSE,14.6,25,,,,,,,
1000,100460,ANTACIL TAB 10's,ALUMINIUM HYDROXIDE+MAGNESIUM HYDROXIDE,ANTIACIDS,ขย.9,,ยาทางเดินอาหาร,,ตู้ E4,แผง,,100,,FALSE,FALSE,FALSE,9.9,13,,,,,,,
1000,100461,ENO รสมะนาว (4.3g),ACETYLCYSTEINE,ANTIDIARRHOEALS,ขย.9,,ยาทางเดินอาหาร,2C 35/59,ตู้ E4,ซอง,,100,,FALSE,FALSE,FALSE,10.5,13,15,,,,,,
1000,100462,ENO รสส้ม (4.3g),ACETYLCYSTEINE,ANTIDIARRHOEALS,ขย.9,,ยาทางเดินอาหาร,2C 30/59,ตู้ E4,ซอง,,100,,FALSE,FALSE,FALSE,10.75,13,15,,,,,,
1000,100463,Miracid 20 mg 10 cap,OMEPRAZOLE,ANTIACID,ขย.9,,ยาทางเดินอาหาร,1A 485/36,ตู้ E5,แผง,,100,,FALSE,FALSE,FALSE,17.2,45,,,,,,,
1000,100464,MIRACID 20 mg 14'cap,OMEPRAZOLE,ANTIACID,ขย.9,,ยาทางเดินอาหาร,1A 485/36,ตู้ E5,กล่อง,,100,,FALSE,FALSE,FALSE,32,55,,,,,,,
1000,100465,Omesan 20 mg 10'cap,OMEPRAZOLE,ANTIACID,ขย.9,,ยาทางเดินอาหาร,1A 249/58,,แผง,,100,,FALSE,FALSE,FALSE,5.8,40,,,,,,,
1000,100466,Omesec 20 mg 2X7 capsules,OMEPRAZOLE,ANTIACIDS,ขย.9,,ยาทางเดินอาหาร,1A 19/44,ตู้ E5,แผง/กล่อง,,100,,FALSE,FALSE,FALSE,25.5,50,,,,,,,
1000,100467,GPO omeprazole 20 mg 10'cap,OMEPRAZOLE,ANTIACIDS,ขย.9,,ยาทางเดินอาหาร,1A 269/57,ตู้ E5,แผง,,100,,FALSE,FALSE,FALSE,6.8,40,,,,,,,
1000,100468,ULSAMET 400 mg 10's,CIMETIDINE,Upper/Lower GI,ขย.9,,ยาทางเดินอาหาร,1A 508/33,ตู้ E5,แผง,,100,,FALSE,FALSE,FALSE,14.2,45,,,,,,,
1000,100469,Ulcemet 400 mg นับเม็ด 10's,CIMETIDINE,Upper/Lower GI,ขย.9,,ยาทางเดินอาหาร,1A 782/31,ตู้ E5,ซอง,,100,,FALSE,FALSE,FALSE,11.4,35,,,,,,,
1000,100470,PEPFAMIN 20mg 10's,FAMOTIDINE,Upper/Lower GI,ขย.9,,ยาทางเดินอาหาร,1A 236/35,ตู้ E5,แผง,,100,,FALSE,FALSE,FALSE,18.5,50,,,,,,,
1000,100471,Siamidine 400 mg 10's,CIMETIDINE,Upper/Lower GI,ขย.9,,ยาทางเดินอาหาร,1A 38/30,ตู้ E5,แผง,,100,,FALSE,FALSE,FALSE,13.3,30,,,,,,,
1000,100472,MUCOSTA 100 mg,REBAMIPIDE,Upper/Lower GI,ขย.9,,ยาทางเดินอาหาร,1C 104/46(N),ตู้ E5,แผง,,100,,FALSE,FALSE,FALSE,8.3,55,,,,,,,
1000,100473,Soda Mint 100 tab,SODIUM BICARBONATE+PEPERMINT OIL,DIGESTIVE ENZYMES/DIGESTIVES,ขย.9,,ยาทางเดินอาหาร,1A 908/29,ตู้ E5,กระปุก,,100,,FALSE,FALSE,FALSE,10,55,,,,,,,
1000,100474,DEHECTA suspension 20ml (vanila&strawberry),DIOCTAHEDRAL SMECTITE,ANTIDIARRHOEALS,ขย.9,,ยาทางเดินอาหาร,1C 175/53,ตู้ E6,ซอง,,100,,FALSE,FALSE,FALSE,23.35,39,,,,,,,
1000,100475,Smecta  3g (vanila&orange),DIOCTAHEDRAL SMECTITE,ANTIDIARRHOEALS,ขย.9,,ยาทางเดินอาหาร,1C 108/53,ตู้ E6,ซอง,,100,,FALSE,FALSE,FALSE,13,20,,,,,,,
1000,100476,CERA ORS orange flavored 4.2 g,GLUCOSE,ANTIDIARRHOEALS,ขย.9,,ยาทางเดินอาหาร,2A 52/54,ตู้ E6,ซอง,,100,,FALSE,FALSE,FALSE,1.42,5,,,,,,,
1000,100477,Oreda R.O orange 3.3 g,GLUCOSE,ANTIDIARRHOEALS,ขย.9,,ยาทางเดินอาหาร,2A 108/48,ตู้ E6,ซอง,,100,,FALSE,FALSE,FALSE,1.6,5,,,,,,,
1000,100478,olyne-dfk for children 4.5 g,DEXTROSE ANHYDROUS,ANTIDIARRHOEALS,ขย.9,,ยาทางเดินอาหาร,2A 3/36,ตู้ E6,ซอง,,100,,FALSE,FALSE,FALSE,1.4,5,,,,,,,
1000,100479,OSAR R.O 5.5 g,GLUCOSE,ANTIDIARRHOEALS,ขย.9,,ยาทางเดินอาหาร,2A 157/48,ตู้ E6,ซอง,,100,,FALSE,FALSE,FALSE,1.94,5,,,,,,,
1000,100480,DELTACARBON 10's,MEDICINAL CHARCOAL,ANTIDIARRHOEALS,ขย.9,,ยาทางเดินอาหาร,1A 449/49,ตู้ E6,แผง/กล่อง,,100,,FALSE,FALSE,FALSE,23,35,,,,,,,
1000,100481,CA-R-BON 10'S [GREATER] ,MEDICINAL CHARCOAL,ANTIDIARRHOEALS,ขย.9,,ยาทางเดินอาหาร,1A 106/55,ตู้ E6,แผง,,100,,FALSE,FALSE,FALSE,15.5,25,,,,,,,
1000,100482,Tedium 2 mg capsule 10s's,LOPERAMIDE,ANTIDIARRHOEALS,ขย.9,,ยาทางเดินอาหาร,1A 2583/28,ตู้ E6,แผง,,100,,FALSE,FALSE,FALSE,4,30,,,,,,,
1000,100483,Imodium 2 mg capsule 6's,LOPERAMIDE,ANTIDIARRHOEALS,ขย.9,,ยาทางเดินอาหาร,1A 46/29,ตู้ E6,แผง,,100,,FALSE,FALSE,FALSE,32,45,,,,,,,
1000,100484,Noxzy 2 mg capsule 4's,LOPERAMIDE,ANTIDIARRHOEALS,ขย.9,,ยาทางเดินอาหาร,1A 1977/28,ตู้ E6,แผง/กล่อง,,100,,FALSE,FALSE,FALSE,7.25,25,,,,,,,
1000,100485,Vomitil-M 10 mg 10's,DOMPERIDONE,ANTIEMETICS & ANTIVERTIGO DRUG,ขย.9,,ยาทางเดินอาหาร,1A 27-57,ตู้ E7,แผง,,100,,FALSE,FALSE,FALSE,3.9,35,,,,,,,
1000,100486,Domp-M 10 mg 10's,DOMPERIDONE,ANTIEMETICS & ANTIVERTIGO DRUG,ขย.9,,ยาทางเดินอาหาร,1A 252/43,ตู้ E7,แผง,,100,,FALSE,FALSE,FALSE,5.94,35,,,,,,,
1000,100487,MOTILIUM-M 10 mg 10's,DOMPERIDONE,ANTIEMETICS & ANTIVERTIGO DRUG,ขย.9,,ยาทางเดินอาหาร,1A76/31,ตู้ E7,แผง,,100,,FALSE,FALSE,FALSE,34.33,55,,,,,,,
1000,100488,cencopan S 10 mg 10's,HYOSCINE,ANTISPASMODICS,ขย.9,,ยาทางเดินอาหาร,1A 522/38,ตู้ E7,แผง,,100,,FALSE,FALSE,FALSE,9.98,45,,,,,,,
1000,100489,BUSCOPAN 10 mg 10's,HYOSCINE,ANTISPASMODICS,ขย.9,,ยาทางเดินอาหาร,1C 32/60,ตู้ E7,แผง,,100,,FALSE,FALSE,FALSE,33.5,52,,,,,,,
1000,100490,U - Spa 100 mg 10's,FLAVOXATE,ANTISPASMODICS,ขย.9,,ยาทางเดินอาหาร,1A 261/39,ตู้ E7,แผง,,100,,FALSE,FALSE,FALSE,21,60,,,,,,,
1000,100491,Duspatin 135 mg 10's,MEBEVERINE HYDROCHLORIDE,ANTISPASMODICS,ขย.9,,ยาทางเดินอาหาร,1A 29/34,ตู้ E7,แผง,,100,,FALSE,FALSE,FALSE,29,65,,,,,,,
1000,100492,Bioflor sac 250 mg,,,ขย.9,,ยาทางเดินอาหาร,1C 387/49,ตู้ E7,ซอง,,100,,FALSE,FALSE,FALSE,23.2,35,,,,,,,
1000,100493,Bioflor 250 mg  5 cap,,,ขย.9,,ยาทางเดินอาหาร,1C 391/49,ตู้ E7,แผง,,100,,FALSE,FALSE,FALSE,119,175,,,,,,,
1000,100494,probac-7 interpharma 2 g,,,ขย.9,,ยาทางเดินอาหาร,1.03E+12,ตู้ E7,ซอง,,100,,FALSE,FALSE,FALSE,43.33,50,,,,,,,
1000,100495,SIDUOL 10 capsule,TOCOPHEROL CA+LYSOZYME CL+VITAMIN K +RUTIN +PLURONICF-68,"HAEMORRHOIDAL,PHLEBITIS & VARI",ขย.9,,ยาทางเดินอาหาร,,ตู้ E8,แผง,,100,,FALSE,FALSE,FALSE,36.67,69,,,,,,,
1000,100496,T-osmin 10'S,DIOSMINE+HESPERIDINE,"HAEMORRHOIDAL,PHLEBITIS & VARI",ขย.9,,ยาทางเดินอาหาร,,ตู้ E8,แผง,,100,,FALSE,FALSE,FALSE,33.2,65,,,,,,,
1000,100497,DAFLON 1000mg  3x10' กล่อง,DIOSMINE+HESPERIDINE,"HAEMORRHOIDAL,PHLEBITIS & VARI",ขย.9,,ยาทางเดินอาหาร,1C 83/61,ตู้ E8,กล่อง,,100,,FALSE,FALSE,FALSE,550,735,,,,,,,
1000,100498,Daflon 500mg 2x15 tab/กล่อง,DIOSMINE+HESPERIDINE,"HAEMORRHOIDAL,PHLEBITIS & VARI",ขย.9,,ยาทางเดินอาหาร,1C 475/40,ตู้ E8,กล่อง,,100,,FALSE,FALSE,FALSE,275,320,,,,,,,
1000,100499,proctosedyl oinment 10g,HYDROCORTISONE,"HAEMORRHOIDAL,PHLEBITIS & VARI",ขย.9,,ยาทางเดินอาหาร,,ตู้ E8,หลอด,,100,,FALSE,FALSE,FALSE,142,95,,,,,,,
1000,100500,Doproct oinment 10g,HYDROCORTISONE,"HAEMORRHOIDAL,PHLEBITIS & VARI",ขย.9,,ยาทางเดินอาหาร,2A 462/27,ตู้ E8,หลอด,,100,,FALSE,FALSE,FALSE,55,85,,,,,,,
1000,100501,Scheriproct N cream  10g,FLUOCORTOLONE PIVALATE+ LIDOCAINE HCl,"HAEMORRHOIDAL,PHLEBITIS & VARI",ขย.9,,ยาทางเดินอาหาร,,ตู้ E8,หลอด,,100,,FALSE,FALSE,FALSE,80,135,,,,,,,
1000,100502,Mucillin orange 100g,ISPAGHULA HUSK,LAXATIVES,ขย.9,,ยาทางเดินอาหาร,,ตู้ E8,กระปุก,,100,,FALSE,FALSE,FALSE,96,135,,,,,,,
1000,100503,Mucillin Orange  400g,ISPAGHULA HUSK,LAXATIVES,ขย.9,,ยาทางเดินอาหาร,,ตู้ E8,กระปุก,,100,,FALSE,FALSE,FALSE,280,345,,,,,,,
1000,100504,Mucillin SF mixberry  5g,ISPAGHULA HUSK,LAXATIVES,ขย.9,,ยาทางเดินอาหาร,,ตู้ E8,ซอง,,100,,FALSE,FALSE,FALSE,7.2,15,,,,,,,
1000,100505,Mucillin orange 5g,ISPAGHULA HUSK,LAXATIVES,ขย.9,,ยาทางเดินอาหาร,,ตู้ E8,ซอง,,100,,FALSE,FALSE,FALSE,7.2,15,,,,,,,
1000,100506,Glycerin suppositories เหน็บผู้ใหญ่ 12 ชิ้น,GLYCERINE,LAXATIVES,ขย.9,,ยาทางเดินอาหาร,1A 97/28,ตู้ E8,กล่อง,,100,,FALSE,FALSE,FALSE,51.5,85,,,,,,,
1000,100507,Glycerin suppositories เหน็บเด็ก 12 ชิ้น,GLYCERINE,LAXATIVES,ขย.9,,ยาทางเดินอาหาร,1A 98/28,ตู้ E8,กล่อง,,100,,FALSE,FALSE,FALSE,51.5,85,,,,,,,
1000,100508,gastro bismol 524 mg 10'S,BISMUTH SUBSALICYLATE,LAXATIVES,ขย.9,,ยาทางเดินอาหาร,1A 397/47,ตู้ E8,แผง,,100,,FALSE,FALSE,FALSE,38,50,,,,,,,
1000,100509,Gasto-bismol 240 ml กลิ่นสละ,BISMUTH SUBSALICYLATE,LAXATIVES,ขย.9,,ยาทางเดินอาหาร,1A 303/47,ตู้ E8,ขวด,,100,,FALSE,FALSE,FALSE,102,155,,,,,,,
1000,100510,Hepalac 66.7g/100 ml  (สูตร lactulose),LACTULOSE,LAXATIVES,ขย.9,,ยาทางเดินอาหาร,,ตู้ E9,ขวด,,100,,FALSE,FALSE,FALSE,78,125,,,,,,,
1000,100511,Duphalac 66.7g/100 ml,LACTULOSE,LAXATIVES,ขย.9,,ยาทางเดินอาหาร,1B 1/59,ตู้ E9,ขวด,,100,,FALSE,FALSE,FALSE,120,175,,,,,,,
1000,100512,Gasto-bismol 240 ml กลิ่นส้ม,BISMUTH SUBSALICYLATE,LAXATIVES,ขย.9,,ยาทางเดินอาหาร,1A 217/51,ตู้ E8,ขวด,,100,,FALSE,FALSE,FALSE,102,155,,,,,,,
1000,100513,123 Laxative  10cap,,LAXATIVES,ขย.9,,ยาทางเดินอาหาร,G48/36,ตู้ E9,กล่อง,,100,,FALSE,FALSE,FALSE,48,69,,,,,,,
1000,100514,Dulcolax tab 5mg 10's,BISACODYL,LAXATIVES,ขย.9,,ยาทางเดินอาหาร,1C 69/60,ตู้ E9,แผง,,100,,FALSE,FALSE,FALSE,28.5,38,,,,,,,
1000,100515,Albemed 200 mg  6's,ALBENDAZOLE,ANTIAMOEBICS,ขย.9,,ยาทางเดินอาหาร,1A 943/40,ตู้ E9,แผง,,100,,FALSE,FALSE,FALSE,13.5,70,,,,,,,
1000,100516,ALBEN 200mg 2's,ALBENDAZOLE,ANTIAMOEBICS,ขย.9,,ยาทางเดินอาหาร,1A 1107/28,ตู้ E9,แผง/กล่อง,,100,,FALSE,FALSE,FALSE,8,35,,,,,,,
1000,100517,CB-400 1's,ALBENDAZOLE,ANTIAMOEBICS,ขย.9,,ยาทางเดินอาหาร,1A 159/53,ตู้ E9,แผง/กล่อง,,100,,FALSE,FALSE,FALSE,5.5,30,,,,,,,
1000,100518,Benda suspention 30ml,MEBENDAZOLE,ANTIAMOEBICS,ขย.9,,ยาทางเดินอาหาร,,ตู้ E9,ขวด,,100,,FALSE,FALSE,FALSE,18.75,40,,,,,,,
1000,100519,Benda 500  1tab,MEBENDAZOLE,ANTIAMOEBICS,ขย.9,,ยาทางเดินอาหาร,1A 522/32,ตู้ E9,แผง/กล่อง,,100,,FALSE,FALSE,FALSE,15.5,30,,,,,,,
1000,100520,Hexin 4 tab,NICLOSAMIDE + PHENOPHTHALINE,ANTIAMOEBICS,ขย.9,,ยาทางเดินอาหาร,2A 167/28,ตู้ E9,แผง/กล่อง,,100,,FALSE,FALSE,FALSE,17,30,,,,,,,
1000,100521,Aerobidol inhaler 200 doses,IPRATROPIUM BROMIDE+FENOTEROL HYDROBROMIDE,ANTIASTHMATIC PREPARATIONS,ขย.9,,ยาระบบทางเดินหายใจ,2A 41/57,ตู้ F1,กล่อง,,100,,FALSE,FALSE,FALSE,210,300,,,,,,,
1000,100522,berodual inhaler 200 doses,IPRATROPIUM BROMIDE+FENOTEROL HYDROBROMIDE,ANTIASTHMATIC PREPARATIONS,ขย.9,,ยาระบบทางเดินหายใจ,2C 50/45,ตู้ F1,กล่อง,,100,,FALSE,FALSE,FALSE,287,350,,,,,,,
1000,100523,Aerotamol 100 mcg 200 doses,SALBUTAMOL,ANTIASTHMATIC PREPARATIONS,ขย.9,,ยาระบบทางเดินหายใจ,1A 161/56,ตู้ F1,กล่อง,,100,,FALSE,FALSE,FALSE,88,190,,,,,,,
1000,100524,ventolin inhaler 100 mcg 200 doses,SALBUTAMOL,ANTIASTHMATIC PREPARATIONS,ขย.9,,ยาระบบทางเดินหายใจ,1C 25/52,ตู้ F1,กล่อง,,100,,FALSE,FALSE,FALSE,172,220,,,,,,,
1000,100525,sulbuta-N 5mg solution inhalation,SALBUTAMOL,ANTIASTHMATIC PREPARATIONS,ขย.9,,ยาระบบทางเดินหายใจ,1A 41/50,ตู้เย็น,ขวด,,100,,FALSE,FALSE,FALSE,95,175,,,,,,,
1000,100526,Zigaless spray 15 ml ผสมหญ้าดอกขาว,,,ขย.9,,ยาระบบทางเดินหายใจ,,ตู้ F1,หลอด,,100,,FALSE,FALSE,FALSE,55,99,,,,,,,
1000,100527,0.05%Metzodin Nasal Spray 10 ml,OXYMETAZOLINE,DECONGESTANTS & OTHER NASAL PR,ขย.9,,ยาระบบทางเดินหายใจ,1A 241/57,ตู้ F2,ขวด,,100,,FALSE,FALSE,FALSE,54,95,,,,,,,
1000,100528,ยาใบมะขามแขก อ้วยอันโอสถ 30 แคปซูล,SENNOSIDE A & B,LAXATIVES,ขย.9,,ยาทางเดินอาหาร,G 23/41,ตู้ E9,กล่อง,,100,,FALSE,FALSE,FALSE,31,60,,,,,,,
1000,100529,0.1% Otrivin spray 10 ml,XYLOMETAZOLIN,DECONGESTANTS & OTHER NASAL PR,ขย.9,,ยาระบบทางเดินหายใจ,1C 47/59,ตู้ F2,ขวด,,100,,FALSE,FALSE,FALSE,126.5,175,,,,,,,
1000,100530,0.05% otrivin child spray 10 ml,XYLOMETAZOLIN,DECONGESTANTS & OTHER NASAL PR,ขย.9,,ยาระบบทางเดินหายใจ,1C 43/59,ตู้ F2,ขวด,,100,,FALSE,FALSE,FALSE,123,165,,,,,,,
1000,100531,0.05% iliadine Drop (ผู้ใหญ่),OXYMETAZOLINE,DECONGESTANTS & OTHER NASAL PR,ขย.9,,ยาระบบทางเดินหายใจ,1A 159/41,ตู้ F2,ขวด,,100,,FALSE,FALSE,FALSE,68,85,,,,,,,
1000,100532,0.025% iliadine Drop (เด็ก<6ปี),OXYMETAZOLINE,DECONGESTANTS & OTHER NASAL PR,ขย.9,,ยาระบบทางเดินหายใจ,1A 158/41,ตู้ F2,ขวด,,100,,FALSE,FALSE,FALSE,80,95,,,,,,,
1000,100533,0.05% iliadin Nasal Spray 10 ml,OXYMETAZOLINE,DECONGESTANTS & OTHER NASAL PR,ขย.9,,ยาระบบทางเดินหายใจ,1A 157/41,ตู้ F2,ขวด,,100,,FALSE,FALSE,FALSE,71.5,160,,,,,,,
1000,100534,Nasol spray 15 ml,NAPHAZOLINE + PHENIRAMINE,DECONGESTANTS & OTHER NASAL PR,ขย.9,,ยาระบบทางเดินหายใจ,2A 646/28,ตู้ F2,ขวด,,100,,FALSE,FALSE,FALSE,77.0834,98,,,,,,,
1000,100535,5% Mar plus spray 20 ml,DEXPANTHENOL,DECONGESTANTS & OTHER NASAL PR,ขย.9,,ยาระบบทางเดินหายใจ,1C 77/57,ตู้ F2,ขวด,,100,,FALSE,FALSE,FALSE,190,265,,,,,,,
1000,100536,0.5% Nasonex spray  60doses,MOMETASONE FUROATE,DECONGESTANTS & OTHER NASAL PR,ขย.9,,ยาระบบทางเดินหายใจ,1C127/50N,ตู้ F2,ขวด,,100,,FALSE,FALSE,FALSE,443,490,,,,,,,
1000,100537,0.5% Nasonex spray  140doses,MOMETASONE FUROATE,DECONGESTANTS & OTHER NASAL PR,ขย.9,,ยาระบบทางเดินหายใจ,1C127/50N,ตู้ F2,ขวด,,100,,FALSE,FALSE,FALSE,770,865,,,,,,,
1000,100538,Nasacort AQ spray 120 doses,TRIAMCINOLONE,DECONGESTANTS & OTHER NASAL PR,ขย.9,,ยาระบบทางเดินหายใจ,1C 70/46N,ตู้ F2,ขวด,,100,,FALSE,FALSE,FALSE,410,550,,,,,,,
1000,100539,First  Defence (VICKS) 15 ml,HYDROXYPROPYLMETHYLCELLULOSE,DECONGESTANTS & OTHER NASAL PR,ขย.9,,ยาระบบทางเดินหายใจ,,ตู้ F2,ขวด,,100,,FALSE,FALSE,FALSE,197,250,,,,,,,
1000,100540,Betadine Throat spray 12 ml,POVIDONE-IODIDE,MOUTH/THROAT PREPARATIONS,ขย.9,,ยาระบบทางเดินหายใจ,1A 51/60,ตู้ F2,ขวด,,100,,FALSE,FALSE,FALSE,148,260,,,,,,,
1000,100541,Hashi baby drop 4 ml ชุ่มชื่น 6.5 mg (ฟ้า),ACETYLCYSTEINE,DECONGESTANTS & OTHER NASAL PR,ขย.9,,ยาระบบทางเดินหายใจ,,ตู้ F2,ชิ้น,,100,,FALSE,FALSE,FALSE,45.5,65,63,,,,,,
1000,100542,Hashi baby drop 4 ml อ่อนโยน 9 mg (เขียว),ACETYLCYSTEINE,DECONGESTANTS & OTHER NASAL PR,ขย.9,,ยาระบบทางเดินหายใจ,,ตู้ F2,ชิ้น,,100,,FALSE,FALSE,FALSE,46,65,63,63,,,,,
1000,100543,Aqua maris baby 50ml,ACETYLCYSTEINE,DECONGESTANTS & OTHER NASAL PR,ขย.9,,ยาระบบทางเดินหายใจ,,ตู้ F2,ขวด,,100,,FALSE,FALSE,FALSE,242,325,399,,,,,,
1000,100544,Propoliz spray 15 ml,,MOUTH/THROAT PREPARATIONS,ขย.9,,ยาระบบทางเดินหายใจ,13-1-5300009,ตู้ F3,กล่อง,,100,,FALSE,FALSE,FALSE,81,125,,,,,,,
1000,100545,PROPOLIZ SPRAY plus กระชายขาว 15ml,,MOUTH/THROAT PREPARATIONS,ขย.9,,ยาระบบทางเดินหายใจ,13-1-6400019478,ตู้ F3,กล่อง,,100,,FALSE,FALSE,FALSE,115,155,,,,,,,
1000,100546,สเปรย์แก้ไอ ตราตะขาบ 5 ตัว 20ml,PARACETAMOL,NSAIDs,ขย.9,,ยาระบบทางเดินหายใจ,G15001/63H,ตู้ F3,กล่อง,,100,,FALSE,FALSE,FALSE,88,125,119,,,,,,
1000,100547,Kamilosan M spray 15 ml,,MOUTH/THROAT PREPARATIONS,ขย.9,,ยาระบบทางเดินหายใจ,2A 57/41,ตู้ F3,กล่อง,,100,,FALSE,FALSE,FALSE,143,180,,,,,,,
1000,100548,REAL ELIXIR PROPOLIS FRESH SPRAY 30ml,,,ขย.9,,ยาระบบทางเดินหายใจ,,ตู้ F3,กล่อง,,100,,FALSE,FALSE,FALSE,90,155,,,,,,,
1000,100549,Myherbal Mybacin With Mangosteen Extract 15 ml,ACETYLCYSTEINE,MOUTH/THROAT PREPARATIONS,ขย.9,,ยาระบบทางเดินหายใจ,10-1-5534672,ตู้ F3,กล่อง,,100,,FALSE,FALSE,FALSE,106,160,145,,,,,,
1000,100550,spek mouth spray cool 20 ml,,MOUTH/THROAT PREPARATIONS,ขย.9,,ยาระบบทางเดินหายใจ,13-1-6400009871,ตู้ F3,กล่อง,,100,,FALSE,FALSE,FALSE,112,169,,,,,,,
1000,100551,difflis spray 7 Natural Extracts 15 ml,,MOUTH/THROAT PREPARATIONS,ขย.9,,ยาระบบทางเดินหายใจ,10-1-6200035607,ตู้ F3,กล่อง,,100,,FALSE,FALSE,FALSE,108,145,,,,,,,
1000,100552,DIFFLAM FORTE spray 15 ml,BENZYDAMINE HCL,MOUTH/THROAT PREPARATIONS,ขย.9,,ยาระบบทางเดินหายใจ,1C 37/61,ตู้ F3,กล่อง,,100,,FALSE,FALSE,FALSE,218,310,,,,,,,
1000,100553,I-kid mouth spray orange 15 ml,,MOUTH/THROAT PREPARATIONS,ขย.9,,ยาระบบทางเดินหายใจ,11-1-6300013163,ตู้ F3,กล่อง,,100,,FALSE,FALSE,FALSE,140,195,,,,,,,
1000,100554,I-kid mouth spray straberry 15 ml,,MOUTH/THROAT PREPARATIONS,ขย.9,,ยาระบบทางเดินหายใจ,11-1-6300021080,ตู้ F3,กล่อง,,100,,FALSE,FALSE,FALSE,143,195,,,,,,,
1000,100555,Meptin 50 mcg 10's,PROCATEROL,ANTIASTHMATIC PREPARATIONS,ขย.9,,ยาระบบทางเดินหายใจ,1B 1/57,ตู้ F3,แผง,,100,,FALSE,FALSE,FALSE,29,55,,,,,,,
1000,100556,Meptin 25 mcg 10's,PROCATEROL,ANTIASTHMATIC PREPARATIONS,ขย.9,,ยาระบบทางเดินหายใจ,1B 3/57,ตู้ F3,แผง,,100,,FALSE,FALSE,FALSE,22.8,45,,,,,,,
1000,100557,THEOTRIM 200  10's,THEOPHYLLINE,ANTIASTHMATIC PREPARATIONS,ขย.9,,ยาระบบทางเดินหายใจ,1C 460/40,ตู้ F3,แผง,,100,,FALSE,FALSE,FALSE,13.5,55,,,,,,,
1000,100558,Asmasolon 125 mg 10's,THEOPHYLLINE,ANTIASTHMATIC PREPARATIONS,ขย.9,,ยาระบบทางเดินหายใจ,1A 224/36,ตู้ F3,แผง,,100,,FALSE,FALSE,FALSE,19.2,22,,,,,,,
1000,100559,NUELIN SR 200 mg 20's,THEOPHYLLINE,ANTIASTHMATIC PREPARATIONS,ขย.9,,ยาระบบทางเดินหายใจ,1C 34/61,ตู้ F3,แผง,,100,,FALSE,FALSE,FALSE,40.2,85,,,,,,,
1000,100560,Terbutaline 2.5 mg 1 tab,TERBUTALINE,ANTIASTHMATIC PREPARATIONS,ขย.9,,ยาระบบทางเดินหายใจ,1A 160/55,ตู้ F3,เม็ด,,100,,FALSE,FALSE,FALSE,0.12,1,,,,,,,
1000,100561,SALBUTAMOL 2 mg 1 tab,SALBUTAMOL,ANTIASTHMATIC PREPARATIONS,ขย.9,,ยาระบบทางเดินหายใจ,1A 358/40,ตู้ F3,เม็ด,,100,,FALSE,FALSE,FALSE,0.14,3,,,,,,,
1000,100562,Violin 2 mg 1 tab,SALBUTAMOL,ANTIASTHMATIC PREPARATIONS,ขย.9,,ยาระบบทางเดินหายใจ,1A 159/55,ตู้ F3,เม็ด,,100,,FALSE,FALSE,FALSE,0.1,1,,,,,,,
1000,100563,CYSTALINE 600 mg 10's,ACETYLCYSTEINE,MUCOLYTIC,ขย.9,,ยาระบบทางเดินหายใจ,1A 15199/65,ตู้ F4,หลอด,,100,,FALSE,FALSE,FALSE,109,165,,,,,,,
1000,100564,Muclear 600 mg 10's,ACETYLCYSTEINE,MUCOLYTIC,ขย.9,,ยาระบบทางเดินหายใจ,1C 29/54,ตู้ F4,หลอด,,100,,FALSE,FALSE,FALSE,133,180,,,,,,,
1000,100565,naclong 600 mg 10's,ACETYLCYSTEINE,MUCOLYTIC,ขย.9,,ยาระบบทางเดินหายใจ,1C 57/49,ตู้ F4,หลอด,,100,,FALSE,FALSE,FALSE,160,199,,,,,,,
1000,100566,Betadine gargle 30 ml SF,POVIDONE-IODIDE,MOUTH/THROAT PREPARATIONS,ขย.9,,ยาระบบทางเดินหายใจ,1A 50/60,ตู้ F4,กล่อง,,100,,FALSE,FALSE,FALSE,145,189,,,,,,,
1000,100567,Puvadon gargle 30 ml,POVIDONE-IODIDE,MOUTH/THROAT PREPARATIONS,ขย.9,,ยาระบบทางเดินหายใจ,1A 18/61,ตู้ F4,กล่อง,,100,,FALSE,FALSE,FALSE,70,98,,,,,,,
1000,100568,STERZAR 1mg 7tab,FINASTERIDE,HORMONES,ขย.9,,ยาคุมกำเนิดและฮอร์โมนทดแท,1A 19/55 NG,ตู้ F4,แผง,,100,,FALSE,FALSE,FALSE,83,150,,,,,,,
1000,100569,Firide 5 mg 10's,FINASTERIDE,HORMONES,ขย.9,,ยาคุมกำเนิดและฮอร์โมนทดแท,1A 15/43NG,ตู้ F4,แผง,,100,,FALSE,FALSE,FALSE,42.67,185,,,,,,,
1000,100570,5%Reten five 30ml,MINOXIDIL,ANTIHYPERTENSIVES,ขย.9,,ยาคุมกำเนิดและฮอร์โมนทดแท,1A 494/53,ตู้ F4,กล่อง,,100,,FALSE,FALSE,FALSE,142,210,,,,,,,
1000,100571,polygot 1/100 mg 10's,ERGOTAMINE TARTATE + CAFFEINE,ERGOT,ขย.9,,ปวดหัว/ไมเกรน,2A 115/31,ตู้ F5,แผง/กล่อง,,100,,FALSE,FALSE,FALSE,24.5,35,,,,,,,
1000,100572,Cafergot 1/100 mg 10's,ERGOTAMINE TARTATE + CAFFEINE,ERGOT,ขย.9,,ปวดหัว/ไมเกรน,2C 9/57,ตู้ F4,แผง/กล่อง,,100,,FALSE,FALSE,FALSE,58.5,95,,,,,,,
1000,100573,Avamigran 1/100 mg 10's,ERGOTAMINE TARTATE + CAFFEINE,ERGOT,ขย.9,,ปวดหัว/ไมเกรน,2A 15/41,ตู้ F4,แผง/กล่อง,,100,,FALSE,FALSE,FALSE,46,79,,,,,,,
1000,100574,Migana 1/100 mg 10's,ERGOTAMINE TARTATE + CAFFEINE,ERGOT,ขย.9,,ปวดหัว/ไมเกรน,2A 342/31,ตู้ F4,แผง/กล่อง,,100,,FALSE,FALSE,FALSE,22.22,50,,,,,,,
1000,100575,Tofago 1/100 mg  10's,ERGOTAMINE TARTATE + CAFFEINE,ERGOT,ขย.9,,ปวดหัว/ไมเกรน,2A 43/46,ตู้ F4,แผง/กล่อง,,100,,FALSE,FALSE,FALSE,26.5,50,,,,,,,
1000,100576,Sobelin 5 mg 10'cap,FLUNARIZINE,ANTIEMETICS & ANTIVERTIGO DRUG,ขย.9,,ปวดหัว/ไมเกรน,1A 262/31,ตู้ F4,แผง,,100,,FALSE,FALSE,FALSE,3.5,30,,,,,,,
1000,100577,Simoyiam 5 mg 10'cap,FLUNARIZINE,ANTIEMETICS & ANTIVERTIGO DRUG,ขย.9,,ปวดหัว/ไมเกรน,1A 112/31,ตู้ F4,แผง,,100,,FALSE,FALSE,FALSE,9.7,30,,,,,,,
1000,100578,Merlin  6 mg 10's    T.O,BETAHISTINE,ANTIEMETICS & ANTIVERTIGO DRUG,ขย.9,,ปวดหัว/ไมเกรน,1A 8/42,ตู้ F6,แผง,,100,,FALSE,FALSE,FALSE,5,35,,,,,,,
1000,100579,merislon  6 mg 10's,BETAHISTINE,ANTIEMETICS & ANTIVERTIGO DRUG,ขย.9,,ยาระบบทางเดินหายใจ,1A 189/59,ตู้ F6,แผง,,100,,FALSE,FALSE,FALSE,17.66,40,,,,,,,
1000,100580,Merislon 12 mg 10's,BETAHISTINE,ANTIEMETICS & ANTIVERTIGO DRUG,ขย.9,,ยาระบบทางเดินหายใจ,1A 190/59,ตู้ F6,แผง,,100,,FALSE,FALSE,FALSE,32.33,55,,,,,,,
1000,100581,Betahis 12 mg 10's,BETAHISTINE,ANTIEMETICS & ANTIVERTIGO DRUG,ขย.9,,ยาระบบทางเดินหายใจ,1A 326/47,ตู้ F6,แผง,,100,,FALSE,FALSE,FALSE,10.5,35,,,,,,,
1000,100582,Stei 16 mg  10's,BETAHISTINE,ANTIEMETICS & ANTIVERTIGO DRUG,ขย.9,,ยาระบบทางเดินหายใจ,1A 140/52,ตู้ F6,แผง,,100,,FALSE,FALSE,FALSE,27.5,55,,,,,,,
1000,100583,HistiGo-16  10's,BETAHISTINE,ANTIEMETICS & ANTIVERTIGO DRUG,ขย.9,,ยาระบบทางเดินหายใจ,,ตู้ F6,แผง,,100,,FALSE,FALSE,FALSE,65,79,,,,,,,
1000,100584,HistiGo-24  10's,BETAHISTINE,ANTIEMETICS & ANTIVERTIGO DRUG,ขย.9,,ยาระบบทางเดินหายใจ,1A 105/60,ตู้ F6,แผง,,100,,FALSE,FALSE,FALSE,65,105,,,,,,,
1000,100585,Serc 16 mg  20's,BETAHISTINE,ANTIEMETICS & ANTIVERTIGO DRUG,ขย.9,,ยาระบบทางเดินหายใจ,,ตู้ F6,แผง/กล่อง,,100,,FALSE,FALSE,FALSE,135,195,,,,,,,
1000,100586,Serc 24 mg  20's,BETAHISTINE,ANTIEMETICS & ANTIVERTIGO DRUG,ขย.9,,ยาระบบทางเดินหายใจ,1C 215/53,ตู้ F6,แผง/กล่อง,,100,,FALSE,FALSE,FALSE,228,275,,,,,,,
1000,100587,Stei 24 mg  10's,BETAHISTINE,ANTIEMETICS & ANTIVERTIGO DRUG,ขย.9,,ยาระบบทางเดินหายใจ,1A 117/58,ตู้ F6,แผง,,100,,FALSE,FALSE,FALSE,49,70,,,,,,,
1000,100588,Sermion 10 mg  10's,NICERGOLINE,ANTIEMETICS & ANTIVERTIGO DRUG,ขย.9,,ยาระบบทางเดินหายใจ,1C 20/63,ตู้ F6,แผง/กล่อง,,100,,FALSE,FALSE,FALSE,89,135,,,,,,,
1000,100589,Stugeron 10's,CINNARIZINE,ANTIEMETICS & ANTIVERTIGO DRUG,ขย.9,,ยาระบบทางเดินหายใจ,1C 15105/63,ตู้ F6,แผง,,100,,FALSE,FALSE,FALSE,28.16,45,,,,,,,
1000,100590,Cephadol 25 mg 10's,DIPHENIDOL HCL,ANTIEMETICS & ANTIVERTIGO DRUG,ขย.9,,ยาระบบทางเดินหายใจ,1A 670/39,ตู้ F6,แผง,,100,,FALSE,FALSE,FALSE,16.5,35,,,,,,,
1000,100591,Dramamine 50 mg 10's,DIMENHYDRINATE,ANTIEMETICS & ANTIVERTIGO DRUG,ขย.9,,"ยาแก้อาเจียน,เมารถเมาเรือ",1A 726/29,ตู้ F6,แผง,,100,,FALSE,FALSE,FALSE,14.4,20,,,,,,,
1000,100592,DIMENHYDRINATE 10's,DIMENHYDRINATE,ANTIEMETICS & ANTIVERTIGO DRUG,ขย.9,,"ยาแก้อาเจียน,เมารถเมาเรือ",1A 719/3,ตู้ F6,แผง,,100,,FALSE,FALSE,FALSE,2.3,10,,,,,,,
1000,100593,VULTIN 300 mg 10's,GABAPENTIN,AMINOGLYCOSIDES,ขย.9,,ยาในโรคเรื้อรัง (Drug for,,ตู้ G7,แผง,,100,,FALSE,FALSE,FALSE,36.5,80,,,,,,,
1000,100594,VULTIN 100 mg 10's,GABAPENTIN,ANTINEUROPATHIC,ขย.9,,ยาในโรคเรื้อรัง (Drug for,,ตู้ G7,แผง,,100,,FALSE,FALSE,FALSE,24,60,,,,,,,
1000,100595,amitrip 10 mg GPO 10's,AMITRIPTYLINE,ANTIDEPRESSANTS,ขย.9,,ยาในโรคเรื้อรัง (Drug for,,ตู้ G7,แผง,,100,,FALSE,FALSE,FALSE,3.1,45,,,,,,,
1000,100596,amitrip 25 mg GPO 10's,AMITRIPTYLINE,ANTIDEPRESSANTS,ขย.9,,ยาในโรคเรื้อรัง (Drug for,,ตู้ G7,แผง,,100,,FALSE,FALSE,FALSE,4.8,50,,,,,,,
1000,100597,Gabapentin GPO 300mg 10's,GABAPENTIN,ANTINEUROPATHIC,ขย.9,,ยาในโรคเรื้อรัง (Drug for,,ตู้ G7,แผง,,100,,FALSE,FALSE,FALSE,41,75,,,,,,,
1000,100598,Gabapentin GPO 100mg 10's,GABAPENTIN,ANTINEUROPATHIC,ขย.9,,ยาในโรคเรื้อรัง (Drug for,67-2-3-20003482,ตู้ G7,แผง,,100,,FALSE,FALSE,FALSE,21.2,55,,,,,,,
1000,100599,Berlontin 300 mg 10's,GABAPENTIN,ANTINEUROPATHIC,ขย.9,,ยาในโรคเรื้อรัง (Drug for,,ตู้ G7,แผง,,100,,FALSE,FALSE,FALSE,37,65,,,,,,,
1000,100600,Berlontin 100mg 10's,GABAPENTIN,ANTINEUROPATHIC,ขย.9,,ยาในโรคเรื้อรัง (Drug for,,ตู้ G7,แผง,,100,,FALSE,FALSE,FALSE,18,45,,,,,,,
1000,100601,Tripta 25mg 10's,AMITRIPTYLINE,ANTIDEPRESSANTS,ขย.9,,ยาในโรคเรื้อรัง (Drug for,,ตู้ G7,ซอง,,100,,FALSE,FALSE,FALSE,0.33,50,,,,,,,
1000,100602,Tripta 10 mg 10's,AMITRIPTYLINE,ANTIDEPRESSANTS,ขย.9,,ยาในโรคเรื้อรัง (Drug for,,ตู้ G7,ซอง,,100,,FALSE,FALSE,FALSE,1.65,45,,,,,,,
1000,100603,Metformin GPO 500 mg 10's,METFORMIN,ANTIDIABETIC,ขย.9,,ยาในโรคเรื้อรัง (Drug for,,ตู้ G6,แผง,,100,,FALSE,FALSE,FALSE,5.6,20,,,,,,,
1000,100604,Glucophage 850 mg 10's,METFORMIN,ANTIDIABETIC,ขย.9,,ยาในโรคเรื้อรัง (Drug for,,ตู้ G6,แผง,,100,,FALSE,FALSE,FALSE,34.5,55,,,,,,,
1000,100605,Glucophage 500 mg 10's,METFORMIN,ANTIDIABETIC,ขย.9,,ยาในโรคเรื้อรัง (Drug for,,ตู้ G6,แผง,,100,,FALSE,FALSE,FALSE,21,45,,,,,,,
1000,100606,Siamformet 850 mg 10's,METFORMIN,ANTIDIABETIC,ขย.9,,ยาในโรคเรื้อรัง (Drug for,,ตู้ G6,แผง,,100,,FALSE,FALSE,FALSE,14.7,39,,,,,,,
1000,100607,Siamformet 500 mg 10's,METFORMIN,ANTIDIABETIC,ขย.9,,ยาในโรคเรื้อรัง (Drug for,,ตู้ G6,แผง,,100,,FALSE,FALSE,FALSE,9.1,20,,,,,,,
1000,100608,Furetic 40 mg 10's,FUROSEMIDE,ANTIHYPERTENSIVES,ขย.9,,ยาในโรคเรื้อรัง (Drug for,,ตู้ G6,แผง,,100,,FALSE,FALSE,FALSE,21.5,40,,,,,,,
1000,100609,Daonil 5 mg 10's,GLIBENCAMIDE,ANTIDIABETIC,ขย.9,,ยาในโรคเรื้อรัง (Drug for,K7/64,ตู้ G6,แผง,,100,,FALSE,FALSE,FALSE,29.8,50,,,,,,,
1000,100610,Dianicron MR 60 mg 30's,GLICAZIDE,ANTIDIABETIC,ขย.9,,ยาในโรคเรื้อรัง (Drug for,,ตู้ G6,กล่อง,,100,,FALSE,FALSE,FALSE,415,495,,,,,,,
1000,100611,Dipazide 5 mg 10's,GLIPIZIDE,ANTIDIABETIC,ขย.9,,ยาในโรคเรื้อรัง (Drug for,,ตู้ G6,แผง,,100,,FALSE,FALSE,FALSE,11.5,22,,,,,,,
1000,100612,Glizide 5 mg 15's,GLIPIZIDE,ANTIDIABETIC,ขย.9,,ยาในโรคเรื้อรัง (Drug for,,ตู้ G6,แผง,,100,,FALSE,FALSE,FALSE,19.6,35,,,,,,,
1000,100613,Minidiab 5 mg 30's,GLIPIZIDE,ANTIDIABETIC,ขย.9,,ยาในโรคเรื้อรัง (Drug for,,ตู้ G6,กล่อง,,100,,FALSE,FALSE,FALSE,102,165,,,,,,,
1000,100614,Thyrosit 100 mg 10's,LEVOTHYROXINE SODIUM,THYROID PREPARATIONS,ขย.9,,ยาในโรคเรื้อรัง (Drug for,,ตู้ G5,แผง,,100,,FALSE,FALSE,FALSE,5.5,25,,,,,,,
1000,100615,Timazol 5 mg 10's,METHIMAZOLE,THYROID PREPARATIONS,ขย.9,,ยาในโรคเรื้อรัง (Drug for,,ตู้ G5,แผง,,100,,FALSE,FALSE,FALSE,7,20,,,,,,,
1000,100616,Burinol 300 mg 10's,ALLOPURINOL,GOUT PREPARATIONS,ขย.9,,ยาในโรคเรื้อรัง (Drug for,,ตู้ G5,แผง,,100,,FALSE,FALSE,FALSE,22,55,,,,,,,
1000,100617,Puride 100 mg 10's,ALLOPURINOL,GOUT PREPARATIONS,ขย.9,,ยาในโรคเรื้อรัง (Drug for,,ตู้ G5,แผง,,100,,FALSE,FALSE,FALSE,9.7,30,,,,,,,
1000,100618,Pip Allo 100 mg 10's,ALLOPURINOL,GOUT PREPARATIONS,ขย.9,,ยาในโรคเรื้อรัง (Drug for,,ตู้ G5,แผง,,100,,FALSE,FALSE,FALSE,6.5,30,,,,,,,
1000,100619,Tolchicine 0.6 mg 10's,COLCHICINE,GOUT PREPARATIONS,ขย.9,,ยาในโรคเรื้อรัง (Drug for,,ตู้ G5,แผง,,100,,FALSE,FALSE,FALSE,6,25,,,,,,,
1000,100620,colchicine 0.6 mg 10's,COLCHICINE,GOUT PREPARATIONS,ขย.9,,ยาในโรคเรื้อรัง (Drug for,,ตู้ G5,แผง,,100,,FALSE,FALSE,FALSE,45,60,,,,,,,
1000,100621,Cazosin 2 mg 10's,DOXAZOSIN,ANTIHYPERTENSIVES,ขย.9,,ยาในโรคเรื้อรัง (Drug for,,ตู้ G5,แผง,,100,,FALSE,FALSE,FALSE,12.6,25,,,,,,,
1000,100622,Cazosin 4 mg 10's,DOXAZOSIN,ANTIHYPERTENSIVES,ขย.9,,ยาในโรคเรื้อรัง (Drug for,,ตู้ G5,แผง,,100,,FALSE,FALSE,FALSE,21.5,39,,,,,,,
1000,100623,Rowatinex 10's,PINENE+CAMPHENE+CINEOL+MENTHOL+MENTHONE+,ANTIHYPERTENSIVES,ขย.9,,ยาในโรคเรื้อรัง (Drug for,,ตู้ G5,แผง,,100,,FALSE,FALSE,FALSE,44.5,70,,,,,,,
1000,100624,Samarin 140 mg 10's,SILYMARIN,ANTIHYPERLIPIDAEMIC AGENTS,ขย.9,,ยาในโรคเรื้อรัง (Drug for,,ตู้ G5,แผง,,100,,FALSE,FALSE,FALSE,52,120,,,,,,,
1000,100625,Apolets 75 mg 10's,CLOPIDOGREL,CARDIAC DRUGS,ขย.9,,ยาในโรคเรื้อรัง (Drug for,,ตู้ G4,แผง,,100,,FALSE,FALSE,FALSE,116,175,,,,,,,
1000,100626,Concor 2.5 mg 10's,BISOPROLOL,ANTIHYPERTENSIVES,ขย.9,,ยาในโรคเรื้อรัง (Drug for,,ตู้ G4,แผง,,100,,FALSE,FALSE,FALSE,60,85,,,,,,,
1000,100627,Concor 5 mg 10's,BISOPROLOL,ANTIHYPERTENSIVES,ขย.9,,ยาในโรคเรื้อรัง (Drug for,,ตู้ G4,แผง,,100,,FALSE,FALSE,FALSE,80,95,,,,,,,
1000,100628,Caraten 6.25 mg 10's,CARVEDIOL,ANTIHYPERTENSIVES,ขย.9,,ยาในโรคเรื้อรัง (Drug for,,ตู้ G4,แผง,,100,,FALSE,FALSE,FALSE,56,90,,,,,,,
1000,100629,Caraten 12.5 mg 10's,CARVEDIOL,ANTIHYPERTENSIVES,ขย.9,,ยาในโรคเรื้อรัง (Drug for,,ตู้ G4,แผง,,100,,FALSE,FALSE,FALSE,66,100,,,,,,,
1000,100630,Felopine 5 mg 10's,FELODIPINE,ANTIHYPERTENSIVES,ขย.9,,ยาในโรคเรื้อรัง (Drug for,,ตู้ G4,แผง,,100,,FALSE,FALSE,FALSE,72,150,,,,,,,
1000,100631,Plendil 5mg 30's,FELODIPINE,ANTIHYPERTENSIVES,ขย.9,,ยาในโรคเรื้อรัง (Drug for,,ตู้ G4,ขวด,,100,,FALSE,FALSE,FALSE,345,389,,,,,,,
1000,100632,Monolin (berlin) 20mg 10's,ISOSORBIDE MONONITRATE,,ขย.9,,ยาในโรคเรื้อรัง (Drug for,,ตู้ G4,แผง,,100,,FALSE,FALSE,FALSE,14,30,,,,,,,
1000,100633,Isorem 5 mg 10's,ISOSORBIDE DINITRATE,CARDIAC DRUGS,ขย.9,,ยาในโรคเรื้อรัง (Drug for,,ตู้ G4,แผง,,100,,FALSE,FALSE,FALSE,8,30,,,,,,,
1000,100634,Dilizem 30mg 10's,DILTIAZEM,CARDIAC DRUGS,ขย.9,,ยาในโรคเรื้อรัง (Drug for,,ตู้ G4,แผง,,100,,FALSE,FALSE,FALSE,16,30,,,,,,,
1000,100635,Monolin SR  20mg 10's,ISOSORBIDE MONONITRATE,CARDIAC DRUGS,ขย.9,,ยาในโรคเรื้อรัง (Drug for,,ตู้ G4,แผง,,100,,FALSE,FALSE,FALSE,23,65,,,,,,,
1000,100636,Siamdopa 250mg 10's,METHYLDOPA,CARDIAC DRUGS,ขย.9,,ยาในโรคเรื้อรัง (Drug for,,ตู้ G4,แผง,,100,,FALSE,FALSE,FALSE,28,55,,,,,,,
1000,100638,Hyles 25mg 10's,SPIRONOLACTONE,ANTIHYPERTENSIVES,ขย.9,,ยาในโรคเรื้อรัง (Drug for,,ตู้ G4,แผง,,100,,FALSE,FALSE,FALSE,14,35,,,,,,,
1000,100639,Cardeloc 100mg 10's,METOPROLOL,ANTIHYPERTENSIVES,ขย.9,,ยาในโรคเรื้อรัง (Drug for,,ตุ้ G4,แผง,,100,,FALSE,FALSE,FALSE,7,15,,,,,,,
1000,100640,Madiplot 20mg 10's,MANIDIPINE,ANTIHYPERTENSIVES,ขย.9,,ยาในโรคเรื้อรัง (Drug for,,ตู้ G4,แผง,,100,,FALSE,FALSE,FALSE,148,175,,,,,,,
1000,100641,Atorvastatin Sandoz 20mg 10's,ATORVASTATIN,ANTILEPROTICS,ขย.9,,ยาในโรคเรื้อรัง (Drug for,,ตู้ G3,แผง,,100,,FALSE,FALSE,FALSE,236,285,,,,,,,
1000,100642,Chlovas-40 mg 10's,ATORVASTATIN,ANTILEPROTICS,ขย.9,,ยาในโรคเรื้อรัง (Drug for,1A 37/56(NG),ตู้ G3,แผง,,100,,FALSE,FALSE,FALSE,113.34,160,,,,,,,
1000,100643,Chlovas-20mg 10 tab,ATORVASTATIN,ANTILEPROTICS,ขย.9,,ยาในโรคเรื้อรัง (Drug for,1A 84/60(NG),ตู้ G3,แผง,,100,,FALSE,FALSE,FALSE,90.91,125,,,,,,,
1000,100644,Zimmex 20 mg10's,Simvastatin,ANTILEPROTICS,ขย.9,,ยาในโรคเรื้อรัง (Drug for,,ตู้ G3,กล่อง,,100,,FALSE,FALSE,FALSE,42,120,,,,,,,
1000,100645,Zimmex 10mg 10's,SIMVASTATIN,ANTILEPROTICS,ขย.9,,ยาในโรคเรื้อรัง (Drug for,,ตู้ G3,กล่อง,,100,,FALSE,FALSE,FALSE,30,100,,,,,,,
1000,100646,Fibril 160mg 10's,FENOFIBRATE,ANTILEPROTICS,ขย.9,,ยาในโรคเรื้อรัง (Drug for,,ตู้ G3,แผง,,100,,FALSE,FALSE,FALSE,56,95,,,,,,,
1000,100647,Bestatin 40mg 10's,SIMVASTATIN,ANTILEPROTICS,ขย.9,,ยาในโรคเรื้อรัง (Drug for,,ตู้ G3,แผง,,100,,FALSE,FALSE,FALSE,20.5,35,,,,,,,
1000,100648,Bestatin 20mg 10's,SIMVASTATIN,ANTILEPROTICS,ขย.9,,ยาในโรคเรื้อรัง (Drug for,,ตู้ G3,แผง,,100,,FALSE,FALSE,FALSE,14,25,,,,,,,
1000,100649,Bestatin 10mg 10's,SIMVASTATIN,ANTILEPROTICS,ขย.9,,ยาในโรคเรื้อรัง (Drug for,,ตู้ G3,แผง,,100,,FALSE,FALSE,FALSE,10.5,20,,,,,,,
1000,100650,Hidil 300mg 10's,GEMFIBROZIL,ANTILEPROTICS,ขย.9,,ยาในโรคเรื้อรัง (Drug for,,ตู้ G3,แผง,,100,,FALSE,FALSE,FALSE,14,35,,,,,,,
1000,100651,Hidil 600mg 10's,GEMFIBROZIL,ANTILEPROTICS,ขย.9,,ยาในโรคเรื้อรัง (Drug for,,ตู้ G3,แผง,,100,,FALSE,FALSE,FALSE,32,39,,,,,,,
1000,100652,Enaril 5mg10's,ENALAPRIL,ANTIHYPERTENSIVES,ขย.9,,ยาในโรคเรื้อรัง (Drug for,,ตู้ G2,แผง,,100,,FALSE,FALSE,FALSE,6,20,,,,,,,
1000,100653,Enaril 20mg 10's,ENALAPRIL,ANTIHYPERTENSIVES,ขย.9,,ยาในโรคเรื้อรัง (Drug for,,ตู้ G2,แผง,,100,,FALSE,FALSE,FALSE,12,28,,,,,,,
1000,100654,Ambes-5 mg 10's,AMLODIPINE,ANTIHYPERTENSIVES,ขย.9,,ยาในโรคเรื้อรัง (Drug for,,ตู้ G2,แผง,,100,,FALSE,FALSE,FALSE,7,25,,,,,,,
1000,100655,Ambes-10mg10's,AMLODIPINE,ANTIHYPERTENSIVES,ขย.9,,ยาในโรคเรื้อรัง (Drug for,,ตู้ G2,แผง,,100,,FALSE,FALSE,FALSE,12,24,,,,,,,
1000,100656,Amlodac 10mg 10's,AMLODIPINE,ANTIHYPERTENSIVES,ขย.9,,ยาในโรคเรื้อรัง (Drug for,,ตู้ G2,แผง,,100,,FALSE,FALSE,FALSE,13,40,,,,,,,
1000,100657,Amlopine 5mg 10's,AMLODIPINE,ANTIHYPERTENSIVES,ขย.9,,ยาในโรคเรื้อรัง (Drug for,,ตู้ G2,แผง,,100,,FALSE,FALSE,FALSE,14.85,30,,,,,,,
1000,100658,Amlopine 10mg 10's,AMLODIPINE,ANTIHYPERTENSIVES,ขย.9,,ยาในโรคเรื้อรัง (Drug for,,ตู้ G2,แผง,,100,,FALSE,FALSE,FALSE,20.6,35,,,,,,,
1000,100659,Loranta 50mg 10's,LOSATAN K,ANTIHYPERTENSIVES,ขย.9,,ยาในโรคเรื้อรัง (Drug for,,ตู้ G2,แผง,,100,,FALSE,FALSE,FALSE,50,70,,,,,,,
1000,100660,Loranta 100mg 10's,LOSATAN K,ANTIHYPERTENSIVES,ขย.9,,ยาในโรคเรื้อรัง (Drug for,,ตู้ G2,แผง,,100,,FALSE,FALSE,FALSE,67.3,95,,,,,,,
1000,100661,Tanzaril 50mg 10's,LOSATAN K,ANTIHYPERTENSIVES,ขย.9,,ยาในโรคเรื้อรัง (Drug for,,ตู้ G2,แผง,,100,,FALSE,FALSE,FALSE,23,25,,,,,,,
1000,100662,Tanzaril 100mg 10's,LOSATAN K,ANTIHYPERTENSIVES,ขย.9,,ยาในโรคเรื้อรัง (Drug for,,ตู้ G2,แผง,,100,,FALSE,FALSE,FALSE,39,65,,,,,,,
1000,100663,Lanzaar 100mg 10's,LOSATAN K,ANTIHYPERTENSIVES,ขย.9,,ยาในโรคเรื้อรัง (Drug for,,ตู้ G2,แผง,,100,,FALSE,FALSE,FALSE,29.2,40,,,,,,,
1000,100664,Lanzaar 50mg 10's,LOSATAN K,ANTIHYPERTENSIVES,ขย.9,,ยาในโรคเรื้อรัง (Drug for,,ตู้ G2,แผง,,100,,FALSE,FALSE,FALSE,19.6,30,,,,,,,
1000,100665,Anapril 20mg 10's,ENALAPRIL,ANTIHYPERTENSIVES,ขย.9,,ยาในโรคเรื้อรัง (Drug for,,ตู้ G2,กล่อง,,100,,FALSE,FALSE,FALSE,9.8,25,,,,,,,
1000,100666,Anapril 5mg 10's,ENALAPRIL,ANTIHYPERTENSIVES,ขย.9,,ยาในโรคเรื้อรัง (Drug for,,ตู้ G2,แผง,,100,,FALSE,FALSE,FALSE,5.2,25,,,,,,,
1000,100667,Prenolol 50mg 10's,ATENOLOL,ANTIHYPERTENSIVES,ขย.9,,ยาในโรคเรื้อรัง (Drug for,,ตู้ G2,แผง,,100,,FALSE,FALSE,FALSE,5.1,20,,,,,,,
1000,100668,Prenolol 100mg 10's,ATENOLOL,ANTIHYPERTENSIVES,ขย.9,,ยาในโรคเรื้อรัง (Drug for,,ตู้ G2,แผง,,100,,FALSE,FALSE,FALSE,11,30,,,,,,,
1000,100669,Prenolol 25mg 10's,ATENOLOL,ANTIHYPERTENSIVES,ขย.9,,ยาในโรคเรื้อรัง (Drug for,,ตู้ G2,แผง,,100,,FALSE,FALSE,FALSE,5,20,,,,,,,
1000,100670,Propranolol 10mg 10's,PROPANOLOL,ANTIHYPERTENSIVES,ขย.9,,ยาในโรคเรื้อรัง (Drug for,,ตู้ G2,แผง,,100,,FALSE,FALSE,FALSE,3.98,15,,,,,,,
1000,100671,Betalol 10mg 10's,PROPANOLOL,ANTIHYPERTENSIVES,ขย.9,,ยาในโรคเรื้อรัง (Drug for,,ตู้ G2,แผง,,100,,FALSE,FALSE,FALSE,5,20,,,,,,,
1000,100672,Next Heal+h แผ่นวัดน้ำตาล 50 ชิ้น,,,ขย.9,,อุปกรณ์ทางการแพทย์,,ตู้ G1,กล่อง,,100,,FALSE,FALSE,FALSE,385,495,,,,,,,
1000,100673,Lancets เข็มเจาะน้ำตาล 100ชิ้น,,,ขย.9,,อุปกรณ์ทางการแพทย์,,ตู้ G1,กล่อง,,100,,FALSE,FALSE,FALSE,85,120,,,,,,,
1000,100674,Next Heal+h เครื่องตรวจน้ำตาล,,,ขย.9,,อุปกรณ์ทางการแพทย์,,ตู้ G1,กล่อง,,100,,FALSE,FALSE,FALSE,780,985,,,,,,,
1000,100675,AMA เครื่องวัดความดัน,,,ขย.9,,อุปกรณ์ทางการแพทย์,,ตู้ G1,กล่อง,,100,,FALSE,FALSE,FALSE,760,850,,,,,,,
1000,100676,Primolut N 15's,NORETHISTERONE+MESTRANOL,CONTRACEPTIVE AGENTS,ขย.9,,ยาคุมกำเนิดและฮอร์โมนทดแท,,ตู้ ก1,แผง,,100,,FALSE,FALSE,FALSE,86,125,,,,,,,
1000,100677,NORCA BP 5 mg 10's,NORETHISTERONE+MESTRANOL,CONTRACEPTIVE AGENTS,ขย.9,,ยาคุมกำเนิดและฮอร์โมนทดแท,,ตู้ ก1,แผง,,100,,FALSE,FALSE,FALSE,23,45,,,,,,,
1000,100678,Cyclo-Progynova  21's,ESTRADIOL+NORGESTREL,CONTRACEPTIVE AGENTS,ขย.9,,ยาคุมกำเนิดและฮอร์โมนทดแท,,ตู้ ก1,แผง/กล่อง,,100,,FALSE,FALSE,FALSE,164,195,,,,,,,
1000,100679,Depo-A injection 3 ml,MEDROXYPROGESTERONE,CONTRACEPTIVE AGENTS,ขย.9,,ยาคุมกำเนิดและฮอร์โมนทดแท,,ตู้ ก1,ขวด,,100,,FALSE,FALSE,FALSE,7.5,15,,,,,,,
1000,100680,Testos 3x10's,TESTOSTERONE,CONTRACEPTIVE AGENTS,ขย.9,,ยาคุมกำเนิดและฮอร์โมนทดแท,,ตู้ ก1,กล่อง,,100,,FALSE,FALSE,FALSE,310,450,,,,,,,
1000,100681,ยาเกร็กคู Graku Capsule 6's,,,ขย.9,,ยาคุมกำเนิดและฮอร์โมนทดแท,,ตู้ ก1,แผง/กล่อง,,100,,FALSE,FALSE,FALSE,276,350,,,,,,,
1000,100682,จิ่วเจิ้ง ปู่เซิน เจียวหนัง 6's,,,ขย.9,,ยาคุมกำเนิดและฮอร์โมนทดแท,,ตู้ ก1,แผง/กล่อง,,100,,FALSE,FALSE,FALSE,185,265,,,,,,,
1000,100683,LADI-PLUS Body Spray For Men 6 ml,,,ขย.9,,ยาคุมกำเนิดและฮอร์โมนทดแท,,ตู้ ก1,กล่อง,,100,,FALSE,FALSE,FALSE,94,135,,,,,,,
1000,100684,ผงพิเศษ ตราร่มชูชีพ 4 กรัม,,,ขย.9,,ยาระบบการติดเชื้อ,,ตู้ C4,ซอง,,100,,FALSE,FALSE,FALSE,9.58,12,,,,,,,
1000,100685,Lonnagel Peppermint 1g,TRIAMCINOLONE,STEROIDS,ขย.9,,ยาใช้เฉพาะที่,,ตู้ ก1,ซอง,,100,,FALSE,FALSE,FALSE,6.56,15,,,,,,,
1000,100686,Lonnagel Orange 1g,TRIAMCINOLONE,STEROIDS,ขย.9,,ยาใช้เฉพาะที่,,ตู้ ก1,ซอง,,100,,FALSE,FALSE,FALSE,6.4,15,,,,,,,
1000,100687,Lonnagel  Orange 5g,TRIAMCINOLONE,STEROIDS,ขย.9,,ยาใช้เฉพาะที่,,ตู้ ก1,หลอด,,100,,FALSE,FALSE,FALSE,30,50,,,,,,,
1000,100688,Lonnagel Peppermint 5g,TRIAMCINOLONE,STEROIDS,ขย.9,,ยาใช้เฉพาะที่,,ตู้ ก1,หลอด,,100,,FALSE,FALSE,FALSE,30,50,,,,,,,
1000,100689,Kanolone Ointment 1g,TRIAMCINOLONE,STEROIDS,ขย.9,,ยาใช้เฉพาะที่,,ตู้ ก1,ซอง,,100,,FALSE,FALSE,FALSE,4.1,15,,,,,,,
1000,100690,Trinolone-Kids Oral Paste Strawberry  1g,TRIAMCINOLONE,STEROIDS,ขย.9,,ยาใช้เฉพาะที่,,ตู้ ก1,ซอง,,100,,FALSE,FALSE,FALSE,6.5,15,,,,,,,
1000,100691,Trinolone Oral Rast Ointment 1g,TRIAMCINOLONE,STEROIDS,ขย.9,,ยาใช้เฉพาะที่,,ตู้ ก1,ซอง,,100,,FALSE,FALSE,FALSE,5.96,14,,,,,,,
1000,100692,TIME Oral Ulcer Patch 1.5 cm 2 Patches,,,ขย.9,,ยาใช้เฉพาะที่,,ตู้ ก1,ซอง,,100,,FALSE,FALSE,FALSE,38,55,,,,,,,
1000,100693,BACIDAL Ointment 5g,MUPIROCIN,ANTIBIOTICS,ขย.9,,ยาระบบการติดเชื้อ,,ตู้ ค1,หลอด,,100,,FALSE,FALSE,FALSE,46.5,70,,,,,,,
1000,100694,Fucidin Cream  Fusidic acid 2% 15g,FUCIDIC ACID,ANTIBIOTICS,ขย.9,,ยาระบบการติดเชื้อ,,ตู้ ค1,หลอด,,100,,FALSE,FALSE,FALSE,168,250,,,,,,,
1000,100695,Systral Cream 10g,CHLORPHENIRAMINE,ANTIHISTAMINES & ANTIALLERGICS,ขย.9,,ยาใช้เฉพาะที่,,ตู้ ค1,หลอด,,100,,FALSE,FALSE,FALSE,33.5,55,,,,,,,
1000,100696,Systral Cream 25g,CHLORPHENIRAMINE,ANTIHISTAMINES & ANTIALLERGICS,ขย.9,,ยาใช้เฉพาะที่,,ตู้ ค1,หลอด,,100,,FALSE,FALSE,FALSE,70,110,,,,,,,
1000,100697,Glucose Powder 454g,GLUCOSE,,ขย.9,,อุปกรณ์ทางการแพทย์,,ตู้ ค2,กระป๋อง,,100,,FALSE,FALSE,FALSE,52,80,,,,,,,
1000,100698,Mycozole Powder 50g,CLOTRIMAZOLE,ANTIFUNGALS,ขย.9,,อุปกรณ์ทางการแพทย์,,ตู้ ค2,กล่อง,,100,,FALSE,FALSE,FALSE,43,100,,,,,,,
1000,100699,Canesbalance Vaginal Gel 5 ml ( 7หลอด/กล่อง),,ANTIBIOTICS,ขย.9,,อุปกรณ์ทางการแพทย์,,ตู้ ค2,กล่อง,,100,,FALSE,FALSE,FALSE,289,450,,,,,,,
1000,101202,ยา ฟลอล่า พลัด 450 ซีซี,,,ขย.9,,"ยาสมุนไพร, ยาแผนโบราณ",G 53/59,น2/4L,ขวด,,100,,FALSE,FALSE,FALSE,162.5,205,,,,,,,
1000,100700,Cerazette 1x28's,DESOGESTREL,CONTRACEPTIVE AGENTS,ขย.9,,ยาคุมกำเนิดและฮอร์โมนทดแท,,ตู้ ก2,แผง/กล่อง,,100,,FALSE,FALSE,FALSE,174,210,,,,,,,
1000,100701,Microgynon 30 ED 1x28's,LEVONORGESTREL+ETHINYLOESTRADIOL,CONTRACEPTIVE AGENTS,ขย.9,,ยาคุมกำเนิดและฮอร์โมนทดแท,,ตู้ ค2,แผง/กล่อง,,100,,FALSE,FALSE,FALSE,54,75,,,,,,,
1000,100702,Diora 1x28's,D-NORGESTREL+ETHINYLESTRADIOL,CONTRACEPTIVE AGENTS,ขย.9,,ยาคุมกำเนิดและฮอร์โมนทดแท,,ตู้ ค2,แผง/กล่อง,,100,,FALSE,FALSE,FALSE,36,60,,,,,,,
1000,100703,Rita28 1x28's,DESOGESTREL+ETHINYLESTRADIOL,CONTRACEPTIVE AGENTS,ขย.9,,ยาคุมกำเนิดและฮอร์โมนทดแท,,ตู้ ค2,แผง/กล่อง,,100,,FALSE,FALSE,FALSE,60,80,,,,,,,
1000,100704,Dailyton 1x28's,LYNESTRENOL,CONTRACEPTIVE AGENTS,ขย.9,,ยาคุมกำเนิดและฮอร์โมนทดแท,,ตู้ ก2,แผง/กล่อง,,100,,FALSE,FALSE,FALSE,63,99,,,,,,,
1000,100705,PREME28 1x28's,CYPROTERONE ACETATE+ETHINYLESTRADIOL,CONTRACEPTIVE AGENTS,ขย.9,,ยาคุมกำเนิดและฮอร์โมนทดแท,,ตู้ ก2,แผง/กล่อง,,100,,FALSE,FALSE,FALSE,86.5,105,,,,,,,
1000,100706,R-den 1x28's,LEVONORGESTREL+ETHINYLOESTRADIOL,CONTRACEPTIVE AGENTS,ขย.9,,ยาคุมกำเนิดและฮอร์โมนทดแท,,ตู้ ก2,แผง/กล่อง,,100,,FALSE,FALSE,FALSE,26.5,45,,,,,,,
1000,100707,Sucee28 1x28's,CYPROTERONE ACETATE+ETHINYLESTRADIOL,CONTRACEPTIVE AGENTS,ขย.9,,ยาคุมกำเนิดและฮอร์โมนทดแท,,ตู้ ก2,แผง/กล่อง,,100,,FALSE,FALSE,FALSE,84,105,,,,,,,
1000,100708,CAMELLA28 1x28's,GESTODENE+ETHINYL ESTRADIOL,CONTRACEPTIVE AGENTS,ขย.9,,ยาคุมกำเนิดและฮอร์โมนทดแท,,ตู้ ก2,แผง/กล่อง,,100,,FALSE,FALSE,FALSE,73,105,,,,,,,
1000,100709,Exluton 1x28's,LYNESTRENOL,CONTRACEPTIVE AGENTS,ขย.9,,ยาคุมกำเนิดและฮอร์โมนทดแท,,ตู้ ก2,bottle,,100,,FALSE,FALSE,FALSE,85.5,105,,,,,,,
1000,100710,Herz 1x28's,DROSPIRENENONE+ETHINYL ESTRADIOL,CONTRACEPTIVE AGENTS,ขย.9,,ยาคุมกำเนิดและฮอร์โมนทดแท,,ตู้ ก2,แผง/กล่อง,,100,,FALSE,FALSE,FALSE,235,315,,,,,,,
1000,100711,Femine30 1x28's,DESOGESTREL+ETHINYLESTRADIOL,CONTRACEPTIVE AGENTS,ขย.9,,ยาคุมกำเนิดและฮอร์โมนทดแท,,ตู้ ก2,แผง/กล่อง,,100,,FALSE,FALSE,FALSE,52,85,,,,,,,
1000,100712,Margaret X.O. 1x28's,NORETHISTERONE+MESTRANOL,CONTRACEPTIVE AGENTS,ขย.9,,ยาคุมกำเนิดและฮอร์โมนทดแท,,ตู้ ก2,แผง/กล่อง,,100,,FALSE,FALSE,FALSE,62.5,85,,,,,,,
1000,100713,Marvelon28 1x28's,DESOGESTREL+ETHINYLESTRADIOL,CONTRACEPTIVE AGENTS,ขย.9,,ยาคุมกำเนิดและฮอร์โมนทดแท,1A 113/62,ตู้ ก2,แผง/กล่อง,,100,,FALSE,FALSE,FALSE,91.5,115,,,,,,,
1000,100714,Annylyn28 1x28's,GESTODENE+ETHINYL ESTRADIOL,CONTRACEPTIVE AGENTS,ขย.9,,ยาคุมกำเนิดและฮอร์โมนทดแท,,ตู้ ก2,แผง/กล่อง,,100,,FALSE,FALSE,FALSE,88,120,,,,,,,
1000,100715,MINOZ 1x28's,GESTODENE+ETHINYL ESTRADIOL,CONTRACEPTIVE AGENTS,ขย.9,,ยาคุมกำเนิดและฮอร์โมนทดแท,,ตู้ ก2,แผง/กล่อง,,100,,FALSE,FALSE,FALSE,74,135,,,,,,,
1000,100716,Minny28 1x28's,DESOGESTREL+ETHINYLESTRADIOL,CONTRACEPTIVE AGENTS,ขย.9,,ยาคุมกำเนิดและฮอร์โมนทดแท,2A 5/53(NG),ตู้ ก2,แผง/กล่อง,,100,,FALSE,FALSE,FALSE,83.5,120,,,,,,,
1000,100717,Mercilon28 1x28's,DESOGESTREL+ETHINYLESTRADIOL,CONTRACEPTIVE AGENTS,ขย.9,,ยาคุมกำเนิดและฮอร์โมนทดแท,A105829,ตู้ ก2,แผง/กล่อง,,100,,FALSE,FALSE,FALSE,155,170,,,,,,,
1000,100718,ONJEL20 1x28's,GESTODENE+ETHINYL ESTRADIOL,CONTRACEPTIVE AGENTS,ขย.9,,ยาคุมกำเนิดและฮอร์โมนทดแท,,ตู้ ก2,แผง/กล่อง,,100,,FALSE,FALSE,FALSE,80,100,,,,,,,
1000,100719,YAZ 1x28's,DROSPIRENENONE+ETHINYL ESTRADIOL,CONTRACEPTIVE AGENTS,ขย.9,,ยาคุมกำเนิดและฮอร์โมนทดแท,,ตู้ ก2,แผง/กล่อง,,100,,FALSE,FALSE,FALSE,360,420,,,,,,,
1000,100720,minidoz 1x28's,GESTODENE+ETHINYL ESTRADIOL,CONTRACEPTIVE AGENTS,ขย.9,,ยาคุมกำเนิดและฮอร์โมนทดแท,,ตู้ ก2,แผง/กล่อง,,100,,FALSE,FALSE,FALSE,137.5,189,,,,,,,
1000,100721,Synfonia 1x28's,DROSPIRENENONE+ETHINYL ESTRADIOL,CONTRACEPTIVE AGENTS,ขย.9,,ยาคุมกำเนิดและฮอร์โมนทดแท,,ตู้ ก2,แผง/กล่อง,,100,,FALSE,FALSE,FALSE,276,315,,,,,,,
1000,100722,AnNa 1x28's,LEVONORGESTREL+ETHINYLOESTRADIOL,CONTRACEPTIVE AGENTS,ขย.9,,ยาคุมกำเนิดและฮอร์โมนทดแท,,ตู้ ก2,แผง/กล่อง,,100,,FALSE,FALSE,FALSE,23.8,30,,,,,,,
1000,100723,ANAMAI 1x28's,NORETHISTERONE+MESTRANOL,CONTRACEPTIVE AGENTS,ขย.9,,ยาคุมกำเนิดและฮอร์โมนทดแท,,ตู้ ก2,แผง/กล่อง,,100,,FALSE,FALSE,FALSE,14.75,30,,,,,,,
1000,100724,Jeny FMP 1x28's,NORGESTREL+ETHINYLESTRADIOL,CONTRACEPTIVE AGENTS,ขย.9,,ยาคุมกำเนิดและฮอร์โมนทดแท,,ตู้ ก2,แผง/กล่อง,,100,,FALSE,FALSE,FALSE,21,30,,,,,,,
1000,100725,Madonna 1x2's,LEVONORGESTREL,CONTRACEPTIVE AGENTS,ขย.9,,ยาคุมกำเนิดและฮอร์โมนทดแท,,ตู้ ก2,แผง/กล่อง,,100,,FALSE,FALSE,FALSE,22,50,,,,,,,
1000,100726,MARNON 1x28's,NORGESTREL+ETHINYLESTRADIOL,CONTRACEPTIVE AGENTS,ขย.9,,ยาคุมกำเนิดและฮอร์โมนทดแท,,ตู้ ก2,แผง/กล่อง,,100,,FALSE,FALSE,FALSE,8.4,30,,,,,,,
1000,100727,Maple Forte 1x1's,LEVONORGESTREL,CONTRACEPTIVE AGENTS,ขย.9,,ยาคุมกำเนิดและฮอร์โมนทดแท,,ตู้ ก2,แผง/กล่อง,,100,,FALSE,FALSE,FALSE,16.58,55,,,,,,,
1000,100728,Gynecon 1x5's,NYSTATIN,ANTIFUNGALS,ขย.9,,ยาระบบการติดเชื้อ,,ตู้ ค2,แผง,,100,,FALSE,FALSE,FALSE,14,30,,,,,,,
1000,100729,Dafne35 1x21's,CYPROTERONE ACETATE+ETHINYLESTRADIOL,CONTRACEPTIVE AGENTS,ขย.9,,ยาคุมกำเนิดและฮอร์โมนทดแท,1C187/48,ตู้ ก3,แผง/กล่อง,,100,,FALSE,FALSE,FALSE,90,129,,,,,,,
1000,100730,Diane35 1x21's,CYPROTERONE ACETATE+ETHINYLESTRADIOL,CONTRACEPTIVE AGENTS,ขย.9,,ยาคุมกำเนิดและฮอร์โมนทดแท,,ตู้ ก3,แผง/กล่อง,,100,,FALSE,FALSE,FALSE,162.5,180,,,,,,,
1000,100731,OC35 1x21's,CYPROTERONE ACETATE+ETHINYLESTRADIOL,CONTRACEPTIVE AGENTS,ขย.9,,ยาคุมกำเนิดและฮอร์โมนทดแท,,ตู้ ก3,แผง/กล่อง,,100,,FALSE,FALSE,FALSE,87,100,,,,,,,
1000,100732,Annie 1x21's,CYPROTERONE ACETATE+ETHINYLESTRADIOL,CONTRACEPTIVE AGENTS,ขย.9,,ยาคุมกำเนิดและฮอร์โมนทดแท,,ตู้ ก3,แผง/กล่อง,,100,,FALSE,FALSE,FALSE,60,85,,,,,,,
1000,100733,Laura35 1x21's,CYPROTERONE ACETATE+ETHINYLESTRADIOL,CONTRACEPTIVE AGENTS,ขย.9,,ยาคุมกำเนิดและฮอร์โมนทดแท,,ตู้ ก3,แผง/กล่อง,,100,,FALSE,FALSE,FALSE,66,115,,,,,,,
1000,100734,PREME 1x21's,CYPROTERONE ACETATE+ETHINYLESTRADIOL,CONTRACEPTIVE AGENTS,ขย.9,,ยาคุมกำเนิดและฮอร์โมนทดแท,,ตู้ ก3,แผง/กล่อง,,100,,FALSE,FALSE,FALSE,86.5,105,,,,,,,
1000,100735,Sucee 1x21's,CYPROTERONE ACETATE+ETHINYLESTRADIOL,CONTRACEPTIVE AGENTS,ขย.9,,ยาคุมกำเนิดและฮอร์โมนทดแท,,ตู้ ก3,แผง/กล่อง,,100,,FALSE,FALSE,FALSE,84,105,,,,,,,
1000,100736,Rita21 1x21's,DESOGESTREL+ETHINYLESTRADIOL,CONTRACEPTIVE AGENTS,ขย.9,,ยาคุมกำเนิดและฮอร์โมนทดแท,,ตู้ ก3,แผง/กล่อง,,100,,FALSE,FALSE,FALSE,50,99,,,,,,,
1000,100737,Beriz 1x21's,DESOGESTREL+ETHINYLESTRADIOL,CONTRACEPTIVE AGENTS,ขย.9,,ยาคุมกำเนิดและฮอร์โมนทดแท,,ตู้ ก3,แผง/กล่อง,,100,,FALSE,FALSE,FALSE,73,90,,,,,,,
1000,100738,Camella 1x21's,GESTODENE+ETHINYL ESTRADIOL,CONTRACEPTIVE AGENTS,ขย.9,,ยาคุมกำเนิดและฮอร์โมนทดแท,,ตู้ ก3,แผง/กล่อง,,100,,FALSE,FALSE,FALSE,72,105,,,,,,,
1000,100739,Diora21 1x21's,D-NORGESTREL+ETHINYLESTRADIOL,CONTRACEPTIVE AGENTS,ขย.9,,ยาคุมกำเนิดและฮอร์โมนทดแท,,ตู้ ก3,แผง/กล่อง,,100,,FALSE,FALSE,FALSE,36,60,,,,,,,
1000,100740,Marvelon 1x21's,DESOGESTREL+ETHINYLESTRADIOL,CONTRACEPTIVE AGENTS,ขย.9,,ยาคุมกำเนิดและฮอร์โมนทดแท,,ตู้ ก3,แผง/กล่อง,,100,,FALSE,FALSE,FALSE,91.5,115,,,,,,,
1000,100741,Minny 1x21's,DESOGESTREL+ETHINYLESTRADIOL,CONTRACEPTIVE AGENTS,ขย.9,,ยาคุมกำเนิดและฮอร์โมนทดแท,,ตู้ ก3,แผง/กล่อง,,100,,FALSE,FALSE,FALSE,83.5,120,,,,,,,
1000,100742,Mercilon 1x21's,DESOGESTREL+ETHINYLESTRADIOL,CONTRACEPTIVE AGENTS,ขย.9,,ยาคุมกำเนิดและฮอร์โมนทดแท,,ตู้ ก3,แผง/กล่อง,,100,,FALSE,FALSE,FALSE,155,170,,,,,,,
1000,100743,Annylyn 1x21's,GESTODENE+ETHINYL ESTRADIOL,CONTRACEPTIVE AGENTS,ขย.9,,ยาคุมกำเนิดและฮอร์โมนทดแท,,ตู้ ก3,แผง/กล่อง,,100,,FALSE,FALSE,FALSE,88,120,,,,,,,
1000,100744,Melodia 1x21's,DROSPIRENENONE+ETHINYL ESTRADIOL,CONTRACEPTIVE AGENTS,ขย.9,,ยาคุมกำเนิดและฮอร์โมนทดแท,,ตู้ ก3,แผง/กล่อง,,100,,FALSE,FALSE,FALSE,245,265,,,,,,,
1000,100745,Yasmin 1x21's,DROSPIRENENONE+ETHINYL ESTRADIOL,CONTRACEPTIVE AGENTS,ขย.9,,ยาคุมกำเนิดและฮอร์โมนทดแท,,ตู้ ก3,แผง/กล่อง,,100,,FALSE,FALSE,FALSE,330,360,,,,,,,
1000,100746,Novynette 21 tab,DESOGESTREL+ETHINYLESTRADIOL,CONTRACEPTIVE AGENTS,ขย.9,,ยาคุมกำเนิดและฮอร์โมนทดแท,,ตู้ ก3,แผง/กล่อง,,100,,FALSE,FALSE,FALSE,75,120,,,,,,,
1000,100747,Candinox 1x1's,CLOTRIMAZOLE,ANTIBIOTICS,ขย.9,,ยาระบบการติดเชื้อ,,ตู้ ก3,แผง/กล่อง,,100,,FALSE,FALSE,FALSE,24,60,,,,,,,
1000,100748,Cotren Vaginal Tablet 1x1's,CLOTRIMAZOLE,ANTIBIOTICS,ขย.9,,ยาระบบการติดเชื้อ,,ตู้ ค3,แผง/กล่อง,,100,,FALSE,FALSE,FALSE,22,35,,,,,,,
1000,100749,Canesten 1  1x1's,CLOTRIMAZOLE,ANTIFUNGALS,ขย.9,,ยาระบบการติดเชื้อ,,ตู้ ค3,แผง/กล่อง,,100,,FALSE,FALSE,FALSE,170,195,,,,,,,
1000,100750,HAFIF Shampoo 50 ml กำจัดเหา,CARBARIL,,ขย.9,,อุปกรณ์ทางการแพทย์,,ตู้ ค3,กล่อง,,100,,FALSE,FALSE,FALSE,44,95,,,,,,,
1000,100751,VISTRA Bilberry Extract Plus Lutein Beta Carotene& Vit.E 30 Cap,,VITAMINS & MINERALS,ขย.9,,วิตามินและอาหารเสริม,,ว1,ขวด,,100,,FALSE,FALSE,FALSE,315,379,,,,,,,
1000,100752,VISTRA  Bran Oil&Rice Germ Oil Plus Wheat Germ Oil 1000 mg 40 Capsules,,VITAMINS & MINERALS,ขย.9,,วิตามินและอาหารเสริม,,ว1,ขวด,,100,,FALSE,FALSE,FALSE,275,340,,,,,,,
1000,100753,VISTRA Gotu Kola Extract Plus Zinc 30 Capsules,,VITAMINS & MINERALS,ขย.9,,วิตามินและอาหารเสริม,,ว1,ขวด,,100,,FALSE,FALSE,FALSE,173,250,,,,,,,
1000,100754,VISTRA Ginkgo120 Ginkgo Biloba Extract 12 mg  30 Tablets,,VITAMINS & MINERALS,ขย.9,,วิตามินและอาหารเสริม,,ว1,ขวด,,100,,FALSE,FALSE,FALSE,195,245,,,,,,,
1000,100755,VISTRA L-Cysteine Plus Biotin 30 Tab,,VITAMINS & MINERALS,ขย.9,,วิตามินและอาหารเสริม,,ว1,ขวด,,100,,FALSE,FALSE,FALSE,240,320,,,,,,,
1000,100756,VISTRA Tomato Extract Plus Beta-Carotene&Vit.E 30 Cap,,VITAMINS & MINERALS,ขย.9,,วิตามินและอาหารเสริม,,ว1,ขวด,,100,,FALSE,FALSE,FALSE,360,360,,,,,,,
1000,100757,VISTRA L-ArGinine Plus L-Drnithine Hydrochloride 1000 mg 30 Tab,,VITAMINS & MINERALS,ขย.9,,วิตามินและอาหารเสริม,,ว1,ขวด,,100,,FALSE,FALSE,FALSE,280,285,,,,,,,
1000,100758,VITRA Forty Plus40 Multivitamins&Evening Primrose Oil 30 cap,,VITAMINS & MINERALS,ขย.9,,วิตามินและอาหารเสริม,,ว1,ขวด,,100,,FALSE,FALSE,FALSE,420,429,,,,,,,
1000,100759,VISTRA L-Carnitine 500 mg Plus 3L - 30 Tab,,VITAMINS & MINERALS,ขย.9,,วิตามินและอาหารเสริม,,ว1,ขวด,,100,,FALSE,FALSE,FALSE,260,345,,,,,,,
1000,100760,VISTRA Odorless Fish Oil 1000 mg- 100 Tab,,VITAMINS & MINERALS,ขย.9,,วิตามินและอาหารเสริม,,ว1,ขวด,,100,,FALSE,FALSE,FALSE,212,350,,,,,,,
1000,100761,VSTRA Lecithin Soy 1200mg Plus Vit.E -90 Cap,ACETYLCYSTEINE,VITAMINS & MINERALS,ขย.9,,วิตามินและอาหารเสริม,,ตู้ A1,ขวด,,100,,FALSE,FALSE,FALSE,185,275,255,,,,,,
1000,100762,VISTRA Evening Primrose Oil 1000mg Plus Vit.E 75 Cap,,VITAMINS & MINERALS,ขย.9,,วิตามินและอาหารเสริม,,ว1,ขวด,,100,,FALSE,FALSE,FALSE,230,360,,,,,,,
1000,100763,VISTRA VAGINY 30 Cap,,VITAMINS & MINERALS,ขย.9,,วิตามินและอาหารเสริม,,ว1,ขวด,,100,,FALSE,FALSE,FALSE,344,490,,,,,,,
1000,100764,NEOCA Garlic 30 Cap,GARLIC EXTRACT,VITAMINS & MINERALS,ขย.9,,วิตามินและอาหารเสริม,,ตู้ A1,กล่อง,,100,,FALSE,FALSE,FALSE,98,115,139,,,,,,
1000,100765, Lingzhi  เห็ดหลินจือ 30 Cap (อ้วยอันโอสถ),,,ขย.9,,วิตามินและอาหารเสริม,,ว1,กล่อง,,100,,FALSE,FALSE,FALSE,94,165,,,,,,,
1000,100766,YA COZZ 30 Cap (อ้วยอันโอสถ),,,ขย.9,,"ยาสมุนไพร, ยาแผนโบราณ",,ว1,กล่อง,,100,,FALSE,FALSE,FALSE,40,80,,,,,,,
1000,100767,VISTRA DT Daily Fiber 7000mg 8 g. 10 ซอง/กล่อง,,VITAMINS & MINERALS,ขย.9,,วิตามินและอาหารเสริม,,ว1,กล่อง,,100,,FALSE,FALSE,FALSE,105,175,,,,,,,
1000,100768,THP Garlicap 50 Cap,GARLIC EXTRACT,,ขย.9,,"ยาสมุนไพร, ยาแผนโบราณ",,ว1,กล่อง,,100,,FALSE,FALSE,FALSE,92,150,,,,,,,
1000,100769, อภัยบี 70 Cap (อภัยภูเบศร),,,ขย.9,,"ยาสมุนไพร, ยาแผนโบราณ",,ว1,กล่อง,,100,,FALSE,FALSE,FALSE,167,255,,,,,,,
1000,100770,BOONE Ginseng Multiplus Cordyceps ถั่งเช่า 45 Tab,,,ขย.9,,"ยาสมุนไพร, ยาแผนโบราณ",,ว1,กล่อง,,100,,FALSE,FALSE,FALSE,360,399,,,,,,,
1000,100771,Y Gink Brand ตราวาย-กิง กิงโก บิโลบา 30 Tab,METHYL SALICYLATE+MENTHOL+EUGENOL,VITAMINS & MINERALS,ขย.9,,"ยาสมุนไพร, ยาแผนโบราณ",,ตู้ A1,กล่อง,,100,,FALSE,FALSE,FALSE,188,220,260,,,,,,
1000,100772,VISTRA Zinc 15 mg 45 Cap,ZINC,VITAMINS & MINERALS,ขย.9,,วิตามินและอาหารเสริม,1A430/49,ว2,ขวด,,100,,FALSE,FALSE,FALSE,146,245,,,,,,,
1000,100773,VISTRA B complex Plus Minerals 30 Tab,VITAMIN B COMPLEX,VITAMINS & MINERALS,ขย.9,,วิตามินและอาหารเสริม,,ว2,ขวด,,100,,FALSE,FALSE,FALSE,158,250,,,,,,,
1000,100774,VISTRA Collagen TriPeptide 1300&Coenzyme Q10 Plus 30 Tab,COLLAGEN,VITAMINS & MINERALS,ขย.9,,วิตามินและอาหารเสริม,,ว2,ขวด,,100,,FALSE,FALSE,FALSE,320,395,,,,,,,
1000,100775,VISTRA Acerola Cherry 1000mg& CitrusBioflavonoids Plus 45 Tab,,VITAMINS & MINERALS,ขย.9,,วิตามินและอาหารเสริม,,ว2,ขวด,,100,,FALSE,FALSE,FALSE,252,310,,,,,,,
1000,100776,VISTRA Astaxanthin Plus Vit.E 30 Cap,,VITAMINS & MINERALS,ขย.9,,วิตามินและอาหารเสริม,,ว2,ขวด,,100,,FALSE,FALSE,FALSE,510,575,,,,,,,
1000,100777,VISTRA BIO C 1000mg 30 Tab,ASCORBIC ACID,VITAMINS & MINERALS,ขย.9,,วิตามินและอาหารเสริม,,ว2,ขวด,,100,,FALSE,FALSE,FALSE,189,279,,,,,,,
1000,100778,VISTRA Coenzyme Q10 30mg - 30 Tab,COENZYME Q 10,VITAMINS & MINERALS,ขย.9,,วิตามินและอาหารเสริม,,ว2,ขวด,,100,,FALSE,FALSE,FALSE,155,180,,,,,,,
1000,100779,VISTRA Grape Seed 60mg 30 Cap,GINGKO-BILOBA,VITAMINS & MINERALS,ขย.9,,วิตามินและอาหารเสริม,,ตู้ A1,กล่อง,,100,,FALSE,FALSE,FALSE,215,230,280,,,,,,
1000,100780,VISTRA Magnesium Complex Plus Vit.B1-6-12 - 30 Cap,,VITAMINS & MINERALS,ขย.9,,วิตามินและอาหารเสริม,1A430/49,ว2,ขวด,,100,,FALSE,FALSE,FALSE,159,235,,,,,,,
1000,100781,VISTRA Gluta Complex1000 Plus Red Orange Extract 30 Cap,GARLIC EXTRACT,VITAMINS & MINERALS,ขย.9,,วิตามินและอาหารเสริม,,ว2,ขวด,,100,,FALSE,FALSE,FALSE,470,585,,,,,,,
1000,100782,VISTRA Gluta Complex800 Plus Rice Extract 30 Cap,,,ขย.9,,วิตามินและอาหารเสริม,,ว2,ขวด,,100,,FALSE,FALSE,FALSE,380,499,,,,,,,
1000,100783,MEGA Fosh Oil 1000mg- 100Tab,,VITAMINS & MINERALS,ขย.9,,วิตามินและอาหารเสริม,,ว2,กระปุก,,100,,FALSE,FALSE,FALSE,300,415,,,,,,,
1000,100784,BANNER Fish Oil +Vit.B complex 30 cap,,VITAMINS & MINERALS,ขย.9,,วิตามินและอาหารเสริม,,ตู้ ว2,ขวด,,100,,FALSE,FALSE,FALSE,199,320,,,,,,,
1000,100785,Obimin AZ 60 Tab,,VITAMINS & MINERALS,ขย.9,,วิตามินและอาหารเสริม,,ว2,กระปุก,,100,,FALSE,FALSE,FALSE,193,295,,,,,,,
1000,100786,BANNER Hi-B With Fish Oil 30 cap,VITAMIN B COMPLEX+MINERAL,VITAMINS & MINERALS,ขย.9,,วิตามินและอาหารเสริม,,ว2,กล่อง,,100,,FALSE,FALSE,FALSE,165,215,,,,,,,
1000,100787,nent น้ำมันมะพร้าวสกัดเย็น 100% 100 ml,,,ขย.9,,วิตามินและอาหารเสริม,,ว2,ขวด,,100,,FALSE,FALSE,FALSE,70,95,,,,,,,
1000,100788,nent น้ำมันมะพร้าวสกัดเย็น 100% 200 ml,,,ขย.9,,วิตามินและอาหารเสริม,,ว2,ขวด,,100,,FALSE,FALSE,FALSE,120,169,,,,,,,
1000,100789,SHP Albumen  78 Tab,,,ขย.9,,วิตามินและอาหารเสริม,,ว2,กระปุก,,100,,FALSE,FALSE,FALSE,290,320,,,,,,,
1000,100790,BANNER Soy Protein+Lecithin 30 cap,,,ขย.9,,วิตามินและอาหารเสริม,,ว2,ขวด,,100,,FALSE,FALSE,FALSE,149,250,,,,,,,
1000,100791,EGG Albumin 1x10's,,,ขย.9,,วิตามินและอาหารเสริม,,ว2,แผง/กล่อง,,100,,FALSE,FALSE,FALSE,0,120,,,,,,,
1000,100792,EGG Alumin 60 Tab,,,ขย.9,,วิตามินและอาหารเสริม,,ว2,กระปุก,,100,,FALSE,FALSE,FALSE,285,348,,,,,,,
1000,100793,BANNER Multivitamins+Zinc 30 Cap,MULTIVITAMINS & MINERALS,VITAMINS & MINERALS,ขย.9,,วิตามินและอาหารเสริม,,ว2,ขวด,,100,,FALSE,FALSE,FALSE,199,320,,,,,,,
1000,100794,GPO Vitamin C 500mg 100 Tab,ASCORBIC ACID,VITAMINS & MINERALS,ขย.9,,วิตามินและอาหารเสริม,,ว3,ขวด,,100,,FALSE,FALSE,FALSE,145,190,,,,,,,
1000,100795,NEOCA C 1000mg 30 Tab,ASCORBIC ACID,VITAMINS & MINERALS,ขย.9,,วิตามินและอาหารเสริม,,ว3,ขวด,,100,,FALSE,FALSE,FALSE,177,280,,,,,,,
1000,100796,CC Plus Zinc 30 Tab,ASCORBIC ACID,VITAMINS & MINERALS,ขย.9,,วิตามินและอาหารเสริม,,ว3,กระปุก,,100,,FALSE,FALSE,FALSE,110,159,,,,,,,
1000,100797,MaxxLife Vitamin C 500mg 30 Tab,ASCORBIC ACID,VITAMINS & MINERALS,ขย.9,,วิตามินและอาหารเสริม,,ว3,ขวด,,100,,FALSE,FALSE,FALSE,106,180,,,,,,,
1000,100798,USP Acorbic Extra C 30 softgels,ASCORBIC ACID,VITAMINS & MINERALS,ขย.9,,วิตามินและอาหารเสริม,,ว3,กระปุก,,100,,FALSE,FALSE,FALSE,105,159,,,,,,,
1000,100799,QA Acorbic C 1000mg 30 Tab,ASCORBIC ACID,VITAMINS & MINERALS,ขย.9,,วิตามินและอาหารเสริม,,ว3,ขวด,,100,,FALSE,FALSE,FALSE,90,150,,,,,,,
1000,100800,BlackMore Multi B 30 Tab,VITAMIN B COMPLEX,VITAMINS & MINERALS,ขย.9,,วิตามินและอาหารเสริม,,ว3,ขวด,,100,,FALSE,FALSE,FALSE,190,245,,,,,,,
1000,100801,BlackMores Exec B's 30 Tab,VITAMIN B COMPLEX,VITAMINS & MINERALS,ขย.9,,วิตามินและอาหารเสริม,,ว3,ขวด,,100,,FALSE,FALSE,FALSE,226,260,,,,,,,
1000,100802,BlackMores Folic Acid 90 Tab,FOLIC ACID,VITAMINS & MINERALS,ขย.9,,วิตามินและอาหารเสริม,,ว3,ขวด,,100,,FALSE,FALSE,FALSE,233,289,,,,,,,
1000,100803,BlackMores BIO C 1000mg 31 Tab,ASCORBIC ACID,VITAMINS & MINERALS,ขย.9,,วิตามินและอาหารเสริม,,ว3,ขวด,,100,,FALSE,FALSE,FALSE,219.5,310,,,,,,,
1000,100804,BlackMores Naturetime Buffered C - 31 Tab,ASCORBIC ACID,VITAMINS & MINERALS,ขย.9,,วิตามินและอาหารเสริม,,ว3,ขวด,,100,,FALSE,FALSE,FALSE,138,215,,,,,,,
1000,100805,MEGA We Care Lecithin 1200mg- 100 Cap,LECITHIN,VITAMINS & MINERALS,ขย.9,,วิตามินและอาหารเสริม,,ว3,กระปุก,,100,,FALSE,FALSE,FALSE,235,320,,,,,,,
1000,100806,MEGA We Care Evening PrimRose Oil 1000mg - 30 Cap,LECITHIN,VITAMINS & MINERALS,ขย.9,,วิตามินและอาหารเสริม,,ว3,กระปุก,,100,,FALSE,FALSE,FALSE,123,225,,,,,,,
1000,100807,MEGA We Care Nat Mag 30 Tab,MAGNESIUM HYDROXIDE,VITAMINS & MINERALS,ขย.9,,วิตามินและอาหารเสริม,,ว3,กระปุก,,100,,FALSE,FALSE,FALSE,162,205,,,,,,,
1000,100808,MEGA Nat B 100 Cap,VITAMIN B COMPLEX,VITAMINS & MINERALS,ขย.9,,วิตามินและอาหารเสริม,,ว3,กระปุก,,100,,FALSE,FALSE,FALSE,554,695,,,,,,,
1000,100809,MEGA Nat B 40 Cap,VITAMIN B COMPLEX,VITAMINS & MINERALS,ขย.9,,วิตามินและอาหารเสริม,,ว3,ขวด,,100,,FALSE,FALSE,FALSE,227.75,425,,,,,,,
1000,100810,MEGA Zincomin 60 Cap,ZINC+MAGNESIUM,VITAMINS & MINERALS,ขย.9,,วิตามินและอาหารเสริม,,ว3,กระปุก,,100,,FALSE,FALSE,FALSE,209,250,,,,,,,
1000,100811,MEGA Nat C 30 Tab,MULTIVITAMINS & MINERALS,VITAMINS & MINERALS,ขย.9,,วิตามินและอาหารเสริม,,ว3,กระป๋อง,,100,,FALSE,FALSE,FALSE,187.5,255,,,,,,,
1000,100812,MEGA Garlic Oil 100 Cap,GARLIC EXTRACT,VITAMINS & MINERALS,ขย.9,,วิตามินและอาหารเสริม,,ว3,กระปุก,,100,,FALSE,FALSE,FALSE,105,199,,,,,,,
1000,100813,MEGA Nat C 60 Tab,MULTIVITAMINS & MINERALS,VITAMINS & MINERALS,ขย.9,,วิตามินและอาหารเสริม,,ว3,กระปุก,,100,,FALSE,FALSE,FALSE,315,495,,,,,,,
1000,100814,VISTRA Way Protein 255 g (15ซอง),,,ขย.9,,วิตามินและอาหารเสริม,,ว3,กล่อง,,100,,FALSE,FALSE,FALSE,295,350,,,,,,,
1000,100815,VISTRA Collagen Type II 1000 mg Plus Turmeric Extract (10x10ซอง),,,ขย.9,,วิตามินและอาหารเสริม,,ว3,กล่อง,,100,,FALSE,FALSE,FALSE,430,599,,,,,,,
1000,100003,Domperidone  (Motilium) 30 ml,ACICLOVIR,ANTIEMETICS & ANTIVERTIGO DRUG,ขย.9,,ยาน้ำสำหรับเด็ก,,ตู้ A6,ขวด,,100,,FALSE,FALSE,FALSE,37,65,,,,,,,
1000,100816,VISTRA Marine Collagen Tri Peptide 10000mg ส้ม สับปะรด 10 ซอง,,,ขย.9,,วิตามินและอาหารเสริม,,ว3,กล่อง,,100,,FALSE,FALSE,FALSE,482,599,,,,,,,
1000,100817,VISTRA Marine Collagen TriPeptide 10000mg สตรอเบอร์รี่ ลิ้นจี่ 10 ซอง,ACETYLCYSTEINE,DECONGESTANTS & OTHER NASAL PR,ขย.9,,วิตามินและอาหารเสริม,,ตู้ A1,กล่อง,,100,,FALSE,FALSE,FALSE,460,599,630,,,,,,
1000,100818,TobraDex eye drop 5 ml Novartis,TOBRAMYCIN+DEXAMETHSONE,EYE PREPARATIONS,ขย.9,,ยาหู ตา คอ จมูก,,ตู้ B3,ขวด,,100,,FALSE,FALSE,FALSE,132,175,,,,,,,
1000,100819,TobraDex ointment 3.5 g Novartis,TOBRAMYCIN+DEXAMETHSONE,EYE PREPARATIONS,ขย.9,,ยาหู ตา คอ จมูก,,ตู้ B3,ขวด,,100,,FALSE,FALSE,FALSE,94,125,,,,,,,
1000,100820,Maxitrol ointment 3.5 g Novartis,NEOMYCIN,EYE PREPARATIONS,ขย.9,,ยาหู ตา คอ จมูก,,ตู้ B3,ขวด,,100,,FALSE,FALSE,FALSE,69,95,,,,,,,
1000,100821,ลูกประคบ สมุนไพร คงคาเฮิร์บ 200 กรัม,,,ขย.9,,"ยาสมุนไพร, ยาแผนโบราณ",G 50/55,น1/1,ชิ้น,,100,,FALSE,FALSE,FALSE,70,85,,,,,,,
1000,100822,เกลือแร่ Royal-D electrolyte beverge 25g,SODIUM CHLORIDE,,ขย.9,,ยาสามัญประจำบ้าน,,น1/1,ซอง,,100,,FALSE,FALSE,FALSE,3.1,7,,,,,,,
1000,100823,Royal D เกลือแร่ รสส้ม 25 g. ,GLUCOSE,,ขย.9,,ยาสามัญประจำบ้าน,,น1/1,ซอง,,100,,FALSE,FALSE,FALSE,3.8,7,,,,,,,
1000,100824,ENO LEMON  100g bottle,SODIUM BICARBONATE,ANTIACIDS,ขย.9,,ยาทางเดินอาหาร,2C 22/59,น1/2,ขวด,,100,,FALSE,FALSE,FALSE,79,98,,,,,,,
1000,100825,ENO ORANGE 100g bottle,SODIUM BICARBONATE,ANTIACIDS,ขย.9,,ยาทางเดินอาหาร,2C 21/59,น1/2,ขวด,,100,,FALSE,FALSE,FALSE,81,98,,,,,,,
1000,100826,เซโรงัง 50 เม็ด,,DIGESTIVE ENZYMES/DIGESTIVES,ขย.9,,ยาทางเดินอาหาร,2C 10/61,น1/2,ขวด,,100,,FALSE,FALSE,FALSE,86,120,,,,,,,
1000,100827,ไบเยล brygel 10's,ALUMINIUM HYDROXIDE+MAGNESIUM HYDROXIDE,ANTIACIDS,ขย.9,,ยาทางเดินอาหาร,2A 229/28,น1/2,แผง,,100,,FALSE,FALSE,FALSE,10.5,15,,,,,,,
1000,100828,ยาอม mybacin Zinc orange flavor 10's,,MOUTH/THROAT PREPARATIONS,ขย.9,,ยาอม,10-1-20548-5-00,น1/2,ซอง,,100,,FALSE,FALSE,FALSE,7.4,13,,,,,,,
1000,100829,ยาอม mybacin Zinc lemon  flavor 10's,,MOUTH/THROAT PREPARATIONS,ขย.9,,ยาอม,10-1-20548-5-00,น1/2,ซอง,,100,,FALSE,FALSE,FALSE,7.4,15,,,,,,,
1000,100830,ยาอม mybacin Zinc finger root &ginger  flavor 10's,,MOUTH/THROAT PREPARATIONS,ขย.9,,ยาอม,10-1-20548-5-00,น1/2,ซอง,,100,,FALSE,FALSE,FALSE,11.1,19,,,,,,,
1000,100831,ยาอม mybacin THROAT mint  flavor 10's,,MOUTH/THROAT PREPARATIONS,ขย.9,,ยาอม,1A 10/61,น1/2,ซอง,,100,,FALSE,FALSE,FALSE,7.4,13,,,,,,,
1000,100832,ยาอมกำกิกเผี่ยง 20 เม็ด,,MOUTH/THROAT PREPARATIONS,ขย.9,,ยาอม,G 73/32,น1/2,กล่อง,,100,,FALSE,FALSE,FALSE,36.25,55,,,,,,,
1000,100833,ยาอมมะแว้ง ตราไอยรา รสเปลือกส้ม 15 เม็ด,,MOUTH/THROAT PREPARATIONS,ขย.9,,ยาอม,G 213/55,น1/2,ซอง,,100,,FALSE,FALSE,FALSE,6.5,28,,,,,,,
1000,100834,ยาอมมะแว้ง ตราไอยรา รสบ๊วย 15 เม็ด,,MOUTH/THROAT PREPARATIONS,ขย.9,,ยาอม,G 210/55,น1/2,ซอง,,100,,FALSE,FALSE,FALSE,7,30,,,,,,,
1000,100835,ยาอม ยูอีคอฟ มะขามป้อม 20 เม็ด,,MOUTH/THROAT PREPARATIONS,ขย.9,,ยาอม,G 15265/65,น1/2,ซอง,,100,,FALSE,FALSE,FALSE,19.5,30,,,,,,,
1000,100836,ยาอม ยูอีคอฟ มะขามป้อม+สเปียร์มินท์ 20 เม็ด,,MOUTH/THROAT PREPARATIONS,ขย.9,,ยาอม,10-1-16435-5-00,น1/2,ซอง,,100,,FALSE,FALSE,FALSE,19,30,,,,,,,
1000,100837,ยาอม ยูอีคอฟ มะขามป้อม+น้ำผึ้งเลมอน 20 เม็ด,,MOUTH/THROAT PREPARATIONS,ขย.9,,ยาอม,11-2-01764-6-00,น1/2,ซอง,,100,,FALSE,FALSE,FALSE,19,30,,,,,,,
1000,100838,ยาอม อาปาเช่  รสมะขามป้อม 12 เม็ด,EUCALYPTUS,MOUTH/THROAT PREPARATIONS,ขย.9,,ยาอม,11-1-10249-6-00,น1/2,ซอง,,100,,FALSE,FALSE,FALSE,15.4,25,23,,,,,,
1000,100839,ยาบำรุงร่างกาย ตราพญานาค 150 ซีซี,,,ขย.9,,"ยาสมุนไพร, ยาแผนโบราณ",G 78/51,น1/2,ขวด,,100,,FALSE,FALSE,FALSE,20.5,25,,,,,,,
1000,100840,ยาน้ำแก้ไอ ยูอีคอฟ มะขามป้อม 120 ซีซี (ไม่มีน้ำตาล),,MOUTH/THROAT PREPARATIONS,ขย.9,,"ยาสมุนไพร, ยาแผนโบราณ",G 385/58,น1/2,ขวด,,100,,FALSE,FALSE,FALSE,28,45,,,,,,,
1000,100841,ยาน้ำแก้ไอ ยูอีคอฟ มะขามป้อม 120 ซีซี,,MOUTH/THROAT PREPARATIONS,ขย.9,,"ยาสมุนไพร, ยาแผนโบราณ",G 323/56,น1/2,ขวด,,100,,FALSE,FALSE,FALSE,28,45,,,,,,,
1000,100842,ยาแก้ไอ มะขามป้อม ตราปาริฉัตร 60 ซีซี,,MOUTH/THROAT PREPARATIONS,ขย.9,,"ยาสมุนไพร, ยาแผนโบราณ",G 264/57,น1/2,ขวด,,100,,FALSE,FALSE,FALSE,21.5,39,,,,,,,
1000,100843,ยาน้ำแก้ไอ มะขามป้อม ตราห้างธงทองโอสถ 120 ซีซี,,MOUTH/THROAT PREPARATIONS,ขย.9,,"ยาสมุนไพร, ยาแผนโบราณ",G 197/52,น1/2,ขวด,,100,,FALSE,FALSE,FALSE,28.25,40,,,,,,,
1000,100844,ยาน้ำแก้ไอ มะขามป้อม ตราแสงดาว 120 ซีซี,ACETYLCYSTEINE,MOUTH/THROAT PREPARATIONS,ขย.9,,"ยาสมุนไพร, ยาแผนโบราณ",G 344/49,น1/2,ขวด,,100,,FALSE,FALSE,FALSE,14.5,30,26,,,,,,
1000,100845,ยาแก้ไอ ตราคีมเหล็ก 100 ซีซี,,MOUTH/THROAT PREPARATIONS,ขย.9,,"ยาสมุนไพร, ยาแผนโบราณ",G10/30,น1/2,ขวด,,100,,FALSE,FALSE,FALSE,26.25,45,,,,,,,
1000,100846,ยาแก้ไอมะแว้ง ตรามังกรทอง อ้วยอันโอสถ 60 ซีซี SF,,MOUTH/THROAT PREPARATIONS,ขย.9,,"ยาสมุนไพร, ยาแผนโบราณ",G 95/49,น1/2,G 95/49,,100,,FALSE,FALSE,FALSE,23,40,,,,,,,
1000,100847,ยาแก้ไอน้ำดำ GPO 60 ซีซี,,MOUTH/THROAT PREPARATIONS,ขย.9,,"ยาสมุนไพร, ยาแผนโบราณ",2A 107/47,น1/2,ขวด,,100,,FALSE,FALSE,FALSE,17,25,,,,,,,
1000,100848,ยาน้ำแก้ไอผสมมะขามป้อม ตราอภัยภูเบศร 100 ซีซี,,MOUTH/THROAT PREPARATIONS,ขย.9,,"ยาสมุนไพร, ยาแผนโบราณ",G 387/64,น1/2,ขวด,,100,,FALSE,FALSE,FALSE,28.5,45,,,,,,,
1000,100849,ชวนป๋วยปี่แปกอ 150 ซีซี,,MOUTH/THROAT PREPARATIONS,ขย.9,,"ยาสมุนไพร, ยาแผนโบราณ",K 12/50,น1/3,ขวด,,100,,FALSE,FALSE,FALSE,81.5,105,,,,,,,
1000,100850,ชวนป๋วยปี่แปกอ 75 ซีซี,,MOUTH/THROAT PREPARATIONS,ขย.9,,"ยาสมุนไพร, ยาแผนโบราณ",K 12/50,น1/3,ขวด,,100,,FALSE,FALSE,FALSE,59.5,85,,,,,,,
1000,100851,ชวนป๋วยปี่แป่โหล่ว 110 ซีซี,,MOUTH/THROAT PREPARATIONS,ขย.9,,"ยาสมุนไพร, ยาแผนโบราณ",K 31/28,น1/3,ขวด,,100,,FALSE,FALSE,FALSE,63,75,,,,,,,
1000,100852,ชวนป๋วยปี่แป่โหล่ว 55 ซีซี,,MOUTH/THROAT PREPARATIONS,ขย.9,,"ยาสมุนไพร, ยาแผนโบราณ",K 31/28,น1/3,ขวด,,100,,FALSE,FALSE,FALSE,44,55,,,,,,,
1000,100853,ยาน้ำแก้ไอ แป๊ะลี้ 60 ซีซี,,MOUTH/THROAT PREPARATIONS,ขย.9,,"ยาสมุนไพร, ยาแผนโบราณ",G 305/57,น1/3,ขวด,,100,,FALSE,FALSE,FALSE,32,45,,,,,,,
1000,100854,ยาแก้ไอ ไอยสวรรค์ สูตร2 60 ซีซี (ฟ้าทะลายโจร+มะขามป้อม),,MOUTH/THROAT PREPARATIONS,ขย.9,,"ยาสมุนไพร, ยาแผนโบราณ",G 709/54,น1/3,ขวด,,100,,FALSE,FALSE,FALSE,21.75,30,,,,,,,
1000,100855,ยาแก้ไอ ไอยสวรรค์ สูตร2 120 ซีซี (ฟ้าทะลายโจร+มะขามป้อม),,MOUTH/THROAT PREPARATIONS,ขย.9,,"ยาสมุนไพร, ยาแผนโบราณ",G 709/54,น1/3,ขวด,,100,,FALSE,FALSE,FALSE,31.5,45,,,,,,,
1000,100856,ยาน้ำแก้ไอ ลอร์ซู 100 ซีซี,,MOUTH/THROAT PREPARATIONS,ขย.9,,"ยาสมุนไพร, ยาแผนโบราณ",G 562/60,น1/3,ขวด,,100,,FALSE,FALSE,FALSE,35,55,,,,,,,
1000,100857,ยาน้ำแก้ไอน้ำดำ ตรางู 60 ซีซี,,MOUTH/THROAT PREPARATIONS,ขย.9,,"ยาสมุนไพร, ยาแผนโบราณ",2A 58/45,น1/3,ขวด,,100,,FALSE,FALSE,FALSE,18.75,29,,,,,,,
1000,100858,ยาน้ำแก้ไอ ตรา ไวกิ้ง 60 ซีซี,,MOUTH/THROAT PREPARATIONS,ขย.9,,"ยาสมุนไพร, ยาแผนโบราณ",2A 62/53,น1/3,ขวด,,100,,FALSE,FALSE,FALSE,12,20,,,,,,,
1000,100859,ยาแก้ไอมะแว้งน้ำเชื่อม อ้วยอันโอสถ 60 ซีซี,,MOUTH/THROAT PREPARATIONS,ขย.9,,"ยาสมุนไพร, ยาแผนโบราณ",G 65/41,น1/3,ขวด,,100,,FALSE,FALSE,FALSE,21.25,50,,,,,,,
1000,100860,ยาแก้ไอ มะแว้งน้ำดำ ตรา ไฟโตแคร์ 60 ซีซี,,MOUTH/THROAT PREPARATIONS,ขย.9,,"ยาสมุนไพร, ยาแผนโบราณ",G 653/49,น1/3,ขวด,,100,,FALSE,FALSE,FALSE,36,50,,,,,,,
1000,100861,ยาอมสมุนไพร I-HERB OTC 18 เม็ด,,MOUTH/THROAT PREPARATIONS,ขย.9,,ยาอม,G 254/61,น1/3,กล่อง,,100,,FALSE,FALSE,FALSE,0,39,,,,,,,
1000,100862,ยาอม รีดูคอฟ 10 เม็ด,,MOUTH/THROAT PREPARATIONS,ขย.9,,ยาอม,K 9/56,น1/3,แผง/กล่อง,,100,,FALSE,FALSE,FALSE,56,95,,,,,,,
1000,100863,ยาอม fisherman original 25g สีขาว,,MOUTH/THROAT PREPARATIONS,ขย.9,,ยาอม,2C 53/30,น1/3,ซอง,,100,,FALSE,FALSE,FALSE,24.8,35,,,,,,,
1000,100864,ยาอม fisherman mixed berries 25g สีแดง-ม่วง,,MOUTH/THROAT PREPARATIONS,ขย.9,,ยาอม,10-3-11523-5-08,น1/3,ซอง,,100,,FALSE,FALSE,FALSE,26,38,,,,,,,
1000,100865,ยาอม fisherman sugarfree original 25g สีขาว-ฟ้า,,MOUTH/THROAT PREPARATIONS,ขย.9,,ยาอม,2C 19/39,น1/3,ซอง,,100,,FALSE,FALSE,FALSE,24.8,35,,,,,,,
1000,100866,ยาอม fisherman blackcurrant 25g สีม่วง,,MOUTH/THROAT PREPARATIONS,ขย.9,,ยาอม,10-3-11523-1-57,น1/3,ซอง,,100,,FALSE,FALSE,FALSE,26,38,,,,,,,
1000,100867,ยาอม fisherman mint 25g สีเขียว,,MOUTH/THROAT PREPARATIONS,ขย.9,,ยาอม,10-3-11523-1-50,น1/3,ซอง,,100,,FALSE,FALSE,FALSE,24.7,35,,,,,,,
1000,100868,ยาอม fisherman cherry 25g สีแดง-ขาว,,MOUTH/THROAT PREPARATIONS,ขย.9,,ยาอม,10-3-11523-1-33,น1/3,ซอง,,100,,FALSE,FALSE,FALSE,26,38,,,,,,,
1000,100869,ยาน้ำระดมพล 300 ซีซี,,,ขย.9,,"ยาสมุนไพร, ยาแผนโบราณ",G 145/28,น1/3,ขวด,,100,,FALSE,FALSE,FALSE,42,55,,,,,,,
1000,100870,มิกซเจอร์ คาร์มิเนตีฟ 180 ซีซี,,,ขย.9,,"ยาสมุนไพร, ยาแผนโบราณ",2A 63/47,น1/3,ขวด,,100,,FALSE,FALSE,FALSE,22,35,,,,,,,
1000,100871,มิกซเจอร์ คาร์มิเนตีฟ 450 ซีซี,,,ขย.9,,"ยาสมุนไพร, ยาแผนโบราณ",2A 63/47,น1/3,ขวด,,100,,FALSE,FALSE,FALSE,37.5,55,,,,,,,
1000,100872,ยาธาตุ4 ตรากิเลน 300 ซีซี,,,ขย.9,,"ยาสมุนไพร, ยาแผนโบราณ",G 249/66,น1/3,ขวด,,100,,FALSE,FALSE,FALSE,49,55,,,,,,,
1000,100873,ยาธาตุ4 ตรากิเลน 450 ซีซี,,,ขย.9,,"ยาสมุนไพร, ยาแผนโบราณ",G 249/66,น1/3,ขวด,,100,,FALSE,FALSE,FALSE,67.5,79,,,,,,,
1000,100874,ยาธาตุน้ำแดง วิทยาศรม 300 ซีซี,,,ขย.9,,"ยาสมุนไพร, ยาแผนโบราณ",2A 497/29,น1/3,ขวด,,100,,FALSE,FALSE,FALSE,23,40,,,,,,,
1000,100875,ยาธาตุน้ำแดง วิทยาศรม 500 ซีซี,,,ขย.9,,"ยาสมุนไพร, ยาแผนโบราณ",2A 497/29,น1/3,ขวด,,100,,FALSE,FALSE,FALSE,30,55,,,,,,,
1000,100876,ไบร์เยล ชนิดน้ำ 240 ซีซี,ALUMINIUM HYDROXIDE+MAGNESIUM HYDROXIDE,ANTIACIDS,ขย.9,,ยาทางเดินอาหาร,2A 215/27,น1/4,ขวด,,100,,FALSE,FALSE,FALSE,58,89,,,,,,,
1000,100877,ANTACIL GEL 450 ML,ALUMINIUM+MAGNESIUM OH+SIMETHICONE,ANTIACIDS,ขย.9,,ยาทางเดินอาหาร,2A 356/29,น1/4,ขวด,,100,,FALSE,FALSE,FALSE,74,95,,,,,,,
1000,100878,Gaspec-S 240 ml,ALUMINIUM+MAGNESIUM OH+SIMETHICONE,ANTIACIDS,ขย.9,,ยาทางเดินอาหาร,2A 94/50,ตู้ E2,ขวด,,100,,FALSE,FALSE,FALSE,38,65,,,,,,,
1000,100879,มิลค์ ออฟ แมกนีเซีย 240 ซีซี,MAGNESIUM HYDROXIDE,LAXATIVES,ขย.9,,ยาทางเดินอาหาร,1A 1076/44,น1/5,ขวด,,100,,FALSE,FALSE,FALSE,27,45,,,,,,,
1000,100880,มิลค์ ออฟ แมกนีเซีย 450 ซีซี,MAGNESIUM HYDROXIDE,LAXATIVES,ขย.9,,ยาทางเดินอาหาร,,น1/5,ขวด,,100,,FALSE,FALSE,FALSE,40,65,,,,,,,
1000,100881,มิลค์ ออฟ แมกนีเซีย ซี.บี. 240 ซีซี,MAGNESIUM HYDROXIDE,LAXATIVES,ขย.9,,ยาทางเดินอาหาร,1A 432/31,น1/5,ขวด,,100,,FALSE,FALSE,FALSE,30,55,,,,,,,
1000,100882,ยาอม โทรทซิล รสน้ำผึ้งมะนาว 8 เม็ด,,MOUTH/THROAT PREPARATIONS,ขย.9,,ยาอม,2A 13/46,น1/4,ซอง,,100,,FALSE,FALSE,FALSE,14,25,,,,,,,
1000,100883,ยาอม โทรสซิล รสส้มผสมวิตามินซี 8 เม็ด,,MOUTH/THROAT PREPARATIONS,ขย.9,,ยาอม,2A 17/53,น1/4,ซอง,,100,,FALSE,FALSE,FALSE,14,25,,,,,,,
1000,100884,ยาอม Difflam รสน้ำผึ้งผสมมะนาว 8 เม็ด,,MOUTH/THROAT PREPARATIONS,ขย.9,,ยาอม,2A 69/61,น1/4,ซอง,,100,,FALSE,FALSE,FALSE,19.5,35,,,,,,,
1000,100885,ยาอม สเตร็ปซิล original HHR 8 เม็ด,,MOUTH/THROAT PREPARATIONS,ขย.9,,ยาอม,2A 161/53,น1/4,ซอง,,100,,FALSE,FALSE,FALSE,23,38,,,,,,,
1000,100886,ยาอม สเตร็ปซิล honey&lemon HHR 8 เม็ด,,MOUTH/THROAT PREPARATIONS,ขย.9,,ยาอม,2A 8/50,น1/4,ซอง,,100,,FALSE,FALSE,FALSE,23.5,38,,,,,,,
1000,100887,ยาอม สเตร็ปซิล Orange+vitamin C HHR 8 เม็ด,,MOUTH/THROAT PREPARATIONS,ขย.9,,ยาอม,2A 159/53,น1/4,ซอง,,100,,FALSE,FALSE,FALSE,23,38,,,,,,,
1000,100888,ยาอมแก้ไอ ตราตะขาบ 5 ตัว 3 กรัม,PARACETAMOL,MOUTH/THROAT PREPARATIONS,ขย.9,,ยาอม,G 859/45,น1/5,ซอง,,100,,FALSE,FALSE,FALSE,13,15,18,,,,,,
1000,100889,ยาอมมะแว้ง ตราไฟโตรแคร์ 20 เม็ด,,MOUTH/THROAT PREPARATIONS,ขย.9,,ยาอม,G 467/41,น1/5,ซอง,,100,,FALSE,FALSE,FALSE,6.5,10,,,,,,,
1000,100890,ยาอมมะแว้ง รสบ๊วย ตราไฟโตแคร์ 20 เม็ด,,MOUTH/THROAT PREPARATIONS,ขย.9,,ยาอม,G 295/45,น1/5,ซอง,,100,,FALSE,FALSE,FALSE,7,10,,,,,,,
1000,100891,ยาอม โพรโพลิส น้ำผึ้งมะนาว 8 เม็ด,ACETYLCYSTEINE,MOUTH/THROAT PREPARATIONS,ขย.9,,ยาอม,75-2-01253-5-00,น1/5,ซอง,,100,,FALSE,FALSE,FALSE,14.3,30,24,,,,,,
1000,100892,ยาอม โบตัน ตรากิเลน รสดั้งเดิม 3.4 กรัม,,MOUTH/THROAT PREPARATIONS,ขย.9,,ยาอม,10-1-22323-1-00,น1/5,ซอง,,100,,FALSE,FALSE,FALSE,9.25,14,,,,,,,
1000,100893,ยาอม โบตัน ตรากิเลน 5.4 กรัม สีขาว,METHYL SALICYLATE+MENTHOL+EUGENOL,MOUTH/THROAT PREPARATIONS,ขย.9,,ยาอม,14-1-07953-6-00,น1/5,ตลับ,,100,,FALSE,FALSE,FALSE,14.5,20,19,,,,,,
1000,100894,ยาอม โบตัน ตรากิเลน 5.4 กรัม สีเหลือง,,MOUTH/THROAT PREPARATIONS,ขย.9,,ยาอม,,น1/5,ตลับ,,100,,FALSE,FALSE,FALSE,11,20,,,,,,,
1000,100895,ยาแก้ไอ ตราอาปาเช่ มะขามป้อม 60 ซีซี,CAMPHOR,MOUTH/THROAT PREPARATIONS,ขย.9,,"ยาสมุนไพร, ยาแผนโบราณ",G 213/56,น1/5,ขวด,,100,,FALSE,FALSE,FALSE,16,22,22,,,,,,
1000,100896,ยาแก้ไอ ตราอาปาเช่ มะแว้ง+มะขามป้อม 60 ซีซี,CAMPHOR,MOUTH/THROAT PREPARATIONS,ขย.9,,"ยาสมุนไพร, ยาแผนโบราณ",G 476/47,น1/5,ขวด,,100,,FALSE,FALSE,FALSE,16,22,22,,,,,,
1000,100897,ยาน้ำแก้ไอ ตราเสือ 11 ตัว สูตร 11 มะแว้ง 60 ซีซี,,MOUTH/THROAT PREPARATIONS,ขย.9,,"ยาสมุนไพร, ยาแผนโบราณ",G 790/48,น1/5,ขวด,,100,,FALSE,FALSE,FALSE,17.5,25,,,,,,,
1000,100898,ยาน้ำแก้ไอ มะแว้ง ตรา ไอยรา 120 ซีซี,,MOUTH/THROAT PREPARATIONS,ขย.9,,"ยาสมุนไพร, ยาแผนโบราณ",G 11/53,น1/5,ขวด,,100,,FALSE,FALSE,FALSE,35,65,,,,,,,
1000,100899,ยาน้ำแก้ไอ มะแว้ง ตรา ไอยรา 60 ซีซี,,MOUTH/THROAT PREPARATIONS,ขย.9,,"ยาสมุนไพร, ยาแผนโบราณ",G 11/53,น1/5,ขวด,,100,,FALSE,FALSE,FALSE,21,40,,,,,,,
1000,100900,ยาน้ำแก้ไอ ตรา ไอยรา ไร้น้ำตาล 60 ซีซี,,MOUTH/THROAT PREPARATIONS,ขย.9,,"ยาสมุนไพร, ยาแผนโบราณ",,น1/5,ขวด,,100,,FALSE,FALSE,FALSE,23,50,,,,,,,
1000,100901,ยาน้ำแก้ไอ มะขามป้อม ตรา ไอยรา 60 ซีซี,,MOUTH/THROAT PREPARATIONS,ขย.9,,"ยาสมุนไพร, ยาแผนโบราณ",G 17/53,น1/5,ขวด,,100,,FALSE,FALSE,FALSE,21,45,,,,,,,
1000,100902,ยาน้ำ แก้ไอ โยคี97 60 ซีซี,ACETYLCYSTEINE,MOUTH/THROAT PREPARATIONS,ขย.9,,"ยาสมุนไพร, ยาแผนโบราณ",G 312/45,น1/4,ขวด,,100,,FALSE,FALSE,FALSE,11.45,20,21,,,,,,
1000,100903,ยาน้ำ แก้ไอ โยคี97 120 ซีซี,,MOUTH/THROAT PREPARATIONS,ขย.9,,"ยาสมุนไพร, ยาแผนโบราณ",G 312/45,น1/4,ขวด,,100,,FALSE,FALSE,FALSE,15.5,28,,,,,,,
1000,100904,ยาแก้ไอ ซอมป่อยใหม่ 60 ซีซี,,MOUTH/THROAT PREPARATIONS,ขย.9,,"ยาสมุนไพร, ยาแผนโบราณ",G 222/39,น1/4,ขวด,,100,,FALSE,FALSE,FALSE,10.75,15,,,,,,,
1000,100905,ยาแก้ไอ ซอมป่อยใหม่ 240 ซีซี,,MOUTH/THROAT PREPARATIONS,ขย.9,,"ยาสมุนไพร, ยาแผนโบราณ",,น1/4,ขวด,,100,,FALSE,FALSE,FALSE,18.25,52,,,,,,,
1000,100906,ยาแก้ไอ แสงสว่าง ตราค้างคาว สูตรมะแว้งเครือ 60 ซีซี,,MOUTH/THROAT PREPARATIONS,ขย.9,,"ยาสมุนไพร, ยาแผนโบราณ",G 64/64,น1/4,ขวด,,100,,FALSE,FALSE,FALSE,13.5,25,,,,,,,
1000,100907,ยาน้ำแก้ไอ มะขามป้อม อ้วยอันโอสถ 60 ซีซี,,MOUTH/THROAT PREPARATIONS,ขย.9,,"ยาสมุนไพร, ยาแผนโบราณ",G 138/56,น1/4,ขวด,,100,,FALSE,FALSE,FALSE,21,40,,,,,,,
1000,100908,ยาแก้ไอ ตราเสือดาว 180 ซีซี,,MOUTH/THROAT PREPARATIONS,ขย.9,,"ยาสมุนไพร, ยาแผนโบราณ",2A 378/28,น1/4,ขวด,,100,,FALSE,FALSE,FALSE,26.5,49,,,,,,,
1000,100909,ยาแก้ไอ ตราเสือดาว 60 ซีซี,,MOUTH/THROAT PREPARATIONS,ขย.9,,"ยาสมุนไพร, ยาแผนโบราณ",,น1/4,ขวด,,100,,FALSE,FALSE,FALSE,14.5,22,,,,,,,
1000,100910,ยาแก้ไอ ตราเสือดาว 120 ซีซี,,MOUTH/THROAT PREPARATIONS,ขย.9,,"ยาสมุนไพร, ยาแผนโบราณ",,น1/4,ขวด,,100,,FALSE,FALSE,FALSE,23,35,,,,,,,
1000,100911,ยาแก้ไแ ตรา เสือดาว รสน้ำผึ้งมะนาว 60 ซีซี,,MOUTH/THROAT PREPARATIONS,ขย.9,,"ยาสมุนไพร, ยาแผนโบราณ",G 188/64,น1/4,ขวด,,100,,FALSE,FALSE,FALSE,23,45,,,,,,,
1000,100912,Cadramine-V 120 ml,CARAMINE+ZINE OXIDE+DIPHENHYDRAMINE+CAMPHOR+MENTHOL+ETHYL ALCOHOL,ANTIHISTAMINES & ANTIALLERGICS,ขย.9,,ยาใช้เฉพาะที่,2A 184/29,น2/3,ขวด,,100,,FALSE,FALSE,FALSE,29.5,45,,,,,,,
1000,100913,cadramine-V 60 ml,CARAMINE+ZINE OXIDE+DIPHENHYDRAMINE+CAMPHOR+MENTHOL+ETHYL ALCOHOL,ANTIHISTAMINES & ANTIALLERGICS,ขย.9,,ยาใช้เฉพาะที่,2A 184/29,น2/3,ขวด,,100,,FALSE,FALSE,FALSE,20,35,,,,,,,
1000,100914,calamine siribuncha 120 ml,CALAMINE+ZINC OXIDE+GLYCERINE,ANTIHISTAMINES & ANTIALLERGICS,ขย.9,,ยาใช้เฉพาะที่,2A 65/32,ตู้ A1,ขวด,,100,,FALSE,FALSE,FALSE,18.5,35,35,,,,,,
1000,100915,calamine siribuncha 450 ml,CALAMINE+ZINC OXIDE+GLYCERINE,ANTIHISTAMINES & ANTIALLERGICS,ขย.9,,ยาใช้เฉพาะที่,2A 65/23,น2/3,ขวด,,100,,FALSE,FALSE,FALSE,43.75,65,,,,,,,
1000,100916,renu fresh 60 ml,HYDROXYALKYLPHOSPHONATE+POLOXAMINE,EYE PREPARATIONS,ขย.9,,ยาใช้เฉพาะที่,64-2-2-2-000464,น2/3,ขวด,,100,,FALSE,FALSE,FALSE,58.5,65,,,,,,,
1000,100917,renu fresh 120 ml,HYDROXYALKYLPHOSPHONATE+POLOXAMINE,EYE PREPARATIONS,ขย.9,,ยาใช้เฉพาะที่,64-2-2-2-000464,น2/3,ขวด,,100,,FALSE,FALSE,FALSE,83,100,,,,,,,
1000,100918,renu fresh 355+60 ml,HYDROXYALKYLPHOSPHONATE+POLOXAMINE,EYE PREPARATIONS,ขย.9,,ยาใช้เฉพาะที่,64-2-2-2-000464,น2/3,แพ็ค,,100,,FALSE,FALSE,FALSE,191,199,,,,,,,
1000,100919,opti-free replenish 300 ml,,EYE PREPARATIONS,ขย.9,,ยาใช้เฉพาะที่,270/2563,น2/3,ขวด,,100,,FALSE,FALSE,FALSE,147,210,,,,,,,
1000,100920,bio-true contact lense 120+60 ml,,EYE PREPARATIONS,ขย.9,,ยาใช้เฉพาะที่,262/2563,น2/3,แพ็ค,,100,,FALSE,FALSE,FALSE,198,225,,,,,,,
1000,100921,2.5% selsun suspension 30 ml,SELENIUM SULPHIDE,ANTIFUNGALS,ขย.9,,ยาใช้เฉพาะที่,1A 190/41,น2/4,ขวด,,100,,FALSE,FALSE,FALSE,83.5,100,,,,,,,
1000,100922,2.5%  Selsun suspension 60 ml,SELENIUM SULPHIDE,ANTIFUNGALS,ขย.9,,ยาใช้เฉพาะที่,1A 190/41,น2/4,ขวด,,100,,FALSE,FALSE,FALSE,121,145,,,,,,,
1000,100923,2.5%  SELSUN suspension 120 ml,SELENIUM SULPHIDE,ANTIFUNGALS,ขย.9,,ยาใช้เฉพาะที่,1A 190/41,น2/4,ขวด,,100,,FALSE,FALSE,FALSE,208,259,,,,,,,
1000,100924,2.5% sellon shampoo 40 ml,SELENIUM SULPHIDE,ANTIFUNGALS,ขย.9,,ยาใช้เฉพาะที่,1A 357/47,น2/4,กป,,100,,FALSE,FALSE,FALSE,110,85,,,,,,,
1000,100925,2%Nizoral original shampoo 50 ml,KETOCONAZOLE,ANTIFUNGALS,ขย.9,,ยาใช้เฉพาะที่,1A 446/31,น2/4,ขวด,,100,,FALSE,FALSE,FALSE,108,125,,,,,,,
1000,100926,2%Nizoral original shampoo 100 ml,KETOCONAZOLE,ANTIFUNGALS,ขย.9,,ยาใช้เฉพาะที่,1A 446/31,น2/4,ขวด,,100,,FALSE,FALSE,FALSE,182,230,,,,,,,
1000,100927,2%Nizoral original shampoo 200 ml,KETOCONAZOLE,ANTIFUNGALS,ขย.9,,ยาใช้เฉพาะที่,1A 446/31,น2/4,ขวด,,100,,FALSE,FALSE,FALSE,327,360,,,,,,,
1000,100928,2% Nora shampoo 50 ml,KETOCONAZOLE,ANTIFUNGALS,ขย.9,,ยาใช้เฉพาะที่,1A 237/38,น2/4,ขวด,,100,,FALSE,FALSE,FALSE,77,125,,,,,,,
1000,100929,2% Nora shampoo 100 ml,KETOCONAZOLE,ANTIFLATULANCES,ขย.9,,ยาใช้เฉพาะที่,1A 237/38,น2/4,ขวด,,100,,FALSE,FALSE,FALSE,132,150,,,,,,,
1000,100930,K-Y Gel Lubrificant 82g,,,ขย.9,,ยาใช้เฉพาะที่,,น2/5,หลอด,,100,,FALSE,FALSE,FALSE,175,195,,,,,,,
1000,100931,Q-C lubricating jelly 50g,,,ขย.9,,ยาใช้เฉพาะที่,,น2/5,หลอด,,100,,FALSE,FALSE,FALSE,32,85,,,,,,,
1000,100932,ถุงยางอนามัย ดูเร็กซ์ เฟเธอร์ไลท์ 3 ชิ้น,,,ขย.9,,อุปกรณ์ทางการแพทย์,พ32/2549,น2/5,กล่อง,,100,,FALSE,FALSE,FALSE,62,90,,,,,,,
1000,100933,ถุงยางอนามัย ดูเร็กซ์ เพอร์ฟอร์มา 3 ชิ้น,,,ขย.9,,อุปกรณ์ทางการแพทย์,พ33/2549,น2/5,กล่อง,,100,,FALSE,FALSE,FALSE,51,95,,,,,,,
1000,100934,ถุงยางอนามัย ดูเร็กซ์ แอรี่ แบบบาง 2 ชิ้น,,,ขย.9,,อุปกรณ์ทางการแพทย์,น29/2559,น2/5,กล่อง,,100,,FALSE,FALSE,FALSE,51,74,,,,,,,
1000,100935,ถุงยางอนามัย ดูเร็กซ์ เอ็กไซตา 3 ชิ้น,,,ขย.9,,อุปกรณ์ทางการแพทย์,,น2/5,กล่อง,,100,,FALSE,FALSE,FALSE,51,90,,,,,,,
1000,100936,ถุงยางอนามัย ดูเร็กซ์ คอมฟอร์ท 3 ชิ้น,,,ขย.9,,อุปกรณ์ทางการแพทย์,พ60/2549,น2/5,กล่อง,,100,,FALSE,FALSE,FALSE,67,95,,,,,,,
1000,100937,ถุงยางอนามัย durex สตรอเบอร์รี่  52.5 mm. 3 ชิ้น ,,,ขย.9,,อุปกรณ์ทางการแพทย์,พ37/2549,น2/5,กล่อง,,100,,FALSE,FALSE,FALSE,56.5,75,,,,,,,
1000,100938,ถุงยางอนามัย ดูเร็กซ์ เฟเธอร์ไลท์ อัลติมา 3 ชิ้น,,,ขย.9,,อุปกรณ์ทางการแพทย์,พ152/2552,น2/5,กล่อง,,100,,FALSE,FALSE,FALSE,76.5,110,,,,,,,
1000,100939,ถุงยางอนามัย ฟรีล็อค จอย 3 ชิ้น,,,ขย.9,,อุปกรณ์ทางการแพทย์,ผ38/2553,น2/5,กล่อง,,100,,FALSE,FALSE,FALSE,12.5,39,,,,,,,
1000,100940,ถุงยางอนามัย ฟรีล็อค มีสารหล่อลื่น 3 ชิ้น,,,ขย.9,,อุปกรณ์ทางการแพทย์,ผ8/2533,น2/5,กล่อง,,100,,FALSE,FALSE,FALSE,12.5,39,,,,,,,
1000,100941,ถุงยางอนามัย ฟรีล็อค แม็กซ์ 3 ชิ้น,,,ขย.9,,อุปกรณ์ทางการแพทย์,ผ20/2548,น2/5,กล่อง,,100,,FALSE,FALSE,FALSE,11.5,39,,,,,,,
1000,100942,ถุงยางอนามัย ฟรีล็อค สตรอเบอร์รี่ 3 ชิ้น,,,ขย.9,,อุปกรณ์ทางการแพทย์,ผ62/2549,น2/5,กล่อง,,100,,FALSE,FALSE,FALSE,13,39,,,,,,,
1000,100943,ถุงยางอนามัย แฟร์ วีซ่า 3 ชิ้น,,,ขย.9,,อุปกรณ์ทางการแพทย์,ผ3/2561,น2/5,กล่อง,,100,,FALSE,FALSE,FALSE,13.75,39,,,,,,,
1000,100944,ถุงยางอนามัย แฟร์ สตรอเบอร์รี่ 3 ชิ้น,,,ขย.9,,อุปกรณ์ทางการแพทย์,ผ134/2547,น2/5,กล่อง,,100,,FALSE,FALSE,FALSE,20.5,49,,,,,,,
1000,100945,ถุงยางอนามัย ซิลค์ 3 ชิ้น,,,ขย.9,,อุปกรณ์ทางการแพทย์,ผ28/2536,น2/5,กล่อง,,100,,FALSE,FALSE,FALSE,9.16,39,,,,,,,
1000,100946,ถุงยางอนามัย โปรเท็กซ์ตร้า อินสไตล์ โกลด์ 3 ชิ้น,,,ขย.9,,อุปกรณ์ทางการแพทย์,ผ18/2553,น2/5,กล่อง,,100,,FALSE,FALSE,FALSE,39,39,,,,,,,
1000,100947,ถุงยางอนามัย โปรเท็กซ์ตร้า อินสไตล์ 3 ชิ้น,,,ขย.9,,อุปกรณ์ทางการแพทย์,ผ19/2553,น2/5,กล่อง,,100,,FALSE,FALSE,FALSE,12,39,,,,,,,
1000,100948,ยาแคปซูลตรีผลา ตราไทรทอง 10 แคปซูล,,,ขย.9,,"ยาสมุนไพร, ยาแผนโบราณ",G60/54,น2/1R,แผง,,100,,FALSE,FALSE,FALSE,2.7,9,,,,,,,
1000,100949,ยาขม ชนิดเม็ด ตราใบห่อ 12 เม็ด,,,ขย.9,,"ยาสมุนไพร, ยาแผนโบราณ",G198/28,น2/1R,ซอง,,100,,FALSE,FALSE,FALSE,3,5,,,,,,,
1000,100950,ยาขมเม็ด ตราตะขาบ 5 ตัว 15 เม็ด,,,ขย.9,,"ยาสมุนไพร, ยาแผนโบราณ",G 12/29,น2/1R,ซอง,,100,,FALSE,FALSE,FALSE,4.5,15,,,,,,,
1000,100951,ยาขมเม็ด น้ำเต้าทอง 4 เม็ด,,,ขย.9,,"ยาสมุนไพร, ยาแผนโบราณ",G 407/29,น2/1R,ซอง,,100,,FALSE,FALSE,FALSE,9.4,15,,,,,,,
1000,100952,ยาขม น้ำเต้าทอง สามแยกพระนคร 14 กรัม,,,ขย.9,,"ยาสมุนไพร, ยาแผนโบราณ",,น2/1R,ซอง,,100,,FALSE,FALSE,FALSE,8,12,,,,,,,
1000,100953,ยาขม ชง น้ำเต้าทอง 5 ซอง/กล่อง,,,ขย.9,,"ยาสมุนไพร, ยาแผนโบราณ",G 313/29,น2/1R,กล่อง,,100,,FALSE,FALSE,FALSE,48,95,,,,,,,
1000,100954,ยาหวาน ชง น้ำเต้าทอง 5ซอง/กล่อง,,,ขย.9,,"ยาสมุนไพร, ยาแผนโบราณ",G 314/29,น2/1R,กล่อง,,100,,FALSE,FALSE,FALSE,48,95,,,,,,,
1000,100955,ยานัตถุ์หมอมี 12 กรัม,,,ขย.9,,"ยาสมุนไพร, ยาแผนโบราณ",G100/33,น2/1R,ขวด,,100,,FALSE,FALSE,FALSE,18.16,23,,,,,,,
1000,100956,ยานัตถุ์หมอชิต 10 กรัม,,,ขย.9,,"ยาสมุนไพร, ยาแผนโบราณ",G61/30,น2/1R,ขวด,,100,,FALSE,FALSE,FALSE,13.47,20,,,,,,,
1000,100957,ยาหอมแก้ลม  ตราหมอเอี้ยง 74 กรัม,,,ขย.9,,"ยาสมุนไพร, ยาแผนโบราณ",G 264/44,น2/1R,ขวด,,100,,FALSE,FALSE,FALSE,25.5,40,,,,,,,
1000,100958,ยาหอม ตรา 5 เจดีย์ 12ซอง,,,ขย.9,,"ยาสมุนไพร, ยาแผนโบราณ",G 68/29,น2/1R,แพ็ค,,100,,FALSE,FALSE,FALSE,38,53,,,,,,,
1000,100959,ยาหอม 5 เจดีย์ 25 กรัม No.2,,,ขย.9,,"ยาสมุนไพร, ยาแผนโบราณ",G 68/29,น2/1R,กล่อง,,100,,FALSE,FALSE,FALSE,26,37,,,,,,,
1000,100960,ยาหอม 5 เจดีย์ 9 กรัม No.2,,,ขย.9,,"ยาสมุนไพร, ยาแผนโบราณ",G68/29,น2/1R,กล่อง,,100,,FALSE,FALSE,FALSE,11,15,,,,,,,
1000,100961,ยาหอม 5 เจดีย์ 4 กรัม No. 3,,,ขย.9,,"ยาสมุนไพร, ยาแผนโบราณ",G 68/29,น2/1R,กล่อง,,100,,FALSE,FALSE,FALSE,7.25,14,,,,,,,
1000,100962,ยาหอม ตราเด็กในพานทอง 17 กรัม,,,ขย.9,,"ยาสมุนไพร, ยาแผนโบราณ",G 127/2529,น2/1R,กล่อง,,100,,FALSE,FALSE,FALSE,17,24,,,,,,,
1000,100963,ยาหอม ตราเด็กในพานทอง 37 กรัม,,,ขย.9,,"ยาสมุนไพร, ยาแผนโบราณ",G 127/2529,น2/1R,กล่อง,,100,,FALSE,FALSE,FALSE,27.5,39,,,,,,,
1000,100964,ยาหอม ตราฤาษีทรงม้า 10 กรัม No.2,,,ขย.9,,"ยาสมุนไพร, ยาแผนโบราณ",G 301/28,น2/1R,กล่อง,,100,,FALSE,FALSE,FALSE,15.3,20,,,,,,,
1000,100965,ยาหอม ตราฤาษีทรงม้า 15 กรัม No.1,,,ขย.9,,"ยาสมุนไพร, ยาแผนโบราณ",G301/28,น2/1R,กล่อง,,100,,FALSE,FALSE,FALSE,20,29,,,,,,,
1000,100966,ยาหอม ตราฤาษีทรงม้า 30 กรัม No.กล่องพิเศษ,,,ขย.9,,"ยาสมุนไพร, ยาแผนโบราณ",G 301/28,น2/1R,กล่อง,,100,,FALSE,FALSE,FALSE,26,50,,,,,,,
1000,100967,แมสก์ ดรอป กลิ่นเฟรชมิ้นท์ 3 ซีซี,,,ขย.9,,เบ็ดเตล็ด,,น2/2R,ชิ้น,,100,,FALSE,FALSE,FALSE,26.6,45,,,,,,,
1000,100968,แมสก์ ดรอป เซียงเพียว 3 ซีซี,GINGKO-BILOBA,VITAMINS & MINERALS,ขย.9,,เบ็ดเตล็ด,,ตู้ A1,ชิ้น,,100,,FALSE,FALSE,FALSE,26.6,45,39,,,,,,
1000,100969,แมสก์ ดรอป กลิ่นแบล็คมิ้นท์ 3 ซีซี,,,ขย.9,,เบ็ดเตล็ด,,น2/2R,ชิ้น,,100,,FALSE,FALSE,FALSE,26.6,45,,,,,,,
1000,100970,ยากวาด ตราใบโพธิ์ บรรจุ 10 เม็ด,,,ขย.9,,"ยาสมุนไพร, ยาแผนโบราณ",G 266/28,น2/2R,ซอง,,100,,FALSE,FALSE,FALSE,9.33,14,,,,,,,
1000,100971,ยาเขียว ตราดอกบัว (ชนิดเม็ด) บรรจุ 15 เม็ด,,,ขย.9,,"ยาสมุนไพร, ยาแผนโบราณ",G 240/32,น2/2R,ซอง,,100,,FALSE,FALSE,FALSE,6,10,,,,,,,
1000,100972,ยาเขียว สามฤดู ตราปลาคู่ (สูตรเข้มข้น) 10 แคปซูล,,,ขย.9,,"ยาสมุนไพร, ยาแผนโบราณ",G149/62,น2/2R,แผง,,100,,FALSE,FALSE,FALSE,35,50,,,,,,,
1000,100973,ยาเขียว สามฤดู ตราปลาคู่ ชนิดผง 6 กรัม,,,ขย.9,,"ยาสมุนไพร, ยาแผนโบราณ",G 423/56,น2/2R,ซอง,,100,,FALSE,FALSE,FALSE,12,15,,,,,,,
1000,100974,ยาเขียว ชนิดเม็ด ตราใบห่อ บรรจุ 12 เม็ด,,,ขย.9,,"ยาสมุนไพร, ยาแผนโบราณ",G 47/35,น2/2R,ซอง,,100,,FALSE,FALSE,FALSE,12.5,7,,,,,,,
1000,100975,ยาเขียว สามฤดู ตราปลาคู่ ชนิดเม็ด 16 เม็ด,,,ขย.9,,"ยาสมุนไพร, ยาแผนโบราณ",G 422/56,น2/2R,ซอง,,100,,FALSE,FALSE,FALSE,35,18,,,,,,,
1000,100976,ยาเขียว ตราดอกบัว (ชนิดผง) บรรจุ 5 กรัม,,,ขย.9,,"ยาสมุนไพร, ยาแผนโบราณ",,น2/2R,ซอง,,100,,FALSE,FALSE,FALSE,6,10,,,,,,,
1000,100977,ยาเขียว ชนิดผง ตราใบห่อ บรรจุ 8 กรัม,,,ขย.9,,"ยาสมุนไพร, ยาแผนโบราณ",G 38/35,น2/2R,ซอง,,100,,FALSE,FALSE,FALSE,3.78,7,,,,,,,
1000,100978,ยาเขียว ตราใบโพธิ์ บรรจุ 15 เม็ด,,,ขย.9,,"ยาสมุนไพร, ยาแผนโบราณ",G 18/36,น2/2R,ซอง,,100,,FALSE,FALSE,FALSE,9.33,14,,,,,,,
1000,100979,ยาดม หงษ์ไทย สูตร2 ขนาด 40 กรัม,METHYL SALICYLATE+MENTHOL+EUGENOL,MOUTH/THROAT PREPARATIONS,ขย.9,,"ยาสมุนไพร, ยาแผนโบราณ",G 309/62,ตู้ A1,กระปุก,,100,,FALSE,FALSE,FALSE,32.25,45,45,,,,,,
1000,100980,ยาดม หงษ์ไทย สูตร2 ขนาด 25 กรัม,,,ขย.9,,"ยาสมุนไพร, ยาแผนโบราณ",G 309/62,น2/2R,กระปุก,,100,,FALSE,FALSE,FALSE,25,35,,,,,,,
1000,100981,ยาดมส้มมือจรุงจิต  ขนาด 2 กรัม,,,ขย.9,,"ยาสมุนไพร, ยาแผนโบราณ",G37/40,น2/2R,ขวด,,100,,FALSE,FALSE,FALSE,43.33,60,,,,,,,
1000,100982,ยาดม เป๊ปเปอร์มิ้นท์ ฟิลด์ 2 ซีซี,,,ขย.9,,ยาดม,2A 142/56,น2/2R,หลอด,,100,,FALSE,FALSE,FALSE,17,22,,,,,,,
1000,100983,ยาดม ท่านเจ้าคุณ คละสี 2 ซีซี,,,ขย.9,,ยาดม,2A 7/62,น2/2R,หลอด,,100,,FALSE,FALSE,FALSE,15.16,21,,,,,,,
1000,100984,ยาดม วาเป๊กซ์ ทูอินวัน 2 ซีซี,,,ขย.9,,ยาดม,1A 626/27,น2/2R,หลอด,,100,,FALSE,FALSE,FALSE,19.5,25,,,,,,,
1000,100985,ยาดม โป๊ยเซียน คละสี 2 ซีซี,,,ขย.9,,ยาดม,,น2/2R,หลอด,,100,,FALSE,FALSE,FALSE,14.33,22,,,,,,,
1000,100986,ยาดม พลาสเทล คละสี 1.5 ซีซี,,,ขย.9,,ยาดม,G 174/65,น2/2R,หลอด,,100,,FALSE,FALSE,FALSE,20.41,25,,,,,,,
1000,100987,ยาดม พีเป๊กซ์ สีแดงหัวแหลม,,,ขย.9,,ยาดม,G 87/48,น2/2R,หลอด,,100,,FALSE,FALSE,FALSE,5.63,10,,,,,,,
1000,100988,ยาดม ตราไผ่คู่ (เขียว) 2 กรัม,,,ขย.9,,ยาดม,G 828/47,น2/2R,หลอด,,100,,FALSE,FALSE,FALSE,6.5,15,,,,,,,
1000,100989,ยาดม ตราไผ่คู่ (ขาว) 2 กรัม,,,ขย.9,,ยาดม,G 828/47,น2/2R,หลอด,,100,,FALSE,FALSE,FALSE,6,15,,,,,,,
1000,100990,ยาดม เซียงเพียว สูตร2 ขนาด 2 ซีซี,,,ขย.9,,ยาดม,G 424/58,น2/2R,หลอด,,100,,FALSE,FALSE,FALSE,14.75,21,,,,,,,
1000,100991,ยาดม ตราถ้วยทอง กลิ่นเลมอน  2 ซีซี,,,ขย.9,,ยาดม,G 516/59,น2/2R,หลอด,,100,,FALSE,FALSE,FALSE,14,25,,,,,,,
1000,100992,ยาดม ตราถ้วยทอง กลิ่นลาเวนเดอร์ 2 ซีซี,,,ขย.9,,ยาดม,G 441/59,น2/2R,หลอด,,100,,FALSE,FALSE,FALSE,14,25,,,,,,,
1000,100993,ยาดม ตราเฌอเอม 1 กรัม,,,ขย.9,,ยาดม,G 365/53,น2/2R,หลอด,,100,,FALSE,FALSE,FALSE,16.25,22,,,,,,,
1000,100994,แป้งโยคี 1997 ขนาด 100 กรัม,ZINC+MAGNESIUM,,ขย.9,,ยาสามัญประจำบ้าน,12-1-6300010762,น2/6R,ขวด,,100,,FALSE,FALSE,FALSE,14.75,49,,,,,,,
1000,100995,แป้งโยคี 1997 แบบเย็น ขนาด 60 กรัม,ZINC+MAGNESIUM,,ขย.9,,ยาสามัญประจำบ้าน,12-1-8300010762,น2/6R,ขวด,,100,,FALSE,FALSE,FALSE,9.5,23,,,,,,,
1000,100996,แป้งโยคี ในรัศมีวงกลม สูตรเย็น ขนาด 60 กรัม,CALAMINE+ZINC OXIDE+GLYCERINE,,ขย.9,,ยาสามัญประจำบ้าน,10-1-6010057513,น2/6R,ขวด,,100,,FALSE,FALSE,FALSE,10.5,30,,,,,,,
1000,100997,แป้งโยคี ในรัศมีวงกลม ขนาด 100 กรัม,CALAMINE+ZINC OXIDE+GLYCERINE,,ขย.9,,ยาสามัญประจำบ้าน,10-1-6010057513,น2/6R,ขวด,,100,,FALSE,FALSE,FALSE,12.5,49,,,,,,,
1000,100998,ผงโยคี 1997 ขนาด 60 กรัม,,,ขย.9,,ยาสามัญประจำบ้าน,G 8/41,น2/6R,ขวด,,100,,FALSE,FALSE,FALSE,11.75,23,,,,,,,
1000,100999,ยาหอมเทพจิต ตราห้าม้า บรรจุ 30 เม็ด,,,ขย.9,,"ยาสมุนไพร, ยาแผนโบราณ",G 441/51,น2/3R,ชิ้น,,100,,FALSE,FALSE,FALSE,14.5,20,,,,,,,
1000,101000,ยาหอมเทพจิต ขาวละออ บรรจุ 15 เม็ด,,,ขย.9,,"ยาสมุนไพร, ยาแผนโบราณ",G 418/52,น2/3R,ชิ้น,,100,,FALSE,FALSE,FALSE,13.95,20,,,,,,,
1000,101001,ยาถ่ายสมุนไพร (กษัยเส้นเดิม) ตราเด็กในพานทอง บรรจุ 25 เม็ด,,,ขย.9,,"ยาสมุนไพร, ยาแผนโบราณ",G 15043/66,น2/3R,กล่อง,,100,,FALSE,FALSE,FALSE,24.5,30,,,,,,,
1000,101002,ยากษัยเส้น ตราเด็กในพานทอง (ชนิดแคปซูล) บรรจุ 10 แคปซูล,,,ขย.9,,"ยาสมุนไพร, ยาแผนโบราณ",G 132/38,น2/3R,กล่อง,,100,,FALSE,FALSE,FALSE,16.75,30,,,,,,,
1000,101003,ยาถ่ายสมุนไพร (กษัยเส้นเดิม) ตราเด็กในพานทอง บรรจุ 5 เม็ด,,,ขย.9,,"ยาสมุนไพร, ยาแผนโบราณ",G 15043/66,น2/3R,ซอง,,100,,FALSE,FALSE,FALSE,6.13,10,,,,,,,
1000,101004,พร-ยาเป่าคอ (ตรากาไก่) 2 กรัม,,,ขย.9,,"ยาสมุนไพร, ยาแผนโบราณ",G 75/29,น2/3R,ซอง,,100,,FALSE,FALSE,FALSE,10.25,15,,,,,,,
1000,101005,ยากวาด สมานลิ้น ขาวละออ 2 กรัม,,,ขย.9,,"ยาสมุนไพร, ยาแผนโบราณ",G 314/28,น2/3R,ซอง,,100,,FALSE,FALSE,FALSE,5.8,12,,,,,,,
1000,101006,ยากษัยเส้น ตราหัวเสือ บรรจุ 6 เม็ด,,,ขย.9,,"ยาสมุนไพร, ยาแผนโบราณ",G 62/34,น2/3R,ซอง,,100,,FALSE,FALSE,FALSE,3.63,8,,,,,,,
1000,101007,VICKS วิคส์ วาโปรับ ขนาด 25 กรัม,CAMPHOR,ANTIHISTAMINES & ANTIALLERGICS,ขย.9,,ยาสามัญประจำบ้าน,2C  17/47,ตู้ A1,กระปุก,,100,,FALSE,FALSE,FALSE,85,115,133,,,,,,
1000,101008,VICKS วิคส์ วาโปรับ ขนาด 10 กรัม,CAMPHOR,ANTIHISTAMINES & ANTIALLERGICS,ขย.9,,ยาสามัญประจำบ้าน,2C 17/47,ตู้ A1,ตลับ,,100,,FALSE,FALSE,FALSE,38,55,53,,,,,,
1000,101009,VICKS วิคส์ วาโปรับ ขนาด 5 กรัม,CAMPHOR,,ขย.9,,ยาสามัญประจำบ้าน,2C 17/47,น2/3R,ตลับ,,100,,FALSE,FALSE,FALSE,20.5,35,,,,,,,
1000,101010,ยาหม่อง ตราถ้วยทอง 2 กรัม,METHYL SALICYLATE+MENTHOL+EUGENOL,,ขย.9,,ยาสามัญประจำบ้าน,2A 521/28,น2/3R,ตลับ,,100,,FALSE,FALSE,FALSE,6,6,,,,,,,
1000,101011,ยาหม่อง ตราถ้วยทอง 4 กรัม,METHYL SALICYLATE+MENTHOL+EUGENOL,,ขย.9,,ยาสามัญประจำบ้าน,2A 521/28,น2/3R,ตลับ,,100,,FALSE,FALSE,FALSE,10.83,15,,,,,,,
1000,101012,ยาหม่อง ตราถ้วยทอง 8 กรัม,METHYL SALICYLATE+MENTHOL+EUGENOL,,ขย.9,,ยาสามัญประจำบ้าน,2A 521/28,น2/3R,ตลับ,,100,,FALSE,FALSE,FALSE,18,25,,,,,,,
1000,101013,ยาหม่อง ตราถ้วยทอง 22 กรัม,METHYL SALICYLATE+MENTHOL+EUGENOL,,ขย.9,,ยาสามัญประจำบ้าน,2A 521/28,น2/3R,กระปุก,,100,,FALSE,FALSE,FALSE,40.5,50,,,,,,,
1000,101014,ยาหม่อง ตราถ้วยทอง 50 กรัม,METHYL SALICYLATE+MENTHOL+EUGENOL,,ขย.9,,ยาสามัญประจำบ้าน,2A 521/28,น2/3R,กระปุก,,100,,FALSE,FALSE,FALSE,74,95,,,,,,,
1000,101015,ยาหม่อง ตราเสือ (แดง) 19.4 กรัม,CAMPHOR,,ขย.9,,ยาสามัญประจำบ้าน,2A 150/38,น2/3R,กระปุก,,100,,FALSE,FALSE,FALSE,59.75,85,,,,,,,
1000,101016,ยาหม่อง ตราเสือ (แดง) 10 กรัม,CAMPHOR,,ขย.9,,ยาสามัญประจำบ้าน,2A 150/38,น2/3R,กระปุก,,100,,FALSE,FALSE,FALSE,43,60,,,,,,,
1000,101017,ยาหม่องขาว เซียงเพียว 12 กรัม,METHYL SALICYLATE+MENTHOL+EUGENOL,,ขย.9,,ยาสามัญประจำบ้าน,G 71/55,น2/3R,กระปุก,,100,,FALSE,FALSE,FALSE,25.5,35,,,,,,,
1000,101018,ยาหม่องเหลือง เซียงเพียว 12 กรัม,METHYL SALICYLATE+MENTHOL+EUGENOL,,ขย.9,,ยาสามัญประจำบ้าน,G 85/58,น2/3R,กระปุก,,100,,FALSE,FALSE,FALSE,25.5,35,,,,,,,
1000,101019,ยาหม่องขวา ตรา 5 เจดีย์ ขนาด 10 กรัม,,,ขย.9,,ยาสามัญประจำบ้าน,G 906/45,น2/3R,ตลับ,,100,,FALSE,FALSE,FALSE,13.33,20,,,,,,,
1000,101020,ยาหม่องขาว ตราลิงถือลูกท้อ ขนาด 4 กรัม,,,ขย.9,,ยาสามัญประจำบ้าน,2A 73/37,น2/3R,ตลับ,,100,,FALSE,FALSE,FALSE,11,15,,,,,,,
1000,101021,ยาหม่องขาว ตราลิงถือลูกท้อ ขนาดใหญ่พิเศษ 18 กรัม,,,ขย.9,,ยาสามัญประจำบ้าน,2A 73/37,น2/3R,กระปุก,,100,,FALSE,FALSE,FALSE,32.5,42,,,,,,,
1000,101022,VICKS วิคส์ วาโปรับ ขนาด 50 กรัม,CAMPHOR,,ขย.9,,ยาสามัญประจำบ้าน,2C 17/47,น2/3R,กระปุก,,100,,FALSE,FALSE,FALSE,171,185,,,,,,,
1000,101023,ทิฟฟี่รับ ขนาด 40 กรัม,CAMPHOR,ANTIDIARRHOEALS,ขย.9,,ยาสามัญประจำบ้าน,2A 60/44,ตู้ A1,กระปุก,,100,,FALSE,FALSE,FALSE,79,100,109,,,,,,
1000,101024,ทิฟฟี่รับ ขนาด 20 กรัม,CAMPHOR,,ขย.9,,ยาสามัญประจำบ้าน,2A 60/44,น2/3R,กระปุก,,100,,FALSE,FALSE,FALSE,48.5,70,,,,,,,
1000,101025,ทิฟฟี่รับ ขนาด 10 กรัม,CAMPHOR,MOUTH/THROAT PREPARATIONS,ขย.9,,ยาสามัญประจำบ้าน,2A 60/44,ตู้ A1,ตลับ,,100,,FALSE,FALSE,FALSE,27.5,39,39,,,,,,
1000,101026,ยาหม่องเขียว ตรายุง บรรจุ 13 กรัม,,,ขย.9,,ยาสามัญประจำบ้าน,G 900/59,น2/3R,กระปุก,,100,,FALSE,FALSE,FALSE,25,39,,,,,,,
1000,101027,แซม-บัค เอชอาร์ ขนาด 36 กรัม,EUCALYPTUS,,ขย.9,,ยาสามัญประจำบ้าน,2A 33/59,น2/3R,ตลับ,,100,,FALSE,FALSE,FALSE,59.5,80,,,,,,,
1000,101028,Zambuk -HR  ขนาด 18 กรัม,EUCALYPTUS,MOUTH/THROAT PREPARATIONS,ขย.9,,ยาสามัญประจำบ้าน,2A 128/58,ตู้ A1,ตลับ,,100,,FALSE,FALSE,FALSE,33.5,55,49,,,,,,
1000,101029,แซม-บัค เอชอาร์ ขนาด 8 กรัม,EUCALYPTUS,MOUTH/THROAT PREPARATIONS,ขย.9,,ยาสามัญประจำบ้าน,2A 128/58,ตู้ A1,ตลับ,,100,,FALSE,FALSE,FALSE,22,39,32,,,,,,
1000,101030,น้ำมันยูคาลิปตัส โบสิสโต ตรานกแก้ว 8.5 ซีซี,EUCALYPTUS,,ขย.9,,ยาสามัญประจำบ้าน,1A 241/56,น2/4R,ขวด,,100,,FALSE,FALSE,FALSE,36,55,,,,,,,
1000,101031,น้ำมันยูคาลิปตัส โบสิสโต ตรานกแก้ว 28 ซีซี,EUCALYPTUS,,ขย.9,,ยาสามัญประจำบ้าน,1A 241/56,น2/4R,ขวด,,100,,FALSE,FALSE,FALSE,82.5,95,,,,,,,
1000,101032,น้ำมันยูคาลิปตัส ตรา วิทยาศรม 15 ซีซี,EUCALYPTUS,,ขย.9,,ยาสามัญประจำบ้าน,1A 2414/29,น2/4R,ขวด,,100,,FALSE,FALSE,FALSE,36,39,,,,,,,
1000,101033,น้ำยายูคาลิปตัส ตรา วิทยาศรม 30 ซีซี,EUCALYPTUS,,ขย.9,,ยาสามัญประจำบ้าน,1A 2414/29,น2/4R,ขวด,,100,,FALSE,FALSE,FALSE,53,70,,,,,,,
1000,101034,ยาหม่องน้ำ เซียงเพียวอิ๊ว สูตร1 ขนาด 3 ซีซี (แดง),MENTHOL,,ขย.9,,"ยาสมุนไพร, ยาแผนโบราณ",G 81/49,น2/4R,ขวด,,100,,FALSE,FALSE,FALSE,17.5,35,,,,,,,
1000,101035,ยาหม่องน้ำ เซียงเพียวอิ๊ว สูตร1 ขนาด 7 ซีซี (แดง),MENTHOL,,ขย.9,,"ยาสมุนไพร, ยาแผนโบราณ",G 81/49,น2/4R,ขวด,,100,,FALSE,FALSE,FALSE,33.5,50,,,,,,,
1000,101036,ยาหม่องน้ำ เซียงเพียวอิ๊ว สูตร1 ขนาด 25 ซีซี (แดง),MENTHOL,,ขย.9,,"ยาสมุนไพร, ยาแผนโบราณ",G 81/49,น2/4R,ขวด,,100,,FALSE,FALSE,FALSE,96,125,,,,,,,
1000,101037,ยาหม่องน้ำ เซียงเพียวอิ๊ว สูตร2 ขนาด 3 ซีซี (ขาว),MENTHOL,,ขย.9,,"ยาสมุนไพร, ยาแผนโบราณ",G 641/48,น2/4R,ขวด,,100,,FALSE,FALSE,FALSE,17.5,35,,,,,,,
1000,101038,ยาหม่องน้ำ เซียงเพียวอิ๊ว สูตร2 ขนาด 7 ซีซี (ขาว),MENTHOL,,ขย.9,,"ยาสมุนไพร, ยาแผนโบราณ",G 641/48,น2/4R,ขวด,,100,,FALSE,FALSE,FALSE,34,45,,,,,,,
1000,101039,ยาหม่องน้ำ เซียงเพียวอิ๊ว สูตร2 ขนาด 25 ซีซี (ขาว),MENTHOL,,ขย.9,,"ยาสมุนไพร, ยาแผนโบราณ",G 641/48,น2/4R,ขวด,,100,,FALSE,FALSE,FALSE,34,130,,,,,,,
1000,101040,วาเป๊กซ์ เอชอาร์ 5 ซีซี,MENTHOL,VITAMINS & MINERALS,ขย.9,,ยาสามัญประจำบ้าน,2A 38/59,ตู้ A1,ขวด,,100,,FALSE,FALSE,FALSE,27.75,30,43,,,,,,
1000,101041,วาเป๊กซ์ เอชอาร์ 14 ซีซี,MENTHOL,,ขย.9,,ยาสามัญประจำบ้าน,2A 38/59,น2/4R,ขวด,,100,,FALSE,FALSE,FALSE,61.5,65,,,,,,,
1000,101042,พิมเสนน้ำ ตราโป๊ยเซียน 8 ซีซี,MENTHOL,,ขย.9,,"ยาสมุนไพร, ยาแผนโบราณ",G 523/45,น2/4R,ชิ้น,,100,,FALSE,FALSE,FALSE,17.83,35,,,,,,,
1000,101043,ไอซ์ เจลลิปาล์ม 7 กรัม,MENTHOL,VITAMINS & MINERALS,ขย.9,,"ยาสมุนไพร, ยาแผนโบราณ",G 2/58,ตู้ A1,ชิ้น,,100,,FALSE,FALSE,FALSE,15.25,25,26,,,,,,
1000,101044,ยาหม่อง ตราเสือ (ขาว) 10 กรัม,CAMPHOR,,ขย.9,,ยาสามัญประจำบ้าน,2A 73/50,น2/4R,กระปุก,,100,,FALSE,FALSE,FALSE,44,60,,,,,,,
1000,101045,ยาหม่อง ตราเสือ (ขาว) 19.4 กรัม,CAMPHOR,,ขย.9,,"ยาสมุนไพร, ยาแผนโบราณ",2A 73/50,น2/4R,กระปุก,,100,,FALSE,FALSE,FALSE,62,85,,,,,,,
1000,101046,เม็นโทลาทัม 28 กรัม,MENTHOL,,ขย.9,,ยาสามัญประจำบ้าน,2C 92/52,น2/4R,กระปุก,,100,,FALSE,FALSE,FALSE,41,65,,,,,,,
1000,101047,เม็นโทลาทัม 85 กรัม,MENTHOL,,ขย.9,,ยาสามัญประจำบ้าน,2C 92/52,น2/4R,กระปุก,,100,,FALSE,FALSE,FALSE,86.5,120,,,,,,,
1000,101048,ยาหม่องผสมเสลดพังพอน สูตร2 ตราวังพรม 20 กรัม,ACETYLCYSTEINE,ANTIDIARRHOEALS,ขย.9,,"ยาสมุนไพร, ยาแผนโบราณ",G434/60,ตู้ A1,กระปุก,,100,,FALSE,FALSE,FALSE,31,55,44,,,,,,
1000,101049,ยาหม่องผสมเสลดพังพอน สูตร2 ตราวังพรม 50 กรัม,ACETYLCYSTEINE,MOUTH/THROAT PREPARATIONS,ขย.9,,"ยาสมุนไพร, ยาแผนโบราณ",G 434/60,ตู้ A1,กระปุก,,100,,FALSE,FALSE,FALSE,55,79,79,,,,,,
1000,101050,ยาหม่องผสมเสลดพังพอน สูตร2 ตราวังพรม 100 กรัม,ACETYLCYSTEINE,MOUTH/THROAT PREPARATIONS,ขย.9,,"ยาสมุนไพร, ยาแผนโบราณ",G 434/60,ตู้ A1,กระปุก,,100,,FALSE,FALSE,FALSE,102,150,136,,,,,,
1000,101051,ยาหม่องผสมไพล สูตร2 ตราวังพรม 20 กรัม,,,ขย.9,,"ยาสมุนไพร, ยาแผนโบราณ",G 190/60,น2/4R,กระปุก,,100,,FALSE,FALSE,FALSE,32,49,,,,,,,
1000,101052,ยาหม่องผสมไพล สูตร2 ตราวังพรม 50 กรัม,,,ขย.9,,"ยาสมุนไพร, ยาแผนโบราณ",G 190/60,น2/4R,กระปุก,,100,,FALSE,FALSE,FALSE,55,75,,,,,,,
1000,101053,ยาหม่องเสลดพังพอน ตราแม่กุหลาบ 50 กรัม,,,ขย.9,,"ยาสมุนไพร, ยาแผนโบราณ",G 604/49,น2/4R,กรปุก,,100,,FALSE,FALSE,FALSE,45,70,,,,,,,
1000,101054,อุทัยทิพย์ ตรากิเลน 15 ซีซี,,,ขย.9,,"ยาสมุนไพร, ยาแผนโบราณ",G15171/65,น2/4R,ขวด,,100,,FALSE,FALSE,FALSE,34,49,,,,,,,
1000,101055,ยาอุทัยหมอมี สูตร2 ขนาด 60 ซีซี,,,ขย.9,,"ยาสมุนไพร, ยาแผนโบราณ",G 641/60,,ขวด,,100,,FALSE,FALSE,FALSE,34,39,48,,,,,,
1000,101056,ยาอุทัยหมอมี สูตร2 ขนาด 240 ซีซี,,,ขย.9,,"ยาสมุนไพร, ยาแผนโบราณ",G 641/60,น2/4R,ขวด,,100,,FALSE,FALSE,FALSE,90,100,,,,,,,
1000,101057,เอ็ม.16 ตราปืน 3 ซีซี,LIDOCAINE,,ขย.9,,ยาใช้เฉพาะที่,2A 106/56,น2/4R,ขวด,,100,,FALSE,FALSE,FALSE,16.75,30,,,,,,,
1000,101058,ฮาเร็ก บาล์ ขนาด 60 กรัม,METHYL SALICYLATE+MENTHOL+EUGENOL,,ขย.9,,ยาสามัญประจำบ้าน,2A 217/34,น2/4R,กระปุก,,100,,FALSE,FALSE,FALSE,51.5,89,,,,,,,
1000,101059,ยาหม่องเสลดพังพอน ตรา สำเภาทอง 50 กรัม,ACETYLCYSTEINE,ANTIDIARRHOEALS,ขย.9,,"ยาสมุนไพร, ยาแผนโบราณ",G 673/54,ตู้ A1,กระปุก,,100,,FALSE,FALSE,FALSE,18,65,39,,,,,,
1000,101060,ยาหม่องเขียว หมอปริญญา ตราหนูชูยศ 50 กรัม,,,ขย.9,,"ยาสมุนไพร, ยาแผนโบราณ",G 2/45,น2/4R,กระปุก,,100,,FALSE,FALSE,FALSE,43,60,,,,,,,
1000,101061,ยาหม่องโอสถ ตรา 5 ม้า 50 กรัม,,,ขย.9,,"ยาสมุนไพร, ยาแผนโบราณ",G 103/46,น2/4R,กระปุก,,100,,FALSE,FALSE,FALSE,24,49,,,,,,,
1000,101062,ยาหม่อง กลิ่นดอกโมก ตรา8ทิศ 50 กรัม,,,ขย.9,,"ยาสมุนไพร, ยาแผนโบราณ",,น2/4R,กระปุก,,100,,FALSE,FALSE,FALSE,32.5,55,,,,,,,
1000,101063,น้ำมันโอสถทิพย์ 60 กรัม,,,ขย.9,,"ยาสมุนไพร, ยาแผนโบราณ",,น2/4R,กระปุก,,100,,FALSE,FALSE,FALSE,22.08,49,,,,,,,
1000,101064,น้ำมันโอสถทิพย์ สีเหลือง 100 กรัม,,,ขย.9,,"ยาสมุนไพร, ยาแผนโบราณ",,น2/4R,กระปุก,,100,,FALSE,FALSE,FALSE,32.5,55,,,,,,,
1000,101065,ยาน้ำสมุนไพร ตรารวงข้าว 24 ซีซี,METHYL SALICYLATE+MENTHOL+EUGENOL,MOUTH/THROAT PREPARATIONS,ขย.9,,"ยาสมุนไพร, ยาแผนโบราณ",G 328/31,ตู้ A1,ขวด,,100,,FALSE,FALSE,FALSE,59,65,79,,,,,,
1000,101066,น้ำมันยาตรานกอินทรีย์ 3 ซีซี,MENTHOL,,ขย.9,,"ยาสมุนไพร, ยาแผนโบราณ",2C 6/51,น2/5R,ขวด,,100,,FALSE,FALSE,FALSE,24.5,35,,,,,,,
1000,101067,ยาขี้ผึ้งสีชมพู-40 ขนาด 12 กรัม,ZINC OXIDE,,ขย.9,,ยาสามัญประจำบ้าน,2A 73/62,น2/5R,ตลับ,,100,,FALSE,FALSE,FALSE,21,30,,,,,,,
1000,101068,ยาขี้ผึ้งสีชมพู-40 ขนาด 30 กรัม,ZINC OXIDE,,ขย.9,,ยาสามัญประจำบ้าน,2A 73/62,น2/5R,ตลับ,,100,,FALSE,FALSE,FALSE,25.75,55,,,,,,,
1000,101069,ยาน้ำมันกวางลุ้ง เอชอาร์ 3 ซีซี,MENTHOL,,ขย.9,,ยาสามัญประจำบ้าน,2A 107/45,น2/5R,ขวด,,100,,FALSE,FALSE,FALSE,18.5,25,,,,,,,
1000,101070,ยาน้ำมันกวางลุ้ง เอชอาร์ 57 ซีซี,MENTHOL,,ขย.9,,ยาสามัญประจำบ้าน,2A 95/35,น2/5R,ขวด,,100,,FALSE,FALSE,FALSE,135,195,,,,,,,
1000,101071,พิมเสนน้ำ ตราโป๊ยเซียน 3 ซีซี,MENTHOL,,ขย.9,,"ยาสมุนไพร, ยาแผนโบราณ",G 523/45,น2/5R,ขวด,,100,,FALSE,FALSE,FALSE,14.45,25,,,,,,,
1000,101072,พิมเสนน้ำ ตราโป๊ยเซียน 5 ซีซี,MENTHOL,,ขย.9,,"ยาสมุนไพร, ยาแผนโบราณ",G 523/45,น2/5R,ขวด,,100,,FALSE,FALSE,FALSE,25,42,,,,,,,
1000,101073,ยาหม่องน้ำ ตราถ้วยทอง 3 ซีซี,MENTHOL,,ขย.9,,"ยาสมุนไพร, ยาแผนโบราณ",G 478/52,น2/5R,ขวด,,100,,FALSE,FALSE,FALSE,13.75,20,,,,,,,
1000,101074,ยาหม่องน้ำ ตราถ้วยทอง 7 ซีซี,MENTHOL,,ขย.9,,"ยาสมุนไพร, ยาแผนโบราณ",G 478/52,น2/5R,ขวด,,100,,FALSE,FALSE,FALSE,27,35,,,,,,,
1000,101075,ยาหม่องน้ำ เซียงเพียวอิ๊ว สูตร1 ชนิดลูกกลิ้ง 3 ซีซี,MENTHOL,,ขย.9,,"ยาสมุนไพร, ยาแผนโบราณ",G 81/49,น2/5R,ชิ้น,,100,,FALSE,FALSE,FALSE,28,45,,,,,,,
1000,101076,ยาหม่องน้ำ เซียงเพียวอิ๊ว สูตร2 ชนิดลูกกลิ้ง 3 ซีซี,MENTHOL,,ขย.9,,"ยาสมุนไพร, ยาแผนโบราณ",G 641/48,น2/5R,ชิ้น,,100,,FALSE,FALSE,FALSE,28,45,,,,,,,
1000,101077,ยาน้ำมันสีเขียว ผสมเสลดพังพอน ตราวังพรม 20 ซีซี,,,ขย.9,,"ยาสมุนไพร, ยาแผนโบราณ",G 529/62,น2/5R,ขวด,,100,,FALSE,FALSE,FALSE,54,85,,,,,,,
1000,101078,ยาน้ำมันเหลือง ผสมไพล ตราวังพรม 20 ซีซี,,,ขย.9,,"ยาสมุนไพร, ยาแผนโบราณ",G 23/62,น2/5R,ขวด,,100,,FALSE,FALSE,FALSE,54,85,,,,,,,
1000,101079,น้ำมันสีเขียว หมอปริญญา ตราหนูชูยศ 24 ซีซี,,,ขย.9,,"ยาสมุนไพร, ยาแผนโบราณ",G 522/44,น2/5R,ขวด,,100,,FALSE,FALSE,FALSE,83,100,,,,,,,
1000,101080,กรีนเฮิร์บ ผสมโสม 8 ซีซี,MENTHOL,,ขย.9,,"ยาสมุนไพร, ยาแผนโบราณ",10-1-5885551,น2/5R,ขวด,,100,,FALSE,FALSE,FALSE,31,49,,,,,,,
1000,101081,ขี้ผึ้ง 29A ขนาดบรรจุ 7.5 กรัม,SALICYLIC ACID,,ขย.9,,ยาสามัญประจำบ้าน,2A 44/41,น2/5R,กระปุก,,100,,FALSE,FALSE,FALSE,9.16667,15,,,,,,,
1000,101082,ยาน้ำมันเลียงผา ตราแม่กุหลาบ 20 ซีซี,,,ขย.9,,"ยาสมุนไพร, ยาแผนโบราณ",G 55/59,น2/5R,ขวด,,100,,FALSE,FALSE,FALSE,75,110,,,,,,,
1000,101083,ยาน้ำมันเลียงผา ตราแม่กุหลาบ 3 ซีซี,,,ขย.9,,"ยาสมุนไพร, ยาแผนโบราณ",G 55/59,น2/5R,ขวด,,100,,FALSE,FALSE,FALSE,16,32,,,,,,,
1000,101084,ยาน้ำมันผสมเสลดพังพอน ตราแม่กุหลาบ 20 ซีซี,,,ขย.9,,"ยาสมุนไพร, ยาแผนโบราณ",G 275/54,น2/5R,ขวด,,100,,FALSE,FALSE,FALSE,74.5,110,,,,,,,
1000,101085,ยาน้ำมันผสมเสลดพังพอน ตราแม่กุหลาบ 3 ซีซี,,,ขย.9,,"ยาสมุนไพร, ยาแผนโบราณ",G 275/54,น2/5R,ขวด,,100,,FALSE,FALSE,FALSE,14.79,25,,,,,,,
1000,101086,ยาน้ำมันเหลือง สมถวิล (อั้งกี้) ตราต้นโพธิ์ 20 ซีซี,,,ขย.9,,"ยาสมุนไพร, ยาแผนโบราณ",G 249/62,น2/5R,ขวด,,100,,FALSE,FALSE,FALSE,90.5,99,,,,,,,
1000,101087,ยาน้ำมันเหลือง สูตรไพล ตราแม่กุหลาบ 3 ซีซี,,,ขย.9,,"ยาสมุนไพร, ยาแผนโบราณ",G 267/54,น2/5R,ขวด,,100,,FALSE,FALSE,FALSE,15,29,,,,,,,
1000,101088,อุปกรณ์ยานัตถุ์,,,ขย.9,,เบ็ดเตล็ด,,น2/1R,อัน,,100,,FALSE,FALSE,FALSE,4.7,10,,,,,,,
1000,101089,แผ่นสำหรับดองเหล้า 9 เหรียญ แผ่นละ 20 กรัม,,,ขย.9,,"ยาสมุนไพร, ยาแผนโบราณ",G 92/37,น2/5R,ซอง,,100,,FALSE,FALSE,FALSE,9.8,15,,,,,,,
1000,101090,ยาผงสำหรับดองเหล้า ตรา 9 เหรียญ 20 กรัม,,,ขย.9,,"ยาสมุนไพร, ยาแผนโบราณ",G23/38,น2/5R,ซอง,,100,,FALSE,FALSE,FALSE,9.8,15,,,,,,,
1000,101091,ยาดองเหล้าแผ่นตราเสือ 11 ตัว สูตร11 แผ่นละ 20 กรัม,,,ขย.9,,"ยาสมุนไพร, ยาแผนโบราณ",G4/49,น2/5R,ซอง,,100,,FALSE,FALSE,FALSE,16.08,20,,,,,,,
1000,101092,ยาผงดองเหล้าตราเสือ 11 ตัว สูตร11 บรรจุ 15 กรัม,,,ขย.9,,"ยาสมุนไพร, ยาแผนโบราณ",G607/48,น2/5R,ซอง,,100,,FALSE,FALSE,FALSE,11,20,,,,,,,
1000,101093,ยาผงดองเหล้าตราเสือ 11 ตัว สูตร2 บรรจุ 15 กรัม,,,ขย.9,,"ยาสมุนไพร, ยาแผนโบราณ",G88/44,น2/5R,ซอง,,100,,FALSE,FALSE,FALSE,6.8,15,,,,,,,
1000,101094,ยาดองเหล้าตราเสือ 11 ตัว บรรจุ 300 ซีซี,,,ขย.9,,"ยาสมุนไพร, ยาแผนโบราณ",G178/49,น2/5R,ขวด,,100,,FALSE,FALSE,FALSE,50.5,70,,,,,,,
1000,101095,น้ำมันยา ตรามาร์วิน 70 กรัม,,,ขย.9,,"ยาสมุนไพร, ยาแผนโบราณ",G 725/48,น2/1L,ขวด,,100,,FALSE,FALSE,FALSE,41.5,65,,,,,,,
1000,101096,น้ำมันยา ตรามาร์วิน 20 กรัม,,,ขย.9,,"ยาสมุนไพร, ยาแผนโบราณ",G 725/48,น2/1L,ขวด,,100,,FALSE,FALSE,FALSE,38.5,55,,,,,,,
1000,101097,reparil-gel 20g,AESCIN,ANTI-INFLAMMATORY ENZYMES,ขย.9,,ยาระบบกล้ามเนื้อ-ข้อต่อ,2C 34/53,ตู้ D8,หลอด,,100,,FALSE,FALSE,FALSE,108,155,,,,,,,
1000,101098,reparil Ice-Spray 200 ml,AESCIN,ANTI-INFLAMMATORY ENZYMES,ขย.9,,ยาระบบกล้ามเนื้อ-ข้อต่อ,ITA 6310211,ตู้ D8,กระป๋อง,,100,,FALSE,FALSE,FALSE,192,295,,,,,,,
1000,101099,ออลไรซ์ ไอซิ่ง สเปรย์ 75 ml,,,ขย.9,,ยาสามัญประจำบ้าน,10-1-6200007901,น2/1L,กระป๋อง,,100,,FALSE,FALSE,FALSE,140,199,193,,,,,,
1000,101100,MUAY มวย ครีมยา บรรเทาปวด ตรามวย 100 กรัม,METHYL SALICYLATE+MENTHOL+EUGENOL,,ขย.9,,ยาสามัญประจำบ้าน,2A 151/50,น2/1L,หลอด,,100,,FALSE,FALSE,FALSE,71,99,,,,,,,
1000,101101,น้ำมันมวย สำหรับนักกีฬา 30 ซีซี,METHYL SALICYLATE+MENTHOL+EUGENOL,,ขย.9,,ยาสามัญประจำบ้าน,2A 71/26,น2/1L,ขวด,,100,,FALSE,FALSE,FALSE,40.5,59,,,,,,,
1000,101102,น้ำมันมวย สำหรับนักกีฬา 60 ซีซี,METHYL SALICYLATE+MENTHOL+EUGENOL,,ขย.9,,ยาสามัญประจำบ้าน,2A 71/26,น2/1L,ขวด,,100,,FALSE,FALSE,FALSE,58,75,79,,,,,,
1000,101103,น้ำมันมวย สำหรับนักกีฬา 450 ซีซี,METHYL SALICYLATE+MENTHOL+EUGENOL,,ขย.9,,ยาสามัญประจำบ้าน,2A 71/26,น2/1L,ขวด,,100,,FALSE,FALSE,FALSE,240,299,,,,,,,
1000,101104,น้ำมันนวด ตรายันฮี 60 ซีซี,,,ขย.9,,ยาสามัญประจำบ้าน,12-1-6500028160,น2/1L,ขวด,,100,,FALSE,FALSE,FALSE,75,125,,,,,,,
1000,101105,ยาครีมพญายอ ตราอภัยภูเบศร 10 กรัม,,,ขย.9,,"ยาสมุนไพร, ยาแผนโบราณ",G 674/64,น2/1L,หลอด,,100,,FALSE,FALSE,FALSE,22,30,,,,,,,
1000,101106,ครีมพญายอ ตราไฟโตแคร์ 5 กรัม,,,ขย.9,,"ยาสมุนไพร, ยาแผนโบราณ",G 454/41,น2/1L,หลอด,,100,,FALSE,FALSE,FALSE,48,50,,,,,,,
1000,101107,ซาโตเจสิค เจล 35 กรัม,INDOMETHACIN,,ขย.9,,"ยาสมุนไพร, ยาแผนโบราณ",2C 5/44(N),น2/1L,หลอด,,100,,FALSE,FALSE,FALSE,182,199,,,,,,,
1000,101108,เพนเนลีฟ คูลเจล 30 กรัม,DICLOFENAC,,ขย.9,,"ยาสมุนไพร, ยาแผนโบราณ",1A 556/50,น2/1L,หลอด,,100,,FALSE,FALSE,FALSE,67,105,,,,,,,
1000,101109,เพนเนลีฟ คูลเจล 60 กรัม,DICLOFENAC,,ขย.9,,"ยาสมุนไพร, ยาแผนโบราณ",1A 556/50,น2/1L,หลอด,,100,,FALSE,FALSE,FALSE,107,145,,,,,,,
1000,101110,perskindol COOL spray 250 ml,,,ขย.9,,ยาสามัญประจำบ้าน,1C 209/44,น2/1L,กระป๋อง,,100,,FALSE,FALSE,FALSE,210,265,,,,,,,
1000,101111,perskindol cool gel 100 ml,,,ขย.9,,ยาสามัญประจำบ้าน,,น2/1L,หลอด,,100,,FALSE,FALSE,FALSE,140,235,,,,,,,
1000,101112,perskindol classic spray 250 ml,,,ขย.9,,ยาสามัญประจำบ้าน,,น2/1L,กระป๋อง,,100,,FALSE,FALSE,FALSE,208,265,,,,,,,
1000,101113,perskindol classic gel 100 ml,,,ขย.9,,ยาสามัญประจำบ้าน,2C 8/45,น2/1L,หลอด,,100,,FALSE,FALSE,FALSE,172,235,,,,,,,
1000,101114,เอนชัวร์ โกลด์ กลิ่นวานิลลา 1200 กรัม,,,ขย.9,,วิตามินและอาหารเสริม,10-3-14623-5-00,น2/1L,กล่อง,,100,,FALSE,FALSE,FALSE,1069,1450,,,,,,,
1000,101115,เอนชัวร์ โกลด์ กลิ่นวานิลลา 850 กรัม,,,ขย.9,,วิตามินและอาหารเสริม,10-3-14623-5-00,น2/1L,กระป๋อง,,100,,FALSE,FALSE,FALSE,788,950,,,,,,,
1000,101116,เอนชัวร์ โกลด์ กลิ่นวานิลลา 400 กรัม,,,ขย.9,,วิตามินและอาหารเสริม,10-3-14623-5-00,น2/1L,กระป๋อง,,100,,FALSE,FALSE,FALSE,439,450,,,,,,,
1000,101117,เอนชัวร์ โกลด์ ช็อกโกแลต 400 กรัม,,,ขย.9,,วิตามินและอาหารเสริม,10-3-146-23-5-0,น2/1L,กระป๋อง,,100,,FALSE,FALSE,FALSE,385,420,,,,,,,
1000,101118,เอนชัวร์ โกลด์ กลิ่นธัญพืช 400 กรัม,,,ขย.9,,วิตามินและอาหารเสริม,10-3-14623-5-00,น2/1L,กระป๋อง,,100,,FALSE,FALSE,FALSE,439,450,,,,,,,
1000,101119,นีโอ-มูน กลิ่นวานิลลา 400 กรัม,,,ขย.9,,วิตามินและอาหารเสริม,74-1-21431-1-00,น2/1L,กระป๋อง,,100,,FALSE,FALSE,FALSE,410,470,,,,,,,
1000,101120,วันซ์ ไดอะไลซ์ กลิ่นวานิลลา 400 กรัม,,,ขย.9,,วิตามินและอาหารเสริม,74-1-21431-5-00,น2/1L,กระป๋อง,,100,,FALSE,FALSE,FALSE,390,415,,,,,,,
1000,101121,อะมิโนเลแบน-ออราล กลิ่นส้ม 450 กรัม,,,ขย.9,,วิตามินและอาหารเสริม,74-1-21431-1-00,น2/1L,กระป๋อง,,100,,FALSE,FALSE,FALSE,523,620,,,,,,,
1000,101122,ฮอตต้า สูตรเข้มข้น ผสมหญ้าหวานสกัด ขนาด 14 ซอง,,,ขย.9,,วิตามินและอาหารเสริม,20-201164-2-000,น2/1L,แพ็ค,,100,,FALSE,FALSE,FALSE,100,125,,,,,,,
1000,101123,ฮอตต้า สูตรเข้มข้น ผสมหญ้าหวานสกัด ขนาด 5 ซอง,,,ขย.9,,วิตามินและอาหารเสริม,20-2-01164-2-00,น2/1L,แพ็ค,,100,,FALSE,FALSE,FALSE,44,60,,,,,,,
1000,101124,ยาชงสมุนไพร ตราฟิตเน่ บรรจุ 10 ซอง,,,ขย.9,,วิตามินและอาหารเสริม,G 276/45,น2/2L,แพ็ค,,100,,FALSE,FALSE,FALSE,42,49,,,,,,,
1000,101125,ยาชงสมุนไพร ตราฟิตเน่ บรรจุ 20 ซอง,,,ขย.9,,วิตามินและอาหารเสริม,G 276/45,น2/2L,แพ็ค,,100,,FALSE,FALSE,FALSE,72,80,,,,,,,
1000,101126,ยาชงสมุนไพร รสชาเขียว ตราฟิตเน่ บรรจุ 8 ซอง,,,ขย.9,,วิตามินและอาหารเสริม,G 718/53,น2/2L,แพ็ค,,100,,FALSE,FALSE,FALSE,42,55,,,,,,,
1000,101127,ยาชงสมุนไพร รสชาเขียว ตราฟิตเน่ บรรจุ 30 ซอง,,,ขย.9,,วิตามินและอาหารเสริม,G 718/53,น2/2L,แพ็ค,,100,,FALSE,FALSE,FALSE,114.5,159,,,,,,,
1000,101128,ยาชงสมุนไพร รสเก๊กฮวย ตราฟิตเน่ บรรจุ 15 ซอง,,,ขย.9,,วิตามินและอาหารเสริม,G 339/44,น2/2L,แพ็ค,,100,,FALSE,FALSE,FALSE,72,89,,,,,,,
1000,101129,fenistil gel 20 g,DIMETHINDENE,ANTIHISTAMINES & ANTIALLERGICS,ขย.9,,ยาใช้เฉพาะที่,1C 44/59,ตู้ ก1,หลอด,,100,,FALSE,FALSE,FALSE,58,85,,,,,,,
1000,101130,โวลทาเรน อีมัลเจล 10 กรัม,DICLOFENAC,ANTI-INFLAMMATORY ENZYMES,ขย.9,,ยาใช้เฉพาะที่,1A 752/41,น2/2L,หลอด,,100,,FALSE,FALSE,FALSE,67,85,,,,,,,
1000,101131,โวลทาเรน อีมัลเจล 25 กรัม,DICLOFENAC,ANTI-INFLAMMATORY ENZYMES,ขย.9,,ยาใช้เฉพาะที่,1A 752/41,น2/2L,หลอด,,100,,FALSE,FALSE,FALSE,144,165,,,,,,,
1000,101132,โวลทาเรน อีมัลเจล 50 กรัม,DICLOFENAC,ANTI-INFLAMMATORY ENZYMES,ขย.9,,ยาใช้เฉพาะที่,1A 752/41,น2/2L,หลอด,,100,,FALSE,FALSE,FALSE,261,295,,,,,,,
1000,101133,โวลทาเรน ดับเบิ้ล สเตรงส์ อิมัลเจล 30 กรัม,DICLOFENAC,ANTI-INFLAMMATORY ENZYMES,ขย.9,,ยาใช้เฉพาะที่,1C 21/61,น2/2L,หลอด,,100,,FALSE,FALSE,FALSE,217,250,,,,,,,
1000,101134,ฟาสตั้ม เจล 50 กรัม,KETOPROFEN,ANTI-INFLAMMATORY ENZYMES,ขย.9,,ยาใช้เฉพาะที่,1A 214/34,น2/2L,หลอด,,100,,FALSE,FALSE,FALSE,111,133,,,,,,,
1000,101135,เคาน์เตอร์เพน คูล 30 กรัม,MENTHOL,,ขย.9,,ยาใช้เฉพาะที่,1C 22/56,น2/2L,หลอด,,100,,FALSE,FALSE,FALSE,48,65,,,,,,,
1000,101136,เคาน์เตอร์เพน คูล 60 กรัม,MENTHOL,,ขย.9,,ยาใช้เฉพาะที่,1C 22/56,น2/2L,หลอด,,100,,FALSE,FALSE,FALSE,76,95,,,,,,,
1000,101137,เคาน์เตอร์เพน คูล 120 กรัม,MENTHOL,,ขย.9,,ยาใช้เฉพาะที่,1C 22/56,น2/2L,หลอด,,100,,FALSE,FALSE,FALSE,127.5,165,,,,,,,
1000,101138,เคาเตอร์เพน พลัส 25 กรัม,PIROXICAM,,ขย.9,,ยาใช้เฉพาะที่,2C 7/56 (N),น2/2L,หลอด,,100,,FALSE,FALSE,FALSE,113,160,,,,,,,
1000,101139,โคเพน ยันฮี 30 กรัม,MENTHOL,,ขย.9,,ยาใช้เฉพาะที่,G 15021/63,น2/2L,หลอด,,100,,FALSE,FALSE,FALSE,30,50,,,,,,,
1000,101140,ไพร็อกโซน เจล 30 กรัม,PIROXICAM,,ขย.9,,ยาใช้เฉพาะที่,1A 113/40,น2/2L,หลอด,,100,,FALSE,FALSE,FALSE,23,69,,,,,,,
1000,101141,แคปซิกา เจล 35 กรัม,CAPSAICIN,,ขย.9,,"ยาสมุนไพร, ยาแผนโบราณ",G 446/47,น2/2L,หลอด,,100,,FALSE,FALSE,FALSE,72,95,,,,,,,
1000,101142,แคปซิกา เจล 15  กรัม,CAPSAICIN,,ขย.9,,"ยาสมุนไพร, ยาแผนโบราณ",G 446/47,น2/2L,หลอด,,100,,FALSE,FALSE,FALSE,32.5,49,,,,,,,
1000,101143,Difelne 1%gel  30 กรัม,DICLOFENAC,,ขย.9,,ยาใช้เฉพาะที่,1A 532/40,น2/2L,หลอด,,100,,FALSE,FALSE,FALSE,34,65,,,,,,,
1000,101144,Difelne 1%gel  60 กรัม,DICLOFENAC,,ขย.9,,ยาใช้เฉพาะที่,1A 532/40,น2/2L,หลอด,,100,,FALSE,FALSE,FALSE,60,105,,,,,,,
1000,101145,เอ็น-เซ่น เจล 60 กรัม,DICLOFENAC,,ขย.9,,ยาใช้เฉพาะที่,1A 263/38,น2/2L,หลอด,,100,,FALSE,FALSE,FALSE,45,79,,,,,,,
1000,101146,เอ็น-เซ่น เจล 30 กรัม,DICLOFENAC,,ขย.9,,ยาใช้เฉพาะที่,1A 263/38,น2/2L,หลอด,,100,,FALSE,FALSE,FALSE,25,65,,,,,,,
1000,101147,อะโรติกา รัป 15 กรัม,CAPSAICIN,,ขย.9,,"ยาสมุนไพร, ยาแผนโบราณ",G 655/54,น2/2L,หลอด,,100,,FALSE,FALSE,FALSE,13.5,30,,,,,,,
1000,101148,อะโรติกา คลู เจล 35 กรัม,PIROXICAM,,ขย.9,,"ยาสมุนไพร, ยาแผนโบราณ",1A 10/55,น2/2L,หลอด,,100,,FALSE,FALSE,FALSE,26,95,,,,,,,
1000,101149,ไพลวาน่า ครีม 15 กรัม,,,ขย.9,,"ยาสมุนไพร, ยาแผนโบราณ",G 95/51,น2/2L,หลอด,,100,,FALSE,FALSE,FALSE,38,55,,,,,,,
1000,101150,Fastum Gel 2.5% ฟาสตั้ม เจล 30 กรัม,KETOPROFEN,ANTI-INFLAMMATORY ENZYMES,ขย.9,,ยาใช้เฉพาะที่,1A 214/34,น2/2L,หลอด,,100,,FALSE,FALSE,FALSE,77.5,95,,,,,,,
1000,101151,เซียงเพียว รีลีฟ ครีม 30 กรัม,METHYL SALICYLATE+MENTHOL+EUGENOL,VITAMINS & MINERALS,ขย.9,,"ยาสมุนไพร, ยาแผนโบราณ",G 86/58,ตู้ A1,หลอด,,100,,FALSE,FALSE,FALSE,31,55,49,,,,,,
1000,101152,เซียงเพียว รีลีฟ ครีม 62 กรัม,METHYL SALICYLATE+MENTHOL+EUGENOL,MOUTH/THROAT PREPARATIONS,ขย.9,,"ยาสมุนไพร, ยาแผนโบราณ",G 86/58,ตู้ A1,หลอด,,100,,FALSE,FALSE,FALSE,52,85,75,,,,,,
1000,101153,นีโอติก้า บาล์ม 30 กรัม,METHYL SALICYLATE+MENTHOL+EUGENOL,,ขย.9,,"ยาสมุนไพร, ยาแผนโบราณ",2A 133/40,น2/2L,หลอด,,100,,FALSE,FALSE,FALSE,37,50,,,,,,,
1000,101154,นีโอติก้า บาล์ม 60 กรัม,METHYL SALICYLATE+MENTHOL+EUGENOL,,ขย.9,,"ยาสมุนไพร, ยาแผนโบราณ",2A 133/40,น2/2L,หลอด,,100,,FALSE,FALSE,FALSE,68,75,,,,,,,
1000,101155,นีโอติก้า คูล 30 กรัม,PIROXICAM,,ขย.9,,ยาใช้เฉพาะที่,1A 80/53,น2/2L,หลอด,,100,,FALSE,FALSE,FALSE,37,65,,,,,,,
1000,101156,ฟลานิล  ครีม 100 กรัม,METHYL SALICYLATE+MENTHOL+EUGENOL,,ขย.9,,ยาใช้เฉพาะที่,2A 230/27,น2/2L,หลอด,,100,,FALSE,FALSE,FALSE,64,125,,,,,,,
1000,101157,ฟลานิล  ครีม 30 กรัม,METHYL SALICYLATE+MENTHOL+EUGENOL,,ขย.9,,ยาใช้เฉพาะที่,2A 230/27,น2/2L,หลอด,,100,,FALSE,FALSE,FALSE,24.5,58,,,,,,,
1000,101158,เคาน์เตอร์เพน ครีม 30 กรัม,METHYL SALICYLATE+MENTHOL+EUGENOL,,ขย.9,,ยาใช้เฉพาะที่,2C 13/56,น2/2L,หลอด,,100,,FALSE,FALSE,FALSE,40.5,69,,,,,,,
1000,101159,เคาน์เตอร์เพน ครีม 60 กรัม,METHYL SALICYLATE+MENTHOL+EUGENOL,,ขย.9,,ยาใช้เฉพาะที่,2C 13/56,น2/2L,หลอด,,100,,FALSE,FALSE,FALSE,73.5,105,,,,,,,
1000,101160,เคาน์เตอร์เพน ครีม 120 กรัม,METHYL SALICYLATE+MENTHOL+EUGENOL,,ขย.9,,ยาใช้เฉพาะที่,2C 13/56,น2/2L,หลอด,,100,,FALSE,FALSE,FALSE,126.75,175,,,,,,,
1000,101161,ลองกานอยด เอกซ์ คูล แอนด์ อโรมา 100 กรัม,,,ขย.9,,ยาใช้เฉพาะที่,10-1-5400090,น2/2L,หลอด,,100,,FALSE,FALSE,FALSE,258,299,,,,,,,
1000,101162,ลองกานอยด เฮอร์เบอร์ ครีม 100 กรัม,,,ขย.9,,ยาใช้เฉพาะที่,50-1-6200035172,น2/2L,หลอด,,100,,FALSE,FALSE,FALSE,258,299,,,,,,,
1000,101163,เอ็ม-ซิน สเปรย์ 50 มิลลิลิตร,INDOMETHACIN,,ขย.9,,ยาใช้เฉพาะที่,1A 129/50,น2/2L,ขวด,,100,,FALSE,FALSE,FALSE,74,125,,,,,,,
1000,101164,เอ็ม-เบรคซ์ 60 มิลลิลิตร,METHYL SALICYLATE+MENTHOL+EUGENOL,,ขย.9,,ยาใช้เฉพาะที่,2A 10/62,น2/2L,ขวด,,100,,FALSE,FALSE,FALSE,105,155,,,,,,,
1000,101165,ยูนิเรน สเปรย์ 60 มิลลิลิตร,DICLOFENAC,,ขย.9,,ยาใช้เฉพาะที่,1A 76/47,น2/2L,ขวด,,100,,FALSE,FALSE,FALSE,126,175,,,,,,,
1000,101166,เอลเมทาซิน สเปรย์ 50 มิลลิลิตร,INDOMETHACIN,,ขย.9,,ยาใช้เฉพาะที่,1A 708/30,น2/2L,ขวด,,100,,FALSE,FALSE,FALSE,131,205,,,,,,,
1000,101167,โวลโคลแนค สเปรย์ 60 มิลลิลิตร,DICLOFENAC,,ขย.9,,ยาใช้เฉพาะที่,1A 236/58,น2/2L,ขวด,,100,,FALSE,FALSE,FALSE,104,195,,,,,,,
1000,101168,แอมเม็ลทซ์ โยโกะ โยโกะ 82 มล.,METHYL SALICYLATE+MENTHOL+EUGENOL,,ขย.9,,ยาใช้เฉพาะที่,2C 17/58,น2/2L,ขวด,,100,,FALSE,FALSE,FALSE,136,195,,,,,,,
1000,101169,แอมเม็ลทซ์ โยโกะ โยโกะ 48 มล.,METHYL SALICYLATE+MENTHOL+EUGENOL,,ขย.9,,ยาใช้เฉพาะที่,2C 17/58,น2/2L,ขวด,,100,,FALSE,FALSE,FALSE,112,159,,,,,,,
1000,101170,แอมเม็ลทซ์ โยโกะ โยโกะ ฮีทแพทช์ 1แผ่น/ซอง,METHYL SALICYLATE+MENTHOL+EUGENOL,,ขย.9,,ยาใช้เฉพาะที่,64-2-3-2-000083,น2/2L,ซอง,,100,,FALSE,FALSE,FALSE,19.5,35,,,,,,,
1000,101171,นีโอบัน พลาสเตอร์ 10 แผ่น/ซอง,METHYL SALICYLATE+MENTHOL+EUGENOL,,ขย.9,,ยาใช้เฉพาะที่,2A 72/65,น2/3L,ซอง,,100,,FALSE,FALSE,FALSE,15.3,25,,,,,,,
1000,101172,ไรโนซาน พลาสเตอร์ 10 แผ่น/ซอง,METHYL SALICYLATE+MENTHOL+EUGENOL,,ขย.9,,ยาใช้เฉพาะที่,65-2-3-2-001426,น2/3L,ซอง,,100,,FALSE,FALSE,FALSE,13.9,23,,,,,,,
1000,101173,นีโอบัน พลาสเตอร์ สูตรเย็น  7x10cm. 2 แผ่น/ซอง,,,ขย.9,,ยาใช้เฉพาะที่,2A 73/65,,ซอง,,100,,FALSE,FALSE,FALSE,33,49,,,,,,,
1000,101174,ซาลอนพาส พลาสเตอร์ 10ชิ้น/กล่อง,METHYL SALICYLATE+MENTHOL+EUGENOL,,ขย.9,,ยาใช้เฉพาะที่,2C 57/52,น2/3L,กล่อง,,100,,FALSE,FALSE,FALSE,33.5,50,,,,,,,
1000,101175,เอช โอ เอช พลัส ฟาร์ อินฟาเรด 2 ชิ้น/ซอง,METHYL SALICYLATE+MENTHOL+EUGENOL,,ขย.9,,ยาใช้เฉพาะที่,64-2-3-2-000584,น2/3L,ซอง,,100,,FALSE,FALSE,FALSE,24.16,39,,,,,,,
1000,101176,เทอร์มา พลาสท์ 1 ชิ้น/ซอง,METHYL SALICYLATE+MENTHOL+EUGENOL,,ขย.9,,ยาใช้เฉพาะที่,88/2558,น2/3L,ซอง,,100,,FALSE,FALSE,FALSE,29,40,,,,,,,
1000,101177,ฟาร์มิก้า พลาสเตอร์ยา-คูล 10x14cm. 2 แผ่น/ซอง,METHYL SALICYLATE+MENTHOL+EUGENOL,,ขย.9,,ยาใช้เฉพาะที่,K32/62,น2/3L,ซอง,,100,,FALSE,FALSE,FALSE,31.5,65,,,,,,,
1000,101178,ฟาร์มิก้า พลาสเตอร์ยา-วอร์ม 10x12cm.2 แผ่น/ซอง,METHYL SALICYLATE+MENTHOL+EUGENOL,,ขย.9,,ยาใช้เฉพาะที่,,น2/3L,ซอง,,100,,FALSE,FALSE,FALSE,52,75,,,,,,,
1000,101179,7*10 cm พลาสเตอร์ WARM ตราเสือ-อาร์ดี 2 แผ่น/ซอง,METHYL SALICYLATE+MENTHOL+EUGENOL,,ขย.9,,ยาใช้เฉพาะที่,2C 25/46,น2/3L,ซอง,,100,,FALSE,FALSE,FALSE,44,65,,,,,,,
1000,101180,10*14 cm พลาสเตอร์ WARM ตราเสือ-อาร์ดี 2 แผ่น/ซอง,METHYL SALICYLATE+MENTHOL+EUGENOL,,ขย.9,,ยาใช้เฉพาะที่,2C 25/46,น2/3L,ซอง,,100,,FALSE,FALSE,FALSE,60,80,,,,,,,
1000,101181,7*10 cm พลาสเตอร์ COOL ตราเสือ-อาร์ดี 2 แผ่น/ซอง,METHYL SALICYLATE+MENTHOL+EUGENOL,,ขย.9,,ยาใช้เฉพาะที่,2C 30/53,น2/3L,ซอง,,100,,FALSE,FALSE,FALSE,45,60,,,,,,,
1000,101182,10*14 cm พลาสเตอร์ COOL ตราเสือ-อาร์ดี 2 แผ่น/ซอง,METHYL SALICYLATE+MENTHOL+EUGENOL,,ขย.9,,ยาใช้เฉพาะที่,2C 30/53,น2/3L,ซอง,,100,,FALSE,FALSE,FALSE,59,69,,,,,,,
1000,101183,ยาสตรีนิสิงเห จอมทอง 300 ซีซี,,,ขย.9,,"ยาสมุนไพร, ยาแผนโบราณ",G 94/32,น2/3L,ขวด,,100,,FALSE,FALSE,FALSE,44.5,75,,,,,,,
1000,101184,ยาสตรีนิสิงเห จอมทอง 750 ซีซี,,,ขย.9,,"ยาสมุนไพร, ยาแผนโบราณ",G 94/32,น2/3L,ขวด,,100,,FALSE,FALSE,FALSE,8307.5,140,,,,,,,
1000,101185,เล่งคุณ หลังคลอด สูตร2 บรรจุ 500 ซีซี,,,ขย.9,,"ยาสมุนไพร, ยาแผนโบราณ",,น2/3L,ขวด,,100,,FALSE,FALSE,FALSE,128,225,,,,,,,
1000,101186,ยาสตรี เบนโล 180 ซีซี,,,ขย.9,,"ยาสมุนไพร, ยาแผนโบราณ",G 107/2569,น2/4L,ขวด,,100,,FALSE,FALSE,FALSE,30.5,38,,,,,,,
1000,101187,ยาสตรี เบนโล 280 ซีซี,,,ขย.9,,"ยาสมุนไพร, ยาแผนโบราณ",G 107/2569,น2/4L,ขวด,,100,,FALSE,FALSE,FALSE,36,47,,,,,,,
1000,101188,ยาสตรี เล่งคุณ กราวเครือขาว สูตร2 ขนาด 250 ซีซี,,,ขย.9,,"ยาสมุนไพร, ยาแผนโบราณ",G235/53,น2/4L,ขวด,,100,,FALSE,FALSE,FALSE,42.5,75,,,,,,,
1000,101189,ยาสตรี เล่งคุณ ผสมโสม 250 ซีซี,,,ขย.9,,"ยาสมุนไพร, ยาแผนโบราณ",G302/53,น2/4L,ขวด,,100,,FALSE,FALSE,FALSE,35.75,75,,,,,,,
1000,101190,ยาสตรีชนิดน้ำ ตราเมรี สูตร2 ขนาด 750 ซีซี,,,ขย.9,,"ยาสมุนไพร, ยาแผนโบราณ",G 766/47,น2/4L,ขวด,,100,,FALSE,FALSE,FALSE,320,450,,,,,,,
1000,101191,ยาสตรี จอมทอง 180 ซีซี,,,ขย.9,,"ยาสมุนไพร, ยาแผนโบราณ",G 164/27,น2/4L,ขวด,,100,,FALSE,FALSE,FALSE,37,50,,,,,,,
1000,101192,ยาสตรี จอมทอง 300 ซีซี,,,ขย.9,,"ยาสมุนไพร, ยาแผนโบราณ",G 164/27,น2/4L,ขวด,,100,,FALSE,FALSE,FALSE,44.25,60,,,,,,,
1000,101193,ยาฟอกโลหิต ตราสิงห์แดง 500 ซีซี,,,ขย.9,,"ยาสมุนไพร, ยาแผนโบราณ",G 521/53,น2/4L,ขวด,,100,,FALSE,FALSE,FALSE,142,195,,,,,,,
1000,101194,ยาสตรี หมอเส็ง ชนิดน้ำ 450 ซีซี,,,ขย.9,,"ยาสมุนไพร, ยาแผนโบราณ",G 834/46,น2/4L,ขวด,,100,,FALSE,FALSE,FALSE,77.5,149,,,,,,,
1000,101195,ยาสตรี หมอเส็ง ชนิดน้ำ 750 ซีซี,,,ขย.9,,"ยาสมุนไพร, ยาแผนโบราณ",G 834/46,น2/4L,ขวด,,100,,FALSE,FALSE,FALSE,120,250,,,,,,,
1000,101196,ยาตรีนิสิงเห หมอมี 300 ซีซี,,,ขย.9,,"ยาสมุนไพร, ยาแผนโบราณ",G 309/56,น2/4L,ขวด,,100,,FALSE,FALSE,FALSE,77,89,,,,,,,
1000,101197,ยาตรีนิสิงเห หมอมี 600 ซีซี,,,ขย.9,,"ยาสมุนไพร, ยาแผนโบราณ",G 309/56,น2/4L,ขวด,,100,,FALSE,FALSE,FALSE,133,169,,,,,,,
1000,101198,ยาน้ำว่านชักมดลูก จอมใจ 300 ซีซี,,,ขย.9,,"ยาสมุนไพร, ยาแผนโบราณ",G 84/47,น2/4L,ขวด,,100,,FALSE,FALSE,FALSE,152,205,,,,,,,
1000,101199,ยาน้ำว่านชักมดลูก ซีแอนด์แอล ผสมเอี๊ยะบ่อเช่า 350 ซีซี,,,ขย.9,,"ยาสมุนไพร, ยาแผนโบราณ",G 412/60,น2/4L,ขวด,,100,,FALSE,FALSE,FALSE,188,269,,,,,,,
1000,101200,ยาน้ำว่านชักมดลูก ซีแอนด์แอล ผสมเอี๊ยะบ่อเช่า 750 ซีซี,,,ขย.9,,"ยาสมุนไพร, ยาแผนโบราณ",G 412/60,น2/4L,ขวด,,100,,FALSE,FALSE,FALSE,320,410,,,,,,,
1000,101201,เอลมีโก สเปรย์ ขนาด 50 ซีซี,INDOMETHACIN,,ขย.9,,ยาใช้เฉพาะที่,,น2/2L,ขวด,,100,,FALSE,FALSE,FALSE,56,145,,,,,,,
1000,101203,ยาน้ำ วีกิ๊ฟ สมุนไพรรากสามสิบ 300 ซีซี,,,ขย.9,,"ยาสมุนไพร, ยาแผนโบราณ",G 54/59,น2/4L,ขวด,,100,,FALSE,FALSE,FALSE,145,165,,,,,,,
1000,101204,ยาน้ำ วีกิ๊ฟ สมุนไพรรากสามสิบ 500 ซีซี,,,ขย.9,,"ยาสมุนไพร, ยาแผนโบราณ",G 54/59,น2/4L,ขวด,,100,,FALSE,FALSE,FALSE,206,295,,,,,,,
1000,101205,ยาน้ำ ผสมรากสามสิบ คุณสัมฤทธิ์  300 ซีซี*3ขวด/กล่อง,,,ขย.9,,"ยาสมุนไพร, ยาแผนโบราณ",G 448/55,น2/4L,กล่อง,,100,,FALSE,FALSE,FALSE,289,395,,,,,,,
1000,101206,ยาน้ำ ผสมรากสามสิบ คุณสัมฤทธิ์  300 ซีซี/ขวด,,,ขย.9,,"ยาสมุนไพร, ยาแผนโบราณ",G 448/55,น2/4L,ขวด,,100,,FALSE,FALSE,FALSE,137.3334,185,,,,,,,
1000,101207,ยาน้ำ ผสมว่านชักมดลูก เบอร์777 ตราหมอเส็ง 70 มล.,,,ขย.9,,"ยาสมุนไพร, ยาแผนโบราณ",G 290/53,น2/4L,กรปุก,,100,,FALSE,FALSE,FALSE,39,50,,,,,,,
1000,101208,ยาน้ำ เล่งคุณเอี๊ยะบ๊อ 500 ซีซี,,,ขย.9,,"ยาสมุนไพร, ยาแผนโบราณ",G 628/53,น2/4L,ขวด,,100,,FALSE,FALSE,FALSE,64,95,,,,,,,
1000,101209,ยาสตรีเพ็ญภาค 180 ซีซี,,,ขย.9,,"ยาสมุนไพร, ยาแผนโบราณ",G 565/29,น2/4L,ขวด,,100,,FALSE,FALSE,FALSE,30.5,35,,,,,,,
1000,101210,ยาสตรีเพ็ญภาค 300 ซีซี,,,ขย.9,,"ยาสมุนไพร, ยาแผนโบราณ",G 565/29,น2/4L,ขวด,,100,,FALSE,FALSE,FALSE,38.5,47,,,,,,,
1000,101211,ยาสตรีเพ็ญภาค สูตร2 ขนาด 180 ซีซี,,,ขย.9,,"ยาสมุนไพร, ยาแผนโบราณ",G 405/50,น2/4L,ขวด,,100,,FALSE,FALSE,FALSE,28.5,35,,,,,,,
1000,101212,กระบอกปัสสาวะชาย ยูรินอล บรรจุ 800 ซีซี,ACETYLCYSTEINE,MOUTH/THROAT PREPARATIONS,ขย.9,,อุปกรณ์ทางการแพทย์,,ตู้ A1,ชิ้น,,100,,FALSE,FALSE,FALSE,30,80,55,,,,,,
1000,101213,หม้อนอน สแตนเลส bedpan No.0101,,,ขย.9,,อุปกรณ์ทางการแพทย์,,น2/5L,กล่อง,,100,,FALSE,FALSE,FALSE,830,1190,,,,,,,
1000,101214,หม้อนอน พลาสติก bedpan  B-01,,,ขย.9,,อุปกรณ์ทางการแพทย์,,น2/5L,กล่อง,,100,,FALSE,FALSE,FALSE,99,175,,,,,,,
1000,101215,กระเป๋าปฐมพยาบาล (เล็ก) 6*8*12 นิ้ว,ACETYLCYSTEINE,ANTIDIARRHOEALS,ขย.9,,อุปกรณ์ทางการแพทย์,,ตู้ A1,กล่อง,,100,,FALSE,FALSE,FALSE,330,470,,,,,,,
1000,101216,กระเป๋าปฐมพยาบาล (ใหญ่) 8.5*9*14 นิ้ว,,,ขย.9,,อุปกรณ์ทางการแพทย์,,น2/5L,กล่อง,,100,,FALSE,FALSE,FALSE,370,550,,,,,,,
1000,101217,mamarine OMEGA-3 &multivitamin 120 ml,,,ขย.9,,วิตามินและอาหารเสริม,73-1-00154-5-00,น3/1,ขวด,,100,,FALSE,FALSE,FALSE,72,120,,,,,,,
1000,101218,mamarine BIO-C+multivitamin 120 ml,,,ขย.9,,วิตามินและอาหารเสริม,73-1-00154-5-00,น3/1,ขวด,,100,,FALSE,FALSE,FALSE,248,295,,,,,,,
1000,101219,mamarine BIO-C+multivitamin 60 ml,,,ขย.9,,วิตามินและอาหารเสริม,73-1-00154-5-00,น3/1,ขวด,,100,,FALSE,FALSE,FALSE,129,185,,,,,,,
1000,101220,mamarine OMEGA-3+lysine&multivitamin forte 60 ml,,,ขย.9,,วิตามินและอาหารเสริม,73-1-00154-5-00,น3/1,ขวด,,100,,FALSE,FALSE,FALSE,65,95,,,,,,,
1000,101221,mamarine OMEGA-3+lysine&multivitamin forte 120 ml,ACETYLCYSTEINE,MOUTH/THROAT PREPARATIONS,ขย.9,,วิตามินและอาหารเสริม,73-1-00154-5-00,ตู้ A1,ขวด,,100,,FALSE,FALSE,FALSE,125,185,170,,,,,,
1000,101222,syn-o-vits 60 ml (multivitamin+lysine),,,ขย.9,,วิตามินและอาหารเสริม,2A 299/31,น3/1,ขวด,,100,,FALSE,FALSE,FALSE,32,90,,,,,,,
1000,101223,Bain syrup DHA70% 150 ml,PARACETAMOL,NSAIDs,ขย.9,,วิตามินและอาหารเสริม,24-1-08040-1-02,ตู้ A1,ขวด,,100,,FALSE,FALSE,FALSE,137,225,195,,,,,,
1000,101224,seven seas Ocean Gold (Omega3+multimintavin) 100 ml,,,ขย.9,,วิตามินและอาหารเสริม,2A 23/52,น3/1,ขวด,,100,,FALSE,FALSE,FALSE,123,145,,,,,,,
1000,101225,seven seas Multi-vitamin syr 120 ml,,,ขย.9,,วิตามินและอาหารเสริม,2A 1115/28,น3/1,ขวด,,100,,FALSE,FALSE,FALSE,72,120,,,,,,,
1000,101226,Patar cod liver oil 60 capsule,,,ขย.9,,วิตามินและอาหารเสริม,1A 183/56,น3/1,กระปุก,,100,,FALSE,FALSE,FALSE,47,100,,,,,,,
1000,101227,ไบโอ-ออยล์ เจล 50 มล.,,,ขย.9,,เครื่องสำอางและผลิตภัณฑ์ค,10-2-6100046983,น3/1R,กระปุก,,100,,FALSE,FALSE,FALSE,154,209,,,,,,,
1000,101228,ไบโอ-ออยล์ สูตรออยล์ 60 มล.,,,ขย.9,,เครื่องสำอางและผลิตภัณฑ์ค,10-2-6200008844,น3/1R,ขวด,,100,,FALSE,FALSE,FALSE,243,329,,,,,,,
1000,101229,ยาประสะน้ำนม ตราพารา สูตร2,,,ขย.9,,"ยาสมุนไพร, ยาแผนโบราณ",G 368/63,น3/1R,ซอง,,100,,FALSE,FALSE,FALSE,31.5,60,,,,,,,
1000,101230,cetaphil gentle skin cleanser 250 ml,,,ขย.9,,เครื่องสำอางและผลิตภัณฑ์ค,,น3/1R,ขวด,,100,,FALSE,FALSE,FALSE,448,480,,,,,,,
1000,101232,vitara-SE gel for scar 15 g,,,ขย.9,,เครื่องสำอางและผลิตภัณฑ์ค,10-1-5404170,น3/1R,ขวด,,100,,FALSE,FALSE,FALSE,128,255,,,,,,,
1000,101233,smooth E-gold foam 45 g,,,ขย.9,,เครื่องสำอางและผลิตภัณฑ์ค,10-1-6200011697,น3/1R,หลอด,,100,,FALSE,FALSE,FALSE,145,159,,,,,,,
1000,101234,บีแคร์ ปั๊มนม,,,ขย.9,,ผลิตภัณท์เด็ก,,น3/1R,ชิ้น,,100,,FALSE,FALSE,FALSE,21,39,,,,,,,
1000,101235,ถุงเก็บน้ำนมแม่ เบีบี้บอล 9 ออนซ์ 20 ชิ้น/กล่อง,,,ขย.9,,ผลิตภัณท์เด็ก,,น3/1R,กล่อง,,100,,FALSE,FALSE,FALSE,38,55,,,,,,,
1000,101236,2.5% สบู่ซัลเฟอร์ 30 กรัม,SULPHUR+SALISALIC ACID,,ขย.9,,เครื่องสำอางและผลิตภัณฑ์ค,10-1-6100048118,น3/1R,ก้อน,,100,,FALSE,FALSE,FALSE,37,50,,,,,,,
1000,101237,2% โพชั่นเคลียร์สิว 15 มล.,SALICYLIC ACID,,ขย.9,,เครื่องสำอางและผลิตภัณฑ์ค,10-1-6200024840,น3/1R,ขวด,,100,,FALSE,FALSE,FALSE,123,185,,,,,,,
1000,101238,2% แอคเน่ สเปรย์ 50 มล.,SALICYLIC ACID,,ขย.9,,เครื่องสำอางและผลิตภัณฑ์ค,10-1-6100045355,น3/1R,ขวด,,100,,FALSE,FALSE,FALSE,165,215,,,,,,,
1000,101239,ปั๊มนม Niko-Niko พร้อมขวดนม,,,ขย.9,,เบ็ดเตล็ด,,น3/1R,กล่อง,,100,,FALSE,FALSE,FALSE,130,169,,,,,,,
1000,101240,แผ่นแปะสิว cathy doll Y2018,,,ขย.9,,เบ็ดเตล็ด,,น3/1R,แพ็ค,,100,,FALSE,FALSE,FALSE,23,55,,,,,,,
1000,101241,แปรงสีฟัน beetle อายุ 2+ ปี,,,ขย.9,,ผลิตภัณท์เด็ก,,น3/1R,ชิ้น,,100,,FALSE,FALSE,FALSE,10.29,15,,,,,,,
1000,101242,แปรงสีฟัน สไมลลี่ ดั๊ก V-care อายุ 3+ ปี,,,ขย.9,,ผลิตภัณท์เด็ก,,น3/1R,ชิ้น,,100,,FALSE,FALSE,FALSE,12.28,19,,,,,,,
1000,101243,ขวดนม pigeon เซอคัส คลาสสิก การ์ตูน 8 ออนซ์,,,ขย.9,,ผลิตภัณท์เด็ก,,น3/1R,ขวด,,100,,FALSE,FALSE,FALSE,55.6,84,,,,,,,
1000,101244,ขวดนม pigeon เซอคัส คลาสสิก การ์ตูน 4 ออนซ์,,,ขย.9,,ผลิตภัณท์เด็ก,,น3/1R,ขวด,,100,,FALSE,FALSE,FALSE,52.28,79,,,,,,,
1000,101245,ขวดนม pigeon size S อายุ 0-3 เดือน 4 ออนซ์,,,ขย.9,,ผลิตภัณท์เด็ก,,น3/1R,ขวด,,100,,FALSE,FALSE,FALSE,44.52,65,,,,,,,
1000,101246,ขวดนม pigeon size M อายุ 4-5 เดือน 8 ออนซ์,,,ขย.9,,ผลิตภัณท์เด็ก,,น3/1R,ขวด,,100,,FALSE,FALSE,FALSE,48.13,70,,,,,,,
1000,101247,แปรงสีฟัน สไมลลี่ เพนกวิน V-care อายุ 3+ ปี,,,ขย.9,,ผลิตภัณท์เด็ก,,น3/1R,ชิ้น,,100,,FALSE,FALSE,FALSE,15.54,19,,,,,,,
1000,101248,แปรงสีฟัน สไมลลี่ กบ V-care อายุ 3+ ปี,,,ขย.9,,ผลิตภัณท์เด็ก,,น3/1R,ชิ้น,,100,,FALSE,FALSE,FALSE,15.54,19,,,,,,,
1000,101249,ลูกอม i-kid รสโคล่า,,,ขย.9,,ผลิตภัณท์เด็ก,,น3/2,ชิ้น,,100,,FALSE,FALSE,FALSE,10,15,,,,,,,
1000,101250,ลูกอม i-kid รสเบอร์รี่,,,ขย.9,,ผลิตภัณท์เด็ก,,น3/2,ชิ้น,,100,,FALSE,FALSE,FALSE,10,15,,,,,,,
1000,101251,ลูกอม i-kid รสน้ำผึ้งมะนาว,,,ขย.9,,ผลิตภัณท์เด็ก,,น3/2,ชิ้น,,100,,FALSE,FALSE,FALSE,10,15,,,,,,,
1000,101252,ลูกอม i-kid รสแดงมะนาว,,,ขย.9,,ผลิตภัณท์เด็ก,,น3/2,ชิ้น,,100,,FALSE,FALSE,FALSE,10,15,,,,,,,
1000,101253,บ๊วยหวาน ตราอีแอล 60 กรัม,,,ขย.9,,เบ็ดเตล็ด,,น3/2,กระปุก,,100,,FALSE,FALSE,FALSE,16,20,,,,,,,
1000,101254,กิมจ้อรสบ๊วย 65 กรัม,,,ขย.9,,เบ็ดเตล็ด,,น3/2,กระปุก,,100,,FALSE,FALSE,FALSE,16,20,,,,,,,
1000,101255,มะละกอ (บ่อฮวยบ๊วย) 45 กรัม,,,ขย.9,,เบ็ดเตล็ด,,น3/2,กระปุก,,100,,FALSE,FALSE,FALSE,16,20,,,,,,,
1000,101256,เลมอนชิ้น (อบบ๊วย) 50 กรัม,,,ขย.9,,เบ็ดเตล็ด,,น3/2,กระปุก,,100,,FALSE,FALSE,FALSE,16,20,,,,,,,
1000,101257,ลูกท้ออบแห้ง ตราอีแอล 60 กรัม,,,ขย.9,,เบ็ดเตล็ด,,น3/2,กระปุก,,100,,FALSE,FALSE,FALSE,16,20,,,,,,,
1000,101258,บ๊วยเค็มอบแห้ง ตราอีแอล 50 กรัม,,,ขย.9,,เบ็ดเตล็ด,,น3/2,กระปุก,,100,,FALSE,FALSE,FALSE,16,20,,,,,,,
1000,101259,maxxLife gummy 120 กรัม,ACETYLCYSTEINE,DECONGESTANTS & OTHER NASAL PR,ขย.9,,เบ็ดเตล็ด,,ตู้ A1,กระปุก,,100,,FALSE,FALSE,FALSE,180,250,245,,,,,,
1000,101260,biopham vitamin C gummy 60 g,,,ขย.9,,เบ็ดเตล็ด,,น3/3,ซอง,,100,,FALSE,FALSE,FALSE,35.75,50,,,,,,,
1000,101261,biopham calcium gummy 24 g,,,ขย.9,,เบ็ดเตล็ด,,น3/3,ซอง,,100,,FALSE,FALSE,FALSE,16,29,,,,,,,
1000,101262,biopham MultiVitamin gummy 60 g,,,ขย.9,,เบ็ดเตล็ด,,น3/3,ซอง,,100,,FALSE,FALSE,FALSE,36,50,,,,,,,
1000,101263,biopham Fish oil gummy 20 g,,,ขย.9,,เบ็ดเตล็ด,,น3/3,ซอง,,100,,FALSE,FALSE,FALSE,15.67,30,,,,,,,
1000,101264,Hy vitamin C 50 orange 20's,,,ขย.9,,เบ็ดเตล็ด,,น3/3,ซอง,,100,,FALSE,FALSE,FALSE,8,12,,,,,,,
1000,101265,Hy vitamin C 50 strawberry 20's,,,ขย.9,,เบ็ดเตล็ด,,น3/3,ซอง,,100,,FALSE,FALSE,FALSE,8,12,,,,,,,
1000,101266,นมอัดเม็ด รสหวาน ตรา มิ้ลค์ มิ้ลค์ 15's,,,ขย.9,,เบ็ดเตล็ด,,น3/4,ซอง,,100,,FALSE,FALSE,FALSE,9.7,10,,,,,,,
1000,101267,นมอัดเม็ด รสหวาน ตราไวท์ฟาร์ม 11.2 กรัม,,,ขย.9,,เบ็ดเตล็ด,,น3/4,ซอง,,100,,FALSE,FALSE,FALSE,8.05,10,,,,,,,
1000,101268,นมอัดเม็ด รสสตอรเบอร์รี่ ตราไวท์ฟาร์ม 11.2 กรัม,,,ขย.9,,เบ็ดเตล็ด,,น3/4,ซอง,,100,,FALSE,FALSE,FALSE,7.7,10,,,,,,,
1000,101269,นมอัดเม็ด รสช็อกโกแลต ตราไวท์ฟาร์ม 11.2 กรัม,,,ขย.9,,เบ็ดเตล็ด,,น3/4,ซอง,,100,,FALSE,FALSE,FALSE,8,10,,,,,,,
1000,101270,มิลกี้-ดี นมชมพู (เม็ดอม) 6 กรัม,,,ขย.9,,เบ็ดเตล็ด,,น3/4,ซอง,,100,,FALSE,FALSE,FALSE,14.22,10,,,,,,,
1000,101271,Milk Milkนมปรุงแต่งชนิดเม็ด วานิลลา 40 เม็ด,ACETYLCYSTEINE,VITAMINS & MINERALS,ขย.9,,เบ็ดเตล็ด,10-1-1935550070,น2/3R,ขวด,,100,,FALSE,FALSE,FALSE,42,49,59,,,,,,
1000,101272,Milk Milkนมปรุงแต่งชนิดเม็ด ช็อกโกแลต 40 เม็ด,ACETYLCYSTEINE,VITAMINS & MINERALS,ขย.9,,วิตามินและอาหารเสริม,10-1-1935550053,น3/4L,ขวด,,100,,FALSE,FALSE,FALSE,42,59,59,,,,,,
1000,101273,Milk Milk นมปรุงแต่ง กลิ่นหวาน 40 เม็ด,ACETYLCYSTEINE,MOUTH/THROAT PREPARATIONS,ขย.9,,เบ็ดเตล็ด,,ตู้ A1,กระปุก,,100,,FALSE,FALSE,FALSE,42,59,59,,,,,,
1000,101274,วิตามินซี ตราพาตาร์( แบ่งขาย 60 เม็ด),ASCORBIC ACID,,ขย.9,,เบ็ดเตล็ด,1A 109/57,น3/4,ซอง,,100,,FALSE,FALSE,FALSE,7.5,25,,,,,,,
1000,101275,vita-C strawberry 1000's,ASCORBIC ACID,,ขย.9,,วิตามินและอาหารเสริม,,น3/5,กระปุก,,100,,FALSE,FALSE,FALSE,112,170,,,,,,,
1000,101276,vita-C pineapple 1000's,ASCORBIC ACID,,ขย.9,,วิตามินและอาหารเสริม,,น3/5,กระปุก,,100,,FALSE,FALSE,FALSE,114.75,185,,,,,,,
1000,101277,vita-C grape 1000's,ASCORBIC ACID,,ขย.9,,วิตามินและอาหารเสริม,,น3/5,กระปุก,,100,,FALSE,FALSE,FALSE,102,170,,,,,,,
1000,101278,vita-C orange 1000's,ASCORBIC ACID,,ขย.9,,วิตามินและอาหารเสริม,,น3/5,กระปุก,,100,,FALSE,FALSE,FALSE,100,170,,,,,,,
1000,101279,ascorbic acid 1000's,ASCORBIC ACID,,ขย.9,,วิตามินและอาหารเสริม,,น3/5,กระปุก,,100,,FALSE,FALSE,FALSE,116,185,,,,,,,
1000,101280,ขนมไวท์ฟาร์ม แคลเซียมสูง อบกรอบ 17 กรัม,,,ขย.9,,เบ็ดเตล็ด,,น3/5,ซอง,,100,,FALSE,FALSE,FALSE,10.83,15,,,,,,,
1000,101281,hicee 100 4's,ASCORBIC ACID,,ขย.9,,เบ็ดเตล็ด,,น3/5,ชิ้น,,100,,FALSE,FALSE,FALSE,4.7,10,,,,,,,
1000,101282,ยาอมสมุนไพร ตรามังกรทอง รสบ๊วย 100 เม็ด,,,ขย.9,,เบ็ดเตล็ด,,น3/5,กระปุก,,100,,FALSE,FALSE,FALSE,7.4,14,,,,,,,
1000,101283,ยาอมสมุนไพร ตรามังกรทอง รสมะนาว 100 เม็ด,,,ขย.9,,เบ็ดเตล็ด,,น3/5,กระปุก,,100,,FALSE,FALSE,FALSE,7.8,14,,,,,,,
1000,101284,ยาอมสมุนไพร ตรามังกรทอง รสเปลือกส้ม 100 เม็ด,,,ขย.9,,เบ็ดเตล็ด,,น3/5,กระปุก,,100,,FALSE,FALSE,FALSE,7.8,14,,,,,,,
1000,101285,ชุดฝึกทานอาหารพร้อมช้อนนิ่มพิเศษ Pigeon +6 m,,,ขย.9,,ผลิตภัณท์เด็ก,,น3/2R,อัน,,100,,FALSE,FALSE,FALSE,289,399,,,,,,,
1000,101286,ชามบดอาหารพร้อมช้อน Pigeon +6 m,,,ขย.9,,ผลิตภัณท์เด็ก,,น3/2R,อัน,,100,,FALSE,FALSE,FALSE,73.63,90,,,,,,,
1000,101287,ชุดดูดน้ำมูก ชนิดควบคุมแรงดูดจากปากแม่ Attoon,,,ขย.9,,ผลิตภัณท์เด็ก,,น3/2R,อัน,,100,,FALSE,FALSE,FALSE,62,125,,,,,,,
1000,101288,ที่ดูดน้ำมูก ซิลิโคน ชนิดหัวเรียวพิเศษ,,,ขย.9,,ผลิตภัณท์เด็ก,,น3/2R,อัน,,100,,FALSE,FALSE,FALSE,47,59,,,,,,,
1000,101289,ชุดป้อนอาหารชนิดนิ่มพิเศษ Pigeon +6 m,,,ขย.9,,ผลิตภัณท์เด็ก,,น3/2R,อัน,,100,,FALSE,FALSE,FALSE,114.55,140,,,,,,,
1000,101290,จุกนมยางดูดเล่น pigeon size S (0-3 m) สีฟ้า,,,ขย.9,,ผลิตภัณท์เด็ก,,น3/2R,ชิ้น,,100,,FALSE,FALSE,FALSE,110.46,135,,,,,,,
1000,101291,จุกนมยางดูดเล่น pigeon size S (0-3 m) สีชมพู,,,ขย.9,,ผลิตภัณท์เด็ก,,น3/2R,ชิ้น,,100,,FALSE,FALSE,FALSE,110.46,135,,,,,,,
1000,101292,จุกนมยางดูดเล่น pigeon size M (3-6 m) สีเหลือง,,,ขย.9,,ผลิตภัณท์เด็ก,,น3/2R,ชิ้น,,100,,FALSE,FALSE,FALSE,110.46,135,,,,,,,
1000,101293,จุกนมยางดูดเล่น pigeon size M (3-6 m) สีชมพู,,,ขย.9,,ผลิตภัณท์เด็ก,,น3/2R,ชิ้น,,100,,FALSE,FALSE,FALSE,110.46,135,,,,,,,
1000,101294,จุกนมยางดูดเล่น pigeon size L (6-18 m),,,ขย.9,,ผลิตภัณท์เด็ก,,น3/2R,ชิ้น,,100,,FALSE,FALSE,FALSE,110.46,135,,,,,,,
1000,101295,เซรั่มอัญชัน บำรุงคิ้ว สำหรับเด็ก 1 มล.,,,ขย.9,,ผลิตภัณท์เด็ก,,น3/2R,ชิ้น,,100,,FALSE,FALSE,FALSE,125.4,179,,,,,,,
1000,101296,จุกนมซิลิคอนคลาสสิค size L 6+m/3ชิ้น,,,ขย.9,,ผลิตภัณท์เด็ก,,น3/2R,ชิ้น,,100,,FALSE,FALSE,FALSE,67.9,99,,,,,,,
1000,101297,แอคเน่-เอด บาร์ (คุมความมัน) 100 กรัม,,,ขย.9,,"สบู่,  สบู่เหลว,  ครีมอาบ",,น3/2R,ก้อน,,100,,FALSE,FALSE,FALSE,180,249,,,,,,,
1000,101298,แอคเน่-เอด ลิควิด เคลนเซอร์ (คุมความมัน) 100 มล.,,,ขย.9,,"สบู่,  สบู่เหลว,  ครีมอาบ",,น3/2R,ขวด,,100,,FALSE,FALSE,FALSE,135,195,,,,,,,
1000,101299,แอคเน่-เอด เจนเทิล เคลนเซอร์ (ผิวแพ้ง่าย) 100 มล.,,,ขย.9,,"สบู่,  สบู่เหลว,  ครีมอาบ",,น3/2R,ขวด,,100,,FALSE,FALSE,FALSE,134,209,,,,,,,
1000,101300,โปรวาเมต วิตามินอี เซรั่ม 30 มล.,,,ขย.9,,เครื่องสำอางและผลิตภัณฑ์ค,,น3/2R,ขวด,,100,,FALSE,FALSE,FALSE,275,349,,,,,,,
1000,101301,98%ปาล์มเมอร์ สูตรโกโก้บัตเตอร์ มาสซาสครีม สูตรเข้มข้น,,,ขย.9,,เครื่องสำอางและผลิตภัณฑ์ค,,น3/2R,หลอด,,100,,FALSE,FALSE,FALSE,280,360,,,,,,,
1000,101302,แป้งเด็ก ฮาย สำหรับเด็ก 200 กรัม,GINGKO-BILOBA,VITAMINS & MINERALS,ขย.9,,ผลิตภัณท์เด็ก,,ตู้ A1,ขวด,,100,,FALSE,FALSE,FALSE,42,59,70,,,,,,
1000,101303,ศรีจันทร์เบบี้ นิวบอร์น พาวเดอร์ 150 กรัม,CAMPHOR,ANTIHISTAMINES & ANTIALLERGICS,ขย.9,,ผลิตภัณท์เด็ก,,ตู้ A1,ขวด,,100,,FALSE,FALSE,FALSE,36,65,56,,,,,,
1000,101304,ศรีจันทร์ เบบี้ เบบี้ พาวเดอร์ 50 กรัม,METHYL SALICYLATE+MENTHOL+EUGENOL,MOUTH/THROAT PREPARATIONS,ขย.9,,ผลิตภัณท์เด็ก,,ตู้ A1,กระปุก,,100,,FALSE,FALSE,FALSE,45,85,65,63,,,,,
1000,101305,สมูทอี แอคเน่ ไฮโดรเจล พลัส 10 กรัม,,,ขย.9,,เครื่องสำอางและผลิตภัณฑ์ค,,น3/2R,หลอด,,100,,FALSE,FALSE,FALSE,185,249,,,,,,,
1000,101306,10% ยูเดีย 30 กรัม,UREA,,ขย.9,,เครื่องสำอางและผลิตภัณฑ์ค,,น3/2R,หลอด,,100,,FALSE,FALSE,FALSE,53,125,,,,,,,
1000,101307,10% ไดอะบีเดิร์ม ครีม 100 กรัม,UREA,,ขย.9,,เครื่องสำอางและผลิตภัณฑ์ค,1A 303/49,น3/2R,หลอด,,100,,FALSE,FALSE,FALSE,130,235,,,,,,,
1000,101308,20% ไดอะบีเดิร์ม ครีม  35 กรัม,UREA,,ขย.9,,เครื่องสำอางและผลิตภัณฑ์ค,1A 301/49,น3/2R,หลอด,,100,,FALSE,FALSE,FALSE,72.25,140,,,,,,,
1000,101309,HIRUDOID cream สีแดง 40 กรัม,MUCOPOLYSACCHARIDE POLYSULFATE,,ขย.9,,เครื่องสำอางและผลิตภัณฑ์ค,1A 806/27,น3/2R,หลอด,,100,,FALSE,FALSE,FALSE,185,230,,,,,,,
1000,101310,Hirudoid cream สีแดง 20 กรัม,MUCOPOLYSACCHARIDE POLYSULFATE,,ขย.9,,เครื่องสำอางและผลิตภัณฑ์ค,1A 806/27,น3/2R,หลอด,,100,,FALSE,FALSE,FALSE,134,150,,,,,,,
1000,101311,hirudoid cream สีแดง 10 กรัม,MUCOPOLYSACCHARIDE POLYSULFATE,,ขย.9,,เครื่องสำอางและผลิตภัณฑ์ค,1A 806/27,น3/2R,หลอด,,100,,FALSE,FALSE,FALSE,81.5,94,,,,,,,
1000,101312,Hirudoid cream สีน้ำเงิน 20 กรัม,MUCOPOLYSACCHARIDE POLYSULFATE,,ขย.9,,เครื่องสำอางและผลิตภัณฑ์ค,1A 610/36,น3/2R,หลอด,,100,,FALSE,FALSE,FALSE,205,265,,,,,,,
1000,101313,hirudoid cream สีน้ำเงิน 10 กรัม,MUCOPOLYSACCHARIDE POLYSULFATE,,ขย.9,,เครื่องสำอางและผลิตภัณฑ์ค,1A 610/36,น3/2R,หลอด,,100,,FALSE,FALSE,FALSE,127,140,,,,,,,
1000,101314,แอนตี้ เอคเน่ ไฮโดรเจล 7 กรัม,,,ขย.9,,เครื่องสำอางและผลิตภัณฑ์ค,,น3/2R,หลอด,,100,,FALSE,FALSE,FALSE,132,175,,,,,,,
1000,101315,clenascar C silicone gel 7 g,,,ขย.9,,เครื่องสำอางและผลิตภัณฑ์ค,,น3/2R,หลอด,,100,,FALSE,FALSE,FALSE,132,185,,,,,,,
1000,101316,cleanscar gel 7 g,,,ขย.9,,เครื่องสำอางและผลิตภัณฑ์ค,,น3/2R,หลอด,,100,,FALSE,FALSE,FALSE,62,95,,,,,,,
1000,101317,ว่านหางจระเข้ bernova,,,ขย.9,,เครื่องสำอางและผลิตภัณฑ์ค,,น3/2R,หลอด,,100,,FALSE,FALSE,FALSE,43.5,65,,,,,,,
1000,101318,ว่านหางจระเข้ aloe gel,,,ขย.9,,เครื่องสำอางและผลิตภัณฑ์ค,,น3/2R,หลอด,,100,,FALSE,FALSE,FALSE,36,65,,,,,,,
1000,101319,Puricas Dragon's Blood Scar Gel 8g,,,ขย.9,,เครื่องสำอางและผลิตภัณฑ์ค,,น3/2R,หลอด,,100,,FALSE,FALSE,FALSE,225,285,,,,,,,
1000,101320,เน็กซ์แคร์ แผ่นดูดซับสิว รุ่นบาง 30 ชิ้น,,,ขย.9,,เครื่องสำอางและผลิตภัณฑ์ค,,น3/2R,กล่อง,,100,,FALSE,FALSE,FALSE,81,125,,,,,,,
1000,101321,แผ่นแปะลดไข้ bye bye-fever 0-2y 2ชิ้น/ซอง,,,ขย.9,,เบ็ดเตล็ด,,น3/3R,ซอง,,100,,FALSE,FALSE,FALSE,24.6,40,,,,,,,
1000,101322,แผ่นแปะลดไข้ bye bye-fever 3-6y 2ชิ้น/ซอง,,,ขย.9,,เบ็ดเตล็ด,,น3/3R,ซอง,,100,,FALSE,FALSE,FALSE,24.66,49,,,,,,,
1000,101323,แผ่นแปะลดไข้ bye bye-fever 12+y 2ชิ้น/ซอง,,,ขย.9,,เบ็ดเตล็ด,,น3/3R,ซอง,,100,,FALSE,FALSE,FALSE,23.33,50,,,,,,,
1000,101324,แผ่นแปะลดไข้ เด็ก kool fever 0-2y สีชมพู 2ชิ้น/ซอง,ACETYLCYSTEINE,ANTIDIARRHOEALS,ขย.9,,เบ็ดเตล็ด,,ตู้ A1,ซอง,,100,,FALSE,FALSE,FALSE,26,40,,,,,,,
1000,101325,แผ่นแปะลดไข้ เด็ก kool fever 2+y สีน้ำเงิน2ชิ้น/ซอง,,,ขย.9,,ยาใช้เฉพาะที่,,,ซอง,,100,,FALSE,FALSE,FALSE,26,45,,,,,,,
1000,101326,แผ่นแปะลดไข้ ผู้ใหญ่ kool fever ติดแน่น สีน้ำเงิน 2 ชิ้น,,,ขย.9,,เบ็ดเตล็ด,,,ซอง,,100,,FALSE,FALSE,FALSE,26,50,,,,,,,
1000,101327,แผ่นเจลลดไข้เด็ก สีฟ้า Jelly Cool 2 แผ่น/ซอง,,,ขย.9,,เบ็ดเตล็ด,,,ซอง,,100,,FALSE,FALSE,FALSE,22.33,35,,,,,,,
1000,101328,แผ่นเจลลดไข้ cool Temp 2แผ่น/ซอง อายุ 6+ปี,,,ขย.9,,เบ็ดเตล็ด,,น3/3R,ซอง,,100,,FALSE,FALSE,FALSE,26.3,45,,,,,,,
1000,101329,แผ่นเจลลดไข้ cooling 1ชิ้น/ซอง อายุ 2+ปี,,,ขย.9,,เบ็ดเตล็ด,,น3/3R,ซอง,,100,,FALSE,FALSE,FALSE,16.75,29,,,,,,,
1000,101330,ยาน้ำ วูดเวอร์ด ไกร๊ป วอเตอร์ 148 มล.,SODIUM BICARBONATE,,ขย.9,,ผลิตภัณท์เด็ก,2A 34/58,น3/3R,ขวด,,100,,FALSE,FALSE,FALSE,105,135,,,,,,,
1000,101331,เบบี้ดอล bebidol 120 มล.,SODIUM BICARBONATE,,ขย.9,,ผลิตภัณท์เด็ก,1A 866/42,น3/3R,ขวด,,100,,FALSE,FALSE,FALSE,33.75,65,,,,,,,
1000,101332,มหาหิงคุ์ ลูกกลิ้ง ตรามงกุฏพญานาคคู่ 60 ซีซี,,,ขย.9,,ผลิตภัณท์เด็ก,G266/30,น3/3R,ขวด,,100,,FALSE,FALSE,FALSE,26.5,35,,,,,,,
1000,101333,มหาหิงคุ์ วี.เอส. ลูกกลิ้ง ตราวิทยาศรม 60 ซีซี,ACETYLCYSTEINE,MOUTH/THROAT PREPARATIONS,ขย.9,,ผลิตภัณท์เด็ก,1A 340/44,ตู้ A1,ขวด,,100,,FALSE,FALSE,FALSE,29.5,49,44,,,,,,
1000,101334,มหาหิงคุ์ วี.เอส. ตราวิทยาศรม 60 ซีซี,PARACETAMOL,NSAIDs,ขย.9,,ผลิตภัณท์เด็ก,1A 340/44,ตู้ A1,ขวด,,100,,FALSE,FALSE,FALSE,21,35,32,,,,,,
1000,101335,มหาหิงคุ์ วี.เอส. ตราวิทยาศรม 120 ซีซี,,,ขย.9,,ผลิตภัณท์เด็ก,1A 340/44,น3/3R,ขวด,,100,,FALSE,FALSE,FALSE,33,58,,,,,,,
1000,101336,กลีเซอรีนบอแรกซ์ 100 กรัม/15มล,GLYCERINE,,ขย.9,,เบ็ดเตล็ด,2A 331/30,น3/3R,ขวด,,100,,FALSE,FALSE,FALSE,13.5,25,,,,,,,
1000,101337,เยนเชียน ไวโอเล็ต 0.5กรัม/15 มล.,,,ขย.9,,เบ็ดเตล็ด,1A 672/39,น3/3R,ขวด,,100,,FALSE,FALSE,FALSE,6.25,15,,,,,,,
1000,101338,เขากุย สีน้ำตาล 200 ซีซี,,,ขย.9,,ผลิตภัณท์เด็ก,G 532/59,น3/4R,ขวด,,100,,FALSE,FALSE,FALSE,36.5,43,,,,,,,
1000,101339,เขากุย สีขาว อ้วยอันโอสถ 240 ซีซี,,,ขย.9,,ผลิตภัณท์เด็ก,G 174/29,น3/4R,ขวด,,100,,FALSE,FALSE,FALSE,37.5,45,,,,,,,
1000,101340,ซอลเจลล่า เดอร์โมลิควิด อินทิเมท 100 ซีซี (สูตรมั่นใจ),,,ขย.9,,"สบู่,  สบู่เหลว,  ครีมอาบ",10-2-6300009212,น3/4R,ขวด,,100,,FALSE,FALSE,FALSE,94,159,,,,,,,
1000,101341,ซอลเจลล่า แอ็คติว่า อินทิเมท 100 ซีซี (สูตรปกป้อง),MENTHOL,VITAMINS & MINERALS,ขย.9,,"สบู่,  สบู่เหลว,  ครีมอาบ",10-2-6300010079,ตู้ A1,ขวด,,100,,FALSE,FALSE,FALSE,114,179,43,165,,,,,
1000,101342,แนปปี้-ฮิปโป้ ซิงค์ ออกไซด์ 5 กรัม,ZINC OXIDE,,ขย.9,,ผลิตภัณท์เด็ก,1A 767/29,น3/4R,หลอด,,100,,FALSE,FALSE,FALSE,13.5,25,,,,,,,
1000,101343,แนปปี้-ฮิปโป้ ซิงค์ ออกไซด์ 25 กรัม,ZINC OXIDE,,ขย.9,,ผลิตภัณท์เด็ก,1A 767/29,น3/4R,หลอด,,100,,FALSE,FALSE,FALSE,31.5,70,,,,,,,
1000,101344,แพมเพอริน ครีม 25 กรัม,,,ขย.9,,ผลิตภัณท์เด็ก,2A 79/53,น3/4R,หลอด,,100,,FALSE,FALSE,FALSE,28,95,,,,,,,
1000,101345,บีแพนเธน ออยเมนต์ 30 กรัม,,,ขย.9,,ผลิตภัณท์เด็ก,10-2-6200024012,น3/4R,หลอด,,100,,FALSE,FALSE,FALSE,124,169,,,,,,,
1000,101346,บีแพนเธน ออยเมนต์ 50 กรัม,,,ขย.9,,ผลิตภัณท์เด็ก,10-2-6200024012,น3/4R,หลอด,,100,,FALSE,FALSE,FALSE,180,219,,,,,,,
1000,101347,บีแพนเธน เซนซิเดิร์ม ครีม 20 กรัม,,,ขย.9,,ผลิตภัณท์เด็ก,,น3/4R,หลอด,,100,,FALSE,FALSE,FALSE,273,385,,,,,,,
1000,101348,บีเพนเธน เฟิร์สเอด ครีม 30 กรัม,DEXPANTHENOL,,ขย.9,,ผลิตภัณท์เด็ก,2C 2/53(N),น3/4R,หลอด,,100,,FALSE,FALSE,FALSE,128,175,,,,,,,
1000,101349,ยาสีฟันชนิดเจล เด็ก12+m รสสตอเบอร์รี่ pigeon 45g,,,ขย.9,,ผลิตภัณท์เด็ก,,น3/4R,หลอด,,100,,FALSE,FALSE,FALSE,72.82,89,,,,,,,
1000,101350,ยาสีฟันชนิดเจล เด็ก1+y รสองุ่น pigeon 45g,,,ขย.9,,ผลิตภัณท์เด็ก,10-1-6200025585,น3/4R,หลอด,,100,,FALSE,FALSE,FALSE,72.82,89,79,,,,,,
1000,101351,สติ๊กเกอร์หัวหอม blue formula 6ชิ้น/กล่อง,,,ขย.9,,ผลิตภัณท์เด็ก,,น3/4R,กล่อง,,100,,FALSE,FALSE,FALSE,68,125,,,,,,,
1000,101352,สติ๊กเกอร์หัวหอม green formula 6ชิ้น/กล่อง,,,ขย.9,,ผลิตภัณท์เด็ก,,น3/4R,กล่อง,,100,,FALSE,FALSE,FALSE,68,95,,,,,,,
1000,101353,สติ๊กเกอร์หัวหอม original 6ชิ้น/กล่อง,ACETYLCYSTEINE,ANTIDIARRHOEALS,ขย.9,,ผลิตภัณท์เด็ก,,ตู้ A1,กล่อง,,100,,FALSE,FALSE,FALSE,67,95,95,,,,,,
1000,101354,สติ๊กเกอร์ เมอร์ซี่ หัวหอมแดง 6 ชิ้น/กล่อง,,,ขย.9,,ผลิตภัณท์เด็ก,,น3/4R,กล่อง,,100,,FALSE,FALSE,FALSE,57,95,,,,,,,
1000,101355,สติ๊กเกอร์ขิง เมอร์ซี่ 6 ชิ้น/กล่อง,,,ขย.9,,ผลิตภัณท์เด็ก,,น3/4R,กล่อง,,100,,FALSE,FALSE,FALSE,57,89,,,,,,,
1000,101356,หอม หอม บาล์ม เจล 17 กรัม,,,ขย.9,,ผลิตภัณท์เด็ก,,น3/4R,ขวด,,100,,FALSE,FALSE,FALSE,130,150,,,,,,,
1000,101357,วาสลีน 100%เพียวรีแพร์ริ่ง เจลลี่ 50 มล.,,,ขย.9,,เบ็ดเตล็ด,,น3/4R,กระปุก,,100,,FALSE,FALSE,FALSE,72,95,,,,,,,
1000,101358,วาสลีน 100%เพียวรีแพร์ริ่ง เจลลี่ 100 มล.,,,ขย.9,,เบ็ดเตล็ด,,น3/4R,กระปุก,,100,,FALSE,FALSE,FALSE,109,145,,,,,,,
1000,101359,เมดเมเกอร์ ปิโตรเลียมเจลลี่ เบบี้ (สีชมพู) 50 กรัม,ACETYLCYSTEINE,MOUTH/THROAT PREPARATIONS,ขย.9,,เบ็ดเตล็ด,,ตู้ A1,กระปุก,,100,,FALSE,FALSE,FALSE,34,65,60,,,,,,
1000,101360,เมดเมเกอร์ ปิโตรเลียมเจลลี่ 50 กรัม,,,ขย.9,,เบ็ดเตล็ด,,น3/4R,กระปุก,,100,,FALSE,FALSE,FALSE,34.5,60,,,,,,,
1000,101361,โพลาร์ สเปรย์ปรับอากาศ กลิ่นยูคาลิปตัส 280 มล.,,,ขย.9,,เบ็ดเตล็ด,,น3/5R,ขวด,,100,,FALSE,FALSE,FALSE,190,239,,,,,,,
1000,101362,สเปรย์ น้ำมันบูคาลิปตัส โบสิสโต ตรานกแก้ว 300 มล.,,,ขย.9,,เบ็ดเตล็ด,,น3/5R,ขวด,,100,,FALSE,FALSE,FALSE,206,250,,,,,,,
1000,101363,ม็อซซี่การ์ด ครีม 50 กรัม,METHYL SALICYLATE+MENTHOL+EUGENOL,VITAMINS & MINERALS,ขย.9,,เบ็ดเตล็ด,,ตู้ A1,หลอด,,100,,FALSE,FALSE,FALSE,80,145,112,,,,,,
1000,101364,ครีมกำจัดเหาเฮซิน 20 กรัม,,,ขย.9,,ยาใช้เฉพาะที่,1A 2/57(P),น3/5R,หลอด,,100,,FALSE,FALSE,FALSE,29,48,,,,,,,
1000,101365,สคัลลี่ แชมพูขจัดเหา 100 มล.,,,ขย.9,,ยาใช้เฉพาะที่,,น3/5R,ขวด,,100,,FALSE,FALSE,FALSE,70,105,,,,,,,
1000,101366,Manoprovit syrup 3 oz.,VITAMIN B COMPLEX+MINERAL,VITAMINS & MINERALS,ขย.9,,วิตามินและอาหารเสริม,2A 149/33,ตู้ B9,ขวด,,100,,FALSE,FALSE,FALSE,36,65,,,,,,,
1000,101367,ยากุมาร แสงชัย ผสมน้ำผึ้ง 180 ซีซี,,,ขย.9,,เครื่องสำอางและผลิตภัณฑ์ค,G 358/2528,น3/5R,ขวด,,100,,FALSE,FALSE,FALSE,26,35,,,,,,,
1000,101368,ยากุมาร แสงชัย ผสมน้ำผึ้ง 360 ซีซี,,,ขย.9,,"ยาสมุนไพร, ยาแผนโบราณ",G 358/2528,,ขวด,,100,,FALSE,FALSE,FALSE,44.5,60,67,,,,,,
1000,101369,ม็อซซี่การ์ด แผ่นแปะกันยุง 2ชิ้น,,,ขย.9,,เบ็ดเตล็ด,,น3/5R,ซอง,,100,,FALSE,FALSE,FALSE,10,29,,,,,,,
1000,101370,สเปรย์ น้ำมันบูคาลิปตัส โบสิสโต ตรานกแก้ว 150 มล.,ACETYLCYSTEINE,DECONGESTANTS & OTHER NASAL PR,ขย.9,,เบ็ดเตล็ด,,ตู้ A1,ขวด,,100,,FALSE,FALSE,FALSE,132,179,179,,,,,,
1000,101371,โลชั่นทากันยุง ก.ย.15 ขนาด 40 มล.,PARACETAMOL,NSAIDs,ขย.9,,เบ็ดเตล็ด,,ตู้ A1,ขวด,,100,,FALSE,FALSE,FALSE,29.5,45,43,,,,,,
1000,101372,สเปรย์กันยุง ก.ย.15 ขนาด 40 มล.,,,ขย.9,,เบ็ดเตล็ด,,น3/5R,ขวด,,100,,FALSE,FALSE,FALSE,35,49,,,,,,,
1000,101373,มิ้ลกี้โลชั่นาทกันยุง ก.ย.15 ขนาด 8 กรัม (กลิ่นเฟรช),,,ขย.9,,เบ็ดเตล็ด,,น3/5R,ซอง,,100,,FALSE,FALSE,FALSE,3.29,8,,,,,,,
1000,101374,มิ้ลกี้โลชั่นาทกันยุง ก.ย.15 ขนาด 8 กรัม (กลิ่นลาเวนเดอร์),,,ขย.9,,เบ็ดเตล็ด,,น3/5R,ซอง,,100,,FALSE,FALSE,FALSE,3.29,8,,,,,,,
1000,101375,เมอร์ซี่ สเปรย์กันยุง กลิ่นเฟรช 70 มล.,,,ขย.9,,เบ็ดเตล็ด,,น3/5R,ขวด,,100,,FALSE,FALSE,FALSE,46,69,,,,,,,
1000,101376,เมอร์ซี่ สเปรย์กันยุง กลิ่นฟลอร่า 70 มล.,,,ขย.9,,เบ็ดเตล็ด,,น3/5R,ขวด,,100,,FALSE,FALSE,FALSE,46,69,,,,,,,
1000,101377,ซอฟเฟล โลชั่นทากันยุง กลิ่นฟลอร่า 60 มล.,,,ขย.9,,เบ็ดเตล็ด,,น3/5R,ขวด,,100,,FALSE,FALSE,FALSE,46,50,,,,,,,
1000,101378,ซอฟเฟล โลชั่นทากันยุง กลิ่นเฟรช 60 มล.,,,ขย.9,,เบ็ดเตล็ด,,น3/5R,ขวด,,100,,FALSE,FALSE,FALSE,42.5,50,,,,,,,
1000,101379,ซอฟเฟล สเปรย์กันยุง กลิ่นฟลอร่า 30 มล.,,,ขย.9,,เบ็ดเตล็ด,,น3/5R,ขวด,,100,,FALSE,FALSE,FALSE,28,35,,,,,,,
1000,101380,ซอฟเฟล สเปรย์กันยุง กลิ่นเฟรช 30 มล.,,,ขย.9,,เบ็ดเตล็ด,,น3/5R,ขวด,,100,,FALSE,FALSE,FALSE,28,35,,,,,,,
1000,101381,ซอฟเฟล สเปรย์กันยุง กลิ่นเฟรช 80 มล.,,,ขย.9,,เบ็ดเตล็ด,,น3/5R,ขวด,,100,,FALSE,FALSE,FALSE,62,80,,,,,,,
1000,101382,จอห์นสัน เบบี้-แชมพู 200 มล.,,,ขย.9,,ผลิตภัณท์เด็ก,,น3/5R,ขวด,,100,,FALSE,FALSE,FALSE,49,69,,,,,,,
1000,101383,จอห์นสัน ท็อปทูโท เบบี้ บาธ 200 มล.,NIFUROXAZIDE,ANTIDIARRHOEALS,ขย.9,,ผลิตภัณท์เด็ก,,ตู้ A1,ขวด,,100,,FALSE,FALSE,FALSE,45,65,70,,,,,,
1000,101384,จอห์นสัน เบบี้ ออยล์ 125 มล.,,,ขย.9,,ผลิตภัณท์เด็ก,,น3/5R,ขวด,,100,,FALSE,FALSE,FALSE,75,105,,,,,,,
1000,101385,จอห์นสัน เบบี้ ออยล์ 50 มล.,,,ขย.9,,ผลิตภัณท์เด็ก,,น3/5R,ขวด,,100,,FALSE,FALSE,FALSE,40,55,,,,,,,
1000,101386,hypodermic syringe 10 CC,,,ขย.9,,อุปกรณ์ทางการแพทย์,,น3/1L,อัน,,100,,FALSE,FALSE,FALSE,46,65,,,,,,,
1000,101387,hypodermic syringe 20 CC,,,ขย.9,,อุปกรณ์ทางการแพทย์,,น3/1L,อัน,,100,,FALSE,FALSE,FALSE,64,89,,,,,,,
1000,101388,hypodermic syringe 50 CC,,,ขย.9,,อุปกรณ์ทางการแพทย์,,น3/1L,อัน,,100,,FALSE,FALSE,FALSE,200,290,,,,,,,
1000,101389,Terumo u-100 insulin 1ml No.29'',,,ขย.9,,อุปกรณ์ทางการแพทย์,,น3/1L,ชิ้น,,100,,FALSE,FALSE,FALSE,3.75,8,,,,,,,
1000,101390,NIPRO scalp vein set 24G*19mm,,,ขย.9,,อุปกรณ์ทางการแพทย์,,น3/1L,ชิ้น,,100,,FALSE,FALSE,FALSE,5.1,15,,,,,,,
1000,101391,NIPRO needle No.18'',,,ขย.9,,อุปกรณ์ทางการแพทย์,,น3/1L,ชิ้น,,100,,FALSE,FALSE,FALSE,0.58,2,,,,,,,
1000,101392,NIPRO needle No.24'',,,ขย.9,,อุปกรณ์ทางการแพทย์,,น3/1L,ชิ้น,,100,,FALSE,FALSE,FALSE,0.54,2,,,,,,,
1000,101393,NIPRO needle No.25'',,,ขย.9,,อุปกรณ์ทางการแพทย์,,น3/1L,ชิ้น,,100,,FALSE,FALSE,FALSE,0.54,2,,,,,,,
1000,101394,NIPRO needle No.26'',,,ขย.9,,อุปกรณ์ทางการแพทย์,,น3/1L,ชิ้น,,100,,FALSE,FALSE,FALSE,0.54,2,,,,,,,
1000,101395,NIPRO needle No.27'',,,ขย.9,,อุปกรณ์ทางการแพทย์,,น3/1L,ชิ้น,,100,,FALSE,FALSE,FALSE,0.54,2,,,,,,,
1000,101396,NIPRO needle IV catheter No.24''G3/4,,,ขย.9,,อุปกรณ์ทางการแพทย์,,น3/1L,ชิ้น,,100,,FALSE,FALSE,FALSE,22,30,,,,,,,
1000,101397,กอเอี๊ยะแปะฝี ตราแมวกงจักร์ 4 ชิ้น/ซอง,,,ขย.9,,อุปกรณ์ทางการแพทย์,,น3/1L,ซอง,,100,,FALSE,FALSE,FALSE,7.36,20,,,,,,,
1000,101398,NIPRO syring 3 ml,,,ขย.9,,อุปกรณ์ทางการแพทย์,,น3/1L,ชิ้น,,100,,FALSE,FALSE,FALSE,1.45,3,,,,,,,
1000,101399,NIPRO syring 5 ml,,,ขย.9,,อุปกรณ์ทางการแพทย์,,น3/1L,ชิ้น,,100,,FALSE,FALSE,FALSE,1.8,5,,,,,,,
1000,101400,NIPRO syring 10 ml,,,ขย.9,,อุปกรณ์ทางการแพทย์,,น3/1L,ชิ้น,,100,,FALSE,FALSE,FALSE,3,10,,,,,,,
1000,101401,NIPRO syring 20 ml,,,ขย.9,,อุปกรณ์ทางการแพทย์,,น3/1L,ชิ้น,,100,,FALSE,FALSE,FALSE,4.2,12,,,,,,,
1000,101402,NIPRO syring 50 ml,,,ขย.9,,อุปกรณ์ทางการแพทย์,,น3/1L,ชิ้น,,100,,FALSE,FALSE,FALSE,12,20,,,,,,,
1000,101403,อุปกรณ์ประคบเย็นและร้อน รุ่น CSI-CH-II 300,,,ขย.9,,อุปกรณ์ทางการแพทย์,,น3/2L,กล่อง,,100,,FALSE,FALSE,FALSE,129.75,205,,,,,,,
1000,101404,3เอ็ม เน็กซ์แคร์ อุปกรณ์ประคบเย็นและร้อน ไซต์ M,,,ขย.9,,อุปกรณ์ทางการแพทย์,,น3/2L,กล่อง,,100,,FALSE,FALSE,FALSE,170,235,,,,,,,
1000,101405,ทีแคร์ มินิ อุปรณ์ประคบร้อนและเย็น,,,ขย.9,,อุปกรณ์ทางการแพทย์,,น3/2L,กล่อง,,100,,FALSE,FALSE,FALSE,50,115,,,,,,,
1000,101406,เอ็กซ์เตอร์ เจลประคบเย็นร้อน 350 กรัม,,,ขย.9,,อุปกรณ์ทางการแพทย์,,น3/2L,กล่อง,,100,,FALSE,FALSE,FALSE,110,165,,,,,,,
1000,101407,100% silicone stomach tube,,,ขย.9,,อุปกรณ์ทางการแพทย์,,น3/2L,ชิ้น,,100,,FALSE,FALSE,FALSE,360,390,,,,,,,
1000,101408,ชามรูปไต พลาสติก 6 นิ้ว,,,ขย.9,,อุปกรณ์ทางการแพทย์,,น3/2L,ใบ,,100,,FALSE,FALSE,FALSE,10.5,35,,,,,,,
1000,101409,beautiful eye mask hot&cold,,,ขย.9,,อุปกรณ์ทางการแพทย์,,น3/2L,ชิ้น,,100,,FALSE,FALSE,FALSE,87,140,,,,,,,
1000,101410,3%ไฮโดรเจน เพอร์ออกไซต์ ศิริบัญชา 60 ซีซี,,,ขย.9,,อุปกรณ์ทางการแพทย์,1A 830/30,น3/2L,ขวด,,100,,FALSE,FALSE,FALSE,5,15,,,,,,,
1000,101411,3%ไฮโดรเจน เพอร์ออกไซต์ ศิริบัญชา 450 ซีซี,,,ขย.9,,อุปกรณ์ทางการแพทย์,1A 830/30,น3/2L,ขวด,,100,,FALSE,FALSE,FALSE,14,33,,,,,,,
1000,101412,3%ไฮโดรเจน เพอร์ออกไซต์ ศิริบัญชา 30 ซีซี,,,ขย.9,,อุปกรณ์ทางการแพทย์,1A 830/30,น2/3L,ขวด,,100,,FALSE,FALSE,FALSE,4,10,,,,,,,
1000,101413,ไฮโดรเย่น เพอร์อ๊อกไซด์ วิทยาศรม 60 ซีซี,,,ขย.9,,อุปกรณ์ทางการแพทย์,1A 2387/29,น3/2L,ขวด,,100,,FALSE,FALSE,FALSE,10,15,,,,,,,
1000,101414,แอมโมเนียหอม วิทยาศรม 30 ซีซี,,,ขย.9,,อุปกรณ์ทางการแพทย์,2A 1128/29,น3/2L,ขวด,,100,,FALSE,FALSE,FALSE,13.5,20,,,,,,,
1000,101415,ด่างทับทิม แสงสว่างตราค้างคาว 10 กรัม,ACETYLCYSTEINE,MOUTH/THROAT PREPARATIONS,ขย.9,,อุปกรณ์ทางการแพทย์,,ตู้ A1,กระปุก,,100,,FALSE,FALSE,FALSE,8.33,19,18,,,,,,
1000,101416,ด่างทับทิม ตรามงกุฎพญานาคคู่ 400 กรัม,,,ขย.9,,อุปกรณ์ทางการแพทย์,,น3/2L,กระปุก,,100,,FALSE,FALSE,FALSE,180,250,,,,,,,
1000,101417,2%ยาแดง วิทยาศรม 15 ซีซี,MERBROMIN,,ขย.9,,อุปกรณ์ทางการแพทย์,1A 134/28,น3/2L,ขวด,,100,,FALSE,FALSE,FALSE,6.5,10,,,,,,,
1000,101418,2%ยาแดง วิทยาศรม 30 ซีซี,MERBROMIN,,ขย.9,,อุปกรณ์ทางการแพทย์,1A 134/28,น3/2L,ขวด,,100,,FALSE,FALSE,FALSE,11,15,,,,,,,
1000,101419,2%ยาแดง วิทยาศรม 60 ซีซี,MERBROMIN,,ขย.9,,อุปกรณ์ทางการแพทย์,1A 134/28,น3/2L,ขวด,,100,,FALSE,FALSE,FALSE,15.5,20,,,,,,,
1000,101420,2% ยาแดง สหการ 15 ซีซี,MERBROMIN,,ขย.9,,อุปกรณ์ทางการแพทย์,1A 847/39,น3/2L,ขวด,,100,,FALSE,FALSE,FALSE,8,25,,,,,,,
1000,101421,1% โพวิดีน (ที.แมน) โซลูชั่น 30 ซีซี,POVIDONE-IODIDE,,ขย.9,,อุปกรณ์ทางการแพทย์,1A 415/50,น3/2L,ขวด,,100,,FALSE,FALSE,FALSE,16.25,40,,,,,,,
1000,101422,1% เซพทิล 15 ซีซี,POVIDONE-IODIDE,,ขย.9,,อุปกรณ์ทางการแพทย์,1A 535/33,น3/2L,ขวด,,100,,FALSE,FALSE,FALSE,10.63,25,,,,,,,
1000,101423,1% เพียวริดีน ศิริบัญชา 15 ซีซี,POVIDONE-IODIDE,,ขย.9,,อุปกรณ์ทางการแพทย์,1A 17/52,น3/2L,ขวด,,100,,FALSE,FALSE,FALSE,10.41,25,,,,,,,
1000,101424,2% ทิงเจอร์ไอโอดีน 15 ซีซี,POVIDONE-IODIDE,,ขย.9,,อุปกรณ์ทางการแพทย์,2A 75/43,น3/2L,ขวด,,100,,FALSE,FALSE,FALSE,8.75,12,,,,,,,
1000,101425,1% เบตาดีน โซลูชั่น 15 ซีซี,POVIDONE-IODIDE,,ขย.9,,อุปกรณ์ทางการแพทย์,1A 675/31,น3/2L,ขวด,,100,,FALSE,FALSE,FALSE,44.5,65,,,,,,,
1000,101426,Betadine 1% โซลูชั่น 30 ซีซี,POVIDONE-IODIDE,,ขย.9,,อุปกรณ์ทางการแพทย์,1A 675/31,น3/2L,ขวด,,100,,FALSE,FALSE,FALSE,67.5,85,,,,,,,
1000,101427,เบตาดีน พลาสเตอร์เจล 8 กรัม,,,ขย.9,,อุปกรณ์ทางการแพทย์,,น3/2L,ขวด,,100,,FALSE,FALSE,FALSE,112,165,,,,,,,
1000,101428,Betadine ointment 50g 10%,POVIDONE-IODIDE,,ขย.9,,อุปกรณ์ทางการแพทย์,1A 618/31,น3/2L,กระปุก,,100,,FALSE,FALSE,FALSE,120.5,150,,,,,,,
1000,101429,1% เบตาดีน โซลูชั่น 500 ซีซี,POVIDONE-IODIDE,,ขย.9,,อุปกรณ์ทางการแพทย์,1A 675/31,น3/2L,ขวด,,100,,FALSE,FALSE,FALSE,166,185,,,,,,,
1000,101430,1% เพียวริดีน ศิริบัญชา 450 ซีซี,POVIDONE-IODIDE,,ขย.9,,อุปกรณ์ทางการแพทย์,1A 1017/29,น3/2L,ขวด,,100,,FALSE,FALSE,FALSE,135,180,,,,,,,
1000,101431,1% โปลิดีน โซลูชั่น 450 ซีซี,POVIDONE-IODIDE,,ขย.9,,อุปกรณ์ทางการแพทย์,1A 533/40,น3/2L,ขวด,,100,,FALSE,FALSE,FALSE,95,185,,,,,,,
1000,101432,70% แอลกอฮอล์ ศิริบัญชา 450 ซีซี,ETHYL ALCOHOL,,ขย.9,,อุปกรณ์ทางการแพทย์,1A 27/52,น3/3L,ขวด,,100,,FALSE,FALSE,FALSE,32,55,,,,,,,
1000,101433,70% แอลกอฮอล์ ศิริบัญชา 180 ซีซี,ETHYL ALCOHOL,,ขย.9,,อุปกรณ์ทางการแพทย์,1A 27/52,น3/3L,ขวด,,100,,FALSE,FALSE,FALSE,18.5,30,,,,,,,
1000,101434,70% แอลกอฮอล์ ศิริบัญชา 60 ซีซี,ETHYL ALCOHOL,,ขย.9,,อุปกรณ์ทางการแพทย์,1A 27/52,น3/3L,ขวด,,100,,FALSE,FALSE,FALSE,8.5,15,,,,,,,
1000,101435,70% แอลกอฮอล์ ศิริบัญชา 30 ซีซี,ETHYL ALCOHOL,,ขย.9,,อุปกรณ์ทางการแพทย์,1A 27/52,น3/3L,ขวด,,100,,FALSE,FALSE,FALSE,6,12,,,,,,,
1000,101436,70% แอลกอฮอล์ แอลซอฟฟ์ 450 ซีซี,ETHYL ALCOHOL,,ขย.9,,อุปกรณ์ทางการแพทย์,1A 76/50,น3/3L,ขวด,,100,,FALSE,FALSE,FALSE,34,60,,,,,,,
1000,101437,70% แอลกอฮอล์ แอลซอฟฟ์ 60 ซีซี,ETHYL ALCOHOL,,ขย.9,,อุปกรณ์ทางการแพทย์,1A 76/50,น3/3L,ขวด,,100,,FALSE,FALSE,FALSE,6.8,15,,,,,,,
1000,101438,70% แอลซอฟฟ์พิ้งค์ 450 ซีซี,ETHYL ALCOHOL,,ขย.9,,อุปกรณ์ทางการแพทย์,1A 66/60,น3/3L,ขวด,,100,,FALSE,FALSE,FALSE,34,60,59,,,,,,
1000,101439,สำลีชุบแอลกอฮอล์ 70% OREEX 10 ก้อน/แผง,ETHYL ALCOHOL,,ขย.9,,อุปกรณ์ทางการแพทย์,จผ. 7/2563,น3/3L,แผง,,100,,FALSE,FALSE,FALSE,7.8,15,,,,,,,
1000,101440,4% เฮ็กซีน สกิน คลีนเซอร์ 100 ซีซี,CHLORHEXIDINE,,ขย.9,,อุปกรณ์ทางการแพทย์,1A 57/33,น3/3L,ขวด,,100,,FALSE,FALSE,FALSE,52,85,,,,,,,
1000,101441,4% เฮ็กซีน สกิน คลีนเซอร์ 500 ซีซี,CHLORHEXIDINE,,ขย.9,,อุปกรณ์ทางการแพทย์,1A 57/33,น3/3L,ขวด,,100,,FALSE,FALSE,FALSE,135,450,,,,,,,
1000,101442,เดทตอล น้ำยาฆ่าเชื้อโรค 1000 ซีซี,,,ขย.9,,อุปกรณ์ทางการแพทย์,1C 106/56,น3/3L,ขวด,,100,,FALSE,FALSE,FALSE,480,695,,,,,,,
1000,101443,เดทตอล น้ำยาฆ่าเชื้อโรค 750 ซีซี,,,ขย.9,,อุปกรณ์ทางการแพทย์,1C 106/56,น3/3L,ขวด,,100,,FALSE,FALSE,FALSE,480,679,,,,,,,
1000,101444,เดทตอล น้ำยาฆ่าเชื้อโรค 250 ซีซี,,,ขย.9,,อุปกรณ์ทางการแพทย์,1C 106/56,น3/3L,ขวด,,100,,FALSE,FALSE,FALSE,188,285,,,,,,,
1000,101445,ถุงใส่อาหาร TCP 500 ml,,,ขย.9,,อุปกรณ์ทางการแพทย์,,น3/3L,ชิ้น,,100,,FALSE,FALSE,FALSE,16,25,,,,,,,
1000,101446,ถุงใส่อาหาร Nuiri-BAG 500  ml,,,ขย.9,,อุปกรณ์ทางการแพทย์,,น3/3L,ชิ้น,,100,,FALSE,FALSE,FALSE,17,30,,,,,,,
1000,101447,Nutri Line-B 1set,,,ขย.9,,อุปกรณ์ทางการแพทย์,,น3/3L,ชิ้น,,100,,FALSE,FALSE,FALSE,17,25,,,,,,,
1000,101448,สายน้ำเกลือ I.V. set needle 21G*11/2'',,,ขย.9,,อุปกรณ์ทางการแพทย์,,น3/3L,ชิ้น,,100,,FALSE,FALSE,FALSE,19.5,29,,,,,,,
1000,101449,สายให้อาหาร TCP nutriline+C,,,ขย.9,,อุปกรณ์ทางการแพทย์,,น3/3L,ชิ้น,,100,,FALSE,FALSE,FALSE,16,25,,,,,,,
1000,101450,urine bag MB medical 2000 ml,,,ขย.9,,อุปกรณ์ทางการแพทย์,,น3/3L,ชิ้น,,100,,FALSE,FALSE,FALSE,19,35,,,,,,,
1000,101451,ฺnss 0.9% NaCl 5 ml,,,ขย.9,,อุปกรณ์ทางการแพทย์,,น3/4L,ชิ้น,,100,,FALSE,FALSE,FALSE,5,8,,,,,,,
1000,101452,NSS 0.9% NaCl ABC lab. 500 ml (drip IV),,,ขย.9,,อุปกรณ์ทางการแพทย์,,น3/4L,bag,,100,,FALSE,FALSE,FALSE,27.5,65,,,,,,,
1000,101453,NSS 0.9% NaCl ABC lab. 100 ml (drip IV),,,ขย.9,,อุปกรณ์ทางการแพทย์,,น3/4L,bag,,100,,FALSE,FALSE,FALSE,16,39,,,,,,,
1000,101454,0.9% NaCl klean&kare 1000 ml ฝาเกลียว,ACETYLCYSTEINE,MOUTH/THROAT PREPARATIONS,ขย.9,,อุปกรณ์ทางการแพทย์,65-1-3-2-000051,ตู้ A1,ขวด,,100,,FALSE,FALSE,FALSE,30,55,52,,,,,,
1000,101455,0.9% NaCl klean&kare 1000 ml จุกแหลม,,,ขย.9,,อุปกรณ์ทางการแพทย์,1A 1721/30,น3/4L,ขวด,,100,,FALSE,FALSE,FALSE,43,65,,,,,,,
1000,101456,0.9% NaCl klean&kare 100 ml,,,ขย.9,,อุปกรณ์ทางการแพทย์,1A 1721/30,น3/4L,ขวด,,100,,FALSE,FALSE,FALSE,24.5,35,,,,,,,
1000,101457,0.9% sofclens NSS 1000 ml,,,ขย.9,,อุปกรณ์ทางการแพทย์,1A 169/51,น3/4L,ขวด,,100,,FALSE,FALSE,FALSE,47,69,,,,,,,
1000,101458,0.9% sofclens NSS 100 ml,,,ขย.9,,อุปกรณ์ทางการแพทย์,1A 169/51,น3/4L,ขวด,,100,,FALSE,FALSE,FALSE,26.5,35,,,,,,,
1000,101459,หน้ากากอนามัย 3 ชั้น สำหรับเด็ก (4-15ปี) บ.แม็กดีซีน 50 ชิ้น,,,ขย.9,,อุปกรณ์ทางการแพทย์,,น4/1,กล่อง,,100,,FALSE,FALSE,FALSE,68,89,,,,,,,
1000,101460,หน้ากากอนามัยเด็ก 3 ชั้น klean mask 50 ชิ้น (สีขาว),,,ขย.9,,อุปกรณ์ทางการแพทย์,,น4/1,กล่อง,,100,,FALSE,FALSE,FALSE,45,85,,,,,,,
1000,101461,หน้ากากอนามัยผู้ใหญ่ 3 ชั้น klean mask 50 ชิ้น (สีดำ),,,ขย.9,,อุปกรณ์ทางการแพทย์,,น4/1,กล่อง,,100,,FALSE,FALSE,FALSE,53,89,,,,,,,
1000,101462,หน้ากากอนามัยผู้ใหญ่ 3M medical mask 50 ชิ้น (สีเขียว),,,ขย.9,,อุปกรณ์ทางการแพทย์,,น4/1,กล่อง,,100,,FALSE,FALSE,FALSE,85,165,,,,,,,
1000,101463,หน้ากากอนามัย ผู้ใหญ่ เอ็กซ์แมส 50 ชิ้น (สีเขียว),,,ขย.9,,อุปกรณ์ทางการแพทย์,,น4/1,กล่อง,,100,,FALSE,FALSE,FALSE,50,75,,,,,,,
1000,101464,กระดาษม้วนเกรซ รุ่นยาวพิเศษ 6ม้วน/แพ็ค,,,ขย.9,,"สำลี, กระดาษทิชชู",,น4/3,แพ็ค,,100,,FALSE,FALSE,FALSE,48.75,60,,,,,,,
1000,101465,สำลีแผ่น ตรารถพยาบาล 50 กรัม,,,ขย.9,,"สำลี, กระดาษทิชชู",,น4/2,ห่อ,,100,,FALSE,FALSE,FALSE,21,29,,,,,,,
1000,101466,สำลีก้อน ตรารถพยาบาล 40 กรัม (0.5กรัม/ก้อน),,,ขย.9,,"สำลี, กระดาษทิชชู",,น4/2,ห่อ,,100,,FALSE,FALSE,FALSE,14.5,25,,,,,,,
1000,101467,สำลีก้อน ตรารถพยาบาล 450 กรัม (1.4กรัม/ก้อน),,,ขย.9,,"สำลี, กระดาษทิชชู",,น4/2,ห่อ,,100,,FALSE,FALSE,FALSE,128,165,,,,,,,
1000,101468,สำลีแผ่น (รีดข้าง) ตรารถพยาบาล 50 กรัม,,,ขย.9,,"สำลี, กระดาษทิชชู",,น4/2,ห่อ,,100,,FALSE,FALSE,FALSE,27.5,35,,,,,,,
1000,101469,สำลีแผ่นใหญ 4*4ตรารถพยาบาล 450 กรัม,,,ขย.9,,"สำลี, กระดาษทิชชู",65-1-3-2-0000874,น4/2,ห่อ,,100,,FALSE,FALSE,FALSE,132,159,,,,,,,
1000,101470,สำลีม้วน ตรารถพยาบาล 450 กรัม,,,ขย.9,,"สำลี, กระดาษทิชชู",,น4/2,ห่อ,,100,,FALSE,FALSE,FALSE,112,135,,,,,,,
1000,101471,สำลีม้วน ตรารถพยาบาล 80 กรัม,,,ขย.9,,"สำลี, กระดาษทิชชู",,น4/2,ห่อ,,100,,FALSE,FALSE,FALSE,26.5,39,,,,,,,
1000,101472,สำลีม้วน ตรารถพยาบาล 25 กรัม,,,ขย.9,,"สำลี, กระดาษทิชชู",,น4/2,ห่อ,,100,,FALSE,FALSE,FALSE,12,18,,,,,,,
1000,101473,สำลีม้วน ตรา นางพยาบาล 25 กรัม,,,ขย.9,,"สำลี, กระดาษทิชชู",,น4/2,ห่อ,,100,,FALSE,FALSE,FALSE,7,15,,,,,,,
1000,101474,สำลีก้าน dual cosmetic buds ตรารถพยาบาล 22 กรัม/100 ก้าน,,,ขย.9,,"สำลี, กระดาษทิชชู",,น4/2,กระปุก,,100,,FALSE,FALSE,FALSE,52,59,,,,,,,
1000,101475,สำลีก้าน ตรารถพยาบาล 100 ก้าน,,,ขย.9,,"สำลี, กระดาษทิชชู",,น4/2,ห่อ,,100,,FALSE,FALSE,FALSE,16,20,,,,,,,
1000,101476,สำลีก้าน บ.สหธารา 100 ก้าน,,,ขย.9,,"สำลี, กระดาษทิชชู",,น4/2,ห่อ,,100,,FALSE,FALSE,FALSE,12,15,,,,,,,
1000,101477,ดูดูเลิฟ สำลีก้านกระดาษ ชนิดหัวเล็ก 2 หัว (200 ก้าน),,,ขย.9,,"สำลี, กระดาษทิชชู",,น4/2,กระปุก,,100,,FALSE,FALSE,FALSE,27,39,,,,,,,
1000,101478,ไซริงค์บอล เบอร์ 2 ขนาด 45 ซีซี,,,ขย.9,,อุปกรณ์ทางการแพทย์,,น4/1R,ชิ้น,,100,,FALSE,FALSE,FALSE,49,65,,,,,,,
1000,101479,ไซริงค์บอล เบอร์ 3 ขนาด 65 ซีซี,,,ขย.9,,อุปกรณ์ทางการแพทย์,,น4/1R,ชิ้น,,100,,FALSE,FALSE,FALSE,49,70,,,,,,,
1000,101480,ลูกยางดูด (หัวยาง) เด็กแรกเกิด,,,ขย.9,,อุปกรณ์ทางการแพทย์,,น4/1R,ชิ้น,,100,,FALSE,FALSE,FALSE,16,30,,,,,,,
1000,101481,นิซซี่ สเปรยื น้ำเกลือพ่นจมูก 18 ซีซี,,,ขย.9,,อุปกรณ์ทางการแพทย์,,น4/1R,กล่อง,,100,,FALSE,FALSE,FALSE,58,95,,,,,,,
1000,101482,คลีนแอนด์แคร์ นาซาลคิท ชุดอุปกรณ์ล้างจมูก,ACETYLCYSTEINE,MOUTH/THROAT PREPARATIONS,ขย.9,,อุปกรณ์ทางการแพทย์,,ตู้ A1,ชิ้น,,100,,FALSE,FALSE,FALSE,26.54,45,40,,,,,,
1000,101483,จุกล้างจมูก คลีนแอนด์แคร์ บรรจุ 2 ชิ้น,,,ขย.9,,อุปกรณ์ทางการแพทย์,,น4/1R,อัน,,100,,FALSE,FALSE,FALSE,45,59,,,,,,,
1000,101484,ลองเทมปรอทวัดไข้ บรรจุ 1ชิ้น/กล่อง,,,ขย.9,,อุปกรณ์ทางการแพทย์,,น4/1R,กล่อง,,100,,FALSE,FALSE,FALSE,27.5,85,,,,,,,
1000,101485,แก้วตวงยา 30 ซีซี,,,ขย.9,,อุปกรณ์ทางการแพทย์,,น4/1R,ใบ,,100,,FALSE,FALSE,FALSE,10,20,,,,,,,
1000,101486,แก้วตวงยาพลาสติก 30 ซีซี,,,ขย.9,,อุปกรณ์ทางการแพทย์,,น4/1R,ใบ,,100,,FALSE,FALSE,FALSE,4.75,15,,,,,,,
1000,101487,โกร่งบดยา 9 cm,,,ขย.9,,อุปกรณ์ทางการแพทย์,,น4/1R,อัน,,100,,FALSE,FALSE,FALSE,41.75,79,,,,,,,
1000,101488,โกร่งบดยา 7 cm,,,ขย.9,,อุปกรณ์ทางการแพทย์,,น4/1R,อัน,,100,,FALSE,FALSE,FALSE,31.75,69,,,,,,,
1000,101489,Nexcare โคแบน เทปพันยืดหยุ่นได้  1นิ้ว/5หลา/ม้วน,,,ขย.9,,อุปกรณ์ทางการแพทย์,,น4/1R,ม้วน,,100,,FALSE,FALSE,FALSE,30.5,69,,,,,,,
1000,101490,เอ็น-เซ่น เฟิร์สแบนด์ ขนาด 1 นิ้ว,,,ขย.9,,อุปกรณ์ทางการแพทย์,11-1-6200043723,น4/1R,ม้วน,,100,,FALSE,FALSE,FALSE,23.5,49,,,,,,,
1000,101491,เอ็น-เซ่น เฟิร์สแบนด์ ขนาด 3 นิ้ว,,,ขย.9,,อุปกรณ์ทางการแพทย์,,น4/1R,ม้วน,,100,,FALSE,FALSE,FALSE,60,89,,,,,,,
1000,101492,ฮาชชิ พลัส ชุดอุปกรณ์ล้างจมูก 1.7กรัม*15 ซอง,ACETYLCYSTEINE,DECONGESTANTS & OTHER NASAL PR,ขย.9,,อุปกรณ์ทางการแพทย์,,ตู้ A1,กล่อง,,100,,FALSE,FALSE,FALSE,158,295,229,,,,,,
1000,101493,ฮาชชิ เกลือล้างจมูก สูตรออริจินอล 2.8กรัม*30ซอง,,,ขย.9,,อุปกรณ์ทางการแพทย์,,น4/1R,กล่อง,,100,,FALSE,FALSE,FALSE,62,95,,,,,,,
1000,101494,ฮาชชิ เกลือล้างจมูก สูตรอ่อนโยน 1.7กรัม*30ซอง,,,ขย.9,,อุปกรณ์ทางการแพทย์,,น4/1R,กล่อง,,100,,FALSE,FALSE,FALSE,62,95,,,,,,,
1000,101495,ถุงมือการแพทย์ ซาโตรี่ ไซต์M 100ชิ้น/กล่อง,,,ขย.9,,อุปกรณ์ทางการแพทย์,,น4/1R,กล่อง,,100,,FALSE,FALSE,FALSE,90,175,,,,,,,
1000,101496,ถุงมือการแพทย์ ไฮแคร์  แบบมีแป้ง Size.M 100 ชิ้น,,,ขย.9,,อุปกรณ์ทางการแพทย์,,น4/1R,กล่อง,,100,,FALSE,FALSE,FALSE,95,159,,,,,,,
1000,101497,ถุงมือ คลีนโกรฟ ไนโตรสังเคาระห์ สีดำ ไซต์ M 100ชิ้น/กล่อง,,,ขย.9,,อุปกรณ์ทางการแพทย์,,น4/1R,กล่อง,,100,,FALSE,FALSE,FALSE,125,189,,,,,,,
1000,101498,ถุงมือ คลีนโกรฟ ไนโตรสังเคาระห์ สีดำ ไซต์ L 100ชิ้น/กล่อง,,,ขย.9,,อุปกรณ์ทางการแพทย์,,น4/1R,กล่อง,,100,,FALSE,FALSE,FALSE,125,189,,,,,,,
1000,101499,ถุงมือการแพทย์ ซาโตรี่ ไซต์S 100ชิ้น/กล่อง,,,ขย.9,,อุปกรณ์ทางการแพทย์,,น4/1R,กล่อง,,100,,FALSE,FALSE,FALSE,90,175,,,,,,,
1000,101500,ถุงมือฆ่าเชื้อ ศรีตรังโกลฟส์ ไซต์ S 50คู่/กล่อง,,,ขย.9,,อุปกรณ์ทางการแพทย์,,น4/1R,กล่อง,,100,,FALSE,FALSE,FALSE,375,525,,,,,,,
1000,101501,ผ้าก๊อซม้วน 6 นิ้ว ฟาร์มาฮอฟ,,,ขย.9,,อุปกรณ์ทางการแพทย์,,น4/2R,ม้วน,,100,,FALSE,FALSE,FALSE,175,260,,,,,,,
1000,101502,ไทเกอร์พล๊าส พลาสติกสีเนื้อ 10แผ่น/ซอง,,,ขย.9,,อุปกรณ์ทางการแพทย์,,น4/2R,ซอง,,100,,FALSE,FALSE,FALSE,9.45,17,,,,,,,
1000,101503,ไรโนพอร์ 1นิ้ว*5หลา/ม้วน,,,ขย.9,,อุปกรณ์ทางการแพทย์,,น4/2R,ม้วน,,100,,FALSE,FALSE,FALSE,33,50,,,,,,,
1000,101504,นีโอเทป 1นิ้ว*5หลา/ม้วน,,,ขย.9,,อุปกรณ์ทางการแพทย์,,น4/2R,ม้วน,,100,,FALSE,FALSE,FALSE,26,69,,,,,,,
1000,101505,3เอ็ม เน็กซ์แคร์ ไมโครพอร์ 1/2นิ้ว*10หลา/ม้วน,,,ขย.9,,อุปกรณ์ทางการแพทย์,,น4/2R,ม้วน,,100,,FALSE,FALSE,FALSE,24,45,,,,,,,
1000,101506,SOS TR3 เทปแต่งแผล ชนิดใส 1นิ้ว*10หลา/ม้วน,,,ขย.9,,อุปกรณ์ทางการแพทย์,,น4/2R,ม้วน,,100,,FALSE,FALSE,FALSE,22.92,50,,,,,,,
1000,101507,SOS TR1 เทปแต่งแผล ชนิดใส 1/2นิ้ว*10หลา/ม้วน,ACETYLCYSTEINE,MOUTH/THROAT PREPARATIONS,ขย.9,,อุปกรณ์ทางการแพทย์,,ตู้ A1,ม้วน,,100,,FALSE,FALSE,FALSE,12,30,,,,,,,
1000,101508,SOS PR2 เทปแต่งแผล ชนิดเยื่อกระดาษ 1นิ้ว*10หลา/ม้วน,,,ขย.9,,อุปกรณ์ทางการแพทย์,,น4/2R,ม้วน,,100,,FALSE,FALSE,FALSE,22.08,50,,,,,,,
1000,101509,SOS PR1 เทปแต่งแผล ชนิดเยื่อกระดาษ 1/2นิ้ว*10หลา/ม้วน,,,ขย.9,,อุปกรณ์ทางการแพทย์,2A 15216/63,น4/2R,ม้วน,,100,,FALSE,FALSE,FALSE,12,32,,,,,,,
1000,101510,ไทเกอร์พล๊าส ชนิดผ้ายืด 5 ชิ้น,,,ขย.9,,อุปกรณ์ทางการแพทย์,,น4/2R,ชิ้น,,100,,FALSE,FALSE,FALSE,0.32,6,,,,,,,
1000,101511,ไทเกอร์พล๊าส ชนิดผ้ายืด 100 แผ่น/กล่อง,,,ขย.9,,อุปกรณ์ทางการแพทย์,,น4/2R,กล่อง,,100,,FALSE,FALSE,FALSE,33,65,,,,,,,
1000,101512,Rhinoplast  พลาสเตอร์ปิดแผล 100แผ่น/กล่อง,ACETYLCYSTEINE,DECONGESTANTS & OTHER NASAL PR,ขย.9,,อุปกรณ์ทางการแพทย์,,ตู้ A1,กล่อง,,100,,FALSE,FALSE,FALSE,37,69,65,,,,,,
1000,101513,นีโอพลาสท์-เอส ผ้าปิดแผล 100แผ่น/กล่อง,,,ขย.9,,อุปกรณ์ทางการแพทย์,,น4/2R,กล่อง,,100,,FALSE,FALSE,FALSE,37,79,,,,,,,
1000,101514,Neoplast-S นีโอพลาสท์-เอส ผ้าปิดแผล 4ชิ้น/แผง,,,ขย.9,,อุปกรณ์ทางการแพทย์,,น4/2R,แผง,,100,,FALSE,FALSE,FALSE,1.48,5,,,,,,,
1000,101515,เทนโซพล๊าสติค ใสสีเนื้อ 100ชิ้น/กล่อง,,,ขย.9,,อุปกรณ์ทางการแพทย์,,น4/2R,กล่อง,,100,,FALSE,FALSE,FALSE,76,129,,,,,,,
1000,101516,เทนโซพล๊าสติค ใสสีเนื้อ 5ชิ้น,,,ขย.9,,อุปกรณ์ทางการแพทย์,,น4/2R,ชิ้น,,100,,FALSE,FALSE,FALSE,3.8,8,,,,,,,
1000,101517,เทนโซพล๊าสติค ใสการ์ตูน 5ชิ้น,,,ขย.9,,อุปกรณ์ทางการแพทย์,,น4/2R,ชิ้น,,100,,FALSE,FALSE,FALSE,3.9,8,,,,,,,
1000,101518,comforming bandage 2'',,,ขย.9,,อุปกรณ์ทางการแพทย์,1A 150/29,น4/2R,ม้วน,,100,,FALSE,FALSE,FALSE,4.58,8,,,,,,,
1000,101519,comforming bandage 3'',,,ขย.9,,อุปกรณ์ทางการแพทย์,,น4/2R,ม้วน,,100,,FALSE,FALSE,FALSE,7,12,,,,,,,
1000,101520,comforming bandage 4'',,,ขย.9,,อุปกรณ์ทางการแพทย์,,น4/2R,ม้วน,,100,,FALSE,FALSE,FALSE,8.33,15,,,,,,,
1000,101521,คลีนก๊อช ลองเมด 3'',,,ขย.9,,อุปกรณ์ทางการแพทย์,,น4/2,ห่อ,,100,,FALSE,FALSE,FALSE,4.5,12,,,,,,,
1000,101522,คลีนก๊อช ลองเมด 4'',,,ขย.9,,อุปกรณ์ทางการแพทย์,,น4/2R,ห่อ,,100,,FALSE,FALSE,FALSE,7.4,15,,,,,,,
1000,101523,เนทก็อซ ลองเมด 3'',,,ขย.9,,อุปกรณ์ทางการแพทย์,,น4/2R,ห่อ,,100,,FALSE,FALSE,FALSE,5,10,,,,,,,
1000,101524,เนทก็อซ ลองเมด 4'',,,ขย.9,,อุปกรณ์ทางการแพทย์,,น4/2R,ห่อ,,100,,FALSE,FALSE,FALSE,7.2,14,,,,,,,
1000,101525,ผ้ากีอซแผ่น GAUZE PAD 2'',,,ขย.9,,อุปกรณ์ทางการแพทย์,,น4/2R,ห่อ,,100,,FALSE,FALSE,FALSE,3.4,7,,,,,,,
1000,101526,ไทเกอร์พล๊าส กันน้ำ W1 (60*70mm) 3แผ่น/กล่อง,,,ขย.9,,อุปกรณ์ทางการแพทย์,,น4/3R,กล่อง,,100,,FALSE,FALSE,FALSE,33.5,59,,,,,,,
1000,101527,ไทเกอร์พล๊าส กันน้ำ W2 (60*100mm) 2แผ่น/กล่อง,,,ขย.9,,อุปกรณ์ทางการแพทย์,,น4/3R,กล่อง,,100,,FALSE,FALSE,FALSE,32,75,,,,,,,
1000,101528,ไทเกอร์พล๊าส กันน้ำ W3 (80*100mm) 2แผ่น/กล่อง,,,ขย.9,,อุปกรณ์ทางการแพทย์,,น4/3R,กล่อง,,100,,FALSE,FALSE,FALSE,36.5,90,,,,,,,
1000,101529,ไทเกอร์พล๊าส กันน้ำ N3 (80*100mm) 5แผ่น/กล่อง,,,ขย.9,,อุปกรณ์ทางการแพทย์,,น4/3R,กล่อง,,100,,FALSE,FALSE,FALSE,52,70,,,,,,,
1000,101530,ไทเกอร์พล๊าส ซอฟท์แพด P1 (60*70mm) 5แผ่น/กล่อง,,,ขย.9,,อุปกรณ์ทางการแพทย์,,น4/3R,กล่อง,,100,,FALSE,FALSE,FALSE,29.5,50,,,,,,,
1000,101531,ไทเกอร์พล๊าส ซอฟท์แพด P2 (60*100mm) 4แผ่น/กล่อง,,,ขย.9,,อุปกรณ์ทางการแพทย์,,น4/3R,กล่อง,,100,,FALSE,FALSE,FALSE,30,49,,,,,,,
1000,101532,ไทเกอร์พล๊าส ซอฟท์แพด P4 (100*120mm) 3แผ่น/กล่อง,,,ขย.9,,อุปกรณ์ทางการแพทย์,,น4/3R,กล่อง,,100,,FALSE,FALSE,FALSE,35,45,,,,,,,
1000,101533,พลาสเตอร์ปิดตา 5.8*8.3 ซม. 2 แผ่น/ซอง,,,ขย.9,,อุปกรณ์ทางการแพทย์,,น4/3R,ซอง,,100,,FALSE,FALSE,FALSE,8,15,,,,,,,
1000,101534,BACTIGRAS 10CM*10CM,,,ขย.9,,อุปกรณ์ทางการแพทย์,,น4/3R,แผ่น,,100,,FALSE,FALSE,FALSE,12,20,,,,,,,
1000,101535,3M เทกาเดิร์ม ฟิล์มปิดแผลกันน้ำ size M 3ชิ้น/กล่อง,,,ขย.9,,อุปกรณ์ทางการแพทย์,,น4/3R,กล่อง,,100,,FALSE,FALSE,FALSE,30,55,,,,,,,
1000,101536,3M เทกาเดิร์ม ฟิล์มปิดแผลกันน้ำ size L 3ชิ้น/กล่อง,,,ขย.9,,อุปกรณ์ทางการแพทย์,,น4/3R,กล่อง,,100,,FALSE,FALSE,FALSE,64,75,,,,,,,
1000,101537,พลาสเตอร์ปิดตา 5.8*8.3 ซม. 10ซอง,,,ขย.9,,อุปกรณ์ทางการแพทย์,,น4/3R,กล่อง,,100,,FALSE,FALSE,FALSE,80,140,,,,,,,
1000,101538,SOS R8 เทปผ้าแต่งแผล 10ซม*1ม./ม้วน,,,ขย.9,,อุปกรณ์ทางการแพทย์,,น4/3R,ม้วน,,100,,FALSE,FALSE,FALSE,26,50,,,,,,,
1000,101539,3M เน็กซ์แคร์ อ๊อฟติคลูด พลาสเตอร์ปิดตา 5.7*8.25ซม   1',,,ขย.9,,อุปกรณ์ทางการแพทย์,,น4/3R,ชิ้น,,100,,FALSE,FALSE,FALSE,6.45,25,,,,,,,
1000,101540,ไฮโดรเจลสำหรับใส่แผล 25กรัม/หลอด,,,ขย.9,,อุปกรณ์ทางการแพทย์,,น4/3R,กล่อง,,100,,FALSE,FALSE,FALSE,219,275,,,,,,,
1000,101541,SOS R2 เทปผ้าแต่งแผล 10ซม*10ม./ม้วน,,,ขย.9,,อุปกรณ์ทางการแพทย์,,น4/3R,ม้วน,,100,,FALSE,FALSE,FALSE,210,285,,,,,,,
1000,101542,KLEANSET ชุดทำแผล,,,ขย.9,,อุปกรณ์ทางการแพทย์,,น4/3R,ชุด,,100,,FALSE,FALSE,FALSE,11,30,,,,,,,
1000,101543,สำลีก้าน BIO PLAST size L 100 ก้าน,,,ขย.9,,อุปกรณ์ทางการแพทย์,,น4/3R,ถุง,,100,,FALSE,FALSE,FALSE,15.5,35,,,,,,,
1000,101544,สำลีก้าน BIO PLAST size M 100 ก้าน,,,ขย.9,,อุปกรณ์ทางการแพทย์,,น4/3R,ถุง,,100,,FALSE,FALSE,FALSE,15.5,29,,,,,,,
1000,101545,สำลีก้าน SOFTIP size S 100 ชิ้น,,,ขย.9,,อุปกรณ์ทางการแพทย์,,น4/3R,ถุง,,100,,FALSE,FALSE,FALSE,13,29,,,,,,,
1000,101546,สำลีก้าน sterile 6 ก้าน,,,ขย.9,,อุปกรณ์ทางการแพทย์,,น4/3R,ซอง,,100,,FALSE,FALSE,FALSE,3.5,8,,,,,,,
1000,101547,Longmed elastic bandage 2'',,,ขย.9,,อุปกรณ์ทางการแพทย์,,น4/4R,ม้วน,,100,,FALSE,FALSE,FALSE,8.16,25,,,,,,,
1000,101548,Longmed elastic bandage 4'',,,ขย.9,,อุปกรณ์ทางการแพทย์,,น4/4R,ม้วน,,100,,FALSE,FALSE,FALSE,14.16,40,,,,,,,
1000,101549,Longmed elastic bandage 3'',,,ขย.9,,อุปกรณ์ทางการแพทย์,,น4/4R,ม้วน,,100,,FALSE,FALSE,FALSE,10.83,30,,,,,,,
1000,101550,RSC elastic bandage 2'',,,ขย.9,,อุปกรณ์ทางการแพทย์,,น4/4R,ม้วน,,100,,FALSE,FALSE,FALSE,6.66,25,,,,,,,
1000,101551,RSC elastic bandage 3'',,,ขย.9,,อุปกรณ์ทางการแพทย์,,น4/4R,ม้วน,,100,,FALSE,FALSE,FALSE,10,30,,,,,,,
1000,101552,RSC elastic bandage 4'',,,ขย.9,,อุปกรณ์ทางการแพทย์,,น4/4R,ม้วน,,100,,FALSE,FALSE,FALSE,13.33,40,,,,,,,
1000,101553,STANDA elastic bandage 3'',,,ขย.9,,อุปกรณ์ทางการแพทย์,,น4/4R,ม้วน,,100,,FALSE,FALSE,FALSE,13.33,35,,,,,,,
1000,101554,SOS ผ้าก๊อซปิดแผล 10*20ซม 2แผ่น/กล่อง,,,ขย.9,,อุปกรณ์ทางการแพทย์,,น4/4R,กล่อง,,100,,FALSE,FALSE,FALSE,53,85,,,,,,,
1000,101555,SOS S 3x3(12x12cm.)ผ้าก๊อซปิดแผล  3แผ่น,,,ขย.9,,อุปกรณ์ทางการแพทย์,,น4/4R,กล่อง,,100,,FALSE,FALSE,FALSE,33,59,,,,,,,
1000,101556,SOS S 2x2 (8x8cm.)ผ้าก๊อซปิดแผล 4แผ่น,,,ขย.9,,อุปกรณ์ทางการแพทย์,,น4/4R,กล่อง,,100,,FALSE,FALSE,FALSE,33,42,,,,,,,
1000,101557,SOS S3 ผ้าก๊อซปิดแผล 6*10ซม 4แผ่น/กล่อง,,,ขย.9,,อุปกรณ์ทางการแพทย์,,น4/4R,กล่อง,,100,,FALSE,FALSE,FALSE,29.5,40,,,,,,,
1000,101558,SOS S2 ผ้าก๊อซปิดแผล 6*7ซม 5แผ่น/กล่อง,,,ขย.9,,อุปกรณ์ทางการแพทย์,,น4/4R,กล่อง,,100,,FALSE,FALSE,FALSE,29,37,,,,,,,
1000,101559,SOS T 2x2(8x8cm.)พลาสเตอร์ใสปิดแผลกันน้ำ 3แผ่น,,,ขย.9,,อุปกรณ์ทางการแพทย์,,น4/4R,กล่อง,,100,,FALSE,FALSE,FALSE,34,50,,,,,,,
1000,101560,SOS T2*4'' พลาสเตอร์ใสปิดแผลกันน้ำ 2แผ่น/กล่อง,,,ขย.9,,อุปกรณ์ทางการแพทย์,,น4/4R,กล่อง,,100,,FALSE,FALSE,FALSE,48,115,,,,,,,
1000,101561,SOS T3x3 (12x12)พลาสเตอร์ใสปิดแผลกันน้ำ 2แผ่น,,,ขย.9,,อุปกรณ์ทางการแพทย์,,น4/4R,กล่อง,,100,,FALSE,FALSE,FALSE,37,60,,,,,,,
1000,101562,SOS M 4*7 cm.พลาสเตอร์ใสปิดแผลกันน้ำ 3แผ่น,,,ขย.9,,อุปกรณ์ทางการแพทย์,,น4/4R,กล่อง,,100,,FALSE,FALSE,FALSE,23.5,40,,,,,,,
1000,101563,SOS T1  2.5x5.6cm.พลาสเตอร์ใสปิดแผลกันน้ำ 10แผ่น/กล่อง,,,ขย.9,,อุปกรณ์ทางการแพทย์,,น4/4R,กล่อง,,100,,FALSE,FALSE,FALSE,23,35,,,,,,,
1000,101564,SOS T2  6x7cm.พลาสเตอร์ใสปิดแผลกันน้ำ 3แผ่น ,,,ขย.9,,อุปกรณ์ทางการแพทย์,,น4/4R,กล่อง,,100,,FALSE,FALSE,FALSE,27,45,,,,,,,
1000,101565,SOS T3 6x10cm.พลาสเตอร์ใสปิดแผลกันน้ำ 2 แผ่น,,,ขย.9,,อุปกรณ์ทางการแพทย์,,น4/4R,กล่อง,,100,,FALSE,FALSE,FALSE,34,49,,,,,,,
1000,101566,SOS T4 พลาสเตอร์ใสปิดแผลกันน้ำ 10แผ่น/กล่อง 10*25 cm,,,ขย.9,,อุปกรณ์ทางการแพทย์,67-13-20000150,น4/4R,กล่อง,,100,,FALSE,FALSE,FALSE,85,125,,,,,,,
1000,101567,Clip cap pink 100 pcs,,,ขย.9,,อุปกรณ์ทางการแพทย์,,น4/5R,แพ็ค,,100,,FALSE,FALSE,FALSE,60,125,,,,,,,
1000,101568,Clip cap green 100 pcs,,,ขย.9,,อุปกรณ์ทางการแพทย์,,น4/5R,แพ็ค,,100,,FALSE,FALSE,FALSE,60,125,,,,,,,
1000,101569,Clip cap white ขาว 100 pcs,,,ขย.9,,อุปกรณ์ทางการแพทย์,,น4/5R,แพ็ค,,100,,FALSE,FALSE,FALSE,60,110,,,,,,,
1000,101570,ยาสวนทวาร ยูนีซัน สำหรับเด็ก 10ชิ้น/กล่อง,,,ขย.9,,อุปกรณ์ทางการแพทย์,,น4/5R,กล่อง,,100,,FALSE,FALSE,FALSE,59,85,,,,,,,
1000,101571,ยาสวนทวาร ยูนีซัน สำหรับผูใหญ่ 10ชิ้น/กล่อง,CAMPHOR,ANTIDIARRHOEALS,ขย.9,,อุปกรณ์ทางการแพทย์,,ตู้ A1,กล่อง,,100,,FALSE,FALSE,FALSE,69.5,95,,,,,,,
1000,101572,U-ENEMA 100 cc,SODIUM CHLORIDE,,ขย.9,,อุปกรณ์ทางการแพทย์,,น4/5R,กล่อง,,100,,FALSE,FALSE,FALSE,20.5,55,,,,,,,
1000,101573,ยูนีซัน เด็ก 10 ซีซี,SODIUM CHLORIDE,,ขย.9,,อุปกรณ์ทางการแพทย์,65-2-3-2-0000524,น4/5R,ชิ้น,,100,,FALSE,FALSE,FALSE,5.9,10,,,,,,,
1000,101574,๊๊ยูนิซัน ผู้ใหญ่ 20 ซีซี,SODIUM CHLORIDE,ANTIDIARRHOEALS,ขย.9,,อุปกรณ์ทางการแพทย์,65-2-3-2-0000524,น4/5R,ชิ้น,,100,,FALSE,FALSE,FALSE,6.5,10,9,,,,,,
1000,101575,Rhinotape Porous 1'',,,ขย.9,,อุปกรณ์ทางการแพทย์,,น4/5R,ม้วน,,100,,FALSE,FALSE,FALSE,33,59,,,,,,,
1000,101576,Rhinotape Porous 2'',,,ขย.9,,อุปกรณ์ทางการแพทย์,1A 82/28,น4/5R,ม้วน,,100,,FALSE,FALSE,FALSE,66,95,,,,,,,
1000,101577,Urethral catheter 100% Greetmed No.14,,,ขย.9,,อุปกรณ์ทางการแพทย์,,น4/5R,กล่อง,,100,,FALSE,FALSE,FALSE,190,280,,,,,,,
1000,101578,หน้ากากอนามัย klean mask 4 ชั้น สีดำ 10 ชิ้น,,,ขย.9,,เบ็ดเตล็ด,,,ซอง,,100,,FALSE,FALSE,FALSE,18.75,39,,,,,,,
1000,101579,หน้ากากอนามัย klean mask 4 ชั้น สีฟ้า,,,ขย.9,,เบ็ดเตล็ด,,,ซอง,,100,,FALSE,FALSE,FALSE,19,35,,,,,,,
1000,101580,หน้ากากอนามัย klean mask 4 ชั้น สีชมพู 10 ชิ้น,,,ขย.9,,เบ็ดเตล็ด,,,ซอง,,100,,FALSE,FALSE,FALSE,18.75,39,,,,,,,
1000,101581,หน้ากากอนามัย klean mask 4 ชั้น สีขาว 10 ชิ้น,,,ขย.9,,เบ็ดเตล็ด,,,ซอง,,100,,FALSE,FALSE,FALSE,18,35,,,,,,,
1000,101582,หน้ากาก KN95 MAD D Care 1ชิ้น,,,ขย.9,,เบ็ดเตล็ด,,,ชิ้น,,100,,FALSE,FALSE,FALSE,55,65,,,,,,,
1000,101583,หน้ากากอนามัยเด็ก Kids Mask 10 ชิ้น,,,ขย.9,,เบ็ดเตล็ด,,,ซอง,,100,,FALSE,FALSE,FALSE,18,29,,,,,,,
1000,101584,หน้ากากอนามัยเด็ก Kid mask การ์ตูน 10 ชิ้น,,,ขย.9,,เบ็ดเตล็ด,,,ซอง,,100,,FALSE,FALSE,FALSE,18,29,,,,,,,
1000,101585,ไลปอนเอฟ สูตรอนามัย 500 มล.,,,ขย.9,,เบ็ดเตล็ด,,,ขวด,,100,,FALSE,FALSE,FALSE,21.5,39,,,,,,,
1000,101586,ซันไลต์ เลมอน เทอร์โบ 150 มล.,,,ขย.9,,เบ็ดเตล็ด,,,ขวด,,100,,FALSE,FALSE,FALSE,11,13,,,,,,,
1000,101587,ซันไลต์ เลมอน เทอร์โบ 300 มล.,,,ขย.9,,เบ็ดเตล็ด,,,ถุง,,100,,FALSE,FALSE,FALSE,17,20,,,,,,,
1000,101588,ซันไลต์ เลมอน เทอร์โบ หัวปั๊ม 750 มล.,,,ขย.9,,เบ็ดเตล็ด,,,ขวด,,100,,FALSE,FALSE,FALSE,57,69,,,,,,,
1000,101589,ซันไลต์ เลมอน เทอร์โบ 480 มล.,,,ขย.9,,เบ็ดเตล็ด,,,ขวด,,100,,FALSE,FALSE,FALSE,30.83,40,,,,,,,
1000,101590,ซันไลต์ แอนตี้แบค หัวปั๊ม 750 มล.,,,ขย.9,,เบ็ดเตล็ด,,,ขวด,,100,,FALSE,FALSE,FALSE,57,69,,,,,,,
1000,101591,ลอรีเอะ ซูเปอร์ อัลตร้า สลิม 25 ซม./9ชิ้น,,,ขย.9,,เบ็ดเตล็ด,,,ห่อ,,100,,FALSE,FALSE,FALSE,34.75,42,,,,,,,
1000,101592,ลอรีเอะ เนเชอรัล แอนตี้แบค สลิม 25 ซม./7ชิ้น,,,ขย.9,,เบ็ดเตล็ด,,,ห่อ,,100,,FALSE,FALSE,FALSE,34,49,,,,,,,
1000,101593,ลอรีเอะ ซอฟท์ แอน เซฟ สลิม 25 ซม./5ชิ้น,,,ขย.9,,เบ็ดเตล็ด,,,ห่อ,,100,,FALSE,FALSE,FALSE,7.42,10,,,,,,,
1000,101594,โซฟี คลูลิ่ง เฟรช สลิม 25 ซม./5ชิ้น,,,ขย.9,,เบ็ดเตล็ด,,,ห่อ,,100,,FALSE,FALSE,FALSE,23,42,,,,,,,
1000,101595,โซฟี คลูลิ่ง เฟรช เนเชอรัล แตงกวา สลิม 25 ซม./5ชิ้น,,,ขย.9,,เบ็ดเตล็ด,,,ห่อ,,100,,FALSE,FALSE,FALSE,31.5,42,,,,,,,
1000,101596,ลอรีเอะ ดีโอเดอแรนด์ 18 ชิ้น,,,ขย.9,,เบ็ดเตล็ด,,,ห่อ,,100,,FALSE,FALSE,FALSE,19,28,,,,,,,
1000,101597,ลอรีเอะ เดลี่คลีน 20 ชิ้น,,,ขย.9,,เบ็ดเตล็ด,,,ห่อ,,100,,FALSE,FALSE,FALSE,18,29,,,,,,,
1000,101598,ลอรีเอะ ซูเปอร์ อัลตร้า สลิม 17 ซม./20ชิ้น,,,ขย.9,,เบ็ดเตล็ด,,,ห่อ,,100,,FALSE,FALSE,FALSE,50,59,,,,,,,
1000,101599,โซฟี กลางคืน มามาก 29ซม./8ชิ้น,,,ขย.9,,เบ็ดเตล็ด,,,ห่อ,,100,,FALSE,FALSE,FALSE,27.5,49,,,,,,,
1000,101600,ลอรีเอะ ซอฟท์ แอน เซฟ กลางคืน 30 ซม./4ชิ้น,,,ขย.9,,เบ็ดเตล็ด,,,ห่อ,,100,,FALSE,FALSE,FALSE,9.07,16,,,,,,,
1000,101601,ลอรีเอะ ซอฟท์ แอน เซฟ คลู 30 ซม./5ชิ้น,,,ขย.9,,เบ็ดเตล็ด,,,ห่อ,,100,,FALSE,FALSE,FALSE,21.67,35,,,,,,,
1000,101602,ลอรีเอะ ซูเปอร์ อัลตร้า สลิม กลางคืน 30 ซม./8ชิ้น,,,ขย.9,,เบ็ดเตล็ด,,,ห่อ,,100,,FALSE,FALSE,FALSE,33.83,42,,,,,,,
1000,101603,ผ้าอนามัยแบบสอด โอบีโปรคอมฟอร์ด ขนาดธรรมดา 8 ชิ้น,,,ขย.9,,เบ็ดเตล็ด,,,กล่อง,,100,,FALSE,FALSE,FALSE,62,75,,,,,,,
1000,101604,เบบี้เลิฟ เดย์ ไนท์ แพ้นท์ ไซต์S 4ชิ้น,,,ขย.9,,เบ็ดเตล็ด,,,ห่อ,,100,,FALSE,FALSE,FALSE,16.25,25,,,,,,,
1000,101605,เบบี้เลิฟ เดย์ ไนท์ แพ้นท์ ไซต์M 4ชิ้น,,,ขย.9,,เบ็ดเตล็ด,,,ห่อ,,100,,FALSE,FALSE,FALSE,15.3,25,,,,,,,
1000,101606,เบบี้เลิฟ เดย์ ไนท์ แพ้นท์ ไซต์L 4ชิ้น,,,ขย.9,,เบ็ดเตล็ด,,,ห่อ,,100,,FALSE,FALSE,FALSE,16.25,25,,,,,,,
1000,101607,เบบี้เลิฟ เดย์ ไนท์ แพ้นท์ ไซต์XL 4ชิ้น,,,ขย.9,,เบ็ดเตล็ด,,,ห่อ,,100,,FALSE,FALSE,FALSE,16.25,25,,,,,,,
1000,101608,ตลับใส่ยา pill planner L 7day,,,ขย.9,,เบ็ดเตล็ด,,,ตลับ,,100,,FALSE,FALSE,FALSE,48,69,,,,,,,
1000,101609,ตลับใส่ยา pill planner 7day,,,ขย.9,,เบ็ดเตล็ด,,,ตลับ,,100,,FALSE,FALSE,FALSE,48,69,,,,,,,
1000,101610,ตลับใส่ยา pill planner 4day,,,ขย.9,,เบ็ดเตล็ด,,,ตลับ,,100,,FALSE,FALSE,FALSE,39,55,,,,,,,
1000,101611,ที่ตัดยา pill cutter,,,ขย.9,,เบ็ดเตล็ด,-,,ชิ้น,,100,,FALSE,FALSE,FALSE,53.5,90,,,,,,,
1000,101612,ที่ตัดยา Nik Nik pillcutter,,,ขย.9,,เบ็ดเตล็ด,,,ชิ้น,,100,,FALSE,FALSE,FALSE,53.5,90,,,,,,,
1000,101613,ถุงมือยางการแพทย์ ไซต์ M 1 คู่,,,ขย.9,,เบ็ดเตล็ด,,,คู่,,100,,FALSE,FALSE,FALSE,3.9,9,,,,,,,
1000,101614,OLENE น้ำมันมะกอก โอลีน-อี (เอส.บี.) 120 มล.,,,ขย.9,,เบ็ดเตล็ด,,,ขวด,,100,,FALSE,FALSE,FALSE,21,40,,,,,,,
1000,101615,น้ำมันมะกอก เอส.บี.ศิริบัญชา 60 ml,SIMETHICONE,ANTIFLATULANCES,ขย.9,,เบ็ดเตล็ด,,ตู้ A1,ขวด,,100,,FALSE,FALSE,FALSE,13.5,30,33,,,,,,
1000,101616,longmed กระเป๋าน้ำร้อนเล็ก,,,ขย.9,,เบ็ดเตล็ด,,,ชิ้น,,100,,FALSE,FALSE,FALSE,70,155,,,,,,,
1000,101617,longmed กระเป๋าน้ำร้อนใหญ่,,,ขย.9,,เบ็ดเตล็ด,,,ชิ้น,,100,,FALSE,FALSE,FALSE,75,165,,,,,,,
1000,101618,กระเป๋าน้ำร้อนใหญ่,,,ขย.9,,เบ็ดเตล็ด,,,ชิ้น,,100,,FALSE,FALSE,FALSE,76,165,,,,,,,
1000,101619,กระเป๋าน้ำร้อนเล็ก,,,ขย.9,,เบ็ดเตล็ด,,,ชิ้น,,100,,FALSE,FALSE,FALSE,75,90,,,,,,,
1000,101620,Blue pet แผ่นรองซับ,,,ขย.9,,เบ็ดเตล็ด,,,ห่อ,,100,,FALSE,FALSE,FALSE,74,125,,,,,,,
1000,101621,มามี่โพโคแบบเทป NB4+1,,,ขย.9,,เบ็ดเตล็ด,,,ห่อ,,100,,FALSE,FALSE,FALSE,27.5,39,,,,,,,
1000,101622,มามี่โพโค แฮปปี้แพ้นท์ M 4 ชิ้น,,,ขย.9,,เบ็ดเตล็ด,,,ห่อ,,100,,FALSE,FALSE,FALSE,16.5,25,,,,,,,
1000,101623,มามี่โพโค แฮปปี้แพ้นท์ L 3 ชิ้น,,,ขย.9,,เบ็ดเตล็ด,,,ห่อ,,100,,FALSE,FALSE,FALSE,21,25,,,,,,,
1000,101624,มามี่โพโค แฮปปี้แพ้นท์ XXL,,,ขย.9,,เบ็ดเตล็ด,,,ห่อ,,100,,FALSE,FALSE,FALSE,77,99,,,,,,,
1000,101625,มามี่โพโค แฮปปี้แพ้นท์ XL,,,ขย.9,,เบ็ดเตล็ด,,,ห่อ,,100,,FALSE,FALSE,FALSE,77,99,,,,,,,
1000,101626,เบบี้เลิฟ เดย์ ไนท์ เพ้น ทดลอง XXL,,,ขย.9,,เบ็ดเตล็ด,,,ห่อ,,100,,FALSE,FALSE,FALSE,15.75,25,,,,,,,
1000,101627,มามี่โพโค แฮปปี้แพ้นท์ M 17 ชิ้น,,,ขย.9,,เบ็ดเตล็ด,,,ห่อ,,100,,FALSE,FALSE,FALSE,77,99,,,,,,,
1000,101628,ยาสีฟันสมุนไพร รุ่งอรุณ 100 กรัม,,,ขย.9,,เบ็ดเตล็ด,,,หลอด,,100,,FALSE,FALSE,FALSE,40,50,,,,,,,
1000,101629,โพลิเดนท์ เฟรช มินท์ ครีมติดฟันปลอม 60 กรัม,,,ขย.9,,เบ็ดเตล็ด,,,หลอด,,100,,FALSE,FALSE,FALSE,212,265,,,,,,,
1000,101630,โพลิเด้นท์ สำหรับแช่ ฟันปลอม 30 เม็ด,,,ขย.9,,เครื่องสำอางและสินค้าอุปโภคบริโภค,,,กล่อง,,100,,FALSE,FALSE,FALSE,117,169,,,,,,,
1000,101631,โพลิเด้นท์ สำหรับแช่ รีเทนเนอร์ 30 เม็ด,,,ขย.9,,เบ็ดเตล็ด,,,กล่อง,,100,,FALSE,FALSE,FALSE,137,159,,,,,,,
1000,101632,สบู่สมุนไพรกลั่น มาดามเฮง 160 กรัม,,,ขย.9,,"สบู่,  สบู่เหลว,  ครีมอาบ",,,ก้อน,,100,,FALSE,FALSE,FALSE,29.16,39,,,,,,,
1000,101633,ยาสีฟันสมุนไพร  รสดั้งเดิม เทพไทย 30 กรัม,,,ขย.9,,เบ็ดเตล็ด,,,หลอด,,100,,FALSE,FALSE,FALSE,46.5,69,,,,,,,
1000,101634,โพลิเด้นท์ ครีมติดฟันปลอม เฟรช มิ้นท์ 20 กรัม,EUCALYPTUS,MOUTH/THROAT PREPARATIONS,ขย.9,,เบ็ดเตล็ด,,ตู้ A1,หลอด,,100,,FALSE,FALSE,FALSE,80.5,129,,,,,,,
1000,101635,ยาสีฟัน มิสทิน พร้อมแปรงสีฟัน 1 ชุด,,,ขย.9,,เบ็ดเตล็ด,,,คู่,,100,,FALSE,FALSE,FALSE,49,79,,,,,,,
1000,101636,สบู่เบนเนท วิตามินซี แอน อี 130 กรัม,,,ขย.9,,"สบู่,  สบู่เหลว,  ครีมอาบ",,,ก้อน,,100,,FALSE,FALSE,FALSE,37,45,,,,,,,
1000,101637,สบู่สมุนไพรกลั่นรอว์ร่า 170 กรัม,EUCALYPTUS,MOUTH/THROAT PREPARATIONS,ขย.9,,"สบู่,  สบู่เหลว,  ครีมอาบ",2A 53/49,ตู้ A1,ก้อน,,100,,FALSE,FALSE,FALSE,31.25,39,40,,,,,,
1000,101638,ยาสีฟันสมุนไพร รุ่งอรุณ ชนิดผง 18 กรัม,,,ขย.9,,เบ็ดเตล็ด,,,ซอง,,100,,FALSE,FALSE,FALSE,10,15,,,,,,,
1000,101639,ยาสีฟัน วิเศษนิยม 40 กรัม,,,ขย.9,,เบ็ดเตล็ด,,,ซอง,,100,,FALSE,FALSE,FALSE,11,18,,,,,,,
1000,101640,ขี้ผึ้งสำหรับคนจัดฟัน dr.phillips 2 boxes,,,ขย.9,,เบ็ดเตล็ด,,,ชิ้น,,100,,FALSE,FALSE,FALSE,47,70,,,,,,,
1000,101641,ขวดพลาสติก (กลาง),,,ขย.9,,เบ็ดเตล็ด,,,ขวด,,100,,FALSE,FALSE,FALSE,1.48,5,,,,,,,
1000,101642,ขวดพลาสติก (เล็ก),,,ขย.9,,เบ็ดเตล็ด,,,ขวด,,100,,FALSE,FALSE,FALSE,1.05,3,,,,,,,
1000,101643,ขวดพลาสติก (ใหญ่),,,ขย.9,,เบ็ดเตล็ด,,,ขวด,,100,,FALSE,FALSE,FALSE,2.7,10,,,,,,,
1000,101644,ฟอร์เซปจาร์ 1*4'',,,ขย.9,,อุปกรณ์ทางการแพทย์,,,ชิ้น,,100,,FALSE,FALSE,FALSE,155,209,,,,,,,
1000,101645,ฟอร์เซปจาร์ 2*4.5'',,,ขย.9,,อุปกรณ์ทางการแพทย์,,,ชิ้น,,100,,FALSE,FALSE,FALSE,265,369,,,,,,,
1000,101646,กล่องสำลี 4*5 พร้อมฝา,,,ขย.9,,อุปกรณ์ทางการแพทย์,,,ชิ้น,,100,,FALSE,FALSE,FALSE,235,329,,,,,,,
1000,101647,กล่องสำลี 4*3 พร้อมฝา,,,ขย.9,,อุปกรณ์ทางการแพทย์,,,ชิ้น,,100,,FALSE,FALSE,FALSE,215,299,,,,,,,
1000,101648,ทิชชูเปียก ไฮคลีน อโรเวร่า 56 ชิ้น,,,ขย.9,,"สำลี, กระดาษทิชชู",,,ห่อ,,100,,FALSE,FALSE,FALSE,110,150,,,,,,,
1000,101649,ทิชชูเปียก ไฮคลีน พีช 56 ชิ้น,,,ขย.9,,"สำลี, กระดาษทิชชู",,,ห่อ,,100,,FALSE,FALSE,FALSE,110,150,,,,,,,
1000,101650,ชุดหูฟังแพทย์ stethoscope,,,ขย.9,,อุปกรณ์ทางการแพทย์,,,ชิ้น,,100,,FALSE,FALSE,FALSE,170,240,,,,,,,
1000,101651,ไม้กดลิ้น Wuyang 100 ชิ้น/กล่อง,,,ขย.9,,อุปกรณ์ทางการแพทย์,,,กล่อง,,100,,FALSE,FALSE,FALSE,75,99,,,,,,,
1000,101652,ยาประดงพระสังข์ ทรงช้าง 40 เม็ด,,,ขย.9,,"ยาสมุนไพร, ยาแผนโบราณ",,,กล่อง,,100,,FALSE,FALSE,FALSE,31,45,,,,,,,
1000,101653,ยาชงตรางามระหง,,,ขย.9,,"ยาสมุนไพร, ยาแผนโบราณ",,,กล่อง,,100,,FALSE,FALSE,FALSE,61,85,,,,,,,
1000,101654,ยาเม็ดตรางามระหง 80 เม็ด,,,ขย.9,,"ยาสมุนไพร, ยาแผนโบราณ",,,กล่อง,,100,,FALSE,FALSE,FALSE,38,55,,,,,,,
1000,101655,อบเชย แคปซูล ตราไฟโตร์ 60 แคปซูล,,,ขย.9,,"ยาสมุนไพร, ยาแผนโบราณ",,,กระปุก,,100,,FALSE,FALSE,FALSE,94,140,,,,,,,
1000,101656,ยาตราใบแก้วชนิดเม็ด 70 เม็ด,,,ขย.9,,"ยาสมุนไพร, ยาแผนโบราณ",G801/46,,กระปุก,,100,,FALSE,FALSE,FALSE,22,35,,,,,,,
1000,101657,ยาเม็ดบรรเทาริดสีดวง ตราปลามังกร 200 เม็ด,,,ขย.9,,"ยาสมุนไพร, ยาแผนโบราณ",,,กระปุก,,100,,FALSE,FALSE,FALSE,59,85,,,,,,,
1000,101658,ยากษัยเส้น ตราสมเจตน์ 120 เม็ด,,,ขย.9,,"ยาสมุนไพร, ยาแผนโบราณ",,,กระปุก,,100,,FALSE,FALSE,FALSE,155,195,,,,,,,
1000,101659,ยาเม็ดบรรเทาริดสีดวงทวาร สามก๊ก 120 เม็ด,,,ขย.9,,"ยาสมุนไพร, ยาแผนโบราณ",,,กระปุก,,100,,FALSE,FALSE,FALSE,55,70,,,,,,,
1000,101660,ยาเม็ดรางจืด ขาวละออ 100 เม็ด,,,ขย.9,,"ยาสมุนไพร, ยาแผนโบราณ",G 274/42,,กระปุก,,100,,FALSE,FALSE,FALSE,86.75,139,,,,,,,
1000,101661,ใบมะขามแขก อ้วยอันโอสถ 100 แคปซูล,,,ขย.9,,"ยาสมุนไพร, ยาแผนโบราณ",G 23/41,,กระปุก,,100,,FALSE,FALSE,FALSE,60,95,,,,,,,
1000,101662,ยาแคปซูลผสมรางจืด อภัยภูเบศร 70 แคปซูล,,,ขย.9,,"ยาสมุนไพร, ยาแผนโบราณ",G 536/54,,กระปุก,,100,,FALSE,FALSE,FALSE,65,95,,,,,,,
1000,101663,ยาแคปซูลเพชรสังฆาต อภัยภูเบศร 70 แคปซูล,,,ขย.9,,"ยาสมุนไพร, ยาแผนโบราณ",G175/46,,กระปุก,,,,FALSE,FALSE,FALSE,96,135,,,,,,,
1000,101664,ยาแคปซูลบัวบก อภัยภูเบศร 70 แคปซูล,,,ขย.9,,"ยาสมุนไพร, ยาแผนโบราณ",G 696/45,,กระปุก,,100,,FALSE,FALSE,FALSE,97,165,,,,,,,
1000,101665,สมุนไพร คุณสัมฤทธิ์ ริดสีดวงทวาร 60's,,,ขย.9,,"ยาสมุนไพร, ยาแผนโบราณ",,G 172/64,กระปุก,,100,,FALSE,FALSE,FALSE,230,280,,,,,,,
1000,101666,สมุนไพร คุณสัมฤทธิ์ บรรเทาอาการปวดเมื่อย 60's,,,ขย.9,,"ยาสมุนไพร, ยาแผนโบราณ",G 708/63,,กระปุก,,100,,FALSE,FALSE,FALSE,235,290,,,,,,,
1000,101667,สมุนไพร คุณสัมฤทธิ์ รากสามสิบ 60's,,,ขย.9,,"ยาสมุนไพร, ยาแผนโบราณ",G 755/63,,กระปุก,,100,,FALSE,FALSE,FALSE,237,296,,,,,,,
1000,101668,สมุนไพร คุณสัมฤทธิ์ กำลังช้างสาร 60's,,,ขย.9,,"ยาสมุนไพร, ยาแผนโบราณ",G 94/64,,กระปุก,,100,,FALSE,FALSE,FALSE,182,260,,,,,,,
1000,101669,สมุนไพร คุณสัมฤทธิ์ ยาระบาย 60's,,,ขย.9,,"ยาสมุนไพร, ยาแผนโบราณ",G 714/63,,กระปุก,,100,,FALSE,FALSE,FALSE,230,285,,,,,,,
1000,101670,สมุนไพร คุณสัมฤทธิ์ พลูคาว  60's,,,ขย.9,,"ยาสมุนไพร, ยาแผนโบราณ",G 712/63,,กระปุก,,100,,FALSE,FALSE,FALSE,220,0,,,,,,,
1000,101671,ยาแคปซูลฟ้าทะลายโจร อภัยภูเบศร 60's,METHYL SALICYLATE+MENTHOL+EUGENOL,VITAMINS & MINERALS,ขย.9,,"ยาสมุนไพร, ยาแผนโบราณ",G 512/60,ตู้ A1,กระปุก,,100,,FALSE,FALSE,FALSE,56,95,85,,,,,,
1000,101672,ยาฟ้าทะลายโจรชนิดเม็ด ตราใบห่อ 70's,,,ขย.9,,"ยาสมุนไพร, ยาแผนโบราณ",G 792/47,,กล่อง,,100,,FALSE,FALSE,FALSE,13.5,25,,,,,,,
1000,101673,ยาแคปซูลกวาวเครือขาว ตราแม่กุหลาบ 100's,,,ขย.9,,"ยาสมุนไพร, ยาแผนโบราณ",G280/48,,กระปุก,,100,,FALSE,FALSE,FALSE,79.75,119,,,,,,,
1000,101674,ยาฟ้าทะลายโจรสกัด อ้วยอันโอสถ 45's,CAMPHOR,MOUTH/THROAT PREPARATIONS,ขย.9,,"ยาสมุนไพร, ยาแผนโบราณ",G 352/64,ตู้ A1,กระปุก,,100,,FALSE,FALSE,FALSE,144,195,195,,,,,,
1000,101675,ฟ้าทะลายโจร อ้วยอันโอสถ 100's,,,ขย.9,,"ยาสมุนไพร, ยาแผนโบราณ",G 161/38,,กระปุก,,100,,FALSE,FALSE,FALSE,64,110,,,,,,,
1000,101676,ยาแคปซูลมะระขี้นก อภัยภูเบศร 70's,,,ขย.9,,"ยาสมุนไพร, ยาแผนโบราณ",G 442/46,,กระปุก,,100,,FALSE,FALSE,FALSE,127,165,,,,,,,
1000,101677,ยาแคปซูลกราวเครือขาว herbal one 100's,,,ขย.9,,"ยาสมุนไพร, ยาแผนโบราณ",G 253/42,,กระปุก,,100,,FALSE,FALSE,FALSE,55.5,150,,,,,,,
1000,101678,ยามะระขี้นก ชนิดเม็ด ตราดอกว่าน ขาวละออ 100 เม็ด,,,ขย.9,,"ยาสมุนไพร, ยาแผนโบราณ",G 171/41,,กระปุก,,100,,FALSE,FALSE,FALSE,122,160,,,,,,,
1000,101679,สารสกัดจากเมล็ดงาดำ herbal one 60's,ACETYLCYSTEINE,MOUTH/THROAT PREPARATIONS,ขย.9,,"ยาสมุนไพร, ยาแผนโบราณ",73-1-49541-1-00,ตู้ F3,กระปุก,,100,,FALSE,FALSE,FALSE,198,285,275,,,,,,
1000,101680,ยาแคปซูลกระชายดำ ขาวละออ 100 แคปซูล,,,ขย.9,,"ยาสมุนไพร, ยาแผนโบราณ",G 854/45,,กระปุก,,100,,FALSE,FALSE,FALSE,169.75,240,,,,,,,
1000,101681,ยาแคปซูล ฟ้าทะลายโจร ตราพิมพา 60's,,,ขย.9,,"ยาสมุนไพร, ยาแผนโบราณ",G 1160/47,,กระปุก,,100,,FALSE,FALSE,FALSE,1,99,,,,,,,
1000,101682,กระชายดำ herbal one 100's,,,ขย.9,,"ยาสมุนไพร, ยาแผนโบราณ",,,กระปุก,,100,,FALSE,FALSE,FALSE,160,250,,,,,,,
1000,101683,ขมิ้นชัน อ้วยอันโอสถ 100 แคปซูล,,,ขย.9,,"ยาสมุนไพร, ยาแผนโบราณ",G 19/41,,กระปุก,,100,,FALSE,FALSE,FALSE,61,95,,,,,,,
1000,101684,ยาแคปซูล ขมิ้นชัน ศิริบัญชา,,,ขย.9,,"ยาสมุนไพร, ยาแผนโบราณ",G 444/44,,กระปุก,,100,,FALSE,FALSE,FALSE,31,55,,,,,,,
1000,101685,ยาแคปซูลขมิ้นชัน ตราอภัยภูเบศร 60's,,,ขย.9,,"ยาสมุนไพร, ยาแผนโบราณ",G 811/53,,กระปุก,,100,,FALSE,FALSE,FALSE,55,95,,,,,,,
1000,101686,ยาขม ตราใบห่อ 70 เม็ด,,,ขย.9,,"ยาสมุนไพร, ยาแผนโบราณ",G15203/65,,กล่อง,,100,,FALSE,FALSE,FALSE,22.5,35,,,,,,,
1000,101687,ยาขมิ้นชัน แคปซูล KMP 100's,,,ขย.9,,"ยาสมุนไพร, ยาแผนโบราณ",G 383/58,,กระปุก,,100,,FALSE,FALSE,FALSE,64,0,,,,,,,
1000,101688,ยาแคปซูล ขมิ้นชันพลัส อ้วยอันโอสถ 60's,,,ขย.9,,"ยาสมุนไพร, ยาแผนโบราณ",G 503/56,,กระปุก,,100,,FALSE,FALSE,FALSE,105,195,,,,,,,
1000,101689,ยาขมิ้นชัน ชนิดเม็ด ตราดอกว่าน ขาวละออ 100's,,,ขย.9,,"ยาสมุนไพร, ยาแผนโบราณ",G 213/41,,กระปุก,,100,,FALSE,FALSE,FALSE,67,120,,,,,,,
1000,101690,ขมิ้นชันแคปซูล ตราไฟโตรแคร์ 10's,EUCALYPTUS,MOUTH/THROAT PREPARATIONS,ขย.9,,"ยาสมุนไพร, ยาแผนโบราณ",G 477/41,ตู้ A1,แผง,,100,,FALSE,FALSE,FALSE,9.4,20,13,,,,,,
1000,101691,ขมิ้นผงแม้ ตราโพธิ์แก้ว 8 กรัม,,,ขย.9,,"ยาสมุนไพร, ยาแผนโบราณ",-,ล 2/1,ซอง,,100,,FALSE,FALSE,FALSE,3.2,6,,,,,,,
1000,101692,ขมิ้นผงแสงชัย 12 กรัม,,,ขย.9,,"ยาสมุนไพร, ยาแผนโบราณ",,,ซอง,,100,,FALSE,FALSE,FALSE,2.4,10,,,,,,,
1000,101693,Certainty กางเกง 10 ชิ้น L แบบแปะ,,,ขย.9,,ผ้าอ้อม,,,แพ็ค,,100,,FALSE,FALSE,FALSE,170,200,,,,,,,
1000,101694,แผ่นรองซับ Sunmed,,,ขย.9,,ผ้าอ้อม,,,ห่อ,,100,,FALSE,FALSE,FALSE,74,105,,,,,,,
1000,101695,Sunmed ผ้าอ้อมผู้ใหญ่ L-XL 24 ชิ้น,,,ขย.9,,ผ้าอ้อม,,,แพ็ค,,100,,FALSE,FALSE,FALSE,310,330,,,,,,,
1000,101696,มามี่โพโคพรีเมียมเอ็กตร้าเทป NB 82 ชิ้น,,,ขย.9,,ผ้าอ้อม,,,แพ็ค,,100,,FALSE,FALSE,FALSE,397,425,,,,,,,
1000,101697,มามี่โพโคพรีเมียมเอ็กตร้าเทป S 74 ชิ้น,,,ขย.9,,ผ้าอ้อม,,,แพ็ค,,100,,FALSE,FALSE,FALSE,399,529,,,,,,,
1000,101698,มามี่โพโค เดย์ แอนด์ไนท์ M 74 ชิ้น,,,ขย.9,,ผ้าอ้อม,,,แพ็ค,,100,,FALSE,FALSE,FALSE,369,380,,,,,,,
1000,101699,มามี่โพโคแฮปปี้เพ้น XL 54 ชิ้น,,,ขย.9,,ผ้าอ้อม,,,แพ็ค,,100,,FALSE,FALSE,FALSE,369,395,,,,,,,
1000,101700,มามี่โพโคแฮปปี้เพ้น XXL 48 ชิ้น,,,ขย.9,,ผ้าอ้อม,,,แพ็ค,,100,,FALSE,FALSE,FALSE,369,389,,,,,,,
1000,101701,เบบี้เลิฟเทปจัมโบ้ แรกเกิด NB 56 ชิ้น,,,ขย.9,,ผ้าอ้อม,,,แพ็ค,,100,,FALSE,FALSE,FALSE,275,319,,,,,,,
1000,101702,เบบี้เลิฟ เพลเพ้นพรีเมียม XXL 36ชิ้น,,,ขย.9,,ผ้าอ้อม,,,แพ็ค,,100,,FALSE,FALSE,FALSE,405,430,,,,,,,
1000,101703,เบบี้เลิฟเทปจัมโบ้ L 44 ชิ้น,,,ขย.9,,ผ้าอ้อม,,,แพ็ค,,100,,FALSE,FALSE,FALSE,279,339,,,,,,,
1000,101704,เบบี้เลิฟ เดย์ ไนท์ XL 40ชิ้น,,,ขย.9,,ผ้าอ้อม,,,แพ็ค,,100,,FALSE,FALSE,FALSE,279,339,,,,,,,
1000,101705,เบบี้เลิฟ M 17 ชิ้น,,,ขย.9,,ผ้าอ้อม,,,แพ็ค,,100,,FALSE,FALSE,FALSE,74,99,,,,,,,
1000,101706,มามี่โพโคแฮปปี้แพ้นท์ L62 ชิ้น,,,ขย.9,,ผ้าอ้อม,,,แพ็ค,,100,,FALSE,FALSE,FALSE,369,395,,,,,,,
1000,101707,ผ้ายืดรัดต้นขา tubigrip ไซต์ L,,,ขย.9,,เบ็ดเตล็ด,,,ชิ้น,,100,,FALSE,FALSE,FALSE,100,139,,,,,,,
1000,101708,ผ้าพยุงมือ /ฝ่ามือ tubigrip ไซต์ XL,,,ขย.9,,เบ็ดเตล็ด,,,ชิ้น,,100,,FALSE,FALSE,FALSE,138,189,,,,,,,
1000,101709,ผ้าพยุงหัวเข่า tubigrip ไซต์ XL,,,ขย.9,,เบ็ดเตล็ด,,,ชิ้น,,100,,FALSE,FALSE,FALSE,148,189,,,,,,,
1000,101710,ผ้าพยุงหัวเข่า tubigrip ไซต์ M,,,ขย.9,,เบ็ดเตล็ด,,,ชิ้น,,100,,FALSE,FALSE,FALSE,148,189,,,,,,,
1000,101711,ผ้าพยุงมือ /ฝ่ามือ tubigrip ไซต์ S,,,ขย.9,,เบ็ดเตล็ด,65-1-3-2-0001161,,ชิ้น,,100,,FALSE,FALSE,FALSE,146,189,,,,,,,
1000,101712,ผ้ายืดรัดข้อมือ/ฝ่ามือ tubigrip ไซต์ L,,,ขย.9,,เบ็ดเตล็ด,,,ชิ้น,,100,,FALSE,FALSE,FALSE,99,175,,,,,,,
1000,101713,tubigrip อุปกรณ์ อุปกรณ์พยุงหัวเข่า Size L,,,ขย.9,,เบ็ดเตล็ด,65-1-3-2-0001161,,ชิ้น,,100,,FALSE,FALSE,FALSE,148,189,,,,,,,
1000,101714,tubigrip อุปกรณ์พยุงข้อเท้า Size M,,,ขย.9,,เบ็ดเตล็ด,65-1-3-2-0001161,,ชิ้น,,100,,FALSE,FALSE,FALSE,148,195,,,,,,,
1000,101715,ผ้ายืดรัดข้อเท้า tubigrip ไซต์ L,,,ขย.9,,เบ็ดเตล็ด,,,ชิ้น,,100,,FALSE,FALSE,FALSE,125,159,,,,,,,
1000,101716,3M อุปกรณ์พยุงข้อมือ Futuro freesize,,,ขย.9,,เบ็ดเตล็ด,,,ชิ้น,,100,,FALSE,FALSE,FALSE,525,699,,,,,,,
1000,101717,3M Futuro พยุงนิ้วหัวแม่มือ รุ่นสีดำ Size S/M,,,ขย.9,,เบ็ดเตล็ด,,,ชิ้น,,100,,FALSE,FALSE,FALSE,525,590,,,,,,,
1000,101718,3M futuro knee support พยุงเข่า S,,,ขย.9,,เบ็ดเตล็ด,,,ชิ้น,,100,,FALSE,FALSE,FALSE,265,315,,,,,,,
1000,101719,3M Futuro พยุงข้อเท้า สีดำ ขนาด 17.8-26.7 ซม.,,,ขย.9,,เบ็ดเตล็ด,,,ชิ้น,,100,,FALSE,FALSE,FALSE,248,325,,,,,,,
1000,101720,3M อุปกรณ์พยุงข้อเท้า แบบสวม Futuro S,,,ขย.9,,เบ็ดเตล็ด,,,ชิ้น,,100,,FALSE,FALSE,FALSE,248,289,,,,,,,
1000,101721,3M อุปกรณ์พยุงข้อเท้า แบบสวม Futuro M,,,ขย.9,,เบ็ดเตล็ด,,,ชิ้น,,100,,FALSE,FALSE,FALSE,248,289,,,,,,,
1000,101722,3M อุปกรณ์พยุงข้อเท้า แบบสวม Futuro L,,,ขย.9,,เบ็ดเตล็ด,,,ชิ้น,,100,,FALSE,FALSE,FALSE,248,289,,,,,,,
1000,101723,3M อุปกรณ์พยุงข้อเท้า เพิ่มความกระชับ Futuro S,,,ขย.9,,เบ็ดเตล็ด,,,ชิ้น,,100,,FALSE,FALSE,FALSE,289,300,,,,,,,
1000,101724,3M อุปกรณ์พยุงข้อเท้า เพิ่มความกระชับ Futuro M,,,ขย.9,,เบ็ดเตล็ด,,,ชิ้น,,100,,FALSE,FALSE,FALSE,248,300,,,,,,,
1000,101725,3M อุปกรณ์พยุงข้อเท้า เพิ่มความกระชับ Futuro L,,,ขย.9,,เบ็ดเตล็ด,,,ชิ้น,,100,,FALSE,FALSE,FALSE,248,300,,,,,,,
1000,101726,3M อุปกรณ์พยุงหัวเข่า ชนิดเสริมแกนด้านข้าง Futuro M,,,ขย.9,,เบ็ดเตล็ด,,,ชิ้น,,100,,FALSE,FALSE,FALSE,575,635,,,,,,,
1000,101727,3M อุปกรณ์พยุงหัวเข่า ชนิดเสริมแกนด้านข้าง Futuro L,,,ขย.9,,เบ็ดเตล็ด,,,ชิ้น,,100,,FALSE,FALSE,FALSE,255,635,,,,,,,
1000,101728,Arm sling color standard  พยุงแขน Size S,,,ขย.9,,อุปกรณ์ทางการแพทย์,,,ชิ้น,,100,,FALSE,FALSE,FALSE,45,90,,,,,,,
1000,101729,Arm sling color standard  พยุงแขน Size M,,,ขย.9,,อุปกรณ์ทางการแพทย์,,,ชิ้น,,100,,FALSE,FALSE,FALSE,45,90,,,,,,,
1000,101730,Arm sling color standard  พยุงแขน Size L,,,ขย.9,,อุปกรณ์ทางการแพทย์,,,ชิ้น,,100,,FALSE,FALSE,FALSE,50,100,,,,,,,
1000,101731,Arm sling color standard  พยุงแขน Size XL,,,ขย.9,,อุปกรณ์ทางการแพทย์,,,ชิ้น,,100,,FALSE,FALSE,FALSE,50,100,,,,,,,
1000,101732,Lumbosacral support standard size S,,,ขย.9,,อุปกรณ์ทางการแพทย์,,,กล่อง,,100,,FALSE,FALSE,FALSE,370,450,,,,,,,
1000,101733,Lumbosacral support standard size M,,,ขย.9,,อุปกรณ์ทางการแพทย์,,,กล่อง,,100,,FALSE,FALSE,FALSE,370,450,,,,,,,
1000,101734,Lumbosacral support standard size L,,,ขย.9,,อุปกรณ์ทางการแพทย์,,,กล่อง,,100,,FALSE,FALSE,FALSE,370,450,,,,,,,
1000,101735,Lumbosacral support standard size XL,,,ขย.9,,อุปกรณ์ทางการแพทย์,,,กล่อง,,100,,FALSE,FALSE,FALSE,370,450,,,,,,,
1000,101736,Lumbosacral support มีแกนอลูมิเนียม size S,,,ขย.9,,อุปกรณ์ทางการแพทย์,,,กล่อง,,100,,FALSE,FALSE,FALSE,360,450,,,,,,,
1000,101737,Lumbosacral support มีแกนอลูมิเนียม size M,,,ขย.9,,อุปกรณ์ทางการแพทย์,,,กล่อง,,100,,FALSE,FALSE,FALSE,370,450,,,,,,,
1000,101738,Lumbosacral support มีแกนอลูมิเนียม size L,,,ขย.9,,อุปกรณ์ทางการแพทย์,,,กล่อง,,100,,FALSE,FALSE,FALSE,370,450,,,,,,,
1000,101739,Lumbosacral support มีแกนอลูมิเนียม size XL,,,ขย.9,,อุปกรณ์ทางการแพทย์,,,กล่อง,,100,,FALSE,FALSE,FALSE,370,450,,,,,,,
1000,101740,Industrial back support มีแกนพลาสติกอ่อน size S,,,ขย.9,,อุปกรณ์ทางการแพทย์,,,กล่อง,,100,,FALSE,FALSE,FALSE,370,490,,,,,,,
1000,101741,Industrial back support มีแกนพลาสติกอ่อน size M,,,ขย.9,,อุปกรณ์ทางการแพทย์,,,กล่อง,,100,,FALSE,FALSE,FALSE,370,490,,,,,,,
1000,101742,Industrial back support มีแกนพลาสติกอ่อน size L,,,ขย.9,,อุปกรณ์ทางการแพทย์,,,กล่อง,,100,,FALSE,FALSE,FALSE,370,490,,,,,,,
1000,101743,Industrial back support มีแกนพลาสติกอ่อน size XL,,,ขย.9,,อุปกรณ์ทางการแพทย์,,,กล่อง,,100,,FALSE,FALSE,FALSE,370,490,,,,,,,
1000,101744,I Flex ไอ-เฟล็กซ์ รัดเอว Size M,,,ขย.9,,อุปกรณ์ทางการแพทย์,,,กล่อง,,100,,FALSE,FALSE,FALSE,425,585,,,,,,,
1000,101745,SARA strawberry 250mg/5ml 60ml,PARACETAMOL,NSAIDs,ขย.9,,ยาน้ำสำหรับเด็ก,1A 8/55,ตู้ A4,ขวด,,100,,FALSE,FALSE,FALSE,38,65,,,,,,,
1000,101746,Duran 100 mg/5 ml orange 60 ml,IBUPROFEN,NSAIDs,ขย.9,,ยาน้ำสำหรับเด็ก,1A 388/37,ตู้ A3,ขวด,,100,,FALSE,FALSE,FALSE,28,65,,,,,,,
1000,101747,BisolvonEX 4/100mg60ml,BROMHEXINE + GUAIFENESIN,MUCOLYTIC,ขย.9,,ยาน้ำสำหรับเด็ก,2C 11/60,ตู้ A2,ขวด,,100,,FALSE,FALSE,FALSE,46.5,75,,,,,,,
1000,101748,Solmax forte 500mg/5ml 60 ml,CARBOCYSTEINE,MUCOLYTIC,ขย.9,,ยาน้ำสำหรับเด็ก,1A 240/58,ตู้ A2,ขวด,,100,,FALSE,FALSE,FALSE,64,95,,,,,,,
1000,101749,CISTEINE 250 MG/5ML 60ML,CARBOCYSTEINE,MUCOLYTIC,ขย.9,,ยาน้ำสำหรับเด็ก,1A 367/45,ตู้ A4,ขวด,,100,,FALSE,FALSE,FALSE,36.5,63,,,,,,,
1000,101750,cisteine 100mg/5ml 60ml,CARBOCYSTEINE,MUCOLYTIC,ขย.9,,ยาน้ำสำหรับเด็ก,1A 361/45,ตู้ A2,ขวด,,100,,FALSE,FALSE,FALSE,32,60,,,,,,,
1000,101751,mucolid syrup 30mg/5ml 60ml,AMBROXOL,MUCOLYTIC,ขย.9,,ยาน้ำสำหรับเด็ก,1A 198/46,ตู้ A2,ขวด,,100,,FALSE,FALSE,FALSE,28.75,55,,,,,,,
1000,101752,PIP taryne syrup 5 mg/5ml 60 ml,LORATADINE,ANTIHISTAMINES & ANTIALLERGICS,ขย.9,,ยาน้ำสำหรับเด็ก,1A 41/56,ตู้ A7,ขวด,,100,,FALSE,FALSE,FALSE,23.5,75,,,,,,,
1000,101753,NaSolin P.L. syrup 60 ml,CHLORPHEN+PSEUDOEPHEDRINE+DEXTRO,ANTIHISTAMINES & ANTIALLERGICS,ขย.9,,ยาน้ำสำหรับเด็ก,2A 90/54,ตู้ A1,ขวด,,100,,FALSE,FALSE,FALSE,24.5,50,,,,,,,
1000,101754,ลูทีน่า บำรุงสายตา 60 แคปซูล,,,ขย.9,,ยาหู ตา คอ จมูก,13-1-10649-1-00,ตู้ B9,กล่อง,,100,,FALSE,FALSE,FALSE,148,225,,,,,,,
1000,101755,B-100 COMPLEX inj.50amp,VITAMIN B COMPLEX+MINERAL,VITAMINS & MINERALS,ขย.9,,ยาหู ตา คอ จมูก,2A 311/32,ตู้ B9,กล่อง,,100,,FALSE,FALSE,FALSE,205,320,,,,,,,
1000,101756,PERIACTIN 4 MG 10'S,CYPROHEPTADINE,ANTIHISTAMINES & ANTIALLERGICS,ขย.9,,ยาหู ตา คอ จมูก,,ตู้ B4,แผง,,100,,FALSE,FALSE,FALSE,8,25,,,,,,,
1000,101757,hista oph eye drops 5ml,ANTAZOLINE+TETRAHYDROZOLINE,ANTIHISTAMINES & ANTIALLERGICS,ขย.9,,ยาหู ตา คอ จมูก,2A 641/28,ตู้ B3,ขวด,,100,,FALSE,FALSE,FALSE,27.5,50,,,,,,,
1000,101758,ReNu eye Drops 8ml,,EYE PREPARATIONS,ขย.9,,ยาหู ตา คอ จมูก,64-2-2-2-000405,ตู้ B2,ขวด,,100,,FALSE,FALSE,FALSE,107,150,,,,,,,
1000,101759,OPTI-FREE eye Drops 10ml,,EYE PREPARATIONS,ขย.9,,ยาหู ตา คอ จมูก,65-2-2-2-000556,ตู้ B2,ขวด,,100,,FALSE,FALSE,FALSE,47.5,129,,,,,,,
1000,101760,CLENS 100 eye Drops 8ml,,EYE PREPARATIONS,ขย.9,,ยาหู ตา คอ จมูก,64-2-2-2-000154,ตุ้ B2,ขวด,,100,,FALSE,FALSE,FALSE,82,129,,,,,,,
1000,101761,Opsil Tears eye Drops 10ml,HYDROXYPROPYLMETHYLCELLULOSE,EYE PREPARATIONS,ขย.9,,ยาหู ตา คอ จมูก,1A 156/64,ตู้ B 2,ขวด,,100,,FALSE,FALSE,FALSE,34,60,,,,,,,
1000,101762,BETOSALIC ointment 15g,BETAMETHASONE,STEROIDS,ขย.9,,ยาระบบการติดเชื้อ,2A 127/35,ตู้ C6,หลอด,,100,,FALSE,FALSE,FALSE,49,125,,,,,,,
1000,101763,Clinivate-N  15g,BETAMETHASONE + NEOMYCIN,STEROIDS,ขย.9,,ยาระบบการติดเชื้อ,2A 7/45,ตู้ C7,หลอด,,100,,FALSE,FALSE,FALSE,30,83,,,,,,,
1000,101764,Clinivate-N  5g,BETAMETHASONE + NEOMYCIN,STEROIDS,ขย.9,,ยาระบบการติดเชื้อ,2A 7/45,ตู้ C7,หลอด,,100,,FALSE,FALSE,FALSE,17,45,,,,,,,
1000,101765,Myderm Quad 15g,BETAMETHASONE + GENTAMYCIN,ANTIFUNGALS,ขย.9,,ยาระบบการติดเชื้อ,2A 6/57,ตู้ B8,หลอด,,100,,FALSE,FALSE,FALSE,43.33,110,,,,,,,
1000,101766,CON CON 15ml,SALICYLIC ACID,,ขย.9,,ยาระบบการติดเชื้อ,2A 243/33,ตู้ C8,ขวด,,100,,FALSE,FALSE,FALSE,41,65,,,,,,,
1000,101767,ZEMA lotion 15ml,SALICYLIC ACID,,ขย.9,,ยาระบบการติดเชื้อ,2A 1/50,ตู้ C9,ขวด,,100,,FALSE,FALSE,FALSE,19,35,,,,,,,
1000,101768,GLUCOSA 1500mg  30x3.95 g,GLUCOSAMINE,,ขย.9,,ยาระบบกล้ามเนื้อ-ข้อต่อ,1A 343/50,ตุ้ D1,กล่อง,,100,,FALSE,FALSE,FALSE,270,495,,,,,,,
1000,101769,CALHOF PLUS 60 tab,CALCIUM+VITAMIN D,,ขย.9,,ยาระบบกล้ามเนื้อ-ข้อต่อ,10-1-01949-1-01,ตู้ D1,กล่อง,,100,,FALSE,FALSE,FALSE,112,220,,,,,,,
1000,101770,Ponstan 500 10 tab,MEFENAMIC ACID,NSAIDs,ขย.9,,ยาระบบกล้ามเนื้อ-ข้อต่อ,1A 47/40,ตู้ D7,แผง,,100,,FALSE,FALSE,FALSE,44,60,,,,,,,
1000,101771,MYDOCALM,TOLPERISONE,MUSCLE RELAXANTS,ขย.9,,ยาระบบกล้ามเนื้อ-ข้อต่อ,1A 425/47,ตู้ D7,กล่อง,,100,,FALSE,FALSE,FALSE,18,45,,,,,,,
1000,101772,ILIADIN (ผู้ใหญ่) 10ml,OXYMETAZOLINE,DECONGESTANTS & OTHER NASAL PR,ขย.9,,ยาใช้เฉพาะที่,1A 15741,ตู้ F2,กล่อง,,100,,FALSE,FALSE,FALSE,116.5,150,,,,,,,
1000,101773,RHINOCORT AQUA  120 sprays 8.43ml,BUDESONIDE,STEROIDS,ขย.9,,ยาใช้เฉพาะที่,1C 63/60,ตู้ F,กล่อง,,100,,FALSE,FALSE,FALSE,302,375,,,,,,,
1000,101774,FLEMOMILE  ZINC  ADVAVCED Mouth Spray 10ml,ACETYLCYSTEINE,MOUTH/THROAT PREPARATIONS,ขย.9,,ยาระบบทางเดินหายใจ,11-1-6500043320,ตู้ F3,กล่อง,,100,,FALSE,FALSE,FALSE,67.5,155,119,,,,,,
1000,101775,MIGANO 10 tab,ERGOTAMINE TARTATE + CAFFEINE,,ขย.9,,ยาระบบทางเดินหายใจ,2A 54//53,ตู้ F5,กล่อง,,100,,FALSE,FALSE,FALSE,18,39,,,,,,,
1000,101777,Amlodec 5 mg 10's,AMLODIPINE,ANTIHYPERTENSIVES,ขย.9,,ยาในโรคเรื้อรัง (Drug for,1C 14/55 NG,ตู้ G2,แผง,,100,,FALSE,FALSE,FALSE,9.5,35,,,,,,,
1000,101778,Trinolone oral paste 5g,TRIAMCINOLONE,,ขย.9,,ยาใช้เฉพาะที่,1A 540/29,ตู้ ข1,หลอด,,100,,FALSE,FALSE,FALSE,25.75,49,,,,,,,
1000,101779,BACTEX 5g,MUPIROCIN,,ขย.9,,ยาใช้เฉพาะที่,1A 1130/41,ตู้ ข2,หลอด,,100,,FALSE,FALSE,FALSE,52,90,,,,,,,
1000,101780,Justima 21tab,DROSPIRENENONE+ETHINYL ESTRADIOL,CONTRACEPTIVE AGENTS,ขย.9,,ยาคุมกำเนิดและฮอร์โมนทดแท,2C 1/59 (NG),ตู้ ข2,กล่อง,,100,,FALSE,FALSE,FALSE,208,245,,,,,,,
1000,101781,FADAVAG 500  1tab,CLOTRIMAZOLE,ANTIFUNGALS,ขย.9,,ยาใช้เฉพาะที่,1A 240/59,ตู้ ค3,กล่อง,,100,,FALSE,FALSE,FALSE,28,85,,,,,,,
1000,101782,GLUCOSE injection 50% 50ml,GLUCOSE,,ขย.9,,ยาใช้เฉพาะที่,1A1437/28,ตู้ ค2,ขวด,,100,,FALSE,FALSE,FALSE,23.75,59,,,,,,,
1000,101783,Vistra Fish Oil 1000mg 75cap,,VITAMINS & MINERALS,ขย.9,,วิตามินและอาหารเสริม,1.31E+13,ว1,ขวด,,100,,FALSE,FALSE,FALSE,185,265,,,,,,,
1000,101784,NATURE BALACE ZINC,ZINC,VITAMINS & MINERALS,ขย.9,,วิตามินและอาหารเสริม,8.85E+12,ว4,ขวด,,100,,FALSE,FALSE,FALSE,158,195,,,,,,,
1000,101785,NATURE BALACE  Biotin,BIOTIN,VITAMINS & MINERALS,ขย.9,,วิตามินและอาหารเสริม,8.85E+12,ว4,ขวด,,100,,FALSE,FALSE,FALSE,245,290,,,,,,,
1000,101786,HARU zinc 15mg 3cap,ZINC,VITAMINS & MINERALS,ขย.9,,วิตามินและอาหารเสริม,1.31E+12,ว4,กล่อง,,100,,FALSE,FALSE,FALSE,80,165,,,,,,,
1000,101787,HARU Biotin Max,BIOTIN,VITAMINS & MINERALS,ขย.9,,วิตามินและอาหารเสริม,1.31E+12,ว4,กล่อง,,100,,FALSE,FALSE,FALSE,130,225,,,,,,,
1000,101788,MaxxLife ZINC 30cap,ZINC,VITAMINS & MINERALS,ขย.9,,วิตามินและอาหารเสริม,1.11E+12,ว4,กล่อง,,100,,FALSE,FALSE,FALSE,400,450,,,,,,,
1000,101789,REGENEZ  Hair Tonic MEGA WE CARE 30ml,,VITAMINS & MINERALS,ขย.9,,วิตามินและอาหารเสริม,1.02E+12,ว4,กล่อง,,100,,FALSE,FALSE,FALSE,235,350,,,,,,,
1000,101790,EQUAL classic 100 sticks,,VITAMINS & MINERALS,ขย.9,,วิตามินและอาหารเสริม,1.01E+12,ว4,กล่อง,,100,,FALSE,FALSE,FALSE,143,143,,,,,,,
1000,101791,Centrum silver  50+  30cap,METHYL SALICYLATE+MENTHOL+EUGENOL,VITAMINS & MINERALS,ขย.9,,วิตามินและอาหารเสริม,1.01E+12,ตู้ A1,กล่อง,,100,,FALSE,FALSE,FALSE,259,345,340,,,,,,
1000,101792,Centrum  30 cap,,VITAMINS & MINERALS,ขย.9,,วิตามินและอาหารเสริม,1.01E+12,ว4,กล่อง,,100,,FALSE,FALSE,FALSE,208,267,,,,,,,
1000,101794,AMSEL ZINC 3cap,ZINC,VITAMINS & MINERALS,ขย.9,,วิตามินและอาหารเสริม,1.01E+12,ว2,ขวด,,100,,FALSE,FALSE,FALSE,120,250,,,,,,,
1000,101795,MEGA Ginkgo Biloba 60cap,GINGKO-BILOBA,VITAMINS & MINERALS,ขย.9,,วิตามินและอาหารเสริม,1.11E+12,ตู้ A1,กระปุก,,100,,FALSE,FALSE,FALSE,183,250,250,,,,,,
1000,101796,MEGA Fish Oil 1000mg 30cap,,VITAMINS & MINERALS,ขย.9,,วิตามินและอาหารเสริม,1.11E+12,ว3,กระปุก,,100,,FALSE,FALSE,FALSE,98,175,,,,,,,
1000,101797,MEGA D-TOXL 30cap,,VITAMINS & MINERALS,ขย.9,,วิตามินและอาหารเสริม,1.11E+12,ว3,กระปุก,,100,,FALSE,FALSE,FALSE,330,450,,,,,,,
1000,101798,THE CHARMING GARDEN,,VITAMINS & MINERALS,ขย.9,,วิตามินและอาหารเสริม,1.12E+12,ว4,กล่อง,,100,,FALSE,FALSE,FALSE,140,229,,,,,,,
1000,101799,CDR calcium-d-redoxon 15tap,,VITAMINS & MINERALS,ขย.9,,วิตามินและอาหารเสริม,2C 1/64,ว4,หลอด,,100,,FALSE,FALSE,FALSE,114,160,,,,,,,
1000,101800,BEROCCA 15tab,,VITAMINS & MINERALS,ขย.9,,วิตามินและอาหารเสริม,2C 12/53,ว4,หลอด,,100,,FALSE,FALSE,FALSE,168,195,,,,,,,
1000,101801,REDOXON  15Tab,,VITAMINS & MINERALS,ขย.9,,วิตามินและอาหารเสริม,2C 13/64,ว4,หลอด,,100,,FALSE,FALSE,FALSE,147,170,,,,,,,
1000,101802,HICEE vitamin C  15tab,ASCORBIC ACID,VITAMINS & MINERALS,ขย.9,,วิตามินและอาหารเสริม,A33/48,ว4,หลอด,,100,,FALSE,FALSE,FALSE,58.5,65,,,,,,,
1000,101803,MyDERMQuad crem 4 plus 15 gT. MAN,BETAMETHASONE+GENTAMYCIN+TONAFTATE+CLIOQUINOL,ANTIFUNGALS,ขย.9,,ยาระบบการติดเชื้อ,2A 6/57,ตู้ C8,หลอด,,100,,FALSE,FALSE,FALSE,48.33,110,,,,,,,
1000,101804,ยาดม ตราแม่กุหลาบห้าม้า 15 กรัม,,,ขย.9,,"ยาสมุนไพร, ยาแผนโบราณ",G15092/65,น2/1R,กระปุก,,100,,FALSE,FALSE,FALSE,21,35,,,,,,,
1000,101805,กัมมี่ วิตามินซี 24 กรัม,,,ขย.9,,ยาน้ำสำหรับเด็ก,12-2-01536-2-16,น3/3,ซอง,,100,,FALSE,FALSE,FALSE,15.66,29,,,,,,,
1000,101806,2.5% Sellon shampoo 120 ml,SELENIUM SULPHIDE,ANTIFUNGALS,ขย.9,,ยาใช้เฉพาะที่,1A 357/47,น2/4,ขวด,,100,,FALSE,FALSE,FALSE,110,135,,,,,,,
1000,101807,clinoderm 15 grams,CLOBETASOL,STEROIDS,ขย.9,,ยาใช้เฉพาะที่,1A 488/41,ตู้ C6,หลอด,,100,,FALSE,FALSE,FALSE,40,85,,,,,,,
1000,101808,Clinovir-400 5's,ACICLOVIR,ANTIVIRALS,ขย.9,,ยาระบบการติดเชื้อ,1A 129/45,ตู้ C5,แผง,,100,,FALSE,FALSE,FALSE,25,75,,,,,,,
1000,101809,10% diabederm 35 g,UREA,,ขย.9,,ยาใช้เฉพาะที่,1A 303/49,น3/2R,หลอด,,100,,FALSE,FALSE,FALSE,60,115,,,,,,,
1000,101810,Doproct supp 10's,HYDROCORTISONE,STEROIDS,ขย.9,,ยาใช้เฉพาะที่,2A 643/27,ตู้ E8,กล่อง,,100,,FALSE,FALSE,FALSE,54,120,,,,,,,
1000,101811,20% ยูเดีย 30 กรัม (กล่องแดง),UREA,,ขย.9,,ยาใช้เฉพาะที่,1A 196/60,น3/2R,หลอด,,100,,FALSE,FALSE,FALSE,65,135,,,,,,,
1000,101812,แผ่นเจลลดไข้ ผู้ใหญ่ kool fever Extra cool 2 ชิ้น,,,ขย.9,,อุปกรณ์ทางการแพทย์,,,ซอง,,100,,FALSE,FALSE,FALSE,25.83,49,,,,,,,
1000,101813,แผ่นเจลลดไข้ ผู้ใหญ่ Bye Bye Fever Super cool 10 ชม. 2 ชิ้น,,,ขย.9,,อุปกรณ์ทางการแพทย์,,,ซอง,,100,,FALSE,FALSE,FALSE,22.83,49,,,,,,,
1000,101814,ยาน้ำแก้ไอขับเสมหะ I-HERB 60ml,,,ขย.9,,"ยาสมุนไพร, ยาแผนโบราณ",G302/62,,ขวด,,100,,FALSE,FALSE,FALSE,24,39,,,,,,,
1000,101815,ยาน้ำแก้ไอมะแว้งผสม เอี๊ยะปอห่อ 60 มล.,,,ขย.9,,"ยาสมุนไพร, ยาแผนโบราณ",G640/53,น1/3,ขวด,,100,,FALSE,FALSE,FALSE,54,79,,,,,,,
1000,101816,ยาน้ำเอี๊ยะบ่อเช่า C&L สีทอง 350ml,,,ขย.9,,"ยาสมุนไพร, ยาแผนโบราณ",G513/56,น 2/4L,กล่อง,,100,,FALSE,FALSE,FALSE,380,470,,,,,,,
1000,101818,Canazol -BE 5g,CLOTRIMAZOLE+BETAMETHASONE,,ขย.9,,ยาระบบการติดเชื้อ,2A4/50,ตู้ C 7,กล่อง,,100,,FALSE,FALSE,FALSE,20,50,,,,,,,
1000,101819,Epiduo 0.1%/2.5% gel 15g,BENZOYL PEROXIDE,,ขย.9,,ยาใช้เฉพาะที่,2C13/57,,กล่อง,,100,,FALSE,FALSE,FALSE,515,689,,,,,,,
1000,101820,Circadin 2mg 15's,MELATONIN,,ขย.9,,ยาในโรคเรื้อรัง (Drug for,1C43/53,-,กล่อง,,100,,FALSE,FALSE,FALSE,420,545,,,,,,,
1000,101821,กระชายขาว Herbal One 60's,,,ขย.9,,"ยาสมุนไพร, ยาแผนโบราณ",7.31E+11,,กระปุก,,100,,FALSE,FALSE,FALSE,160,170,,,,,,,
1000,101822,ยาน้ำแก้ไอ ยู อี คอฟ CD มะขามป้อม 60 มล.,,,ขย.9,,"ยาสมุนไพร, ยาแผนโบราณ",G323/56,น1/2,กล่อง,,100,,FALSE,FALSE,FALSE,16.5,23,,,,,,,
1000,101823,อะโรติกา รัป 35 กรัม,METHYL SALICYLATE+MENTHOL+EUGENOL,,ขย.9,,ยาใช้เฉพาะที่,G655/54,น2/2L,หลอด,,100,,FALSE,FALSE,FALSE,60,115,,,,,,,
1000,101824,ยาหม่องเสลดพังพอน เฌอเอม 65 กรัม,,,ขย.9,,ยาใช้เฉพาะที่,G586/53,น2/4R,กระปุก,,100,,FALSE,FALSE,FALSE,57,80,,,,,,,
1000,101825,ยาน้ำแก้ไอมะขามป้อม ตราแสงดาว 120 ซีซี,,,ขย.9,,"ยาสมุนไพร, ยาแผนโบราณ",G344/49,น1/2,ขวด,,100,,FALSE,FALSE,FALSE,15.75,35,,,,,,,
1000,101827,Patar-cap เม็ดแดง 10's,DEXTROMETHORPHAN + GUAIFENESIN,MUCOLYTIC,ขย.9,ขย.11,ยาระบบทางเดินหายใจ,2A 105/56,ตู้ขย11,แผง,,100,,FALSE,FALSE,FALSE,8.8,49,,,,,,,
1000,101828,Vidisic gel 10 g,CETRIMIDE,EYE PREPARATIONS,ขย.9,,ยาหู ตา คอ จมูก,2C 8/53,ตู้ B2,หลอด,,100,,FALSE,FALSE,FALSE,128,155,,,,,,,
1000,101829,seven seas วิตามินรวมผสมไลซีน 100 มล.,,,ขย.9,,วิตามินและอาหารเสริม,2C 5/63,น3/1,ขวด,,100,,FALSE,FALSE,FALSE,140.5,160,,,,,,,
1000,101831,Kamistad-Gel N Sugar Free 10 g,,,ขย.9,,ยาใช้เฉพาะที่,TH-2C80/47,ก 1/1,กล่อง,,100,,FALSE,FALSE,FALSE,88,135,,,,,,,
1000,101832,bonjela sugar free 15 g,,,ขย.9,,ยาใช้เฉพาะที่,2C67-42,ก 1/1,กล่อง,,100,,FALSE,FALSE,FALSE,199,199,,,,,,,
1000,101833,ยาแก้ไอLP น้ำดำตราเสือดาว,,,ขย.9,,"ยาสมุนไพร, ยาแผนโบราณ",2A378/28,น1/4,กล่อง,,100,,FALSE,FALSE,FALSE,15,22,,,,,,,
1000,101834,Gauze Pad 2x2x8,,,ขย.9,,อุปกรณ์ทางการแพทย์,6.61E+11,น6/2,ห่อ,,100,,FALSE,FALSE,FALSE,3.4,7,,,,,,,
1000,101835,น้ำมันมวย 120CC,,,ขย.9,,ยาใช้เฉพาะที่,2A71/26,น3/1,ขวด,,100,,FALSE,FALSE,FALSE,85,120,,,,,,,
1000,101836, Klean&Kare 500 ml  น้ำเกลือจุกแหลม,,,ขย.9,,ยาสามัญประจำบ้าน,1A1721/30,น5/4,ขวด,,100,,FALSE,FALSE,FALSE,34.5,50,,,,,,,
1000,101837,Flemex 60ml,CARBOCYSTEINE,,ขย.9,,ยาหู ตา คอ จมูก,1A29940,A3,กล่อง,,100,,FALSE,FALSE,FALSE,49.5,65,,,,,,,
1000,101838,B-aspirin 81 mg,ASPIRIN,,ขย.9,,ยาในโรคเรื้อรัง (Drug for,1A270/48,ตู้ ขย10,แผง,,100,,FALSE,FALSE,FALSE,3,20,,,,,,,
1000,101840,Cardiplot20 10x10,MANIDIPINE,,ขย.9,,ยาในโรคเรื้อรัง (Drug for,1A15054/62,ลูกค้าสั่ง,กล่อง,,100,,FALSE,FALSE,FALSE,388,550,,,,,,,
1000,101841,น้ำมันเขียว ตราแม่มะลิ 5 ml,,,ขย.9,,"ยาสมุนไพร, ยาแผนโบราณ",-,น 2/3,ขวด,,100,,FALSE,FALSE,FALSE,18.73,28,,,,,,,
1000,101842,Berina  ครีมเปลี่ยนสีผม A27 สีน้ำตาลอ่อนธรรมชาติ,,,,,เครื่องสำอางและสินค้าอุปโภคบริโภค,,ล1/1,ชิ้น                ,,100,,FALSE,FALSE,FALSE,39,55,,,,,,,
1000,101843,Berina  ครีมเปลี่ยนสีผม A6 สีม่วง,,,,,เครื่องสำอางและสินค้าอุปโภคบริโภค,,ล1/1,ชิ้น                ,,100,,FALSE,FALSE,FALSE,39,55,,,,,,,
1000,101844,Berina  ครีมเปลี่ยนสีผม A41 สีน้ำเงิน,,,,,เครื่องสำอางและสินค้าอุปโภคบริโภค,,ล1/1,ชิ้น                ,,100,,FALSE,FALSE,FALSE,44,55,,,,,,,
1000,101845,สีบลอนด์เบจ (VANILLA BEIGE),,,,,เครื่องสำอางและสินค้าอุปโภคบริโภค,,ล1/2,ชิ้น                ,,100,,FALSE,FALSE,FALSE,167,199,,,,,,,
1000,101846,ลิเซ่โฟมเปลี่ยนสีผม NaturalBlack,,,,,เครื่องสำอางและสินค้าอุปโภคบริโภค,,ล1/2,ชิ้น                ,,100,,FALSE,FALSE,FALSE,280,299,,,,,,,
1000,101847,ลิเซ่ โฟมเปลี่ยนสีผม dark navy,,,,,เครื่องสำอางและสินค้าอุปโภคบริโภค,,ล1/2,ชิ้น                ,,100,,FALSE,FALSE,FALSE,285,299,,,,,,,
1000,101848,DIPSO / ดิ๊พโซ่ แฮร์ คัลเลอร์ เบอร์ S08 เอ 8/11,,,,,เครื่องสำอางและสินค้าอุปโภคบริโภค,,ล1/2,ชิ้น                ,,100,,FALSE,FALSE,FALSE,63,75,,,,,,,
1000,101849,DIPSO / ดิ๊พโซ่ แฮร์ คัลเลอร์ เบอร์ S09 SB 12/81,,,,,เครื่องสำอางและสินค้าอุปโภคบริโภค,,ล1/2,ชิ้น                ,,100,,FALSE,FALSE,FALSE,63,75,,,,,,,
1000,101850,ครีมยืดผม ชวาร์สคอฟ สเตรท แกลทท์ 0+N / 2+N 120 มล,,,,,เครื่องสำอางและสินค้าอุปโภคบริโภค,,ล1/2,ชิ้น                ,,100,,FALSE,FALSE,FALSE,85,99,,,,,,,
1000,101851,Lolane พิกเซล ครีมยึดผม สตรอง 110 g V4,,,,,เครื่องสำอางและสินค้าอุปโภคบริโภค,,ล1/2,ชิ้น                ,,100,,FALSE,FALSE,FALSE,87,115,,,,,,,
1000,101852,Farger Hair Care Expert Color Cream 100 ml 9/12 แกรนิต บราวน์,,,,,เครื่องสำอางและสินค้าอุปโภคบริโภค,,ล1/2,ชิ้น                ,,100,,FALSE,FALSE,FALSE,78,85,,,,,,,
1000,101853,Lolane Pixxel P44 สีบลอนด์เข้มประกายเขียว,,,,,เครื่องสำอางและสินค้าอุปโภคบริโภค,,ล1/2,ชิ้น                ,,100,,FALSE,FALSE,FALSE,54,69,,,,,,,
1000,101854,Lolane Pixxel P38 แม่สีน้ำเงิน,,,,,เครื่องสำอางและสินค้าอุปโภคบริโภค,,ล1/2,ชิ้น                ,,100,,FALSE,FALSE,FALSE,54,69,,,,,,,
1000,101855,DIPSO V8 สีเทาอมเขียวประกายเขียวหมอก ซีจี 3/1,,,,,เครื่องสำอางและสินค้าอุปโภคบริโภค,,ล1/3,ชิ้น                ,,100,,FALSE,FALSE,FALSE,43,49,,,,,,,
1000,101856,DIPSO VB 27  สีม่วงประกายแดง อาร์วี 5/6,,,,,เครื่องสำอางและสินค้าอุปโภคบริโภค,,ล1/3,ชิ้น                ,,100,,FALSE,FALSE,FALSE,48,59,,,,,,,
1000,101857,DIPSO V25 สีน้ำตาลช็อคโกแลต บีอาร์ 6/75,,,,,เครื่องสำอางและสินค้าอุปโภคบริโภค,,ล1/3,ชิ้น                ,,100,,FALSE,FALSE,FALSE,43,49,,,,,,,
1000,101858,Lolane Z-Cool Color Milk Y32 สีเทาหม่นเหลือบเขียว 45 g,,,,,เครื่องสำอางและสินค้าอุปโภคบริโภค,,ล1/3,ชิ้น                ,,100,,FALSE,FALSE,FALSE,115,169,,,,,,,
1000,101859,Lolane Z-Cool Color Milk Y6 บลอนด์อ่อนหม่นเขียว (Light Green Ash Blonde) 45 g,,,,,เครื่องสำอางและสินค้าอุปโภคบริโภค,,ล1/3,ชิ้น                ,,100,,FALSE,FALSE,FALSE,115,169,,,,,,,
1000,101860,Lolane Z-Cool Color Milk Y5 บลอนด์ประกายหม่น (Light Golden Ash Blonde) 45 g,,,,,เครื่องสำอางและสินค้าอุปโภคบริโภค,,ล1/3,ชิ้น                ,,100,,FALSE,FALSE,FALSE,115,169,,,,,,,
1000,101861,Lolane Z-Cool Color Milk Y2 บลอนด์เข้ม (Dark Golden Blonde) 45 g,,,,,เครื่องสำอางและสินค้าอุปโภคบริโภค,,ล1/3,ชิ้น                ,,100,,FALSE,FALSE,FALSE,115,169,,,,,,,
1000,101862,Lolane Z-Cool Color Milk Y1 บลอนด์อ่อนมาก (Very Light Intense Golden Blonde) 45 g,,,,,เครื่องสำอางและสินค้าอุปโภคบริโภค,,ล1/3,ชิ้น                ,,100,,FALSE,FALSE,FALSE,115,169,,,,,,,
1000,101863,ลอรีอัลเอกเซลเลนซ์ 1,,,,,เครื่องสำอางและสินค้าอุปโภคบริโภค,,ล1/4,ชิ้น                ,,100,,FALSE,FALSE,FALSE,256,275,,,,,,,
1000,101864,ลอรีอัลเอกเซลเลนซ์ 4,,,,,เครื่องสำอางและสินค้าอุปโภคบริโภค,,ล1/4,ชิ้น                ,,100,,FALSE,FALSE,FALSE,256,275,,,,,,,
1000,101865,ลอรีอัลเอกเซลเลนซ์ 7.1,,,,,เครื่องสำอางและสินค้าอุปโภคบริโภค,,ล1/4,ชิ้น                ,,100,,FALSE,FALSE,FALSE,256,275,,,,,,,
1000,101866,Dcash Mass 50 ml MG802 น้ำตาลทองอ่อน,,,,,เครื่องสำอางและสินค้าอุปโภคบริโภค,,ล1/4,ชิ้น                ,,100,,FALSE,FALSE,FALSE,45,55,,,,,,,
1000,101867,Dcash Mass 50 ml MR301  น้ำตาลออกแดง,,,,,เครื่องสำอางและสินค้าอุปโภคบริโภค,,ล1/4,ชิ้น                ,,100,,FALSE,FALSE,FALSE,45,55,,,,,,,
1000,101868,Dcash Mass 50 ml MG801 น้ำตาลประกายทอง,,,,,เครื่องสำอางและสินค้าอุปโภคบริโภค,,ล1/4,ชิ้น                ,,100,,FALSE,FALSE,FALSE,45,55,,,,,,,
1000,101869,ครีมย้อมผมอีซี่คัลเลอร์ 484 โฉมใหม่ สีน้ำตาลเข้ม 8,,,,,เครื่องสำอางและสินค้าอุปโภคบริโภค,,ล1/4,ชิ้น                ,,100,,FALSE,FALSE,FALSE,103,129,,,,,,,
1000,101871,ดิ๊พโซ่แว็กหลอดสีส้มประกายทองแดง150มล.,,,,,เครื่องสำอางและสินค้าอุปโภคบริโภค,,ล1/5,ชิ้น                ,,100,,FALSE,FALSE,FALSE,65,75,,,,,,,
1000,101872,Dipso Hair Color Wax Treatment 150 ml สีม่วงแดง,,,,,เครื่องสำอางและสินค้าอุปโภคบริโภค,,ล1/5,ชิ้น                ,,100,,FALSE,FALSE,FALSE,65,79,,,,,,,
1000,101873,FG Keratin Hair Color 235ml สีแดง,,,,,เครื่องสำอางและสินค้าอุปโภคบริโภค,,ล1/5,ชิ้น                ,,100,,FALSE,FALSE,FALSE,130,148,,,,,,,
1000,101874,FG Keratin Hair Color 235ml สีเคลือบ,,,,,เครื่องสำอางและสินค้าอุปโภคบริโภค,,ล1/5,ชิ้น                ,,100,,FALSE,FALSE,FALSE,130,149,,,,,,,
1000,101875,Loreal revitalift Night,,,,,เครื่องสำอางและสินค้าอุปโภคบริโภค,,ล4/1,ซอง                 ,,100,,FALSE,FALSE,FALSE,26.5,37,,,,,,,
1000,101876,ลอรีอัล รีไวทัลลิฟท์ มอยซ์เจอร์ไรซ์ซิ่ง ครีม เดย์ แอนไท ริงเคิล+เรเดียนส์ SPF 35 PA++,,,,,เครื่องสำอางและสินค้าอุปโภคบริโภค,,ล4/1,ชิ้น                ,,100,,FALSE,FALSE,FALSE,28,39,,,,,,,
1000,101877,Whitamin C Day Cream & Whitamin C Spot Serum 6ml+6ml Cathy Doll,,,,,เครื่องสำอางและสินค้าอุปโภคบริโภค,,ล4/1,ชิ้น                ,,100,,FALSE,FALSE,FALSE,25,39,,,,,,,
1000,101878,Keumhyeon Vitamin C & Glutathione Plus Ginseng 8ml Bergamo*,,,,,เครื่องสำอางและสินค้าอุปโภคบริโภค,,ล4/1,ชิ้น                ,,100,,FALSE,FALSE,FALSE,29,35,,,,,,,
1000,101879,lighi HD sivanna01,,,,,เครื่องสำอางและสินค้าอุปโภคบริโภค,,ล4/1,กล่อง               ,,100,,FALSE,FALSE,FALSE,0,160,,,,,,,
1000,101880,Moods HORSE OIL Aqua Moisturizing Water Lotion (HM171L),,,,,เครื่องสำอางและสินค้าอุปโภคบริโภค,,ล4/1,ชิ้น                ,,100,,FALSE,FALSE,FALSE,72.25,169,,,,,,,
1000,101881,Himalaya Since 1930 Under Eye Cream 15 ml ครีมทาใต้ตา,,,,,เครื่องสำอางและสินค้าอุปโภคบริโภค,,ล4/1,ชิ้น                ,,100,,FALSE,FALSE,FALSE,96,150,,,,,,,
1000,101882,Whitamin C Day Cream 50ml Cathy Doll,,,,,เครื่องสำอางและสินค้าอุปโภคบริโภค,,ล4/1,ชิ้น                ,,100,,FALSE,FALSE,FALSE,250,450,,,,,,,
1000,101883,นีเวียสเปรย์เอ็กซ์ตร้าซี&อี150มล,,,,,เครื่องสำอางและสินค้าอุปโภคบริโภค,,ล4/1,ชิ้น                ,,100,,FALSE,FALSE,FALSE,105,115,,,,,,,
1000,101884,White Spa White Mask Roll-on 100 ml.,,,,,เครื่องสำอางและสินค้าอุปโภคบริโภค,,ล4/1,อัน                 ,,100,,FALSE,FALSE,FALSE,31,65,,,,,,,
1000,101885,Mistine white Spa Roll-on 100 ml.,,,,,เครื่องสำอางและสินค้าอุปโภคบริโภค,,ล4/1,อัน                 ,,100,,FALSE,FALSE,FALSE,33,65,,,,,,,
1000,101886,กลิ่น แคทลียาโรลออน 50 มล.,,,,,เครื่องสำอางและสินค้าอุปโภคบริโภค,,ล4/1,ชิ้น                ,,100,,FALSE,FALSE,FALSE,28,55,,,,,,,
1000,101887,White Moon Perfume Lotion 150ml Cathy Doll,,,,,เครื่องสำอางและสินค้าอุปโภคบริโภค,,ล4/2,ชิ้น                ,,100,,FALSE,FALSE,FALSE,150,199,,,,,,,
1000,101888,มิสทีน ซุปเปอร์ นาโน ไวท์เทนนิ่ง โลชั่น 250 มล.,,,,,เครื่องสำอางและสินค้าอุปโภคบริโภค,,ล4/2,ชิ้น                ,,100,,FALSE,FALSE,FALSE,44,65,,,,,,,
1000,101889,มิสทีน ซุปเปอร์ ไวท์เทนนิ่ง เนเชอรัล เอเอชเอ ยูวี โลชั่น 250 มล.,,,,,เครื่องสำอางและสินค้าอุปโภคบริโภค,,ล4/2,ชิ้น                ,,100,,FALSE,FALSE,FALSE,49,65,,,,,,,
1000,101890,ไวท์ สปา โกลด์ คาเวียร์ ชาวเวอร์ ครีม 200 มล.,,,,,เครื่องสำอางและสินค้าอุปโภคบริโภค,,ล4/2,ชิ้น                ,,100,,FALSE,FALSE,FALSE,39,65,,,,,,,
1000,101891,ไวท์ สปา ไวท์ มัคส์ ชาวเวอร์ ครีม 200 มล.,,,,,เครื่องสำอางและสินค้าอุปโภคบริโภค,,ล4/2,ชิ้น                ,,100,,FALSE,FALSE,FALSE,39,65,,,,,,,
1000,101892,ไวท์ สปา ไวท์ เบอร์รี่ ชาวเวอร์ ครีม 200 มล.,,,,,เครื่องสำอางและสินค้าอุปโภคบริโภค,,ล4/2,ชิ้น                ,,100,,FALSE,FALSE,FALSE,39,65,,,,,,,
1000,101893,KA เอ็กซ์เพิร์ท แอนตี้ เมลาสม่า เซรั่ม  ท่าฝ้า 7 g,,,,,เครื่องสำอางและสินค้าอุปโภคบริโภค,,ล4/2,ชิ้น                ,,100,,FALSE,FALSE,FALSE,40,49,,,,,,,
1000,101894,อะลิเซ่เซรั่มเกาหลีมิราเคิลบูสติ้งซอง7มล.,,,,,เครื่องสำอางและสินค้าอุปโภคบริโภค,,ล4/2,ชิ้น                ,,100,,FALSE,FALSE,FALSE,29,35,,,,,,,
1000,101895,ครีมอาบน้ำรีเฟรช เอนเนอร์ใจซิ่ง อโรมา 500 มล.,,,,,เครื่องสำอางและสินค้าอุปโภคบริโภค,,ล4/3,ชิ้น                ,,100,,FALSE,FALSE,FALSE,65,129,,,,,,,
1000,101896,ครีมอาบน้ำมะหาด ชาวเวอร์ ครีม 500 มล.,,,,,เครื่องสำอางและสินค้าอุปโภคบริโภค,,ล4/3,ชิ้น                ,,100,,FALSE,FALSE,FALSE,65,129,,,,,,,
1000,101897,Palmolive Naturals Irresistible Softness Shower Milk 500 ml,,,,,เครื่องสำอางและสินค้าอุปโภคบริโภค,,ล4/3,ชิ้น                ,,100,,FALSE,FALSE,FALSE,79,95,,,,,,,
1000,101898,ท็อป คันทรี่ ชาวเวอร์ 500 มล.ฟรี ท็อป คันทรี แอคเนย์,,,,,เครื่องสำอางและสินค้าอุปโภคบริโภค,,ล4/3,ชิ้น                ,,100,,FALSE,FALSE,FALSE,84,125,,,,,,,
1000,101899,มิสทีน ซุปเปอร์ นาโน ไวท์เทนนิ่ง โลชั่น 400 มล.,,,,,เครื่องสำอางและสินค้าอุปโภคบริโภค,,ล4/3,ชิ้น                ,,100,,FALSE,FALSE,FALSE,64,99,,,,,,,
1000,101900,Karmart Browit Professional Clean Eye &Lip เช็ดเครื่องสำอาง 45 ml,,,,,เครื่องสำอางและสินค้าอุปโภคบริโภค,,ล4/4,ชิ้น                ,,100,,FALSE,FALSE,FALSE,77,99,,,,,,,
1000,101901,30% Sea Water Essence Mist 110ml Cathy Doll,,,,,เครื่องสำอางและสินค้าอุปโภคบริโภค,,ล4/4,ชิ้น                ,,100,,FALSE,FALSE,FALSE,225,299,,,,,,,
1000,101902,Cathy Doll Bright Up Cleansing Water,,,,,เครื่องสำอางและสินค้าอุปโภคบริโภค,,ล4/4,ชิ้น                ,,100,,FALSE,FALSE,FALSE,160,220,,,,,,,
1000,101903,Lifeford Cica Micellar Cleansing  Water,,,,,เครื่องสำอางและสินค้าอุปโภคบริโภค,,ล4/4,ชิ้น                ,,100,,FALSE,FALSE,FALSE,120,185,,,,,,,
1000,101904,Vanekaa Orange Hyaluronic Acid Ampoule Essence Lotion 500ml,,,,,เครื่องสำอางและสินค้าอุปโภคบริโภค,,ล4/4,ชิ้น                ,,100,,FALSE,FALSE,FALSE,70,149,,,,,,,
1000,101905,ไลฟ์ฟอร์ด วิซ ฮาเซล & โรส วิเตอร์ เฟซ โทนเนอร์ต เซรั่ม 280 ml,,,,,เครื่องสำอางและสินค้าอุปโภคบริโภค,,ล4/4,ชิ้น                ,,100,,FALSE,FALSE,FALSE,145,145,,,,,,,
1000,101906,ไลฟ์ฟอร์ด ไซกา ทรานซามิค แอซิค รีเฟรชชิ่ง เฟช เซรั่ม 280 ml,,,,,เครื่องสำอางและสินค้าอุปโภคบริโภค,,ล4/4,ชิ้น                ,,100,,FALSE,FALSE,FALSE,145,145,,,,,,,
1000,101907,ไลฟ์ฟอร์ด วิท ซี ไวท์เทนนิ่ง เฟซ   เซรั่ม 280 ml,,,,,เครื่องสำอางและสินค้าอุปโภคบริโภค,,ล4/4,ชิ้น                ,,100,,FALSE,FALSE,FALSE,145,145,,,,,,,
1000,101908,ฮาดะมิเรอิไวท์เทนนิ่งน้ำตบ180มล(มิวมิว),,,,,เครื่องสำอางและสินค้าอุปโภคบริโภค,,ล5/1,ชิ้น                ,,100,,FALSE,FALSE,FALSE,80,99,,,,,,,
1000,101909,Bioderma Sebium Gel moussant 200 ml,,,,,เครื่องสำอางและสินค้าอุปโภคบริโภค,,ล5/1,ชิ้น                ,,100,,FALSE,FALSE,FALSE,560,655,,,,,,,
1000,101910,Bioderma Sebium H2O 100 ml,,,,,เครื่องสำอางและสินค้าอุปโภคบริโภค,,ล5/1,ชิ้น                ,,100,,FALSE,FALSE,FALSE,390,440,,,,,,,
1000,101911,มิลค์กี้เคล็นซิ่งโลชั่น 100 มล.,,,,,เครื่องสำอางและสินค้าอุปโภคบริโภค,,ล5/1,ชิ้น                ,,100,,FALSE,FALSE,FALSE,90,145,,,,,,,
1000,101912,KA ไวท์โฟม 50 g,,,,,เครื่องสำอางและสินค้าอุปโภคบริโภค,,ล5/1,ชิ้น                ,,100,,FALSE,FALSE,FALSE,30.5,65,,,,,,,
1000,101913,KA วิฟโฟมล้างหน้า 50 g,,,,,เครื่องสำอางและสินค้าอุปโภคบริโภค,,ล5/1,ชิ้น                ,,100,,FALSE,FALSE,FALSE,50,75,,,,,,,
1000,101914,Senka Perfect Whip White Clay,,,,,เครื่องสำอางและสินค้าอุปโภคบริโภค,,ล5/1,ชิ้น                ,,100,,FALSE,FALSE,FALSE,134,159,,,,,,,
1000,101915,Senka Perfect Whip Collage,,,,,เครื่องสำอางและสินค้าอุปโภคบริโภค,,ล5/1,ชิ้น                ,,100,,FALSE,FALSE,FALSE,155,175,,,,,,,
1000,101916,Hya Cushion Facial Foam Cleanser 120ml Cathy Doll,ACETYLCYSTEINE,MOUTH/THROAT PREPARATIONS,ขย.9,,เครื่องสำอางและสินค้าอุปโภคบริโภค,,ตู้ A1,ขวด,,100,,FALSE,FALSE,FALSE,75,130,60,,,,,,
1000,101917,Acne Solution Serum Foam Cleanser 100ml (New Package) Cathy Doll,ACETYLCYSTEINE,ANTIDIARRHOEALS,ขย.9,,เครื่องสำอางและสินค้าอุปโภคบริโภค,,ตู้ A1,ขวด,,100,,FALSE,FALSE,FALSE,55,110,60,,,,,,
1000,101918,Make Up Remover Toner & Serum Foam Cleanser 100ml (New Package) Cathy Doll,ACETYLCYSTEINE,ANTIDIARRHOEALS,ขย.9,,เครื่องสำอางและสินค้าอุปโภคบริโภค,,ตู้ A1,ขวด,,100,,FALSE,FALSE,FALSE,55,110,59,,,,,,
1000,101919,Clean and Clear Natural Bright Face Wash 50 ml,ACETYLCYSTEINE,ANTIDIARRHOEALS,ขย.9,,เครื่องสำอางและสินค้าอุปโภคบริโภค,,ตู้ A1,ขวด,,100,,FALSE,FALSE,FALSE,45,80,75,,,,,,
1000,101920,Clean and Clear Foaming Face wash 50 ml,,,,,เครื่องสำอางและสินค้าอุปโภคบริโภค,,ล5/2,ชิ้น                ,,100,,FALSE,FALSE,FALSE,30,39,,,,,,,
1000,101921,Clean and Clear Morning Energy Gel Cleanser Energizing Berry 100 ml,,,,,เครื่องสำอางและสินค้าอุปโภคบริโภค,,ล5/2,ชิ้น                ,,100,,FALSE,FALSE,FALSE,78,95,,,,,,,
1000,101922,Clean and Clear Morning Energy Gel Cleanser Energizing Berry 100 ml,,,,,เครื่องสำอางและสินค้าอุปโภคบริโภค,,ล5/2,ชิ้น                ,,100,,FALSE,FALSE,FALSE,78,95,,,,,,,
1000,101923,Clean and Clear Morning Energy Gel Cleanser Brightening Lemon 100 ml,,,,,เครื่องสำอางและสินค้าอุปโภคบริโภค,,ล5/2,ชิ้น                ,,100,,FALSE,FALSE,FALSE,78,95,,,,,,,
1000,101924,คลีน & แคร์ดีพเคล็นซิ่งโลชั่น (ผิวผสม) 120 ml,,,,,เครื่องสำอางและสินค้าอุปโภคบริโภค,,ล5/2,ชิ้น                ,,100,,FALSE,FALSE,FALSE,49,69,,,,,,,
1000,101925,Baby Bright Watermelon & Hya Facial Foam,,,,,เครื่องสำอางและสินค้าอุปโภคบริโภค,,ล5/2,ชิ้น                ,,100,,FALSE,FALSE,FALSE,65,99,,,,,,,
1000,101926,POND'S White Beauty Facial Foam 15 g,,,,,เครื่องสำอางและสินค้าอุปโภคบริโภค,,ล5/2,ชิ้น                ,,100,,FALSE,FALSE,FALSE,17,25,,,,,,,
1000,101927,MAENAY Scrub Soap สบู่แม่นายขัดผิวขาว 50 g,ACETYLCYSTEINE,MOUTH/THROAT PREPARATIONS,ขย.9,,เครื่องสำอางและสินค้าอุปโภคบริโภค,,ตู้ A1,ขวด,,100,,FALSE,FALSE,FALSE,35,55,30,,,,,,
1000,101928,เรยาฮานาโกะสบู่มะละกอ160กรัม,,,,,เครื่องสำอางและสินค้าอุปโภคบริโภค,,ล5/3,ชิ้น                ,,100,,FALSE,FALSE,FALSE,28,39,,,,,,,
1000,101929,แป้งหอมโรยตัวบลอสซั่มพิ้งค์โรส 100 กรัม,,,,,เครื่องสำอางและสินค้าอุปโภคบริโภค,,ล5/3,ชิ้น                ,,100,,FALSE,FALSE,FALSE,31,59,,,,,,,
1000,101930,ทานาคา ทัลคัม พาวเดอร์ 100 กรัม,,,,,เครื่องสำอางและสินค้าอุปโภคบริโภค,,ล5/3,ชิ้น                ,,100,,FALSE,FALSE,FALSE,31,59,,,,,,,
1000,101931,Sissano 60 g  ครีมมะละกอรอยดำตามตัว ขาวใน 3 วัน,,,,,เครื่องสำอางและสินค้าอุปโภคบริโภค,,ล5/3,ชิ้น                ,,100,,FALSE,FALSE,FALSE,110,169,,,,,,,
1000,101932,C & E Rose & Strawberry Body Lotion 150ml Baby Bright,,,,,เครื่องสำอางและสินค้าอุปโภคบริโภค,,ล5/3,ชิ้น                ,,100,,FALSE,FALSE,FALSE,42,65,,,,,,,
1000,101933,UV+LED Nail Lamp เครื่อง UV อบเล็บ,,,,,เครื่องสำอางและสินค้าอุปโภคบริโภค,,ล5/4,ชิ้น                ,,100,,FALSE,FALSE,FALSE,118,165,,,,,,,
1000,101934,เครื่องนวดหน้า ผลักครีม ยกกระชับ นวดหน้า สปาหน้า สปา SPA,,,,,เครื่องสำอางและสินค้าอุปโภคบริโภค,,ล5/4,ชิ้น                ,,100,,FALSE,FALSE,FALSE,28,59,,,,,,,
1000,101935,Face Massage Beauty เครื่องนวดหน้าอัลตร้าโซนิค ผลักครีม กระชับรูขมขน มีถ่านพร้อมใช้ 1ก้อน,,,,,เครื่องสำอางและสินค้าอุปโภคบริโภค,,ล5/4,ชิ้น                ,,100,,FALSE,FALSE,FALSE,110,179,,,,,,,
1000,101936,แป้ง ไวท์สปา ยูวี ไวท์ เพอร์ฟูม ทัล 200 กรัม,,,,,เครื่องสำอางและสินค้าอุปโภคบริโภค,,ล5/4,ชิ้น                ,,100,,FALSE,FALSE,FALSE,35,65,,,,,,,
1000,101937,แป้งหอมโรยตัว มิสทินไวท์สปาไวท์มัสค์200กรัม,,,,,เครื่องสำอางและสินค้าอุปโภคบริโภค,,ล5/4,ขวด                 ,,100,,FALSE,FALSE,FALSE,19.5,65,,,,,,,
1000,101938,มิสทีน แป้ง สวีท แอนด์ บิวตี้ฟูล เพอร์ฟูม ทัลค์ 200 กรัม,,,,,เครื่องสำอางและสินค้าอุปโภคบริโภค,,ล5/4,ชิ้น                ,,100,,FALSE,FALSE,FALSE,31,59,,,,,,,
1000,101939,แบ่งหอมโรยตัว กลิ่นแคทลียา เพอร์ฟูม ทัล 100 กรัม,,,,,เครื่องสำอางและสินค้าอุปโภคบริโภค,,ล5/4,ชิ้น                ,,100,,FALSE,FALSE,FALSE,21,39,,,,,,,
1000,101940,แป้งสวีท&บิวตี้ 100 กรัม,,,,,เครื่องสำอางและสินค้าอุปโภคบริโภค,,ล5/4,ชิ้น                ,,100,,FALSE,FALSE,FALSE,39,49,,,,,,,
1000,101941,เอบอนเน่เกลือสปาไวเทนนึ่งลูกพืชB3 350กรัม,,,,,เครื่องสำอางและสินค้าอุปโภคบริโภค,,ล5/4,ชิ้น                ,,100,,FALSE,FALSE,FALSE,40,49,,,,,,,
1000,101942,เดอลิเซ่เกลือสปาว่านหางจระเข้800กรัม,,,,,เครื่องสำอางและสินค้าอุปโภคบริโภค,,ล5/4,ชิ้น                ,,100,,FALSE,FALSE,FALSE,30,39,,,,,,,
1000,101943,แป้งหอมแคทลียา 400 กรัม,,,,,เครื่องสำอางและสินค้าอุปโภคบริโภค,,ล5/5,ชิ้น                ,,100,,FALSE,FALSE,FALSE,42,79,,,,,,,
1000,101944,แป้งเย็น Protex  บลอสซัม  280 กรัม ,,,ขย.9,,เครื่องสำอางและสินค้าอุปโภคบริโภค,,ล5/5,ขวด                 ,,100,,FALSE,FALSE,FALSE,0,49,,,,,,,
1000,101945,แป้งเย็น Protex ฟลอรัล พิงค์ 280 กรัม ,,,ขย.9,,เครื่องสำอางและสินค้าอุปโภคบริโภค,,ล5/5,ขวด                 ,,100,,FALSE,FALSE,FALSE,43,49,,,,,,,
1000,101946,แป้งเย็น นกแก้ว (ชมพู) 260 กรัม,,,,,เครื่องสำอางและสินค้าอุปโภคบริโภค,,ล5/5,ขวด                 ,,100,,FALSE,FALSE,FALSE,35,45,,,,,,,
1000,101947,LUOFMISS แฮนด์ครีม ครีมบำรุงผิวมือ ครีมทามือ สูตรผลไม้ 30 g. Moisture Hand Cream,,,,,เครื่องสำอางและสินค้าอุปโภคบริโภค,,ล5/5,ชิ้น                ,,100,,FALSE,FALSE,FALSE,14,29,,,,,,,
1000,101948,Polka ทาส้นเท้าแตก,,,,,เครื่องสำอางและสินค้าอุปโภคบริโภค,,ล5/5,กล่อง               ,,100,,FALSE,FALSE,FALSE,73,120,,,,,,,
1000,101949,นวดหน้าอกอิสมี 100g,,,,,เครื่องสำอางและสินค้าอุปโภคบริโภค,,ล5/5,ชิ้น                ,,100,,FALSE,FALSE,FALSE,100,129,,,,,,,
1000,101950,เอบอนเน่เกลือขัดผิวแตงโม350g,,,,,เครื่องสำอางและสินค้าอุปโภคบริโภค,,ล5/5,ชิ้น                ,,100,,FALSE,FALSE,FALSE,40,49,,,,,,,
1000,101951,เบซซี่เลอสกินบอดี้แว็กซ์/ 10แผ่น,,,,,เครื่องสำอางและสินค้าอุปโภคบริโภค,,ล5/5,ชิ้น                ,,100,,FALSE,FALSE,FALSE,55,89,,,,,,,
1000,101952,Moods Snail Gold Starry Facial Treatment Mask,,,,,เครื่องสำอางและสินค้าอุปโภคบริโภค,,ล6/1,ชิ้น                ,,100,,FALSE,FALSE,FALSE,8.5,25,,,,,,,
1000,101953,EAST SKIN Lemon Moisturizing Facial Mask,,,,,เครื่องสำอางและสินค้าอุปโภคบริโภค,,ล6/1,ชิ้น                ,,100,,FALSE,FALSE,FALSE,8.8,25,,,,,,,
1000,101954,โรจูคิสมาคหน้าสูตรแอคเน่25มล.,,,,,เครื่องสำอางและสินค้าอุปโภคบริโภค,,ล6/1,ชิ้น                ,,100,,FALSE,FALSE,FALSE,32,39,,,,,,,
1000,101955,โรจูคิสมาคหน้าสูตรเฟิร์ม25มล.,,,,,เครื่องสำอางและสินค้าอุปโภคบริโภค,,ล6/1,ชิ้น                ,,100,,FALSE,FALSE,FALSE,32,39,,,,,,,
1000,101956,Moods Watermelon Moist and Smooth,,,,,เครื่องสำอางและสินค้าอุปโภคบริโภค,,ล6/1,ชิ้น                ,,100,,FALSE,FALSE,FALSE,8.8,25,,,,,,,
1000,101957,mask  ส้ม,,,,,เครื่องสำอางและสินค้าอุปโภคบริโภค,,ล6/1,ซอง                 ,,100,,FALSE,FALSE,FALSE,9,25,,,,,,,
1000,101958,Tomato Mosisturizing,,,,,เครื่องสำอางและสินค้าอุปโภคบริโภค,,ล6/1,ชิ้น                ,,100,,FALSE,FALSE,FALSE,9,25,,,,,,,
1000,101959,Lively Carrot Mask 25g (EXP) Cathy Doll (F) Sweety Recipe,,,ขย.9,,เครื่องสำอางและสินค้าอุปโภคบริโภค,,ล6/1,ชิ้น                ,,100,,FALSE,FALSE,FALSE,16,49,,,,,,,
1000,101960,mask cucumber แตงกวา,,,,,เครื่องสำอางและสินค้าอุปโภคบริโภค,,ล6/2,ซอง                 ,,100,,FALSE,FALSE,FALSE,9,25,,,,,,,
1000,101961,Shiny Purple Cabbage Mask 25g (EXP) Cathy Doll (F) Sweety Recipe,,,,,เครื่องสำอางและสินค้าอุปโภคบริโภค,,ล6/2,ชิ้น                ,,100,,FALSE,FALSE,FALSE,16,39,,,,,,,
1000,101962,BELOV ALOE VERA Moisturizing Facial Mask (JI0041As),,,,,เครื่องสำอางและสินค้าอุปโภคบริโภค,,ล6/2,ชิ้น                ,,100,,FALSE,FALSE,FALSE,8.8,25,,,,,,,
1000,101963,สบู่ไซโกโนะ60กรัม,,,,,เครื่องสำอางและสินค้าอุปโภคบริโภค,,ล6/2,ชิ้น                ,,100,,FALSE,FALSE,FALSE,40,59,,,,,,,
1000,101965,มาดามเฮงไวท์สปาสูตร150กรัม,,,,,เครื่องสำอางและสินค้าอุปโภคบริโภค,,ล6/2,ชิ้น                ,,100,,FALSE,FALSE,FALSE,47,55,,,,,,,
1000,101967,ยาสีฟัน กลิ่นผลไม้ ฟันขาว ป้องกันฟันพุ ลดกลิ่นปาก องุ่น-น้ำผึ้ง,,,,,เครื่องสำอางและสินค้าอุปโภคบริโภค,,ล6/3,ชิ้น                ,,100,,FALSE,FALSE,FALSE,25,49,,,,,,,
1000,101968,ยาสีฟัน กลิ่นผลไม้ ฟันขาว ป้องกันฟันพุ ลดกลิ่นปาก พีช-น้ำผึ้ง,,,,,เครื่องสำอางและสินค้าอุปโภคบริโภค,,ล6/3,ชิ้น                ,,100,,FALSE,FALSE,FALSE,25,49,,,,,,,
1000,101969,เอ็ิกซ์คิวท์ มี ซิมพลี ยาสีฟัน สูตร เฮร์บ แอคทีฟ เฟรชฟันขาว 30 g.,,,,,เครื่องสำอางและสินค้าอุปโภคบริโภค,,ล6/3,ชิ้น                ,,100,,FALSE,FALSE,FALSE,10,39,,,,,,,
1000,101971,ซิสเท็มมา เชอร์รี่ บลอสซัม อัลตร้า แคร์&โพรเทคท์ 40 g,,,,,เครื่องสำอางและสินค้าอุปโภคบริโภค,,ล6/3,ชิ้น                ,,100,,FALSE,FALSE,FALSE,9,19,,,,,,,
1000,101974,เอบีน่า - สบู่ทองคำ สำหรับหน้าฝ้า 30 g,,,,,เครื่องสำอางและสินค้าอุปโภคบริโภค,,ล6/3,ชิ้น                ,,100,,FALSE,FALSE,FALSE,0,49,,,,,,,
1000,101975,เดอลีฟสบู่ทับทิม100g,,,,,เครื่องสำอางและสินค้าอุปโภคบริโภค,,ล6/3,ชิ้น                ,,100,,FALSE,FALSE,FALSE,40,49,,,,,,,
1000,101983,เอ็กซ์คิวมีครีมบํารุงเส้นผมเอ็กซ์มอยส์ตร้าสีชมพู 220มล.,,,,,เครื่องสำอางและสินค้าอุปโภคบริโภค,,ล7/1,ชิ้น                ,,100,,FALSE,FALSE,FALSE,70,89,,,,,,,
1000,101984,แคร์บิวสเปรย์ผมลีฟออนแฮร์เคราติน 220 มล,,,,,เครื่องสำอางและสินค้าอุปโภคบริโภค,,ล7/1,ชิ้น                ,,100,,FALSE,FALSE,FALSE,80,99,,,,,,,
1000,101985,แคร์บิวแฮร์เซรั่มเคราติน280มล,,,,,เครื่องสำอางและสินค้าอุปโภคบริโภค,,ล7/1,ชิ้น                ,,100,,FALSE,FALSE,FALSE,85,135,,,,,,,
1000,101986,โลแลนลิควิดเจล200มล.,,,,,เครื่องสำอางและสินค้าอุปโภคบริโภค,,ล7/1,ชิ้น                ,,100,,FALSE,FALSE,FALSE,65,79,,,,,,,
1000,101987,Zilkopf Expert  18 Amino acid & Tsubaki Hair Serum เซรั่มบำรุงผม,,,,,เครื่องสำอางและสินค้าอุปโภคบริโภค,,ล7/1,ชิ้น                ,,100,,FALSE,FALSE,FALSE,140,159,,,,,,,
1000,101988,ดิ๊พโซ่จับลอนผมดัด150g,,,,,เครื่องสำอางและสินค้าอุปโภคบริโภค,,ล7/1,ชิ้น                ,,100,,FALSE,FALSE,FALSE,72,89,,,,,,,
1000,101989,ดิ๊ฟโซ่แอร์สเปรย์ซุปเปอร์สตรองโฮลด์สีชมพู220มล.,,,,,เครื่องสำอางและสินค้าอุปโภคบริโภค,,ล7/1,ชิ้น                ,,100,,FALSE,FALSE,FALSE,80,89,,,,,,,
1000,101990,แคริ่ง สเปร์ยแข็งฟ้า 120Iml(สเปรย์เขียว),,,,,เครื่องสำอางและสินค้าอุปโภคบริโภค,,ล7/1,ชิ้น                ,,100,,FALSE,FALSE,FALSE,47,55,,,,,,,
1000,101991,แคร์ริ่งสเปรย์แข็งม่วง120มล. (สเปรย์แดง),,,,,เครื่องสำอางและสินค้าอุปโภคบริโภค,,ล7/1,ชิ้น                ,,100,,FALSE,FALSE,FALSE,47,55,,,,,,,
1000,101992,แครึ่งจับลอนขาว350มล,,,,,เครื่องสำอางและสินค้าอุปโภคบริโภค,,ล7/1,ชิ้น                ,,100,,FALSE,FALSE,FALSE,28,35,,,,,,,
1000,101993,โลแลน ฟรีสไตล์ เจล สเปรย์ 215 มล  สีม่วง,,,,,เครื่องสำอางและสินค้าอุปโภคบริโภค,,ล7/1,ชิ้น                ,,100,,FALSE,FALSE,FALSE,48,89,,,,,,,
1000,101994,โลแลน ฟรีสไตล์ เจล สเปรย์ 215 มล  สีฟ้า,,,,,เครื่องสำอางและสินค้าอุปโภคบริโภค,,ล7/1,ชิ้น                ,,100,,FALSE,FALSE,FALSE,48,89,,,,,,,
1000,101995,แครึ่ง สเปร์ยแข็งม่วง220ml(สเปรย์แดง),,,,,เครื่องสำอางและสินค้าอุปโภคบริโภค,,ล7/1,ชิ้น                ,,100,,FALSE,FALSE,FALSE,65,69,,,,,,,
1000,101996,ดิ๊พโซ่ซีเคร็ทสมูทติ้งสูตรคอลลาเจน200ml.,,,,,เครื่องสำอางและสินค้าอุปโภคบริโภค,,ล7/1,ชิ้น                ,,100,,FALSE,FALSE,FALSE,125,139,,,,,,,
1000,101997,Caring Hair Expert D-Panthenol 130 ml,,,,,เครื่องสำอางและสินค้าอุปโภคบริโภค,,ล7/1,ชิ้น                ,,100,,FALSE,FALSE,FALSE,65,85,,,,,,,
1000,101998,Tros Super Hold  สีม่วง 45 g,,,,,เครื่องสำอางและสินค้าอุปโภคบริโภค,,ล7/1,ชิ้น                ,,100,,FALSE,FALSE,FALSE,11,20,,,,,,,
1000,101999,ดิ๊ฟโซ่สเปรย์ฝุ่นเจสซีก้า350ml,,,,,เครื่องสำอางและสินค้าอุปโภคบริโภค,,ล7/2,ชิ้น                ,,100,,FALSE,FALSE,FALSE,70,79,,,,,,,
1000,102000,ดีแคชสเปรย์ฝุ่นส้ม-เงา400มล.,,,,,เครื่องสำอางและสินค้าอุปโภคบริโภค,,ล7/2,ชิ้น                ,,100,,FALSE,FALSE,FALSE,85,99,,,,,,,
1000,102001,spvสเปรย์ฝุ่น320ml,,,,,เครื่องสำอางและสินค้าอุปโภคบริโภค,,ล7/2,ชิ้น                ,,100,,FALSE,FALSE,FALSE,140,159,,,,,,,
1000,102002,โลแลนแฮร์สเปรย์ทอง350กรัม,,,,,เครื่องสำอางและสินค้าอุปโภคบริโภค,,ล7/2,ชิ้น                ,,100,,FALSE,FALSE,FALSE,77,85,,,,,,,
1000,102003,แคริ่ง มูสชมพู 220มล,,,,,เครื่องสำอางและสินค้าอุปโภคบริโภค,,ล7/2,ชิ้น                ,,100,,FALSE,FALSE,FALSE,75,89,,,,,,,
1000,102004,เบอริน่า มูสชมพู220มลsale,,,,,เครื่องสำอางและสินค้าอุปโภคบริโภค,,ล7/2,ชิ้น                ,,100,,FALSE,FALSE,FALSE,39,59,,,,,,,
1000,102005,เบอริน่ามูส ชมพู 130มล.sale,,,,,เครื่องสำอางและสินค้าอุปโภคบริโภค,,ล7/2,ชิ้น                ,,100,,FALSE,FALSE,FALSE,29,45,,,,,,,
1000,102006,FGแฮร์ เพอร์เฟ็คเตอร์พีเอช บาลานซ์ แฮร์ (No.3) 170 มล.,,,,,เครื่องสำอางและสินค้าอุปโภคบริโภค,,ล7/2,ชิ้น                ,,100,,FALSE,FALSE,FALSE,230,259,,,,,,,
1000,102007,FGเพอร์เฟ็ก โปรตีน แฮร์ เซรั่ม (No.2) 170 มล.,,,,,เครื่องสำอางและสินค้าอุปโภคบริโภค,,ล7/2,ชิ้น                ,,100,,FALSE,FALSE,FALSE,230,259,,,,,,,
1000,102008,FGเพอร์เฟ็ค แฮร์รีแพร์(No.1) 170 มล.,,,,,เครื่องสำอางและสินค้าอุปโภคบริโภค,,ล7/2,ชิ้น                ,,100,,FALSE,FALSE,FALSE,230,259,,,,,,,
1000,102009,LLพิกเซลออพติมัมฮีท200มล.,,,,,เครื่องสำอางและสินค้าอุปโภคบริโภค,,ล7/2,ชิ้น                ,,100,,FALSE,FALSE,FALSE,118,135,,,,,,,
1000,102010,BSC All Day Repair Hair Cream 120 ml ครีมบำรุงผมไม่ต้องล้างออก,,,,,เครื่องสำอางและสินค้าอุปโภคบริโภค,,ล7/2,ชิ้น                ,,100,,FALSE,FALSE,FALSE,117,139,,,,,,,
1000,102011,(แชมพูชิง) เอ็กซ์คิวท์ มี ซิมพลี จึงเจอร์ แชมพู 85 กรัม,,,,,เครื่องสำอางและสินค้าอุปโภคบริโภค,,ล7/2,ชิ้น                ,,100,,FALSE,FALSE,FALSE,29,49,,,,,,,
1000,102012,(แชมพูดอกโบตั๋น)เอ็กซ์คิวท์ มีซิมพลี โบตั๋น เซนซิที่ฟ แคร์ แชมพู  85 กรัม,,,,,เครื่องสำอางและสินค้าอุปโภคบริโภค,,ล7/2,ชิ้น                ,,100,,FALSE,FALSE,FALSE,29,49,,,,,,,
1000,102013,(แซมพูอัญชัน) เอ็กซ์คิวท์ มี ซิมพลี บัตเตอร์ฟลาย พี แชมพู 85 กรัม,,,,,เครื่องสำอางและสินค้าอุปโภคบริโภค,,ล7/2,ชิ้น                ,,100,,FALSE,FALSE,FALSE,29,49,,,,,,,
1000,102014,BoYA Q 10 Shampoo 500 ml Karmart,,,,,เครื่องสำอางและสินค้าอุปโภคบริโภค,,ล7/2,ชิ้น                ,,100,,FALSE,FALSE,FALSE,70,159,,,,,,,
1000,102017,Lolane For Color Care 50 ml สำหรับผมทำสี,,,,,เครื่องสำอางและสินค้าอุปโภคบริโภค,,ล7/3,ชิ้น                ,,100,,FALSE,FALSE,FALSE,57,75,,,,,,,
1000,102018,ซันออน โสม,,,,,เครื่องสำอางและสินค้าอุปโภคบริโภค,,ล7/3,ขวด                 ,,100,,FALSE,FALSE,FALSE,77,89,,,,,,,
1000,102019,ซันออนแฮร์โทนิกชาเขียว100 มล,,,,,เครื่องสำอางและสินค้าอุปโภคบริโภค,,ล7/3,ชิ้น                ,,100,,FALSE,FALSE,FALSE,67,79,,,,,,,
1000,102020,ซันออนแฮร์โทนิกสาหร่าย100 มล.,,,,,เครื่องสำอางและสินค้าอุปโภคบริโภค,,ล7/3,ชิ้น                ,,100,,FALSE,FALSE,FALSE,67,79,,,,,,,
1000,102021,ซันออนแฮร์โทนิกทานตะวัน100 มล.,,,,,เครื่องสำอางและสินค้าอุปโภคบริโภค,,ล7/3,ชิ้น                ,,100,,FALSE,FALSE,FALSE,67,79,,,,,,,
1000,102022,ลีกาโน่วิตามินผมทานตะวัน120มล.,,,,,เครื่องสำอางและสินค้าอุปโภคบริโภค,,ล7/3,ชิ้น                ,,100,,FALSE,FALSE,FALSE,45,59,,,,,,,
1000,102023,แชมพูเด็กน่ารักบลูเบอรี่สีฟ้า) 200 มล.,,,,,เครื่องสำอางและสินค้าอุปโภคบริโภค,,ล7/3,ชิ้น                ,,100,,FALSE,FALSE,FALSE,38,45,,,,,,,
1000,102024,แชมพูเด็กน่ารักมายค์ (สีเหลือง)200 มล.,,,,,เครื่องสำอางและสินค้าอุปโภคบริโภค,,ล7/3,ชิ้น                ,,100,,FALSE,FALSE,FALSE,38,45,,,,,,,
1000,102025,แชมพูเด็กน่ารักมังคุด200มล.,,,,,เครื่องสำอางและสินค้าอุปโภคบริโภค,,ล7/3,ชิ้น                ,,100,,FALSE,FALSE,FALSE,38,45,,,,,,,
1000,102026,แอทแทค 3D ถุง770มล.,,,,,เครื่องสำอางและสินค้าอุปโภคบริโภค,,ล7/4,ชิ้น                ,,100,,FALSE,FALSE,FALSE,50,79,,,,,,,
1000,102027,แอทแทค3Dทรีดีสปอร์ตสูตรน้ำ720มล,,,,,เครื่องสำอางและสินค้าอุปโภคบริโภค,,ล7/4,ชิ้น                ,,100,,FALSE,FALSE,FALSE,50,79,,,,,,,
1000,102028,แอทแทค3dซอฟแดงสูตรน้ำถุง720มล. Sale,,,,,เครื่องสำอางและสินค้าอุปโภคบริโภค,,ล7/4,ชิ้น                ,,100,,FALSE,FALSE,FALSE,73,79,,,,,,,
1000,102029,ดาวน์นี่ซักผ้าตากในที่ร่มเขียวถุง600มล,,,,,เครื่องสำอางและสินค้าอุปโภคบริโภค,,ล7/4,ชิ้น                ,,100,,FALSE,FALSE,FALSE,50,65,,,,,,,
1000,102030,ดาวนี่ซักผ้าการ์เด้นท์บลูม550มล,,,,,เครื่องสำอางและสินค้าอุปโภคบริโภค,,ล7/4,ชิ้น                ,,100,,FALSE,FALSE,FALSE,55,69,,,,,,,
1000,102031,แพนทีน โปร วี ไมเซล่า ดีทอกซ์ แอนด์ เพียวริฟาย แอลจีเอกซ์แทรก สคาร์ป แชมพู 300 ml,,,,,เครื่องสำอางและสินค้าอุปโภคบริโภค,,ล8/1,ชิ้น                ,,100,,FALSE,FALSE,FALSE,155,189,,,,,,,
1000,102032,แพนทีน โปร วี ไมเซล่า ดีทอกซ์ แอนด์ ไฮเดรต โรส วอเตอร์เอกซ์แทรก ไลท์ คอนดิชันเนอร์ 300 ml,,,,,เครื่องสำอางและสินค้าอุปโภคบริโภค,,ล8/1,ชิ้น                ,,100,,FALSE,FALSE,FALSE,155,185,,,,,,,
1000,102033,แพนทีน โปร วี ไมเซล่า ดีทอกซ์ แอนด์ สคาร์ป คลีนซ์ ไวท์ ชาโค เอกซ์แทรก สคาร์ป แมพู 300 ml,,,,,เครื่องสำอางและสินค้าอุปโภคบริโภค,,ล8/1,ชิ้น                ,,100,,FALSE,FALSE,FALSE,155,189,,,,,,,
1000,102034,แพนทีน โปร วี ไมเซล่า ดีทอกซ์ แอนด์ เพียวริฟาย แอลจีเอกซ์แทรก ไลท์ คอนดิชันเนอร์ 300 ml,,,,,เครื่องสำอางและสินค้าอุปโภคบริโภค,,ล8/1,ชิ้น                ,,100,,FALSE,FALSE,FALSE,155,185,,,,,,,
1000,102035,แพนทีน โปร วี ไมเซล่า ดีทอกซ์ แอนด์ ไฮเดรต โรส วอเตอร์เอกซ์แทรก สคาร์ป แมพู 300 ml,,,,,เครื่องสำอางและสินค้าอุปโภคบริโภค,,ล8/1,ชิ้น                ,,100,,FALSE,FALSE,FALSE,155,189,,,,,,,
1000,102036,เอ็กซ์คิวท์มีแชมพู+ทรีทเมันท์ซิมพลีบัตเตอร์ฟลาย 320 กรัม.,,,,,เครื่องสำอางและสินค้าอุปโภคบริโภค,,ล8/1,ชิ้น                ,,100,,FALSE,FALSE,FALSE,75,89,,,,,,,
1000,102037,มิสทิน เดอะ โมเดิร์น บาย โปรเฟสชั่นแนล แซมพู 350 ม,,,,,เครื่องสำอางและสินค้าอุปโภคบริโภค,,ล8/1,ชิ้น                ,,100,,FALSE,FALSE,FALSE,67,125,,,,,,,
1000,102038,ดอกบัวคู่แชมพูซีรั่ม450 มล(ผมทําสีผมดัด),,,,,เครื่องสำอางและสินค้าอุปโภคบริโภค,,ล8/1,ชิ้น                ,,100,,FALSE,FALSE,FALSE,120,149,,,,,,,
1000,102039,แคร์บิวแชมพูแฟนตาซี ไบโอติน&อัลมอนด์400กรัม,,,,,เครื่องสำอางและสินค้าอุปโภคบริโภค,,ล8/1,ชิ้น                ,,100,,FALSE,FALSE,FALSE,85,99,,,,,,,
1000,102040,ลอรีอัลแฮร์สปาดีเอ็กซ์500ml(น้ำเงิน),,,,,เครื่องสำอางและสินค้าอุปโภคบริโภค,,ล8/2,ชิ้น                ,,100,,FALSE,FALSE,FALSE,270,299,,,,,,,
1000,102041,โอเคเฮอร์เบิ้ลทรีทเม้นท์250มล,,,,,เครื่องสำอางและสินค้าอุปโภคบริโภค,,ล8/2,ชิ้น                ,,100,,FALSE,FALSE,FALSE,75,89,,,,,,,
1000,102042,ทองสุขทรีทเม้นท์มะกรูดว่านหางจระเข้250มล. (แคร์บิว),,,,,เครื่องสำอางและสินค้าอุปโภคบริโภค,,ล8/2,ชิ้น                ,,100,,FALSE,FALSE,FALSE,45,59,,,,,,,
1000,102043,LLอินเทนซ์แคร์200กรัมผมแห้งเสีย(ฟ้า),,,,,เครื่องสำอางและสินค้าอุปโภคบริโภค,,ล8/2,ชิ้น                ,,100,,FALSE,FALSE,FALSE,88.5,99,,,,,,,
1000,102044,Modern by professionnal 150 g,,,,,เครื่องสำอางและสินค้าอุปโภคบริโภค,,ล8/2,ชิ้น                ,,100,,FALSE,FALSE,FALSE,0,129,,,,,,,
1000,102045,เอ็กซ์คิวท์ มี เอ็กซ์ตร้า มอยส์ แฮร์ ทวีทเม้นท์ 250 ml,,,,,เครื่องสำอางและสินค้าอุปโภคบริโภค,,ล8/2,ชิ้น                ,,100,,FALSE,FALSE,FALSE,89,129,,,,,,,
1000,102046,X cute me hair treatment 250 ml.,,,,,เครื่องสำอางและสินค้าอุปโภคบริโภค,,ล8/2,ชิ้น                ,,100,,FALSE,FALSE,FALSE,60,75,,,,,,,
1000,102047,เอ็กซ์คิวมีทรีทเม้นท์เอ็กซ์ ตร้าแดเมทสีเขียว 250มล,,,,,เครื่องสำอางและสินค้าอุปโภคบริโภค,,ล8/2,ชิ้น                ,,100,,FALSE,FALSE,FALSE,50,99,,,,,,,
1000,102048,แฮรเบสท์ แฮร์ ลอส คอนโทรล คอนดิชั้นเนอร์ 250 มล.,,,,,เครื่องสำอางและสินค้าอุปโภคบริโภค,,ล8/3,ชิ้น                ,,100,,FALSE,FALSE,FALSE,45,89,,,,,,,
1000,102049,ลอริอัลครีมบํารุงเอลเชฟคัลเลอร์โปรเทคสีแดง 450 มล.,,,,,เครื่องสำอางและสินค้าอุปโภคบริโภค,,ล8/3,ชิ้น                ,,100,,FALSE,FALSE,FALSE,110,119,,,,,,,
1000,102050,ลอรีอัลแอลแซฟฟอลรีซิสท์นวด ดํา450มล.,,,,,เครื่องสำอางและสินค้าอุปโภคบริโภค,,ล8/3,ชิ้น                ,,100,,FALSE,FALSE,FALSE,110,119,,,,,,,
1000,102051,ลอรีอัลแอลแซฟฟอลรีซิสท์นวด ดํา450มล.,,,,,เครื่องสำอางและสินค้าอุปโภคบริโภค,,ล8/3,ชิ้น                ,,100,,FALSE,FALSE,FALSE,110,119,,,,,,,
1000,102052,ลอรีอัลแฮร์สปาดีพนูริชชี่ 600 มล.,,,,,เครื่องสำอางและสินค้าอุปโภคบริโภค,,ล8/3,ชิ้น                ,,100,,FALSE,FALSE,FALSE,260,279,,,,,,,
1000,102053,PTNครีมนวดเดลิ่มอยล์ 410มล,,,,,เครื่องสำอางและสินค้าอุปโภคบริโภค,,ล8/3,ชิ้น                ,,100,,FALSE,FALSE,FALSE,119,139,,,,,,,
1000,102054,โฮมน้ำยาปรับผ้านุ่มเด็กซอฟเทนเนอร์ถุง600มล,,,,,เครื่องสำอางและสินค้าอุปโภคบริโภค,,ล8/4,ชิ้น                ,,100,,FALSE,FALSE,FALSE,22,29,,,,,,,
1000,102055,วิซถูพื้นชมพู450มล,,,,,เครื่องสำอางและสินค้าอุปโภคบริโภค,,ล8/4,ชิ้น                ,,100,,FALSE,FALSE,FALSE,40,49,,,,,,,
1000,102056,วิซถูพื้นม่วง450มล,,,,,เครื่องสำอางและสินค้าอุปโภคบริโภค,,ล8/4,ชิ้น                ,,100,,FALSE,FALSE,FALSE,38,49,,,,,,,
1000,102057,บรีส เอกเซล ซอง,,,,,เครื่องสำอางและสินค้าอุปโภคบริโภค,,ล8/5,ซอง                 ,,100,,FALSE,FALSE,FALSE,0,5,,,,,,,
1000,102058,คอมฟอร์ดสูตรมาตรฐานสีฟ้า580มล,,,,,เครื่องสำอางและสินค้าอุปโภคบริโภค,,ล8/5,ชิ้น                ,,100,,FALSE,FALSE,FALSE,14,18,,,,,,,
1000,102059,คอมฟอร์ทสูตรมาตรสีแดงร80มล.,,,,,เครื่องสำอางและสินค้าอุปโภคบริโภค,,ล8/5,ชิ้น                ,,100,,FALSE,FALSE,FALSE,14,18,,,,,,,
1000,102060,ไฮยีน รีดเรียบ ฟ้า550มล (ซอง),,,,,เครื่องสำอางและสินค้าอุปโภคบริโภค,,ล8/5,ชิ้น                ,,100,,FALSE,FALSE,FALSE,14,18,,,,,,,
1000,102061,ไฮคลาสปรับผ้านุ่มเหลือง,,,,,เครื่องสำอางและสินค้าอุปโภคบริโภค,,ล8/5,ชิ้น                ,,100,,FALSE,FALSE,FALSE,9,10,,,,,,,
1000,102062,สมุทติ้ง แวกซ์ สทริพส์ 20ชิ้น,,,,,เครื่องสำอางและสินค้าอุปโภคบริโภค,,ล9/1,ชิ้น                ,,100,,FALSE,FALSE,FALSE,79,119,,,,,,,
1000,102063,กําจัดขนออลแว็กซ์ออเร้นเซท2ชิ้น,,,,,เครื่องสำอางและสินค้าอุปโภคบริโภค,,ล9/1,ชิ้น                ,,100,,FALSE,FALSE,FALSE,80,99,,,,,,,
1000,102064,กําจัดขนออลแว็กซ์อโรเวร่าเซท2ชิ้น,,,,,เครื่องสำอางและสินค้าอุปโภคบริโภค,,ล9/1,ชิ้น                ,,100,,FALSE,FALSE,FALSE,80,99,,,,,,,
1000,102065,กําจัดขนออลแว็กซ์บลูเซทเวชิ้น,,,,,เครื่องสำอางและสินค้าอุปโภคบริโภค,,ล9/1,ชิ้น                ,,100,,FALSE,FALSE,FALSE,80,99,,,,,,,
1000,102066,จัสท์สปลิด&ดีฟรีแพร์แฮร์มาส์กบํารุงปลายผม 20ก รัม,,,,,เครื่องสำอางและสินค้าอุปโภคบริโภค,,ล9/1,ชิ้น                ,,100,,FALSE,FALSE,FALSE,50,59,,,,,,,
1000,102067,จัสท์เคราตินแอร์มาสก์ซอง35มล.,,,,,เครื่องสำอางและสินค้าอุปโภคบริโภค,,ล9/1,ชิ้น                ,,100,,FALSE,FALSE,FALSE,48,55,,,,,,,
1000,102068,ซันไลต์ แอนตี้แบค 750 มล.หัวปั้ม,,,,,เครื่องสำอางและสินค้าอุปโภคบริโภค,,ล9/2,ขวด                 ,,100,,FALSE,FALSE,FALSE,57,69,,,,,,,
1000,102069,ซันไลต์เลมอนเทอร์โบ485มล.,,,,,เครื่องสำอางและสินค้าอุปโภคบริโภค,,ล9/2,ชิ้น                ,,100,,FALSE,FALSE,FALSE,30.833,40,,,,,,,
1000,102070,ไลปอนเอฟ สูตรอนามัย 500 มล.,,,,,เครื่องสำอางและสินค้าอุปโภคบริโภค,,ล9/2,ขวด                 ,,100,,FALSE,FALSE,FALSE,21.5,39,,,,,,,
1000,102071,Butae Super Oil Control Poeder 14 g No. 03,,,,,เครื่องสำอางและสินค้าอุปโภคบริโภค,,4L/1,ชิ้น                ,,100,,FALSE,FALSE,FALSE,28,59,,,,,,,
1000,102072,Butae Super Oil Control Poeder 14 g No. 02,,,,,เครื่องสำอางและสินค้าอุปโภคบริโภค,,4L/1,ชิ้น                ,,100,,FALSE,FALSE,FALSE,34,59,,,,,,,
1000,102073,Butae Super Oil Control Poeder 14 g No. 01,,,,,เครื่องสำอางและสินค้าอุปโภคบริโภค,,4L/1,ชิ้น                ,,100,,FALSE,FALSE,FALSE,29,59,,,,,,,
1000,102074,Butae Since 19957 Oil Control Powder 17 g No.02,,,,,เครื่องสำอางและสินค้าอุปโภคบริโภค,,4L/1,ชิ้น                ,,100,,FALSE,FALSE,FALSE,96,135,,,,,,,
1000,102075,Butae Vitamin C Double Moisture Powder 11 g  No. 01,,,,,เครื่องสำอางและสินค้าอุปโภคบริโภค,,4L/1,ชิ้น                ,,100,,FALSE,FALSE,FALSE,30,49,,,,,,,
1000,102076,Zendori SPF30 Extra Cover Foundation No.01,,,,,เครื่องสำอางและสินค้าอุปโภคบริโภค,,4L/1,ชิ้น                ,,100,,FALSE,FALSE,FALSE,50,49,,,,,,,
1000,102077,Zendori  UV Oil Free เบอร์ 01,,,,,เครื่องสำอางและสินค้าอุปโภคบริโภค,,4L/1,ชิ้น                ,,100,,FALSE,FALSE,FALSE,45,69,,,,,,,
1000,102078,ไลฟ์ฟอร์ด ปารีส ซอฟท์ ทัช พาวเดอร์ SPF 15 PA++  8 g. No.03,,,,,เครื่องสำอางและสินค้าอุปโภคบริโภค,,4L/1,ชิ้น                ,,100,,FALSE,FALSE,FALSE,119,149,,,,,,,
1000,102079,ไลฟ์ฟอร์ด ปารีส ซอฟท์ ทัช พาวเดอร์ SPF 15 PA++  8 g. No.01,,,,,เครื่องสำอางและสินค้าอุปโภคบริโภค,,4L/1,ชิ้น                ,,100,,FALSE,FALSE,FALSE,119,99,,,,,,,
1000,102080,ยูสตาร์ ซีลด์ ซัน โปร คอมแพ็ค เอสพีเอฟ 50 พีเอ ++++,,,,,เครื่องสำอางและสินค้าอุปโภคบริโภค,,4L/1,ชิ้น                ,,100,,FALSE,FALSE,FALSE,98.13,119,,,,,,,
1000,102081,Maybelline New York แป้งคุมมัน 24 ชม.ทนเหงื่อ ทนน้ำ กันแดด SPF 32 PA+++ No.02,,,,,เครื่องสำอางและสินค้าอุปโภคบริโภค,,4L/1,ชิ้น                ,,100,,FALSE,FALSE,FALSE,135,169,,,,,,,
1000,102082,Maybelline New York แป้งคุมมัน 24 ชม.ทนเหงื่อ ทนน้ำ กันแดด SPF 32 PA+++ No.01,,,,,เครื่องสำอางและสินค้าอุปโภคบริโภค,,4L/1,ชิ้น                ,,100,,FALSE,FALSE,FALSE,135,169,,,,,,,
1000,102083,คิวท์เพรสอิเวอร์รี่  P1 (จริง),,,,,เครื่องสำอางและสินค้าอุปโภคบริโภค,,4L/1,ชิ้น                ,,100,,FALSE,FALSE,FALSE,145,179,,,,,,,
1000,102084,ฟลาวเวอร์บีบีเพาเดอร์เอส 1,,,,,เครื่องสำอางและสินค้าอุปโภคบริโภค,,4L/1,ชิ้น                ,,100,,FALSE,FALSE,FALSE,159,179,,,,,,,
1000,102085,KA บลูมิ่ง ไวท์พาวเด้ร์ K2,,,,,เครื่องสำอางและสินค้าอุปโภคบริโภค,,4L/1,ชิ้น                ,,100,,FALSE,FALSE,FALSE,130,159,,,,,,,
1000,102086,KA บลูมิ่ง ไวท์พาวเด้ร์ K1,,,,,เครื่องสำอางและสินค้าอุปโภคบริโภค,,4L/1,ชิ้น                ,,100,,FALSE,FALSE,FALSE,130,159,,,,,,,
1000,102087,Porelution Compact Powder SPF30 10g Crayon %2302 Sand Beige  Baby bright,,,,,เครื่องสำอางและสินค้าอุปโภคบริโภค,,4L/1,ชิ้น                ,,100,,FALSE,FALSE,FALSE,179,299,,,,,,,
1000,102088,Porelution Compact Powder SPF30 10g Crayon %2301 Light Baby Bright,,,,,เครื่องสำอางและสินค้าอุปโภคบริโภค,,4L/1,ชิ้น                ,,100,,FALSE,FALSE,FALSE,179,299,,,,,,,
1000,102089,เมยฟลาวเวอร์เพาเดอร์เอส2 10 ก.,,,,,เครื่องสำอางและสินค้าอุปโภคบริโภค,,4L/1,ชิ้น                ,,100,,FALSE,FALSE,FALSE,129,169,,,,,,,
1000,102090,Sivanna Colors SECRET COVER (HF5020) No.03,,,,,เครื่องสำอางและสินค้าอุปโภคบริโภค,,4L/1,ชิ้น                ,,100,,FALSE,FALSE,FALSE,70,139,,,,,,,
1000,102091,Nice Shop Double Skin Whitening  02,,,,,เครื่องสำอางและสินค้าอุปโภคบริโภค,,4L/1,ชิ้น                ,,100,,FALSE,FALSE,FALSE,50,95,,,,,,,
1000,102092,แป้งเจ้านาง No.03,,,,,เครื่องสำอางและสินค้าอุปโภคบริโภค,,4L/1,ชิ้น                ,,100,,FALSE,FALSE,FALSE,215,250,,,,,,,
1000,102093,Sivanna Colors Setting loose Powder เบอร์ 01,,,,,เครื่องสำอางและสินค้าอุปโภคบริโภค,,4L/1,ชิ้น                ,,100,,FALSE,FALSE,FALSE,55,99,,,,,,,
1000,102094,Valkyries Powder White Collagen  SPF25 PA++ 03,,,,,เครื่องสำอางและสินค้าอุปโภคบริโภค,,4L/1,ชิ้น                ,,100,,FALSE,FALSE,FALSE,55,99,,,,,,,
1000,102095,BB icci baby face Powder SPF15   %2321,,,,,เครื่องสำอางและสินค้าอุปโภคบริโภค,,4L/1,ชิ้น                ,,100,,FALSE,FALSE,FALSE,55,99,,,,,,,
1000,102096,แบั้งไมโยชิ - ขาวออร่า 10 g - สติกเกอร์สีชมพู เบอร์ 2,,,,,เครื่องสำอางและสินค้าอุปโภคบริโภค,,4L/1,ชิ้น                ,,100,,FALSE,FALSE,FALSE,44,58,,,,,,,
1000,102097,แป้งไมโยชิ - ปกปิดพิเศษ10 g - สติกเกอร์สีฟ้า เบอร์ 1,,,ขย.9,,เครื่องสำอางและสินค้าอุปโภคบริโภค,,4L/1,ชิ้น                ,,100,,FALSE,FALSE,FALSE,44,58,,,,,,,
1000,102098,แป้งไมโยชิ - ปกปิดพิเศษ 10g สติกเกอร์สีฟ้า เบอร์ 2,,,,,เครื่องสำอางและสินค้าอุปโภคบริโภค,,4L/1,ชิ้น                ,,100,,FALSE,FALSE,FALSE,44,58,,,,,,,
1000,102099,แป้งไมโยชิ คุมมันพิเศษ 10g สติกเกอร์สีเขียว เบอร์ 2,,,,,เครื่องสำอางและสินค้าอุปโภคบริโภค,,4L/1,ชิ้น                ,,100,,FALSE,FALSE,FALSE,44,58,,,,,,,
1000,102100,แป้งไมโยชิ - คุมมันพิเศษ 10 g - สติกเกอร์สีเขียว เบอร์ 1,,,,,เครื่องสำอางและสินค้าอุปโภคบริโภค,,4L/1,ชิ้น                ,,100,,FALSE,FALSE,FALSE,44,58,,,,,,,
1000,102101,ฟองน้ำแต่งหน้า  Mingxier  Tools,,,,,เครื่องสำอางและสินค้าอุปโภคบริโภค,,4L/2,ชิ้น                ,,100,,FALSE,FALSE,FALSE,35,49,,,,,,,
1000,102102,ที่ดัดขนตา เหล็กดำ,,,,,เครื่องสำอางและสินค้าอุปโภคบริโภค,,4L/2,ชิ้น                ,,100,,FALSE,FALSE,FALSE,19,35,,,,,,,
1000,102103,youmel อุปกรณ์แต่งหน้า,,,,,เครื่องสำอางและสินค้าอุปโภคบริโภค,,4L/2,อัน                 ,,100,,FALSE,FALSE,FALSE,20,25,,,,,,,
1000,102104,odbo Transparent PerfectPuff พับแต่งหน้า,,,,,เครื่องสำอางและสินค้าอุปโภคบริโภค,,4L/2,ชิ้น                ,,100,,FALSE,FALSE,FALSE,19,35,,,,,,,
1000,102105,odbo Transparent PerfectPuff พับแต่งหน้า,,,,,เครื่องสำอางและสินค้าอุปโภคบริโภค,,4L/2,ชิ้น                ,,100,,FALSE,FALSE,FALSE,19,35,,,,,,,
1000,102106,Suzijie แปรงซิลิโคนสำหรับทามาส์คหน้า สีขาว,,,,,เครื่องสำอางและสินค้าอุปโภคบริโภค,,4L/2,ชิ้น                ,,100,,FALSE,FALSE,FALSE,8,18,,,,,,,
1000,102107,Bianfens กรรไกตัดผม,,,,,เครื่องสำอางและสินค้าอุปโภคบริโภค,,4L/2,ชิ้น                ,,100,,FALSE,FALSE,FALSE,57,85,,,,,,,
1000,102108,Bianfens กรรไกซอยผม,,,,,เครื่องสำอางและสินค้าอุปโภคบริโภค,,4L/2,ชิ้น                ,,100,,FALSE,FALSE,FALSE,57,95,,,,,,,
1000,102109,ชุดกดสิวมืออาชีพ 5 ชิ้น  พร้อมกล่องใส่,,,,,เครื่องสำอางและสินค้าอุปโภคบริโภค,,4L/2,ชิ้น                ,,100,,FALSE,FALSE,FALSE,39,69,,,,,,,
1000,102110,ไฟร์ด้า เอเอ็น ที่กดสิวสแตนเลสห่วงคู่,,,,,เครื่องสำอางและสินค้าอุปโภคบริโภค,,4L/2,ชิ้น                ,,100,,FALSE,FALSE,FALSE,39,60,,,,,,,
1000,102111,ไฟร์ด้า เอเอ็น ที่ดัดขนตาต้ามพลาสติก,,,,,เครื่องสำอางและสินค้าอุปโภคบริโภค,,4L/2,ชิ้น                ,,100,,FALSE,FALSE,FALSE,79,99,,,,,,,
1000,102112,Sivanna Colors Browcara ปัดคิ้ว B1 น้ำตาลอ่อน,,,,,เครื่องสำอางและสินค้าอุปโภคบริโภค,,4L/2,ชิ้น                ,,100,,FALSE,FALSE,FALSE,57,85,,,,,,,
1000,102113,Sivanna Colors Browcara ปัดคิ้ว B3 น้ำตาลเข้ม,,,,,เครื่องสำอางและสินค้าอุปโภคบริโภค,,4L/2,ชิ้น                ,,100,,FALSE,FALSE,FALSE,57,85,,,,,,,
1000,102114,Sivanna Colors Browcara ปัดคิ้ว B2 น้ำตาลกลาง,,,,,เครื่องสำอางและสินค้าอุปโภคบริโภค,,4L/2,ชิ้น                ,,100,,FALSE,FALSE,FALSE,57,85,,,,,,,
1000,102115,BROWIT By Nongchat Eyemazing Shadow And Liner 2 in 1 ดินสอ+ทาเปลือก %23Charming Apricot,,,,,เครื่องสำอางและสินค้าอุปโภคบริโภค,,4L/2,ชิ้น                ,,100,,FALSE,FALSE,FALSE,115,119,,,,,,,
1000,102116,GINA Glam Queen's Scepter Waterproof Luxury Eyebrow เขียนคิ้วกันน้ำ B5 Dark Brown,,,,,เครื่องสำอางและสินค้าอุปโภคบริโภค,,4L/2,ชิ้น                ,,100,,FALSE,FALSE,FALSE,55,89,,,,,,,
1000,102117,Baby Bright Lip&Cheek Color Stain Essence%2310 Pink Seaweed,,,,,เครื่องสำอางและสินค้าอุปโภคบริโภค,,4L/2,ชิ้น                ,,100,,FALSE,FALSE,FALSE,45,59,,,,,,,
1000,102118,Baby Bright Lip&Cheek Matte Tint 23 Samon,,,,,เครื่องสำอางและสินค้าอุปโภคบริโภค,,4L/2,ชิ้น                ,,100,,FALSE,FALSE,FALSE,45,59,,,,,,,
1000,102119,KMพีช โกลว์พื้นท์03,,,,,เครื่องสำอางและสินค้าอุปโภคบริโภค,,4L/2,ชิ้น                ,,100,,FALSE,FALSE,FALSE,45,59,,,,,,,
1000,102120,Baby Bright Lip&Cheek Matte Tint 26 Apricot,,,,,เครื่องสำอางและสินค้าอุปโภคบริโภค,,4L/2,ชิ้น                ,,100,,FALSE,FALSE,FALSE,45,59,,,,,,,
1000,102121,Baby Bright Lip&Cheek Peach Glow Tint %2305 Orang Peach,,,,,เครื่องสำอางและสินค้าอุปโภคบริโภค,,4L/2,ชิ้น                ,,100,,FALSE,FALSE,FALSE,45,59,,,,,,,
1000,102122,Baby Bright Lip&Cheek Peach Glow Tint %2304 Cinnamon,,,,,เครื่องสำอางและสินค้าอุปโภคบริโภค,,4L/2,ชิ้น                ,,100,,FALSE,FALSE,FALSE,45,59,,,,,,,
1000,102123,คบิสตัส ตะไบขัดเล็บ,,,,,เครื่องสำอางและสินค้าอุปโภคบริโภค,,4L/3,ชิ้น                ,,100,,FALSE,FALSE,FALSE,15,29,,,,,,,
1000,102124,ที่ทาตาหัวฟองน้ำ,,,,,เครื่องสำอางและสินค้าอุปโภคบริโภค,,4L/3,ชิ้น                ,,100,,FALSE,FALSE,FALSE,9,19,,,,,,,
1000,102125,แปรงทาตา หัวพู่กันใหญ่,,,,,เครื่องสำอางและสินค้าอุปโภคบริโภค,,4L/3,ชิ้น                ,,100,,FALSE,FALSE,FALSE,9,19,,,,,,,
1000,102126,แปรงทาตา หัวพู่กันใหญ่,,,,,เครื่องสำอางและสินค้าอุปโภคบริโภค,,4L/3,ชิ้น                ,,100,,FALSE,FALSE,FALSE,9,19,,,,,,,
1000,102127,Focallure แปรงทาตาหัวตัดเอียง,,,,,เครื่องสำอางและสินค้าอุปโภคบริโภค,,4L/3,ชิ้น                ,,100,,FALSE,FALSE,FALSE,10,19,,,,,,,
1000,102128,แปรงทาตา หัวพู่กันเอียง,,,,,เครื่องสำอางและสินค้าอุปโภคบริโภค,,4L/3,ชิ้น                ,,100,,FALSE,FALSE,FALSE,9,19,,,,,,,
1000,102129,ที่ทาตาหัวฟองน้ำ,,,,,เครื่องสำอางและสินค้าอุปโภคบริโภค,,4L/3,ชิ้น                ,,100,,FALSE,FALSE,FALSE,9,19,,,,,,,
1000,102130,เซ็ตแปรงแต่งหน้า 5 ชิ้น ขนาดพกพา,,,,,เครื่องสำอางและสินค้าอุปโภคบริโภค,,4L/3,ชิ้น                ,,100,,FALSE,FALSE,FALSE,16,35,,,,,,,
1000,102131,กรรไกรตัดขนจมูก กรรไกรจิ๋ว กรรไกรตัดขนคิ้ว,,,,,เครื่องสำอางและสินค้าอุปโภคบริโภค,,4L/3,ชิ้น                ,,100,,FALSE,FALSE,FALSE,9,19,,,,,,,
1000,102132,(1 เซต มี 8 ชิ้น) แปรงแต่งหน้าขนาดพกพา มาพร้อมถุง คละสี,,,,,เครื่องสำอางและสินค้าอุปโภคบริโภค,,4L/3,ชิ้น                ,,100,,FALSE,FALSE,FALSE,55,79,,,,,,,
1000,102133,Aac  Powder Blush แปรงรองพื้น สีดำ,,,,,เครื่องสำอางและสินค้าอุปโภคบริโภค,,4L/3,ชิ้น                ,,100,,FALSE,FALSE,FALSE,36,45,,,,,,,
1000,102134,กรรไกรตัดเล็บ ตอง777,,,,,เครื่องสำอางและสินค้าอุปโภคบริโภค,,4L/3,ชิ้น                ,,100,,FALSE,FALSE,FALSE,25,35,,,,,,,
1000,102135,ไฟร์ด้า เอเอ็น ที่ตัดเล็บปลายโค้ง,,,,,เครื่องสำอางและสินค้าอุปโภคบริโภค,,4L/3,ชิ้น                ,,100,,FALSE,FALSE,FALSE,49,77,,,,,,,
1000,102136,ไฟร์ด้า เอเอ็น ที่ตัดเล็บใบมีดโค้งตามเล็บมือ,,,,,เครื่องสำอางและสินค้าอุปโภคบริโภค,,4L/3,ชิ้น                ,,100,,FALSE,FALSE,FALSE,49,78,,,,,,,
1000,102137,ตะไบขัดเล็บ แบบบาง,,,,,เครื่องสำอางและสินค้าอุปโภคบริโภค,,4L/3,ชิ้น                ,,100,,FALSE,FALSE,FALSE,6,15,,,,,,,
1000,102138,Browit By Nongchat Liquid Eyebrows Mate,,,,,เครื่องสำอางและสินค้าอุปโภคบริโภค,,4L/3,ชิ้น                ,,100,,FALSE,FALSE,FALSE,20,139,,,,,,,
1000,102139,Browit By Nongchat  Liquid Eyebrow Matte2 g No 05 Carcoal Milk  ปัดคิ้ว,,,,,เครื่องสำอางและสินค้าอุปโภคบริโภค,,4L/3,ชิ้น                ,,100,,FALSE,FALSE,FALSE,110,139,,,,,,,
1000,102140,BROWIT By Nongchat Brow And Blending Cushion 2 in 1 ดินสอ+คูชั่นเขียนคิ้ว%23Smoke Gray,,,,,เครื่องสำอางและสินค้าอุปโภคบริโภค,,4L/3,ชิ้น                ,,100,,FALSE,FALSE,FALSE,135,149,,,,,,,
1000,102141,KM โปรวิทคิ้วบราวอีทชาร์ป*เพนคาราเมลบราวน์,,,,,เครื่องสำอางและสินค้าอุปโภคบริโภค,,4L/3,ชิ้น                ,,100,,FALSE,FALSE,FALSE,75,99,,,,,,,
1000,102142,Sivanna Slim Chic Just For you Naturally Define Eye Brow ดินสอ+แปรงปัดคิ้ว 02Caramel,,,,,เครื่องสำอางและสินค้าอุปโภคบริโภค,,4L/3,ชิ้น                ,,100,,FALSE,FALSE,FALSE,45,69,,,,,,,
1000,102143,Sivanna DUO Automatic EyeBrow Painting Pen เขียนคิ้วสีน้ำตาลแดงB5 Red Brow,,,,,เครื่องสำอางและสินค้าอุปโภคบริโภค,,4L/3,ชิ้น                ,,100,,FALSE,FALSE,FALSE,60,89,,,,,,,
1000,102144,Sivanna Super Fine Automatic Eyebrow Pencil ดินสอเขียนคิ้วกันน้ำ 01 Light Brown,,,,,เครื่องสำอางและสินค้าอุปโภคบริโภค,,4L/3,ชิ้น                ,,100,,FALSE,FALSE,FALSE,35,59,,,,,,,
1000,102145,Meilinda 3D Slim Pencil เขียนคิ้ว 01 Red Brow,,,,,เครื่องสำอางและสินค้าอุปโภคบริโภค,,4L/3,ชิ้น                ,,100,,FALSE,FALSE,FALSE,45,59,,,,,,,
1000,102146,KM คิ้วแชพเพนบราวน์ *hot cocoa brown,,,,,เครื่องสำอางและสินค้าอุปโภคบริโภค,,4L/3,ชิ้น                ,,100,,FALSE,FALSE,FALSE,75,99,,,,,,,
1000,102147,km8คิ้วลิขวิดแอนคาร่าแกลมไนท์บราวน์,,,,,เครื่องสำอางและสินค้าอุปโภคบริโภค,,4L/3,ชิ้น                ,,100,,FALSE,FALSE,FALSE,135,149,,,,,,,
1000,102148,BROWIT By Nongchat Brow And Blending Cushion 2 in 1 ดินสอ+คูชั่นเขียนคิ้ว%23Dark Blonde,,,,,เครื่องสำอางและสินค้าอุปโภคบริโภค,,4L/3,ชิ้น                ,,100,,FALSE,FALSE,FALSE,135,149,,,,,,,
1000,102149,SIVANNA COLORS Matte  Lips No. 05,,,,,เครื่องสำอางและสินค้าอุปโภคบริโภค,,4L/3,ชิ้น                ,,100,,FALSE,FALSE,FALSE,45,89,,,,,,,
1000,102150,shกิ๊บคําสั้น7cml*12,,,,,เครื่องสำอางและสินค้าอุปโภคบริโภค,,4L/4,ชิ้น                ,,100,,FALSE,FALSE,FALSE,16,20,,,,,,,
1000,102151,latin america (อุปกรณ์เเต่งหน้า),,,,,เครื่องสำอางและสินค้าอุปโภคบริโภค,,4L/4,อัน                 ,,100,,FALSE,,FALSE,25,35,,,,,,,
1000,102152,odbo OD8-111 พัฟเกลี่ยรองพื้นรูปไข่,,,,,เครื่องสำอางและสินค้าอุปโภคบริโภค,,4L/4,ชิ้น                ,,100,,FALSE,FALSE,FALSE,40,60,,,,,,,
1000,102153,Air Powder Puff พัฟแต่งหน้า,,,,,เครื่องสำอางและสินค้าอุปโภคบริโภค,,4L/4,ชิ้น                ,,100,,FALSE,FALSE,FALSE,20,29,,,,,,,
1000,102154,Air Powder Puff พัฟแต่งหน้า,,,,,เครื่องสำอางและสินค้าอุปโภคบริโภค,,4L/4,ชิ้น                ,,100,,FALSE,FALSE,FALSE,20,29,,,,,,,
1000,102155,Air Powder Puff พัฟแต่งหน้าสีเขียว,,,,,เครื่องสำอางและสินค้าอุปโภคบริโภค,,4L/4,ชิ้น                ,,100,,FALSE,FALSE,FALSE,20,29,,,,,,,
1000,102156,Air Powder Puff พัฟแต่งหน้า,,,,,เครื่องสำอางและสินค้าอุปโภคบริโภค,,4L/4,ชิ้น                ,,100,,FALSE,FALSE,FALSE,20,29,,,,,,,
1000,102157,Air Powder Puff พัฟแต่งหน้า,,,,,เครื่องสำอางและสินค้าอุปโภคบริโภค,,4L/4,ชิ้น                ,,100,,FALSE,FALSE,FALSE,20,29,,,,,,,
1000,102158,like way อุปกรณ์แต่งหน้า,,,,,เครื่องสำอางและสินค้าอุปโภคบริโภค,,4L/4,อัน                 ,,100,,FALSE,FALSE,FALSE,20,29,,,,,,,
1000,102159,กรรไกรตัดแต่งขนคิ้ว ที่กันคิ้ว อุปกรณ์ตกแต่งคิ้ว,,,,,เครื่องสำอางและสินค้าอุปโภคบริโภค,,4L/4,ชิ้น                ,,100,,FALSE,FALSE,FALSE,9,19,,,,,,,
1000,102160,Stated Tweezer ที่ถอนขนคิ้ว,,,,,เครื่องสำอางและสินค้าอุปโภคบริโภค,,4L/4,ชิ้น                ,,100,,FALSE,FALSE,FALSE,12,29,,,,,,,
1000,102161,Frida เอเอ็น แหนบสแตนเลสสีดำ 9.6 cm,,,,,เครื่องสำอางและสินค้าอุปโภคบริโภค,,4L/4,ชิ้น                ,,100,,FALSE,FALSE,FALSE,59,85,,,,,,,
1000,102162,ตะไบขัดเล็บแบบ หนา,,,,,เครื่องสำอางและสินค้าอุปโภคบริโภค,,4L/4,ชิ้น                ,,100,,FALSE,FALSE,FALSE,9,19,,,,,,,
1000,102163,kmคิ้วชาร์พเพนบราวน์*มอคค่าบราวน์,,,,,เครื่องสำอางและสินค้าอุปโภคบริโภค,,4L/4,ชิ้น                ,,100,,FALSE,FALSE,FALSE,70,89,,,,,,,
1000,102164,KM โปรวิทคิ้วบราวอิทชา ร์ปเพน*ชาร์โคลบราวน์,,,,,เครื่องสำอางและสินค้าอุปโภคบริโภค,,4L/4,ชิ้น                ,,100,,FALSE,FALSE,FALSE,75,99,,,,,,,
1000,102165,KM โปรวิทคิ้วบราวอีทชาร์ป*เพนคาราเมลบราวน์,,,,,เครื่องสำอางและสินค้าอุปโภคบริโภค,,4L/4,ชิ้น                ,,100,,FALSE,FALSE,FALSE,75,99,,,,,,,
1000,102166,Sivanna Peach Eyebrow Pencil 3D Natural Longlasting ดินสอ+ฟองน้าแต่งคิ้ว 01,,,,,เครื่องสำอางและสินค้าอุปโภคบริโภค,,4L/4,ชิ้น                ,,100,,FALSE,FALSE,FALSE,45,59,,,,,,,
1000,102167,kmดูโอ้อาย& บราวน์จัสท์กอฟฟีอ2,,,,,เครื่องสำอางและสินค้าอุปโภคบริโภค,,4L/4,ชิ้น                ,,100,,FALSE,FALSE,FALSE,135,139,,,,,,,
1000,102168,GINA Glam Coloring Eye Brown ปัดคิ้ว No.02,,,,,เครื่องสำอางและสินค้าอุปโภคบริโภค,,4L/4,ชิ้น                ,,100,,FALSE,FALSE,FALSE,42,59,,,,,,,
1000,102169,GINA Glam Coloring Eye Brown ปัดคิ้ว 01,,,,,เครื่องสำอางและสินค้าอุปโภคบริโภค,,4L/4,ชิ้น                ,,100,,FALSE,FALSE,FALSE,40,59,,,,,,,
1000,102170,GINA Glam Coloring Eye Brown ปัดคิ้ว No.03,,,,,เครื่องสำอางและสินค้าอุปโภคบริโภค,,4L/4,ชิ้น                ,,100,,FALSE,FALSE,FALSE,40,59,,,,,,,
1000,102171,GINA Glam Royal Princess Shaping Luxury Eyebrow เขียนคิ้ว B2 Natural Brown,,,,,เครื่องสำอางและสินค้าอุปโภคบริโภค,,4L/4,ชิ้น                ,,100,,FALSE,FALSE,FALSE,45,89,,,,,,,
1000,102172,X Cute Me Kawaiii Series Eyebrow Pencil 2IN 1 เขียนคิ้ว สีอัลมอนด์,,,,,เครื่องสำอางและสินค้าอุปโภคบริโภค,,4L/4,ชิ้น                ,,100,,FALSE,FALSE,FALSE,65,79,,,,,,,
1000,102173,X Cute Me Kawaiii Series Eyebrow Pencil 2IN 1 เขียนคิ้ว สีชินนามอน,,,,,เครื่องสำอางและสินค้าอุปโภคบริโภค,,4L/4,ชิ้น                ,,100,,FALSE,FALSE,FALSE,65,79,,,,,,,
1000,102174,Sivanna Slim Chic Just For you Naturally Define Eye Brow ดินสอ+แปรงปัดคิ้ว 01Mocha,,,,,เครื่องสำอางและสินค้าอุปโภคบริโภค,,4L/4,ชิ้น                ,,100,,FALSE,FALSE,FALSE,45,69,,,,,,,
1000,102175,ยางรัดผม 100 เส้น มีซองซิปใส่ให้ด้วย สีดำ,,,,,เครื่องสำอางและสินค้าอุปโภคบริโภค,,4L/4,ชิ้น                ,,100,,FALSE,FALSE,FALSE,19,25,,,,,,,
1000,102176,shโรลกรอบพลาสติก 3.6 cm4ชิ้น,,,,,เครื่องสำอางและสินค้าอุปโภคบริโภค,,4L/4,ชิ้น                ,,100,,FALSE,FALSE,FALSE,25,30,,,,,,,
1000,102177,ใยขัดตัว ขัดผิวกาย สีเขียว,,,,,เครื่องสำอางและสินค้าอุปโภคบริโภค,,4L/4,ชิ้น                ,,100,,FALSE,FALSE,FALSE,19,39,,,,,,,
1000,102178,หวีการ์ตูน หวีลดไฟฟ้าสถิตย์ แป้งหวีผม ลายน่ารัก ลดผมขาดร่วง นวดหนังศรีษะ  ดำ,,,,,เครื่องสำอางและสินค้าอุปโภคบริโภค,,4L/4,ชิ้น                ,,100,,FALSE,FALSE,FALSE,49,65,,,,,,,
1000,102179,Jifenli Special ใบมีดโกน 10 ชอ้น/กล่อง,,,,,เครื่องสำอางและสินค้าอุปโภคบริโภค,,4L/5,ชิ้น                ,,100,,FALSE,FALSE,FALSE,10,18,,,,,,,
1000,102180,ด้ามมีดโกน คละสี,,,,,เครื่องสำอางและสินค้าอุปโภคบริโภค,,4L/5,ชิ้น                ,,100,,FALSE,FALSE,FALSE,8,10,,,,,,,
1000,102181,ํYiwuoufa ที่เก็บไรผม 1 คู่,,,,,เครื่องสำอางและสินค้าอุปโภคบริโภค,,4L/5,ชิ้น                ,,100,,FALSE,FALSE,FALSE,2,8,,,,,,,
1000,102182,ashley AP-006 ดำ,,,,,เครื่องสำอางและสินค้าอุปโภคบริโภค,,5R/1,แท่ง                ,,100,,FALSE,FALSE,FALSE,0,19,,,,,,,
1000,102183,Cosmetic ART ดินสอเขียนคิ้ว สี Gtay No.05,,,,,เครื่องสำอางและสินค้าอุปโภคบริโภค,,5R/1,ชิ้น                ,,100,,FALSE,FALSE,FALSE,0,19,,,,,,,
1000,102184,X Cute Me Kawaiii Series Eyebrow Pencil 2IN 1 เขียนคิ้ว สีดาร์คบราวน์,,,,,เครื่องสำอางและสินค้าอุปโภคบริโภค,,5R/1,ชิ้น                ,,100,,FALSE,FALSE,FALSE,30,30,,,,,,,
1000,102185,Sweet Heart Eye Brow Pencil (สีดำ),,,,,เครื่องสำอางและสินค้าอุปโภคบริโภค,,5R/1,ชิ้น                ,,100,,FALSE,FALSE,FALSE,10,19,,,,,,,
1000,102186,ดินสอเขียนคิ้ว Sweet Heart สี Dark Brown,,,,,เครื่องสำอางและสินค้าอุปโภคบริโภค,,5R/1,ชิ้น                ,,100,,FALSE,FALSE,FALSE,9.17,19,,,,,,,
1000,102187,Sweet Heart Eye Brow & EyeLiner Pencil สี Red Brow,,,,,เครื่องสำอางและสินค้าอุปโภคบริโภค,,5R/1,ชิ้น                ,,100,,FALSE,FALSE,FALSE,10,20,,,,,,,
1000,102188,ดินสอเขียนคิ้ว Sweet Heart สี Red Brown,,,,,เครื่องสำอางและสินค้าอุปโภคบริโภค,,5R/1,ชิ้น                ,,100,,FALSE,FALSE,FALSE,9.17,19,,,,,,,
1000,102189,ดินสอเขียนคิ้ว Sweet Heart สี Deep Black,,,,,เครื่องสำอางและสินค้าอุปโภคบริโภค,,5R/1,ชิ้น                ,,100,,FALSE,FALSE,FALSE,9.17,19,,,,,,,
1000,102190,ดินสอเขียนคิ้ว ashlay สี Ap052-01 Black,,,,,เครื่องสำอางและสินค้าอุปโภคบริโภค,,5R/1,ชิ้น                ,,100,,FALSE,FALSE,FALSE,12,25,,,,,,,
1000,102191,โปรเชฟ อายบราว เพนซิล No.01สีน้ำตาลเข้ม 0.27g,,,,,เครื่องสำอางและสินค้าอุปโภคบริโภค,,5R/1,ชิ้น                ,,100,,FALSE,FALSE,FALSE,64,99,,,,,,,
1000,102192,Cathy Doll Skinny Brow %2305,,,,,เครื่องสำอางและสินค้าอุปโภคบริโภค,,5R/1,ชิ้น                ,,100,,FALSE,FALSE,FALSE,53,79,,,,,,,
1000,102193,Cathy Doll Skinny Brow %2304,,,,,เครื่องสำอางและสินค้าอุปโภคบริโภค,,5R/1,ชิ้น                ,,100,,FALSE,FALSE,FALSE,53,79,,,,,,,
1000,102194,TANAKO Magic Conserve,,,,,เครื่องสำอางและสินค้าอุปโภคบริโภค,,5R/1,ชิ้น                ,,100,,FALSE,FALSE,FALSE,16,35,,,,,,,
1000,102195,Kiss Beauty LIP & CHEEK,,,,,เครื่องสำอางและสินค้าอุปโภคบริโภค,,5R/1,ชิ้น                ,,100,,FALSE,FALSE,FALSE,29.16,49,,,,,,,
1000,102196,SIVANNA COLORS Pretty Peach Blusher Palette (Set) No.01,,,,,เครื่องสำอางและสินค้าอุปโภคบริโภค,,5R/1,ชิ้น                ,,100,,FALSE,FALSE,FALSE,90,149,,,,,,,
1000,102197,SIVANNA COLORS Matte Stay Lipstick Kiss Me No. 03,,,,,เครื่องสำอางและสินค้าอุปโภคบริโภค,,5R/1,ชิ้น                ,,100,,FALSE,FALSE,FALSE,45,79,,,,,,,
1000,102198,SIVANNA COLORS Matte Stay Lipstick Kiss Me No. 04,,,,,เครื่องสำอางและสินค้าอุปโภคบริโภค,,5R/1,ชิ้น                ,,100,,FALSE,FALSE,FALSE,45,79,,,,,,,
1000,102199,Sivanna Colors  Rainbow Baked Blush No.03,,,,,เครื่องสำอางและสินค้าอุปโภคบริโภค,,5R/1,ชิ้น                ,,100,,FALSE,FALSE,FALSE,78,129,,,,,,,
1000,102200,SIVANNA COLORS Matte Stay Lipstick Kiss Me No. 04,,,,,เครื่องสำอางและสินค้าอุปโภคบริโภค,,5R/1,ชิ้น                ,,100,,FALSE,FALSE,FALSE,45,79,,,,,,,
1000,102201,SIVANNA COLORS Matte Stay Lipstick Kiss Me No. 03,,,,,เครื่องสำอางและสินค้าอุปโภคบริโภค,,5R/1,ชิ้น                ,,100,,FALSE,FALSE,FALSE,45,79,,,,,,,
1000,102202,SIVANNA COLOR Sweety Kitten Fack Palette No.03,,,,,เครื่องสำอางและสินค้าอุปโภคบริโภค,,5R/1,ชิ้น                ,,100,,FALSE,FALSE,FALSE,78,129,,,,,,,
1000,102203,GINA GLAM Lip No. 02,,,,,เครื่องสำอางและสินค้าอุปโภคบริโภค,,5R/1,ชิ้น                ,,100,,FALSE,FALSE,FALSE,50,89,,,,,,,
1000,102204,GINA GLAM Lip No. 05,,,,,เครื่องสำอางและสินค้าอุปโภคบริโภค,,5R/1,ชิ้น                ,,100,,FALSE,FALSE,FALSE,50,89,,,,,,,
1000,102205,Clean and Clear Morning Energy Gel Cleanser Brightening Lemon 50 ml,NIFUROXAZIDE,ANTIDIARRHOEALS,ขย.9,,เครื่องสำอางและสินค้าอุปโภคบริโภค,,ตู้ A1,ขวด,,100,,FALSE,FALSE,FALSE,45,52,25,,,,,,
1000,102206,เอ็กซ์ศิวห์ มีชีค คัลเลอร์ บสัช ชิมเมอว์  5 กรัม S06 นูด พีช,,,,,เครื่องสำอางและสินค้าอุปโภคบริโภค,,5R/2,ชิ้น                ,,100,,FALSE,FALSE,FALSE,59,89,,,,,,,
1000,102207,เอ็กซ์คิวท์ มีชีค คัลเลอร์ บลัช ชิมเมอร์ 5 กรัม S07 ชันนี่ ฟันนี่,,,,,เครื่องสำอางและสินค้าอุปโภคบริโภค,,5R/2,ชิ้น                ,,100,,FALSE,FALSE,FALSE,59,60,,,,,,,
1000,102208,เอ็กซ์คิวท์ มีชีค คัลเลอร์ บลัช แมทท์ 5 กรัม M09 ซอฟท์ บราว,,,,,เครื่องสำอางและสินค้าอุปโภคบริโภค,,5R/2,ชิ้น                ,,100,,FALSE,FALSE,FALSE,59,89,,,,,,,
1000,102209,เอ็กซ์คิวท์ มี ชีค คัลเลอร์ บลัช แมทท์ 5 กรัม M16 โรส เบจ,,,,,เครื่องสำอางและสินค้าอุปโภคบริโภค,,5R/2,ชิ้น                ,,100,,FALSE,FALSE,FALSE,59,89,,,,,,,
1000,102210,เอ็กซ์คิวท์ มีชิค คัลเลอร์ บลัช ชิมเมอร์ 5 กรัม S11 โรซี,,,,,เครื่องสำอางและสินค้าอุปโภคบริโภค,,5R/2,ชิ้น                ,,100,,FALSE,FALSE,FALSE,59,89,,,,,,,
1000,102211,เอ็กซ์คิวท์ มี ชีค คัลเลอร์ บลัช แมทท์ 5 กรัม M21 เบบี้ พิงค์,,,,,เครื่องสำอางและสินค้าอุปโภคบริโภค,,5R/2,ชิ้น                ,,100,,FALSE,FALSE,FALSE,59,89,,,,,,,
1000,102212,เอ็กซ์คิวท์ มี ชีค คัลเลอร์ บลัช แมทท์ 5 กรัม M04 เรด โรส,,,,,เครื่องสำอางและสินค้าอุปโภคบริโภค,,5R/2,ชิ้น                ,,100,,FALSE,FALSE,FALSE,59,89,,,,,,,
1000,102213,เอ็กซ์คิวท์ มี ชีค คัลเลอร์ บลัช แมทท์ 5 กรัม M06  คอรัล,,,,,เครื่องสำอางและสินค้าอุปโภคบริโภค,,5R/2,ชิ้น                ,,100,,FALSE,FALSE,FALSE,59,89,,,,,,,
1000,102214,เอ็กซ์คิวท์ มี ชีค คัลเลอร์ บลัช แมทท์ 5 กรัม M07 พีช,,,,,เครื่องสำอางและสินค้าอุปโภคบริโภค,,5R/2,ชิ้น                ,,100,,FALSE,FALSE,FALSE,59,89,,,,,,,
1000,102215,SIVANNA COLOR Fantastic Blusher No.03,,,,,เครื่องสำอางและสินค้าอุปโภคบริโภค,,5R/3,ชิ้น                ,,100,,FALSE,FALSE,FALSE,39,89,,,,,,,
1000,102216,SIVANNA COLOR Fantastic Blusher No.02,,,,,เครื่องสำอางและสินค้าอุปโภคบริโภค,,5R/3,ชิ้น                ,,100,,FALSE,FALSE,FALSE,39,89,,,,,,,
1000,102217,SIVANNA COLOR Fantastic Blusher No.01,,,,,เครื่องสำอางและสินค้าอุปโภคบริโภค,,5R/3,ชิ้น                ,,100,,FALSE,FALSE,FALSE,39,89,,,,,,,
1000,102218,SIVANNA COLOR Fantastic Blusher No.10,,,,,เครื่องสำอางและสินค้าอุปโภคบริโภค,,5R/3,ชิ้น                ,,100,,FALSE,FALSE,FALSE,39,89,,,,,,,
1000,102219,SIVANNA COLOR Fantastic Blusher No.11,,,,,เครื่องสำอางและสินค้าอุปโภคบริโภค,,5R/3,ชิ้น                ,,100,,FALSE,FALSE,FALSE,39,89,,,,,,,
1000,102220,SIVANNA COLOR Fantastic Blusher No.05,,,,,เครื่องสำอางและสินค้าอุปโภคบริโภค,,5R/3,ชิ้น                ,,100,,FALSE,FALSE,FALSE,39,89,,,,,,,
1000,102221,SIVANNA COLOR Fantastic Blusher No.06,,,,,เครื่องสำอางและสินค้าอุปโภคบริโภค,,5R/3,ชิ้น                ,,100,,FALSE,FALSE,FALSE,39,89,,,,,,,
1000,102222,SIVANNA COLOR Fantastic Blusher No.07,,,,,เครื่องสำอางและสินค้าอุปโภคบริโภค,,5R/3,ชิ้น                ,,100,,FALSE,FALSE,FALSE,39,89,,,,,,,
1000,102223,SIVANNA COLOR Fantastic Blusher No.10,,,,,เครื่องสำอางและสินค้าอุปโภคบริโภค,,5R/3,ชิ้น                ,,100,,FALSE,FALSE,FALSE,39,89,,,,,,,
1000,102224,SIVANNA COLOR MEKEUP STUDIO Nude Blush No.09,,,,,เครื่องสำอางและสินค้าอุปโภคบริโภค,,5R/3,ชิ้น                ,,100,,FALSE,FALSE,FALSE,40,79,,,,,,,
1000,102225,SIVANNA COLOR MEKEUP STUDIO Nude Blush No.08,,,,,เครื่องสำอางและสินค้าอุปโภคบริโภค,,5R/3,ชิ้น                ,,100,,FALSE,FALSE,FALSE,40,79,,,,,,,
1000,102226,SIVANNA Soft Matte Lip Cream No. B,,,,,เครื่องสำอางและสินค้าอุปโภคบริโภค,,5R/3,ชิ้น                ,,100,,FALSE,FALSE,FALSE,90,159,,,,,,,
1000,102227,Svahf4032ลิปวีเวทเบบี้ลิขวิด01,,,,,เครื่องสำอางและสินค้าอุปโภคบริโภค,,5R/4,ชิ้น                ,,100,,FALSE,FALSE,FALSE,20,25,,,,,,,
1000,102228,MHM (3 Color) No. 1658 Noble Scepter Luxury Lipstick,,,,,เครื่องสำอางและสินค้าอุปโภคบริโภค,,5R/4,ชิ้น                ,,100,,FALSE,FALSE,FALSE,55,99,,,,,,,
1000,102230,คลีนก๊อซ ลองเมด ใยสังเคราะห์ 2x2 นิ้ว,,,ขย.9,,อุปกรณ์ทางการแพทย์,64232005128,น3R2,ห่อ,,100,,FALSE,FALSE,FALSE,2.7,5,,,,,,,
1000,102231,Votaren  25 mg 10's,DICLOFENAC,ANTIDIARRHOEALS,ขย.9,,ยาระบบกล้ามเนื้อ-ข้อต่อ,1C162/55,ตู้ A1,แผง,,100,,FALSE,FALSE,FALSE,49.33,85,,,,,,,
1000,102232,Naphcon-A 15ml,PHENTERMINE,,ขย.9,,ยาหู ตา คอ จมูก,2C20/61,ฺB3,กล่อง,,100,,FALSE,FALSE,FALSE,,139,,,,,,,
1000,102233,Antergan 5g,MEPYRAMINE,,ขย.9,,ยาระบบการติดเชื้อ,2A969/28,C6,หลอด,,100,,FALSE,FALSE,FALSE,,30,,,,,,,
1000,102234,หน้ากากอนามัย คลีมาส์ก สีเขียว,,,ขย.9,,อุปกรณ์ทางการแพทย์,,น4/1,กล่อง,,100,,FALSE,FALSE,FALSE,40,70,,,,,,,
1000,102235,ผ้าพยุงมือ /ฝ่ามือ tubigrip ไซต์ M,,,ขย.9,,อุปกรณ์ทางการแพทย์,6.51E+11,น5,กล่อง,,100,,FALSE,FALSE,FALSE,148,189,,,,,,,
1000,102236,ผ้าพยุงหัวเข่า  tubigrip ไซร์ S,,,ขย.9,,อุปกรณ์ทางการแพทย์,6.51E+11,น5,กล่อง,,100,,FALSE,FALSE,FALSE,,189,,,,,,,
1000,102237,Ethyl Alcohol 70% Spray พ่น ศิริบัญชา 240 ml,ETHYL ALCOHOL,,ขย.9,,อุปกรณ์ทางการแพทย์,1A 27/52,น 3/3,ขวด,,100,,FALSE,FALSE,FALSE,35,59,,,,,,,
1000,102238,FUTURO 3M KNEE Comfort Support  Size S,,,ขย.9,,อุปกรณ์ทางการแพทย์,65-2-3-20002133,น 5/3,กล่อง,,100,,FALSE,FALSE,FALSE,575,635,,,,,,,
1000,102239,Fango B cream 5 g,CLOTRIMAZOLE+BETAMETHASONE,ANTIFUNGALS,ขย.9,,ยาใช้เฉพาะที่,2A 117/44,G 7,หลอด,,100,,FALSE,FALSE,FALSE,16,43,,,,,,,
1000,102240,Net Gauze Long med ขนาด 2X2 นิ้ว,,,ขย.9,,อุปกรณ์ทางการแพทย์,64-2-3-2-000708,น  4R  2/5,ห่อ,,100,,FALSE,FALSE,FALSE,2.9,5,,,,,,,
1000,102241,i-cof kids,CARBOCYSTEINE,,ขย.9,,ยาน้ำสำหรับเด็ก,1A15/49,A2,กล่อง,,100,,FALSE,FALSE,FALSE,,65,,,,,,,
1000,102242,re nu fresh multi purpose solution 120 ml,,,ขย.9,,อุปกรณ์ทางการแพทย์,64-2-2-2-000464,น2 2/2,กล่อง,,100,,FALSE,FALSE,FALSE,,100,,,,,,,
1000,102243,Fungiderm B cream 10 g,CLOTRIMAZOLE+BETAMETHASONE,ANTIFUNGALS,ขย.9,,อุปกรณ์ทางการแพทย์,2A163/56,C  7,หลอด,,100,,FALSE,FALSE,FALSE,28,65,,,,,,,
1000,102244,ลิปส์แคร์ (Lipcrae) ตราเภสัชกร 2 กรัม,,,ขย.9,,เครื่องสำอางและผลิตภัณฑ์ค,10-1-6300020101,น 2/3,ตลับ,,100,,FALSE,FALSE,FALSE,7.3,12,,,,,,,
1000,102231,Naphcon-A 15ml,PHENTERMINE,,ขย.9,,ยาหู ตา คอ จมูก,2C20/61,ฺB3,กล่อง,,100,,FALSE,FALSE,FALSE,88,139,,,,,,,
1000,102245,Canasone CB 5g,CLOTRIMAZOLE,,ขย.9,,ยาระบบการติดเชื้อ,2A79/47,C6,กล่อง,,100,,FALSE,FALSE,FALSE,22,50,,,,,,,
1000,102246,แบนเนอร์ โปรตีนจากถั่วเหลือง (แดง),,,ขย.9,,วิตามินและอาหารเสริม,1.11E+12,ว3,ขวด,,100,,FALSE,FALSE,FALSE,285,385,,,,,,,
1000,102247,Madonna 1 ยาคุมฉุกเฉิน,LEVONORGESTREL,,ขย.9,,ยาคุมกำเนิดและฮอร์โมนทดแท,1A73/65,ข2,กล่อง,,100,,FALSE,FALSE,FALSE,0,55,,,,,,,
1000,102248,Zovirax cream 5 g,ACICLOVIR,ANTIVIRALS,ขย.9,,ยาใช้เฉพาะที่,3U3T,C 5,กล่อง,,100,,FALSE,FALSE,FALSE,395,485,,,,,,,
1000,102249,Covid 19 (Nasal/Saliva Swab) 2 in 1 /set,ACETYLCYSTEINE,ANTIDIARRHOEALS,ขย.9,,อุปกรณ์ทางการแพทย์,T6600023,ตู้ A1,กล่อง,,100,,FALSE,FALSE,FALSE,20,35,,,,,,,
1000,102250,GICA  A/B+RSV 1 Set,,,ขย.9,,อุปกรณ์ทางการแพทย์,66-2-2-1-001437,น,กล่อง,,100,,FALSE,FALSE,FALSE,0,99,,,,,,,
1000,102251,ขมิ้นผงแท้  ตราโพธิ์แก้ว 400 กรัม,,,ขย.9,,"ยาสมุนไพร, ยาแผนโบราณ",670304,ห2,กล่อง,,100,,FALSE,FALSE,FALSE,66.5,75,,,,,,,
1000,102252,vita-Cสับปะรด 1000เม็ด,ASCORBIC ACID,VITAMINS & MINERALS,ขย.9,,วิตามินและอาหารเสริม,1.31E+12,,กระปุก,,100,,FALSE,FALSE,FALSE,102,170,,,,,,,
1000,102253,ยาน้ำมันเหลืองสูตรไพล  ตราแม่กุหลาบ 20 ml,,,ขย.9,,"ยาสมุนไพร, ยาแผนโบราณ",G267/54,น 2 2/3,ขวด,,100,,FALSE,FALSE,FALSE,75,110,,,,,,,
1000,102254,Deanxit Film-Coates Tablet 10 tab,FLUPENTIXOL + MELITRACEN,,ขย.9,,ยาในโรคเรื้อรัง (Drug for,2C 20/63,G แถว 5,แผง,,100,,FALSE,FALSE,FALSE,55.5,95,,,,,,,
1000,102255,ผ้าอนามัย ลอรีเอะ 35cm 4 ชิ้น-,,,,,เบ็ดเตล็ด,,,ห่อ,,100,,FALSE,FALSE,FALSE,21.5,35,,,,,,,
1000,102256,มามี่โพโคแฮปปี้เเพ้นท์ S 4ชิ้น,,,,,เบ็ดเตล็ด,,,ห่อ,,100,,FALSE,FALSE,FALSE,15.75,25,,,,,,,
1000,102257,ผ้าอ้อมผู้ใหญ่ เซอร์เทนตี้ เทป M,,,,,เบ็ดเตล็ด,,,ห่อ,,100,,FALSE,FALSE,FALSE,153,179,,,,,,,
1000,102258,PuLmicort  Tubuhaler 200 mcg /dose,BUDESONIDE,ANTIASTHMATIC PREPARATIONS,ขย.9,,ยาในโรคเรื้อรัง (Drug for,1C 4/36,,กล่อง,,100,,FALSE,FALSE,FALSE,549,714,,,,,,,
1000,102259,Emulax 10x10,BISACODYL,LAXATIVES,ขย.9,,ยาทางเดินอาหาร,1A6/58,ตู้ A1,แผง,,100,,FALSE,FALSE,FALSE,5.95,29,,,,,,,
1000,102260,Lonnagel กลิ่นเชอรี่ (ซอง),,STEROIDS,ขย.9,,ยาใช้เฉพาะที่,1A375/52,,ซอง,,100,,FALSE,FALSE,FALSE,7.2,15,,,,,,,
1000,102261,PYGABA75,,,,,,1A 30/62,,,,100,,FALSE,FALSE,FALSE,145,195,,,,,,,
1000,102262,AQUA MARIS Strong,,,,,,,,,,100,,FALSE,FALSE,FALSE,240,345,,,,,,,
1000,102263,ปรอทวัดไข้ ดิจิตอล,,,,,,,,,,100,,FALSE,FALSE,FALSE,90,139,,,,,,,
1000,102264,Senolax 60เม็ด,,,ขย.9,,,1A297/53,,กล่อง,,100,,FALSE,FALSE,FALSE,60,85,,,,,,,
1000,102265,Tylenol 8 hour,,,ขย.9,,,1C15056/65,,,,100,,FALSE,FALSE,FALSE,37.5,55,,,,,,,
1000,102266,KERRA,,,,,,G40/57,,,,100,,FALSE,FALSE,FALSE,67.5,100,,,,,,,
1000,102267,BUFENAC FORTE 10 tab,DICLOFENAC,NSAIDs,ขย.9,,ยาในโรคเรื้อรัง (Drug for,1A454/38,ตู้ D3,แผง,,100,,FALSE,FALSE,FALSE,3.6,40,,,,,,,
1000,102268,Canesten 20g,,,,,,1C 12/59,,,,100,,FALSE,FALSE,FALSE,143.5,175,,,,,,,
1000,102269,Silverderm cream 25g,SILVER SULFADIAZINE,ANTIBIOTICS,ขย.9,,ยาใช้เฉพาะที่,1A 186/47,ตู้ ก3,หลอด,,100,,FALSE,FALSE,FALSE,32,58,,,,,,,
1000,102270,M-Flox 400,,,,,,1A70/54,,,,100,,FALSE,FALSE,FALSE,12,45,,,,,,,
1000,102271,Sofclens 500ml,,,ขย.9,,อุปกรณ์ทางการแพทย์,1A 169/51,,ขวด,,100,,FALSE,FALSE,FALSE,36,55,,,,,,,
1000,102272,SOS แผ่นแอลกอฮอล์ 70% ทางการแพทย์ 1 แผ่น/ซอง,,,ขย.9,,อุปกรณ์ทางการแพทย์,66-2-2-2-000826,น1/2,ซอง,,100,,FALSE,FALSE,FALSE,0.87,4,,,,,,,
1000,102274,มะขามป้อม ตราแสงดาว 60 ม.ล,,,,,,G344/49,,,,100,,FALSE,FALSE,FALSE,9,20,,,,,,,
1000,102275,ezy dose Pill Planner ตลับใส่เม็ดยา สีเขียว,,,,,,67009ARC-B,,,,100,,FALSE,FALSE,FALSE,53,69,,,,,,,
1000,102276,สมุนไพรคุณสัมฤทธิ์ พลูคาว 60 แคปซูล,,,,,,G80/64,,,,100,,FALSE,FALSE,FALSE,220,260,,,,,,,
1000,102277,Brusoft 400 mg 10  soft capsules ,IBUPROFEN,,ขย.9,,ปวดหัว/ไมเกรน,1C65/60,ตู้ D5,กล่อง,,100,,FALSE,FALSE,FALSE,52.5,99,,,,,,,
1000,102278,C&Lว่านชักมดลูก ผสมเอี๊ยะบ่อเช่า ตราซีแอนด์แอล 40 แคปซูล,,,,,,G36/2554,,,,100,,FALSE,FALSE,FALSE,112,290,,,,,,,
1000,102279,Dermaheu Cream 5g,,,ขย.9,,,2A190/42,ตู้ C8,หลอด,,100,,FALSE,FALSE,FALSE,30,65,,,,,,,
1000,102280,opti-free 10ml,,,,,,6.52E+11,,,,100,,FALSE,FALSE,FALSE,74.5,129,,,,,,,
1000,102281,TC-MYCIN oinment,,,,,,1A 673/33,,,,100,,FALSE,FALSE,FALSE,18,28,,,,,,,
1000,102282,Progynova 1 mg  1x28',,HORMONES,ขย.9,,ยาคุมกำเนิดและฮอร์โมนทดแท,1C 100/50,,แผง,,100,,FALSE,FALSE,FALSE,165,185,,,,,,,
1000,102283,Klean&kare NSS 1000 ml,,,ขย.9,,,-,,,,,,FALSE,FALSE,FALSE,46.84,65,,,,,,,
1000,102284,ยาอม มะขามป้อม ตราห้างธงทองโอสถ 10 เม็ด,LEVONORGESTREL,MOUTH/THROAT PREPARATIONS,ขย.9,,"ยาสมุนไพร, ยาแผนโบราณ",G456/49,น1/2,ซอง,,,,FALSE,FALSE,FALSE,6.08,15,,,,,,,
1000,102285,Zimva 20mg,Simvastatin,ANTILEPROTICS,ขย.9,,ยาในโรคเรื้อรัง (Drug for,1A31/53,ตู้ G3,แผง,,,,FALSE,FALSE,FALSE,8,25,,,,,,,
1000,102286,ยาอมผสมกิกเก้ ตราไกรทอง,,,ขย.9,,"ยาสมุนไพร, ยาแผนโบราณ",G513/60,น1/1,แผง,,,,FALSE,FALSE,FALSE,0,8,,,,,,,
1000,102289,Difflam orange ,,,ขย.9,,ยาอม,2A 70/61,น1/1,แผง,,,,FALSE,FALSE,FALSE,25,35,,,,,,,
1000,102287,GLYCERIN 12ชิ้น/กล่อง (เด็ก),CYPROTERONE ACETATE,LAXATIVES,ขย.9,,ยาทางเดินอาหาร,1A 98/28,ตู้ E8,กระปุก,,,,FALSE,FALSE,FALSE,51.5,95,,,,,,,
1000,102288,iliadin 0.05% nasol drops >6year ,OXYMETAZOLINE,DECONGESTANTS & OTHER NASAL PR,ขย.9,,ยาระบบทางเดินหายใจ,1A 159/41,ตู้ F2,ขวด,,100,,FALSE,FALSE,FALSE,80,100,,,,,,,
1000,102290,ยาหม่องขาวตรา 5 เจดีย์ 10 กรัม,,,ขย.9,,,G906/45,น2/3R,,,,,FALSE,FALSE,FALSE,13.33,20,22,,,,,,
1000,102291,Bronal Syrup 60ml,LEVODROPROPIZINE,COUGH & COLD REMEDIES,ขย.9,,ยาน้ำสำหรับเด็ก,1A 6/50(NG),ตู้ A7,ขวด,,,,FALSE,TRUE,FALSE,92,150,,,,,,,
1000,102292,Skinoren 30g,AZELAIC ACID,ANTIBIOTICS,ขย.9,,ยาใช้เฉพาะที่,1C 43/63 (N),ตู้ ก1,กล่อง,,,,FALSE,FALSE,FALSE,462,550,,,,,,,
1000,102293,ยาไม่ต้องอยู่ไฟ ตราพารา ขนาด 10 ออนซ์,,,ขย.9,,"ยาสมุนไพร, ยาแผนโบราณ",,น2/3R,ขวด,,,,FALSE,FALSE,FALSE,57,65,,,,,,,
1000,102294,futuro ข้อมือ free size 1ชิ้น/กล่อง,,,,,อุปกรณ์ทางการแพทย์,,,ชิ้น,,100,,FALSE,FALSE,FALSE,,229,,,,,,,
1000,102295,เอ็น-เซ่น เฟิร์สแบนด์ ขนาด 2 นิ้ว,,,,,อุปกรณ์ทางการแพทย์,,,ชิ้น,,100,,FALSE,FALSE,FALSE,,69,,,,,,,
1000,102296,Redoxon Zinc,MULTIVITAMINS & MINERALS,VITAMINS & MINERALS,ขย.9,ขย.9,วิตามินและอาหารเสริม,2C 8/51,,กล่อง,,100,,FALSE,FALSE,FALSE,142,170,,,,,,,
1000,100000,BLACKMORES MULTIVITAMIN NUTRI 50+ 30 TAB,,VITAMINS & MINERALS,ขย.9,ขย.9,วิตามินและอาหารเสริม,1.03E+12,น3/4L,ขวด,,,,FALSE,FALSE,FALSE,290,365,,,,,,,
1000,102297,povidne วิทยาศรม 30ml,,,ขย.9,,อุปกรณ์ทางการแพทย์,1A406/35,น3/4L,ขวด,,,,FALSE,FALSE,FALSE,15.5,39,,,,,,,
1000,102298,ดูดูเลิฟ สำลีจิ๋วบริสุทธิ์ 100 ก้าน,,,ขย.9,,อุปกรณ์ทางการแพทย์,,,ซอง,,100,,FALSE,FALSE,FALSE,12,22,,,,,,,
1000,102299,RACHI extra UV protection 10 g,,,ขย.9,,เครื่องสำอางและสินค้าอุปโภคบริโภค,,,,,100,,FALSE,FALSE,FALSE,145,165,,,,,,,
1000,102300,Yerpall Thailand Since 2012  Bio Lyn Anti Acne Cream 6g,,,ขย.9,,เครื่องสำอางและสินค้าอุปโภคบริโภค,,,ขวด,,100,,FALSE,FALSE,FALSE,90,109,,,,,,,
1000,102301,GYN SPF50PA+++(ขาว),,,ขย.9,,เครื่องสำอางและสินค้าอุปโภคบริโภค,,,ชิ้น,,100,,FALSE,FALSE,FALSE,140,179,,,,,,,
1000,102302,Classy HYA Serum 500 ml,,,ขย.9,,เครื่องสำอางและสินค้าอุปโภคบริโภค,,,ขวด,,100,,FALSE,FALSE,FALSE,165,199,,,,,,,
1000,102303,The Elf NaNo White Dose 60 ml หัวเชื้อบำรุงผิว,,,ขย.9,,เครื่องสำอางและสินค้าอุปโภคบริโภค,,,ขวด,,100,,FALSE,FALSE,FALSE,160,199,,,,,,,
1000,102304,Nivea Dewy Sakura White Lotion 200 ml,,,ขย.9,,เครื่องสำอางและสินค้าอุปโภคบริโภค,,,ขวด,,100,,FALSE,FALSE,FALSE,59,79,,,,,,,
1000,102305,Clean and Clear Foaming Face wash 100 ml,,,ขย.9,,เครื่องสำอางและสินค้าอุปโภคบริโภค,,,ขวด,,100,,FALSE,FALSE,FALSE,60,85,,,,,,,
1000,102306,MADAME HENG สบู่สมุนไพรกลั่น 160 g,,,ขย.9,,เครื่องสำอางและสินค้าอุปโภคบริโภค,,,กล่อง,,100,,FALSE,FALSE,FALSE,32,39,,,,,,,
1000,102307,STAR HUB Whitening Serum Suitable For Sensitive Skin Vitamin C E B3 + Hiya  15 ml,,,ขย.9,,เครื่องสำอางและสินค้าอุปโภคบริโภค,,,ขวด,,100,,FALSE,FALSE,FALSE,80,99,,,,,,,
1000,102308,เกลือสปามีนาน้ำนม350กรัม,,,ขย.9,,เครื่องสำอางและสินค้าอุปโภคบริโภค,,,ถุง,,100,,FALSE,FALSE,FALSE,23,29,,,,,,,
1000,102309,เกลือมีนาขมิ้น350กรัม,,,ขย.9,,เครื่องสำอางและสินค้าอุปโภคบริโภค,,,ถุง,,100,,FALSE,FALSE,FALSE,22,29,,,,,,,
1000,102310,TIGERPLAST 80mmx100m P3,,,ขย.9,,อุปกรณ์ทางการแพทย์,,,กล่อง,,100,,FALSE,FALSE,FALSE,34,59,,,,,,,
1000,102311,ถุงมือ progroves Size.S สีขาว 100 ชิ้น,,,ขย.9,,อุปกรณ์ทางการแพทย์,,,กล่อง,,100,,FALSE,FALSE,FALSE,98.75,165,,,,,,,
1000,102312,KLEANGLOVE ถุงมือ S สีฟ้า,,,ขย.9,,อุปกรณ์ทางการแพทย์,,,กล่อง,,100,,FALSE,FALSE,FALSE,125,195,,,,,,,
1000,102313,KLEANGLOVE ถุงมือ M สีฟ้า,,,ขย.9,,อุปกรณ์ทางการแพทย์,,,กล่อง,,100,,FALSE,FALSE,FALSE,125,195,,,,,,,
1000,102314,ไม้กดลิ้น Wuyang 100 ชิ้น/กล่องสีเขียว,,,ขย.9,,อุปกรณ์ทางการแพทย์,,,กล่อง,,100,,FALSE,FALSE,FALSE,75,99,,,,,,,
1000,102315,tubigrip ( L ) สวมเข่า,,,ขย.9,,อุปกรณ์ทางการแพทย์,,,ชิ้น,,100,,FALSE,FALSE,FALSE,148,189,,,,,,,
1000,102316,tubigrip อุปกรณ์พยุงข้อเท้า Size S,,,ขย.9,,อุปกรณ์ทางการแพทย์,,,ชิ้น,,100,,FALSE,FALSE,FALSE,148,195,,,,,,,
1000,102317,กล่องใส่ยา,,,ขย.9,,อุปกรณ์ทางการแพทย์,,,กล่อง,,100,,FALSE,FALSE,FALSE,0,25,,,,,,,
1000,102318,ชุด PPE ไซต์ M 1 ชุด,,,ขย.9,,อุปกรณ์ทางการแพทย์,,,ชิ้น,,100,,FALSE,FALSE,FALSE,25,50,,,,,,,
1000,102319,3M Futuro พยุงนิ้วหัวแม่มือ รุ่นสีดำ Size L/XL,,,ขย.9,,อุปกรณ์ทางการแพทย์,,,ชิ้น,,100,,FALSE,FALSE,FALSE,525,590,,,,,,,
1000,102320,3M futuro knee support พยุงเข่า L ,,,ขย.9,,อุปกรณ์ทางการแพทย์,,,ชิ้น,,100,,FALSE,FALSE,FALSE,265,315,,,,,,,
1000,102321,3M futuro knee support พยุงเข่า M,,,ขย.9,,อุปกรณ์ทางการแพทย์,,,ชิ้น,,100,,FALSE,FALSE,FALSE,265,315,,,,,,,
1000,102322,Face Shield Acrylic ,,,ขย.9,,อุปกรณ์ทางการแพทย์,,,ชิ้น,,100,,FALSE,FALSE,FALSE,39,59,,,,,,,
1000,102323,Topicote 0.25% Skin ceam 15 g,DESOXIMETHASONE,ANTIFUNGALS,ขย.9,,ยาใช้เฉพาะที่,23A26,ตู้ C8,กล่อง,,,,FALSE,FALSE,FALSE,115,155,,,,,,,
1000,102324,Supirocin Oin Oinment 5 g.,MUPIROCIN,ANTIBIOTICS,ขย.9,,ยาใช้เฉพาะที่,1C 52/56,ตู้ ก1,หลอด,,,,FALSE,FALSE,FALSE,0,60,,,,,,,
1000,102325,ขวดนม pigeon RPP ไม่มีการ์ตูน 8 ออนซ์,,,,,ผลิตภัณท์เด็ก,,,ขวด,,100,,FALSE,FALSE,FALSE,48.13,70,,,,,,,
1000,102326,ขวดนม pigeon RPP ไม่มีการ์ตูน 4 ออนซ์,,,,,ผลิตภัณท์เด็ก,,,ขวด,,100,,FALSE,FALSE,FALSE,44.52,65,,,,,,,
1000,102327,ยาดม peppermint  black,,,ขย.9,,"ยาสมุนไพร, ยาแผนโบราณ",,,หลอด,,100,,FALSE,FALSE,FALSE,20,25,,,,,,,
1000,102328,tubigrip อุปกรณ์พยุงข้อเท้า Size XL,,,ขย.9,,อุปกรณ์ทางการแพทย์,6.51E+11,,กล่อง,,,,FALSE,FALSE,FALSE,145,195,,,,,,,
1000,102329,Falatien Junior 60 ml  น้ำเชื่อม สับปะรด,LORATADINE,ANTIHISTAMINES & ANTIALLERGICS,ขย.9,,ยาน้ำสำหรับเด็ก,1A 140/63,ตู้ A7,ขวด,,100,,FALSE,FALSE,FALSE,40,70,,,,,,,
1000,102330,Vistra FISH OiL 1000mg  75เม็ด,CARMINATIVE+ANTIFLATULENCE,,ขย.9,,วิตามินและอาหารเสริม,1.31E+12,,ขวด,,,,FALSE,FALSE,FALSE,168,265,,,,,,,
1000,102331,A-Tussin Coated 10 Tab,Dextromethorphan Hydrobromide,Antitussives,ขย.11,ขย.11,ยาหู ตา คอ จมูก,,,แผง,,100,,FALSE,FALSE,FALSE,6.5,40,,,,,,,
1000,102332,Klean&Kare NSS0.9% น้ำเกลือ 500 ml,,,ขย.9,,อุปกรณ์ทางการแพทย์,65-1-3-2-0000519,,ขวด,,,,FALSE,FALSE,FALSE,24.5,50,,,,,,,
1000,102333,FLANIL 60g,,,ขย.9,,ยาใช้เฉพาะที่,2A 230/27,,หลอด,,,,FALSE,FALSE,FALSE,41,75,,,,,,,
1000,102334,Belara  21tab,CHLORMADIONE ACETATE+EE,CONTRACEPTIVE AGENTS,ขย.9,,ยาคุมกำเนิดและฮอร์โมนทดแท,2C 14/57 (N),ตู้ ข3,กล่อง,,100,,FALSE,FALSE,FALSE,257,330,,,,,,,
1000,102335,Pregabalin Sandoz 25 mg,PREGABALIN,ANTINEUROPATHIC,ขย.9,,ยาในโรคเรื้อรัง (Drug for,1C 55/59 (NG),ตู้ G7,กล่อง,,,,FALSE,FALSE,FALSE,545,695,,,685,,,,
1000,102336,Ganaton 50 mg 1x10 tab,ITOPRIDE HYDROCHLORIDE,ANTIACID,ขย.9,,ยาทางเดินอาหาร,1C 41/54 (N),ตู้ E5,กล่อง,,,,FALSE,FALSE,FALSE,122,185,,,180,,,,
1000,102337,Mistine Goat Milk extra mild lotion 300 ml,,,,,เครื่องสำอางและสินค้าอุปโภคบริโภค,,,ขวด,,,,FALSE,FALSE,FALSE,46,89,69,,,,,,
1000,102338,ฮอทต้า ขิงสูตรต้นตำรับ 14 ซอง,,,ขย.9,,"ยาสมุนไพร, ยาแผนโบราณ",20-2-01164-2-003,,ซอง,,,,FALSE,FALSE,FALSE,94,120,,,,,,,
1000,102339,ฮอทต้า สูตรต้นตำรับ 5 ซอง,,,ขย.9,,"ยาสมุนไพร, ยาแผนโบราณ",,น2/3R,ซอง,,,,FALSE,FALSE,FALSE,42,58,,,,,,,
1000,100000,ที่ขัดตัว ซิลิโคน,,VITAMINS & MINERALS,ขย.9,ขย.9,อุปกรณ์ทางการแพทย์,,น3/4L,อัน,,,,FALSE,FALSE,FALSE,20,45,,,,,,,
1000,102340,Fango cream 5 g,CLOTRIMAZOLE,,ขย.9,,ยาระบบการติดเชื้อ,1A 339/44,ตู้ C9,กล่อง,,,,FALSE,FALSE,FALSE,13.25,35,,,,,,,
1000,102341,น้ำเกลือ 0.9% NaCl ANB 1000 ml ฝาเกลียว,,,ขย.9,,อุปกรณ์ทางการแพทย์,1A 1721/30,,ขวด,,,,FALSE,FALSE,FALSE,29,55,,,,,,,
1000,102342,สำลีก้าน BIO PLAST size S 100 ก้าน,,,ขย.9,,อุปกรณ์ทางการแพทย์,,,ห่อ,,,,FALSE,FALSE,FALSE,15.5,29,,,,,,,
1000,102343,ผ้าอนามัย แบบสอด O.B ProComfort 8 ชิ้น,,,ขย.9,,เครื่องสำอางและสินค้าอุปโภคบริโภค,,,กล่อง,,,,FALSE,FALSE,FALSE,70,89,,,,,,,
1000,102344,Nelapine 20 mg SR 3x10',NIFIDIPINE,,ขย.9,,ยาในโรคเรื้อรัง (Drug for,,ตู้ G4,กล่อง,,,,FALSE,FALSE,FALSE,100,125,,,,,,,
1000,102345,Voltaren SR100,DICLOFENAC,NSAIDs,ขย.9,,ยาระบบกล้ามเนื้อ-ข้อต่อ,1C 581/28,ตู้ C3,แผง,,,,FALSE,FALSE,FALSE,211,275,,,,,,,
1000,102346,Zertine Syrup,CETIRIZINE,ANTIHISTAMINES & ANTIALLERGICS,ขย.9,,ยาน้ำสำหรับเด็ก,1A 91/49,ตู้ A7,ขวด,,,,FALSE,FALSE,FALSE,26.5,65,,,,,,,
1000,102347,CEZA Syrup 60ml,CETIRIZINE,ANTIHISTAMINES & ANTIALLERGICS,ขย.9,,ยาน้ำสำหรับเด็ก,1A 293/45,ตู้ A7,ขวด,,,,FALSE,FALSE,FALSE,37,65,,,,,,,
1000,102348,I Fen Syrup 60ml,IBUPROFEN,NSAIDs,ขย.9,,ยาน้ำสำหรับเด็ก,1A 239/56,ตู้ A7,ขวด,,100,,FALSE,FALSE,FALSE,20,60,,,,,,,
1000,102349,TERCO-D 10 tab,DEXTROMETHORPH+GUAIFENESIN+TERPIN HYDRATE,Antitussives,ขย.9,ขย.11,ยาระบบทางเดินหายใจ,2A 212/26,ตู้ ขย. 11 (เม็ด),แผง,,100,,FALSE,FALSE,FALSE,8.5,48,,,,,,,
1000,102350,MEGA Evening Primrose Oil 1000 mg  100 tab,,,ขย.9,,วิตามินและอาหารเสริม,11-1-32732-1-0131,ตู้ ว2,กระปุก,,,,FALSE,FALSE,FALSE,362,490,,,,,,,
1000,102351,Kanolone Oral Paste ขี้ผรสส้ม 5 g.  ,MICONAZOLE + TRIAMCINOLONE,ANTI-INFLAMMATORY ENZYMES,ขย.9,,ยาใช้เฉพาะที่,1A 1754/28,,หลอด,,,,FALSE,FALSE,FALSE,22.5,45,,,,,,,
1000,102352,Nutroplex Oilgo 100 ml ,,,ขย.9,,วิตามินและอาหารเสริม,73-1-00154-1-0261,น3/4L,ขวด,,,,FALSE,FALSE,FALSE,141.75,199,,,,,,,
1000,102353,อโรติกา คูลเจล ไพร็อคซิแคม 100 กรัม,PIROXICAM,ANTI-INFLAMMATORY ENZYMES,ขย.9,,ยาใช้เฉพาะที่,1A 10/55,น2/3R,หลอด,,,,FALSE,FALSE,FALSE,100,120,,,,,,,
1000,102354,bio Green Treatment Cream 30 ml,,,ขย.9,,เครื่องสำอางและสินค้าอุปโภคบริโภค,13-4-6600000054,,ซอง,,,,FALSE,FALSE,FALSE,7,9,,,,,,,
1000,102355,SIVANNA Soft Matte Lip Cream Set No. E,,,,,เครื่องสำอางและสินค้าอุปโภคบริโภค,,,กล่อง,,,,FALSE,FALSE,FALSE,0,159,,,,,,,
1000,102356,CALTAB 30 tab,CALCIUM+VITAMIN D,,ขย.9,,วิตามินและอาหารเสริม,2A 73/46,ตู้ D1,กล่อง,,,,FALSE,FALSE,FALSE,48,110,,,,,,,
1000,102357,ผ้าพยุงข้อเท้า tubigrip ไซต์ L,,,ขย.9,,อุปกรณ์ทางการแพทย์,6.51E+11,,,,,,FALSE,FALSE,FALSE,148,189,,,,,,,
1000,102358,3M FUTURO พยุงข้อมือ ADJ ขนาด 14-24.1 ซม.,,,ขย.9,,อุปกรณ์ทางการแพทย์,65-2-3-2-0002710,,กล่อง,,,,FALSE,FALSE,FALSE,172,229,,,,,,,
1000,102359,BETA-DIPO 25 g,BETAMETHASONE + NEOMYCIN,STEROIDS,ขย.9,,ยาระบบการติดเชื้อ,2A 326/41,ตู้ C7,หลอด,,100,,FALSE,FALSE,FALSE,59.5,105,,,,,,,
1000,102360,Icorin Kid  รสสละ - greaterPharma 60 ml,BUTAMIRATE CITRATE,COUGH & COLD REMEDIES,ขย.9,,ยาน้ำสำหรับเด็ก,1A 185/54,ตู้ A4,ขวด,,,,FALSE,FALSE,FALSE,33,59,,,,,,,
1000,102361,Fitne ฟิตเน่ (รสเก็กฮวย เล็ก) 8 ซอง,,,ขย.9,,เครื่องสำอางและสินค้าอุปโภคบริโภค,G 339/44,น1/1,ห่อ,,,,FALSE,FALSE,FALSE,42,55,,,,,,,
1000,102362,Aspirin 81 mg ตรางู 10's,ASPIRIN,ANTIPATELET,ขย.9,ขย.10,ยาในโรคเรื้อรัง (Drug for,,ตู้ ขย. 11 (เม็ด),แผง,,100,,FALSE,FALSE,FALSE,3,15,,,,,,,
1000,102363,Ayura Pinklady  อายูร่าพิ้งค์เลดี้ สูตร2 ปริมาตร 500 ml,,,ขย.9,,ยาคุมกำเนิดและฮอร์โมนทดแท,72-2-02350-2-0010,น 2/4L,ขวด,,,,FALSE,FALSE,FALSE,98,125,,,,,,,
1000,102364,กล่อง เบอร์ 00  (ขนาด 9.75x14x6),,,,,เบ็ดเตล็ด,,,กล่อง,,,,FALSE,FALSE,FALSE,2,3,,,,,,,
1000,102365,กล่อง เบอร์ 0  (ขนาด 11x17x6 ),,,,,เบ็ดเตล็ด,,,กล่อง,,,,FALSE,FALSE,FALSE,3,4,,,,,,,
1000,102366,กล่อง เบอร์ 0+4  (ขนาด 11x17x10 ),,,,,เบ็ดเตล็ด,,,กล่อง,,,,FALSE,FALSE,FALSE,3,4,,,,,,,
1000,102367,กล่อง เบอร์ 0+3  (ขนาด 11x15x10 ),,,,,,,,,,,,FALSE,FALSE,FALSE,3.5,5,,,,,,,
1000,102368,กล่อง เบอร์ A (ขนาด 14 x 20 x 6),,,,,เบ็ดเตล็ด,,,กล่อง,,,,FALSE,FALSE,FALSE,3,4,,,,,,,
1000,102369,กล่อง เบอร์ AA (ขนาด 13x17x7),,,,,,,,,,,,FALSE,FALSE,FALSE,3,4,,,,,,,
1000,102370,กล่อง เบอร์ 2A (ขนาด 14x20x12),,,,,เบ็ดเตล็ด,,,กล่อง,,,,FALSE,FALSE,FALSE,4,5,,,,,,,
1000,102371,กล่อง เบอร์ 0+A (ขนาด ),,,,,,,,,,,,FALSE,FALSE,FALSE,3,4,,,,,,,
1000,102372,กล่อง เบอร์ AB (ขนาด14x20x9 ),,,,,,,,,,,,FALSE,FALSE,FALSE,4,5,,,,,,,
1000,102373,กล่อง เบอร์ B (ขนาด17x25x9 ),,,,,เบ็ดเตล็ด,,,กล่อง,,,,FALSE,FALSE,FALSE,4,7,,,,,,,
1000,102374,กล่อง เบอร์ 2B (ขนาด17x25x17 ),,,,,เบ็ดเตล็ด,,,กล่อง,,,,FALSE,FALSE,FALSE,5,8,,,,,,,
1000,102375,กล่อง เบอร์  C  (ขนาด 20x30x11),,,,,เบ็ดเตล็ด,,,กล่อง,,,,FALSE,FALSE,FALSE,6,8,,,,,,,
1000,102376,กล่อง เบอร์  CD  (ขนาด 15x15x15),,,,,เบ็ดเตล็ด,,,กล่อง,,,,FALSE,FALSE,FALSE,5,8,,,,,,,
1000,102377,กล่อง เบอร์  D  (ขนาด 22x35x14),,,,,,,,,,,,FALSE,FALSE,FALSE,7,10,,,,,,,
1000,102378,กล่อง เบอร์  C+8  (ขนาด 20x30x19),,,,,,,,,,,,FALSE,FALSE,FALSE,7,10,,,,,,,
1000,102379,Packing ค่าแพ๊คกล่อง (เทปใส-ใบแปะหน้า-บัปเบิ้ล),,,,,เบ็ดเตล็ด,,,แพ็ค,,,,FALSE,FALSE,FALSE,3,3,,,,,,,
1000,102380,VESOPH 5ml,DEXAMETHASONE + NEOMYCIN,EYE PREPARATIONS,ขย.9,,ยาหู ตา คอ จมูก,2A 124/48,ตู้ B3,กล่อง,,,,FALSE,FALSE,FALSE,20,45,,,,,,,
1000,102381,DESTA SYRUP 60ml,DESLORATADINE,ANTIHISTAMINES & ANTIALLERGICS,ขย.9,,ยาน้ำสำหรับเด็ก,1A 10/66 (NG),ตู้ A7,กล่อง,,100,,FALSE,FALSE,FALSE,98,145,,,,,,,
1000,102382,ที่อุดหู+ตลับ 1 คู่,,,,,เบ็ดเตล็ด,-,ล 2/1,ตลับ,,,,FALSE,FALSE,FALSE,6,10,,,,,,,
1000,102383,Eurofer-lron syrup 60ml,HYDROXIDE,VITAMINS & MINERALS,ขย.9,,ยาน้ำสำหรับเด็ก,1A 317/49,,กล่อง,,,,FALSE,FALSE,FALSE,59,95,,,,,,,
1000,102384,THRTOATSIL 250 60 ml ราสเบอร์รี่,CARBOCYSTEINE,MUCOLYTIC,ขย.9,,ยาน้ำสำหรับเด็ก,1A 257/46,,กล่อง,,,,FALSE,FALSE,FALSE,22,59,,,,,,,
1000,102385,THRTOATSIL 100 60 ml ราสเบอร์รี่,CARBOCYSTEINE,MUCOLYTIC,ขย.9,,ยาน้ำสำหรับเด็ก,1A 256/46,,กล่อง,,,,FALSE,FALSE,FALSE,19.5,55,,,,,,,
1000,102386,BRONCET 60ml,GUAIFENESIN,MUCOLYTIC,ขย.9,,ยาน้ำสำหรับเด็ก,2A 103/48,,กล่อง,,,,FALSE,FALSE,FALSE,23,59,,,,,,,
1000,102387,CEFEN 600 mg 10 tab-CPL,IBUPROFEN,ANTI-INFLAMMATORY ENZYMES,ขย.9,,ปวดหัว/ไมเกรน,1A 590/34,ตู้ D6,แผง,,,,FALSE,FALSE,FALSE,8,65,,,,,,,
1000,102388,กัมมี่ ผสม วิตามินรวม 24 กรัม,,,ขย.9,,เครื่องสำอางและสินค้าอุปโภคบริโภค,12-2-01536-2-1305,ล 2/1,ซอง,,,,FALSE,FALSE,FALSE,15.67,29,,,,,,,
1000,102389,Cool Baby (NanoMed)  2 แผ่น,,,ขย.9,,ผลิตภัณท์เด็ก,ุ65-2-3-2-0006425,น3/4L,ซอง,,,,FALSE,FALSE,FALSE,23.33,35,,,,,,,
1000,102390,การบูร หอมธรรมชาติ( Camphor) 30 g,CAMPHOR,,ขย.9,,อุปกรณ์ทางการแพทย์,,น3/4L,ซอง,,,,FALSE,FALSE,FALSE,34,45,,,,,,,
1000,102391,BABY BALL ปั้มนม,,,ขย.9,,,,,กล่อง,,,,FALSE,FALSE,FALSE,210,299,,,,,,,
1000,102392,GAVISCON DUAL 16เม็ด ,,,ขย.9,,ยาทางเดินอาหาร,2C 14/52,ตู้ E1,กล่อง,,,,FALSE,FALSE,FALSE,184,250,,,,,,,
1000,102393,DIPROSALIC OINTMENT15G,,,ขย.9,,ยาใช้เฉพาะที่, 43/51,ตู้ C6,กล่อง,,,,FALSE,FALSE,FALSE,231,279,,,,,,,
1000,102394,ZEMA CREAM 10G,CLOTRIMAZOLE,,ขย.9,,ยาใช้เฉพาะที่, 43/51,ตู้ C9,กล่อง,,100,,FALSE,FALSE,FALSE,43.5,65,,,,,,,
1000,102395,ถุงมือ FREELOX 100 ชิ้น แบบมีแป้ง size.S,,,ขย.9,,อุปกรณ์ทางการแพทย์,,,,,,,FALSE,FALSE,FALSE,95,155,,,,,,,
1000,102396,vistra astraxanthin 4 mg 30s,,VITAMINS & MINERALS,ขย.9,,วิตามินและอาหารเสริม,13-1/00449/1/0247,,กระปุก,,100,,FALSE,FALSE,FALSE,365,459,,,,,,,
1000,102397,Tizine syrup 60 ml ,CETIRIZINE,ANTIHISTAMINES & ANTIALLERGICS,ขย.9,,ยาน้ำสำหรับเด็ก,1A294/49,ตู้ A7,ขวด,,100,,FALSE,FALSE,FALSE,13.5,65,,,,,,,
1000,102398,นีโอติก้า บาล์ม 100 กรัม,,,ขย.9,,ยาใช้เฉพาะที่,2A 133/40,,หลอด,,,,FALSE,FALSE,FALSE,93.5,145,,,,,,,
1000,102399,ดูเร็กซ์ คิงเท็ค 3 ชิ้น ขนาด 49 มม.,,,ขย.9,,เบ็ดเตล็ด,ผ.136/2546,น 2/4L,กล่อง,,,,FALSE,FALSE,FALSE,41.5,59,,,,,,,
1000,102400,Opsil-A 10 ml ,,,ขย.9,,ยาหู ตา คอ จมูก,2A46/64,ตู้ B3,ขวด,,,,FALSE,FALSE,FALSE,31.5,60,,,,,,,
1000,102401,HICEE 100 mg  50 tab,ASCORBIC ACID,VITAMINS & MINERALS,ขย.9,,วิตามินและอาหารเสริม,2A 8/57,น 2/4L,กล่อง,,,,FALSE,FALSE,FALSE,57.5,85,,,,,,,
1000,102402,V-cap 150 mg 10's,SIMETHICONE,ANTIFLATULANCES,ขย.9,,ยาทางเดินอาหาร,1A 182/56,ตู้ E7,แผง,,100,,FALSE,FALSE,FALSE,12,35,,,,,,,
1000,102403,นิจิดิส์ ครีมทาผิวหนัง  มือ เนียน นุ่ม 15.3 กรัม,,,ขย.9,,เครื่องสำอางและสินค้าอุปโภคบริโภค,1.02E+12,น 2/4L,กล่อง,,,,FALSE,FALSE,FALSE,33,45,,,,,,,
1000,102404,ครีม 91 อี ทาส้นเท้าแตก ผสมวิตามินอี 8.3 กรัม,,,ขย.9,,เครื่องสำอางและสินค้าอุปโภคบริโภค,10-1-5400337,น 2/4L,กล่อง,,,,FALSE,FALSE,FALSE,44.5,65,,,,,,,
1000,102405,แอลจี้ พลัส แคร็ก ฮีล ครีม ทาส้นเท้า 50 กรัม,,,ขย.9,,เครื่องสำอางและสินค้าอุปโภคบริโภค,10-2-6500025152,น 2/4L,กล่อง,,,,FALSE,FALSE,FALSE,135,195,,,,,,,
1000,102406,Senokot Tablets Works in 8-12 hours 60 tab,,,ขย.9,,ยาทางเดินอาหาร,10-2-6500025152,ตู้ E9,กล่อง,,,,FALSE,FALSE,FALSE,135,195,,,,,,,
1000,102407,Artro Fort Complex (MEDA) 30 sachets ,,,ขย.9,,วิตามินและอาหารเสริม,2C 2/52 (NB),ตู้ D1,กล่อง,,,,FALSE,FALSE,FALSE,630,850,,,,,,,
1000,102408,น้ำมันมวย ครีม 30g ,,,ขย.9,,ยาใช้เฉพาะที่,2A151/50,,กล่อง,,,,FALSE,FALSE,FALSE,58,89,,,,,,,
1000,102409,ผ้าอ้อมเบบี้เลิฟ เพลย์แพ้น พรีเมียม Zise XL 42 ชิ้น,,,ขย.9,,ผ้าอ้อม,,ล 2/1,ห่อ,,,,FALSE,FALSE,FALSE,379,420,,,,,,,
1000,102410,ผ้าอ้อมเบบี้เลิฟ เพลย์แพ้น พรีเมียม Zise M 58 ชิ้น,,,ขย.9,,ผ้าอ้อม,,ล 2/1,ห่อ,,,,FALSE,FALSE,FALSE,379,420,,,,,,,
1000,102411,Antergen Cream 25 g,,,ขย.9,,ยาใช้เฉพาะที่,2A 969/28,ตู้ C6,กล่อง,,,,FALSE,FALSE,FALSE,50.5,75,,,,,,,
1000,102412,TEARS NATURALE II 15ML,AMOXICILLINE,,ขย.9,,เบ็ดเตล็ด,2C 21/61,ตู้ C4,กล่อง,,,,FALSE,FALSE,FALSE,124,169,,,,,,,
1000,102413,ลอรีเอะ Soft &Safe กลางคืน 30 cm. 8 ชิ้น,,,ขย.9,,เบ็ดเตล็ด,,ล 2/1,ห่อ,,,,FALSE,FALSE,FALSE,25,30,,,,,,,
1000,102415,AMOXIL 125Mg/5ml,AMOXICILLINE,,ขย.9,,ยาน้ำสำหรับเด็ก,1C 333/48,ตู้ A3,กล่อง,,,,FALSE,FALSE,FALSE,68,89,,,,,,,
1000,102416,AMOXIL 250 Mg/5ml,AMOXICILLINE,,ขย.9,,ยาน้ำสำหรับเด็ก,1C 332/48,ตู้ A3,กล่อง,,,,FALSE,FALSE,FALSE,86.75,115,,,,,,,
1000,102417,มามี่โพโค แพ้ ออล เดย์ ดราย Zise XL 3 ชิ้น,,,ขย.9,,ผ้าอ้อม,,ล 2/1,ห่อ,,,,FALSE,FALSE,FALSE,15.75,25,,,,,,,
1000,102418,โซฟี Sofy Cooling Fresh Extra มีปีก 25 cm. 6+1 ชิ้น,,,ขย.9,,เบ็ดเตล็ด,,ล 2/1,ห่อ,,,,FALSE,FALSE,FALSE,30.83,39,,,,,,,
1000,102419,Certainty เซอร์เทนตี้ เดย์แพ้นส์ กางเกง สวม Size M 18 ชิ้น,,,ขย.9,,ผ้าอ้อม,,ล 2/1,ห่อ,,,,FALSE,FALSE,FALSE,305,365,,,,,,,
1000,102420,Certainty เซอร์เทนตี้ เดย์แพ้นส์ กางเกง สวม Size XL 14 ชิ้น,,,ขย.9,,ผ้าอ้อม,,ล 2/1,ห่อ,,,,FALSE,FALSE,FALSE,305,365,,,,,,,
1000,102421,Certainty เซอร์เทนตี้ เดย์แพ้นส์ กางเกง สวม Size L18 ชิ้น,,,ขย.9,,เบ็ดเตล็ด,,ล 2/1,ห่อ,,,,FALSE,FALSE,FALSE,305,365,,,,,,,
1000,102422,ทเวลฟ์ พลัส แป้งหอมเย็น ไวท์เทนนิ่ง สโนว์ ฟลาวเวอร์ 140 กรัม,,,ขย.9,,เครื่องสำอางและสินค้าอุปโภคบริโภค,,ล 2/1,กระปุก,,,,FALSE,FALSE,FALSE,25.5,29,,,,,,,
1000,102423,ทเวลฟ์ พลัส แป้งหอมเย็น เอ็กซ์ตร้าคูล สูตรเย็นสุดขีด 140 กรัม,,,ขย.9,,เครื่องสำอางและสินค้าอุปโภคบริโภค,,ล 2/1,กระปุก,,,,FALSE,FALSE,FALSE,25.5,29,,,,,,,
1000,102424,CLARID 10 TAB,LORATADINE,,ขย.9,,ยาหู ตา คอ จมูก,1A 913/44,ตู้ B3,แผง,,,,FALSE,FALSE,FALSE,14,45,,,,,,,
1000,102425,AMICOF 100 mg  60ml,CARBOCYSTEINE,,ขย.9,,ยาน้ำสำหรับเด็ก,1A 864/41,ตู้ A3,ขวด,,100,,FALSE,FALSE,FALSE,23,60,,,,,,,
1000,102426,DUPHALAC 200 ml,LACTULOSE,LAXATIVES,ขย.9,,ยาทางเดินอาหาร,1C 225/53,ตู้ E9,ขวด,,100,,FALSE,FALSE,FALSE,226,295,,,,,,,
1000,102427,ฟ้าทะลายโจร อ้วยอัน 30's,,,ขย.9,,"ยาสมุนไพร, ยาแผนโบราณ",G161/38,ล 2,กล่อง,,100,,FALSE,FALSE,FALSE,34,55,,,,,,,
1000,102428,ฟ้าทะลายโจร ไฟโตแคร์ 10 เม็ด,,,ขย.9,,"ยาสมุนไพร, ยาแผนโบราณ",G161/38,ล 2,แผง,,100,,FALSE,FALSE,FALSE,11,20,,,,,,,
1000,102429,tears Naturale น้ำตาเทียม Alcon 32 ชิ้น,,,ขย.9,,ยาหู ตา คอ จมูก,2C 23/61,ตู้ B1,,,100,,FALSE,FALSE,FALSE,278,299,,,,,,,
1000,102430,3% Miltear MD 10 ml,HYPROMELLOSE,EYE PREPARATIONS,ขย.9,,ยาหู ตา คอ จมูก,1A 15093/65,ตู้ B2,ขวด,,100,,FALSE,FALSE,FALSE,69,95,,,,,,,
1000,102431,Trancel tear drops 0.8ml/30doses,HYPROMELLOSE,EYE PREPARATIONS,ขย.9,,ยาหู ตา คอ จมูก,1A 15093/65,ตู้ B2,กล่อง,,100,,FALSE,FALSE,FALSE,199,289,,,,,,,
1000,102432,MARLAD LOTION 3ml,,,ขย.9,,ยาใช้เฉพาะที่,7.32E+12,,กล่อง,,,,FALSE,FALSE,FALSE,32.08,69,,,,,,,
1000,102433,นีโอบัน-เจล วอร์ม สูตรร้อน 7x10 cm. 2 ชิ้น,,,ขย.9,,ยาใช้เฉพาะที่,7.32E+12,,แพ็ค,,,,FALSE,FALSE,FALSE,34,49,,,,,,,
1000,102434,Strepsils Cool HHR 8 เม็ด/ซอง,,,ขย.9,,เครื่องสำอางและสินค้าอุปโภคบริโภค,2A 4/51,น3/4L,ซอง,,,,FALSE,FALSE,FALSE,26.5,38,,,,,,,
1000,102435,Dextro tablets 10 tab,,"ANTITUSSIVE ,EXPECTORANT & ANTIHISTAMINE",ขย.9,ขย.11,ยาหู ตา คอ จมูก,2A 626/31,ตู้ ขย. 11 (เม็ด),แผง,,,,FALSE,FALSE,FALSE,6.4,40,,,,,,,
1000,102436,Mycoderm-C Clotrimazole Dusting Powder 1% 75 g,CLOTRIMAZOLE,ANTIFUNGALS,ขย.9,,ยาใช้เฉพาะที่,1C187/48,ตู้ C9,กระปุก,,,,FALSE,FALSE,FALSE,124,165,,,,,,,
1000,102437,MARY PINK 1x2 s',LEVONORGESTREL,HORMONES,ขย.9,,ยาคุมกำเนิดและฮอร์โมนทดแท,1C187/48,ตู้ ก1,กล่อง,,,,FALSE,FALSE,FALSE,0,40,,,,,,,
1000,102438,Difelene1% ไดฟีลีน เจล 100 กรัม,DICLOFENAC,,ขย.9,,ยาระบบกล้ามเนื้อ-ข้อต่อ,1C187/48,น2/3R,กล่อง,,,,FALSE,FALSE,FALSE,88,155,,,,,,,
1000,102439,Allernix Syrup 60 ml (2-12 ปี),LORATADINE,ANTIHISTAMINES & ANTIALLERGICS,ขย.9,,ยาน้ำสำหรับเด็ก,1A 113/62,ตู้ A7,ขวด,,,,FALSE,FALSE,FALSE,42.5,89,,,,,,,
1000,102440,ยาปอคุนเอี๊ยะบ๊อ ยาสตรี ขนาด 250 ซีซี,,,ขย.9,,"ยาสมุนไพร, ยาแผนโบราณ",G 461/50,น 2/4L,ขวด,,,,FALSE,FALSE,FALSE,58,69,,,,,,,
1000,102441,น้ำมันยา ตรานก อินทรีย์ Eagle Brand 6 ml,,,ขย.9,,,,น1/5,ขวด,,,,FALSE,FALSE,FALSE,36.5,55,,,,,,,
1000,102442,BioCotton Cotton Ball Size 0.35 g. 5 ก้อน,,,ขย.9,,อุปกรณ์ทางการแพทย์,,น 2/4L,ห่อ,,,,FALSE,FALSE,FALSE,3.4,5,,,,,,,
1000,102443,BLACKMORE Bio Zinc A Chelate 30 Tab,,VITAMINS & MINERALS,ขย.9,,วิตามินและอาหารเสริม,10-3-08338-5-0025,น 2/4L,ขวด,,,,FALSE,FALSE,FALSE,167,205,,,,,,,
1000,102444,NEXT HEALTH by THM หน้ากากอนามัย  3 ชั้น 50 ชิ้น,,,ขย.9,,เครื่องสำอางและผลิตภัณฑ์ค,,,กล่อง,,,,FALSE,FALSE,FALSE,40,79,,,,,,,
1000,102445,tubigrip Elbow ศอก Size. S 1 ชิ้น,,,ขย.9,,อุปกรณ์ทางการแพทย์,,,กล่อง,,,,FALSE,FALSE,FALSE,105,185,,,,,,,
1000,102446,Genta-Oph 5 ml ,GENTAMICIN SULFATE,ANTIBIOTICS,ขย.9,,ยาหู ตา คอ จมูก,1A 1443/29,ตู้ A3,ขวด,,,,FALSE,FALSE,FALSE,23,65,,,,,,,
1000,102447,Vilerm Cream (Siam) 1 g  ,ACYCLOVIR,ANTIVIRALS,ขย.9,,ยาใช้เฉพาะที่,1A 303/39,ตู้ C8,ซอง,,,,FALSE,FALSE,FALSE,16,25,,,,,,,
1000,102448,Genteal Lubricant eye drop 10 ml,HYPROMELLOSE,EYE PREPARATIONS,ขย.9,,ยาหู ตา คอ จมูก,1C 81/61,ตู้ B2,ขวด,,,,FALSE,FALSE,FALSE,132,160,,,,,,,
1000,102449,Urinary Drainge Bag MB Medical ถุงปัสสาวะ 2000 ml,,,ขย.9,,อุปกรณ์ทางการแพทย์,,,ถุง,,,,FALSE,FALSE,FALSE,24,45,,,,,,,
1000,102450,MOXXO Dry Syrup 125 mg  60 ml,AMOXICILLINE,ANTIBIOTICS,ขย.9,,ยาน้ำสำหรับเด็ก,1A 230/41,ตู้ A4,ขวด,,,,FALSE,FALSE,FALSE,22,69,,,,,,,
1000,102451,ยู่ ยี่ ออยส์ แคป ลิเมา ใช้ทา หรือ ใช้สูดดม 10 ml,,,ขย.9,,"ยาสมุนไพร, ยาแผนโบราณ",K13/59,น2/3R,กระป๋อง,,,,FALSE,FALSE,FALSE,49,59,,,,,,,
1000,102452,ชวนป๋วยปี่แป่โหล่ว ยาแผนจีน 150 ซีซี,,,ขย.9,,"ยาสมุนไพร, ยาแผนโบราณ",K 107/29,น 2/4L,ขวด,,,,FALSE,FALSE,FALSE,87,95,,,,,,,
1000,102453,Roxcin 150 mg. 1x10 s',ROXITHROMYCIN,ANTIVIRALS,ขย.9,,ยาระบบการติดเชื้อ,1A 354/37,ตู้ C3,แผง,,,,FALSE,FALSE,FALSE,18.5,45,,,,,,,
1000,102454,MANMOX Dry Strup 125 mg. 60 ml,AMOXICILLINE,ANTIBIOTICS,ขย.9,,ยาระบบการติดเชื้อ,1A 413/52,ตู้ A3,ขวด,,,,FALSE,TRUE,FALSE,20,53,,,,,,,
1000,102455,T.V.MOX Dry Syrup 125 mg. 60 ml,AMOXICILLINE,ANTIBIOTICS,ขย.9,,ยาระบบการติดเชื้อ,1A 82/28,ตู้ A3,ขวด,,,,FALSE,TRUE,FALSE,16,45,,,,,,,
1000,102456,Elomet Cream 0.1%(mometasone) 15 g.,MOMETASONE FUROATE,STEROIDS,ขย.9,,ยาใช้เฉพาะที่,A106132,ตู้ C6,หลอด,,,,FALSE,FALSE,FALSE,195,255,,,,,,,
1000,102457,HY-C Vitamin C 50 mg รสสัปปะรด 20 เม็ด,,,ขย.9,,ยาน้ำสำหรับเด็ก,10-1-19355-5-0049,น3/4L,ซอง,,,,FALSE,FALSE,FALSE,8.25,12,,,,,,,
1000,102458,Tylenol 500 mg  50 tab,PARACETAMOL,ANTIHYPERTENSIVES,ขย.9,,ยาสามัญประจำบ้าน,1A 892/42,ตู้ D2,กระปุก,,,,FALSE,FALSE,FALSE,65,85,,,,,,,
1000,102459,DUTROSS DM KIDS รสผลไม้รวม  60 ml,DEXTROMETHORPHAN+BROMHEXINE HCL,Antitussives,ขย.9,ขย.11,ยาน้ำสำหรับเด็ก,2A 157/53,ตู้ A1,ขวด,,,,FALSE,TRUE,FALSE,32,55,,,,,,,
1000,102460,Nizoral Cream Ketoconazole 15 g.,KETOCONAZOLE,ANTIFUNGALS,ขย.9,,ยาใช้เฉพาะที่,1C 15165/63,ตู้ C9,กล่อง,,,,FALSE,FALSE,FALSE,127,185,,,,,,,
1000,102461,Fungiderm-K Cream (Ketoconazole2%),KETOCONAZOLE,ANTIFUNGALS,ขย.9,,ยาใช้เฉพาะที่,1A 492/56,ตู้ C9,หลอด,,,,FALSE,FALSE,FALSE,22.5,45,,,,,,,
1000,102462,NINAZOL Cream 10 g.,KETOCONAZOLE,ANTIFUNGALS,ขย.9,,ยาใช้เฉพาะที่,1A 448/33,ตู้ C9,หลอด,,,,FALSE,FALSE,FALSE,31.5,69,,,,,,,
1000,102463,Fungasin Cream 20 g.,KETOCONAZOLE,ANTIFUNGALS,ขย.9,,ยาใช้เฉพาะที่,1A 448/33,ตู้ C9,หลอด,,,,FALSE,FALSE,FALSE,22.5,75,,,,,,,
1000,102464,CANDIX Solution 15 ml,CLOTRIMAZOLE,ANTIFUNGALS,ขย.9,,ยาใช้เฉพาะที่,1A 647/30,ตู้ C9,ขวด,,,,FALSE,FALSE,FALSE,22,65,,,,,,,
1000,102465,LEPU Digital Thermometer ปรอท 1 ชิ้น,,,ขย.9,,อุปกรณ์ทางการแพทย์,64-2-2-2-0003347,ตู้ G1,กล่อง,,,,FALSE,FALSE,FALSE,90,135,,,,,,,
1000,102466,ถุงยางอานามัย ฟรีล็อค (มีสารหล่อลื่น) ขนาด 49 มม. 3 ชิ้น,,,ขย.9,,ถุงยางอนามัย,ผ. 8/2533,น1/2,กล่อง,,,,FALSE,FALSE,FALSE,9,25,,,,,,,
1000,102467,Centrum  From A to Zinc 30 tab,,VITAMINS & MINERALS,ขย.9,,วิตามินและอาหารเสริม,2A 23/60,,กล่อง,,,,FALSE,FALSE,FALSE,205,267,,,,,,,
1000,102468,Dermatix Ultra 15 g. ,,,ขย.9,,ยาใช้เฉพาะที่,66-2-3-2-0001487,ตู้ ข3,หลอด,,,,FALSE,FALSE,FALSE,694,830,,,,,,,
1000,102469,ุถุงยางอนามัย ฟรีล็อค ขนาด 52 มม. 3 ชิ้น,,,ขย.9,,ถุงยางอนามัย,ผ.20/2548,,กล่อง,,,,FALSE,FALSE,FALSE,9,25,,,,,,,
1000,102470,Hirudoid forte Cream สีน้ำเงิน 40 g.,MUCOPOLYSACCHARIDE POLYSULFATE,,ขย.9,,ยาใช้เฉพาะที่,1A 610/36,,หลอด,,,,FALSE,FALSE,FALSE,317,395,,,,,,,
1000,102471,Bactafect Ointment (Mupirocon 2%) 15 g. ,MUPIROCIN,ANTIBIOTICS,ขย.9,,ยาใช้เฉพาะที่,1A 457/45,ตู้ ก2,หลอด,,,,FALSE,FALSE,FALSE,90,135,,,,,,,
1000,102472,Utmos 30   3x10',PIOGLITAZONE HCL,ANTIDIABETIC,ขย.9,,ยาในโรคเรื้อรัง (Drug for,1A 40/50,ตู้ G6,กล่อง,,,,FALSE,FALSE,FALSE,115,175,,,,,,,
1000,102473,FITNE Herbal ยาชงสมุนไพร กลิ่นเก๊กฮวย 30 ซอง,,,ขย.9,,"ยาสมุนไพร, ยาแผนโบราณ",G 3339/44,,ห่อ,,,,FALSE,FALSE,FALSE,128,155,,,,,,,
1000,102474,ไม้พันสำลี Cotton Strick 6'' (UMI) Size L 100 ก้าน ,,,ขย.9,,อุปกรณ์ทางการแพทย์,,,ห่อ,,,,FALSE,FALSE,FALSE,25,35,,,,,,,
1000,102475,หงส์ไทย ยาดมสมุนไพร(60กรัม)  สูตร 1 ,,,ขย.9,,"ยาสมุนไพร, ยาแผนโบราณ",G 447/65,,หลอด,,,,FALSE,FALSE,FALSE,26.67,35,,,,,,,
1000,102476,Metrolex 400 mg 1x10',METRONIDAZOLE,ANTIBIOTICS,ขย.9,,ยาระบบการติดเชื้อ,1A 626/27,ตู้ C4,แผง,,,,FALSE,FALSE,FALSE,13.8,55,,,,,,,
1000,102477,ยาดมตราเสือ Tiger Balm ,,,ขย.9,,"ยาสมุนไพร, ยาแผนโบราณ",G558/59,,หลอด,,,,FALSE,FALSE,FALSE,14.59,22,,,,,,,
1000,102478,น้ำมันเขียว แม่มะลิ 24 ml,,,ขย.9,,"ยาสมุนไพร, ยาแผนโบราณ",,,ขวด,,,,FALSE,FALSE,FALSE,66.4,95,,,,,,,
1000,102479,KARA Shampoo Ketoconazole 2%  100 ml,KETOCONAZOLE,ANTIFUNGALS,ขย.9,,ยาใช้เฉพาะที่,1A 223/42,,ขวด,,,,FALSE,FALSE,FALSE,64,120,,,,,,,
1000,102480,CETRIZIN (TO) 10 tab,CETIRIZINE,ANTIHISTAMINES & ANTIALLERGICS,ขย.9,,ยาหู ตา คอ จมูก,1A 10/47,ตู้ B4,แผง,,,,FALSE,FALSE,FALSE,6.2,23,,,,,,,
1000,102481,3M Nexcare ColdHot Mini เด็ก Size S  1 ชิ้น,,,ขย.9,,อุปกรณ์ทางการแพทย์,64-1-3-2-0000264,,กล่อง,,,,FALSE,FALSE,FALSE,75,135,,,,,,,
1000,102482,Cariban Cohesaive Tigerplast ผ้ายืดพันแผล 2.5cmx2m. สีขาว,,,ขย.9,,,2335449,,ม้วน,,,,FALSE,FALSE,FALSE,45,65,,,,,,,
1000,102483,ตรางู Herbal Extra Fresh Sugar Free 15 ml,,,ขย.9,,ยาหู ตา คอ จมูก,11-1-6200043723,ตู้ F3,ขวด,,,,FALSE,FALSE,FALSE,77,135,,,,,,,
1000,102484,Syringe Ball ขนาด 30 ซีซี  No. 1 ,,,ขย.9,,อุปกรณ์ทางการแพทย์,,,กล่อง,,,,FALSE,FALSE,FALSE,45,60,,,,,,,
1000,102485,Tigerplast แบบใส  10 ชิ้น/ซอง,,,ขย.9,,อุปกรณ์ทางการแพทย์,,,ซอง,,,,FALSE,FALSE,FALSE,9.6,15,,,,,,,
1000,102486,Longmed Softip Cotton100% ไม้พันสำลี Size M,,,ขย.9,,อุปกรณ์ทางการแพทย์,64-2-3-2-0004195,,ห่อ,,,,FALSE,FALSE,FALSE,15,29,,,,,,,
1000,102487,SOS พลาสเตอรสำหรับปิดหูดหรือตาปลา 4 ชิ้น/กล่อง,,,ขย.9,,อุปกรณ์ทางการแพทย์,66-2-3-2-0013523,,กล่อง,,,,FALSE,FALSE,FALSE,40,55,,,,,,,
1000,102488,Mybacin OTC Mint ยาอมแก้เจ็บคอ 8 เม็ด,,,ขย.9,,ยาหู ตา คอ จมูก,2A 3/61,,ซอง,,,,FALSE,FALSE,FALSE,9.2,13,,,,,,,
1000,102489,ONE-TREX Syrup 60 ml,CETIRIZINE,ANTIHISTAMINES & ANTIALLERGICS,ขย.9,,ยาน้ำสำหรับเด็ก,1A 496/51,ตู้ A2,ขวด,,,,FALSE,TRUE,FALSE,18.5,50,,,,,,,
1000,102491,Poly-Oph Eye Drops 10 ml,,,ขย.9,,ยาหู ตา คอ จมูก,2A 305/27,ตู้ B3,ขวด,,,,FALSE,FALSE,FALSE,33,75,,,,,,,
1000,102492,Domperdone Suspension 30 ml,DOMPERIDONE,ANTIEMETICS & ANTIVERTIGO DRUG,ขย.9,,ยาน้ำสำหรับเด็ก,1A 752/38,ตู้ A6,ขวด,,,,FALSE,TRUE,FALSE,18,50,,,,,,,
1000,102493,Auto Suspension Domperidone 30 ml,DOMPERIDONE,,ขย.9,,ยาน้ำสำหรับเด็ก,1A 215/56,ตู้ A6,ขวด,,,,FALSE,TRUE,FALSE,13,45,,,,,,,
1000,102494,ATK 2 in 1 HIP BIO tech 1 Set,,,ขย.9,,อุปกรณ์ทางการแพทย์,T 6500159,,กล่อง,,100,,FALSE,FALSE,FALSE,29.5,45,,,,,,,
1000,102495,NIPRO Syring Insulin 1 ml หัวเข็ม No.27Gx1/2,,,ขย.9,,อุปกรณ์ทางการแพทย์,,,ชิ้น,,,,FALSE,FALSE,FALSE,2.55,8,,,,,,,
1000,102496,ยาหอมอินทรโอสถแท่งทอง 20 เม็ด,,,ขย.9,,"ยาสมุนไพร, ยาแผนโบราณ",G144/55,,ขวด,,,,FALSE,FALSE,FALSE,88,99,,,,,,,
1000,102497,Moxipharm 500 mg (Meddic Pharma) 10 tab,AMOXICILLINE,ANTIBIOTICS,ขย.9,,ยาระบบการติดเชื้อ,1A 65/53,ตู้ C4,แผง,,,,FALSE,FALSE,FALSE,11.8,45,,,,,,,
1000,102498,Difflam อมแก้เจ็บคอ 16 เม็ด,,ANTI-INFLAMMATORY ENZYMES,ขย.9,,ยาหู ตา คอ จมูก,,,กล่อง,,,,FALSE,FALSE,FALSE,140,185,,,,,,,
1000,102499,X-Y Lubricating Jelly 50 g.,,,ขย.9,,ยาใช้เฉพาะที่,670304,น1/1,หลอด,,,,FALSE,FALSE,FALSE,22.5,75,,,,,,,
1000,102500,Attoon ถุงเก็บน้ำนม 4 ออน 20 ชิ้น/กล่อง,,,ขย.9,,ผลิตภัณท์เด็ก,,,กล่อง,,,,FALSE,FALSE,FALSE,40,55,,,,,,,
1000,102501,SURE By KSG Mask หน้ากาก 3 ชั้น 50 ชิ้น,,,ขย.9,,อุปกรณ์ทางการแพทย์,65-1-3-2-0000511,,กล่อง,,,,FALSE,FALSE,FALSE,55,80,,,,,,,
1000,102502,Carbotin Capule 10 Capsule,CARBOCYSTEINE,MUCOLYTIC,ขย.9,,ยาระบบทางเดินหายใจ,11-2-12-N-001,ตู้ B7,แผง,,,,FALSE,FALSE,FALSE,20.75,60,,,,,,,
1000,102503,ยากุมาร ตราไก่ 300 ซีซี,,,ขย.9,,ยาน้ำสำหรับเด็ก,G306/28,,ขวด,,,,FALSE,FALSE,FALSE,28.5,45,,,,,,,
1000,102504,T Care Small Cold & Hot Pack 13x14 cm. 1 ชิ้น,,,ขย.9,,อุปกรณ์ทางการแพทย์,,,กล่อง,,,,FALSE,FALSE,FALSE,60,110,,,,,,,
1000,102505,ยาแก้ไอผสม มะขามป้อม ตราวังหลัง 120 มล.,,,ขย.9,,"ยาสมุนไพร, ยาแผนโบราณ",G 15026/65,,ขวด,,,,FALSE,FALSE,FALSE,28,43,,,,,,,
1000,102506,ใบบัวบกสกัด HERBAL ONE 60 Capsule,,,ขย.9,,"ยาสมุนไพร, ยาแผนโบราณ",73-1-49541-1-0021,,กระปุก,,,,FALSE,FALSE,FALSE,153,210,,,,,,,
1000,102507,ยาแก่ไออ้วยอัน อ้วยอันโอสถ 120 ซีซี,,,ขย.9,,"ยาสมุนไพร, ยาแผนโบราณ",G62/27,,ขวด,,,,FALSE,FALSE,FALSE,37,52,,,,,,,
1000,102508,ยาหม่องเขียว ตราโพธิ์หยก เฮิร์บไทยจง 50 กรัม,,,ขย.9,,"ยาสมุนไพร, ยาแผนโบราณ",G45/55-24017BA,,ขวด,,,,FALSE,FALSE,FALSE,41.67,85,,,,,,,
1000,102509,ยาหม่องเขียว ตราโพธิ์หยก เฮิร์บไทยจง 20 กรัม,,,ขย.9,,"ยาสมุนไพร, ยาแผนโบราณ",G45/55-24017BA,,ขวด,,,,FALSE,FALSE,FALSE,0,49,,,,,,,
1000,102510,ORMIST 10 tab,CETIRIZINE,ANTIHISTAMINES & ANTIALLERGICS,ขย.9,,ยาหู ตา คอ จมูก,1A 43/48,ตู้ A5,กล่อง,,,,FALSE,FALSE,FALSE,21,40,,,,,,,
1000,102511,EGG Albumin 90 tab,,,ขย.9,,วิตามินและอาหารเสริม,12-1-13657-5-0071,,กระปุก,,,,FALSE,FALSE,FALSE,460,525,,,,,,,
1000,102512,Pregabalin Sandoz 25 mg 8x10',,,ขย.9,,ยาในโรคเรื้อรัง (Drug for,12-1-13657-5-0071,,กล่อง,,,,FALSE,FALSE,FALSE,548,685,,,,,,,
1000,102513,Sominar 1x10',DOXYLAMINE,ANTIHISTAMINES & ANTIALLERGICS,ขย.9,,ยาหู ตา คอ จมูก,1A 146/41,ตู้ B4,กล่อง,,,,FALSE,FALSE,FALSE,24,55,,,,,,,
1000,102514,Cariband Cohesive 4x2cm. Tigerplast 1 ม้วน,,,ขย.9,,อุปกรณ์ทางการแพทย์,,,ม้วน,,,,FALSE,FALSE,FALSE,47,69,,,,,,,
1000,102515,NEXT HEALTH  หน้ากากอนามัย  3 สีขาว ชั้น 50 ชิ้น ,,,ขย.9,,อุปกรณ์ทางการแพทย์,,,กล่อง,,,,FALSE,FALSE,FALSE,39,69,,,,,,,
1000,102516,SOS T 10x20 cm. พลาสเตอร์ใส ปิดแผล กันน้ำ 2 แผ่น,,,ขย.9,,อุปกรณ์ทางการแพทย์,,,กล่อง,,,,FALSE,FALSE,FALSE,71,89,,,,,,,
1000,102517,Duran 400 mg 1x10',IBUPROFEN,ANTI-INFLAMMATORY ENZYMES,ขย.9,,แก้ปวด ลดอักเสบ,1A 528/46,ตู้ D6,กล่อง,,,,FALSE,FALSE,FALSE,20,45,,,,,,,
1000,102518,SOS PC1-P Series พลาสเตอร์ใส 1.9x7.2cm. 5 ชิ้น/แผง,,,ขย.9,,อุปกรณ์ทางการแพทย์,,,แผง,,,,FALSE,FALSE,FALSE,5.05,8,,,,,,,
1000,102519,Rhinobun แผ่นแปะบรรเทาปวด 10 แผ่น/ซอง,,,ขย.9,,เบ็ดเตล็ด,K 7/66,,ซอง,,,,FALSE,FALSE,FALSE,12.9,23,,,,,,,
1000,102520,Deztanex 5 mg 1x5',DESLORATADINE,ANTIHISTAMINES & ANTIALLERGICS,ขย.9,,ยาหู ตา คอ จมูก,1C 15068/62 (NG),ตู้ B6,กล่อง,,,,FALSE,FALSE,FALSE,82,130,,,,,,,
1000,102521,SONAP Forte (550 mg) 10 tab,NAPROXEN SODIUM,ANTI-INFLAMMATORY ENZYMES,ขย.9,,แก้ปวด ลดอักเสบ,1A 30/48,ตู้ D4,แผง,,,,FALSE,FALSE,FALSE,29.6,70,,,,,,,
1000,102522,Ezerra Cream 25 g.,,,ขย.9,,ยาใช้เฉพาะที่,10-2-6500023328,,กล่อง,,,,FALSE,FALSE,FALSE,405,475,,,,,,,
1000,102523,C-20 Blue Sally 180 ml,,,ขย.9,,ยาใช้เฉพาะที่,1A 65/34,,ขวด,,,,FALSE,FALSE,FALSE,39,55,,,,,,,
1000,102524,น้ำมันโอสถทิพย์ (วัดโพธิ์) สีขาว 120 กรัม,,,ขย.9,,"ยาสมุนไพร, ยาแผนโบราณ",1A 65/34,,ขวด,,,,FALSE,FALSE,FALSE,38,55,,,,,,,
1000,102525,ลูกประคบสมุนไพร เฌอเอม 135 กรัม,,,ขย.9,,"ยาสมุนไพร, ยาแผนโบราณ",G448/59,,ห่อ,,,,FALSE,FALSE,FALSE,59,75,,,,,,,
1000,102526,Manmox Dry Syrup 250 mg.รสองุ่น 60 ml,AMOXICILLINE,ANTIBIOTICS,ขย.9,,ยาระบบการติดเชื้อ,1A 583/39,ตู้ A3,กล่อง,,,,FALSE,TRUE,FALSE,28,68,,,,,,,
1000,102527,Manmox Dry Syrup 250 mg. รสส้ม 60 ml,AMOXICILLINE,ANTIBIOTICS,ขย.9,,ยาระบบการติดเชื้อ,1A 355/43,ตู้ A3,กล่อง,,,,FALSE,TRUE,FALSE,27,68,,,,,,,
1000,102528,Hiruscar Advanced Dragon's Blood Gel 8 g.,,,ขย.9,,ยาใช้เฉพาะที่,,,กล่อง,,,,FALSE,FALSE,FALSE,189,259,,,,,,,
1000,102529,Ibiamox 125mg/5ml Syrup (40g) 60 ml,AMOXICILLINE,ANTIBIOTICS,ขย.9,,ยาระบบการติดเชื้อ,1A 1005/30,ตู้ A4,กล่อง,,,,FALSE,FALSE,FALSE,62,95,,,,,,,
1000,102530,Moxxo Forte Dry Syrup 250 mg.ผลไม้รวม 60 ml,AMOXICILLINE,,ขย.9,,ยาระบบการติดเชื้อ,1A 105/55,ตู้ A4,กล่อง,,,,FALSE,FALSE,FALSE,32,70,,,,,,,
1000,102531,MM ยาระบาย รสเชอรี่ สหแพทย์ 240 ml,MAGNESIUM HYDROXIDE,,ขย.9,,ยาทางเดินอาหาร,1A 196/51,,ขวด,,,,FALSE,FALSE,FALSE,24.5,44,,,,,,,
1000,102532,MM ยาระบาย รสมิ้น สหแพทย์ 240 ml,MAGNESIUM HYDROXIDE,,ขย.9,,ยาทางเดินอาหาร,1A 196/51,,ขวด,,,,FALSE,FALSE,FALSE,24.5,45,,,,,,,
1000,102533,Skinfect Cream 15 g,GENTAMICIN SULFATE,ANTIFUNGALS,ขย.9,,ยาใช้เฉพาะที่,1A 196/51,,หลอด,,100,,FALSE,FALSE,FALSE,25.5,70,,,,,,,
1000,102534,Gentrex Cream 5 g.,GENTAMICIN SULFATE,ANTIBIOTICS,ขย.9,,ยาใช้เฉพาะที่,1A 86/29,,หลอด,,,,FALSE,FALSE,FALSE,21.5,38,,,,,,,
1000,102535,Burnova Gelplus+ 20 g. ,,,ขย.9,,เครื่องสำอางและผลิตภัณฑ์ค,11-1-6600000916,น3/4L,หลอด,,,,FALSE,FALSE,FALSE,67,115,,,,,,,
1000,102536,mamarine Bio-C Plus Elberry &Multivitamin 60 ml,,VITAMINS & MINERALS,ขย.9,,วิตามินและอาหารเสริม,73-1-00154-5-0035,,ขวด,,,,FALSE,FALSE,FALSE,150,195,,,,,,,
1000,102537,mamarine BIO-C Plus+ 30 Capsules,,VITAMINS & MINERALS,ขย.9,,วิตามินและอาหารเสริม,73-1-00154-5-0037,,กล่อง,,,,FALSE,FALSE,FALSE,185,275,,,,,,,
1000,102538,Combigan Eye 5 ml (Allergan),,,ขย.9,,ยาหู ตา คอ จมูก,,ตู้ B3,ขวด,,,,FALSE,FALSE,FALSE,426,585,,,,,,,
1000,102539,REGENEZ MEGA care 3x10 softgel ,,,ขย.9,,วิตามินและอาหารเสริม,,,กล่อง,,,,FALSE,FALSE,FALSE,235,385,,,,,,,
1000,102540,FITNE Herbal ยาชงสมุนไพร รสชาเขียว  15 ซอง,,,ขย.9,,"ยาสมุนไพร, ยาแผนโบราณ",G 718/53,,ห่อ,,,,FALSE,FALSE,FALSE,72,105,,,,,,,
1000,102541,T Care Hot & Cold Pack No.11x26 cm.,,,ขย.9,,อุปกรณ์ทางการแพทย์,,,กล่อง,,,,FALSE,FALSE,FALSE,78,150,,,,,,,
1000,102542,K-Y Lubricatng Jelly Sterile 42 g,,,ขย.9,,ยาใช้เฉพาะที่,,,หลอด,,,,FALSE,FALSE,FALSE,144,185,,,,,,,
1000,102543,Dettol 120 ml,,,ขย.9,,เบ็ดเตล็ด,,,ขวด,,,,FALSE,FALSE,FALSE,98.5,115,,,,,,,
1000,102544,forlax 10 g.,MACROGOL+SACCHARIN SODIUM,,ขย.9,,ยาทางเดินอาหาร,1C 280/41,ตู้ E9,ซอง,,,,FALSE,FALSE,FALSE,12.8,25,,,,,,,
1000,102545,สมุนไพรสกัด เลดิน่า  ยาสตรี 20 แคปซูล,,,ขย.9,,"ยาสมุนไพร, ยาแผนโบราณ",231001,,กล่อง,,,,FALSE,FALSE,FALSE,80,110,,,,,,,
1000,102546,วังพรม ยาหม่องไพล สูตร 2 ขนาด 100 กรัม,,,ขย.9,,"ยาสมุนไพร, ยาแผนโบราณ",G 190/60,,ขวด,,,,FALSE,FALSE,FALSE,102,145,,,,,,,
1000,102547,GASZYM 10 tab,SIMETHICONE,DIGESTIVE ENZYMES/DIGESTIVES,ขย.9,,ยาทางเดินอาหาร,2A 311/41,ตู้ E3,แผง,,,,FALSE,FALSE,FALSE,22.6,40,,,,,,,
1000,102548,Lonnagel  Cherry 5 g.,,STEROIDS,ขย.9,,ยาใช้เฉพาะที่,1A 375/52,,หลอด,,,,FALSE,FALSE,FALSE,32,50,,,,,,,
1000,102549,จุฬาเฮิร์บ เซรั่มทาฝ้าลำใย 8 กรัม/ซอง,,,ขย.9,,เครื่องสำอางและสินค้าอุปโภคบริโภค,13-4-6600000054,,ซอง,,,,FALSE,FALSE,FALSE,38,44,,,,,,,
1000,102550,จุฬาเฮิร์บ ดีดีครีมแตงโมง SPF 50% 8 กรัม,,,ขย.9,,เครื่องสำอางและผลิตภัณฑ์ค,13-4-6600000042,,ซอง,,100,,FALSE,FALSE,FALSE,35,45,,,,,,,
1000,102551,Gauze Pad Size 4x4  8 ชิ้น,,,ขย.9,,อุปกรณ์ทางการแพทย์,,,ซอง,,,,FALSE,FALSE,FALSE,8.2,14,,,,,,,
1000,102552,Gaviscon Dual action 10 ml ซองสีชมพู,,ANTIACID,ขย.9,,ยาทางเดินอาหาร,,,ซอง,,,,FALSE,FALSE,FALSE,,27,,,,,,,
1000,102553,MUAY มวย ครีมยา บรรเทาปวด ตรามวย 30 กรัม,,MUSCLE RELAXANTS,ขย.9,,ยาใช้เฉพาะที่,2A 151/50,,หลอด,,,,FALSE,FALSE,FALSE,37,49,,,,,,,
1000,102554,Scagel Acne Patch แผ่นแปะสิว 1.2cm 12 ชิ้น,,,ขย.9,,เครื่องสำอางและสินค้าอุปโภคบริโภค,64-2-3-20006264,,กล่อง,,,,FALSE,FALSE,FALSE,25,40,,,,,,,
1000,102555,Cooling Gel Sheet แผ่นเจลลดไข้ เด็กและผู้ใหญ่ อยู่นาน8 ชม.,,,ขย.9,,เบ็ดเตล็ด,64-2-3-2-0005175,,ซอง,,,,FALSE,FALSE,FALSE,16.5,25,,,,,,,
1000,102556,Normol Saline Solution 500 ml,SODIUM CHLORIDE,,ขย.9,,ยาใช้เฉพาะที่,1A 172/30,,ขวด,,,,FALSE,FALSE,FALSE,27,50,,,,,,,
1000,102557,Tensopalast พลาสเตอร์ 5ชิ้น/แผง,,,ขย.9,,อุปกรณ์ทางการแพทย์,,,แผง,,,,FALSE,FALSE,FALSE,3.45,6,,,,,,,
1000,102558,นีโอพลาสท์-เอส ผ้าปิดแผล 100 ชิ้น,,,ขย.9,,อุปกรณ์ทางการแพทย์,,,กล่อง,,,,FALSE,FALSE,FALSE,37,69,,,,,,,
1000,102559,Niko-Niko ที่ดูดน้ำมูกปลายยางซิลิโคน คละสี 1 ชิ้น,,,ขย.9,,อุปกรณ์ทางการแพทย์,,,แพ็ค,,,,FALSE,FALSE,FALSE,38,65,,,,,,,
1000,102560,Pregnancy Test แบบปัสสาวะผ่าน (Longmed) 1 Test,,,ขย.9,,อุปกรณ์ทางการแพทย์,,,กล่อง,,,,FALSE,FALSE,FALSE,27,60,,,,,,,
1000,102561,Neoplast Tape 2x10 หลา 1 ม้วน,,,ขย.9,,อุปกรณ์ทางการแพทย์,,,ม้วน,,,,FALSE,FALSE,FALSE,78,88,,,,,,,
1000,102562,FluiFort Syrup 120 ml,CARBOCYSTEINE,MUCOLYTIC,ขย.9,,ยาน้ำสำหรับเด็ก,1A 1/46(N),ตู้ A3,ขวด,,,,FALSE,FALSE,FALSE,208,285,,,,,,,
1000,102563,"Folic Acid 5,000 mcg. 100 tab",FOLIC ACID,,ขย.9,,วิตามินและอาหารเสริม,1A 210/45,,กระปุก,,,,FALSE,FALSE,FALSE,65,99,,,,,,,
1000,102564,Canasone cream 5 g,CLOTRIMAZOLE,ANTIFUNGALS,ขย.9,,ยาใช้เฉพาะที่,1A 155/48,ตู้ C9,หลอด,,,,FALSE,FALSE,FALSE,22.5,40,,,,,,,
1000,102565,Candinox  1x6 tab,CLOTRIMAZOLE,ANTIFUNGALS,ขย.9,,ยาใช้เฉพาะที่,1A 954/27,,กล่อง,,,,FALSE,FALSE,FALSE,18.5,55,,,,,,,
1000,102566,COXIUM Millimed 1500 mg  30 ซอง,GLUCOSAMINE,AMINOGLYCOSIDES,ขย.9,,ยาระบบกล้ามเนื้อ-ข้อต่อ,,ตู้ D1,กล่อง,,,,FALSE,FALSE,FALSE,343,450,,,,,,,
1000,102567,Star Hub The Serum 15 ml,,,ขย.9,,เครื่องสำอางและผลิตภัณฑ์ค,,,,,,,FALSE,FALSE,FALSE,80,99,,,,,,,
1000,102568,Coxium 500 mg 10x10 Capsules,GLUCOSAMINE,,ขย.9,,ยาระบบกล้ามเนื้อ-ข้อต่อ,1A 15205/65,,กล่อง,,,,FALSE,FALSE,FALSE,255,365,,,,,,,
1000,102569,Retacnyl tretinoin 0.05% 30 g.,,,ขย.9,,เครื่องสำอางและผลิตภัณฑ์ค,,,หลอด,,,,FALSE,FALSE,FALSE,284,405,,,,,,,
1000,102570,Cefspan 100 mg. 1 เม็ด (แบ่งขาย),,ANTIVIRALS,ขย.9,,ยาระบบการติดเชื้อ,,,เม็ด,,,,FALSE,FALSE,FALSE,23.2,34,,,,,,,
1000,102571,Becare ลูกเจี๊ยบ ,,,ขย.9,,เบ็ดเตล็ด,,,ชิ้น,,,,FALSE,FALSE,FALSE,32,49,,,,,,,
1000,102572,POVIDINE Solution 15 ml,POVIDONE-IODIDE,ANTIBIOTICS,ขย.9,,ยาใช้เฉพาะที่,1A 415/50,,ขวด,,,,FALSE,FALSE,FALSE,11.5,25,,,,,,,
1000,102573,NATUR 8 OZ(240ml) 30 ถุง,,,ขย.9,,เบ็ดเตล็ด,1002-106-80314,,กล่อง,,,,FALSE,FALSE,FALSE,70,85,,,,,,,
1000,102574,Royal-D กลิ่นสตรอเบอร์รี่ 25 กรัม,,,ขย.9,,วิตามินและอาหารเสริม,,,ซอง,,,,FALSE,FALSE,FALSE,3.8,7,,,,,,,
1000,102575,SOS Clinical Digital รุ่น ฺBT-A11CN Fast 25 Sec. 1 ชิ้น,,,ขย.9,,อุปกรณ์ทางการแพทย์,,,กล่อง,,,,FALSE,FALSE,FALSE,85,145,,,,,,,
1000,102576,Throatsil Plus ผสมยาชาเฉพาะที่ แก้เจ็บคอ  8 เม็ด,,,ขย.9,,ยาใช้เฉพาะที่,,,ซอง,,,,FALSE,FALSE,FALSE,14.8,39,,,,,,,
1000,102577,ถุงมือ FREELOX 100 ชิ้น แบบมีแป้ง size.M,,,ขย.9,,อุปกรณ์ทางการแพทย์,,,กล่อง,,,,FALSE,FALSE,FALSE,95,155,,,,,,,
1000,102578,ถุงมือ FREELOX 100 ชิ้น  แบบมีแป้ง size.L,,,ขย.9,,อุปกรณ์ทางการแพทย์,,,กล่อง,,,,FALSE,FALSE,FALSE,95,155,,,,,,,
1000,102579,Pregabalin Teva ( Pregabalin 75 mg.) 14 Tab.,,,ขย.9,,แก้ปวด ลดอักเสบ,,ตู้ G7,แผง,,100,,FALSE,FALSE,FALSE,445,165,,,,,,,
1000,102580,Athril Powder TO. 3.95g x 30ซอง/กล่อง,GLUCOSAMINE,AMINOGLYCOSIDES,ขย.9,,ยาระบบกล้ามเนื้อ-ข้อต่อ,,,กล่อง,,,,FALSE,FALSE,FALSE,236,375,,,,,,,
1000,102581,ถ่าน Panasonic CR2032. 1 ชิ้น,,,ขย.9,,เบ็ดเตล็ด,,,ชิ้น,,,,FALSE,FALSE,FALSE,10,29,,,,,,,
1000,102582,Set ต่างหู  7 คู่,,,ขย.9,,เบ็ดเตล็ด,,,แพ็ค,,,,FALSE,FALSE,FALSE,15,33,,,,,,,
1000,102583,ต่างหู แบบติดหู แฟชั่น 1 คู่,,,ขย.9,,เบ็ดเตล็ด,,,คู่,,,,FALSE,FALSE,FALSE,10,22,,,,,,,
1000,102584,ยาน้ำตราเสือ 11 ตัว สูตร 111 ขนาด 300 ซีซี,,,ขย.9,,"ยาสมุนไพร, ยาแผนโบราณ",,,ขวด,,100,,FALSE,FALSE,FALSE,32.5,59,,,,,,,
1000,102585,Microgynon 30 ED 1x 28 s',LEVONORGESTREL+ETHINYLOESTRADIOL,HORMONES,ขย.9,,ยาคุมกำเนิดและฮอร์โมนทดแท,2C 25/51,,กล่อง,,,,FALSE,FALSE,FALSE,54,80,,,,,,,
1000,102586,ต่างหู พลาสติก ติดหู 1 คู่,,,ขย.9,,เบ็ดเตล็ด,,,คู่,,,,FALSE,FALSE,FALSE,8,11,,,,,,,
1000,102587,ต่างหู DYA เพชร CZ  1 คู่,,,ขย.9,,เบ็ดเตล็ด,,,คู่,,,,FALSE,FALSE,FALSE,25,40,,,,,,,
1000,102588,Amoxycillin-500 mg 1x10 s' SSP,AMOXICILLINE,ANTIBIOTICS,ขย.9,,ยาระบบการติดเชื้อ,1A 63/39,ตู้ C4,แผง,,,,FALSE,FALSE,FALSE,9.9,45,,,,,,,
1000,102589,Klean Mask หน้ากาก 3 ชั้น  3 ชิ้น/ซอง,,,ขย.9,,อุปกรณ์ทางการแพทย์,,,ซอง,,,,FALSE,FALSE,FALSE,4.25,8,,,,,,,
1000,102590,Mo yin-Test ชุดตรวจตั้งครรภ์ 1 ชุด,,,ขย.9,,อุปกรณ์ทางการแพทย์,,,กล่อง,,,,FALSE,FALSE,FALSE,24,55,,,,,,,
1000,102591,หวีซอยผม  หวีใบมีด+หวี 2 in 1,,,ขย.9,,เบ็ดเตล็ด,,,ชิ้น,,,,FALSE,FALSE,FALSE,25,39,,,,,,,
1000,102592,Tigerplast Size .XL 10 ชิ้น,,,ขย.9,,เบ็ดเตล็ด,,,ซอง,,,,FALSE,FALSE,FALSE,10.2,25,,,,,,,
1000,102593,SOS Plus M ขนาด 4x7 cm. 5 แผ่น,,,ขย.9,,อุปกรณ์ทางการแพทย์,,,กล่อง,,,,FALSE,FALSE,FALSE,23,32,,,,,,,
1000,102594,MIRA Size. 13 cm  คีบสำลีไม่มีเขี้ยว 1 ชิ้น,,,ขย.9,,อุปกรณ์ทางการแพทย์,,,ชิ้น,,,,FALSE,FALSE,FALSE,75,105,,,,,,,
1000,102595,แผ่นแปะลดไข้ kool fever 2+y กลิ่นมิ้น 2 ชิ้น,,,ขย.9,,เบ็ดเตล็ด,,,ซอง,,,,FALSE,FALSE,FALSE,25,40,,,,,,,
1000,102596,durex เลิฟ size 52.5 mm. 3 ชิ้น,,,ขย.9,,ถุงยางอนามัย,,,กล่อง,,,,FALSE,FALSE,FALSE,36,50,,,,,,,
1000,102597,durex play Classic gel 50 ml.,,,ขย.9,,เบ็ดเตล็ด,,,ขวด,,,,FALSE,FALSE,FALSE,110,145,,,,,,,
1000,102598,Dental Wax  Dr. PHILLIPS ขี้ผึ้งสำหรับจัดฟัน กลิ่น มิ้นท์,,,ขย.9,,เบ็ดเตล็ด,,,แพ็ค,,,,FALSE,FALSE,FALSE,47,70,,,,,,,
1000,102599,ยาอม fisherman Spearmint 25g  สีคราม-ขาว,,,ขย.9,,เครื่องสำอางและสินค้าอุปโภคบริโภค,10-3-11523-1-53327,,ซอง,,100,,FALSE,FALSE,FALSE,26.5,38,,,,,,,
1000,102600,Propolis Kid mouth Spray 10 ml ,,,ขย.9,,ยาใช้เฉพาะที่,,,กล่อง,,,,FALSE,FALSE,FALSE,81,110,,,,,,,
1000,102601,NTK Phaiyen สบู่ไพรเย็น 80 g.,,,ขย.9,,"ยาสมุนไพร, ยาแผนโบราณ",,,ก้อน,,,,FALSE,FALSE,FALSE,20,32,,,,,,,
1000,102602,แป้งไมโยชิ - ขาวออร่า 10 g - สติกเกอร์สีชมพู เบอร์ 1,,,ขย.9,,เครื่องสำอางและผลิตภัณฑ์ค,,,ชิ้น,,,,FALSE,FALSE,FALSE,44,58,,,,,,,
1000,102603,B-mouth wash 180 ml (MD),,,ขย.9,,ยาใช้เฉพาะที่,1A 87/47,,ขวด,,,,FALSE,FALSE,FALSE,22.25,40,,,,,,,
1000,102604,Mybacin Tartar Control 95 ml,,,ขย.9,,ยาใช้เฉพาะที่,10-15327212,,ขวด,,,,FALSE,FALSE,FALSE,24,35,,,,,,,
1000,102605,T PLUS  หน้ากากอนามัยทางการแพทย์ 3 ชั้น 50 ชิ้น,,,ขย.9,,อุปกรณ์ทางการแพทย์,,,กล่อง,,,,FALSE,FALSE,FALSE,55.5,80,,,,,,,
1000,102606,Tigerplast ฟิล์มใสกันน้ำ N2 60x100 mm.,,,ขย.9,,อุปกรณ์ทางการแพทย์,,,กล่อง,,,,FALSE,FALSE,FALSE,46,65,,,,,,,
1000,102607,TLM หมวกคลุมผม สีฟ้า 100 ชิ้น,,,ขย.9,,อุปกรณ์ทางการแพทย์,,,แพ็ค,,,,FALSE,FALSE,FALSE,68,110,,,,,,,
1000,102608,TLM หมวกคลุมผม สีเขียว 100 ชิ้น,,,ขย.9,,อุปกรณ์ทางการแพทย์,,,แพ็ค,,,,FALSE,FALSE,FALSE,68,110,,,,,,,
1000,102609,น้ำเกลือ 0.9% LPSALINE ตราเสือดาว 500 ml,,,ขย.9,,ยาใช้เฉพาะที่,1A 3/63,,ขวด,,,,FALSE,FALSE,FALSE,26,50,,,,,,,
1000,102610,น้ำมันละหุ่งหวาน 30 ml,,,ขย.9,,ยาทางเดินอาหาร,1A 1729/30,,ขวด,,,,FALSE,FALSE,FALSE,12.75,20,,,,,,,
1000,102611,ยาหม่องโอสถสีขาว ตราแม่กุหลาบ 200 กรัม,,,ขย.9,,"ยาสมุนไพร, ยาแผนโบราณ",G 415/65,,ขวด,,,,FALSE,FALSE,FALSE,64.81,92,,,,,,,
1000,102612,Histatab 100 tab,CHLORPHENIRAMINE,,ขย.9,,ยาระบบทางเดินหายใจ,1A 1243/30,ตู้ B4,กระปุก,,,,FALSE,FALSE,FALSE,6,17,,,,,,,
1000,102613,hashi Saline Spray 30 ml,SODIUM CHLORIDE,,ขย.9,,ยาหู ตา คอ จมูก,66-1-3-2-0000555,ตู้ F2,ขวด,,,,FALSE,FALSE,FALSE,96.5,120,,,,,,,
1000,102614,Set ต่างหู 5 คู่,,,,,,,,ชุด,,,,FALSE,FALSE,FALSE,20,49,,,,,,,
1000,102615,Ampicillin 1x10 capsule,AMPICILLIN,ANTIBIOTICS,ขย.9,,ยาระบบการติดเชื้อ,1A 2301/29,ตู้ C4,แผง,,,,FALSE,FALSE,FALSE,13.6,35,,,,,,,
1000,102616,AMK 625 mg 1x10 tab,AMOX+CLAVU,,ขย.9,,ยาระบบการติดเชื้อ,2A 49/49,ตู้ C1,กล่อง,,,,FALSE,FALSE,FALSE,90,120,,,,,,,
1000,102617,Gauze Pad 3x3  8 ชิ้น,,,ขย.9,,อุปกรณ์ทางการแพทย์,,,ห่อ,,,,FALSE,FALSE,FALSE,5.6,12,,,,,,,
1000,102618,ไลปอน เอฟ สูตร อนามัย 150 ml,,,ขย.9,,เบ็ดเตล็ด,,,ขวด,,,,FALSE,FALSE,FALSE,7.5,15,,,,,,,
1000,102619,Therma Plast แผ่นแปะร้อน 1 ชิ้น,,,ขย.9,,ยาระบบกล้ามเนื้อ-ข้อต่อ,,,ชิ้น,,,,FALSE,FALSE,FALSE,32.67,45,,,,,,,
1000,102620,hashi Saline Spray  สูตรชุ่มชื้น 30 ml,,,ขย.9,,ยาหู ตา คอ จมูก,,,กล่อง,,,,FALSE,FALSE,FALSE,96.5,120,,,,,,,
1000,102621,Rhinalax-B (BURAPHA) 60 ml,CARBOCYSTEINE,MUCOLYTIC,ขย.9,,ยาน้ำสำหรับเด็ก,1A 871/43,ตู้ A4,ขวด,,,,FALSE,FALSE,FALSE,20,49,,,,,,,
1000,102622,KIT SYRUP  60ml,PARACETAMOL,,ขย.9,,,,,ขวด,,,,FALSE,FALSE,FALSE,23,55,,,,,,,
1000,102623,เยนเชี่ยนไวโอเลต สหการ 15ml,,,ขย.9,,ยาระบบการติดเชื้อ,1A 190/43,,ขวด,,,,FALSE,FALSE,FALSE,8,12,,,,,,,
1000,102624,Miltear 3% -1 ml  30 ชิ้น,,,ขย.9,,ยาหู ตา คอ จมูก,,ตู้ B1,กล่อง,,,,FALSE,FALSE,FALSE,144,230,,,,,,,
1000,102625,Sof tear 03% - 5 ml,HYPROMELLOSE,,ขย.9,,ยาหู ตา คอ จมูก,1A 13/57,,ขวด,,100,,FALSE,FALSE,FALSE,41,89,,,,,,,
1000,102626,BIO C Gluta IMU+ Blackmores 30 capsules,,VITAMINS & MINERALS,ขย.9,,วิตามินและอาหารเสริม,10-308228-5-0028,,ขวด,,,,FALSE,FALSE,FALSE,500,650,,,,,,,
1000,102627,Conform Size. 2'' RSC Medical 5cmx2.7m ผ้าพันแผล,,,ขย.9,,อุปกรณ์ทางการแพทย์,,,ม้วน,,,,FALSE,FALSE,FALSE,5.17,8,,,,,,,
1000,102628,เทพไทย ยาสิฟัน ผสมฟลูออไรด์ รสมิกซ์ฟรุ๊ต 30กัรม,,,ขย.9,,เบ็ดเตล็ด,90-1-6500006468,,หลอด,,100,,FALSE,FALSE,FALSE,46.5,69,,,,,,,
1000,102629,เทพไทย ยาสิฟันผสมฟลูออไรด์ รสสเปียร์มิ้นท์ 30กัรม,,,ขย.9,,เบ็ดเตล็ด,90-1-6500006466,,หลอด,,,,FALSE,FALSE,FALSE,46.5,69,,,,,,,
1000,102630,ตรางู Herbal Rescue Spray Sugar Free  15 ml,,,ขย.9,,ยาหู ตา คอ จมูก,,,ขวด,,,,FALSE,FALSE,FALSE,78,135,,,,,,,
1000,102631,Busonase 64 mcg/dose  1 ml,BUDESONIDE,STEROIDS,ขย.9,,ยาหู ตา คอ จมูก,1A 75/56,,ขวด,,,,FALSE,FALSE,FALSE,136,195,,,,,,,
1000,102632,Klean & Kare จุกล้างจมูก นุ๊มนุ่ม,,,ขย.9,,อุปกรณ์ทางการแพทย์,,,ชิ้น,,,,FALSE,FALSE,FALSE,26.5,59,,,,,,,
1000,102633,Kleanasal Longmed  2 ชิ้น,,,ขย.9,,เบ็ดเตล็ด,,,กล่อง,,,,FALSE,FALSE,FALSE,22,45,,,,,,,
1000,102634,ยาแก้ไอ ซอมป่วยใหม่ 120 ซีซี,,,ขย.9,,"ยาสมุนไพร, ยาแผนโบราณ",,,ขวด,,,,FALSE,FALSE,FALSE,21.5,30,,,,,,,
1000,102635,ปรอทวัดไข้ ฝาน้ำเงิน 1 ชิ้น,,,ขย.9,,อุปกรณ์ทางการแพทย์,,,ชิ้น,,,,FALSE,FALSE,FALSE,29.5,65,,,,,,,
1000,102636,มหาหิงค์ุ ชนิดน้ำ ตราลูกไก่คู่ ศิริบัญชา 60 ซีซี,,,ขย.9,,ยาใช้เฉพาะที่,G 797/29,,ขวด,,,,FALSE,FALSE,FALSE,15,30,,,,,,,
1000,102637,canesten 5g,CLOTRIMAZOLE,,,,,,,,,,,FALSE,FALSE,FALSE,51,90,,,,,,,
1000,102638,NEUROBION (B1-6-12)  5x10 s',MULTIVITAMINS & MINERALS,VITAMINS & MINERALS,ขย.9,,วิตามินและอาหารเสริม,2A 58/41,ตู้ B8,กล่อง,,,,FALSE,FALSE,FALSE,264,320,,,,,,,
1000,102639,Oflocee 200 ,OFLOXACIN,ANTIBIOTICS,ขย.9,,ยาระบบการติดเชื้อ,1A 706/43,ตู้ C3,แผง,,,,FALSE,FALSE,FALSE,22.5,50,,,,,,,
1000,102640,Diosmin 500 ,DIOSMINE+HESPERIDINE,"HAEMORRHOIDAL,PHLEBITIS & VARI",ขย.9,,ยาทางเดินอาหาร,1C 475/40,ตู้ E8,แผง,,,,FALSE,FALSE,FALSE,41.92,75,,,,,,,
1000,102641,MEBO 10 g.,,ANTIBIOTICS,ขย.9,,ยาใช้เฉพาะที่,1C 84/39(N),ตู้ ก3,ขวด,,,,FALSE,FALSE,FALSE,86.5,140,,,,,,,
1000,102642,CHRONOL 25x 4 tab,DISULFIRAM,,ขย.9,,ยาในโรคเรื้อรัง (Drug for,1A 150/29,,กล่อง,,,,FALSE,FALSE,FALSE,180,265,,,,,,,
1000,102643,FITT-C 500 3x10 tab /กล่อง,ASCORBIC ACID,VITAMINS & MINERALS,ขย.9,,วิตามินและอาหารเสริม,2A 28/63,,กล่อง,,,,FALSE,FALSE,FALSE,85,150,,,,,,,
1000,102644,KleanPore Lonfmed 1''x5Y 1 ม้วน/กล่อง,,,ขย.9,,อุปกรณ์ทางการแพทย์,,,กล่อง,,,,FALSE,FALSE,FALSE,8.92,25,,,,,,,
1000,102645,KleanPore Lonfmed 1/2''x5Y 1 ม้วน/กล่อง,,,ขย.9,,อุปกรณ์ทางการแพทย์,,,กล่อง,,,,FALSE,FALSE,FALSE,5.5,15,,,,,,,
1000,102646,KleanTrans Longmed 1''x5Y   1 ม้วน/กล่อง,,,ขย.9,,อุปกรณ์ทางการแพทย์,,,กล่อง,,,,FALSE,FALSE,FALSE,8.92,25,,,,,,,
1000,102647,KleanTrans Longmed 1/2''x5Y   1 ม้วน/กล่อง,,,,,,,,กล่อง,,,,FALSE,FALSE,FALSE,5.5,15,,,,,,,
1000,102648,MEGA Nutrivita Daily 3x10 softgel,,VITAMINS & MINERALS,ขย.9,,วิตามินและอาหารเสริม,2A 15216/63,,กล่อง,,,,FALSE,FALSE,FALSE,240,299,,,,,,,
1000,102649,Propoliz Lozeng Vit.C ชนิดอม 8 เม็ด,,,ขย.9,,"ยาสมุนไพร, ยาแผนโบราณ",,,ซอง,,,,FALSE,FALSE,FALSE,15,29,,,,,,,
1000,102650,กาวิสคอน ดูอัล 24 ซอง,,,ขย.9,,ยาทางเดินอาหาร,,,กล่อง,,,,FALSE,FALSE,FALSE,575,640,,,,,,,
1000,102651,T.V. MOX Dry Syrup รสส้ม 60 ml,AMOXICILLINE,ANTIBIOTICS,ขย.9,,ยาระบบการติดเชื้อ,1A 82/28,,ขวด,,,,FALSE,FALSE,FALSE,21,55,,,,,,,
1000,102652,Capsika Gel 60 g.,,,ขย.9,,ยาใช้เฉพาะที่,G 446/47,,หลอด,,,,FALSE,FALSE,FALSE,90,115,,,,,,,
1000,102653,Puridine Siribuncha 30 ml,POVIDONE-IODIDE,ANTIBIOTICS,ขย.9,,ยาใช้เฉพาะที่,1A 17/52,,ขวด,,,,FALSE,FALSE,FALSE,16.25,39,,,,,,,
1000,102654,Dermatix woun care 20 g.,,,ขย.9,,ยาใช้เฉพาะที่,,,หลอด,,,,FALSE,FALSE,FALSE,203,285,,,,,,,
1000,102655,Hiruscar Advance Spot Gel 4 g.,,,ขย.9,,ยาใช้เฉพาะที่,,,หลอด,,,,FALSE,FALSE,FALSE,127,175,,,,,,,
1000,102656,ยาดมหงส์คู่ 10 กรัม,,,ขย.9,,ยาหู ตา คอ จมูก,,,กระปุก,,,,FALSE,FALSE,FALSE,18,30,,,,,,,
1000,102657,ยาธาตุจอมทอง 300 ซีซี,,,ขย.9,,ยาทางเดินอาหาร,,,ขวด,,,,FALSE,FALSE,FALSE,38,57,,,,,,,
1000,102658,VIVIT vitamins & minerals 10 tab,,VITAMINS & MINERALS,ขย.9,,วิตามินและอาหารเสริม,,,แผง,,,,FALSE,FALSE,FALSE,17,35,,,,,,,
1000,102659,POSPOND 1x10 tab,NORETHISTERONE+MESTRANOL,HORMONES,ขย.9,,ยาคุมกำเนิดและฮอร์โมนทดแท,1A 74/42,,แผง/กล่อง,,,,FALSE,FALSE,FALSE,42,69,,,,,,,
1000,102660,TARADA Lotion 1.75 ml,,,ขย.9,,ยาใช้เฉพาะที่,10-1-6400000702,ตู้ ก1,กล่อง,,,,FALSE,FALSE,FALSE,31,55,,,,,,,
1000,102661,TARADA Herb Spray 12 ml,,,ขย.9,,ยาใช้เฉพาะที่,,ตู้ ก1,กล่อง,,,,FALSE,FALSE,FALSE,156,220,,,,,,,
1000,102662,ยาแก้ไอผสมมะแว้ง ตราไอยรา อะฮ่า 60 มล.,,,ขย.9,,"ยาสมุนไพร, ยาแผนโบราณ",G 474/50,,ขวด,,,,FALSE,FALSE,FALSE,19,40,,,,,,,
1000,102663,แป้งเย็น ตรางู Classic 140 กรัม,,,ขย.9,,เบ็ดเตล็ด,,,กระป๋อง,,,,FALSE,FALSE,FALSE,30.67,39,,,,,,,
1000,102664,ลอรีเอะ 22.5 cm. Ultra Slim Cool 3 ชิ้น,,,ขย.9,,เบ็ดเตล็ด,,,ห่อ,,,,FALSE,FALSE,FALSE,13.17,16,,,,,,,
1000,102665,แผ่นแปะลดไข้ เด็ก Cool Kids นาน 8 ชม. สีฟ้า 2 ชิ้น,,,ขย.9,,เบ็ดเตล็ด,,,ซอง,,,,FALSE,FALSE,FALSE,26,40,,,,,,,
1000,102666,แผ่นแปะลดไข้ เด็ก Babini Cool Patch นาน 8 ชม. 2 ชิ้น,,,ขย.9,,เบ็ดเตล็ด,,,ซอง,,100,,FALSE,FALSE,FALSE,22,40,,,,,,,
1000,102667,Tigerplast สัตว์ป่าน่ารัก 8 แผ่น,,,ขย.9,,เบ็ดเตล็ด,,,ซอง,,,,FALSE,FALSE,FALSE,6.4,15,,,,,,,
1000,102668,Metronidazole 400 mg 10 tab,METRONIDAZOLE,ANTIBIOTICS,ขย.9,,เบ็ดเตล็ด,1A 49/53,ตู้ C4,แผง,,,,FALSE,FALSE,FALSE,4.3,48,,,,,,,
1000,102669,Rhinalax 60 ml,CARBOCYSTEINE,MUCOLYTIC,ขย.9,,ยาหู ตา คอ จมูก,1A 870/43,ตู้ A3,ขวด,,,,FALSE,FALSE,FALSE,21.25,55,,,,,,,
1000,102670,Bromhexine Elixir-PATAR 60 ml,BROMHEXINE,COUGH & COLD REMEDIES,ขย.9,,ยาหู ตา คอ จมูก,1A240/56,ตู้ A3,ขวด,,,,FALSE,FALSE,FALSE,13,50,,,,,,,
1000,102671,Rhinopore 1/2 in x 2.5 yds 1 ม้วน,,,ขย.9,,อุปกรณ์ทางการแพทย์,,,ม้วน,,,,FALSE,FALSE,FALSE,7.08,15,,,,,,,
1000,102672,Fango-BD cream 5 g.,CLOTRIMAZOLE+BETAMETHASONE,ANTIFUNGALS,ขย.9,,ยาใช้เฉพาะที่,2A 70/66,ตู้ C7,หลอด,,,,FALSE,FALSE,FALSE,16,55,,,,,,,
1000,102673,ลอรีเอะซอฟท์แอนด์เซฟ สลิม4ชิ้น,,,ขย.9,,เบ็ดเตล็ด,,,ห่อ,,,,FALSE,FALSE,FALSE,7.61,12,,,,,,,
1000,102674,ลอรีเอะซอฟท์แอนด์เซฟ แมกซี่ 4ชิ้น,,,ขย.9,,เบ็ดเตล็ด,,,ห่อ,,,,FALSE,FALSE,FALSE,11,14,,,,,,,
1000,102676,โพรเทคส์  แมน สปอร์ต140กรัม,,,ขย.9,,เบ็ดเตล็ด,,,ชิ้น,,,,FALSE,FALSE,FALSE,27.83,35,,,,,,,
1000,102677,protex บลอสซัม 140 กรัม,,,ขย.9,,เบ็ดเตล็ด,,,ขวด,,,,FALSE,FALSE,FALSE,27.83,35,,,,,,,
1000,102678,protex ไอซ์ซี่ คูล 140 กรัม,,,ขย.9,,เบ็ดเตล็ด,,,ขวด,,,,FALSE,FALSE,FALSE,27.83,35,,,,,,,
1000,102679,protex ลาเวนเดอร์ ไอซ์ ฟรีซ 140 กรัม,,,ขย.9,,เบ็ดเตล็ด,,,ขวด,,,,FALSE,FALSE,FALSE,27.83,35,,,,,,,
1000,102680,protex เฟรช 140 กรัม,,,ขย.9,,เบ็ดเตล็ด,,,ขวด,,,,FALSE,FALSE,FALSE,27.83,35,,,,,,,
1000,102681,ไลปอนเอฟ มะกรูด 150 ml,,,ขย.9,,เบ็ดเตล็ด,,,ขวด,,,,FALSE,FALSE,FALSE,7.5,15,,,,,,,
1000,100000,แป้งตรางู ลาเวนเดอร์,,VITAMINS & MINERALS,ขย.9,ขย.9,อุปกรณ์ทางการแพทย์,,น3/4L,อัน,,,,FALSE,FALSE,FALSE,30.66,,,,,,,,
1000,102682,ลอริเอพซูอัลตราสลิมปีก 22.5 cm. 4 ชิ้น,,,ขย.9,,เบ็ดเตล็ด,,,ห่อ,,,,FALSE,FALSE,FALSE,12.5,16,,,,,,,
1000,102683,ลอริเอะซูเปอร์อัลตร้าสลิม 30ซม. 4 ชื้น,,,ขย.9,,เบ็ดเตล็ด,,,ห่อ,,,,FALSE,FALSE,FALSE,14.83,20,,,,,,,
1000,102684,เบบี้เลิฟ Size. S 3-7 kg. 84 ชิ้น,,,ขย.9,,เบ็ดเตล็ด,,,ห่อ,,,,FALSE,FALSE,FALSE,435,460,,,,,,,
1000,102685,ลอรีเอะซอฟท์ 22 ซม. 4 ชิ้น,,,ขย.9,,เบ็ดเตล็ด,,,ห่อ,,,,FALSE,FALSE,FALSE,13.66,18,,,,,,,
1000,102686,SOFY Cooling Freshแผ่นอนามัย 14 ชิ้น,,,ขย.9,,เบ็ดเตล็ด,,,ห่อ,,,,FALSE,FALSE,FALSE,24.67,29,,,,,,,
1000,102687,แป้งเย็น แพรอท คลาสสิค คูล 260 กรัม,,,ขย.9,,เบ็ดเตล็ด,,,ขวด,,,,FALSE,FALSE,FALSE,39.5,49,,,,,,,
1000,102688,แป้งเย็น แพรอท ไวท์ ซากุระ 260 กรัม,,,ขย.9,,เบ็ดเตล็ด,,,ขวด,,,,FALSE,FALSE,FALSE,39.5,49,,,,,,,
1000,102689,ทเวลฟ์ พลัส แป้งเย็นเอ็กซ์ตร้าคูล สูตรเย็นสุดขีด140 กรัม,,,ขย.9,,เบ็ดเตล็ด,,,ขวด,,,,FALSE,FALSE,FALSE,27.5,35,,,,,,,
1000,102690,ลอรีเอะ ซูเปอร์ อัลตร้า สลิม ซากุระ 22.5 ซม. 4 ชิ้น,,,ขย.9,,เบ็ดเตล็ด,,,ห่อ,,,,FALSE,FALSE,FALSE,12.5,16,,,,,,,
1000,102691,ถุงยาอนัมย durex เซนเซชั่น  แบบปุ่ม No.52 mm. 3 ชิ้น,,,ขย.9,,ถุงยางอนามัย,,,กล่อง,,,,FALSE,FALSE,FALSE,58.5,78,,,,,,,
1000,102692,Klean&Kare 0.9% Sodium Chloride 100 ml,,,ขย.9,,ยาใช้เฉพาะที่,65-1-3-2-0000519,,ขวด,,,,FALSE,FALSE,FALSE,24.5,35,,,,,,,
1000,102693,Belcid Gerd Suspension รสราสเบอรี่ 150 ml,,ANTIACID,ขย.9,,ยาทางเดินอาหาร,2A 26/65,,ขวด,,,,FALSE,FALSE,FALSE,184,270,,,,,,,
1000,102694,ปรอทวัดไข้ ฝาสีน้ำเงิน 1 ชิ้น,,,ขย.9,,อุปกรณ์ทางการแพทย์,,,ชิ้น,,,,FALSE,FALSE,FALSE,29.5,60,,,,,,,
1000,102695,cerave moisturising cream 50ml,,,ขย.9,,ยาใช้เฉพาะที่,,,ขวด,,,,FALSE,FALSE,FALSE,142,185,,,,,,,
1000,102696,clonovate cream 450g,CLOBETASONE,STEROIDS,ขย.9,,ยาใช้เฉพาะที่,1C 76/59,,กระปุก,,100,,FALSE,FALSE,FALSE,280,300,,,,,,,
1000,102697,lepu ปรอทวัดไข้,,,ขย.9,,อุปกรณ์ทางการแพทย์,,,กล่อง,,,,FALSE,FALSE,FALSE,115,135,,,,,,,
1000,102698,เฌอเอม ยาหม่องผลสมเสลดพังพอน 22 กรัม,,,ขย.9,,ยาใช้เฉพาะที่,G 586/53,,ขวด,,,,FALSE,FALSE,FALSE,24,35,,,,,,,
1000,102699,เฌอเอม พิมเสน ขนาด 5 ซีซี,,,ขย.9,,ยาใช้เฉพาะที่,G 173/53,,ขวด,,,,FALSE,FALSE,FALSE,23.5,33,,,,,,,
1000,102700,ชวนป๋วยปี่แปกอ ขนาด 300 ซีซี,,,ขย.9,,"ยาสมุนไพร, ยาแผนโบราณ",K12/50,,ขวด,,,,FALSE,FALSE,FALSE,147,185,,,,,,,
1000,102701,Blackmores Multivitamin Active 30 tab,,VITAMINS & MINERALS,ขย.9,,วิตามินและอาหารเสริม,,,ขวด,,,,FALSE,FALSE,FALSE,256,320,,,,,,,
1000,102702,REGIN Cool Spray สูตรเย็น 60 ml,,,ขย.9,,ยาใช้เฉพาะที่,10-1-5949248,,กล่อง,,,,FALSE,FALSE,FALSE,60,110,,,,,,,
1000,102703,OMRON ปรอทวัดไข้ดิจิตอล MC-341  1ชิ้น/ กล่อง,,,ขย.9,,อุปกรณ์ทางการแพทย์,,,กล่อง,,100,,FALSE,FALSE,FALSE,220,280,,,,,,,
1000,102704,แผ่นตรวจน้ำตาล NEXT Health  50 แผ่น,,,ขย.9,,อุปกรณ์ทางการแพทย์,,,กล่อง,,,,FALSE,FALSE,FALSE,382,495,,,,,,,
1000,102705,ว่านชักมดลูก จอมใจ 750 ml,,,ขย.9,,"ยาสมุนไพร, ยาแผนโบราณ",,,ขวด,,,,FALSE,FALSE,FALSE,304,385,,,,,,,
1000,102706,SOS S 2x4 ขนาด 9x15 cm. 3 แผ่น,,,ขย.9,,อุปกรณ์ทางการแพทย์,,,กล่อง,,,,FALSE,FALSE,FALSE,55,65,,,,,,,
1000,102707,Fango-BD cream 15 g.,CLOTRIMAZOLE+BETAMETHASONE,ANTIFUNGALS,ขย.9,,ยาระบบการติดเชื้อ,2A 70/66,ตู้ C7,หลอด,,,,FALSE,FALSE,FALSE,33,75,,,,,,,
1000,102708,INNOBIC LAB ถุงมือ ไม่มีแป้ง  Size.L 100 ชิ้น,,,ขย.9,,อุปกรณ์ทางการแพทย์,,,กล่อง,,100,,FALSE,FALSE,FALSE,95,175,,,,,,,
1000,102709,INNOBIC LAB ถุงมือ ไม่มีแป้ง  Size.M100 ชิ้น,,,ขย.9,,อุปกรณ์ทางการแพทย์,,,กล่อง,,,,FALSE,FALSE,FALSE,95,155,,,,,,,
1000,102710,Warut-Samine 1500 Powder (Lemon) 10 Sheet,GLUCOSAMINE,,ขย.9,,ยาระบบกล้ามเนื้อ-ข้อต่อ,,,กล่อง,,,,FALSE,FALSE,FALSE,0,135,,,,,,,
1000,102711,MUCOFLEX Syrup  250 mg (CMED) 60 ml,CARBOCYSTEINE,MUCOLYTIC,ขย.9,,ยาน้ำสำหรับเด็ก,1A 82/64,,ขวด,,,,FALSE,FALSE,FALSE,29,65,,,,,,,
1000,102712,Vit C 50 Frx 100 tab,ASCORBIC ACID,VITAMINS & MINERALS,ขย.9,,วิตามินและอาหารเสริม,1A 268/43,,ซอง,,,,FALSE,FALSE,FALSE,14.6,29,,,,,,,
1000,102713,ยาสีฟัน หมอจุฬา สูตรดั้งเดิม 100 กร้ม,,,ขย.9,,"ยาสมุนไพร, ยาแผนโบราณ",,,หลอด,,,,FALSE,FALSE,FALSE,42,52,,,,,,,
1000,102714,แพน เอ็นเทอราล PAN ENTERAL 400 g.,,,ขย.9,,วิตามินและอาหารเสริม,,,กระป๋อง,,,,FALSE,FALSE,FALSE,232,280,,,,,,,
1000,102715,เยนเซียนไวโอเลต วิทยาศรม 30 ml,,ANTIBIOTICS,ขย.9,,ยาใช้เฉพาะที่,,,ขวด,,100,,FALSE,FALSE,FALSE,9.5,20,,,,,,,
1000,102716,CEE 1000 - 100 tab,ASCORBIC ACID,VITAMINS & MINERALS,ขย.9,,วิตามินและอาหารเสริม,,,ขวด,,,,FALSE,FALSE,FALSE,183,220,,,,,,,
1000,102717,SEVEN SEAS Multi-Vitamin Syrup 120 ml,,VITAMINS & MINERALS,ขย.9,,วิตามินและอาหารเสริม,,,ขวด,,,,FALSE,FALSE,FALSE,78,120,,,,,,,
1000,102718,Vitamin C 500 - 100 tab,ASCORBIC ACID,,ขย.9,,วิตามินและอาหารเสริม,,,ขวด,,,,FALSE,FALSE,FALSE,118,175,,,,,,,
1000,102719,Vistra MTV& Minerals 30 tab,,VITAMINS & MINERALS,ขย.9,,วิตามินและอาหารเสริม,,,ขวด,,,,FALSE,FALSE,FALSE,185,240,,,,,,,
1000,102720,SCAR Silicone Provamed 10 g.,,,ขย.9,,ยาใช้เฉพาะที่,,,หลอด,,,,FALSE,FALSE,FALSE,238,299,,,,,,,
1000,102721,Capsika 25 gel 0.025% - 35 g.,CAPSAICIN,ANTI-INFLAMMATORY ENZYMES,ขย.9,,ยาใช้เฉพาะที่,G 189/49,,หลอด,,,,FALSE,FALSE,FALSE,76,99,,,,,,,
1000,102722,Pharmica Diclofenac Gel 50 g.,DICLOFENAC,ANTI-INFLAMMATORY ENZYMES,ขย.9,,ยาใช้เฉพาะที่,1A 331/64,,หลอด,,,,FALSE,FALSE,FALSE,52,80,,,,,,,
1000,102723,Pharmica Piroxicam Gel 25 g.,PIROXICAM,,ขย.9,,ยาใช้เฉพาะที่,1A 175/63,,หลอด,,,,FALSE,FALSE,FALSE,30,49,,,,,,,
1000,102724,ยาอมสมุนไพร ตรามังกรทอง รสมะแว้ง 100 เม็ด,,,ขย.9,,"ยาสมุนไพร, ยาแผนโบราณ",,,กระปุก,,,,FALSE,FALSE,FALSE,7.75,14,,,,,,,
1000,102725,Brommy Syrup (BLHUA) 60 ml,BROMHEXINE,COUGH & COLD REMEDIES,ขย.9,,ยาระบบทางเดินหายใจ,1A 466/48,ตู้ A4,ขวด,,,,FALSE,FALSE,FALSE,19,49,,,,,,,
1000,102726,Nexcare เทปใส 1/2 นิ้ว x 5 หลา  1 ชิ้น,,,ขย.9,,อุปกรณ์ทางการแพทย์,,,ม้วน,,,,FALSE,FALSE,FALSE,16.55,20,,,,,,,
1000,102727,ONETOUCH ถุงยาง ขนาด 56 mm. 3 ชิ้น,,,ขย.9,,ถุงยางอนามัย,,,กล่อง,,,,FALSE,FALSE,FALSE,35,72,,,,,,,
1000,102728,LTM หมวกคุมผม สีขาว Next Health 19 นิ้ว 100 ชิ้น,,,ขย.9,,อุปกรณ์ทางการแพทย์,,,ห่อ,,,,FALSE,FALSE,FALSE,68,110,,,,,,,
1000,102729,เพชรสังฆาต อ้วยอัน Herbal One 100 Cap,,,ขย.9,,"ยาสมุนไพร, ยาแผนโบราณ",G 472/41,,กระปุก,,,,FALSE,FALSE,FALSE,93,150,,,,,,,
1000,102730,DESLORA 5 mg Meddic Pharma1x10 tab,DESLORATADINE,ANTIHISTAMINES & ANTIALLERGICS,ขย.9,,ยาหู ตา คอ จมูก,G 472/41,,กล่อง,,,,FALSE,FALSE,FALSE,46,119,,,,,,,
1000,102731,Tenosalic ointment 5 g.,BETAMETHASONE + SALICYLIC ACID,STEROIDS,ขย.9,,ยาใช้เฉพาะที่,2A 28/65,ตู้ C6,หลอด,,,,FALSE,FALSE,FALSE,0,55,,,,,,,
1000,102732,NINE Herb ยาสิฟันสมุนไพร 30 g.,,,ขย.9,,"ยาสมุนไพร, ยาแผนโบราณ",,,หลอด,,,,FALSE,FALSE,FALSE,0,15,,,,,,,
1000,102733,VISTRA VITAL- PRO Daily Complete Probiotics 30's,,VITAMINS & MINERALS,ขย.9,,วิตามินและอาหารเสริม,,,ขวด,,100,,FALSE,FALSE,FALSE,515,680,,,,,,,
1000,102734,Royal D เกลือแร่ รสส้ม 25 g.  10 ซอง/กล่อง,,,ขย.9,,วิตามินและอาหารเสริม,72-2-00241-5-0034,,กล่อง,,,,FALSE,FALSE,FALSE,38,65,,,,,,,
1000,102735,Royal D เกลือแร่ รสสตรอเบอร์รี่  25 g. 10 ซอง/กล่อง,,,ขย.9,,วิตามินและอาหารเสริม,72-2-00241-2-0028,,กล่อง,,,,FALSE,FALSE,FALSE,38,65,,,,,,,
1000,102736,Rhonoplastic แบบใส  5 ชิ้น/แผง,,,ขย.9,,อุปกรณ์ทางการแพทย์,,,แผง,,,,FALSE,FALSE,FALSE,2.4,6,,,,,,,
1000,102737,Tensoplastic แบบพลาสติค สีเนื่อ 5 ชิ้น/แผง,,,ขย.9,,อุปกรณ์ทางการแพทย์,,,แผง,,,,FALSE,FALSE,FALSE,3.85,8,,,,,,,
1000,102738,Paracap 500 mg 50x10 tab,PARACETAMOL,,ขย.9,,แก้ปวด ลดอักเสบ,,,กล่อง,,,,FALSE,FALSE,FALSE,,490,,,,,,,
1000,102739,Uralyt-U แบบผง280g.,,,ขย.9,,ยาในโรคเรื้อรัง (Drug for,1c 131/54,ตู้ G5,กระปุก,,,,FALSE,FALSE,FALSE,518,780,,,,,,,
1000,102740,Biotril-S 1500 mg. รสส้ม 30 ซอง,GLUCOSAMINE,,ขย.9,,ยาระบบกล้ามเนื้อ-ข้อต่อ,1A 376/65,ตู้ D1,กล่อง,,,,FALSE,FALSE,FALSE,405,450,,,,,,,
1000,102741,Biotril-S 1500 mg. รสส้ม 10 ซอง,GLUCOSAMINE,,ขย.9,,ยาระบบกล้ามเนื้อ-ข้อต่อ,1A 376/65,ตู้ D1,กล่อง,,,,FALSE,FALSE,FALSE,0,150,,,,,,,
1000,102742,Kiddy cotton Buds เล็ก 100 ก้าน,,,ขย.9,,เบ็ดเตล็ด,,,ซอง,,,,FALSE,FALSE,FALSE,14,23,,,,,,,
1000,102743,CEE 1000 mg.  30 เม็ด,ASCORBIC ACID,VITAMINS & MINERALS,ขย.9,,วิตามินและอาหารเสริม,1A 392/44,,กล่อง,,,,FALSE,FALSE,FALSE,82,165,,,,,,,
1000,102744,Floss UPS ไหมขัดฟัน-ไม้จิ้มฟัน 50 ชิ้น,,,ขย.9,,เบ็ดเตล็ด,,,กล่อง,,,,FALSE,FALSE,FALSE,28,39,,,,,,,
1000,102745,Longmed Cold Hot Pad 12x10.5cm.  Size. S ,,,ขย.9,,อุปกรณ์ทางการแพทย์,,,กล่อง,,,,FALSE,FALSE,FALSE,42,95,,,,,,,
1000,102746,Longmed Cold Hot Pad 25x10 cm.  Size. Big,,,ขย.9,,อุปกรณ์ทางการแพทย์,,,กล่อง,,,,FALSE,FALSE,FALSE,76,120,,,,,,,
1000,102747,Melamii Anti Melasma & Spot Corrector 15 g.,,,ขย.9,,เครื่องสำอางและผลิตภัณฑ์ค,,,ขวด,,,,FALSE,FALSE,FALSE,299,375,,,,,,,
1000,102748,ONETOUCH  แฮปปี้ ถุงยางอนามัย 52 mm. 3 ชิ้น,,,ขย.9,,ถุงยางอนามัย,,,กล่อง,,,,FALSE,FALSE,FALSE,23,55,,,,,,,
1000,102749,ONETOUCH  แม็กซ์ดอท ถุงยางอนามัย 52 mm. 3 ชิ้น,,,ขย.9,,ถุงยางอนามัย,,,กล่อง,,,,FALSE,FALSE,FALSE,33,65,,,,,,,
1000,102750,ONETOUCH  มิกซ์3 ยาอนามัย 52 mm. 3 ชิ้น,,,ขย.9,,ถุงยางอนามัย,,,กล่อง,,,,FALSE,FALSE,FALSE,38,69,,,,,,,
1000,102751,ONETOUCH สตรอเบอรี่ถุงยางอนามัย 52 mm. 4 ชิ้น,,,ขย.9,,ถุงยางอนามัย,,,กล่อง,,,,FALSE,FALSE,FALSE,35,69,,,,,,,
1000,102752,ผ้ายางปูเตียงกันเปื้อน HOSPRO ขนาด 150x90 cm.,,,ขย.9,,อุปกรณ์ทางการแพทย์,,,ชิ้น,,,,FALSE,FALSE,FALSE,79,145,,,,,,,
1000,102753,ASPREX 81MG,,ASPIRIN,ขย.10,ขย.10,ยาในโรคเรื้อรัง (Drug for,,,,,,,FALSE,FALSE,FALSE,3.4,15,,,,,,,
1000,102754,Losartan 50 mg. GPO  10 tab,LOSATAN K,ANTIHYPERTENSIVES,ขย.9,,ยาในโรคเรื้อรัง (Drug for,,,แผง,,,,FALSE,FALSE,FALSE,21.5,38,,,,,,,
1000,102755,Smecta Go 10 ml,DIOSMINE+HESPERIDINE,ANTIDIARRHOEALS,ขย.9,,ยาทางเดินอาหาร,,,ซอง,,,,FALSE,FALSE,FALSE,23.17,39,,,,,,,
1000,102756,biopham Calcium gummy 60 g,,,,,,,,,,,,FALSE,FALSE,FALSE,34.1666,50,,,,,,,
1000,102757,20% ไดอะบีเดิร์ม ครีม 100 กรัม,,,ขย.9,,,,,,,,,FALSE,FALSE,FALSE,165,255,,,,,,,
1000,102758,GAUZE pad 2*2*8 รถพยาบาล,,,-,-,อุปกรณ์ทางการแพทย์,,,,,,,FALSE,FALSE,FALSE,4,7,,,,,,,
1000,102759,Tylenol 500 mg 20x10 tab,,,ขย.9,,,,,กล่อง,,,,FALSE,FALSE,FALSE,224,295,,,,,,,
1000,102760,Metzenbaum-Nelson กรรไกรตัดใหม 1 ชิ้น,,,ขย.9,,อุปกรณ์ทางการแพทย์,,,ชิ้น,,,,FALSE,FALSE,FALSE,125,189,,,,,,,
1000,102761,จับเลี้ยง ตราปลาเบ็ด แก้ร้อนใน แบบชง 10 กรัม,,,ขย.9,,"ยาสมุนไพร, ยาแผนโบราณ",G 30/2533,,ซอง,,,,FALSE,FALSE,FALSE,6.6,12,,,,,,,
1000,102762,tubigrip Elbow พยุงข้อศอก Size.M 1 ชิ้น,,,ขย.9,,อุปกรณ์ทางการแพทย์,,,,,,,FALSE,FALSE,FALSE,148,185,,,,,,,
1000,102763,tubigrip Elbow พยุงข้อศอก Size.L 1 ชิ้น,,,ขย.9,,อุปกรณ์ทางการแพทย์,,,กล่อง,,,,FALSE,FALSE,FALSE,148,185,,,,,,,
1000,102764,KA Lip Care สตรอเบอร์รี่ 3.5 กรัม,,,ขย.9,,เบ็ดเตล็ด,,,ชิ้น,,,,FALSE,FALSE,FALSE,20,29,,,,,,,
1000,102765,Fish Oil Mini Blackmores 30 capsules,,VITAMINS & MINERALS,ขย.9,,วิตามินและอาหารเสริม,10-3-08338-5-0002,,ขวด,,,,FALSE,FALSE,FALSE,194,239,,,,,,,
1000,102766,ONE GRED Cool Mint 10 ml,,,ขย.9,,ยาทางเดินอาหาร,2A 15171/63,,ซอง,,,,FALSE,FALSE,FALSE,0,27,,,,,,,
1000,102767,"NSS Sodium Chloride Irrigetin ไทยนคร 1,000 ml",SODIUM CHLORIDE,,ขย.9,,ยาน้ำสำหรับเด็ก,1A 167/46,,ขวด,,,,FALSE,FALSE,FALSE,33.5,60,,,,,,,
1000,102768,บ๊วยห้ารส ตราอีแอล 65g,,,ขย.9,,,,,,,,,FALSE,FALSE,FALSE,18,22,,,,,,,
1000,102769,ยาเม็ดเพชรสังฆาต ตราดอกว่าน 100 เม็ด,,,ขย.9,,"ยาสมุนไพร, ยาแผนโบราณ",G 159/41,,กระปุก,,,,FALSE,FALSE,FALSE,85.75,110,,,,,,,
1000,102770,เพชรสังฆาต ตราอภัยภูเบศร 10 เม็ด,,,ขย.9,,"ยาสมุนไพร, ยาแผนโบราณ",G 826/60,,กล่อง,,,,FALSE,FALSE,FALSE,18,25,,,,,,,
1000,102771,Nizoral Original 6 ml,,,ขย.9,,ยาใช้เฉพาะที่,1A 446/31,,ซอง,,,,FALSE,FALSE,FALSE,0,10,,,,,,,
1000,102772,ยาดมตรามังกรทอง (อ้วยอัน) น้ำเงิน,,,ขย.9,ขย.9,,,,,,,,FALSE,FALSE,FALSE,24,33,,,,,,,
1000,102773,Sterile Eyes Pads 1 ชิ้น,,,ขย.9,,อุปกรณ์ทางการแพทย์,,,ซอง,,,,FALSE,FALSE,FALSE,4.8,12,,,,,,,
1000,102774,Mepilex แผ่นโฟมแปะแผล10*10/ 4*4 in,,,ขย.9,ขย.9,อุปกรณ์ทางการแพทย์,,,ซอง,,,,FALSE,FALSE,FALSE,240,290,,,,,,,
1000,102775,Tensopalast พลาสเตอร์แบบผ้า 100 แผ่น,,,ขย.9,,เบ็ดเตล็ด,,,กล่อง,,,,FALSE,FALSE,FALSE,66.5,89,,,,,,,
1000,102776,Probufen 400 mg 10 tab,IBUPROFEN,NSAIDs,ขย.9,,แก้ปวด ลดอักเสบ,1A 106/57,,แผง,,,,FALSE,FALSE,FALSE,8.7,40,,,,,,,
1000,102777,Vistra Odoress Fish Oil 1000 mg 45 cap,,VITAMINS & MINERALS,ขย.9,,วิตามินและอาหารเสริม,,,ขวด,,,,FALSE,FALSE,FALSE,106.5,179,,,,,,,
1000,102778,Vistra Salmon Fish Oil 1000 mg 45 cap,,VITAMINS & MINERALS,ขย.9,,วิตามินและอาหารเสริม,,,ขวด,,,,FALSE,FALSE,FALSE,129.75,179,,,,,,,
1000,102779,Certainty ผ้าอ้อม เทปข้าง size XL-XXL 19 ชิ้น,,,ขย.9,,ผ้าอ้อม,,,bag,,,,FALSE,FALSE,FALSE,400,430,,,,,,,
1000,102780,tubugrip พยุงข้อศอก szie. S,,,ขย.9,,อุปกรณ์ทางการแพทย์,,,กล่อง,,,,FALSE,FALSE,FALSE,148,185,,,,,,,
1000,102781,Tigerplast กันรองเท้ากัด 9 ชิ้น,,,ขย.9,,เบ็ดเตล็ด,,,กล่อง,,,,FALSE,FALSE,FALSE,24,33,,,,,,,
1000,102782,Ammeltz Heat Patch แปะปวดประจำเดือน นาน 11 ชม. 1 ชิ้น,,,ขย.9,,เบ็ดเตล็ด,,,ซอง,,,,FALSE,FALSE,FALSE,22,35,,,,,,,
1000,102783,Ammeltz Heat Patch แปะปวดคอและไหล่ นาน 8 ชม. 1 ชิ้น,,,ขย.9,,เบ็ดเตล็ด,,,ซอง,,,,FALSE,FALSE,FALSE,28.5,43,,,,,,,
1000,102784,ยาน้ำมันกวางลุ้ง 15 ml,,,ขย.9,,"ยาสมุนไพร, ยาแผนโบราณ",2A 95/35,,ขวด,,,,FALSE,FALSE,FALSE,62,79,,,,,,,
1000,102785,ยาน้ำมันกวางลุ้ง 28 ml,,,ขย.9,,"ยาสมุนไพร, ยาแผนโบราณ",2A 95/35,,ขวด,,,,FALSE,FALSE,FALSE,92,135,,,,,,,
1000,102786,LPSALINE Nss 0.9 % Nacl 200 ml ตราเสือดาว,SODIUM CHLORIDE,,ขย.9,,อุปกรณ์ทางการแพทย์,1A 444/48,,ขวด,,,,FALSE,FALSE,FALSE,24,35,,,,,3,1,
1000,102787,สำลีก้อนชุบแอลกอฮอล์ 70% ตรารถพยาบาล 8ก้อน,,,ขย.9,,อุปกรณ์ทางการแพทย์,65-1-2-2-0000658,,แผง,,,,FALSE,FALSE,FALSE,9.6,15,,,,,,,
1000,102788,NSS 0.9% Nacl  GHP 500 ml,,,ขย.9,,อุปกรณ์ทางการแพทย์,1A2/67,,ขวด,,,,FALSE,FALSE,FALSE,25,45,,,,,,,
1000,102789,ยาหม่องตราถ้วยทอง ขนาด 12 กรัม,,,ขย.9,,"ยาสมุนไพร, ยาแผนโบราณ",G 216/53,,กระปุก,,,,FALSE,FALSE,FALSE,23,32,,,,,,,
1000,102790,น้ำมันมวย freeze spay 50 ml,,,ขย.9,,ยาใช้เฉพาะที่,66-1-3-2-0000050,,ขวด,,100,,FALSE,FALSE,FALSE,57,75,,,,,2,1,
1000,102791,Nexcare Acne แผ่นซับสิว รุ่นใส ขอบบาง 12 ชิ้น,,,,,เครื่องสำอางและผลิตภัณฑ์ค,,,กล่อง,,100,,FALSE,FALSE,FALSE,58,89,,,,,2,1,
1000,102792,สติ๊กเกอร์ เมอร์ซี่ หัวหอมแดง 2 ชิ้น/ซอง,,,ขย.9,,ยาน้ำสำหรับเด็ก,,,ซอง,,,,FALSE,FALSE,FALSE,19,27,,,,,,,
1000,102793,Bactex  Ointment 15 gm,MUPIROCIN,,ขย.9,,ยาใช้เฉพาะที่,1A1130/41,,กล่อง,,100,,FALSE,TRUE,FALSE,115,165,,,,,,,
1000,102794,GoGaz  10' ,SIMETHICONE,,ขย.9,,ยาทางเดินอาหาร,1A 2024/53,,กล่อง,,100,,FALSE,FALSE,FALSE,28,50,,,,,,,
1000,102795,ผ้าพยุงน่อง /Tubigrip Feel free  ไซล์ M,,,ขย.9,,อุปกรณ์ทางการแพทย์,,,กล่อง,,100,,FALSE,FALSE,FALSE,145,189,,,,,,,
1000,102796,Alben 200 mg/5ml,ALBENDAZOLE,,ขย.9,,ยาทางเดินอาหาร,1A 231/47,,ขวด,,100,,FALSE,FALSE,FALSE,16,45,,,,,2,1,
1000,102797,Mucolid Juniro 15 mg/60ml,AMBROXOL,,ขย.9,,ยาน้ำสำหรับเด็ก,1A 57/49,,ขวด,,100,,FALSE,FALSE,FALSE,28.75,55,,,,,2,1,
1000,102798,Diprosalic Ointment 5 g,BETAMETHASONE + SALICYLIC ACID,STEROIDS,ขย.9,,ยาใช้เฉพาะที่,2C 43/51,,หลอด,,,,FALSE,FALSE,FALSE,103,150,,,,,,,
1000,102799,Albumen -SHP 30 Tab ,,VITAMINS & MINERALS,ขย.9,,วิตามินและอาหารเสริม,1.11E+12,,กระปุก,,,,FALSE,FALSE,FALSE,190,250,,,,,,,
1000,102800,BIOFresh mouth spray ไม่มีน้ำตาล 5 ml,,,ขย.9,,ยาใช้เฉพาะที่,,,ขวด,,,,FALSE,FALSE,FALSE,44,59,,,,,,,
1000,102801,Blistex Sensitive Lip ฟ้า-เหลือง 4.25 g,,,ขย.9,,ยาใช้เฉพาะที่,1025732823,,หลอด,,,,FALSE,FALSE,FALSE,106,150,,,,,,,
1000,102802,Fiber Mate Jellyd Strip 15 g.,,VITAMINS & MINERALS,ขย.9,,วิตามินและอาหารเสริม,,,ซอง,,,,FALSE,FALSE,FALSE,19,28,,,,,,,
1000,102803,Himalaya  Lip Balm 10 g.,,,ขย.9,,เครื่องสำอางและสินค้าอุปโภคบริโภค,,,หลอด,,,,FALSE,FALSE,FALSE,47,65,,,,,,,
1000,102804,นมอัดเม็ด รสสตอรเบอร์รี่ ตราไวท์ฟาร์ม 11.2 กรัม 10 ซอง/กล่อง,,,ขย.9,,วิตามินและอาหารเสริม,,,กล่อง,,,,FALSE,FALSE,FALSE,77,95,,,,,,,
1000,102805,นมอัดเม็ด ช็อกโกแลต ตราไวท์ฟาร์ม 11.2 กรัม 10 ซอง/กล่อง,,,ขย.9,,วิตามินและอาหารเสริม,,,กล่อง,,,,FALSE,FALSE,FALSE,77,95,,,,,,,
1000,102806,ยาดมสมุนไพรตราหว้อฝอ 8 g,,,ขย.9,,ยาดม,G15118/66,,ขวด,,100,,FALSE,FALSE,FALSE,22.66667,35,,,,,6,3,
1000,102807,Scagel Cybele 9 g เจลดูแล รอยแผลเป็น,,,ขย.9,,ยาใช้เฉพาะที่,10-1-5884936,,กล่อง,,,,FALSE,FALSE,FALSE,142,195,,,,,2,1,
1000,102808,สติ๊กเกอร์หัวหอม Happy Noz Kids Original 1/PC,,,ขย.9,,ผลิตภัณท์เด็ก,,,ซอง,,100,,FALSE,FALSE,FALSE,11.3333,18,,,,,6,1,
1000,102809,Gluco One เครื่องตรวจน้ำตาล BG-03 Tynor,,,ขย.9,,อุปกรณ์ทางการแพทย์,,,กล่อง,,100,,FALSE,FALSE,FALSE,350,750,,,,,,,
1000,102810,Ceza Syrup  5 mg  (Cetirizine 5 mg ),CETIRIZINE,,ขย.9,,ยาน้ำสำหรับเด็ก,,,ขวด,,100,,FALSE,FALSE,FALSE,37,65,,,,,,,
1000,102812,มามี่โพโค แฮปปี้แพ้นท์ XXL 3  ชิ้น,,,ขย.9,,ผ้าอ้อม,,,ห่อ,,100,,FALSE,FALSE,FALSE,21,25,,,,,,,
1000,102813,Waterproof Sweat Resistance B1  7.2 g,,,ขย.9,,เครื่องสำอางและสินค้าอุปโภคบริโภค,,,กล่อง,,,,FALSE,FALSE,FALSE,57,85,,,,,,,
1000,102814,BroWit by Nongchat 2 in 1 ทาเปลือกตา เขียนขอบตา สีน้ำตาล,,,ขย.9,,เครื่องสำอางและสินค้าอุปโภคบริโภค,,,กล่อง,,,,FALSE,FALSE,FALSE,55,119,,,,,,,
1000,102815,BroWit by Nongchat 2 in 1 ทาเปลือกตา เขียนขอบตา สีชมพูทอง,,,ขย.9,,เครื่องสำอางและผลิตภัณฑ์ค,,,กล่อง,,,,FALSE,FALSE,FALSE,55,119,,,,,,,
1000,102816,X-Cute Me บลัช แมทท์ 5 กรัม M06 คอรัล,,,ขย.9,,เครื่องสำอางและผลิตภัณฑ์ค,,,ตลับ,,,,FALSE,FALSE,FALSE,59,89,,,,,,,
1000,102817,X-Cute Me บลัช แมทท์ 5 กรัม M09 คอรัล,,,ขย.9,,เครื่องสำอางและผลิตภัณฑ์ค,,,ตลับ,,,,FALSE,FALSE,FALSE,59,89,,,,,,,
1000,102818,FRIDA ที่กดสิวสแตนเลสปลายแหลม,,,ขย.9,,เบ็ดเตล็ด,,,ชิ้น,,,,FALSE,FALSE,FALSE,39,60,,,,,,,
1000,102819,ไม้แคะหู เหล็ก 1 ชิ้น,,,ขย.9,,เบ็ดเตล็ด,,,ชิ้น,,,,FALSE,FALSE,FALSE,10,19,,,,,,,
1000,102820,ฟองน้ำขัดผิว ขัดตัวคละสี 1 ชิ้น,,,ขย.9,,เบ็ดเตล็ด,,,ชิ้น,,,,FALSE,FALSE,FALSE,10,20,,,,,,,
1000,102821,Hair Scissors 7'' N0. 662 กันไกตัดผม 1 ชิ้น,,,ขย.9,,เบ็ดเตล็ด,,,ชิ้น,,,,FALSE,FALSE,FALSE,80,115,,,,,,,
1000,102822,odbo Perfec puff ชมพู 1 ชิ้น,,,ขย.9,,เบ็ดเตล็ด,,,ซอง,,,,FALSE,FALSE,FALSE,30,75,,,,,,,
1000,102823,X Cute Me บรัช ชิมเมอร์ No. S11  ,,,ขย.9,,เครื่องสำอางและสินค้าอุปโภคบริโภค,,,ตลับ,,,,FALSE,FALSE,FALSE,,,,,,,,,
1000,102824,Scagel Cybele 4 g,,,ขย.9,,,10-1-5884936,,กล่อง,,100,,FALSE,FALSE,FALSE,70,98,,,,,,,
1000,102825,แผ่นตรวจน้ำตาล Gluco one รุ่น BG-03  25แผ่น,,,ขย.9,,อุปกรณ์ทางการแพทย์,65-2-2-100140545,,ขวด,,100,,FALSE,FALSE,FALSE,184,215,,,,,,,
1000,102826,Basina Orange flavour,,,ขย.9,,ยาอม,2A65/65,,แผง,,100,,FALSE,FALSE,FALSE,0,12,,,,,,,
1000,102827,GK24 (ตรา เกร็กคู) 4',,,ขย.9,,"ยาสมุนไพร, ยาแผนโบราณ",10-109355-1-0003,,,,100,,FALSE,FALSE,FALSE,220,295,,,,,,,
1000,102828,GICA A/B+C+RSV 1 Set,,,ขย.9,,อุปกรณ์ทางการแพทย์,,,กล่อง,,,,FALSE,FALSE,FALSE,60,89,,,,,,,
1000,102829,LiquiPlast 10 g พลาสเตอร์ปิดแผลชนิดน้ำ,,,ขย.9,,ยาใช้เฉพาะที่,67-2-3-20003482,,,,100,,FALSE,FALSE,FALSE,139,195,,,,,,,
1000,102830,Eltroxin 100 mcg   (100'),LEVOTHYROXINE SODIUM,THYROID PREPARATIONS,ขย.9,ขย.9,ยาในโรคเรื้อรัง (Drug for,1C250/52,ตู้ G5,ขวด,,100,,FALSE,FALSE,FALSE,80,160,,,,,,,
1000,102831,Neo-Penotran Forte  7',,,ขย.9,,ยาใช้เฉพาะที่,2C15103/63,,กล่อง,,100,,FALSE,FALSE,FALSE,315,460,,,,,,,
1000,102832,Arcoxia 90 mg  5',ETORICOXIB,,ขย.9,,ยาระบบกล้ามเนื้อ-ข้อต่อ,1C 117/55,,กล่อง,,100,,FALSE,FALSE,FALSE,187,265,,,,,,,
1000,102833,Fiber mate daily  60g,,,ขย.9,,ยาทางเดินอาหาร,13-1-10649-1-0062,,ขวด,,,,FALSE,TRUE,FALSE,154,225,,,,,,,
1000,102834,Ferrotone 10' (Iron/Folic Acid/ Vit B12/ Formula),,,ขย.9,,วิตามินและอาหารเสริม,2A 32/63,,กล่อง,,100,,FALSE,FALSE,FALSE,47,75,,,,,,,
1000,102835,ลอรีเอะ Ultra Slim 0.1Cm  (22.5CM) 10ชิ้น,,,ขย.9,,เบ็ดเตล็ด,,,ห่อ,,100,,FALSE,FALSE,FALSE,33.8334,38,,,,,,,
1000,102836,ลอรีเอะซอฟแอนด์เซฟ สลิม 25CM,,,ขย.9,,เบ็ดเตล็ด,10-1-5640699,,ห่อ,,100,,FALSE,FALSE,FALSE,11,14,,,,,,,
1000,102837,ลอรีเอะ ซอฟแอนด์ เซฟไนมีปีก 30CM กลางคืน,,,ขย.9,,เบ็ดเตล็ด,,,ห่อ,,100,,FALSE,FALSE,FALSE,10.41667,16,,,,,,,
1000,102838,ผ้าเปียก มามี่โพโค ไวพส์ เซฟ แอนด์ แคร์ ,,,ขย.9,,เบ็ดเตล็ด,10-1-6200012214,,ห่อ,,100,,FALSE,FALSE,FALSE,22.25,29,,,,,,,
1000,102839,Levocetin 5 mg,LEVOCETIRIZINE,,ขย.9,,ยาระบบทางเดินหายใจ,1C 6/64,,กล่อง,,100,,FALSE,FALSE,FALSE,51.5,110,,,,,,,
1000,102840,Hista-oph eye drops 10 ml,ANTAZOLINE+TETRAHYDROZOLINE,,ขย.9,,ยาหู ตา คอ จมูก,2A 641/28,,ขวด,,100,,FALSE,FALSE,FALSE,36.5,65,,,,,,,
1000,102841,Tigerplast aquatect  W4  100*120 mm,,,ขย.9,,อุปกรณ์ทางการแพทย์,67-13-20000150,,กล่อง,,100,,FALSE,FALSE,FALSE,44,75,,,,,,,
1000,102842,Royal-D 25 กรัม 50 ซอง,,,ขย.9,,วิตามินและอาหารเสริม,,,กล่อง,,,,FALSE,FALSE,FALSE,162,280,,,,,,,
1000,102843,Carinose 10x10 ,,,ขย.9,,ยาหู ตา คอ จมูก,,,กล่อง,,,,FALSE,FALSE,FALSE,140,320,,,,,,,
1000,102844,Bisolvon 10x10,,,ขย.9,,ยาหู ตา คอ จมูก,,,กล่อง,,,,FALSE,FALSE,FALSE,478,545,,,,,,,
1000,102845,Paracet Syrip Frx 120mg/5ml,PARACETAMOL,,ขย.9,,ยาน้ำสำหรับเด็ก,1A395/42,,ขวด,,100,,FALSE,FALSE,FALSE,0,55,,,,,,,
1000,102846,Rhinopore เทปใส 1 นิ้ว 10 หลา,,,ขย.9,,อุปกรณ์ทางการแพทย์,,,กล่อง,,,,FALSE,FALSE,FALSE,34.5,45,,,,,,,
1000,102847,Sixime 100 mg  (cefixime 100 mg),,ANTIBIOTICS,ขย.9,,ยาระบบการติดเชื้อ,1A 5/53,,กล่อง,,100,,FALSE,FALSE,FALSE,170,245,,,,,,,
1000,102848,Mylom Drops 15 ml 40mg   0.6ml ,SIMETHICONE,,ขย.9,,ยาน้ำสำหรับเด็ก,1A 1211/41,,ขวด,,100,,FALSE,TRUE,FALSE,38,55,,,,,,,
1000,102849,ถุงยางอนามัย Okamoto Strawberry  53 มม ผิวเรียบ,,,ขย.9,,ถุงยางอนามัย,162/2548,,กล่อง,,100,,FALSE,FALSE,FALSE,28,50,,,,,,,
1000,102850,ถุงยางอนามัย Durex  53 mm ผิวไม่เรียบ,,,ขย.9,,ถุงยางอนามัย,66-2-2-2-0014562,,กล่อง,,100,,FALSE,FALSE,FALSE,46.66667,90,,,,,,,
1000,102851,Clena EX anti melasma 15 กรัม,,,ขย.9,,เครื่องสำอางและผลิตภัณฑ์ค,70-1-6400018754,,กล่อง,,100,,FALSE,FALSE,FALSE,136,195,,,,,,,
1000,102852,Sutac (Cetirizine 10 mg),CETIRIZINE,ANTI-INFLAMMATORY ENZYMES,ขย.9,,ยาระบบทางเดินหายใจ,1A 437/39,,แผง,,100,,FALSE,FALSE,FALSE,0,35,,,,,,,
1000,102853,Sasha  21',CYPROTERONE ACETATE+ETHINYLESTRADIOL,,ขย.9,ขย.9,ยาคุมกำเนิดและฮอร์โมนทดแท,2A1/53,,กล่อง,,100,,FALSE,FALSE,FALSE,65,120,,,,,,,
1000,102854,Eberil 90,ETORICOXIB,,ขย.9,,ยาระบบกล้ามเนื้อ-ข้อต่อ,1A 18/60,,กล่อง,,100,,FALSE,FALSE,FALSE,50,115,,,,,,,
1000,102855,Airrox 80 mg,SIMETHICONE,,ขย.9,,ยาทางเดินอาหาร,1A 169/45,,แผง,,100,,FALSE,FALSE,FALSE,0,20,,,,,,,
1000,102856,Selfide 60 ml,SELENIUM SULPHIDE,,ขย.9,,ยาใช้เฉพาะที่,1A 105/47,,ขวด,,100,,FALSE,FALSE,FALSE,47.5,79,,,,,,,
1000,102857,Alerest Rx. 10x10 tab,CETIRIZINE,ANTIHISTAMINES & ANTIALLERGICS,ขย.9,,ยาหู ตา คอ จมูก,,,กล่อง,,,,FALSE,FALSE,FALSE,86,195,,,,,,,
1000,102858,Tolchicine 0.6 mg 10x10 tab,COLCHICINE,GOUT PREPARATIONS,ขย.9,,ยาระบบกล้ามเนื้อ-ข้อต่อ,,,กล่อง,,,,FALSE,FALSE,FALSE,65,240,,,,,,,
1000,102860,ยาหม่อง วังว่าน,,,ขย.9,,"ยาสมุนไพร, ยาแผนโบราณ",G596/59,,ขวด,,100,,FALSE,FALSE,FALSE,92,125,,,,,,,
1000,102861,Nacoxib 90 mg  5',ETORICOXIB,NSAIDs,ขย.9,,ยาระบบกล้ามเนื้อ-ข้อต่อ,1A 43/61 NG,ตู้ D5,,,100,,FALSE,FALSE,FALSE,55,115,,,,,,,
1000,102862,Voltfast 50 mg  Powder oral solution,DICLOFENAC POTASSIUM,NSAIDs,ขย.9,ขย.9,ยาระบบกล้ามเนื้อ-ข้อต่อ,1C111/57,,ซอง,,100,,FALSE,FALSE,FALSE,8.7779,39,,,,,,,
1000,102863,Ulcefate suspension 240 ml,,ANTIACID,ขย.9,,ยาทางเดินอาหาร,1A 486/33,ตู้ E2,ขวด,,100,,FALSE,FALSE,FALSE,492,590,,,,,,,
1000,102864,Blackmores Bio Calcium+D3  60',,VITAMINS & MINERALS,ขย.9,ขย.9,วิตามินและอาหารเสริม,10-308338-1-0013,,ขวด,,100,,FALSE,FALSE,FALSE,244,350,,,,,,,
1000,102865,Phenz 10',,,ขย.9,ขย.9,ยาระบบทางเดินหายใจ,10-308338-1-0013,,กล่อง,,100,,FALSE,FALSE,FALSE,85,145,,,,,,,
1000,102866,Elomet 0.1%cream 5 gm,MOMETASONE FUROATE,STEROIDS,ขย.9,ขย.9,ยาใช้เฉพาะที่,1C 19/53,,กล่อง,,100,,FALSE,FALSE,FALSE,95,145,,,,,,,
1000,102867,Glucophage XR 1000 mg  30',METFORMIN,ANTIDIABETIC,ขย.9,ขย.9,ยาในโรคเรื้อรัง (Drug for,,,กล่อง,,100,,FALSE,FALSE,FALSE,252,360,,,,,,,
1000,102868,Favotan 50/50 mg   (Amlodipine+Losartan),AMLODIPINE,,ขย.9,ขย.9,ยาในโรคเรื้อรัง (Drug for,,,กล่อง,,100,,FALSE,FALSE,FALSE,805,1200,,,,,,,
1000,102869,Nexcare Transpore 1/2 นิ้ว*10หลา,,,ขย.9,,,,,กล่อง,,100,,FALSE,FALSE,FALSE,22,35,,,,,,,
1000,102870,สำลีก้อนรถพยาบาล 20 gm,,,ขย.9,,อุปกรณ์ทางการแพทย์,,,ซอง,,100,,FALSE,FALSE,FALSE,8,15,,,,,,,
1000,102871,Antacid gel 1000 ml,,,ขย.9,,ยาทางเดินอาหาร,2A356/29,,ขวด,,100,,FALSE,FALSE,FALSE,144,205,,,,,,,
1000,102872,SOS แผ่นแปะร้อน แก้ปวด ยาวนาน 12 ชม,,,ขย.9,,อุปกรณ์ทางการแพทย์,,,ชิ้น,,100,,FALSE,FALSE,FALSE,27.08,50,,,,,,,
1000,102873,Mefamed acid 500 mg,MEFENAMIC ACID,NSAIDs,ขย.9,,,,,แผง,,100,,FALSE,FALSE,FALSE,5.8,45,,,,,,,
1000,102874,เดทตอล น้ำยาฆ่าเชื้อโรค 500 ซีซี,,,ขย.9,,อุปกรณ์ทางการแพทย์,1C106/56,,ขวด,,100,,FALSE,FALSE,FALSE,380,545,,,,,,,
1000,102875,ฟ้าทะลายโจรสกัด  อ้วยอันโอสถ 60 'cap,,,ขย.9,,"ยาสมุนไพร, ยาแผนโบราณ",G123/57,,ขวด,,100,,FALSE,FALSE,FALSE,96,165,,,,,,,
1000,102876,Mybacin myherbal mouth spay 15 ml,,MOUTH/THROAT PREPARATIONS,ขย.9,,ยาหู ตา คอ จมูก,10-1-6100058356,,กล่อง,,100,,FALSE,FALSE,FALSE,89,135,,,,,,,
1000,102877,Canesten OD  Cream 5 gm,BIFONAZOLE,ANTIFUNGALS,ขย.9,,ยาใช้เฉพาะที่,,,กล่อง,,100,,FALSE,FALSE,FALSE,83,145,,,,,,,
1000,102878,Clovin cream 5 gm,ACICLOVIR,,ขย.9,,ยาใช้เฉพาะที่,,,กล่อง,,100,,FALSE,FALSE,FALSE,16,69,,,,,,,
1000,102879,Mineralcap 30' cap,MULTIVITAMINS & MINERALS,VITAMINS & MINERALS,ขย.9,,วิตามินและอาหารเสริม,10-3-31754-5-0014,,กล่อง,,100,,FALSE,FALSE,FALSE,120,195,,,,,,,
1000,102880,Fexlora 10 mg chewable 5' ,LORATADINE,,ขย.9,ขย.9,ยาระบบทางเดินหายใจ,,,แผง,,100,,FALSE,FALSE,FALSE,0,65,,,,,,,
1000,102881,Boson Sara -cov-2 antigen test card  ชุดตรวจโควิท,,,ขย.9,,อุปกรณ์ทางการแพทย์,T6500171,,กล่อง,,100,,FALSE,FALSE,FALSE,27,39,,,,,,,
1000,102882,Sermin 30 mg,NICERGOLINE,,ขย.9,,ปวดหัว/ไมเกรน,1A 32/62,,กล่อง,,100,,FALSE,FALSE,FALSE,734,1050,,,,,,,
1000,102883,ยากฤษณากลั่น ตรากิเลน,,,ขย.9,,"ยาสมุนไพร, ยาแผนโบราณ",G208/17,,ขวด,,100,,FALSE,FALSE,FALSE,62,115,,,,,,,
1000,102884,Arcona 90 mg,ETORICOXIB,,ขย.9,,ยาระบบกล้ามเนื้อ-ข้อต่อ,1A37/63,,แผง,,100,,FALSE,FALSE,FALSE,45,130,,,,,,,
1000,102885,Strepsils Dry cough lozenges,Dextromethorphan Hydrobromide,,ขย.9,ขย.9,,,,แผง,,100,,FALSE,FALSE,FALSE,49.5,68,,,,,,,
1000,102886,Propoliz Plus extherb 15 ml,,,ขย.9,,ยาหู ตา คอ จมูก,G15804/67,,กล่อง,,100,,FALSE,FALSE,FALSE,113,165,,,,,,,
1000,102887,Arcona  120 mg  6',ETORICOXIB,,ขย.9,,ยาระบบกล้ามเนื้อ-ข้อต่อ,1A 32/62,,กล่อง,,100,,FALSE,FALSE,FALSE,60,165,,,,,,,
1000,102888,Bromhex 8 mg  10',BROMHEXINE,,ขย.9,,ยาหู ตา คอ จมูก,1A 1644/27,,แผง,,100,,FALSE,FALSE,FALSE,2.8,40,,,,,,,
1000,102889,Hydrox-25   10'   T.MAN,HYDROXYZINE,,ขย.9,ขย.9,ยาระบบทางเดินหายใจ,1A231/48,,แผง,,100,,FALSE,FALSE,FALSE,5,35,,,,,,,
1000,102890,Melobic-15   10',MELOXICAM,,ขย.9,ขย.9,ยาระบบกล้ามเนื้อ-ข้อต่อ,,,แผง,,100,,FALSE,FALSE,FALSE,39,85,,,,,,,
1000,102891,Difenac 25 mg  10',DICLOFENAC,,ขย.9,ขย.9,ยาระบบกล้ามเนื้อ-ข้อต่อ,1A 1864/30,,แผง,,100,,FALSE,FALSE,FALSE,1.56,35,,,,,,,
1000,102892,Coxium 1500 mg  30',GLUCOSAMINE,,ขย.9,ขย.9,วิตามินและอาหารเสริม,1A360/51,,กล่อง,,100,,FALSE,FALSE,FALSE,365,465,,,,,,,
1000,102893,Etomed 90 mg  10',ETORICOXIB,,ขย.9,ขย.9,ยาระบบกล้ามเนื้อ-ข้อต่อ,1A 3/64,,แผง,,100,,FALSE,FALSE,FALSE,42,110,,,,,,,
1000,102894,Topamine  60 ml,BROMPHENIRAMINE+PHENYLPROPANILAMINE,,ขย.9,ขย.9,ยาน้ำสำหรับเด็ก,,,ขวด,,100,,FALSE,FALSE,FALSE,16.5,55,,,,,,,
1000,102895,Magesto-f  10',CALCIUM CARBONATE,,ขย.9,ขย.9,ยาทางเดินอาหาร,2A39/48,,ซอง,,100,,FALSE,FALSE,FALSE,10.36,15,,,,,,,
1000,102896,Vilerm 200 mg  5',ACYCLOVIR,ANTIVIRALS,ขย.9,ขย.9,ยาระบบการติดเชื้อ,1A  305/39,,แผง,,100,,FALSE,FALSE,FALSE,32,57,,,,,,,
1000,102897,Doxyman-100gm   10',DOXYCYCLINE,,ขย.9,ขย.9,ยาระบบการติดเชื้อ,1A 284/44,,แผง,,100,,FALSE,FALSE,FALSE,11.92,45,,,,,,,
1000,102898,Ciproxin 500 mg   10',CIPROFLOXACIN,QUINOLONES,ขย.9,ขย.9,ยาทางเดินอาหาร,1A 139/41,,แผง,,100,,FALSE,FALSE,FALSE,19.2,60,,,,,,,
1000,102898,Ciproxin 500 mg   10',CIPROFLOXACIN,QUINOLONES,ขย.9,ขย.9,ยาระบบการติดเชื้อ,1A 139/41,,แผง,,100,,FALSE,FALSE,FALSE,19.2,60,,,,,,,
1000,102899,Medmaker vitamin E 5.5%  20g,,,ขย.9,,เครื่องสำอางและผลิตภัณฑ์ค,10-15415733,,กล่อง,,100,,FALSE,FALSE,FALSE,55.5,120,,,,,,,
1000,102900,Gental 0.05%  Spray  10ml,OXYMETAZOLINE,DECONGESTANTS & OTHER NASAL PR,ขย.9,ขย.9,ยาหู ตา คอ จมูก,1A 15257/65,,ขวด,,100,,FALSE,FALSE,FALSE,55,115,,,,,,,
1000,102901,Actavia 0.1%  Sparsys  10 ml,,DECONGESTANTS & OTHER NASAL PR,ขย.9,ขย.9,ยาหู ตา คอ จมูก,1A258/60,,กล่อง,,100,,FALSE,FALSE,FALSE,78,165,,,,,,,
1000,102902,Oxymet  Nasal spray 0.05% ,OXYMETAZOLINE,DECONGESTANTS & OTHER NASAL PR,ขย.9,ขย.9,ยาหู ตา คอ จมูก,1A 333/46,,กล่อง,,100,,FALSE,FALSE,FALSE,31,75,,,,,,,
1000,102903,ยาสีฟันวิเศษนิยม 100กรัม,,,ขย.9,,เครื่องสำอางและผลิตภัณฑ์ค,24-1-6200050930,,หลอด,,,,FALSE,FALSE,FALSE,84,130,,,,,,,
1000,102904,ยาอม Fisherman'sFriend  Honey&Lemon 25g สีน้ำตาล-ขาว,,,ขย.9,,ยาอม,10-3-11523-1-53327,,ซอง,,100,,FALSE,FALSE,FALSE,26,38,,,,,,,
1000,102905,ยาอม Fisherman's Friend Citrus 25g เขียว/ขาว,,,ขย.9,,ยาอม,10-3-11523-1-53327,,ซอง,,100,,FALSE,FALSE,FALSE,26,38,,,,,,,
1000,102906,SOS  S 2.2*3.5 cm พลาสเตอร์ใสกันน้ำ  10',,,ขย.9,,อุปกรณ์ทางการแพทย์,65-2-3-2-0000524,,กล่อง,,100,,FALSE,FALSE,FALSE,19,30,,,,,,,
1000,102907,แอลกอฮอล์ ศิริบัญชา 70% สเปรย์ ,ETHYL ALCOHOL,,,,อุปกรณ์ทางการแพทย์,1A342/51,,ขวด,,,,FALSE,FALSE,FALSE,28,49,,,,,,,
1000,102908,COVID-19 Test Kit (2 in 1) Wilbur  1 test,,,ขย.9,,อุปกรณ์ทางการแพทย์,,,กล่อง,,,,FALSE,FALSE,FALSE,27,39,,,,,,,
1000,102909,FURANO เม็ดฟู่ทำความสะอาด ฟันปลอม กลิ่นกุหลาบ 24 tab,,,ขย.9,,ยาใช้เฉพาะที่,,,กล่อง,,,,FALSE,FALSE,FALSE,84.5,120,,,,,,,
1000,102910,Nseries brand cool formula 70*7 cm,,,ขย.9,,ยาใช้เฉพาะที่,13-2-630014310,,ซอง,,100,,FALSE,FALSE,FALSE,30,45,,,,,,,
1000,102911,Bisolvon pediatric syrup 60 ml,BROMHEXINE,,ขย.9,ขย.9,ยาน้ำสำหรับเด็ก,,,ขวด,,100,,FALSE,FALSE,FALSE,48,69,,,,,,,
1000,102912,Nseries brand Warm formula  ร้อน  2',,,ขย.9,,ยาระบบกล้ามเนื้อ-ข้อต่อ,,,ซอง,,100,,FALSE,FALSE,FALSE,30,45,,,,,,,
1000,102913,Centrum sliver 50+  90',MULTIVITAMINS & MINERALS,,ขย.9,ขย.9,วิตามินและอาหารเสริม,10-1-10752-5-008,,ขวด,,100,,FALSE,FALSE,FALSE,725,955,,,,,,,
1000,102914,INNOBIC LAB ถุงมือ ไม่มีแป้ง Size  S 100 ชิ้น,,,ขย.9,,อุปกรณ์ทางการแพทย์,66-1-3-2-0000163,,กล่อง,,100,,FALSE,FALSE,FALSE,95,155,,,,,,,
1000,102915,Aqua kare Sterile Water 100%  1000 ml,,,ขย.9,ขย.9,อุปกรณ์ทางการแพทย์,1A93/61,,ขวด,,100,,FALSE,FALSE,FALSE,32,55,,,,,,,
1000,102916,อภัยภูเบศร  ยาแคปซูลบอระเพ็ด  70',,,ขย.9,,"ยาสมุนไพร, ยาแผนโบราณ",G 318/46,,ขวด,,100,,FALSE,FALSE,FALSE,64,125,,,,,,,
1000,102917,ยาปอคุนเอี๊ยบ๊อ ยาสตรี  500 ml,,,ขย.9,,"ยาสมุนไพร, ยาแผนโบราณ",G 461/50,,ขวด,,100,,FALSE,FALSE,FALSE,115,165,,,,,,,
1000,102918,ยาขับน้ำคาวปลา ตราพารา  300 ml,,,ขย.9,,"ยาสมุนไพร, ยาแผนโบราณ",G9/43,,ขวด,,100,,FALSE,FALSE,FALSE,57,95,,,,,,,
1000,102919,ยาสตรีกิมโกยทิซิ่ว อ้วยอันโอสถ  450 ซีซี,,,ขย.9,,"ยาสมุนไพร, ยาแผนโบราณ",G 197/30,,ขวด,,100,,FALSE,FALSE,FALSE,125,250,,,,,,,
1000,102920,Ibucap  400 mg   10',IBUPROFEN,NSAIDs,ขย.9,ขย.9,,,,กล่อง,,100,,FALSE,FALSE,FALSE,53,99,,,,,,,
1000,102921,Emson 50 mg 10',,,ขย.9,ขย.9,ยาระบบกล้ามเนื้อ-ข้อต่อ,1A46/66,,แผง,,100,,FALSE,FALSE,FALSE,35,79,,,,,,,
1000,102922,Bactoclav - 1000 mg,AMOX+CLAVU,ANTIBIOTICS,ขย.9,ขย.9,ยาระบบการติดเชื้อ,,,กล่อง,,100,,FALSE,FALSE,FALSE,92,165,,,,,,,
1000,102923,Pharmica liniment ,,,ขย.9,,ยาใช้เฉพาะที่,K7/64,,ขวด,,100,,FALSE,FALSE,FALSE,135,195,,,,,,,
1000,102924,reparil -Gel N  40g MEDA,AESCIN,ANTI-INFLAMMATORY ENZYMES,ขย.9,,ยาระบบกล้ามเนื้อ-ข้อต่อ,2C34-53,,หลอด,,100,,FALSE,FALSE,FALSE,204,290,,,,,,,
1000,102925,Mertigo 6 mg,BETAHISTINE,,ขย.9,,ปวดหัว/ไมเกรน,,,แผง,,100,,FALSE,FALSE,FALSE,6.5,40,,,,,,,
1000,102926,Duran  400 mg,IBUPROFEN,NSAIDs,ขย.9,ขย.9,ยาระบบกล้ามเนื้อ-ข้อต่อ,,,กล่อง,,100,,FALSE,FALSE,FALSE,20,50,,,,,,,
1000,102927,B-lady  21,CYPROTERONE ACETATE+ETHINYLESTRADIOL,,ขย.9,ขย.9,ยาคุมกำเนิดและฮอร์โมนทดแท,,,,,100,,FALSE,FALSE,FALSE,82,105,,,,,,,
1000,102928,Lescilon 28,DESOGESTREL+ETHINYLESTRADIOL,,ขย.9,ขย.9,ยาคุมกำเนิดและฮอร์โมนทดแท,,,กล่อง,,100,,FALSE,FALSE,FALSE,80,115,,,,,,,
1000,102929,Slinda 28',DROSPIRENENONE+ETHINYL ESTRADIOL,,ขย.9,,ยาคุมกำเนิดและฮอร์โมนทดแท,1C 15038/64,,กล่อง,,100,,FALSE,FALSE,FALSE,310,360,,,,,,,
1000,102930,Gauze pad Size  3*3  8 ชิ้น,,,ขย.9,,อุปกรณ์ทางการแพทย์,,,กล่อง,,100,,FALSE,FALSE,FALSE,56,100,,,,,,,
1000,102931,Gauze Pad Size 4*4  8ชิ้น,,,ขย.9,,อุปกรณ์ทางการแพทย์,,,กล่อง,,100,,FALSE,FALSE,FALSE,82,120,,,,,,,
1000,102932,G-Sure Plus  กางเกงผ้าอ้อมผู้ใหญ่  ไซล์ M,,,ขย.9,,อุปกรณ์ทางการแพทย์,,,ห่อ,,100,,FALSE,FALSE,FALSE,260,330,,,,,,,
1000,102933,แผ่นรองซับ รถพยาบาล  No. L 45*70cm  10ชิ้น,,,ขย.9,,อุปกรณ์ทางการแพทย์,,,ห่อ,,100,,FALSE,FALSE,FALSE,104,159,,,,,,,
1000,102934,G-Sure Plus กางเกงผ้าอ้อมผู้ใหญ่  ไซค์ M  28ชิ้น,,,ขย.9,ขย.9,อุปกรณ์ทางการแพทย์,,,ห่อ,,100,,FALSE,FALSE,FALSE,295,470,,,,,,,
1000,102935,Anan แผ่นรองซึมซับ  45*70 CM   ไซค์ L  10ชิ้น,,,ขย.9,,อุปกรณ์ทางการแพทย์,,,ห่อ,,100,,FALSE,FALSE,FALSE,82,130,,,,,,,
1000,102936,Hospro Cold hot pack  ไซค์ S  1',,,ขย.9,,อุปกรณ์ทางการแพทย์,101226596,,กล่อง,,100,,FALSE,FALSE,FALSE,70,125,,,,,,,
1000,102937,Kool Fever แผ่นเจลลดไข้ เด็ก ,,,ขย.9,,อุปกรณ์ทางการแพทย์,66-2-3-2-0003854,,กล่อง,,1,,FALSE,FALSE,FALSE,78,130,,,,,,,
1000,102938,HCTZ 25 mg  GPO  10',ITOPRIDE HYDROCHLORIDE,,ขย.9,ขย.9,ยาในโรคเรื้อรัง (Drug for,,,แผง,,100,,FALSE,FALSE,FALSE,3.8,20,,,,,,,
1000,102939,Clatidyne  10mg   10',LORATADINE,ANTIHISTAMINES & ANTIALLERGICS,ขย.9,ขย.9,ยาระบบทางเดินหายใจ,,,แผง,,100,,FALSE,FALSE,FALSE,6,35,,,,,,,
1000,102940,สำลีแผ่นใหญ 4*6ตรารถพยาบาล 450 กรัม,,,ขย.9,,อุปกรณ์ทางการแพทย์,65-1-3-2-0000874,,ห่อ,,100,,FALSE,FALSE,FALSE,132,169,,,,,,,
1000,102941,Kool Fever แผ่นเจลลดไข้ผู้ใหญ่   3ชิ้น,,,ขย.9,,อุปกรณ์ทางการแพทย์,,,กล่อง,,100,,FALSE,FALSE,FALSE,78,130,,,,,,,
1000,102942,Coklav 1000 mg   10',AMOX+CLAVU,ANTIBIOTICS,ขย.9,,ยาระบบการติดเชื้อ,2A/96/60,,กล่อง,,100,,FALSE,FALSE,FALSE,85,155,,,,,,,
1000,102943,Diosmin 500 mg   10',DIOSMINE+HESPERIDINE,"HAEMORRHOIDAL,PHLEBITIS & VARI",ขย.9,ขย.9,ยาทางเดินอาหาร,1A430/49,,แผง,,100,,FALSE,FALSE,FALSE,27.8,65,,,,,,,
1000,102944,Espenal 50 mg     10',,,ขย.9,ขย.9,ยาระบบกล้ามเนื้อ-ข้อต่อ,1A 11/53,,แผง,,100,,FALSE,FALSE,FALSE,24,70,,,,,,,
1000,102945,Sinufen (bromphen 4 mg+ Phenylepharine 10mg)  10',BROMPHENIRAMINE+PHENYLPROPANILAMINE,ANTIHISTAMINES & ANTIALLERGICS,ขย.9,ขย.9,ยาหู ตา คอ จมูก,2A 97/34,,แผง,,100,,FALSE,FALSE,FALSE,4.8,35,,,,,,,
1000,102946,D-prazol 14',OMEPRAZOLE,,ขย.9,ขย.9,ยาทางเดินอาหาร,,,กล่อง,,100,,FALSE,FALSE,FALSE,32.5,60,,,,,,,
1000,102947,Tigerplast แผ่นปิดแผลใยสงเคาะห์   10CM*1M  1',,,ขย.9,ขย.9,อุปกรณ์ทางการแพทย์,40076-000,,กล่อง,,100,,FALSE,FALSE,FALSE,42,75,,,,,,,
1000,102948,Panadol Actifast 500 mg  10',PARACETAMOL,,ขย.9,ขย.9,ยาสามัญประจำบ้าน,1C 76/59,,กล่อง,,100,,FALSE,FALSE,FALSE,38,55,,,,,,,
1000,102949,ยาหม่อง วังพรม ผสมเสลดพังพอน สูตร 2   ราคา 6 ขวด,,,ขย.9,,"ยาสมุนไพร, ยาแผนโบราณ",,,แพ็ค,,100,,FALSE,FALSE,FALSE,185,300,,,,,,,
1000,102950,4% เฮ็กซีน สกิน คลีนเซอร์ 30 ซีซี,CHLORHEXIDINE,,ขย.9,,อุปกรณ์ทางการแพทย์,1A 57/33,,ขวด,,100,,FALSE,FALSE,FALSE,9,40,,,,,,,
1000,102951,Antussia Syrup 60 ml,DEXTROMETHORPHAN HBr+GLYCERYL GUAIACOLATE+PHENYLEPHRINE HCL,Antitussives,ขย.11,ขย.11,ยาน้ำสำหรับเด็ก,2A 295/27,ตู้ A1,ขวด,,,,FALSE,FALSE,FALSE,21,65,,,,,,,
1000,102952,BETAMETH-N Cream กระปุก 500g,BETAMETHASONE + NEOMYCIN,,ขย.9,,ยาใช้เฉพาะที่,,,กระปุก,,100,,FALSE,FALSE,FALSE,235,330,,,,,,,
1000,102953,Siarizine 25 mg    10',CINNARIZINE,,ขย.9,ขย.9,ยาหู ตา คอ จมูก,1A 295/33,,แผง,,100,,FALSE,FALSE,FALSE,10.8,40,,,,,,,
1000,102954,Zocovin cr 5gm,ACICLOVIR,ANTIVIRALS,ขย.9,ขย.9,ยาระบบการติดเชื้อ,1C35/64,,หลอด,,100,,FALSE,FALSE,FALSE,45,75,,,,,,,
1000,102955,Lazine  5mg   10',LEVOCETIRIZINE,ANTIHISTAMINES & ANTIALLERGICS,ขย.9,ขย.9,ยาหู ตา คอ จมูก,1C 35/64,,กล่อง,,100,,FALSE,FALSE,FALSE,45,125,,,,,,,
1000,102956,ชุดตรวต Auramed F/U AB Covid-19,,,ขย.9,,อุปกรณ์ทางการแพทย์,67-2-2-1-0007682,,กล่อง,,100,,FALSE,FALSE,FALSE,47,98,,,,,,,
1000,102957,Norgesic  10 ',PARACETAMOL + ORPHENADRINE,,ขย.9,ขย.9,ยาระบบกล้ามเนื้อ-ข้อต่อ,2A 7/54,,แผง,,100,,FALSE,FALSE,FALSE,29,45,,,,,,,
1000,102958,น้ำมันเหลือ ตรา ชวนหอม  3.5 ml,,,ขย.9,,"ยาสมุนไพร, ยาแผนโบราณ",,,ขวด,,,,FALSE,FALSE,FALSE,20,28,,,,,,,
1000,102959,vitamin C injection,,,ขย.9,,วิตามินและอาหารเสริม,,,แผง,,100,,FALSE,FALSE,FALSE,43,150,,,,,,,
1000,102960,Comadol 50 mg.,TRAMADOL HYDROCHLORIDE,OPIOIDS,ขย.10,ขย.10,แก้ปวด ลดอักเสบ,1A 59/64,,แผง,,100,,FALSE,FALSE,FALSE,20.5,85,,,,,,,
1000,102961,Balisa  20mg (Bilaxten),BILASTIN,ANTIHISTAMINES & ANTIALLERGICS,ขย.9,ขย.9,ยาหู ตา คอ จมูก,1A 37/67,,กล่อง,,100,,FALSE,FALSE,FALSE,80,175,,,,,,,
1000,102962,Bilastin Kids  10mg (Bilaxten),BILASTIN,ANTIHISTAMINES & ANTIALLERGICS,ขย.9,ขย.9,ยาหู ตา คอ จมูก,1C 14/64,,กล่อง,,100,,FALSE,FALSE,FALSE,117,198,,,,,,,
1000,102963,D-Coate  10',DEXTROMETHORPH+GUAIFENESIN+TERPIN HYDRATE,,ขย.9,ขย.9,ยาหู ตา คอ จมูก,,,แผง,,100,,FALSE,FALSE,FALSE,11,55,,,,,,,
1000,102964,Rabeprazole 20 mg  Sandoz  14',,ANTIACID,ขย.9,ขย.9,ยาทางเดินอาหาร,1C 33/57,,กล่อง,,100,,FALSE,FALSE,FALSE,328,395,,,,,,,
1000,102965,Dermaheu cream 50g - TNP,BETAMETHASONE+GENTAMYCIN+TONAFTATE+CLIOQUINOL,ANTIFUNGALS,ขย.9,ขย.9,ยาระบบการติดเชื้อ,2A 190/42,ตู้ A3,หลอด,,100,,FALSE,FALSE,FALSE,160,265,,,,,,,
1000,102966,Next Heal+h แผ่นวัดน้ำตาล 25 ชิ้น  1ขวด,,,ขย.9,ขย.9,อุปกรณ์ทางการแพทย์,,,กระปุก,,100,,FALSE,FALSE,FALSE,192,248,,,,,,,
1000,102967,Clatidyne-o   10 mg,LORATADINE,ANTIHISTAMINES & ANTIALLERGICS,ขย.9,ขย.9,ยาหู ตา คอ จมูก,1A 340/48,,แผง,,100,,FALSE,FALSE,FALSE,5.8,35,,,,,,,
1000,102968,Cintra  10 '  Patra,CETIRIZINE,ANTIHISTAMINES & ANTIALLERGICS,ขย.9,ขย.9,ยาหู ตา คอ จมูก,1A 137/57,,แผง,,100,,FALSE,FALSE,FALSE,4,25,,,,,,,
1000,102969,Patarvit syrup 120 ml (multivitamin+lysine),MULTIVITAMINS & MINERALS,,ขย.9,ขย.9,ยาน้ำสำหรับเด็ก,2A 73/56,,ขวด,,100,,FALSE,FALSE,FALSE,24,125,,,,,,,
1000,102970,RE-B Forte 10'  (B1 250mg/B6 250mg/B12 1000 mcg),MULTIVITAMINS & MINERALS,,ขย.9,,วิตามินและอาหารเสริม,2A 34/45,,แผง,,100,,FALSE,FALSE,FALSE,33.5,65,,,,,,,
1000,102971,Methycobal 10's,MECOBALAMIN,VITAMINS & MINERALS,ขย.9,,วิตามินและอาหารเสริม,1B 3/41,,แผง,,100,,FALSE,FALSE,FALSE,53,75,,,,,,,
1000,102972,FLUOXINE 20mg  10',,,ขย.9,,ยาในโรคเรื้อรัง (Drug for,,,แผง,,100,,FALSE,FALSE,FALSE,7.5,65,,,,,,,
1000,102973,SALDA Inhaler แซลด้า ชนิดพ่นสูด (20 tubes x 2.5 ml),SALBUTAMOL,,ขย.9,,ยาหู ตา คอ จมูก,,,กล่อง,,100,,FALSE,FALSE,FALSE,222,350,,,,,,,
1000,102974,Rhinoplast  5แผ่น,,,ขย.9,,อุปกรณ์ทางการแพทย์,,,แผง,,100,,FALSE,FALSE,FALSE,1.8,5,,,,,,,
1000,102975,Cemol 500 mg      1000 ',PARACETAMOL,,ขย.9,,ยาสามัญประจำบ้าน,1A 241/32,,ขวด,,100,,FALSE,FALSE,FALSE,159,350,,,,,,,
1000,102976,แผ่นเจลลดไข้ ผู้ใหญ่ kool fever Extra cool  3ซอง,,,ขย.9,ขย.9,อุปกรณ์ทางการแพทย์,1A 241/32,,กล่อง,,100,,FALSE,FALSE,FALSE,78,125,,,,,,,
1000,102977,Dermazin cream 25 gm  ,SILVER SULFADIAZINE,,ขย.9,,ยาใช้เฉพาะที่,1C 197/51,,กล่อง,,100,,FALSE,FALSE,FALSE,65,165,,,,,,,
1000,102978,โฟมอุดหูลดเสียง 3M Reusable Earplugs 1 Set,,,ขย.9,,เบ็ดเตล็ด,,,คู่,,,,FALSE,FALSE,FALSE,69,95,,,,,,,
1000,102979,Lernex 800 mg 10 tab,ACYCLOVIR,ANTIVIRALS,ขย.9,,ยาระบบการติดเชื้อ,,,แผง,,,,FALSE,FALSE,FALSE,30.57,68,,,,,,,
1000,102980,COSOPT 20 mg/ml+5mg/ml ,,,ขย.9,,ยาหู ตา คอ จมูก,2C 32/58 (N),,ขวด,,,,FALSE,FALSE,FALSE,465,680,,,,,,,
1000,102981,Ibukids  100 mg/5mL,IBUPROFEN,,ขย.9,ขย.9,ยาน้ำสำหรับเด็ก,1A 325/49,,ขวด,,100,,FALSE,FALSE,FALSE,18,55,,,,,,,
1000,102982,Sumigran 6'  (Sumatripan 50 mg),,,ขย.9,ขย.9,ปวดหัว/ไมเกรน,1A 46/65,,กล่อง,,100,,FALSE,FALSE,FALSE,70,145,,,,,,,
1000,102983,Etomed 120 mg 10's,ETORICOXIB,,ขย.9,ขย.9,ยาระบบกล้ามเนื้อ-ข้อต่อ,1A 46/65,,แผง,,100,,FALSE,FALSE,FALSE,62.6667,195,,,,,,,
1000,102984,Celxib  200 gm   10',CELECOXIB,,ขย.9,ขย.9,ยาระบบกล้ามเนื้อ-ข้อต่อ,1A 71/60,,กล่อง,,100,,FALSE,FALSE,FALSE,49,125,,,,,,,
1000,102985,KAL-kids   choco FALVOR  30 'Chewabel ,CALCIUM CARBONATE,,ขย.9,,วิตามินและอาหารเสริม,1A 202/63,,ขวด,,100,,FALSE,FALSE,FALSE,155,275,,,,,,,
1000,102986,NIPRO needle No.20'',,,ขย.9,ขย.9,อุปกรณ์ทางการแพทย์,,,ชิ้น,,100,,FALSE,FALSE,FALSE,0.54,2,,,,,,,
1000,102987,Androcur 50mg,CYPROTERONE ACETATE,,ขย.9,ขย.9,ยาคุมกำเนิดและฮอร์โมนทดแท,,,แผง,,100,,FALSE,FALSE,FALSE,595,790,,,,,,,
1000,102988,Progynova 2 mg      28',ESTRADIOL+NORGESTREL,,ขย.9,,ยาคุมกำเนิดและฮอร์โมนทดแท,,,แผง,,100,,FALSE,FALSE,FALSE,178,245,,,,,,,
1000,102989,Glauco Oph (0.50%) หยอดตา 5 ml,,,ขย.9,ขย.9,ยาหู ตา คอ จมูก,,,ขวด,,100,,FALSE,FALSE,FALSE,98,145,,,,,,,
1000,102990,NIPRO needle No.30'',,,ขย.9,,อุปกรณ์ทางการแพทย์,1A 13/57,,ชิ้น,,100,,FALSE,FALSE,FALSE,0.6,2,,,,,,,
1000,102991,LYRICA 25mg ลีริก้า (4X14's),PREGABALIN,,ขย.9,,แก้ปวด ลดอักเสบ,1C 53/63,,กล่อง,,100,,FALSE,FALSE,FALSE,1090,1690,,,,,,,
1000,102992,Nikp-Pitavastain 2 mg,,,ขย.9,,ยาในโรคเรื้อรัง (Drug for,,,แผง,,100,,FALSE,FALSE,FALSE,195,330,,,,,,,
1000,102993,Emulax  milk of magnesia  240 ml,MAGNESIUM HYDROXIDE,,ขย.9,,ยาทางเดินอาหาร,1A 555/50,,ขวด,,100,,FALSE,FALSE,FALSE,30.5,50,,,,,,,
1000,102994,Allergis eye drop  10ml,ANTAZOLINE+TETRAHYDROZOLINE,EYE PREPARATIONS,ขย.9,,ยาหู ตา คอ จมูก,2A 126/42,,ขวด,,100,,FALSE,FALSE,FALSE,37.5,65,,,,,,,
1000,102995,NAPROFAZT 250 mg (1x10's),NAPROXEN SODIUM,NSAIDs,ขย.9,,ยาระบบกล้ามเนื้อ-ข้อต่อ,1A 211/58,,กล่อง,,100,,FALSE,FALSE,FALSE,99.6,159,,,,,,,
1000,102996,ทาราด้า แรดสเปรย์ (12 ml),,,ขย.9,,ยาใช้เฉพาะที่,10-161000001489,,ขวด,,100,,FALSE,FALSE,FALSE,165,295,,,,,,,
1000,102997,ทาราด้า แรดสเปรย์ (12 ml),,,ขย.9,,ยาใช้เฉพาะที่,10-161000001489,,ขวด,,100,,FALSE,FALSE,FALSE,165,295,,,,,,,
1000,102998,Chlor Oph Eye Drops 5 ml ,CHLORAMPHENICOL,,ขย.9,ขย.9,ยาหู ตา คอ จมูก,1A 1926/28,,ขวด,,100,,FALSE,FALSE,FALSE,27.5,65,,,,,,,
1000,102999, MYDERMIC Cream 15g,NEOMYCIN,,ขย.9,ขย.9,ยาระบบการติดเชื้อ,1A 1926/28,,กล่อง,,100,,FALSE,FALSE,FALSE,28.5,98,,,,,,,
1000,103000,VISTRA BACOPA 300mg ขวด 30's,,,ขย.9,ขย.9,วิตามินและอาหารเสริม,,,ขวด,,100,,FALSE,FALSE,FALSE,185,290,,,,,,,
1000,103001,AMK dry 457 mg ขวด 70ml,AMOX+CLAVU,PENICILLINS,ขย.9,ขย.9,ยาระบบการติดเชื้อ,2A 53/49,,ขวด,,100,,FALSE,FALSE,FALSE,149,245,,,,,,,
1000,103002,PATAR-COM ขวด 100's,MULTIVITAMINS & MINERALS,VITAMINS & MINERALS,ขย.9,ขย.9,วิตามินและอาหารเสริม,2A 26/57,,ขวด,,100,,FALSE,FALSE,FALSE,27.5,120,,,,,,,
1000,103003,FLOXCIPRO 500mg 10's,CIPROFLOXACIN,ANTIBIOTICS,ขย.9,ขย.9,ยาระบบการติดเชื้อ,1A222/51,,แผง,,100,,FALSE,FALSE,FALSE,14.5,60,,,,,,,
1000,103004, FUCIDIN Cream 5g,,,ขย.9,ขย.9,ยาระบบการติดเชื้อ,1C 62/53,,หลอด,,100,,FALSE,FALSE,FALSE,83.5,145,,,,,,,
