id,company,code,indicatorlistS,timeS,useS,timeuseS,keepS,remarkS
3305,1,100000,แก้ไอ,ทุกครั้งที่มีอาการ,รับประทานครั้งละ 1 ช้อนโต๊ะ,-,-,NULL
3306,1,100001,แก้ท้องเสีย,เช้า-กลางวัน-เย็น,รับประทานครั้งละ ...... ml,-,เก็บในอุณหภูมิห้อง,NULL
3307,1,100002,แก้ท้องเสีย,เช้า-กลางวัน-เย็น,รับประทานครั้งละ ...... ml,-,เก็บในอุณหภูมิห้อง,NULL
3308,1,100003,แก้คลื่นไส้ อาเจียน,เช้า-กลางวัน-เย็น,รับประทานครั้งละ ...... ml,ก่อนอาหาร,เก็บในอุณหภูมิห้อง,NULL
3309,1,100004,แก้คลื่นไส้ อาเจียน,เช้า-กลางวัน-เย็น,รับประทานครั้งละ ...... ml,ก่อนอาหาร,เก็บในอุณหภูมิห้อง,NULL
3310,1,100005,แก้ท้องอืดท้องเฟ้อ,ทุกครั้งที่มีอาการ,รับประทานครั้งละ ..... ml,หลังอาหาร,เก็บในอุณหภูมิห้อง,NULL
3311,1,100006,แก้ท้องอืดท้องเฟ้อ,ทุกครั้งที่มีอาการ,รับประทานครั้งละ ..... ml,หลังอาหาร,เก็บในอุณหภูมิห้อง,NULL
3312,1,100007,แก้จุกเสียด แน่นท้อง ขับลม ,เช้า-กลางวัน-เย็น,รับประทานครั้งละ ...... ml,หลังอาหาร,เก็บในอุณหภูมิห้อง,NULL
3313,1,100008,บรรเทาอาการปวดเกร็งท้อง,เช้า-กลางวัน-เย็น,รับประทานครั้งละ ...... ml,หลังอาหาร,เก็บในอุณหภูมิห้อง,NULL
3314,1,100009,เสริมธาตุเหล็ก,เช้า-กลางวัน-เย็น,รับประทานครั้งละ ...... ml,-,เก็บในอุณหภูมิห้อง,NULL
3315,1,100010,ลดไข้ บรรเทาอาการปวด,ทุก 6 ชั่วโมง,รับประทานครั้งละ ...... ml,-,เก็บในอุณหภูมิห้อง,NULL
3316,1,100011,ลดไข้ บรรเทาอาการปวด,ทุก 6 ชั่วโมง,รับประทานครั้งละ ...... ml,-,เก็บในอุณหภูมิห้อง,NULL
3317,1,100012,ลดไข้ บรรเทาอาการปวด,ทุก 6 ชั่วโมง,รับประทานครั้งละ ...... ml,-,เก็บในอุณหภูมิห้อง,NULL
3318,1,100013,ลดไข้ บรรเทาอาการปวด,ทุก 6 ชั่วโมง,รับประทานครั้งละ ...... ml,-,เก็บในอุณหภูมิห้อง,NULL
3319,1,100014,ลดไข้ บรรเทาอาการปวด,ทุก 6 ชั่วโมง,รับประทานครั้งละ ...... ml,-,เก็บในอุณหภูมิห้อง,NULL
3320,1,100015,ลดไข้ บรรเทาอาการปวด,ทุก 6 ชั่วโมง,รับประทานครั้งละ ...... ml,-,เก็บในอุณหภูมิห้อง,NULL
3321,1,100016,ลดไข้ บรรเทาอาการปวด,ทุก 6 ชั่วโมง,รับประทานครั้งละ ...... ml,-,เก็บในอุณหภูมิห้อง,NULL
3322,1,100017,ลดไข้ บรรเทาอาการปวด,ทุก 6 ชั่วโมง,รับประทานครั้งละ ......... ช้อนชา,-,เก็บในอุณหภูมิห้อง,NULL
3323,1,100018,ลดไข้ บรรเทาอาการปวด,ทุก 6 ชั่วโมง,รับประทานครั้งละ ......... ช้อนชา,-,เก็บในอุณหภูมิห้อง,NULL
3324,1,100019,ลดไข้ บรรเทาอาการปวด,ทุก 6 ชั่วโมง,รับประทานครั้งละ ...... ml,-,เก็บในอุณหภูมิห้อง,NULL
3325,1,100020,ลดไข้ บรรเทาอาการปวด,ทุก 6 ชั่วโมง,รับประทานครั้งละ ......... ช้อนชา,-,เก็บในอุณหภูมิห้อง,NULL
3326,1,100021,ลดไข้ บรรเทาอาการปวด,ทุก 6 ชั่วโมง,รับประทานครั้งละ ...... ml,-,เก็บในอุณหภูมิห้อง,NULL
3327,1,100022,ลดไข้ บรรเทาอาการปวด,ทุก 6 ชั่วโมง,รับประทานครั้งละ ......... ช้อนชา,-,เก็บในอุณหภูมิห้อง,NULL
3328,1,100023,ลดไข้ บรรเทาอาการปวด,ทุก 6 ชั่วโมง,รับประทานครั้งละ ......... ช้อนชา,-,เก็บในอุณหภูมิห้อง,NULL
3329,1,100024,ลดไข้ บรรเทาอาการปวด,ทุก 6 ชั่วโมง,รับประทานครั้งละ ......... ช้อนชา,-,เก็บในอุณหภูมิห้อง,NULL
3330,1,100025,ลดไข้ บรรเทาอาการปวด,ทุก 6 ชั่วโมง,รับประทานครั้งละ ......... ช้อนชา,-,เก็บในอุณหภูมิห้อง,NULL
3331,1,100026,ลดไข้ บรรเทาอาการปวด,ทุก 6 ชั่วโมง,รับประทานครั้งละ ......... ช้อนชา,-,เก็บในอุณหภูมิห้อง,NULL
3332,1,100027,ลดไข้ บรรเทาอาการปวด,ทุก 6 ชั่วโมง,รับประทานครั้งละ ......... ช้อนชา,-,เก็บในอุณหภูมิห้อง,NULL
3333,1,100028,ลดไข้ บรรเทาอาการปวด,ทุก 6 ชั่วโมง,รับประทานครั้งละ ......... ช้อนชา,-,เก็บในอุณหภูมิห้อง,NULL
3334,1,100029,ลดไข้ บรรเทาอาการปวด,ทุก 6 ชั่วโมง,รับประทานครั้งละ ......... ช้อนชา,-,เก็บในอุณหภูมิห้อง,NULL
3335,1,100030,ฆ่าเชื้อในทางเดินหายใจ,เช้า-กลางวัน-เย็น,รับประทานครั้งละ ......... ช้อนชา,ก่อนอาหาร,เก็บในตู้เย็น,รับประทานติดต่อกันจนยาหมด 
3336,1,100031,ฆ่าเชื้อในทางเดินหายใจ,เช้า-กลางวัน-เย็น,รับประทานครั้งละ ......... ช้อนชา,ก่อนอาหาร,เก็บในอุณหภูมิห้อง,รับประทานติดต่อกันจนยาหมด 
3337,1,100032,ฆ่าเชื้อในทางเดินหายใจ,เช้า-กลางวัน-เย็น,รับประทานครั้งละ ......... ช้อนชา,ก่อนอาหาร,เก็บในตู้เย็น,รับประทานติดต่อกันจนยาหมด 
3338,1,100033,ฆ่าเชื้อในทางเดินหายใจ,เช้า-กลางวัน-เย็น,รับประทานครั้งละ ......... ช้อนชา,หลังอาหาร,เก็บในตู้เย็น,รับประทานติดต่อกันจนยาหมด 
3339,1,100034,ฆ่าเชื้อแบคทีเรีย,วันละ 1 ครั้ง ช่วงเวลาเดียวกัน,รับประทานครั้งละ ......... ช้อนชา,ก่อนอาหาร,เก็บในตู้เย็น,รับประทานติดต่อกันจนยาหมด 
3340,1,100035,ฆ่าเชื้อแบคทีเรีย,วันละ 1 ครั้ง ช่วงเวลาเดียวกัน,รับประทานครั้งละ ......... ช้อนชา,ก่อนอาหาร,เก็บในตู้เย็น,รับประทานติดต่อกันจนยาหมด 
3341,1,100036,ฆ่าเชื้อแบคทีเรีย,เช้า-เย็น,รับประทานครั้งละ ......... ช้อนชา,หลังอาหาร,เก็บในตู้เย็น,รับประทานติดต่อกันจนยาหมด 
3342,1,100037,ฆ่าเชื้อในทางเดินหายใจ,วันละ 1 ครั้ง ช่วงเวลาเดียวกัน,รับประทานครั้งละ ...... ml,ก่อนอาหาร,เก็บในตู้เย็น,รับประทานติดต่อกันจนยาหมด 
3343,1,100038,ลดน้ำมูก แพ้อากาศ,วันละ 1 ครั้ง ช่วงเวลาเดียวกัน,รับประทานครั้งละ ...... ml,-,-,"
"
3344,1,100039,ขยายหลอดลม,เช้า-กลางวัน-เย็น,รับประทานครั้งละ ......... ช้อนชา,หลังอาหาร,เก็บในอุณหภูมิห้อง,"
"
3345,1,100040,ขยายหลอดลม และขับเสมหะ,เช้า-กลางวัน-เย็น,รับประทานครั้งละ ......... ช้อนชา,หลังอาหาร,เก็บในอุณหภูมิห้อง,"
"
3346,1,100041,ขยายหลอดลม,เช้า-กลางวัน-เย็น,รับประทานครั้งละ ...... ml,หลังอาหาร,เก็บในอุณหภูมิห้อง,"
"
3347,1,100042,แก้ไอ ขับเสมหะ,เช้า-กลางวัน-เย็น,รับประทานครั้งละ ......... ช้อนชา,หลังอาหาร,เก็บในอุณหภูมิห้อง,"
"
3348,1,100043,แก้ไอ ละลายเสมหะ,เช้า-กลางวัน-เย็น,รับประทานครั้งละ ......... ช้อนชา,หลังอาหาร,เก็บในอุณหภูมิห้อง,"
"
3349,1,100044,แก้ไอ ละลายเสมหะ,เช้า-กลางวัน-เย็น,รับประทานครั้งละ ......... ช้อนชา,หลังอาหาร,เก็บในอุณหภูมิห้อง,"
"
3350,1,100045,แก้ไอ ละลายเสมหะ,เช้า-กลางวัน-เย็น,รับประทานครั้งละ ......... ช้อนชา,หลังอาหาร,เก็บในอุณหภูมิห้อง,"
"
3351,1,100046,แก้ไอ ละลายเสมหะ,เช้า-กลางวัน-เย็น,รับประทานครั้งละ ......... ช้อนชา,หลังอาหาร,เก็บในอุณหภูมิห้อง,"
"
3352,1,100047,ลดน้ำมูก แพ้อากาศ,เช้า-กลางวัน-เย็น-ก่อนนอน,รับประทานครั้งละ ......... ช้อนชา,หลังอาหาร,เก็บในอุณหภูมิห้อง,"
"
3353,1,100048,แก้ไอ ขับเสมหะ,เช้า-กลางวัน-เย็น,รับประทานครั้งละ ......... ช้อนชา,หลังอาหาร,เก็บในอุณหภูมิห้อง,"
"
3354,1,100049,บรรเทาอาการไอ ระคายเคืองคอ,เช้า-กลางวัน-เย็น,รับประทานครั้งละ ......... ช้อนชา,หลังอาหาร,เก็บในอุณหภูมิห้อง,"
"
3355,1,100050,บรรเทาอาการไอ ระคายเคืองคอ,เช้า-กลางวัน-เย็น,รับประทานครั้งละ ......... ช้อนชา,หลังอาหาร,เก็บในอุณหภูมิห้อง,"
"
3356,1,100051,ลดน้ำมูก แพ้อากาศ,วันละ 1 ครั้ง ช่วงเวลาเดียวกัน,รับประทานครั้งละ ...... ml,-,-,"
"
3357,1,100052,ลดน้ำมูก แพ้อากาศ,วันละ 1 ครั้ง ช่วงเวลาเดียวกัน,รับประทานครั้งละ ......... ช้อนชา,-,-,"
"
3358,1,100053,ลดน้ำมูก แพ้อากาศ,วันละ 1 ครั้ง ช่วงเวลาเดียวกัน,รับประทานครั้งละ ......... ช้อนชา,-,-,"
"
3359,1,100054,ลดน้ำมูก แพ้อากาศ,วันละ 1 ครั้ง ช่วงเวลาเดียวกัน,รับประทานครั้งละ ......... ช้อนชา,-,-,"
"
3360,1,100055,ลดน้ำมูก แพ้อากาศ,วันละ 1 ครั้ง ช่วงเวลาเดียวกัน,รับประทานครั้งละ ......... ช้อนชา,-,-,"
"
3361,1,100056,ลดน้ำมูก แพ้อากาศ,วันละ 1 ครั้ง ช่วงเวลาเดียวกัน,รับประทานครั้งละ ...... ml,-,-,"
"
3362,1,100057,ลดน้ำมูก แพ้อากาศ,วันละ 1 ครั้ง ช่วงเวลาเดียวกัน,รับประทานครั้งละ ......... ช้อนชา,-,-,"
"
3363,1,100058,ลดน้ำมูก แพ้อากาศ,วันละ 1 ครั้ง ช่วงเวลาเดียวกัน,รับประทานครั้งละ ......... ช้อนชา,-,-,"
"
3364,1,100059,ลดน้ำมูก แพ้อากาศ,เช้า-กลางวัน-เย็น-ก่อนนอน,รับประทานครั้งละ ...... ml,-,เก็บในอุณหภูมิห้อง,"ยานี้ทำให้ง่วงนอน
"
3365,1,100060,บรรเทาอาการหวัด ลดไข้,เช้า-กลางวัน-เย็น-ก่อนนอน,รับประทานครั้งละ ......... ช้อนชา,-,เก็บในอุณหภูมิห้อง,"ยานี้ทำให้ง่วงนอน
"
3366,1,100061,บรรเทาอาการหวัด ลดไข้,เช้า-กลางวัน-เย็น-ก่อนนอน,รับประทานครั้งละ ......... ช้อนชา,-,เก็บในอุณหภูมิห้อง,"ยานี้ทำให้ง่วงนอน
"
3367,1,100062,บรรเทาอาการหวัด ลดไข้,เช้า-กลางวัน-เย็น-ก่อนนอน,รับประทานครั้งละ ......... ช้อนชา,-,เก็บในอุณหภูมิห้อง,"ยานี้ทำให้ง่วงนอน
"
3368,1,100063,บรรเทาอาการคัดจมูก,เช้า-กลางวัน-เย็น-ก่อนนอน,รับประทานครั้งละ ......... ช้อนชา,-,เก็บในอุณหภูมิห้อง,"ยานี้ทำให้ง่วงนอน
"
3369,1,100064,ลดน้ำมูก แพ้อากาศ,เช้า-กลางวัน-เย็น-ก่อนนอน,รับประทานครั้งละ ......... ช้อนชา,-,เก็บในอุณหภูมิห้อง,"ยานี้ทำให้ง่วงนอน
"
3370,1,100065,แก้แพ้ผื่นคัน,เช้า-กลางวัน-เย็น,รับประทานครั้งละ ..... ml,หลังอาหาร,เก็บในอุณหภูมิห้อง,ยานี้ทำให้ง่วงนอน
3371,1,100066,บรรเทาอาการไอ ลดไข้ น้ำมูก,เช้า-กลางวัน-เย็น,รับประทานครั้งละ ......... ช้อนชา,หลังอาหาร,เก็บในอุณหภูมิห้อง,"ยานี้ทำให้ง่วงนอน
"
3372,1,100067,บรรเทาอาการไอ ลดไข้ น้ำมูก,เช้า-กลางวัน-เย็น-ก่อนนอน,รับประทานครั้งละ ..... ml,หลังอาหาร,เก็บในอุณหภูมิห้อง,NULL
3373,1,100068,เจริญอาหาร,เช้า-กลางวัน-เย็น,รับประทานครั้งละ ..... ml,ก่อนอาหาร,เก็บในอุณหภูมิห้อง,NULL
3374,1,100069,บรรเทาอาการหวัด คัดจมูก,เช้า-กลางวัน-เย็น-ก่อนนอน,รับประทานครั้งละ ......... ช้อนชา,หลังอาหาร,เก็บในอุณหภูมิห้อง,"ยานี้ทำให้ง่วงนอน
"
3375,1,100070,บรรเทาอาการหวัด คัดจมูก,เช้า-กลางวัน-เย็น-ก่อนนอน,รับประทานครั้งละ ......... ช้อนชา,หลังอาหาร,เก็บในอุณหภูมิห้อง,"ยานี้ทำให้ง่วงนอน
"
3376,1,100071,บรรเทาอาการหวัด คัดจมูก,เช้า-กลางวัน-เย็น-ก่อนนอน,รับประทานครั้งละ ...... ml,หลังอาหาร,เก็บในอุณหภูมิห้อง,"ยานี้ทำให้ง่วงนอน
"
3377,1,100072,สำหรับฉีดเข้าเส้นเลือด,ทุกครั้งที่มีอาการ,NULL,NULL,เก็บในอุณหภูมิห้อง,NULL
3378,1,100073,สำหรับฉีดเข้าเส้นเลือด,ทุกครั้งที่มีอาการ,NULL,NULL,เก็บในอุณหภูมิห้อง,NULL
3379,1,100074,สำหรับฉีดเข้าเส้นเลือด,ทุกครั้งที่มีอาการ,NULL,NULL,เก็บในอุณหภูมิห้อง,NULL
3380,1,100075,สำหรับฉีดเข้าเส้นเลือด,ทุกครั้งที่มีอาการ,NULL,NULL,เก็บในอุณหภูมิห้อง,NULL
3381,1,100076,บำรุงร่างกาย ,เช้า-กลางวัน-เย็น,รับประทานครั้งละ 1 เม็ด,พร้อมอาหาร,เก็บในอุณหภูมิห้อง,NULL
3382,1,100077,เจริญอาหาร,เช้า-กลางวัน-เย็น-ก่อนนอน,รับประทานครั้งละ 1 เม็ด,ก่อนอาหาร,เก็บในอุณหภูมิห้อง,NULL
3383,1,100078,บรรเทาอาการหวัด คัดจมูก,เช้า-กลางวัน-เย็น-ก่อนนอน,รับประทานครั้งละ ......... ช้อนชา,หลังอาหาร,เก็บในอุณหภูมิห้อง,ยานี้ทำให้ง่วงนอน
3384,1,100079,บำรุงสายตา,วันละ 1 ครั้ง ช่วงเวลาเดียวกัน,รับประทานครั้งละ 1 เม็ด,หลังอาหาร,เก็บในตู้เย็น,NULL
3385,1,100080,บำรุงร่างกาย ,วันละ 1 ครั้ง ช่วงเวลาเดียวกัน,รับประทานครั้งละ 1 เม็ด,หลังอาหาร,เก็บในตู้เย็น,NULL
3386,1,100081,บรรเทาอาการ เหน็บชา,เช้า-กลางวัน-เย็น,รับประทานครั้งละ 1 เม็ด,หลังอาหาร,เก็บในอุณหภูมิห้อง,NULL
3387,1,100082,บำรุงร่างกาย ,วันละ 1 ครั้ง ช่วงเวลาเดียวกัน,รับประทานครั้งละ 1 เม็ด,หลังอาหาร,NULL,NULL
3388,1,100083,บำรุงร่างกาย ,วันละ 1 ครั้ง ช่วงเวลาเดียวกัน,รับประทานครั้งละ 1 เม็ด,หลังอาหาร,NULL,NULL
3389,1,100084,บำรุงร่างกาย ,วันละ 1 ครั้ง ช่วงเวลาเดียวกัน,รับประทานครั้งละ 1 เม็ด,หลังอาหาร,NULL,NULL
3390,1,100085,เสริมวิตามินบี,วันละ 1 ครั้ง ช่วงเวลาเดียวกัน,รับประทานครั้งละ 1 เม็ด,ก่อนอาหาร,NULL,NULL
3391,1,100086,บำรุงร่างกาย ,วันละ 1 ครั้ง ช่วงเวลาเดียวกัน,รับประทานครั้งละ 1 เม็ด,หลังอาหาร,NULL,NULL
3392,1,100087,บำรุงโลหิต,วันละ 1 ครั้ง ช่วงเวลาเดียวกัน,รับประทานครั้งละ 1 เม็ด,หลังอาหาร,NULL,NULL
3393,1,100088,บรรเทาอาการ เหน็บชา,เช้า-กลางวัน-เย็น,รับประทานครั้งละ 1 เม็ด,หลังอาหาร,เก็บในอุณหภูมิห้อง,NULL
3394,1,100089,บำรุงโลหิต,เช้า-กลางวัน-เย็น-ก่อนนอน,รับประทานครั้งละ 1 เม็ด,พร้อมอาหาร,เก็บในอุณหภูมิห้อง,NULL
3395,1,100090,บรรเทาอาการ เหน็บชา,เช้า-กลางวัน-เย็น,รับประทานครั้งละ 1 เม็ด,หลังอาหาร,เก็บในอุณหภูมิห้อง,NULL
3396,1,100091,รักษาโรคโลหิตจาง,วันละ 1 ครั้ง ช่วงเวลาเดียวกัน,รับประทานครั้งละ 1 เม็ด,หลังอาหาร,เก็บในอุณหภูมิห้อง,NULL
3397,1,100092,รักษาโรคโลหิตจาง,วันละ 1 ครั้ง ช่วงเวลาเดียวกัน,รับประทานครั้งละ 1 เม็ด,หลังอาหาร,เก็บในอุณหภูมิห้อง,NULL
3398,1,100093,ละลายเสมหะ,วันละ 1 ครั้ง ช่วงเวลาเดียวกัน,รับประทานครั้งละ 1 ซอง,หลังอาหาร,NULL,ผสมน้ำ ครึ่งแก้ว
3399,1,100094,ละลายเสมหะ,เช้า-กลางวัน-เย็น,รับประทานครั้งละ 1 ซอง,หลังอาหาร,NULL,ผสมน้ำ ครึ่งแก้ว
3400,1,100095,ละลายเสมหะ,เช้า-กลางวัน-เย็น,รับประทานครั้งละ 1 ซอง,หลังอาหาร,NULL,ผสมน้ำ ครึ่งแก้ว
3401,1,100096,แก้ไอ ละลายเสมหะ,เช้า-กลางวัน-เย็น,รับประทานครั้งละ 1 เม็ด,หลังอาหาร,NULL,NULL
3402,1,100097,แก้ไอ ละลายเสมหะ,เช้า-กลางวัน-เย็น,รับประทานครั้งละ 1 เม็ด,หลังอาหาร,NULL,NULL
3403,1,100098,แก้ไอ ละลายเสมหะ,เช้า-กลางวัน-เย็น,รับประทานครั้งละ 1 เม็ด,หลังอาหาร,NULL,NULL
3404,1,100099,แก้ไอ ขับเสมหะ,เช้า-กลางวัน-เย็น,รับประทานครั้งละ 1 เม็ด,หลังอาหาร,NULL,NULL
3405,1,100100,แก้ไอ ขับเสมหะ,เช้า-กลางวัน-เย็น,รับประทานครั้งละ 1 เม็ด,หลังอาหาร,NULL,NULL
3406,1,100101,ลดน้ำมูก แพ้อากาศ,วันละ 1 ครั้ง ช่วงเวลาเดียวกัน,รับประทานครั้งละ 1 เม็ด,NULL,NULL,เมื่อมีอาการ
3407,1,100102,แก้แพ้ ลดน้ำมูก ผื่นคัน,วันละ 1 ครั้ง ช่วงเวลาเดียวกัน,รับประทานครั้งละ 1 เม็ด,NULL,NULL,NULL
3408,1,100103,ลดน้ำมูก  ขยายหลอดลม ไอ,วันละ 1 ครั้ง ช่วงเวลาเดียวกัน,รับประทานครั้งละ 1 เม็ด,หลังอาหาร,NULL,ดื่มน้ำตามมากๆ
3409,1,100104,ลดน้ำมูก แพ้อากาศ,วันละ 1 ครั้ง ช่วงเวลาเดียวกัน,รับประทานครั้งละ 1 เม็ด,NULL,NULL,เมื่อมีอาการ
3410,1,100105,ลดน้ำมูก แพ้อากาศ,วันละ 1 ครั้ง ช่วงเวลาเดียวกัน,รับประทานครั้งละ 1 เม็ด,NULL,NULL,เมื่อมีอาการ
3411,1,100106,ลดน้ำมูก แพ้อากาศ,วันละ 1 ครั้ง ช่วงเวลาเดียวกัน,รับประทานครั้งละ 1 เม็ด,NULL,NULL,เมื่อมีอาการ
3412,1,100107,แก้แพ้ ลดน้ำมูก ผื่นคัน,วันละ 1 ครั้ง ช่วงเวลาเดียวกัน,รับประทานครั้งละ 1 เม็ด,NULL,NULL,NULL
3413,1,100108,แก้แพ้ ลดน้ำมูก ผื่นคัน,วันละ 1 ครั้ง ช่วงเวลาเดียวกัน,รับประทานครั้งละ 1 เม็ด,NULL,NULL,NULL
3414,1,100109,บรรเทาอาการหวัด คัดจมูก,ทุก 6 ชั่วโมง,รับประทานครั้งละ 1 เม็ด,NULL,NULL,เมื่อมีอาการ
3415,1,100110,บรรเทาอาการหวัด ลดไข้,ทุก 6 ชั่วโมง,รับประทานครั้งละ 1 เม็ด,NULL,NULL,เมื่อมีอาการ
3416,1,100111,บรรเทาอาการหวัด ลดไข้,ทุก 6 ชั่วโมง,รับประทานครั้งละ 1 เม็ด,NULL,NULL,เมื่อมีอาการ
3417,1,100112,บรรเทาอาการหวัด ลดไข้,ทุก 6 ชั่วโมง,รับประทานครั้งละ 1 เม็ด,NULL,NULL,เมื่อมีอาการ
3418,1,100113,บรรเทาอาการไอ ระคายเคืองคอ,ทุกครั้งที่มีอาการ,รับประทานครั้งละ 1 เม็ด,NULL,NULL,NULL
3419,1,100114,แก้ไอ ละลายเสมหะ,เช้า-กลางวัน-เย็น,รับประทานครั้งละ 1 เม็ด,หลังอาหาร,NULL,NULL
3420,1,100115,ลดน้ำมูก แพ้อากาศ,วันละ 1 ครั้ง ช่วงเวลาเดียวกัน,รับประทานครั้งละ 1 เม็ด,NULL,NULL,เมื่อมีอาการ
3421,1,100116,ลดน้ำมูก แพ้อากาศ,วันละ 1 ครั้ง ช่วงเวลาเดียวกัน,รับประทานครั้งละ 1 เม็ด,NULL,NULL,เมื่อมีอาการ
3422,1,100117,ลดน้ำมูก แพ้อากาศ,เช้า-เย็น,รับประทานครั้งละ 1 เม็ด,หลังอาหาร,NULL,NULL
3423,1,100118,ลดน้ำมูก แพ้อากาศ,วันละ 1 ครั้ง ช่วงเวลาเดียวกัน,รับประทานครั้งละ 1 เม็ด,NULL,NULL,NULL
3424,1,100119,แก้แพ้ ลดน้ำมูก ผื่นคัน,เช้า-เย็น,รับประทานครั้งละ 1 เม็ด,หลังอาหาร,NULL,NULL
3425,1,100120,ลดน้ำมูก แพ้อากาศ,วันละ 1 ครั้ง ช่วงเวลาเดียวกัน,รับประทานครั้งละ 1 เม็ด,NULL,NULL,เมื่อมีอาการ
3426,1,100121,ลดน้ำมูก แพ้อากาศ,วันละ 1 ครั้ง ช่วงเวลาเดียวกัน,รับประทานครั้งละ 1 เม็ด,NULL,NULL,เมื่อมีอาการ
3427,1,100122,ลดน้ำมูก แพ้อากาศ,วันละ 1 ครั้ง ช่วงเวลาเดียวกัน,รับประทานครั้งละ 1 เม็ด,NULL,NULL,เมื่อมีอาการ
3428,1,100123,ลดน้ำมูก แพ้อากาศ,วันละ 1 ครั้ง ช่วงเวลาเดียวกัน,รับประทานครั้งละ 1 เม็ด,NULL,NULL,เมื่อมีอาการ
3429,1,100124,เจริญอาหาร,วันละ 1 ครั้ง ช่วงเวลาเดียวกัน,รับประทานครั้งละ 1 เม็ด,NULL,NULL,ก่อนนอน
3430,1,100125,เจริญอาหาร,เช้า-กลางวัน-เย็น-ก่อนนอน,รับประทานครั้งละ 1 เม็ด,ก่อนอาหาร,NULL,ยานี้ทำให้ง่วงนอน
3431,1,100126,แก้แพ้ผื่นคัน,ก่อนนอน,รับประทานครั้งละ 1 เม็ด,NULL,NULL,ยานี้ทำให้ง่วงนอน
3432,1,100127,แก้แพ้ผื่นคัน,ก่อนนอน,รับประทานครั้งละ 1 เม็ด,NULL,NULL,ยานี้ทำให้ง่วงนอน
3433,1,100129,ลดน้ำมูก แพ้อากาศ,เช้า-กลางวัน-เย็น-ก่อนนอน,รับประทานครั้งละ 1 เม็ด,NULL,NULL,ยานี้ทำให้ง่วงนอน
3434,1,100130,ลดน้ำมูก แพ้อากาศ,เช้า-กลางวัน-เย็น-ก่อนนอน,รับประทานครั้งละ 1 เม็ด,NULL,NULL,ยานี้ทำให้ง่วงนอน
3435,1,100131,ช่วยให้นอนหลับ,วันละ 1 ครั้ง ช่วงเวลาเดียวกัน,รับประทานครั้งละ 1 เม็ด,NULL,NULL,ก่อนนอน 30 นาที
3436,1,100132,ลดน้ำมูก แพ้อากาศ,วันละ 1 ครั้ง ช่วงเวลาเดียวกัน,รับประทานครั้งละ 1 เม็ด,NULL,NULL,เมื่อมีอาการ
3437,1,100133,ลดน้ำมูก แพ้อากาศ,วันละ 1 ครั้ง ช่วงเวลาเดียวกัน,รับประทานครั้งละ 1 เม็ด,NULL,NULL,เมื่อมีอาการ
3438,1,100134,ลดน้ำมูก แพ้อากาศ,วันละ 1 ครั้ง ช่วงเวลาเดียวกัน,รับประทานครั้งละ 1 เม็ด,NULL,NULL,เมื่อมีอาการ
3439,1,100135,บรรเทาอาการหวัด คัดจมูก,เช้า-กลางวัน-เย็น,รับประทานครั้งละ 1 เม็ด,หลังอาหาร,NULL,ยานี้ทำให้ง่วงนอน
3440,1,100136,บรรเทาอาการหวัด คัดจมูก,ก่อนนอน,รับประทานครั้งละ 1 เม็ด,หลังอาหาร,NULL,ยานี้ทำให้ง่วงนอน
3441,1,100137,บรรเทาอาการหวัด คัดจมูก,ก่อนนอน,รับประทานครั้งละ 1 เม็ด,หลังอาหาร,NULL,ยานี้ทำให้ง่วงนอน
3442,1,100138,บรรเทาอาการหวัด คัดจมูก,ก่อนนอน,รับประทานครั้งละ 1 เม็ด,หลังอาหาร,NULL,ยานี้ทำให้ง่วงนอน
3443,1,100139,บรรเทาอาการหวัด ลดไข้,เช้า-กลางวัน-เย็น-ก่อนนอน,รับประทานครั้งละ 2 เม็ด,NULL,NULL,ยานี้ทำให้ง่วงนอน
3444,1,100140,รักษาตาติดเชื้อ,เช้า-กลางวัน-เย็น-ก่อนนอน,หยอดวันละ 1-2 หยด,NULL,เก็บในอุณหภูมิห้อง,เปิดใช้แล้วมีอายุ 1 เดือน
3445,1,100141,รักษาตาติดเชื้อ,เช้า-กลางวัน-เย็น-ก่อนนอน,หยอดครั้งละ 1-2 หยด,NULL,เก็บในอุณหภูมิห้อง,เปิดใช้แล้วมีอายุ 1 เดือน
3446,1,100142,บรรเทาอาการระคายเคืองตา,เช้า-กลางวัน-เย็น-ก่อนนอน,หยอดครั้งละ 1-2 หยด,NULL,เก็บในอุณหภูมิห้อง,เปิดใช้แล้วมีอายุ 1 เดือน
3447,1,100143,บรรเทาอาการระคายเคืองตา,เช้า-กลางวัน-เย็น-ก่อนนอน,หยอดครั้งละ 1-2 หยด,NULL,เก็บในอุณหภูมิห้อง,เปิดใช้แล้วมีอายุ 1 เดือน
3448,1,100144,บรรเทาอาการระคายเคืองตา,เช้า-กลางวัน-เย็น-ก่อนนอน,หยอดครั้งละ 1-2 หยด,NULL,เก็บในอุณหภูมิห้อง,เปิดใช้แล้วมีอายุ 1 เดือน
3449,1,100145,บรรเทาอาการระคายเคืองตา,เช้า-กลางวัน-เย็น-ก่อนนอน,หยอดครั้งละ 1-2 หยด,NULL,NULL,NULL
3450,1,100146,บรรเทาอาการตาแดง,เช้า-กลางวัน-เย็น-ก่อนนอน,หยอดครั้งละ 1-2 หยด,NULL,เก็บในอุณหภูมิห้อง,เปิดใช้แล้วมีอายุ 1 เดือน
3451,1,100147,บรรเทาอาการตาแดง,เช้า-กลางวัน-เย็น-ก่อนนอน,หยอดครั้งละ 1-2 หยด,NULL,เก็บในอุณหภูมิห้อง,เปิดใช้แล้วมีอายุ 1 เดือน
3452,1,100148,บรรเทาอาการตาแดง,เช้า-กลางวัน-เย็น-ก่อนนอน,หยอดครั้งละ 1-2 หยด,NULL,เก็บในอุณหภูมิห้อง,เปิดใช้แล้วมีอายุ 1 เดือน
3453,1,100149,แก้ปวด ลดอักเสบ,เช้า-กลางวัน-เย็น-ก่อนนอน,หยอดครั้งละ 1-2 หยด,NULL,เก็บในอุณหภูมิห้อง,เปิดใช้แล้วมีอายุ 1 เดือน
3454,1,100150,แก้ปวด ลดอักเสบ,เช้า-กลางวัน-เย็น-ก่อนนอน,หยอดครั้งละ 1-2 หยด,NULL,เก็บในอุณหภูมิห้อง,เปิดใช้แล้วมีอายุ 1 เดือน
3455,1,100151,รักษาตาติดเชื้อ,เช้า-กลางวัน-เย็น-ก่อนนอน,หยอดครั้งละ 1-2 หยด,NULL,เก็บในอุณหภูมิห้อง,เปิดใช้แล้วมีอายุ 1 เดือน
3456,1,100152,ฆ่าเชื้อราที่หู,เช้า-กลางวัน-เย็น-ก่อนนอน,หยอดครั้งละ 2-3 หยด,NULL,เก็บในอุณหภูมิห้อง,เปิดใช้แล้วมีอายุ 1 เดือน
3457,1,100153,กำจัดขี้หู,เช้า-เย็น,หยอดครั้งละ 5-10 หยด,NULL,NULL,ทิ้งไว้ 15 นาที ไม่ควรใช้ติดต่อกันเกิน…4….วัน
3458,1,100154,กำจัดขี้หู,เช้า-เย็น,หยอดครั้งละ 5-10 หยด,NULL,NULL,ทิ้งไว้ 15 นาที ไม่ควรใช้ติดต่อกันเกิน…4….วัน
3459,1,100155,ฆ่าเชื้อแบคทีเรีย,เช้า-กลางวัน-เย็น-ก่อนนอน,ทาวันละ 4 ครั้ง,NULL,NULL,เปิดใช้แล้วมีอายุ 1 เดือน
3460,1,100156,ลดอักเสบ,เช้า-เย็น,ทาวันละ 2 ครั้ง,NULL,NULL,เปิดใช้แล้วมีอายุ 1 เดือน
3461,1,100157,ป้องกันความเสื่อมของเลนส์ตา ,เช้า-กลางวัน-เย็น-ก่อนนอน,หยอดครั้งละ 1-2 หยด,NULL,NULL,เปิดใช้แล้วมีอายุ 1 เดือน
3462,1,100158,บรรเทาอาการตาแดง,เช้า-กลางวัน-เย็น-ก่อนนอน,หยอดครั้งละ 1-2 หยด,NULL,NULL,เปิดใช้แล้วมีอายุ 1 เดือน
3463,1,100159,ลดความดันในตา,เช้า-กลางวัน-เย็น-ก่อนนอน,หยอดครั้งละ 1-2 หยด,NULL,NULL,เปิดใช้แล้วมีอายุ 1 เดือน
3464,1,100160,ลดความดันในตา,เช้า-กลางวัน-เย็น-ก่อนนอน,หยอดครั้งละ 1-2 หยด,NULL,NULL,เปิดใช้แล้วมีอายุ 1 เดือน
3465,1,100161,ลดความดันในตา,เช้า-กลางวัน-เย็น-ก่อนนอน,หยอดครั้งละ 1-2 หยด,NULL,NULL,เปิดใช้แล้วมีอายุ 1 เดือน
3466,1,100162,ต้อกระจก,เช้า-กลางวัน-เย็น-ก่อนนอน,หยอดครั้งละ 1-2 หยด,NULL,NULL,เปิดใช้แล้วมีอายุ 1 เดือน
3467,1,100163,บรรเทาอาการตาแห้ง,NULL,ทาวันละ 2 ครั้ง,NULL,NULL,เปิดใช้แล้วมีอายุ 1 เดือน
3468,1,100164,บรรเทาอาการระคายเคืองตา,เช้า-กลางวัน-เย็น-ก่อนนอน,หยอดครั้งละ 1-2 หยด,NULL,NULL,เปิดใช้แล้วมีอายุ 1 เดือน
3469,1,100165,บรรเทาอาการตาแห้ง,ทุกครั้งที่มีอาการ,หยอดครั้งละ 1-2 หยด,NULL,NULL,เปิดใช้แล้วมีอายุ 1 เดือน
3470,1,100166,บรรเทาอาการตาแห้ง,ทุกครั้งที่มีอาการ,หยอดครั้งละ 1-2 หยด,NULL,NULL,เปิดใช้แล้วมีอายุ 1 เดือน
3471,1,100167,บรรเทาอาการตาแห้ง,ทุกครั้งที่มีอาการ,หยอดครั้งละ 1-2 หยด,NULL,NULL,เปิดใช้แล้วมีอายุ 1 เดือน
3472,1,100168,บรรเทาอาการตาแห้ง,ทุกครั้งที่มีอาการ,หยอดครั้งละ 1-2 หยด,NULL,NULL,เปิดใช้แล้วมีอายุ 1 เดือน
3473,1,100169,บรรเทาอาการตาแห้ง,ทุกครั้งที่มีอาการ,หยอดครั้งละ 1-2 หยด,NULL,NULL,เปิดใช้แล้วมีอายุ 1 เดือน
3474,1,100170,รักษาตาติดเชื้อ,เช้า-กลางวัน-เย็น-ก่อนนอน,หยอดครั้งละ 1-2 หยด,NULL,NULL,เปิดใช้แล้วมีอายุ 1 เดือน
3475,1,100171,ล้างตา,เช้า-เย็น,NULL,NULL,NULL,เปิดใช้แล้วมีอายุ 1 เดือน
3476,1,100172,ล้างตา,เช้า-เย็น,NULL,NULL,NULL,เปิดใช้แล้วมีอายุ 1 เดือน
3477,1,100173,ล้างตา,เช้า-เย็น,NULL,NULL,NULL,เปิดใช้แล้วมีอายุ 1 เดือน
3478,1,100175,บรรเทาอาการตาแห้ง,ทุกครั้งที่มีอาการ,หยอดครั้งละ 1-2 หยด,NULL,NULL,สำหรับใช้รายวัน
3479,1,100176,บรรเทาอาการตาแห้ง,ทุกครั้งที่มีอาการ,หยอดครั้งละ 1-2 หยด,NULL,NULL,สำหรับใช้รายวัน
3480,1,100177,บรรเทาอาการตาแห้ง,ทุกครั้งที่มีอาการ,หยอดครั้งละ 1-2 หยด,NULL,NULL,สำหรับใช้รายวัน
3481,1,100178,บรรเทาอาการตาแห้ง,ทุกครั้งที่มีอาการ,หยอดครั้งละ 1-2 หยด,NULL,NULL,สำหรับใช้รายวัน
3482,1,100179,บรรเทาอาการตาแห้ง,ทุกครั้งที่มีอาการ,หยอดครั้งละ 1-2 หยด,NULL,NULL,สำหรับใช้รายวัน
3483,1,100180,รักษาสิว,วันละ 1 ครั้ง ช่วงเวลาเดียวกัน,ทาวันละ 1 ครั้ง,NULL,NULL,ก่อนนอน ยาไวต่อแสง ใช้ครีมกันแดดร่วมด้วย
3484,1,100181,รักษาสิว,วันละ 1 ครั้ง ช่วงเวลาเดียวกัน,ทาวันละ 1 ครั้ง,NULL,NULL,ก่อนนอน ยาไวต่อแสง ใช้ครีมกันแดดร่วมด้วย
3485,1,100182,รักษาสิว,เช้า-เย็น,ทาวันละ 2 ครั้ง,NULL,NULL,NULL
3486,1,100183,รักษาสิว,เช้า-เย็น,ทาวันละ 2 ครั้ง,NULL,NULL,ใช้ทาก่อนล้างหน้า 2 ครั้งต่อวัน (เช้า-เย็น) โดยให้ทา  ทิ้งไว้ 5 – 30 นาที แล้วล้างออก
3487,1,100184,รักษาสิว,เช้า-เย็น,ทาวันละ 2 ครั้ง,NULL,NULL,NULL
3488,1,100185,รักษาสิว,เช้า-เย็น,ทาวันละ 2 ครั้ง,NULL,NULL,NULL
3489,1,100186,รักษาสิว,เช้า-เย็น,ทาวันละ 2 ครั้ง,NULL,NULL,ใช้ทาก่อนล้างหน้า 2 ครั้งต่อวัน (เช้า-เย็น) โดยให้ทา  ทิ้งไว้ 5 – 30 นาที แล้วล้างออก
3490,1,100187,รักษาสิว,เช้า-เย็น,ทาวันละ 2 ครั้ง,NULL,NULL,NULL
3491,1,100188,ฆ่าเชื้อแบคทีเรีย,เช้า-เย็น,ทาวันละ 2 ครั้ง,NULL,NULL,NULL
3492,1,100189,ฆ่าเชื้อแบคทีเรีย,เช้า-เย็น,ทาวันละ 2 ครั้ง,NULL,NULL,NULL
3493,1,100190,ฆ่าเชื้อแบคทีเรีย,เช้า-เย็น,ทาวันละ 2 ครั้ง,NULL,NULL,แต้มที่สิวหลังล้างหน้า  ก่อนทาครีมบำรุงตัวอื่นๆ
3494,1,100191,รักษาสิว,เช้า-เย็น,ทาวันละ 2 ครั้ง,NULL,NULL,NULL
3495,1,100192,รักษาสิว,เช้า-เย็น,ทาวันละ 2 ครั้ง,NULL,NULL,แนะนำใช่ร่วมกับครีมกันแดด
3496,1,100193,ฆ่าเชื้อแบคทีเรีย,เช้า-เย็น,ทาวันละ 2 ครั้ง,NULL,NULL,NULL
3497,1,100194,ช่วยให้ปากสะอาด,เช้า-เย็น,NULL,NULL,NULL,บ้วน เป็นประจำ
3498,1,100195,ช่วยให้ปากสะอาด,เช้า-เย็น,NULL,NULL,NULL,บ้วน เป็นประจำ
3499,1,100196,ที่ตรวจการตั้งครรภ์,NULL,NULL,NULL,NULL,NULL
3500,1,100197,ที่ตรวจการตั้งครรภ์,NULL,NULL,NULL,NULL,NULL
3501,1,100199,บำรุงโลหิต,เช้า-เย็น,รับประทานครั้งละ 1-2 เม็ด,หลังอาหาร,NULL,NULL
3502,1,100200,บำรุงโลหิต,เช้า-เย็น,รับประทานครั้งละ 1-2 เม็ด,หลังอาหาร,NULL,NULL
3503,1,100201,บำรุงโลหิต,เช้า-เย็น,รับประทานครั้งละ 2 เม็ด,หลังอาหาร,NULL,NULL
3504,1,100202,บำรุงโลหิต,เช้า-เย็น,รับประทานครั้งละ 1-2 เม็ด,หลังอาหาร,NULL,NULL
3505,1,100203,บำรุงโลหิต,เช้า-เย็น,รับประทานครั้งละ 2 เม็ด,หลังอาหาร,NULL,NULL
3506,1,100204,บำรุงโลหิต,เช้า-เย็น,รับประทานครั้งละ 2 เม็ด,หลังอาหาร,NULL,NULL
3507,1,100205,รักษารอยแผลเป็น,เช้า-เย็น,ทาวันละ 2 ครั้ง,NULL,NULL,NULL
3508,1,100206,รักษารอยแผลเป็น,เช้า-เย็น,ทาวันละ 2 ครั้ง,NULL,NULL,NULL
3509,1,100207,รักษารอยแผลเป็น,เช้า-เย็น,ทาวันละ 2 ครั้ง,NULL,NULL,NULL
3510,1,100208,รักษารอยแผลเป็น,เช้า-เย็น,ทาวันละ 2 ครั้ง,NULL,NULL,NULL
3511,1,100209,รักษารอยแผลเป็น,เช้า-เย็น,ทาวันละ 2 ครั้ง,NULL,NULL,NULL
3512,1,100210,บำรุงโลหิต,เช้า-เย็น,รับประทานครั้งละ 1-2 เม็ด,ก่อนอาหาร,NULL,NULL
3513,1,100211,รักษารอยแผลเป็น,เช้า-เย็น,ทาวันละ 2 ครั้ง,NULL,NULL,NULL
3514,1,100212,รักษารอยแผลเป็น,เช้า-เย็น,ทาวันละ 2 ครั้ง,NULL,NULL,NULL
3515,1,100213,รักษารอยแผลเป็น,เช้า-เย็น,ทาวันละ 2 ครั้ง,NULL,NULL,NULL
3516,1,100214,รักษารอยแผลเป็น,เช้า-เย็น,ทาวันละ 2 ครั้ง,NULL,NULL,NULL
3517,1,100215,รักษารอยแผลเป็น,เช้า-เย็น,ทาวันละ 2 ครั้ง,NULL,NULL,NULL
3518,1,100216,รักษาเริม,ทุก 4 ชั่วโมง,ทาวันละ 5 ครั้ง,NULL,NULL,NULL
3519,1,100217,ฆ่าเชื้อแบคทีเรีย,เช้า-เย็น,รับประทานครั้งละ 1 เม็ด,หลังอาหาร,NULL,รับประทานยาติดต่อกันจนยาหมด เพื่อป้องกันการดื้อยา
3520,1,100218,ฆ่าเชื้อแบคทีเรีย,เช้า-เย็น,รับประทานครั้งละ 1 เม็ด,หลังอาหาร,NULL,รับประทานยาติดต่อกันจนยาหมด เพื่อป้องกันการดื้อยา
3521,1,100219,ฆ่าเชื้อแบคทีเรีย,เช้า-เย็น,รับประทานครั้งละ 1 เม็ด,หลังอาหาร,NULL,รับประทานยาติดต่อกันจนยาหมด เพื่อป้องกันการดื้อยา
3522,1,100220,ฆ่าเชื้อแบคทีเรีย,เช้า-เย็น,รับประทานครั้งละ 1 เม็ด,หลังอาหาร,NULL,รับประทานยาติดต่อกันจนยาหมด เพื่อป้องกันการดื้อยา
3523,1,100221,ยาถ่ายพยาธิ,วันละ 1 ครั้ง ช่วงเวลาเดียวกัน,รับประทานครั้งละ 1 เม็ด,หลังอาหาร,NULL,NULL
3524,1,100222,หูชั้นกลางอักเสบ,เช้า-เย็น,รับประทานครั้งละ 1 เม็ด,หลังอาหาร,NULL,รับประทานยาติดต่อกันจนยาหมด เพื่อป้องกันการดื้อยา
3525,1,100223,ฆ่าเชื้อแบคทีเรีย,เช้า-เย็น,รับประทานครั้งละ 1 เม็ด,หลังอาหาร,NULL,รับประทานยาติดต่อกันจนยาหมด เพื่อป้องกันการดื้อยา
3526,1,100224,ฆ่าเชื้อแบคทีเรีย,เช้า-เย็น,รับประทานครั้งละ 1 เม็ด,หลังอาหาร,NULL,รับประทานยาติดต่อกันจนยาหมด เพื่อป้องกันการดื้อยา
3527,1,100225,ฆ่าเชื้อในทางเดินหายใจ,เช้า-กลางวัน-เย็น,รับประทานครั้งละ 1 เม็ด,หลังอาหาร,NULL,รับประทานยาติดต่อกันจนยาหมด เพื่อป้องกันการดื้อยา
3528,1,100226,ฆ่าเชื้อในทางเดินหายใจ,เช้า-เย็น,รับประทานครั้งละ 1 เม็ด,หลังอาหาร,NULL,รับประทานยาติดต่อกันจนยาหมด เพื่อป้องกันการดื้อยา
3529,1,100227,รักษาหนองใน,วันละ 1 ครั้ง ช่วงเวลาเดียวกัน,รับประทานครั้งละ 4 เม็ด,NULL,NULL,ครั้งเดียว
3530,1,100228,รักษาหนองใน,วันละ 1 ครั้ง ช่วงเวลาเดียวกัน,รับประทานครั้งละ 4 เม็ด,NULL,NULL,ครั้งเดียว
3531,1,100229,ฆ่าเชื้อในทางเดินหายใจ,วันละ 1 ครั้ง ช่วงเวลาเดียวกัน,รับประทานครั้งละ 1 เม็ด,ก่อนอาหาร,NULL,รับประทานยาติดต่อกันจนยาหมด เพื่อป้องกันการดื้อยา
3532,1,100230,ฆ่าเชื้อในทางเดินหายใจ,เช้า-เย็น,รับประทานครั้งละ 1 เม็ด,ก่อนอาหาร,NULL,รับประทานยาติดต่อกันจนยาหมด เพื่อป้องกันการดื้อยา
3533,1,100231,ฆ่าเชื้อในทางเดินหายใจ,เช้า-เย็น,รับประทานครั้งละ 1 เม็ด,ก่อนอาหาร,NULL,รับประทานยาติดต่อกันจนยาหมด เพื่อป้องกันการดื้อยา
3534,1,100232,ฆ่าเชื้อในทางเดินหายใจ,เช้า-เย็น,รับประทานครั้งละ 1 เม็ด,ก่อนอาหาร,NULL,รับประทานยาติดต่อกันจนยาหมด เพื่อป้องกันการดื้อยา
3535,1,100233,ฆ่าเชื้อในทางเดินหายใจ,วันละ 1 ครั้ง ช่วงเวลาเดียวกัน,รับประทานครั้งละ 1 เม็ด,ก่อนอาหาร,NULL,รับประทานยาติดต่อกันจนยาหมด เพื่อป้องกันการดื้อยา
3536,1,100234,ฆ่าเชื้อในทางเดินหายใจ,วันละ 1 ครั้ง ช่วงเวลาเดียวกัน,รับประทานครั้งละ 1 เม็ด,ก่อนอาหาร,NULL,รับประทานยาติดต่อกันจนยาหมด เพื่อป้องกันการดื้อยา
3537,1,100235,ฆ่าเชื้อแบคทีเรีย,เช้า-กลางวัน-เย็น-ก่อนนอน,รับประทานครั้งละ 1 เม็ด,หลังอาหาร,NULL,รับประทานยาติดต่อกันจนยาหมด เพื่อป้องกันการดื้อยา
3538,1,100236,ฆ่าเชื้อแบคทีเรีย,เช้า-กลางวัน-เย็น,รับประทานครั้งละ 1 เม็ด,หลังอาหาร,NULL,รับประทานยาติดต่อกันจนยาหมด เพื่อป้องกันการดื้อยา
3539,1,100237,รักษาไซนัสอักเสบ,วันละ 1 ครั้ง ช่วงเวลาเดียวกัน,รับประทานครั้งละ 1 เม็ด,NULL,NULL,ติดต่อกัน 10-14 วัน รับประทานยาติดต่อกันจนยาหมด เพื่อป้องกันการดื้อยา
3540,1,100238,ฆ่าเชื้อทางเดินปัสสาวะ,วันละ 1 ครั้ง ช่วงเวลาเดียวกัน,รับประทานครั้งละ 1 เม็ด,NULL,NULL,ติดต่อกัน 10 วัน รับประทานยาติดต่อกันจนยาหมด เพื่อป้องกันการดื้อยา
3541,1,100239,รักษาไซนัสอักเสบ,วันละ 1 ครั้ง ช่วงเวลาเดียวกัน,รับประทานครั้งละ 1 เม็ด,NULL,NULL,ติดต่อ 10 วัน รับประทานยาติดต่อกันจนยาหมด เพื่อป้องกันการดื้อยา
3542,1,100240,ฆ่าเชื้อทางเดินปัสสาวะ,เช้า-เย็น,รับประทานครั้งละ 1 เม็ด,หลังอาหาร,NULL,รับประทานยาติดต่อกันจนยาหมด เพื่อป้องกันการดื้อยา
3543,1,100241,ฆ่าเชื้อทางเดินปัสสาวะ,เช้า-เย็น,รับประทานครั้งละ 1 เม็ด,ก่อนอาหาร,NULL,รับประทานยาติดต่อกันจนยาหมด เพื่อป้องกันการดื้อยา
3544,1,100242,ฆ่าเชื้อทางเดินปัสสาวะ,เช้า-เย็น,รับประทานครั้งละ 1 เม็ด,ก่อนอาหาร,NULL,รับประทานยาติดต่อกันจนยาหมด เพื่อป้องกันการดื้อยา
3545,1,100243,ฆ่าเชื้อในทางเดินอาหาร,เช้า-เย็น,รับประทานครั้งละ 1 เม็ด,ก่อนอาหาร,NULL,รับประทานยาติดต่อกันจนยาหมด เพื่อป้องกันการดื้อยา
3546,1,100244,รักษาหนองใน,เช้า-เย็น,รับประทานครั้งละ 1 เม็ด,หลังอาหาร,NULL,ติดต่อกัน 7-10 วัน รับประทานยาติดต่อกันจนยาหมด เพื่อป้องกันการดื้อยา
3547,1,100245,ฆ่าเชื้อแบคทีเรีย,เช้า-กลางวัน-เย็น-ก่อนนอน,รับประทานครั้งละ 1 เม็ด,หลังอาหาร,NULL,รับประทานยาติดต่อกันจนยาหมด เพื่อป้องกันการดื้อยา
3548,1,100246,ฆ่าเชื้อรา,วันละ 1 ครั้ง ช่วงเวลาเดียวกัน,รับประทานครั้งละ 1 เม็ด,หลังอาหาร,NULL,รับประทานยาติดต่อกันจนยาหมด เพื่อป้องกันการดื้อยา
3549,1,100247,ฆ่าเชื้อแบคทีเรีย,เช้า-กลางวัน-เย็น,รับประทานครั้งละ 1 เม็ด,ก่อนอาหาร,NULL,รับประทานยาติดต่อกันจนยาหมด เพื่อป้องกันการดื้อยา
3550,1,100248,ฆ่าเชื้อในทางเดินหายใจ,เช้า-เย็น,รับประทานครั้งละ 2 เม็ด,หลังอาหาร,NULL,รับประทานยาติดต่อกันจนยาหมด เพื่อป้องกันการดื้อยา
3551,1,100249,ฆ่าเชื้อที่ผิวหนัง,เช้า-กลางวัน-เย็น-ก่อนนอน,รับประทานครั้งละ 1 เม็ด,ก่อนอาหาร,NULL,รับประทานยาติดต่อกันจนยาหมด เพื่อป้องกันการดื้อยา
3552,1,100250,ฆ่าเชื้อแบคทีเรีย,เช้า-กลางวัน-เย็น,รับประทานครั้งละ 1 เม็ด,ก่อนอาหาร,NULL,รับประทานยาติดต่อกันจนยาหมด เพื่อป้องกันการดื้อยา
3553,1,100251,ฆ่าเชื้อที่ผิวหนัง,เช้า-กลางวัน-เย็น-ก่อนนอน,รับประทานครั้งละ 1 เม็ด,ก่อนอาหาร,NULL,รับประทานยาติดต่อกันจนยาหมด เพื่อป้องกันการดื้อยา
3554,1,100252,รักษาช่องคลอดติดเชื้อ,เช้า-เย็น,รับประทานครั้งละ 2 เม็ด,หลังอาหาร,NULL,ติดต่อ 5 วัน รับประทานยาติดต่อกันจนยาหมด เพื่อป้องกันการดื้อยา
3555,1,100253,ฆ่าเชื้อที่ผิวหนัง,เช้า-เย็น,รับประทานครั้งละ 1 เม็ด,หลังอาหาร,NULL,รับประทานยาติดต่อกันจนยาหมด เพื่อป้องกันการดื้อยา
3556,1,100254,ฆ่าเชื้อรา,วันละ 1 ครั้ง ช่วงเวลาเดียวกัน,รับประทานครั้งละ 2 เม็ด,หลังอาหาร,NULL,วันแรก จากนั้น รับประทาน 1 เม็ดต่อเนื่อง
3557,1,100255,ฆ่าเชื้อรา,วันละ 1 ครั้ง ช่วงเวลาเดียวกัน,รับประทานครั้งละ 1 เม็ด,ก่อนอาหาร,NULL,รับประทานยาติดต่อกันจนยาหมด เพื่อป้องกันการดื้อยา
3558,1,100256,ฆ่าเชื้อรา,NULL,รับประทานครั้งละ 1 เม็ด,NULL,NULL,ครั้งเดียว ก่อนนอน
3559,1,100257,รักษาเริม,NULL,ทาวันละ 5 ครั้ง,NULL,NULL,NULL
3560,1,100258,รักษาเริม,NULL,ทาวันละ 5 ครั้ง,NULL,NULL,NULL
3561,1,100259,รักษาเริม,ทุก 4 ชั่วโมง,รับประทานครั้งละ 1 เม็ด,NULL,NULL,วันละ 5 ครั้ง ติดต่อ 10 วัน
3562,1,100260,รักษางูสวัด,ทุก 4 ชั่วโมง,รับประทานครั้งละ 1 เม็ด,NULL,NULL,"เวลา 06.00, 10.00, 14.00, 18.00, 22.00 น. ติดต่อกัน 7 วัน"
3563,1,100261,รักษาเริม,เช้า-กลางวัน-เย็น,รับประทานครั้งละ 1 เม็ด,หลังอาหาร,NULL,ติดต่อกัน 10 วัน
3564,1,100262,รักษางูสวัด,ทุก 4 ชั่วโมง,รับประทานครั้งละ 1 เม็ด,หลังอาหาร,NULL,วันละ 5 ครั้ง ติดต่อกัน 10 วัน
3565,1,100263,รักษาเริม,ทุก 4 ชั่วโมง,รับประทานครั้งละ 1 เม็ด,หลังอาหาร,NULL,วันละ 5 ครั้ง ติดต่อกัน 10 วัน
3566,1,100264,รักษาเริม,เช้า-กลางวัน-เย็น,รับประทานครั้งละ 1 เม็ด,หลังอาหาร,NULL,ติดต่อกัน 10 วัน
3567,1,100265,รักษางูสวัด,ทุก 4 ชั่วโมง,รับประทานครั้งละ 1 เม็ด,หลังอาหาร,NULL,วันละ 5 ครั้ง ติดต่อกัน 10 วัน
3568,1,100266,ลดอาการอักเสบที่ผิวหนัง,เช้า-เย็น,ทาวันละ 2 ครั้ง,NULL,NULL,NULL
3569,1,100267,ลดอาการอักเสบที่ผิวหนัง,เช้า-เย็น,ทาวันละ 2 ครั้ง,NULL,NULL,NULL
3570,1,100268,ลดอาการอักเสบที่ผิวหนัง,เช้า-เย็น,ทาวันละ 2 ครั้ง,NULL,NULL,NULL
3571,1,100269,ลดอาการอักเสบที่ผิวหนัง,เช้า-กลางวัน-เย็น,ทาวันละ 2-3 ครั้ง,NULL,NULL,NULL
3572,1,100270,ลดอาการอักเสบที่ผิวหนัง,เช้า-เย็น,ทาวันละ 2 ครั้ง,NULL,NULL,NULL
3573,1,100271,ลดอาการอักเสบที่ผิวหนัง,เช้า-เย็น,ทาวันละ 2 ครั้ง,NULL,NULL,NULL
3574,1,100272,ลดอาการอักเสบที่ผิวหนัง,เช้า-เย็น,ทาวันละ 2 ครั้ง,NULL,NULL,NULL
3575,1,100273,ลดอาการอักเสบที่ผิวหนัง,เช้า-เย็น,ทาวันละ 2 ครั้ง,NULL,NULL,NULL
3576,1,100274,ลดอาการอักเสบที่ผิวหนัง,เช้า-เย็น,ทาวันละ 2 ครั้ง,NULL,NULL,NULL
3577,1,100275,ลดอาการคันที่ผิวหนัง,เช้า-เย็น,ทาวันละ 2 ครั้ง,NULL,NULL,NULL
3578,1,100276,ลดอาการคันที่ผิวหนัง,เช้า-เย็น,ทาวันละ 2 ครั้ง,NULL,NULL,NULL
3579,1,100277,ลดอาการอักเสบจากการแพ้,เช้า-เย็น,ทาวันละ 2 ครั้ง,NULL,NULL,ไม่ควรใช้ติดต่อกันเกิน…5….วัน
3580,1,100278,ลดอาการอักเสบจากการแพ้,เช้า-เย็น,ทาวันละ 2 ครั้ง,NULL,NULL,ไม่ควรใช้ติดต่อกันเกิน…5….วัน
3581,1,100279,ลดอาการอักเสบจากการแพ้,เช้า-เย็น,ทาวันละ 2 ครั้ง,NULL,NULL,ไม่ควรใช้ติดต่อกันเกิน…5….วัน
3582,1,100280,ลดอาการอักเสบจากการแพ้,เช้า-เย็น,ทาวันละ 2 ครั้ง,NULL,NULL,ไม่ควรใช้ติดต่อกันเกิน…5….วัน
3583,1,100281,รักษาผิวหนังอักเสบ นูนแข็ง,เช้า-เย็น,ทาวันละ 2 ครั้ง,NULL,NULL,NULL
3584,1,100282,ลดอาการอักเสบที่ผิวหนัง,เช้า-เย็น,ทาวันละ 2 ครั้ง,NULL,NULL,ไม่ควรใช้ติดต่อกันเกิน…5….วัน
3585,1,100283,แก้แพ้ผื่นคัน,เช้า-กลางวัน-เย็น,ทาวันละ 3 ครั้ง,NULL,NULL,NULL
3586,1,100284,ลดอาการอักเสบที่ผิวหนัง,เช้า-เย็น,ทาวันละ 2 ครั้ง,NULL,NULL,ไม่ควรใช้ติดต่อกันเกิน…5….วัน
3587,1,100285,ลดอาการอักเสบที่ผิวหนัง,เช้า-เย็น,ทาวันละ 2 ครั้ง,NULL,NULL,ไม่ควรใช้ติดต่อกันเกิน…5….วัน
3588,1,100286,ลดอาการอักเสบที่ผิวหนัง,เช้า-เย็น,ทาวันละ 2 ครั้ง,NULL,NULL,ไม่ควรใช้ติดต่อกันเกิน…5….วัน
3589,1,100287,ลดอาการอักเสบที่ผิวหนัง,เช้า-เย็น,ทาวันละ 2 ครั้ง,NULL,NULL,ไม่ควรใช้ติดต่อกันเกิน…5….วัน
3590,1,100288,แก้แพ้ผื่นคัน,เช้า-กลางวัน-เย็น,ทาวันละ 3 ครั้ง,NULL,NULL,NULL
3591,1,100289,แก้แพ้ผื่นคัน,เช้า-กลางวัน-เย็น,ทาวันละ 3 ครั้ง,NULL,NULL,NULL
3592,1,100290,รักษาอาการคันจากเชื้อรา,เช้า-กลางวัน-เย็น,ทาวันละ 3 ครั้ง,NULL,NULL,NULL
3593,1,100291,รักษาอาการคันจากเชื้อรา,เช้า-เย็น,ทาวันละ 2 ครั้ง,NULL,NULL,NULL
3594,1,100293,รักษาอาการคันจากเชื้อรา,เช้า-เย็น,ทาวันละ 2 ครั้ง,NULL,NULL,NULL
3595,1,100294,รักษาอาการคันจากเชื้อรา,เช้า-เย็น,ทาวันละ 2 ครั้ง,NULL,NULL,NULL
3596,1,100295,รักษาอาการคันจากเชื้อรา,เช้า-เย็น,ทาวันละ 2 ครั้ง,NULL,NULL,NULL
3597,1,100296,รักษาอาการคันจากเชื้อรา,เช้า-เย็น,ทาวันละ 2 ครั้ง,NULL,NULL,NULL
3598,1,100297,รักษาผิวหนังอักเสบและเชื้อแบคทีเรีย,เช้า-เย็น,ทาวันละ 2 ครั้ง,NULL,NULL,NULL
3599,1,100298,รักษาผิวหนังอักเสบและเชื้อแบคทีเรีย,เช้า-เย็น,ทาวันละ 2 ครั้ง,NULL,NULL,NULL
3600,1,100299,รักษาผิวหนังอักเสบและเชื้อแบคทีเรีย,เช้า-เย็น,ทาวันละ 2 ครั้ง,NULL,NULL,NULL
3601,1,100300,รักษาผิวหนังอักเสบและเชื้อแบคทีเรีย,เช้า-เย็น,ทาวันละ 2 ครั้ง,NULL,NULL,NULL
3602,1,100301,รักษาผิวหนังอักเสบและเชื้อรา,เช้า-เย็น,ทาวันละ 2 ครั้ง,NULL,NULL,NULL
3603,1,100302,รักษาอาการคันจากเชื้อรา,เช้า-เย็น,ทาวันละ 2 ครั้ง,NULL,NULL,NULL
3604,1,100303,รักษาผิวหนังอักเสบและเชื้อแบคทีเรีย,เช้า-เย็น,ทาวันละ 2 ครั้ง,NULL,NULL,NULL
3605,1,100304,รักษาผิวหนังอักเสบและเชื้อแบคทีเรีย,เช้า-เย็น,ทาวันละ 2 ครั้ง,NULL,NULL,NULL
3606,1,100305,ฆ่าเชื้อรา,เช้า-เย็น,ทาวันละ 2 ครั้ง,NULL,NULL,NULL
3607,1,100306,รักษาผิวหนังอักเสบและเชื้อรา,เช้า-เย็น,ทาวันละ 2 ครั้ง,NULL,NULL,NULL
3608,1,100307,รักษาผิวหนังอักเสบและเชื้อรา,เช้า-เย็น,ทาวันละ 2 ครั้ง,NULL,NULL,NULL
3609,1,100308,รักษาอาการคันจากเชื้อรา,เช้า-เย็น,ทาวันละ 2 ครั้ง,NULL,NULL,NULL
3610,1,100309,รักษาอาการคันจากเชื้อรา,เช้า-เย็น,ทาวันละ 2 ครั้ง,NULL,NULL,NULL
3611,1,100310,รักษาผิวหนังอักเสบและเชื้อรา,เช้า-เย็น,ทาวันละ 2 ครั้ง,NULL,NULL,NULL
3612,1,100311,รักษาผิวหนังอักเสบและเชื้อรา,เช้า-เย็น,ทาวันละ 2 ครั้ง,NULL,NULL,NULL
3613,1,100312,รักษาอาการคันจากเชื้อราและแบคทีเรีย,เช้า-เย็น,ทาวันละ 2 ครั้ง,NULL,NULL,NULL
3614,1,100313,รักษาอาการคันจากเชื้อราและแบคทีเรีย,เช้า-เย็น,ทาวันละ 2 ครั้ง,NULL,เก็บในอุณหภูมิห้อง,NULL
3615,1,100314,รักษาอาการคันจากเชื้อราและแบคทีเรีย,เช้า-เย็น,ทาวันละ 2 ครั้ง,NULL,NULL,NULL
3616,1,100315,รักษาอาการคันจากเชื้อราและแบคทีเรีย,เช้า-เย็น,ทาวันละ 2 ครั้ง,NULL,NULL,NULL
3617,1,100316,รักษาอาการคันจากเชื้อราและแบคทีเรีย,เช้า-เย็น,ทาวันละ 2 ครั้ง,NULL,NULL,NULL
3618,1,100317,รักษาอาการคันจากเชื้อราและแบคทีเรีย,เช้า-กลางวัน-เย็น,ทาวันละ 3 ครั้ง,NULL,NULL,NULL
3619,1,100318,รักษาอาการคันจากเชื้อราและแบคทีเรีย,เช้า-เย็น,ทาวันละ 2 ครั้ง,NULL,NULL,NULL
3620,1,100319,รักษาอาการคันจากเชื้อราและแบคทีเรีย,เช้า-เย็น,ทาวันละ 2 ครั้ง,NULL,NULL,NULL
3621,1,100320,ฆ่าเชื้อรา,เช้า-เย็น,ทาวันละ 2 ครั้ง,NULL,NULL,NULL
3622,1,100321,ฆ่าเชื้อรา,เช้า-เย็น,ทาวันละ 2 ครั้ง,NULL,NULL,NULL
3623,1,100322,ฆ่าเชื้อรา,เช้า-เย็น,ทาวันละ 2 ครั้ง,NULL,NULL,NULL
3624,1,100323,ฆ่าเชื้อรา,เช้า-เย็น,ทาวันละ 2 ครั้ง,NULL,NULL,NULL
3625,1,100324,รักษาแผลไฟไหม้ น้ำร้อนลวก,เช้า-กลางวัน-เย็น,ทาวันละ 3 ครั้ง,NULL,NULL,NULL
3626,1,100325,รักษาแผลไฟไหม้ น้ำร้อนลวก,เช้า-กลางวัน-เย็น,ทาวันละ 3 ครั้ง,NULL,NULL,NULL
3627,1,100326,รักษาผิวหนังอักเสบ นูนแข็ง,เช้า-เย็น,ทาวันละ 2 ครั้ง,NULL,NULL,ไม่ควรใช้ติดต่อกันเกิน…5….วัน
3628,1,100327,รักษาผิวหนังอักเสบ นูนแข็ง,เช้า-เย็น,ทาวันละ 2 ครั้ง,NULL,NULL,ไม่ควรใช้ติดต่อกันเกิน…5….วัน
3629,1,100328,รักษาผิวหนังอักเสบ นูนแข็ง,เช้า-เย็น,ทาวันละ 2 ครั้ง,NULL,NULL,ไม่ควรใช้ติดต่อกันเกิน…5….วัน
3630,1,100329,รักษาอาการคันจากเชื้อรา,เช้า-กลางวัน-เย็น,ทาวันละ 3 ครั้ง,NULL,NULL,NULL
3631,1,100330,ฆ่าเชื้อรา,เช้า-เย็น,NULL,NULL,NULL,กลั้วในช่องปาก
3632,1,100331,ลดอาการอักเสบที่ผิวหนัง,เช้า-เย็น,ทาวันละ 2 ครั้ง,NULL,NULL,ไม่ควรใช้ติดต่อกันเกิน…5….วัน
3633,1,100332,ฆ่าเชื้อรา,เช้า-เย็น,ทาวันละ 2 ครั้ง,NULL,NULL,NULL
3634,1,100333,รักษาอาการคันจากเชื้อรา,เช้า-กลางวัน-เย็น-ก่อนนอน,ทาวันละ 4 ครั้ง,NULL,NULL,ใช้ติดต่อกัน 4-6 สัปดาห์
3635,1,100334,รักษาอาการคันจากเชื้อรา,เช้า-กลางวัน-เย็น-ก่อนนอน,ทาวันละ 4 ครั้ง,NULL,NULL,ใช้ติดต่อกัน 4-6 สัปดาห์
3636,1,100335,ลดอาการคันที่ผิวหนัง,เช้า-เย็น,ทาวันละ 2 ครั้ง,NULL,NULL,NULL
3637,1,100336,รักษาอาการคันจากเชื้อรา,เช้า-เย็น,ทาวันละ 2 ครั้ง,NULL,NULL,NULL
3638,1,100337,รักษาอาการคันจากเชื้อรา,เช้า-เย็น,ทาวันละ 2 ครั้ง,NULL,NULL,NULL
3639,1,100338,รักษาอาการคันจากเชื้อราและผิวหนังแข็ง,เช้า-เย็น,ทาวันละ 2 ครั้ง,NULL,NULL,NULL
3640,1,100339,รักษาอาการคันจากเชื้อรา,เช้า-เย็น,ทาวันละ 2 ครั้ง,NULL,NULL,NULL
3641,1,100340,ฆ่าเชื้อรา,วันละ 1 ครั้ง ช่วงเวลาเดียวกัน,ทาวันละ 1 ครั้ง,NULL,NULL,NULL
3642,1,100341,ฆ่าเชื้อรา,เช้า-เย็น,ทาวันละ 2 ครั้ง,NULL,NULL,NULL
3643,1,100342,ฆ่าเชื้อรา,เช้า-เย็น,ทาวันละ 2 ครั้ง,NULL,NULL,NULL
3644,1,100343,ฆ่าเชื้อรา,เช้า-เย็น,ทาวันละ 2 ครั้ง,NULL,NULL,NULL
3645,1,100344,ฆ่าเชื้อรา,เช้า-เย็น,ทาวันละ 2 ครั้ง,NULL,NULL,NULL
3646,1,100345,ลดอาการคันที่ผิวหนัง,เช้า-เย็น,ทาวันละ 2 ครั้ง,NULL,NULL,NULL
3647,1,100346,ลดอาการคันที่ผิวหนัง,เช้า-เย็น,ทาวันละ 2 ครั้ง,NULL,NULL,NULL
3648,1,100347,ลดอาการคันที่ผิวหนัง,เช้า-เย็น,ทาวันละ 2 ครั้ง,NULL,NULL,NULL
3649,1,100348,รักษาข้อกระดูกเสื่อม,เช้า-กลางวัน-เย็น,รับประทานครั้งละ 1 เม็ด,พร้อมอาหาร,NULL,NULL
3650,1,100349,รักษาข้อกระดูกเสื่อม,วันละ 1 ครั้ง ช่วงเวลาเดียวกัน,รับประทานครั้งละ 1 ซอง,ก่อนอาหาร,NULL,ผสมน้ำ 1 แก้ว 
3651,1,100350,รักษาข้อกระดูกเสื่อม,วันละ 1 ครั้ง ช่วงเวลาเดียวกัน,รับประทานครั้งละ 1 ซอง,ก่อนอาหาร,NULL,ผสมน้ำ 1 แก้ว 
3652,1,100351,รักษาข้อกระดูกเสื่อม,วันละ 1 ครั้ง ช่วงเวลาเดียวกัน,รับประทานครั้งละ 1 ซอง,ก่อนอาหาร,NULL,ผสมน้ำ 1 แก้ว 
3653,1,100352,บำรุงกระดูก,NULL,รับประทานครั้งละ 1 เม็ด,หลังอาหาร,NULL,วันละครั้ง ตอนเช้า
3654,1,100353,บำรุงร่างกาย ,NULL,รับประทานครั้งละ 1 เม็ด,หลังอาหาร,NULL,วันละครั้ง ตอนเช้า
3655,1,100354,แก้ปวด ลดอักเสบ,วันละ 1 ครั้ง ช่วงเวลาเดียวกัน,รับประทานครั้งละ 1 เม็ด,หลังอาหาร,NULL,ยามีฤทธิ์ระคายเคืองกระเพาะอาหาร
3656,1,100355,แก้ปวด ลดอักเสบ,วันละ 1 ครั้ง ช่วงเวลาเดียวกัน,รับประทานครั้งละ 1 เม็ด,หลังอาหาร,NULL,ยามีฤทธิ์ระคายเคืองกระเพาะอาหาร
3657,1,100356,รักษาข้อกระดูกเสื่อม,วันละ 1 ครั้ง ช่วงเวลาเดียวกัน,รับประทานครั้งละ 1 ซอง,ก่อนอาหาร,NULL,ผสมน้ำ 1 แก้ว
3658,1,100357,บำรุงร่างกาย ,วันละ 1 ครั้ง ช่วงเวลาเดียวกัน,รับประทานครั้งละ 1 เม็ด,หลังอาหาร,NULL,วันละ 1 ครั้ง ตอนเช้า
3659,1,100358,ลดไข้ บรรเทาอาการปวด,ทุก 6 ชั่วโมง,รับประทานครั้งละ 1-2 เม็ด,NULL,NULL,ไม่ควรใช้ติดต่อกันเกิน…5….วัน
3660,1,100359,ลดไข้ บรรเทาอาการปวด,ทุก 6 ชั่วโมง,รับประทานครั้งละ 1-2 เม็ด,NULL,NULL,ไม่ควรใช้ติดต่อกันเกิน…5….วัน
3661,1,100360,ลดไข้ บรรเทาอาการปวด,ทุก 6 ชั่วโมง,รับประทานครั้งละ 1-2 เม็ด,NULL,NULL,ไม่ควรใช้ติดต่อกันเกิน…5….วัน
3662,1,100361,ลดไข้ บรรเทาอาการปวด,ทุก 6 ชั่วโมง,รับประทานครั้งละ 1-2 เม็ด,NULL,NULL,ไม่ควรใช้ติดต่อกันเกิน…5….วัน
3663,1,100362,ลดไข้ บรรเทาอาการปวด,ทุก 6 ชั่วโมง,รับประทานครั้งละ 1-2 เม็ด,NULL,NULL,ไม่ควรใช้ติดต่อกันเกิน…5….วัน
3664,1,100363,ลดไข้ บรรเทาอาการปวด,ทุก 6 ชั่วโมง,รับประทานครั้งละ 1-2 เม็ด,NULL,NULL,ไม่ควรใช้ติดต่อกันเกิน…5….วัน
3665,1,100364,ลดไข้ บรรเทาอาการปวด,ทุก 6 ชั่วโมง,รับประทานครั้งละ 1-2 เม็ด,NULL,NULL,ไม่ควรใช้ติดต่อกันเกิน…5….วัน
3666,1,100365,ลดไข้ บรรเทาอาการปวด,ทุก 6 ชั่วโมง,รับประทานครั้งละ 1-2 เม็ด,NULL,NULL,ไม่ควรใช้ติดต่อกันเกิน…5….วัน
3667,1,100366,ลดไข้ บรรเทาอาการปวด,ทุก 6 ชั่วโมง,รับประทานครั้งละ 1-2 เม็ด,NULL,NULL,ไม่ควรใช้ติดต่อกันเกิน…5….วัน
3668,1,100367,เสริมแคลเซียม,วันละ 1 ครั้ง ช่วงเวลาเดียวกัน,รับประทานครั้งละ 1 เม็ด,หลังอาหาร,NULL,ตอนเช้า
3669,1,100368,เสริมแคลเซียม,เช้า-กลางวัน-เย็น,รับประทานครั้งละ 1 เม็ด,หลังอาหาร,NULL,NULL
3670,1,100369,แก้ปวด ลดอักเสบ,เช้า-กลางวัน-เย็น,รับประทานครั้งละ 1 เม็ด,หลังอาหาร,NULL,ยามีฤทธิ์ระคายเคืองกระเพาะอาหาร
3671,1,100370,แก้ปวด ลดอักเสบ,เช้า-กลางวัน-เย็น,รับประทานครั้งละ 1 เม็ด,หลังอาหาร,NULL,ยามีฤทธิ์ระคายเคืองกระเพาะอาหาร
3672,1,100371,แก้ปวด ลดอักเสบ,เช้า-เย็น,รับประทานครั้งละ 1 เม็ด,หลังอาหาร,NULL,ยามีฤทธิ์ระคายเคืองกระเพาะอาหาร
3673,1,100372,แก้ปวด ลดอักเสบ,เช้า-เย็น,รับประทานครั้งละ 1 เม็ด,หลังอาหาร,NULL,ยามีฤทธิ์ระคายเคืองกระเพาะอาหาร
3674,1,100373,แก้ปวด ลดอักเสบ ลดไข้,เช้า-กลางวัน-เย็น,รับประทานครั้งละ 1 เม็ด,หลังอาหาร,NULL,NULL
3675,1,100374,แก้ปวด ลดอักเสบ,เช้า-เย็น,รับประทานครั้งละ 1 เม็ด,หลังอาหาร,NULL,ยามีฤทธิ์ระคายเคืองกระเพาะอาหาร
3676,1,100375,แก้ปวด ลดอักเสบ,เช้า-กลางวัน-เย็น,รับประทานครั้งละ 1 เม็ด,หลังอาหาร,NULL,ยามีฤทธิ์ระคายเคืองกระเพาะอาหาร
3677,1,100376,แก้ปวด ลดอักเสบ,เช้า-กลางวัน-เย็น,รับประทานครั้งละ 1 เม็ด,หลังอาหาร,NULL,ยามีฤทธิ์ระคายเคืองกระเพาะอาหาร
3678,1,100377,แก้ปวด ลดอักเสบ,เช้า-เย็น,รับประทานครั้งละ 1 เม็ด,หลังอาหาร,NULL,ยามีฤทธิ์ระคายเคืองกระเพาะอาหาร
3679,1,100378,แก้ปวด ลดอักเสบ,เช้า-เย็น,รับประทานครั้งละ 1 เม็ด,หลังอาหาร,NULL,ยามีฤทธิ์ระคายเคืองกระเพาะอาหาร
3680,1,100379,แก้ปวด ลดอักเสบ,เช้า-เย็น,รับประทานครั้งละ 1 เม็ด,หลังอาหาร,NULL,ยามีฤทธิ์ระคายเคืองกระเพาะอาหาร
3681,1,100380,แก้ปวด ลดอักเสบ,วันละ 1 ครั้ง ช่วงเวลาเดียวกัน,รับประทานครั้งละ 1 เม็ด,หลังอาหาร,NULL,NULL
3682,1,100381,แก้ปวด ลดอักเสบ,เช้า-เย็น,รับประทานครั้งละ 1 เม็ด,หลังอาหาร,NULL,ยามีฤทธิ์ระคายเคืองกระเพาะอาหาร
3683,1,100382,แก้ปวด ลดอักเสบ,วันละ 1 ครั้ง ช่วงเวลาเดียวกัน,รับประทานครั้งละ 1 เม็ด,หลังอาหาร,NULL,NULL
3684,1,100383,แก้ปวด ลดอักเสบ,เช้า-เย็น,รับประทานครั้งละ 1 เม็ด,หลังอาหาร,NULL,ยามีฤทธิ์ระคายเคืองกระเพาะอาหาร
3685,1,100384,แก้ปวด ลดอักเสบ,วันละ 1 ครั้ง ช่วงเวลาเดียวกัน,รับประทานครั้งละ 1 เม็ด,หลังอาหาร,NULL,NULL
3686,1,100385,แก้ปวด ลดอักเสบ,วันละ 1 ครั้ง ช่วงเวลาเดียวกัน,รับประทานครั้งละ 1 เม็ด,หลังอาหาร,NULL,NULL
3687,1,100386,แก้ปวด ลดอักเสบ,เช้า-เย็น,รับประทานครั้งละ 1 เม็ด,หลังอาหาร,NULL,ยามีฤทธิ์ระคายเคืองกระเพาะอาหาร
3688,1,100387,แก้ปวด ลดอักเสบ,วันละ 1 ครั้ง ช่วงเวลาเดียวกัน,รับประทานครั้งละ 1 เม็ด,หลังอาหาร,NULL,ยามีฤทธิ์ระคายเคืองกระเพาะอาหาร
3689,1,100388,แก้ปวด ลดอักเสบ,NULL,NULL,NULL,NULL,ยามีฤทธิ์ระคายเคืองกระเพาะอาหาร
3690,1,100389,แก้ปวด ลดอักเสบ,NULL,NULL,NULL,NULL,ยามีฤทธิ์ระคายเคืองกระเพาะอาหาร
3691,1,100390,แก้อักเสบ ลดปวด ลดไข้,เช้า-กลางวัน-เย็น,รับประทานครั้งละ 1 เม็ด,หลังอาหาร,NULL,ยามีฤทธิ์ระคายเคืองกระเพาะอาหาร
3692,1,100391,แก้ปวด ลดอักเสบ,เช้า-กลางวัน-เย็น,รับประทานครั้งละ 1 เม็ด,หลังอาหาร,NULL,ยามีฤทธิ์ระคายเคืองกระเพาะอาหาร
3693,1,100392,แก้ปวด ลดอักเสบ,เช้า-กลางวัน-เย็น,รับประทานครั้งละ 1 เม็ด,หลังอาหาร,NULL,ยามีฤทธิ์ระคายเคืองกระเพาะอาหาร
3694,1,100393,แก้ปวด ลดอักเสบ,NULL,รับประทานครั้งละ 1 เม็ด,หลังอาหาร,NULL,วันละ 1 ครั้ง
3695,1,100394,แก้ปวด ลดอักเสบ,วันละ 1 ครั้ง ช่วงเวลาเดียวกัน,รับประทานครั้งละ 1 เม็ด,หลังอาหาร,NULL,ยามีฤทธิ์ระคายเคืองกระเพาะอาหาร
3696,1,100395,แก้ปวด ลดอักเสบ,NULL,รับประทานครั้งละ 1 เม็ด,หลังอาหาร,NULL,วันละ 1 ครั้ง
3697,1,100396,แก้ปวด ลดอักเสบ,NULL,รับประทานครั้งละ 1 เม็ด,หลังอาหาร,NULL,วันละ 1 ครั้ง
3698,1,100397,แก้ปวด ลดอักเสบ,เช้า-กลางวัน-เย็น,รับประทานครั้งละ 1 เม็ด,หลังอาหาร,NULL,ยามีฤทธิ์ระคายเคืองกระเพาะอาหาร
3699,1,100398,แก้ปวด ลดอักเสบ,NULL,รับประทานครั้งละ 1 เม็ด,หลังอาหาร,NULL,วันละ 1 ครั้ง
3700,1,100399,แก้ปวด ลดอักเสบ,NULL,รับประทานครั้งละ 1 เม็ด,หลังอาหาร,NULL,วันละ 1 ครั้ง
3701,1,100400,แก้ปวด ลดอักเสบ,NULL,รับประทานครั้งละ 1 เม็ด,หลังอาหาร,NULL,วันละ 1 ครั้ง
3702,1,100401,ลดไข้ บรรเทาอาการปวด,ทุก 6 ชั่วโมง,รับประทานครั้งละ 1-2 เม็ด,NULL,NULL,ไม่ควรใช้ติดต่อกันเกิน…5….วัน
3703,1,100402,ลดไข้ บรรเทาอาการปวด,ทุก 6 ชั่วโมง,รับประทานครั้งละ 1-2 เม็ด,NULL,NULL,ไม่ควรใช้ติดต่อกันเกิน…5….วัน
3704,1,100403,ลดไข้ บรรเทาอาการปวด,ทุก 6 ชั่วโมง,รับประทานครั้งละ 1-2 เม็ด,NULL,NULL,ไม่ควรใช้ติดต่อกันเกิน…5….วัน
3705,1,100404,ลดไข้ บรรเทาอาการปวด,ทุก 6 ชั่วโมง,รับประทานครั้งละ 1-2 เม็ด,NULL,NULL,ไม่ควรใช้ติดต่อกันเกิน…5….วัน
3706,1,100405,ลดไข้ บรรเทาอาการปวด,ทุก 6 ชั่วโมง,รับประทานครั้งละ 1-2 เม็ด,NULL,NULL,ไม่ควรใช้ติดต่อกันเกิน…5….วัน
3707,1,100406,แก้ปวด ลดอักเสบ,เช้า-กลางวัน-เย็น,รับประทานครั้งละ 1 เม็ด,หลังอาหาร,NULL,ยามีฤทธิ์ระคายเคืองกระเพาะอาหาร
3708,1,100407,แก้ปวด ลดอักเสบ,เช้า-กลางวัน-เย็น,รับประทานครั้งละ 1 เม็ด,หลังอาหาร,NULL,ยามีฤทธิ์ระคายเคืองกระเพาะอาหาร
3709,1,100408,แก้ปวด ลดอักเสบ,เช้า-กลางวัน-เย็น,รับประทานครั้งละ 1 เม็ด,หลังอาหาร,NULL,ยามีฤทธิ์ระคายเคืองกระเพาะอาหาร
3710,1,100409,ลดไข้ บรรเทาอาการปวด,เช้า-กลางวัน-เย็น,รับประทานครั้งละ 1 เม็ด,หลังอาหาร,NULL,ยามีฤทธิ์ระคายเคืองกระเพาะอาหาร
3711,1,100410,แก้ปวด ลดอักเสบ,เช้า-กลางวัน-เย็น,รับประทานครั้งละ 1 เม็ด,หลังอาหาร,เก็บในอุณหภูมิห้อง,NULL
3712,1,100411,แก้ปวด ลดอักเสบ,เช้า-กลางวัน-เย็น,รับประทานครั้งละ 1 เม็ด,หลังอาหาร,เก็บในอุณหภูมิห้อง,NULL
3713,1,100412,คลายกล้ามเนื้อ,เช้า-กลางวัน-เย็น,รับประทานครั้งละ 1 เม็ด,หลังอาหาร,NULL,NULL
3714,1,100413,คลายกล้ามเนื้อ,เช้า-กลางวัน-เย็น,รับประทานครั้งละ 1 เม็ด,หลังอาหาร,NULL,NULL
3715,1,100414,คลายกล้ามเนื้อ,เช้า-กลางวัน-เย็น,รับประทานครั้งละ 1 เม็ด,หลังอาหาร,NULL,NULL
3716,1,100415,ลดบวม ฟกช้ำ,เช้า-กลางวัน-เย็น,รับประทานครั้งละ 1 เม็ด,หลังอาหาร,NULL,NULL
3717,1,100416,ลดบวม ฟกช้ำ,เช้า-กลางวัน-เย็น,ทาวันละ 3 ครั้ง,NULL,NULL,NULL
3718,1,100417,ลดบวม ลดอักเสบ,เช้า-กลางวัน-เย็น,รับประทานครั้งละ 1 เม็ด,หลังอาหาร,NULL,NULL
3719,1,100418,ลดบวม ลดอักเสบ,เช้า-กลางวัน-เย็น,รับประทานครั้งละ 1 เม็ด,หลังอาหาร,NULL,NULL
3720,1,100419,แก้ปวด คลายกล้ามเนื้อ,เช้า-กลางวัน-เย็น,รับประทานครั้งละ 1 เม็ด,หลังอาหาร,NULL,ยานี้ทำให้ง่วงนอน
3721,1,100420,แก้ปวด คลายกล้ามเนื้อ,เช้า-กลางวัน-เย็น,รับประทานครั้งละ 1 เม็ด,หลังอาหาร,NULL,ยานี้ทำให้ง่วงนอน
3722,1,100421,แก้ปวด คลายกล้ามเนื้อ,เช้า-กลางวัน-เย็น,รับประทานครั้งละ 1 เม็ด,หลังอาหาร,NULL,ยานี้ทำให้ง่วงนอน
3723,1,100422,แก้ปวด คลายกล้ามเนื้อ,เช้า-กลางวัน-เย็น,รับประทานครั้งละ 1 เม็ด,หลังอาหาร,NULL,ยานี้ทำให้ง่วงนอน
3724,1,100423,รักษากรดไหลย้อน,ทุกครั้งที่มีอาการ,รับประทานครั้งละ 1-2 ซอง,NULL,NULL,NULL
3725,1,100424,รักษากรดไหลย้อน,ทุกครั้งที่มีอาการ,รับประทานครั้งละ 1-2 ซอง,NULL,NULL,NULL
3726,1,100425,ลดกรดในกระเพาะอาหาร,ทุกครั้งที่มีอาการ,รับประทานครั้งละ 1-2 ซอง,NULL,NULL,NULL
3727,1,100426,ลดกรดในกระเพาะอาหาร,ทุกครั้งที่มีอาการ,รับประทานครั้งละ 1-2 ซอง,NULL,NULL,NULL
3728,1,100427,แก้จุกเสียด แน่นท้อง ขับลม ,เช้า-กลางวัน-เย็น,รับประทานครั้งละ 2 เม็ด,หลังอาหาร,เก็บในอุณหภูมิห้อง,ใช้ติดต่อกัน 4-6 สัปดาห์
3729,1,100428,ช่วยย่อยอาหาร,เช้า-กลางวัน-เย็น,รับประทานครั้งละ 2-4 เม็ด,หลังอาหาร,เก็บในอุณหภูมิห้อง,NULL
3730,1,100429,ลดกรดในกระเพาะอาหาร,เช้า-เย็น,รับประทานครั้งละ 2 ช้อนโต๊ะ,ก่อนอาหาร,เก็บในอุณหภูมิห้อง,เขย่าขวดก่อนรับประทาน
3731,1,100430,แก้จุกเสียด แน่นท้อง ขับลม ,เช้า-กลางวัน-เย็น-ก่อนนอน,รับประทานครั้งละ 1 ช้อนโต๊ะ,หลังอาหาร,เก็บในอุณหภูมิห้อง,เขย่าขวดก่อนรับประทาน
3732,1,100431,ลดกรด ขับลม ,เช้า-กลางวัน-เย็น-ก่อนนอน,รับประทานครั้งละ 1 ช้อนโต๊ะ,หลังอาหาร,เก็บในอุณหภูมิห้อง,เขย่าขวดก่อนรับประทาน
3733,1,100432,ลดกรด ขับลม ,เช้า-กลางวัน-เย็น-ก่อนนอน,รับประทานครั้งละ 1 ช้อนโต๊ะ,หลังอาหาร,เก็บในอุณหภูมิห้อง,เขย่าขวดก่อนรับประทาน
3734,1,100433,ลดกรด ขับลม ,เช้า-กลางวัน-เย็น-ก่อนนอน,รับประทานครั้งละ 2 ช้อนโต๊ะ,หลังอาหาร,เก็บในอุณหภูมิห้อง,เขย่าขวดก่อนรับประทาน
3735,1,100434,รักษากรดไหลย้อน,เช้า-กลางวัน-เย็น-ก่อนนอน,รับประทานครั้งละ 1 ช้อนโต๊ะ,หลังอาหาร,เก็บในอุณหภูมิห้อง,เขย่าขวดก่อนรับประทาน
3736,1,100435,ลดกรด ขับลม ,เช้า-กลางวัน-เย็น-ก่อนนอน,รับประทานครั้งละ 2 ช้อนโต๊ะ,ก่อนอาหาร,เก็บในอุณหภูมิห้อง,เขย่าขวดก่อนรับประทาน
3737,1,100436,แก้จุกเสียด แน่นท้อง ขับลม ,ทุกครั้งที่มีอาการ,รับประทานครั้งละ 1 ช้อนโต๊ะ,NULL,เก็บในอุณหภูมิห้อง,เขย่าขวดก่อนรับประทาน
3738,1,100437,รักษากรดไหลย้อน,เช้า-กลางวัน-เย็น-ก่อนนอน,รับประทานครั้งละ 1 ช้อนโต๊ะ,หลังอาหาร,เก็บในอุณหภูมิห้อง,เขย่าขวดก่อนรับประทาน
3739,1,100438,ลดกรดในกระเพาะอาหาร,เช้า-กลางวัน-เย็น-ก่อนนอน,รับประทานครั้งละ 1 ช้อนโต๊ะ,หลังอาหาร,เก็บในอุณหภูมิห้อง,เขย่าขวดก่อนรับประทาน
3740,1,100439,รักษากรดไหลย้อน,เช้า-กลางวัน-เย็น-ก่อนนอน,รับประทานครั้งละ 1 ช้อนโต๊ะ,หลังอาหาร,เก็บในอุณหภูมิห้อง,เขย่าขวดก่อนรับประทาน
3741,1,100440,แก้จุกเสียด แน่นท้อง ขับลม ,เช้า-กลางวัน-เย็น,รับประทานครั้งละ 1 ช้อนโต๊ะ,หลังอาหาร,เก็บในอุณหภูมิห้อง,เขย่าขวดก่อนรับประทาน
3742,1,100441,แก้จุกเสียด แน่นท้อง ขับลม ,เช้า-กลางวัน-เย็น,รับประทานครั้งละ 1 ช้อนโต๊ะ,หลังอาหาร,เก็บในอุณหภูมิห้อง,NULL
3743,1,100442,แก้จุกเสียด แน่นท้อง ขับลม ,เช้า-กลางวัน-เย็น,รับประทานครั้งละ 1 ช้อนโต๊ะ,หลังอาหาร,เก็บในอุณหภูมิห้อง,เขย่าขวดก่อนรับประทาน
3744,1,100443,แก้ท้องอืดท้องเฟ้อ,เช้า-กลางวัน-เย็น,รับประทานครั้งละ 1 ช้อนโต๊ะ,หลังอาหาร,เก็บในอุณหภูมิห้อง,เขย่าขวดก่อนรับประทาน
3745,1,100444,ช่วยย่อยอาหาร,เช้า-กลางวัน-เย็น,รับประทานครั้งละ 2 เม็ด,หลังอาหาร,เก็บในอุณหภูมิห้อง,NULL
3746,1,100445,ช่วยย่อยอาหาร,เช้า-กลางวัน-เย็น,รับประทานครั้งละ 1 เม็ด,หลังอาหาร,เก็บในอุณหภูมิห้อง,NULL
3747,1,100446,ช่วยย่อยอาหาร,เช้า-กลางวัน-เย็น,รับประทานครั้งละ 1 เม็ด,หลังอาหาร,NULL,NULL
3748,1,100447,แก้จุกเสียด แน่นท้อง ขับลม ,เช้า-กลางวัน-เย็น,รับประทานครั้งละ 1 เม็ด,หลังอาหาร,NULL,NULL
3749,1,100448,แก้จุกเสียด แน่นท้อง ขับลม ,เช้า-กลางวัน-เย็น,รับประทานครั้งละ 1 เม็ด,หลังอาหาร,NULL,NULL
3750,1,100449,แก้จุกเสียด แน่นท้อง ขับลม ,เช้า-กลางวัน-เย็น,รับประทานครั้งละ 1 เม็ด,หลังอาหาร,NULL,NULL
3751,1,100450,ลดแสบ ปวด จุกเสียดท้อง,เช้า-กลางวัน-เย็น,รับประทานครั้งละ 2 เม็ด,หลังอาหาร,NULL,NULL
3752,1,100451,แก้จุกเสียด แน่นท้อง ขับลม ,เช้า-กลางวัน-เย็น,รับประทานครั้งละ 1-2 เม็ด,หลังอาหาร,NULL,NULL
3753,1,100452,รักษาท้องเสีย ปวดท้อง จุกเสียด,เช้า-กลางวัน-เย็น,รับประทานครั้งละ 1-2 เม็ด,หลังอาหาร,เก็บในอุณหภูมิห้อง,NULL
3754,1,100453,ลดอาการแสบท้องและหลอดอาหาร,เช้า-กลางวัน-เย็น,รับประทานครั้งละ 2 เม็ด,หลังอาหาร,NULL,NULL
3755,1,100454,แก้ท้องอืดท้องเฟ้อ,เช้า-กลางวัน-เย็น,รับประทานครั้งละ 1 เม็ด,หลังอาหาร,NULL,เคี้ยวให้ละเอียดก่อนกลืน
3756,1,100455,แก้ท้องอืดท้องเฟ้อ,เช้า-กลางวัน-เย็น,รับประทานครั้งละ 1 เม็ด,หลังอาหาร,NULL,เคี้ยวให้ละเอียดก่อนกลืน
3757,1,100456,แก้ท้องอืดท้องเฟ้อ,เช้า-กลางวัน-เย็น-ก่อนนอน,รับประทานครั้งละ 1 เม็ด,หลังอาหาร,NULL,เคี้ยวให้ละเอียดก่อนกลืน
3758,1,100457,แก้ท้องอืดท้องเฟ้อ,เช้า-กลางวัน-เย็น-ก่อนนอน,รับประทานครั้งละ 1 เม็ด,หลังอาหาร,NULL,เคี้ยวให้ละเอียดก่อนกลืน
3759,1,100458,แก้ท้องอืดท้องเฟ้อ,เช้า-กลางวัน-เย็น-ก่อนนอน,รับประทานครั้งละ 1 เม็ด,หลังอาหาร,NULL,เคี้ยวให้ละเอียดก่อนกลืน
3760,1,100459,แก้ท้องอืดท้องเฟ้อ,ทุกครั้งที่มีอาการ,รับประทานครั้งละ 1 เม็ด,NULL,NULL,เคี้ยวให้ละเอียดก่อนกลืน
3761,1,100460,ลดกรด ขับลม ,เช้า-กลางวัน-เย็น-ก่อนนอน,รับประทานครั้งละ 1 เม็ด,หลังอาหาร,NULL,เคี้ยวให้ละเอียดก่อนกลืน
3762,1,100461,แก้ท้องอืดท้องเฟ้อ,ทุกครั้งที่มีอาการ,รับประทานครั้งละ 1 ซอง,NULL,NULL,ผสมน้ำ 1 แก้ว รอจนฟองหมดแล้วดื่ม
3763,1,100462,แก้ท้องอืดท้องเฟ้อ,ทุกครั้งที่มีอาการ,รับประทานครั้งละ 1 ซอง,NULL,NULL,ผสมน้ำ 1 แก้ว รอจนฟองหมดแล้วดื่ม
3764,1,100463,รักษาโรคกระเพาะ,NULL,รับประทานครั้งละ 1 เม็ด,NULL,NULL,ก่อนอาหารเช้า ใช้ติดต่อกัน 4-6 สัปดาห์
3765,1,100464,รักษาโรคกระเพาะ,NULL,รับประทานครั้งละ 1 เม็ด,NULL,NULL,ก่อนอาหารเช้า ใช้ติดต่อกัน 4-6 สัปดาห์
3766,1,100465,รักษาโรคกระเพาะ,NULL,รับประทานครั้งละ 1 เม็ด,NULL,NULL,ก่อนอาหารเช้า ใช้ติดต่อกัน 4-6 สัปดาห์
3767,1,100466,รักษาโรคกระเพาะ,เช้า,รับประทานครั้งละ 1 เม็ด,ก่อนอาหาร,NULL,ก่อนอาหาร 30 นาที
3768,1,100467,รักษาโรคกระเพาะ,วันละ 1 ครั้ง ช่วงเวลาเดียวกัน,รับประทานครั้งละ 1 เม็ด,ก่อนอาหาร,เก็บในอุณหภูมิห้อง,NULL
3769,1,100468,รักษาแผลในกระเพาะอาหาร,เช้า-เย็น,รับประทานครั้งละ 1 เม็ด,หลังอาหาร,NULL,NULL
3770,1,100469,รักษาแผลในกระเพาะอาหาร,เช้า-เย็น,รับประทานครั้งละ 1 เม็ด,หลังอาหาร,NULL,NULL
3771,1,100470,รักษาแผลในกระเพาะอาหาร,เช้า-เย็น,รับประทานครั้งละ 1 เม็ด,หลังอาหาร,NULL,ใช้ติดต่อกัน 4-6 สัปดาห์
3772,1,100471,รักษาแผลในกระเพาะอาหาร,เช้า-เย็น,รับประทานครั้งละ 1 เม็ด,หลังอาหาร,NULL,NULL
3773,1,100472,รักษาแผลในกระเพาะอาหาร,เช้า-กลางวัน-เย็น,รับประทานครั้งละ 1 เม็ด,หลังอาหาร,NULL,NULL
3774,1,100473,แก้ท้องอืดท้องเฟ้อ,ทุกครั้งที่มีอาการ,รับประทานครั้งละ 2-4 เม็ด,NULL,NULL,อมให้ละลายช้าๆในปาก
3775,1,100474,ดูดซับสารพิษ รักษาท้องเสีย,เช้า-กลางวัน-เย็น,รับประทานครั้งละ 1 ซอง,หลังอาหาร,เก็บในอุณหภูมิห้อง,NULL
3776,1,100475,ดูดซับสารพิษ รักษาท้องเสีย,เช้า-กลางวัน-เย็น,รับประทานครั้งละ 1 ซอง,หลังอาหาร,เก็บในอุณหภูมิห้อง,ละลายน้ำก่อน
3777,1,100476,ทดแทนการสูญเสียน้ำ,NULL,รับประทานครั้งละ 1 ซอง,NULL,NULL,ผสมน้ำ 150 ซีซี  จิบระหว่างวัน
3778,1,100477,ทดแทนการสูญเสียน้ำ,NULL,รับประทานครั้งละ 1 ซอง,NULL,NULL,ผสมน้ำ 150 ซีซี  จิบระหว่างวัน
3779,1,100478,ทดแทนการสูญเสียน้ำ,NULL,รับประทานครั้งละ 1 ซอง,NULL,NULL,ผสมน้ำ 150 ซีซี  จิบระหว่างวัน
3780,1,100479,ทดแทนการสูญเสียน้ำ,NULL,รับประทานครั้งละ 1 ซอง,NULL,NULL,ผสมน้ำ 150 ซีซี  จิบระหว่างวัน
3781,1,100480,ดูดซับสารพิษ,เช้า-กลางวัน-เย็น-ก่อนนอน,รับประทานครั้งละ 3 เม็ด,หลังอาหาร,เก็บในอุณหภูมิห้อง,อุจจาระอาจจะมีสีดำจากยา
3782,1,100481,ดูดซับสารพิษ,เช้า-กลางวัน-เย็น,รับประทานครั้งละ 2-4 เม็ด,หลังอาหาร,เก็บในอุณหภูมิห้อง,อุจจาระอาจจะมีสีดำจากยา
3783,1,100482,ยาหยุดถ่าย,NULL,รับประทานครั้งละ 2 เม็ด,NULL,NULL,ทานครั้งถัดไปครั้งละ1เม็ด (ไม่เกิน6เม็ด/วัน)
3784,1,100483,ยาหยุดถ่าย,NULL,รับประทานครั้งละ 2 เม็ด,NULL,NULL,ทานครั้งถัดไปครั้งละ1เม็ด (ไม่เกิน6เม็ด/วัน)
3785,1,100484,ยาหยุดถ่าย,NULL,รับประทานครั้งละ 2 เม็ด,NULL,NULL,ทานครั้งถัดไปครั้งละ1เม็ด (ไม่เกิน6เม็ด/วัน)
3786,1,100485,แก้คลื่นไส้ อาเจียน,เช้า-กลางวัน-เย็น,รับประทานครั้งละ 1 เม็ด,ก่อนอาหาร,NULL,NULL
3787,1,100486,แก้คลื่นไส้ อาเจียน,เช้า-กลางวัน-เย็น,รับประทานครั้งละ 1 เม็ด,ก่อนอาหาร,NULL,NULL
3788,1,100487,แก้คลื่นไส้ อาเจียน,เช้า-กลางวัน-เย็น,รับประทานครั้งละ 1 เม็ด,ก่อนอาหาร,NULL,NULL
3789,1,100488,บรรเทาอาการปวดเกร็งท้อง,เช้า-กลางวัน-เย็น,รับประทานครั้งละ 1 เม็ด,หลังอาหาร,NULL,NULL
3790,1,100489,บรรเทาอาการปวดเกร็งท้อง,เช้า-กลางวัน-เย็น,รับประทานครั้งละ 1 เม็ด,หลังอาหาร,NULL,NULL
3791,1,100490,แก้ปวดกระเพาะปัสสาวะ,เช้า-กลางวัน-เย็น,รับประทานครั้งละ 2 เม็ด,หลังอาหาร,NULL,NULL
3792,1,100491,แก้ปวดกระเพาะปัสสาวะ,เช้า-กลางวัน-เย็น,รับประทานครั้งละ 1 เม็ด,หลังอาหาร,NULL,NULL
3793,1,100492,เพิ่มจุลินทรีย์ในลำไส้,เช้า-เย็น,รับประทานครั้งละ 1 ซอง,NULL,NULL,ผสมน้ำหรือน้ำผลไม้ 1 แก้ว/ซอง
3794,1,100493,เพิ่มจุลินทรีย์ในลำไส้,เช้า-เย็น,รับประทานครั้งละ 1 เม็ด,NULL,NULL,NULL
3795,1,100494,เพิ่มจุลินทรีย์ในลำไส้ และทางเดินปัสสาวะ,เช้า-เย็น,รับประทานครั้งละ 1 ซอง,หลังอาหาร,NULL,บรรเทาชั่วคราว 14 วัน ลดการเกิดซ้ำใช้ต่อเนื่อง 6 เดือน
3796,1,100495,ลดภาวะเลือดออกจากริดสีดวงทวาร,เช้า-กลางวัน-เย็น,รับประทานครั้งละ 1-2 เม็ด,NULL,NULL,NULL
3797,1,100496,รักษาริดสีดวงทวาร,เช้า-กลางวัน-เย็น,รับประทานครั้งละ 2 เม็ด,หลังอาหาร,NULL,วันที่1-4 จากนั้นวันที่5-7ครั้งละ2เม็ด2ครั้ง เช้า-เย็น
3798,1,100497,รักษาริดสีดวงทวาร,เช้า-เย็น,รับประทานครั้งละ 1 เม็ด,หลังอาหาร,NULL,NULL
3799,1,100498,รักษาริดสีดวงทวาร,เช้า-กลางวัน-เย็น,รับประทานครั้งละ 2 เม็ด,หลังอาหาร,NULL,วันที่1-4 จากนั้นวันที่5-7ครั้งละ2เม็ด2ครั้ง เช้า-เย็น
3800,1,100499,รักษาริดสีดวงทวาร,เช้า-เย็น,ทาวันละ 2 ครั้ง,NULL,NULL,NULL
3801,1,100500,รักษาริดสีดวงทวาร,เช้า-เย็น,ทาวันละ 2 ครั้ง,NULL,NULL,NULL
3802,1,100501,ลดบวม ลดอักเสบ,เช้า-เย็น,ทาวันละ 2 ครั้ง,NULL,NULL,NULL
3803,1,100502,เพิ่มกากใย ช่วยให้ระบาย,ทุกครั้งที่มีอาการ,รับประทานครั้งละ 2 ช้อนโต๊ะ,NULL,NULL,ผสมน้ำ 150 มล. ห้ามรับประทานก่อนนอน
3804,1,100503,เพิ่มกากใย ช่วยให้ระบาย,ทุกครั้งที่มีอาการ,รับประทานครั้งละ 2 ช้อนโต๊ะ,NULL,NULL,ผสมน้ำ 150 มล. ห้ามรับประทานก่อนนอน
3805,1,100504,เพิ่มกากใย ช่วยให้ระบาย,ทุกครั้งที่มีอาการ,รับประทานครั้งละ 1 ซอง,NULL,NULL,ผสมน้ำ 150 มล. ห้ามรับประทานก่อนนอน
3806,1,100505,เพิ่มกากใย ช่วยให้ระบาย,ทุกครั้งที่มีอาการ,รับประทานครั้งละ 1 ซอง,NULL,NULL,ผสมน้ำ 150 มล. ห้ามรับประทานก่อนนอน
3807,1,100506,แก้ท้องผูก,NULL,ทาวันละ 1 ครั้ง,NULL,เก็บในตู้เย็น,เหน็บครั้งละ 1 แท่ง ทิ้งไว้ 15 นาที 
3808,1,100507,แก้ท้องผูก,NULL,ทาวันละ 1 ครั้ง,NULL,เก็บในตู้เย็น,เหน็บครั้งละ 1 แท่ง ทิ้งไว้ 15 นาที 
3809,1,100508,ท้องเสีย จุกเสียด,เช้า-กลางวัน-เย็น-ก่อนนอน,รับประทานครั้งละ 1 เม็ด,ก่อนอาหาร,NULL,NULL
3810,1,100509,ท้องเสีย จุกเสียด,เช้า-กลางวัน-เย็น-ก่อนนอน,รับประทานครั้งละ 2 ช้อนโต๊ะ,ก่อนอาหาร,NULL,NULL
3811,1,100510,แก้ท้องผูก,NULL,รับประทานครั้งละ ..... ml,NULL,NULL,ก่อนนอน
3812,1,100511,แก้ท้องผูก,NULL,รับประทานครั้งละ ..... ml,NULL,NULL,ก่อนนอน
3813,1,100512,ท้องเสีย จุกเสียด,เช้า-กลางวัน-เย็น-ก่อนนอน,รับประทานครั้งละ 2 ช้อนโต๊ะ,ก่อนอาหาร,NULL,NULL
3814,1,100513,แก้ท้องผูก,NULL,รับประทานครั้งละ 1 เม็ด,NULL,NULL,วันละ 1 ครั้ง ก่อนนอน
3815,1,100514,แก้ท้องผูก,NULL,รับประทานครั้งละ 2 เม็ด,NULL,NULL,วันละ 1 ครั้ง ก่อนนอน
3816,1,100515,ยาฆ่าพยาธิ,วันละ 1 ครั้ง ช่วงเวลาเดียวกัน,รับประทานครั้งละ 2 เม็ด,หลังอาหาร,เก็บในอุณหภูมิห้อง,NULL
3817,1,100516,ยาถ่ายพยาธิ,NULL,รับประทานครั้งละ 2 เม็ด,พร้อมอาหาร,NULL,กินครั้งเดียว สำหรับพยาธิตัวกลม
3818,1,100517,ยาถ่ายพยาธิ,วันละ 1 ครั้ง ช่วงเวลาเดียวกัน,รับประทานครั้งละ 1 เม็ด,NULL,NULL,NULL
3819,1,100518,ยาถ่ายพยาธิ,เช้า-เย็น,รับประทานครั้งละ 1 ช้อนชา,ก่อนอาหาร,NULL,ติดต่อ 3 วัน
3820,1,100519,ยาถ่ายพยาธิ,NULL,รับประทานครั้งละ 1 เม็ด,NULL,NULL,วันละ 1 ครั้ง เคี้ยวให้ละเอียดก่อนกลืน
3821,1,100520,ยาถ่ายพยาธิ,NULL,รับประทานครั้งละ 4 เม็ด,NULL,NULL,วันละ 1 ครั้ง เคี้ยวให้ละเอียดก่อนกลืน
3822,1,100521,รักษาอาการอักเสบของทางเดินหายใจ,NULL,พ่นช่องปากครั้งละ 1-2 ครั้ง,NULL,เก็บในอุณหภูมิห้อง,ห้ามปรับขนาดยาเอง โดยไม่มีคำสั่งแพทย์
3823,1,100522,ขยายหลอดลม,NULL,พ่นช่องปากครั้งละ 2 ครั้ง,NULL,เก็บในอุณหภูมิห้อง,NULL
3824,1,100523,บรรเทาอาการหอบหืด,ทุกครั้งที่มีอาการ,พ่นช่องปากครั้งละ 1-2 ครั้ง,NULL,NULL,NULL
3825,1,100524,บรรเทาอาการหอบหืด,ทุกครั้งที่มีอาการ,พ่นช่องปากครั้งละ 1-2 ครั้ง,NULL,NULL,NULL
3826,1,100526,ระงับความอยากบุหรี่,NULL,พ่นช่องปากครั้งละ 1-2 ครั้ง,NULL,NULL,NULL
3827,1,100527,บรรเทาอาการคัดจมูก,เช้า-เย็น,พ่นเข้าจมูกข้างละ 2-3 ครั้ง,NULL,NULL,ห้ามใช้เกิน 2 ครั้ง ภายใน 24 ชั่วโมง
3828,1,100528,แก้ท้องผูก,เช้า-เย็น,รับประทานครั้งละ 2-3 เม็ด,NULL,NULL,NULL
3829,1,100529,บรรเทาอาการคัดจมูก,NULL,พ่นเข้าจมูกข้างละ 1 ครั้ง,NULL,NULL,ไม่เกิน 3 ครั้งต่อวัน
3830,1,100530,บรรเทาอาการคัดจมูก,เช้า-กลางวัน-เย็น,พ่นเข้าจมูกข้างละ 1-2 ครั้ง,NULL,เก็บในอุณหภูมิห้อง,ไม่ควรใช้ติดต่อกันเกิน5วัน
3831,1,100531,บรรเทาอาการคัดจมูก,เช้า-กลางวัน-เย็น,หยอดครั้งละ 1-2 หยด,NULL,NULL,NULL
3832,1,100532,บรรเทาอาการคัดจมูก,เช้า-กลางวัน-เย็น,หยอดครั้งละ 1-2 หยด,NULL,เก็บในอุณหภูมิห้อง,ไม่ควรใช้ติดต่อกันเกิน5วัน
3833,1,100533,บรรเทาอาการหวัด คัดจมูก,เช้า-กลางวัน-เย็น,พ่นเข้าจมูกข้างละ 1-2 ครั้ง,NULL,NULL,NULL
3834,1,100534,บรรเทาอาการคัดจมูก,ทุก 6 ชั่วโมง,พ่นเข้าจมูกข้างละ 1-2 ครั้ง,NULL,เก็บในอุณหภูมิห้อง,ไม่ควรใช้ติดต่อกันเกิน5วัน
3835,1,100535,เพิ่มความชุ่มชื้นในโพรงจมูก ,ทุกครั้งที่มีอาการ,พ่นเข้าจมูกข้างละ 1-2 ครั้ง,NULL,เก็บในอุณหภูมิห้อง,NULL
3836,1,100536,ลดอาการอักเสบในโพรงจมูก,เช้า-เย็น,พ่นเข้าจมูกข้างละ 1-2 ครั้ง,NULL,เก็บในอุณหภูมิห้อง,NULL
3837,1,100537,ลดอาการอักเสบในโพรงจมูก,เช้า-เย็น,พ่นเข้าจมูกข้างละ 1-2 ครั้ง,NULL,เก็บในอุณหภูมิห้อง,NULL
3838,1,100538,บรรเทาอาการคัดจมูก,NULL,พ่นเข้าจมูกข้างละ ........ ครั้ง,NULL,เก็บในอุณหภูมิห้อง,ใช้ตามแพทย์สั่ง ใช้ติดต่อกันไม่เกิน 5-7 วัน 
3839,1,100539,ลดน้ำมูก แพ้อากาศ,ทุกครั้งที่มีอาการ,พ่นเข้าจมูกข้างละ 2-3 ครั้ง,NULL,เก็บในอุณหภูมิห้อง,NULL
3840,1,100540,ฆ่าเชื้อในช่องปาก,ทุกครั้งที่มีอาการ,พ่นช่องปากครั้งละ 1-2 ครั้ง,NULL,เก็บในอุณหภูมิห้อง,NULL
3841,1,100541,เพิ่มความชุ่มชื้นในโพรงจมูก ,เช้า-เย็น,หยอดครั้งละ 2-3 หยด,NULL,NULL,ใช้พร้อมที่ดูดน้ำมูก
3842,1,100542,เพิ่มความชุ่มชื้นในโพรงจมูก ,เช้า-เย็น,หยอดครั้งละ 2-3 หยด,NULL,NULL,ใช้พร้อมที่ดูดน้ำมูก
3843,1,100543,เพิ่มความชุ่มชื้นในโพรงจมูก ,ทุกครั้งที่มีอาการ,พ่นเข้าจมูกข้างละ 2-3 ครั้ง,NULL,NULL,NULL
3844,1,100544,ลดกลิ่นปากและไอจากการคันคอ,ทุกครั้งที่มีอาการ,พ่นช่องปากครั้งละ 1-2 ครั้ง,NULL,NULL,NULL
3845,1,100545,ยั้บยั้งแบคทีเรีย ลดกลิ่นปากและไอจากการคันคอ,ทุกครั้งที่มีอาการ,พ่นช่องปากครั้งละ 1-2 ครั้ง,NULL,NULL,NULL
3846,1,100546,บรรเทาอาการไอ ชุ่มคอ ละลายเสมหะ,ทุกครั้งที่มีอาการ,พ่นช่องปากครั้งละ 1-2 ครั้ง,NULL,NULL,NULL
3847,1,100547,ลดการอักเสบบริเวณช่องปากและลำคอ,ทุกครั้งที่มีอาการ,พ่นช่องปากครั้งละ 1-2 ครั้ง,NULL,NULL,NULL
3848,1,100548,ยั้บยั้งแบคทีเรีย ลดกลิ่นปาก ชุ่มคอ,ทุกครั้งที่มีอาการ,พ่นช่องปากครั้งละ 1-2 ครั้ง,NULL,NULL,NULL
3849,1,100549,ยั้บยั้งแบคทีเรีย ลดกลิ่นปากและไอจากการคันคอ,ทุกครั้งที่มีอาการ,พ่นช่องปากครั้งละ 1-2 ครั้ง,NULL,NULL,NULL
3850,1,100550,ยั้บยั้งแบคทีเรีย ลดกลิ่นปาก ชุ่มคอ,ทุกครั้งที่มีอาการ,พ่นช่องปากครั้งละ 1-2 ครั้ง,NULL,NULL,NULL
3851,1,100551,ยั้บยั้งแบคทีเรีย ลดกลิ่นปาก ชุ่มคอ,ทุกครั้งที่มีอาการ,พ่นช่องปากครั้งละ 1-2 ครั้ง,NULL,NULL,NULL
3852,1,100552,ลดอักเสบ,ทุก 6 ชั่วโมง,พ่นช่องปากครั้งละ 1-2 ครั้ง,NULL,NULL,NULL
3853,1,100553,ช่วยลดกลิ่นปาก ชุ่มคอ,ทุกครั้งที่มีอาการ,พ่นช่องปากครั้งละ 1-2 ครั้ง,NULL,NULL,ใช้ได้คั้งแต่ 1 ขวบขึ้นไป
3854,1,100554,ลดกลิ่นปากและไอจากการคันคอ,ทุกครั้งที่มีอาการ,พ่นช่องปากครั้งละ 1-2 ครั้ง,NULL,NULL,NULL
3855,1,100555,ขยายหลอดลม,เช้า-เย็น,รับประทานครั้งละ 1 เม็ด,NULL,NULL,NULL
3856,1,100556,ขยายหลอดลม,เช้า-เย็น,รับประทานครั้งละ 1 เม็ด,NULL,NULL,NULL
3857,1,100557,บรรเทาอาการหอบหืด,ทุก 12 ชั่วโมง,รับประทานครั้งละ 1 เม็ด,NULL,NULL,NULL
3858,1,100558,บรรเทาอาการหอบหืด,เช้า-กลางวัน-เย็น,รับประทานครั้งละ 1 เม็ด,หลังอาหาร,NULL,NULL
3859,1,100559,บรรเทาอาการหอบหืด,ทุก 12 ชั่วโมง,รับประทานครั้งละ 1 เม็ด,NULL,NULL,NULL
3860,1,100560,ขยายหลอดลม,เช้า-กลางวัน-เย็น,รับประทานครั้งละ 1-2 เม็ด,NULL,NULL,NULL
3861,1,100561,ขยายหลอดลม,เช้า-กลางวัน-เย็น,รับประทานครั้งละ 1-2 เม็ด,NULL,NULL,NULL
3862,1,100562,ขยายหลอดลม,เช้า-กลางวัน-เย็น,รับประทานครั้งละ 1-2 เม็ด,NULL,NULL,NULL
3863,1,100563,ละลายเสมหะ,NULL,รับประทานครั้งละ 1 เม็ด,NULL,NULL,ละลายน้ำครึ่งแก้ว วันละครั้ง ก่อนอาหารเย็น
3864,1,100564,ละลายเสมหะ,NULL,รับประทานครั้งละ 1 เม็ด,NULL,NULL,ละลายน้ำครึ่งแก้ว วันละครั้งหลังอาหารเย็น
3865,1,100565,ละลายเสมหะ,NULL,รับประทานครั้งละ 1 เม็ด,NULL,NULL,ละลายน้ำครึ่งแก้ว วันละครั้ง หลังอาหารเย็น
3866,1,100566,ฆ่าเชื้อในช่องปาก,NULL,หยอดครั้งละ 1-2 หยด,NULL,NULL,เติมน้ำจนครบ30 ซีซี กลั้วคอ 30 วินาทีแล้วบ้วนทิ้ง
3867,1,100567,ฆ่าเชื้อในช่องปาก,NULL,หยอดครั้งละ 1-2 หยด,NULL,NULL,เติมน้ำ 1 ซีซี กลั้วคอ 30 วินาทีแล้วบ้วนทิ้ง
3868,1,100568,รักษาผมร่วง,NULL,รับประทานครั้งละ 1 เม็ด,NULL,NULL,วันละ 1 ครั้ง ก่อนนอน
3869,1,100569,รักษาต่อมลูกหมาก,วันละ 1 ครั้ง ช่วงเวลาเดียวกัน,รับประทานครั้งละ ............. เม็ด,NULL,NULL,ห้ามปรับขนาดยาเอง โดยไม่มีคำสั่งแพทย์
3870,1,100570,รักษาผมร่วง,เช้า-เย็น,ทาวันละ 2 ครั้ง,NULL,NULL,NULL
3871,1,100571,แก้ปวดไมเกรน,NULL,รับประทานครั้งละ 1 เม็ด,NULL,NULL,"ภายใน 30 นาที ไม่ดีขึ้นให้ซ้ำอีก 1 เม็ด 
(ไม่เกิน 6 เม็ดต่อวัน 10 เม็ดต่อสัปดาห์)"
3872,1,100572,แก้ปวดไมเกรน,NULL,รับประทานครั้งละ 1 เม็ด,NULL,NULL,"ภายใน 30 นาที ไม่ดีขึ้นให้ซ้ำอีก 1 เม็ด 
(ไม่เกิน 6 เม็ดต่อวัน 10 เม็ดต่อสัปดาห์)"
3873,1,100573,แก้ปวดไมเกรน,NULL,รับประทานครั้งละ 1 เม็ด,NULL,NULL,"ภายใน 30 นาที ไม่ดีขึ้นให้ซ้ำอีก 1 เม็ด 
(ไม่เกิน 6 เม็ดต่อวัน 10 เม็ดต่อสัปดาห์)"
3874,1,100574,แก้ปวดไมเกรน,NULL,รับประทานครั้งละ 1 เม็ด,NULL,NULL,"ภายใน 30 นาที ไม่ดีขึ้นให้ซ้ำอีก 1 เม็ด 
(ไม่เกิน 6 เม็ดต่อวัน 10 เม็ดต่อสัปดาห์)"
3875,1,100575,แก้ปวดไมเกรน,,รับประทานครั้งละ 1 เม็ด,,NULL,"ภายใน 30 นาที ไม่ดีขึ้นให้ซ้ำอีก 1 เม็ด 
(ไม่เกิน 6 เม็ดต่อวัน 10 เม็ดต่อสัปดาห์)"
3876,1,100576,ขยายหลอดเลือด,NULL,รับประทานครั้งละ 1 เม็ด,NULL,NULL,ก่อนนอน        ยานี้ทำให้ง่วงนอน
3877,1,100577,ขยายหลอดเลือด,NULL,รับประทานครั้งละ 1 เม็ด,NULL,NULL,ก่อนนอน        ยานี้ทำให้ง่วงนอน
3878,1,100578,แก้วิงเวียนศรีษะ,เช้า-กลางวัน-เย็น,รับประทานครั้งละ 1-2 เม็ด,หลังอาหาร,NULL,ยานี้ทำให้ง่วงนอน
3879,1,100579,แก้วิงเวียนศรีษะ,เช้า-กลางวัน-เย็น,รับประทานครั้งละ 1-2 เม็ด,หลังอาหาร,NULL,NULL
3880,1,100580,แก้วิงเวียนศรีษะ,เช้า-กลางวัน-เย็น,รับประทานครั้งละ 1 เม็ด,หลังอาหาร,NULL,NULL
3881,1,100581,แก้วิงเวียนศรีษะ,เช้า-กลางวัน-เย็น,รับประทานครั้งละ 1 เม็ด,หลังอาหาร,NULL,NULL
3882,1,100582,แก้วิงเวียนศรีษะ,เช้า-กลางวัน-เย็น,รับประทานครั้งละ 1 เม็ด,หลังอาหาร,NULL,NULL
3883,1,100583,รักษาหูอื้อ,เช้า-กลางวัน-เย็น,รับประทานครั้งละ ......... ช้อนชา,หลังอาหาร,NULL,NULL
3884,1,100584,รักษาหูอื้อ,เช้า-เย็น,รับประทานครั้งละ 1 เม็ด,หลังอาหาร,NULL,NULL
3885,1,100585,บรรเทาอาการบ้านหมุน,เช้า-กลางวัน-เย็น,รับประทานครั้งละ 1 เม็ด,หลังอาหาร,NULL,NULL
3886,1,100586,บรรเทาอาการบ้านหมุน,เช้า-เย็น,รับประทานครั้งละ 1 เม็ด,หลังอาหาร,NULL,NULL
3887,1,100587,รักษาหูอื้อ,เช้า-เย็น,รับประทานครั้งละ 1 เม็ด,หลังอาหาร,NULL,NULL
3888,1,100588,แก้วิงเวียนศรีษะ,เช้า-กลางวัน-เย็น,รับประทานครั้งละ 1 เม็ด,หลังอาหาร,NULL,NULL
3889,1,100589,แก้วิงเวียนศรีษะ,เช้า-กลางวัน-เย็น,รับประทานครั้งละ 1 เม็ด,หลังอาหาร,NULL,ยานี้ทำให้ง่วงนอน
3890,1,100590,แก้วิงเวียนศรีษะ,เช้า-กลางวัน-เย็น,รับประทานครั้งละ 1 เม็ด,หลังอาหาร,NULL,NULL
3891,1,100591,แก้วิงเวียนศรีษะ,เช้า-กลางวัน-เย็น,รับประทานครั้งละ 1 เม็ด,หลังอาหาร,NULL,ยานี้ทำให้ง่วงนอน
3892,1,100592,แก้เมารถ เมาเรือ,NULL,รับประทานครั้งละ 1 เม็ด,NULL,NULL,ก่อนเดินทาง 30 นาที
3893,1,100593,แก้ปวดปลายประสาท,ก่อนนอน,รับประทานครั้งละ 1 เม็ด,NULL,NULL,ยานี้ทำให้ง่วงนอน
3894,1,100594,แก้ปวดปลายประสาท,ก่อนนอน,รับประทานครั้งละ 1 เม็ด,NULL,NULL,ยานี้ทำให้ง่วงนอน
3895,1,100595,นอนไม่หลับ คลายกังวล,NULL,รับประทานครั้งละ 1 เม็ด,NULL,NULL,ก่อนนอน ยานี้ทำให้ง่วงนอน
3896,1,100596,นอนไม่หลับ คลายกังวล,NULL,รับประทานครั้งละ 1 เม็ด,NULL,NULL,ก่อนนอน 30 นาที
3897,1,100597,แก้ปวดปลายประสาท,ก่อนนอน,รับประทานครั้งละ 1 เม็ด,NULL,NULL,ยานี้ทำให้ง่วงนอน
3898,1,100598,แก้ปวดปลายประสาท,ก่อนนอน,รับประทานครั้งละ 1 เม็ด,NULL,NULL,ยานี้ทำให้ง่วงนอน
3899,1,100599,แก้ปวดปลายประสาท,เช้า-กลางวัน-เย็น,รับประทานครั้งละ 1 เม็ด,หลังอาหาร,NULL,ยานี้ทำให้ง่วงนอน
3900,1,100600,แก้ปวดปลายประสาท,เช้า-กลางวัน-เย็น,รับประทานครั้งละ 1 เม็ด,หลังอาหาร,NULL,ยานี้ทำให้ง่วงนอน
3901,1,100601,นอนไม่หลับ คลายกังวล,NULL,รับประทานครั้งละ 1 เม็ด,NULL,NULL,ก่อนนอน 30 นาที
3902,1,100602,นอนไม่หลับ คลายกังวล,NULL,รับประทานครั้งละ 1 เม็ด,NULL,NULL,ก่อนนอน 30 นาที
3903,1,100603,รักษาโรคเบาหวาน,NULL,รับประทานตามแพทย์สั่ง  ,NULL,NULL,ห้ามปรับขนาดยาเอง โดยไม่มีคำสั่งแพทย์
3904,1,100604,รักษาโรคเบาหวาน,NULL,รับประทานตามแพทย์สั่ง  ,NULL,NULL,ห้ามปรับขนาดยาเอง โดยไม่มีคำสั่งแพทย์
3905,1,100605,รักษาโรคเบาหวาน,NULL,รับประทานตามแพทย์สั่ง  ,NULL,NULL,ห้ามปรับขนาดยาเอง โดยไม่มีคำสั่งแพทย์
3906,1,100606,รักษาโรคเบาหวาน,NULL,รับประทานตามแพทย์สั่ง  ,NULL,NULL,ห้ามปรับขนาดยาเอง โดยไม่มีคำสั่งแพทย์
3907,1,100607,รักษาโรคเบาหวาน,NULL,รับประทานตามแพทย์สั่ง  ,NULL,NULL,ห้ามปรับขนาดยาเอง โดยไม่มีคำสั่งแพทย์
3908,1,100608,ขับปัสสาวะ,NULL,รับประทานตามแพทย์สั่ง  ,NULL,NULL,ห้ามปรับขนาดยาเอง โดยไม่มีคำสั่งแพทย์
3909,1,100609,รักษาโรคเบาหวาน,NULL,รับประทานตามแพทย์สั่ง  ,NULL,NULL,ห้ามปรับขนาดยาเอง โดยไม่มีคำสั่งแพทย์
3910,1,100610,รักษาโรคเบาหวาน,NULL,รับประทานตามแพทย์สั่ง  ,NULL,NULL,ห้ามปรับขนาดยาเอง โดยไม่มีคำสั่งแพทย์
3911,1,100611,รักษาโรคเบาหวาน,NULL,รับประทานตามแพทย์สั่ง  ,NULL,NULL,ห้ามปรับขนาดยาเอง โดยไม่มีคำสั่งแพทย์
3912,1,100612,รักษาโรคเบาหวาน,NULL,รับประทานตามแพทย์สั่ง  ,NULL,NULL,ห้ามปรับขนาดยาเอง โดยไม่มีคำสั่งแพทย์
3913,1,100613,รักษาโรคเบาหวาน,NULL,รับประทานตามแพทย์สั่ง  ,NULL,NULL,ห้ามปรับขนาดยาเอง โดยไม่มีคำสั่งแพทย์
3914,1,100614,รักษาไทรอยด์,NULL,รับประทานครั้งละ 1 เม็ด,หลังอาหาร,NULL,NULL
3915,1,100615,รักษาไทรอยด์,NULL,รับประทานตามแพทย์สั่ง  ,NULL,NULL,ห้ามปรับขนาดยาเอง โดยไม่มีคำสั่งแพทย์
3916,1,100616,รักษาโรคเก๊าท์,NULL,รับประทานตามแพทย์สั่ง  ,NULL,NULL,ห้ามปรับขนาดยาเอง โดยไม่มีคำสั่งแพทย์
3917,1,100617,รักษาโรคเก๊าท์,NULL,รับประทานตามแพทย์สั่ง  ,NULL,NULL,ห้ามปรับขนาดยาเอง โดยไม่มีคำสั่งแพทย์
3918,1,100618,รักษาโรคเก๊าท์,NULL,รับประทานตามแพทย์สั่ง  ,NULL,NULL,ห้ามปรับขนาดยาเอง โดยไม่มีคำสั่งแพทย์
3919,1,100619,รักษาโรคเก๊าท์,วันละ 1 ครั้ง ช่วงเวลาเดียวกัน,รับประทานครั้งละ 1 เม็ด,หลังอาหาร,NULL,NULL
3920,1,100620,รักษาโรคเก๊าท์,วันละ 1 ครั้ง ช่วงเวลาเดียวกัน,รับประทานครั้งละ 1 เม็ด,หลังอาหาร,NULL,ยามีฤทธิ์ระคายเคืองกระเพาะอาหาร
3921,1,100621,รักษาต่อมลูกหมาก,NULL,รับประทานตามแพทย์สั่ง  ,NULL,NULL,ห้ามปรับขนาดยาเอง โดยไม่มีคำสั่งแพทย์
3922,1,100622,รักษาต่อมลูกหมาก,NULL,รับประทานตามแพทย์สั่ง  ,NULL,NULL,ห้ามปรับขนาดยาเอง โดยไม่มีคำสั่งแพทย์
3923,1,100623,ละลายและขับนิ่ว,เช้า-กลางวัน-เย็น,รับประทานครั้งละ 1-2 เม็ด,ก่อนอาหาร,NULL,NULL
3924,1,100624,ป้องกันการทำลายตับ,เช้า-กลางวัน-เย็น,รับประทานครั้งละ 1 เม็ด,หลังอาหาร,NULL,ใช้ติดต่อกัน 4-6 สัปดาห์
3925,1,100625,ลดความดันโลหิตสูง,NULL,รับประทานตามแพทย์สั่ง  ,NULL,NULL,ห้ามปรับขนาดยาเอง โดยไม่มีคำสั่งแพทย์
3926,1,100626,ลดความดันโลหิตสูง,NULL,รับประทานตามแพทย์สั่ง  ,NULL,NULL,ห้ามปรับขนาดยาเอง โดยไม่มีคำสั่งแพทย์
3927,1,100627,ลดความดันโลหิตสูง,NULL,รับประทานตามแพทย์สั่ง  ,NULL,NULL,ห้ามปรับขนาดยาเอง โดยไม่มีคำสั่งแพทย์
3928,1,100628,ลดความดันโลหิตสูง,NULL,รับประทานตามแพทย์สั่ง  ,NULL,NULL,ห้ามปรับขนาดยาเอง โดยไม่มีคำสั่งแพทย์
3929,1,100629,ลดความดันโลหิตสูง,NULL,รับประทานตามแพทย์สั่ง  ,NULL,NULL,ห้ามปรับขนาดยาเอง โดยไม่มีคำสั่งแพทย์
3930,1,100630,ลดความดันโลหิตสูง,NULL,รับประทานตามแพทย์สั่ง  ,NULL,NULL,ห้ามปรับขนาดยาเอง โดยไม่มีคำสั่งแพทย์
3931,1,100631,ลดความดันโลหิตสูง,NULL,รับประทานตามแพทย์สั่ง  ,NULL,NULL,ห้ามปรับขนาดยาเอง โดยไม่มีคำสั่งแพทย์
3932,1,100632,โรคหัวใจ,NULL,รับประทานตามแพทย์สั่ง  ,NULL,NULL,ห้ามปรับขนาดยาเอง โดยไม่มีคำสั่งแพทย์
3933,1,100633,โรคหัวใจ,NULL,รับประทานตามแพทย์สั่ง  ,NULL,NULL,ห้ามปรับขนาดยาเอง โดยไม่มีคำสั่งแพทย์
3934,1,100634,โรคหัวใจ,NULL,รับประทานตามแพทย์สั่ง  ,NULL,NULL,ห้ามปรับขนาดยาเอง โดยไม่มีคำสั่งแพทย์
3935,1,100635,โรคหัวใจ,NULL,รับประทานตามแพทย์สั่ง  ,NULL,NULL,ห้ามปรับขนาดยาเอง โดยไม่มีคำสั่งแพทย์
3936,1,100636,โรคหัวใจ,NULL,รับประทานตามแพทย์สั่ง  ,NULL,NULL,ห้ามปรับขนาดยาเอง โดยไม่มีคำสั่งแพทย์
3937,1,100637,ลดความดันโลหิตสูง,NULL,รับประทานตามแพทย์สั่ง  ,NULL,NULL,ห้ามปรับขนาดยาเอง โดยไม่มีคำสั่งแพทย์
3938,1,100638,ลดความดันโลหิตสูง,NULL,รับประทานตามแพทย์สั่ง  ,NULL,NULL,ห้ามปรับขนาดยาเอง โดยไม่มีคำสั่งแพทย์
3939,1,100639,ลดความดันโลหิตสูง,NULL,รับประทานตามแพทย์สั่ง  ,NULL,NULL,ห้ามปรับขนาดยาเอง โดยไม่มีคำสั่งแพทย์
3940,1,100640,ลดความดันโลหิตสูง,NULL,รับประทานตามแพทย์สั่ง  ,NULL,NULL,ห้ามปรับขนาดยาเอง โดยไม่มีคำสั่งแพทย์
3941,1,100641,ลดไขมันในเลือดสูง,NULL,รับประทานตามแพทย์สั่ง  ,NULL,NULL,ห้ามปรับขนาดยาเอง โดยไม่มีคำสั่งแพทย์
3942,1,100642,ลดไขมันในเลือดสูง,NULL,รับประทานตามแพทย์สั่ง  ,NULL,NULL,ห้ามปรับขนาดยาเอง โดยไม่มีคำสั่งแพทย์
3943,1,100643,ลดไขมันในเลือดสูง,NULL,รับประทานตามแพทย์สั่ง  ,NULL,NULL,ห้ามปรับขนาดยาเอง โดยไม่มีคำสั่งแพทย์
3944,1,100644,ลดไขมันในเลือดสูง,NULL,รับประทานตามแพทย์สั่ง  ,NULL,NULL,ห้ามปรับขนาดยาเอง โดยไม่มีคำสั่งแพทย์
3945,1,100645,ลดไขมันในเลือดสูง,NULL,รับประทานตามแพทย์สั่ง  ,NULL,NULL,ห้ามปรับขนาดยาเอง โดยไม่มีคำสั่งแพทย์
3946,1,100646,ลดคลอเรสเตอรอล,NULL,รับประทานตามแพทย์สั่ง  ,NULL,NULL,ห้ามปรับขนาดยาเอง โดยไม่มีคำสั่งแพทย์
3947,1,100647,ลดไขมันในเลือดสูง,NULL,รับประทานตามแพทย์สั่ง  ,NULL,NULL,ห้ามปรับขนาดยาเอง โดยไม่มีคำสั่งแพทย์
3948,1,100648,ลดไขมันในเลือดสูง,NULL,รับประทานตามแพทย์สั่ง  ,NULL,NULL,ห้ามปรับขนาดยาเอง โดยไม่มีคำสั่งแพทย์
3949,1,100649,ลดไขมันในเลือดสูง,NULL,รับประทานตามแพทย์สั่ง  ,NULL,NULL,ห้ามปรับขนาดยาเอง โดยไม่มีคำสั่งแพทย์
3950,1,100650,ลดไตรกลีเซอไรด์,NULL,รับประทานตามแพทย์สั่ง  ,NULL,NULL,ห้ามปรับขนาดยาเอง โดยไม่มีคำสั่งแพทย์
3951,1,100651,ลดไตรกลีเซอไรด์,NULL,รับประทานตามแพทย์สั่ง  ,NULL,NULL,ห้ามปรับขนาดยาเอง โดยไม่มีคำสั่งแพทย์
3952,1,100652,ลดความดันโลหิตสูง,NULL,รับประทานตามแพทย์สั่ง  ,NULL,NULL,ห้ามปรับขนาดยาเอง โดยไม่มีคำสั่งแพทย์
3953,1,100653,ลดความดันโลหิตสูง,NULL,รับประทานตามแพทย์สั่ง  ,NULL,NULL,ห้ามปรับขนาดยาเอง โดยไม่มีคำสั่งแพทย์
3954,1,100654,ลดความดันโลหิตสูง,NULL,รับประทานตามแพทย์สั่ง  ,NULL,NULL,ห้ามปรับขนาดยาเอง โดยไม่มีคำสั่งแพทย์
3955,1,100655,ลดความดันโลหิตสูง,NULL,รับประทานตามแพทย์สั่ง  ,NULL,NULL,ห้ามปรับขนาดยาเอง โดยไม่มีคำสั่งแพทย์
3956,1,100656,ลดความดันโลหิตสูง,NULL,รับประทานตามแพทย์สั่ง  ,NULL,NULL,ห้ามปรับขนาดยาเอง โดยไม่มีคำสั่งแพทย์
3957,1,100657,ลดความดันโลหิตสูง,NULL,รับประทานตามแพทย์สั่ง  ,NULL,NULL,ห้ามปรับขนาดยาเอง โดยไม่มีคำสั่งแพทย์
3958,1,100658,ลดความดันโลหิตสูง,NULL,รับประทานตามแพทย์สั่ง  ,NULL,NULL,ห้ามปรับขนาดยาเอง โดยไม่มีคำสั่งแพทย์
3959,1,100659,ลดความดันโลหิตสูง,NULL,รับประทานตามแพทย์สั่ง  ,NULL,NULL,ห้ามปรับขนาดยาเอง โดยไม่มีคำสั่งแพทย์
3960,1,100660,ลดความดันโลหิตสูง,NULL,รับประทานตามแพทย์สั่ง  ,NULL,NULL,ห้ามปรับขนาดยาเอง โดยไม่มีคำสั่งแพทย์
3961,1,100661,ลดความดันโลหิตสูง,NULL,รับประทานตามแพทย์สั่ง  ,NULL,NULL,ห้ามปรับขนาดยาเอง โดยไม่มีคำสั่งแพทย์
3962,1,100662,ลดความดันโลหิตสูง,NULL,รับประทานตามแพทย์สั่ง  ,NULL,NULL,ห้ามปรับขนาดยาเอง โดยไม่มีคำสั่งแพทย์
3963,1,100663,ลดความดันโลหิตสูง,NULL,รับประทานตามแพทย์สั่ง  ,NULL,NULL,ห้ามปรับขนาดยาเอง โดยไม่มีคำสั่งแพทย์
3964,1,100664,ลดความดันโลหิตสูง,NULL,รับประทานตามแพทย์สั่ง  ,NULL,NULL,ห้ามปรับขนาดยาเอง โดยไม่มีคำสั่งแพทย์
3965,1,100665,ลดความดันโลหิตสูง,NULL,รับประทานตามแพทย์สั่ง  ,NULL,NULL,ห้ามปรับขนาดยาเอง โดยไม่มีคำสั่งแพทย์
3966,1,100666,ลดความดันโลหิตสูง,NULL,รับประทานตามแพทย์สั่ง  ,NULL,NULL,ห้ามปรับขนาดยาเอง โดยไม่มีคำสั่งแพทย์
3967,1,100667,ลดความดันโลหิตสูง,NULL,รับประทานตามแพทย์สั่ง  ,NULL,NULL,ห้ามปรับขนาดยาเอง โดยไม่มีคำสั่งแพทย์
3968,1,100668,ลดความดันโลหิตสูง,NULL,รับประทานตามแพทย์สั่ง  ,NULL,NULL,ห้ามปรับขนาดยาเอง โดยไม่มีคำสั่งแพทย์
3969,1,100669,ลดความดันโลหิตสูง,NULL,รับประทานตามแพทย์สั่ง  ,NULL,NULL,ห้ามปรับขนาดยาเอง โดยไม่มีคำสั่งแพทย์
3970,1,100670,ลดความดันโลหิตสูง,NULL,รับประทานตามแพทย์สั่ง  ,NULL,NULL,ห้ามปรับขนาดยาเอง โดยไม่มีคำสั่งแพทย์
3971,1,100671,ลดความดันโลหิตสูง,NULL,รับประทานตามแพทย์สั่ง  ,NULL,NULL,ห้ามปรับขนาดยาเอง โดยไม่มีคำสั่งแพทย์
3972,1,100676,เลื่อนประจำเดือน,NULL,รับประทานครั้งละ ............. เม็ด,NULL,NULL,NULL
3973,1,100677,เลื่อนประจำเดือน,เช้า-กลางวัน-เย็น,รับประทานครั้งละ ............. เม็ด,หลังอาหาร,NULL,ดื่มน้ำตามมากๆ
3974,1,100678,ปรับฮอร์โมน,NULL,รับประทานตามแพทย์สั่ง  ,NULL,NULL,ห้ามปรับขนาดยาเอง โดยไม่มีคำสั่งแพทย์
3975,1,100680,ปรับฮอร์โมน,NULL,รับประทานตามแพทย์สั่ง  ,NULL,NULL,NULL
3976,1,100684,ฆ่าเชื้อแบคทีเรีย,เช้า-เย็น,ทาวันละ 2 ครั้ง,NULL,NULL,NULL
3977,1,100685,รักษาแผลในปาก,เช้า-กลางวัน-เย็น,ทาวันละ 3 ครั้ง,หลังอาหาร,NULL,NULL
3978,1,100686,รักษาแผลในปาก,เช้า-เย็น,ทาวันละ 2 ครั้ง,หลังอาหาร,NULL,NULL
3979,1,100687,รักษาแผลในปาก,เช้า-เย็น,รับประทานครั้งละ 1 เม็ด,หลังอาหาร,NULL,NULL
3980,1,100688,รักษาแผลในปาก,เช้า-เย็น,ทาวันละ 2 ครั้ง,หลังอาหาร,NULL,NULL
3981,1,100689,รักษาแผลในปาก,เช้า-เย็น,ทาวันละ 2 ครั้ง,หลังอาหาร,NULL,NULL
3982,1,100690,รักษาแผลในปาก,เช้า-เย็น,ทาวันละ 2 ครั้ง,หลังอาหาร,NULL,NULL
3983,1,100691,รักษาแผลในปาก,เช้า-เย็น,ทาวันละ 2 ครั้ง,หลังอาหาร,NULL,NULL
3984,1,100693,ฆ่าเชื้อแบคทีเรีย,เช้า-เย็น,ทาวันละ 2 ครั้ง,NULL,NULL,ติดต่อกัน 10 วัน
3985,1,100694,ฆ่าเชื้อที่ผิวหนัง,เช้า-เย็น,ทาวันละ 2 ครั้ง,NULL,NULL,NULL
3986,1,100695,แก้แพ้ผื่นคัน,เช้า-กลางวัน-เย็น,ทาวันละ 3 ครั้ง,NULL,NULL,NULL
3987,1,100696,แก้แพ้ผื่นคัน,เช้า-กลางวัน-เย็น,ทาวันละ 3 ครั้ง,NULL,NULL,NULL
3988,1,100697,บรรเทาอาการอ่อนเพลีย,ทุกครั้งที่มีอาการ,รับประทานครั้งละ 2 ช้อนโต๊ะ,NULL,NULL,ละลายในน้ำ 200 มล.
3989,1,100698,รักษาอาการคันจากเชื้อรา,เช้า-เย็น,ทาวันละ 2 ครั้ง,NULL,NULL,NULL
3990,1,100699,ปรับสมดุลช่องคลอด,NULL,หยอดครั้งละ 1 แท่ง,NULL,NULL,ก่อนนอน
3991,1,100700,ยาคุมกำเนิด,วันละ 1 ครั้ง ช่วงเวลาเดียวกัน,รับประทานครั้งละ 1 เม็ด,NULL,NULL,NULL
3992,1,100701,ยาคุมกำเนิด,วันละ 1 ครั้ง ช่วงเวลาเดียวกัน,รับประทานครั้งละ 1 เม็ด,NULL,NULL,NULL
3993,1,100702,ยาคุมกำเนิด,วันละ 1 ครั้ง ช่วงเวลาเดียวกัน,รับประทานครั้งละ 1 เม็ด,NULL,NULL,NULL
3994,1,100703,ยาคุมกำเนิด,วันละ 1 ครั้ง ช่วงเวลาเดียวกัน,รับประทานครั้งละ 1 เม็ด,NULL,NULL,NULL
3995,1,100704,ยาคุมกำเนิด,วันละ 1 ครั้ง ช่วงเวลาเดียวกัน,รับประทานครั้งละ 1 เม็ด,NULL,NULL,NULL
3996,1,100705,ยาคุมกำเนิด,วันละ 1 ครั้ง ช่วงเวลาเดียวกัน,รับประทานครั้งละ 1 เม็ด,NULL,NULL,NULL
3997,1,100706,ยาคุมกำเนิด,วันละ 1 ครั้ง ช่วงเวลาเดียวกัน,รับประทานครั้งละ 1 เม็ด,NULL,NULL,NULL
3998,1,100707,ยาคุมกำเนิด,วันละ 1 ครั้ง ช่วงเวลาเดียวกัน,รับประทานครั้งละ 1 เม็ด,NULL,NULL,NULL
3999,1,100708,ยาคุมกำเนิด,วันละ 1 ครั้ง ช่วงเวลาเดียวกัน,รับประทานครั้งละ 1 เม็ด,NULL,NULL,NULL
4000,1,100709,ยาคุมกำเนิด,วันละ 1 ครั้ง ช่วงเวลาเดียวกัน,รับประทานครั้งละ 1 เม็ด,NULL,NULL,NULL
4001,1,100710,ยาคุมกำเนิด,วันละ 1 ครั้ง ช่วงเวลาเดียวกัน,รับประทานครั้งละ 1 เม็ด,NULL,NULL,NULL
4002,1,100711,ยาคุมกำเนิด,วันละ 1 ครั้ง ช่วงเวลาเดียวกัน,รับประทานครั้งละ 1 เม็ด,NULL,NULL,NULL
4003,1,100712,ยาคุมกำเนิด,วันละ 1 ครั้ง ช่วงเวลาเดียวกัน,รับประทานครั้งละ 1 เม็ด,NULL,NULL,NULL
4004,1,100713,ยาคุมกำเนิด,วันละ 1 ครั้ง ช่วงเวลาเดียวกัน,รับประทานครั้งละ 1 เม็ด,NULL,NULL,NULL
4005,1,100714,ยาคุมกำเนิด,วันละ 1 ครั้ง ช่วงเวลาเดียวกัน,รับประทานครั้งละ 1 เม็ด,NULL,NULL,NULL
4006,1,100715,ยาคุมกำเนิด,วันละ 1 ครั้ง ช่วงเวลาเดียวกัน,รับประทานครั้งละ 1 เม็ด,NULL,NULL,NULL
4007,1,100716,ยาคุมกำเนิด,วันละ 1 ครั้ง ช่วงเวลาเดียวกัน,รับประทานครั้งละ 1 เม็ด,NULL,NULL,NULL
4008,1,100717,ยาคุมกำเนิด,วันละ 1 ครั้ง ช่วงเวลาเดียวกัน,รับประทานครั้งละ 1 เม็ด,NULL,NULL,NULL
4009,1,100718,ยาคุมกำเนิด,วันละ 1 ครั้ง ช่วงเวลาเดียวกัน,รับประทานครั้งละ 1 เม็ด,NULL,NULL,NULL
4010,1,100719,ยาคุมกำเนิด,วันละ 1 ครั้ง ช่วงเวลาเดียวกัน,รับประทานครั้งละ 1 เม็ด,NULL,NULL,NULL
4011,1,100720,ยาคุมกำเนิด,วันละ 1 ครั้ง ช่วงเวลาเดียวกัน,รับประทานครั้งละ 1 เม็ด,NULL,NULL,NULL
4012,1,100721,ยาคุมกำเนิด,วันละ 1 ครั้ง ช่วงเวลาเดียวกัน,รับประทานครั้งละ 1 เม็ด,NULL,NULL,NULL
4013,1,100722,ยาคุมกำเนิด,วันละ 1 ครั้ง ช่วงเวลาเดียวกัน,รับประทานครั้งละ 1 เม็ด,NULL,NULL,NULL
4014,1,100723,ยาคุมกำเนิด,วันละ 1 ครั้ง ช่วงเวลาเดียวกัน,รับประทานครั้งละ 1 เม็ด,NULL,NULL,NULL
4015,1,100724,ยาคุมกำเนิด,วันละ 1 ครั้ง ช่วงเวลาเดียวกัน,รับประทานครั้งละ 1 เม็ด,NULL,NULL,NULL
4016,1,100725,ยาคุมฉุกเฉิน,NULL,รับประทานครั้งละ 1 เม็ด,NULL,NULL,ครั้งเดียว หลังมีเพศสัมพันธ์ไม่เกิน 3 วัน
4017,1,100726,ยาคุมกำเนิด,วันละ 1 ครั้ง ช่วงเวลาเดียวกัน,รับประทานครั้งละ 1 เม็ด,NULL,NULL,NULL
4018,1,100727,ยาคุมฉุกเฉิน,NULL,รับประทานครั้งละ 1 เม็ด,NULL,NULL,ครั้งเดียว หลังมีเพศสัมพันธ์ไม่เกิน 3 วัน
4019,1,100728,ยาคุมกำเนิด,วันละ 1 ครั้ง ช่วงเวลาเดียวกัน,เหน็บครั้งละ 1 แท่ง,NULL,NULL,เหน็บเข้าช่องคลอด เช้า-ก่อนนอน
4020,1,100729,ยาคุมกำเนิด,วันละ 1 ครั้ง ช่วงเวลาเดียวกัน,รับประทานครั้งละ 1 เม็ด,NULL,NULL,NULL
4021,1,100730,ยาคุมกำเนิด,วันละ 1 ครั้ง ช่วงเวลาเดียวกัน,รับประทานครั้งละ 1 เม็ด,NULL,NULL,NULL
4022,1,100731,ยาคุมกำเนิด,วันละ 1 ครั้ง ช่วงเวลาเดียวกัน,รับประทานครั้งละ 1 เม็ด,NULL,NULL,NULL
4023,1,100732,ยาคุมกำเนิด,วันละ 1 ครั้ง ช่วงเวลาเดียวกัน,รับประทานครั้งละ 1 เม็ด,NULL,NULL,NULL
4024,1,100733,ยาคุมกำเนิด,วันละ 1 ครั้ง ช่วงเวลาเดียวกัน,รับประทานครั้งละ 1 เม็ด,NULL,NULL,NULL
4025,1,100734,ยาคุมกำเนิด,วันละ 1 ครั้ง ช่วงเวลาเดียวกัน,รับประทานครั้งละ 1 เม็ด,NULL,NULL,NULL
4026,1,100735,ยาคุมกำเนิด,วันละ 1 ครั้ง ช่วงเวลาเดียวกัน,รับประทานครั้งละ 1 เม็ด,NULL,NULL,NULL
4027,1,100736,ยาคุมกำเนิด,วันละ 1 ครั้ง ช่วงเวลาเดียวกัน,รับประทานครั้งละ 1 เม็ด,NULL,NULL,NULL
4028,1,100737,ยาคุมกำเนิด,วันละ 1 ครั้ง ช่วงเวลาเดียวกัน,รับประทานครั้งละ 1 เม็ด,NULL,NULL,NULL
4029,1,100738,ยาคุมกำเนิด,วันละ 1 ครั้ง ช่วงเวลาเดียวกัน,รับประทานครั้งละ 1 เม็ด,NULL,NULL,NULL
4030,1,100739,ยาคุมกำเนิด,วันละ 1 ครั้ง ช่วงเวลาเดียวกัน,รับประทานครั้งละ 1 เม็ด,NULL,NULL,NULL
4031,1,100740,ยาคุมกำเนิด,วันละ 1 ครั้ง ช่วงเวลาเดียวกัน,รับประทานครั้งละ 1 เม็ด,NULL,NULL,NULL
4032,1,100741,ยาคุมกำเนิด,วันละ 1 ครั้ง ช่วงเวลาเดียวกัน,รับประทานครั้งละ 1 เม็ด,NULL,NULL,NULL
4033,1,100742,ยาคุมกำเนิด,วันละ 1 ครั้ง ช่วงเวลาเดียวกัน,รับประทานครั้งละ 1 เม็ด,NULL,NULL,NULL
4034,1,100743,ยาคุมกำเนิด,วันละ 1 ครั้ง ช่วงเวลาเดียวกัน,รับประทานครั้งละ 1 เม็ด,NULL,NULL,NULL
4035,1,100744,ยาคุมกำเนิด,วันละ 1 ครั้ง ช่วงเวลาเดียวกัน,รับประทานครั้งละ 1 เม็ด,NULL,NULL,NULL
4036,1,100745,ยาคุมกำเนิด,วันละ 1 ครั้ง ช่วงเวลาเดียวกัน,รับประทานครั้งละ 1 เม็ด,NULL,NULL,NULL
4037,1,100746,ยาคุมกำเนิด,วันละ 1 ครั้ง ช่วงเวลาเดียวกัน,รับประทานครั้งละ 1 เม็ด,NULL,NULL,NULL
4038,1,100747,รักษาช่องคลอดติดเชื้อ,NULL,เหน็บครั้งละ 1 แท่ง,NULL,NULL,ก่อนนอน
4039,1,100748,รักษาช่องคลอดติดเชื้อ,NULL,เหน็บครั้งละ 1 แท่ง,NULL,NULL,ก่อนนอน
4040,1,100749,รักษาช่องคลอดติดเชื้อ,NULL,เหน็บครั้งละ 1 แท่ง,NULL,NULL,ก่อนนอน
4041,1,100750,กำจัดเหา,เช้า-เย็น,ทาวันละ 2 ครั้ง,NULL,NULL,ขยี้ลงศีรษะ ทิ้ง 5 นาที ใช้ติดต่อกัน 10 วัน
4042,1,100751,บำรุงสายตา,NULL,รับประทานครั้งละ 1 เม็ด,พร้อมอาหาร,NULL,ตอนเช้า
4043,1,100752,ลดคลอเรสเตอรอล,NULL,รับประทานครั้งละ 1 เม็ด,พร้อมอาหาร,NULL,ตอนเช้า
4044,1,100753,รักษาสิว,NULL,รับประทานครั้งละ 1 เม็ด,พร้อมอาหาร,NULL,ตอนเช้า
4045,1,100754,ช่วยเสริมการทำงานของสมอง,NULL,รับประทานครั้งละ 1 เม็ด,พร้อมอาหาร,NULL,ตอนเช้า
4046,1,100755,รักษาผมร่วง,NULL,รับประทานครั้งละ 1 เม็ด,พร้อมอาหาร,NULL,ตอนเช้า
4047,1,100756,บำรุงผิวพรรณ,NULL,รับประทานครั้งละ 1 เม็ด,พร้อมอาหาร,NULL,วันละ1ครั้ง
4048,1,100757,เสริมสมรรถภาพทางเพศ ,NULL,รับประทานครั้งละ 1 เม็ด,พร้อมอาหาร,เก็บในอุณหภูมิห้อง,ตอนเช้า
4049,1,100758,บำรุงผม ผิว เล็บ ชะลอริ้วรอย ลดคลอเรสเตอรอล,NULL,รับประทานครั้งละ 1 เม็ด,พร้อมอาหาร,เก็บในอุณหภูมิห้อง,ตอนเช้า
4050,1,100759,ช่วยการเผาผลาญพลังงานให้ดียิ่งขึ้น,NULL,รับประทานครั้งละ 1 เม็ด,พร้อมอาหาร,เก็บในอุณหภูมิห้อง,ตอนเช้า
4051,1,100760,ช่วยบำรุงสมอง และความจำ,NULL,รับประทานครั้งละ 1 เม็ด,พร้อมอาหาร,NULL,ตอนเช้า
4052,1,100761,ลดคลอเรสเตอรอล ลดไขมันอุดตัน บำรุงตับ,NULL,รับประทานครั้งละ 1 เม็ด,พร้อมอาหาร,NULL,ตอนเช้า
4053,1,100762,ลดอาการก่อนมีประจำเดือน ช่วยปัญหาวัยทอง,NULL,รับประทานครั้งละ 1 เม็ด,พร้อมอาหาร,NULL,ตอนเช้า
4054,1,100763,ช่วยดูแลสุขภาพ ช่องคลอด,NULL,รับประทานครั้งละ 1 เม็ด,พร้อมอาหาร,NULL,ตอนเช้า
4055,1,100764,ช่วยควบคุมระดับ คลอเรสเตอรอล,NULL,รับประทานครั้งละ 1 เม็ด,พร้อมอาหาร,NULL,ตอนเช้า
4056,1,100765,บำรุงร่างกาย ,เช้า-กลางวัน-เย็น,รับประทานครั้งละ 2 เม็ด,หลังอาหาร,NULL,NULL
4057,1,100766,ช่วยให้นอนหลับ,NULL,รับประทานครั้งละ 1-2 เม็ด,NULL,NULL,ก่อนนอน
4058,1,100767,เพิ่มกากใย ช่วยให้ระบาย,NULL,รับประทานครั้งละ 1 ซอง,NULL,NULL,ละลายน้ำธรรมดา
4059,1,100768,ลดคลอเรสเตอรอล,NULL,รับประทานครั้งละ 1 เม็ด,พร้อมอาหาร,NULL,ตอนเช้า
4060,1,100769,ช่วยให้นอนหลับ,เช้า-กลางวัน-เย็น,รับประทานครั้งละ 1 เม็ด,หลังอาหาร,NULL,NULL
4061,1,100770,บำรุงร่างกาย ,เช้า-เย็น,รับประทานครั้งละ 1 เม็ด,หลังอาหาร,NULL,NULL
4062,1,100771,ช่วยบำรุงสมอง และความจำ,NULL,รับประทานครั้งละ 1 เม็ด,พร้อมอาหาร,NULL,ตอนเช้า
4063,1,100772,บำรุงผม เล็บ ช่วยผลิตสเปริ์มให้แข็งแรง,NULL,รับประทานครั้งละ 1 เม็ด,พร้อมอาหาร,NULL,ตอนเช้า
4064,1,100773,บรรเทาอาการ เหน็บชา,NULL,รับประทานครั้งละ 1 เม็ด,พร้อมอาหาร,NULL,ตอนเช้า
4065,1,100774,บำรุงผิวพรรณ,NULL,รับประทานครั้งละ 1 เม็ด,พร้อมอาหาร,NULL,ตอนเช้า
4066,1,100775,ป้องกันหวัด บำรุงผิวใส,NULL,รับประทานครั้งละ 1 เม็ด,พร้อมอาหาร,NULL,ตอนเช้า
4067,1,100776,ชะลอ และป้องกันการเกิดริ้วรอยแห่งวัย,NULL,รับประทานครั้งละ 1 เม็ด,พร้อมอาหาร,NULL,ตอนเช้า
4068,1,100777,เสริมภูมิคุ้มกัน บำรุงผิวพรรณ,NULL,รับประทานครั้งละ 1 เม็ด,พร้อมอาหาร,NULL,ตอนเช้า
4069,1,100778,ชะลอ และป้องกันการเกิดริ้วรอยแห่งวัย,NULL,รับประทานครั้งละ 1 เม็ด,พร้อมอาหาร,NULL,ตอนเช้า
4070,1,100779,ชะลอ และป้องกันการเกิดริ้วรอยแห่งวัย,NULL,รับประทานครั้งละ 1 เม็ด,พร้อมอาหาร,NULL,ตอนเช้า
4071,1,100780,แก้ปวดไมเกรน,NULL,รับประทานครั้งละ 1 เม็ด,พร้อมอาหาร,NULL,ตอนเช้า
4072,1,100781,บำรุงผิวพรรณ,NULL,รับประทานครั้งละ 1 เม็ด,พร้อมอาหาร,NULL,ตอนเช้า
4073,1,100782,บำรุงผิวพรรณ,NULL,รับประทานครั้งละ 1 เม็ด,พร้อมอาหาร,NULL,ตอนเช้า
4074,1,100783,ช่วยบำรุงสมอง และความจำ,เช้า-กลางวัน-เย็น,รับประทานครั้งละ 1 เม็ด,พร้อมอาหาร,NULL,NULL
4075,1,100784,ช่วยบำรุงสมอง และความจำ,NULL,รับประทานครั้งละ 1 เม็ด,พร้อมอาหาร,NULL,ตอนเช้า
4076,1,100785,บำรุงสตรีมีครรภ์ ก่อนและหลังคลอด,NULL,รับประทานครั้งละ 1 เม็ด,หลังอาหาร,NULL,ตอนเช้า
4077,1,100786,ช่วยบำรุงสมอง และความจำ,NULL,รับประทานครั้งละ 1 เม็ด,พร้อมอาหาร,NULL,ตอนเช้า
4078,1,100787,ทาผิว และ บำรุงผม ,เช้า-เย็น,รับประทานครั้งละ 1-2 ช้อนโต๊ะ,ก่อนอาหาร,NULL,สามารถ รับประทานได้
4079,1,100788,ทาผิว และ บำรุงผม ,เช้า-เย็น,รับประทานครั้งละ 1-2 ช้อนโต๊ะ,ก่อนอาหาร,NULL,สามารถ รับประทานได้
4080,1,100789,โปรตีนจากไข่ขาว,เช้า-กลางวัน-เย็น,รับประทานครั้งละ 1-2 เม็ด,หลังอาหาร,NULL,NULL
4081,1,100790,โปรตีนจากถั่วเหลือง,เช้า-เย็น,รับประทานครั้งละ 2 เม็ด,หลังอาหาร,NULL,NULL
4082,1,100791,โปรตีนจากไข่ขาว,NULL,รับประทานครั้งละ 2 เม็ด,หลังอาหาร,NULL,ตอนเช้า
4083,1,100792,โปรตีนจากไข่ขาว,NULL,รับประทานครั้งละ 2 เม็ด,หลังอาหาร,NULL,ตอนเช้า
4084,1,100793,บำรุงร่างกาย ,เช้า-เย็น,รับประทานครั้งละ 1 เม็ด,หลังอาหาร,NULL,NULL
4085,1,100794,เสริมภูมิคุ้มกัน บำรุงผิวพรรณ,NULL,รับประทานครั้งละ 1 เม็ด,หลังอาหาร,NULL,ตอนเช้า
4086,1,100795,เสริมภูมิคุ้มกัน บำรุงผิวพรรณ,NULL,รับประทานครั้งละ 1 เม็ด,หลังอาหาร,NULL,ตอนเช้า
4087,1,100796,เสริมภูมิคุ้มกัน บำรุงผิวพรรณ,NULL,รับประทานครั้งละ 1 เม็ด,หลังอาหาร,NULL,ตอนเช้า
4088,1,100797,เสริมภูมิคุ้มกัน บำรุงผิวพรรณ,เช้า-เย็น,รับประทานครั้งละ 1 เม็ด,หลังอาหาร,NULL,NULL
4089,1,100798,เสริมภูมิคุ้มกัน บำรุงผิวพรรณ,NULL,รับประทานครั้งละ 1 เม็ด,หลังอาหาร,NULL,ตอนเช้า
4090,1,100799,เสริมภูมิคุ้มกัน บำรุงผิวพรรณ,NULL,รับประทานครั้งละ 1 เม็ด,หลังอาหาร,NULL,ตอนเช้า
4091,1,100800,บรรเทาอาการ เหน็บชา,NULL,รับประทานครั้งละ 1 เม็ด,หลังอาหาร,NULL,ตอนเช้า
4092,1,100801,บำรุงประสาท และ สมอง,NULL,รับประทานครั้งละ 1 เม็ด,หลังอาหาร,NULL,ตอนเช้า
4093,1,100802,บำรุงสตรีมีครรภ์ ก่อนและหลังคลอด,NULL,รับประทานครั้งละ 1 เม็ด,พร้อมอาหาร,NULL,ตอนเช้า
4094,1,100803,เสริมภูมิคุ้มกัน บำรุงผิวพรรณ,NULL,รับประทานครั้งละ 1 เม็ด,พร้อมอาหาร,NULL,ตอนเช้า
4095,1,100804,เสริมภูมิคุ้มกัน บำรุงผิวพรรณ,เช้า-เย็น,รับประทานครั้งละ 1 เม็ด,พร้อมอาหาร,NULL,ตอนเช้า
4096,1,100805,ลดคลอเรสเตอรอล ลดไขมันอุดตัน บำรุงตับ,NULL,รับประทานครั้งละ 1 เม็ด,พร้อมอาหาร,NULL,NULL
4097,1,100806,บำรุงฮอร์โมนเพศหญิง ลดอาการปวดประจำเดือน,NULL,รับประทานครั้งละ 1 เม็ด,พร้อมอาหาร,NULL,ตอนเช้า
4098,1,100807,แก้ปวดไมเกรน,NULL,รับประทานครั้งละ 1 เม็ด,หลังอาหาร,NULL,ตอนเช้า
4099,1,100808,บรรเทาอาการ เหน็บชา,NULL,รับประทานครั้งละ 1 เม็ด,พร้อมอาหาร,NULL,ตอนเช้า
4100,1,100809,บรรเทาอาการ เหน็บชา,NULL,รับประทานครั้งละ 1 เม็ด,พร้อมอาหาร,NULL,ตอนเช้า
4101,1,100810,รักษาผมร่วง,NULL,รับประทานครั้งละ 1 เม็ด,หลังอาหาร,NULL,ตอนเช้า
4102,1,100811,เสริมภูมิคุ้มกัน บำรุงผิวพรรณ,NULL,รับประทานครั้งละ 1 เม็ด,หลังอาหาร,NULL,ตอนเช้า
4103,1,100812,ลดไขมันในเลือดสูง,NULL,รับประทานครั้งละ 1-2 เม็ด,หลังอาหาร,NULL,ตอนเช้า
4104,1,100813,เสริมภูมิคุ้มกัน บำรุงผิวพรรณ,NULL,รับประทานครั้งละ 1 เม็ด,พร้อมอาหาร,NULL,ตอนเช้า
4105,1,100814,เสริมสร้างกล้ามเนื้อในร่างกาย,NULL,รับประทานครั้งละ 1 ซอง,NULL,NULL,น้ำปริมาณ 150 มล.
4106,1,100815,โรคข้อเข่าเสื่อม อาการปวดเข่า,NULL,รับประทานครั้งละ 1 ซอง,NULL,NULL,น้ำปริมาณ 180 มล. /วันละ1ครั้ง
4107,1,100816,ชะลอ และป้องกันการเกิดริ้วรอยแห่งวัย,NULL,รับประทานครั้งละ 1 ซอง,NULL,NULL,น้ำปริมาณ 180 มล. /วันละ1ครั้ง
4108,1,100817,ชะลอ และป้องกันการเกิดริ้วรอยแห่งวัย,NULL,รับประทานครั้งละ 1 ซอง,NULL,NULL,น้ำปริมาณ 180 มล. /วันละ1ครั้ง
4109,1,100818,รักษาตาติดเชื้อ,เช้า-กลางวัน-เย็น-ก่อนนอน,หยอดครั้งละ 1-2 หยด,NULL,NULL,เปิดใช้แล้วมีอายุ 1 เดือน
4110,1,100819,รักษาตาติดเชื้อ,เช้า-กลางวัน-เย็น-ก่อนนอน,ทาวันละ 4 ครั้ง,NULL,NULL,เปิดใช้แล้วมีอายุ 1 เดือน
4111,1,100820,รักษาตาติดเชื้อ,เช้า-กลางวัน-เย็น-ก่อนนอน,หยอดครั้งละ 1-2 หยด,NULL,NULL,เปิดใช้แล้วมีอายุ 1 เดือน
4112,1,100827,ลดกรด ลดอาการจุกเสียด แน่นท้อง ปวดท้อง,เช้า-กลางวัน-เย็น-ก่อนนอน,รับประทานครั้งละ 1 เม็ด,ก่อนอาหาร,NULL,เคียวก่อนกลืน
4113,1,100878,ลดกรด ขับลม ,เช้า-กลางวัน-เย็น-ก่อนนอน,รับประทานครั้งละ 1-2 ช้อนโต๊ะ,หลังอาหาร,เก็บในอุณหภูมิห้อง,เขย่าขวดก่อนรับประทาน
4114,1,101097,ลดบวม ฟกช้ำ,เช้า-กลางวัน-เย็น,ทาวันละ 3 ครั้ง,NULL,เก็บในอุณหภูมิห้อง,NULL
4115,1,101098,ลดบวม ฟกช้ำ,เช้า-กลางวัน-เย็น,ทาวันละ 3 ครั้ง,NULL,เก็บในอุณหภูมิห้อง,NULL
4116,1,101129,แก้แพ้ผื่นคัน,เช้า-กลางวัน-เย็น,ทาวันละ 3 ครั้ง,NULL,เก็บในอุณหภูมิห้อง,NULL
4117,1,101229,NULL,เช้า-เย็น,รับประทานครั้งละ 4 เม็ด,ก่อนอาหาร,NULL,ดื่มน้ำตามมากๆ
4118,1,101275,วิตามิน อาหารเสริม,เช้า-เย็น,รับประทานครั้งละ ............. เม็ด,NULL,NULL,"อายุ 1-3 ปี ทานได้ไม่เกิน 400 mg.ต่อวัน
อายุ 4-8 ปี ทานได้ไม่เกิน 650 mg. ต่อวัน
อายุ 9-13 ปี ทานได้ไม่เกิน 1,200 mg.ต่อวัน
อายุ 14-18 ปี ทานได้ไม่เกิน 1,800 mg.ต่อวัน

ผู้ใหญ่อายุมากกว่า 18 ขึ้นไป ทานได้ไม่เกิน 2,000 มิลลิกรัม ต่อวัน"
4119,1,101277,วิตามิน อาหารเสริม,เช้า-เย็น,รับประทานครั้งละ ............. เม็ด,NULL,NULL,"อายุ 1-3 ปี ทานได้ไม่เกิน 400 mg.ต่อวัน
อายุ 4-8 ปี ทานได้ไม่เกิน 650 mg. ต่อวัน
อายุ 9-13 ปี ทานได้ไม่เกิน 1,200 mg.ต่อวัน
อายุ 14-18 ปี ทานได้ไม่เกิน 1,800 mg.ต่อวัน

ผู้ใหญ่อายุมากกว่า 18 ขึ้นไป ทานได้ไม่เกิน 2,000 มิลลิกรัม ต่อวัน"
4120,1,101278,วิตามิน อาหารเสริม,เช้า-เย็น,รับประทานครั้งละ ............. เม็ด,NULL,NULL,"อายุ 1-3 ปี ทานได้ไม่เกิน 400 mg.ต่อวัน
อายุ 4-8 ปี ทานได้ไม่เกิน 650 mg. ต่อวัน
อายุ 9-13 ปี ทานได้ไม่เกิน 1,200 mg.ต่อวัน
อายุ 14-18 ปี ทานได้ไม่เกิน 1,800 mg.ต่อวัน

ผู้ใหญ่อายุมากกว่า 18 ขึ้นไป ทานได้ไม่เกิน 2,000 มิลลิกรัม ต่อวัน"
4121,1,101279,วิตามิน อาหารเสริม,เช้า-เย็น,รับประทานครั้งละ ............. เม็ด,NULL,NULL,"อายุ 1-3 ปี ทานได้ไม่เกิน 400 mg.ต่อวัน
อายุ 4-8 ปี ทานได้ไม่เกิน 650 mg. ต่อวัน
อายุ 9-13 ปี ทานได้ไม่เกิน 1,200 mg.ต่อวัน
อายุ 14-18 ปี ทานได้ไม่เกิน 1,800 mg.ต่อวัน

ผู้ใหญ่อายุมากกว่า 18 ขึ้นไป ทานได้ไม่เกิน 2,000 มิลลิกรัม ต่อวัน"
4122,1,101348,ฆ่าเชื้อแบคทีเรีย,เช้า-เย็น,ทาวันละ 2 ครั้ง,NULL,NULL,ทาจนกว่าจะหาย
4123,1,101431,สคับฆ่าเชื้อผิวหนัง,เช้า-เย็น,ทาวันละ 2 ครั้ง,NULL,NULL,ยาทาภายนอก
4124,1,101681,ลดไข้ บรรเทาอาการปวด,เช้า-เย็น,รับประทานครั้งละ 3 เม็ด,NULL,NULL,NULL
4125,1,101745,ลดไข้ บรรเทาอาการปวด,ทุก 4 ชั่วโมง,รับประทานครั้งละ ......... ช้อนชา,NULL,เก็บในอุณหภูมิห้อง,NULL
4126,1,101746,ลดไข้ บรรเทาอาการปวด,เช้า-กลางวัน-เย็น,รับประทานครั้งละ ......... ช้อนชา,หลังอาหาร,เก็บในอุณหภูมิห้อง,NULL
4127,1,101747,แก้ไอ ละลายเสมหะ,เช้า-กลางวัน-เย็น,รับประทานครั้งละ ......... ช้อนชา,หลังอาหาร,เก็บในอุณหภูมิห้อง,NULL
4128,1,101748,แก้ไอ ละลายเสมหะ,เช้า-กลางวัน-เย็น,รับประทานครั้งละ ......... ช้อนชา,หลังอาหาร,เก็บในอุณหภูมิห้อง,NULL
4129,1,101749,แก้ไอ ละลายเสมหะ,เช้า-กลางวัน-เย็น,รับประทานครั้งละ ......... ช้อนชา,หลังอาหาร,เก็บในอุณหภูมิห้อง,NULL
4130,1,101750,แก้ไอ ละลายเสมหะ,เช้า-กลางวัน-เย็น,รับประทานครั้งละ ......... ช้อนชา,หลังอาหาร,เก็บในอุณหภูมิห้อง,NULL
4131,1,101751,แก้ไอ ขับเสมหะ,เช้า-กลางวัน-เย็น,รับประทานครั้งละ ......... ช้อนชา,หลังอาหาร,เก็บในอุณหภูมิห้อง,NULL
4132,1,101752,ลดน้ำมูก แพ้อากาศ,NULL,รับประทานครั้งละ ......... ช้อนชา,NULL,NULL,วันละ 1 ครั้ง
4133,1,101753,บรรเทาอาการหวัด คัดจมูก,เช้า-กลางวัน-เย็น-ก่อนนอน,รับประทานครั้งละ ......... ช้อนชา,หลังอาหาร,NULL,ยานี้ทำให้ง่วงนอน
4134,1,101754,บำรุงสายตา,NULL,รับประทานครั้งละ 1 เม็ด,หลังอาหาร,NULL,วันละ 1 ครั้ง หลังอาหารเช้า
4135,1,101755,บรรเทาอาการ เหน็บชา,เช้า-กลางวัน-เย็น,รับประทานครั้งละ 1 เม็ด,หลังอาหาร,NULL,NULL
4136,1,101756,เจริญอาหาร,เช้า-กลางวัน-เย็น-ก่อนนอน,รับประทานครั้งละ 1 เม็ด,ก่อนอาหาร,NULL,NULL
4137,1,101757,บรรเทาอาการระคายเคืองตา,เช้า-กลางวัน-เย็น-ก่อนนอน,หยอดครั้งละ 1-2 หยด,NULL,NULL,เปิดใช้แล้วมีอายุ 1 เดือน
4138,1,101758,บรรเทาอาการตาแห้ง,เช้า-กลางวัน-เย็น-ก่อนนอน,หยอดครั้งละ 1-2 หยด,NULL,NULL,เปิดใช้แล้วมีอายุ 1 เดือน
4139,1,101759,บรรเทาอาการตาแห้ง,เช้า-กลางวัน-เย็น-ก่อนนอน,หยอดครั้งละ 1-2 หยด,NULL,NULL,เปิดใช้แล้วมีอายุ 1 เดือน
4140,1,101760,บรรเทาอาการตาแห้ง,เช้า-กลางวัน-เย็น-ก่อนนอน,หยอดครั้งละ 1-2 หยด,NULL,NULL,เปิดใช้แล้วมีอายุ 1 เดือน
4141,1,101761,บรรเทาอาการตาแห้ง,เช้า-กลางวัน-เย็น-ก่อนนอน,หยอดครั้งละ 1-2 หยด,NULL,NULL,เปิดใช้แล้วมีอายุ 1 เดือน
4142,1,101762,รักษาผิวหนังอักเสบ นูนแข็ง,เช้า-เย็น,ทาวันละ 2 ครั้ง,NULL,NULL,NULL
4143,1,101763,รักษาอาการคันจากเชื้อรา,เช้า-กลางวัน-เย็น,ทาวันละ 3 ครั้ง,NULL,NULL,NULL
4144,1,101764,รักษาผิวหนังอักเสบและเชื้อแบคทีเรีย,เช้า-กลางวัน-เย็น,ทาวันละ 2-3 ครั้ง,NULL,NULL,NULL
4145,1,101765,รักษาอาการคันจากเชื้อราและแบคทีเรีย,เช้า-เย็น,ทาวันละ 2 ครั้ง,NULL,NULL,NULL
4146,1,101766,รักษาตาปลา / หูด,เช้า-เย็น,ทาวันละ 2 ครั้ง,NULL,NULL,NULL
4147,1,101767,รักษาอาการคันจากเชื้อราและผิวหนังแข็ง,เช้า-เย็น,ทาวันละ 2 ครั้ง,NULL,NULL,NULL
4148,1,101768,รักษาข้อกระดูกเสื่อม,NULL,รับประทานครั้งละ 1 ซอง,NULL,NULL,ละลายน้ำ 1 แก้ว
4149,1,101769,เสริมแคลเซียม,NULL,รับประทานครั้งละ 1-2 เม็ด,หลังอาหาร,NULL,NULL
4150,1,101770,แก้ปวดประจำเดือน,เช้า-กลางวัน-เย็น,รับประทานครั้งละ 1 เม็ด,หลังอาหาร,NULL,ยามีฤทธิ์ระคายเคืองกระเพาะอาหาร
4151,1,101771,คลายกล้ามเนื้อ,เช้า-กลางวัน-เย็น,รับประทานครั้งละ 1 เม็ด,หลังอาหาร,NULL,NULL
4152,1,101772,บรรเทาอาการคัดจมูก,เช้า-กลางวัน-เย็น,พ่นเข้าจมูกข้างละ 1-2 ครั้ง,NULL,NULL,NULL
4153,1,101773,ลดอาการอักเสบในโพรงจมูก,วันละ 1 ครั้ง ช่วงเวลาเดียวกัน,พ่นเข้าจมูกข้างละ 1 ครั้ง,NULL,เก็บในอุณหภูมิห้อง,NULL
4154,1,101774,ยั้บยั้งแบคทีเรีย ลดกลิ่นปากและไอจากการคันคอ,ทุกครั้งที่มีอาการ,พ่นช่องปากครั้งละ 2 ครั้ง,NULL,NULL,NULL
4155,1,101775,แก้ปวดไมเกรน,NULL,รับประทานครั้งละ 1 เม็ด,NULL,NULL,"เมื่อมีอาการ 30 นาที ไม่ดีขึ้นซ้ำได้อีก 1 เม็ด 
ไม่เกิน 6 เม็ดต่อวัน 10 เม็ดต่อสัปดาห์"
4156,1,101776,แก้วิงเวียนศรีษะ,เช้า-กลางวัน-เย็น,รับประทานครั้งละ 1 เม็ด,หลังอาหาร,NULL,NULL
4157,1,101777,ลดความดันโลหิตสูง,NULL,รับประทานตามแพทย์สั่ง  ,NULL,NULL,ห้ามปรับขนาดยาเอง โดยไม่มีคำสั่งแพทย์
4158,1,101778,รักษาแผลในปาก,เช้า-กลางวัน-เย็น,ทาวันละ 3 ครั้ง,หลังอาหาร,NULL,NULL
4159,1,101779,ฆ่าเชื้อแบคทีเรีย,เช้า-เย็น,ทาวันละ 2 ครั้ง,NULL,NULL,NULL
4160,1,101780,ยาคุมกำเนิด,วันละ 1 ครั้ง ช่วงเวลาเดียวกัน,รับประทานครั้งละ 1 เม็ด,NULL,NULL,NULL
4161,1,101781,รักษาช่องคลอดติดเชื้อ,NULL,เหน็บครั้งละ 1 แท่ง,NULL,NULL,ก่อนนอน
4162,1,101783,ลดอักเสบ,NULL,รับประทานครั้งละ 1 เม็ด,หลังอาหาร,เก็บในตู้เย็น,NULL
4163,1,101784,บำรุงผม เล็บ ช่วยผลิตสเปริ์มให้แข็งแรง,NULL,รับประทานครั้งละ 1 เม็ด,หลังอาหาร,NULL,NULL
4164,1,101785,บำรุงผม ผิว เล็บ ชะลอริ้วรอย ลดคลอเรสเตอรอล,NULL,รับประทานครั้งละ 1 เม็ด,หลังอาหาร,NULL,NULL
4165,1,101786,บำรุงผม ผิว เล็บ ชะลอริ้วรอย ลดคลอเรสเตอรอล,NULL,รับประทานครั้งละ 1 เม็ด,หลังอาหาร,NULL,NULL
4166,1,101787,บำรุงผม ผิว เล็บ ชะลอริ้วรอย ลดคลอเรสเตอรอล,NULL,รับประทานครั้งละ 1 เม็ด,หลังอาหาร,NULL,NULL
4167,1,101788,บำรุงผม เล็บ ช่วยผลิตสเปริ์มให้แข็งแรง,NULL,รับประทานครั้งละ 1 เม็ด,หลังอาหาร,NULL,NULL
4168,1,101791,บำรุงร่างกาย ,NULL,รับประทานครั้งละ 1 เม็ด,หลังอาหาร,NULL,NULL
4169,1,101792,บำรุงร่างกาย ,NULL,รับประทานครั้งละ 1 เม็ด,หลังอาหาร,NULL,NULL
4170,1,101793,ช่วยบำรุงสมอง และความจำ,NULL,รับประทานครั้งละ 1 เม็ด,หลังอาหาร,NULL,NULL
4171,1,101794,บำรุงผม ผิว เล็บ ชะลอริ้วรอย ลดคลอเรสเตอรอล,NULL,รับประทานครั้งละ 1 เม็ด,หลังอาหาร,NULL,NULL
4172,1,101795,ช่วยบำรุงสมอง และความจำ,NULL,รับประทานครั้งละ 1-2 เม็ด,หลังอาหาร,NULL,NULL
4173,1,101796,ลดอักเสบ,NULL,รับประทานครั้งละ 1 เม็ด,หลังอาหาร,NULL,ตอนเช้า
4174,1,101797,NULL,NULL,รับประทานครั้งละ 1 เม็ด,พร้อมอาหาร,NULL,NULL
4175,1,101799,เสริมแคลเซียม,NULL,รับประทานครั้งละ 1 เม็ด,NULL,NULL,ผสมน้ำ 1 แก้ว ดื่มหลังอาหารเช้า
4176,1,101800,เสริมวิตามินบี,NULL,รับประทานครั้งละ 1 เม็ด,NULL,NULL,ผสมน้ำ 1 แก้ว ดื่มหลังอาหารเช้า
4177,1,101801,บำรุงร่างกาย ,NULL,รับประทานครั้งละ 1 เม็ด,NULL,NULL,ผสมน้ำ 1 แก้ว ดื่มหลังอาหารเช้า
4178,1,101803,รักษาอาการคันจากเชื้อราและแบคทีเรีย,เช้า-เย็น,ทาวันละ 2 ครั้ง,NULL,NULL,ไม่ควรใช้ติดต่อกันเกิน…5….วัน
4179,1,101807,รักษาผิวหนังอักเสบ นูนแข็ง,เช้า-เย็น,ทาวันละ 2 ครั้ง,NULL,NULL,ไม่ควรใช้ติดต่อกันเกิน…5….วัน
4180,1,101808,รักษาเริม,เช้า-กลางวัน-เย็น,รับประทานครั้งละ 1 เม็ด,หลังอาหาร,NULL,รับประทานยาติดต่อกันจนยาหมด เพื่อป้องกันการดื้อยา
4181,1,101810,รักษาริดสีดวงทวาร,เช้า-เย็น,ทาวันละ 2 ครั้ง,NULL,NULL,NULL
4182,1,101818,รักษาอาการคันจากเชื้อรา,เช้า-เย็น,ทาวันละ 2 ครั้ง,NULL,NULL,NULL
4183,1,101819,รักษาสิว,เช้า-เย็น,ทาวันละ 2 ครั้ง,NULL,NULL,ใช้ร่วมกับครีมกันแดด
4184,1,101820,ช่วยให้นอนหลับ,NULL,รับประทานครั้งละ 1 เม็ด,NULL,NULL,ก่อนนอน 1ชั่วโมง
4185,1,101827,แก้ไอ ขับเสมหะ,เช้า-กลางวัน-เย็น,รับประทานครั้งละ 1 เม็ด,หลังอาหาร,เก็บในอุณหภูมิห้อง,NULL
4186,1,101828,บรรเทาอาการตาแห้ง,เช้า-เย็น,ทาวันละ 2 ครั้ง,NULL,เก็บในอุณหภูมิห้อง,NULL
4187,1,101831,รักษาแผลในปาก,เช้า-กลางวัน-เย็น,ทาวันละ 3 ครั้ง,หลังอาหาร,NULL,NULL
4188,1,101832,รักษาแผลในปาก,เช้า-กลางวัน-เย็น,ทาวันละ 3 ครั้ง,หลังอาหาร,NULL,NULL
4189,1,101837,แก้ไอ ละลายเสมหะ,เช้า-กลางวัน-เย็น,รับประทานครั้งละ ......... ช้อนชา,หลังอาหาร,NULL,NULL
4190,1,101838,ยาต้านเกล็ดเลือด,NULL,รับประทานตามแพทย์สั่ง  ,NULL,NULL,NULL
4191,1,101840,ลดความดันโลหิตสูง,NULL,รับประทานตามแพทย์สั่ง  ,NULL,NULL,NULL
4192,1,102231,แก้ปวด ลดอักเสบ,เช้า-กลางวัน-เย็น,รับประทานครั้งละ 1-2 เม็ด,หลังอาหาร,NULL,ยามีฤทธิ์ระคายเคืองกระเพาะอาหาร
4193,1,102232,บรรเทาอาการตาแดง,เช้า-กลางวัน-เย็น-ก่อนนอน,หยอดครั้งละ 1-2 หยด,NULL,เก็บในอุณหภูมิห้อง,เปิดใช้แล้วมีอายุ 1 เดือน
4194,1,102233,ลดอาการคันที่ผิวหนัง,เช้า-กลางวัน-เย็น,ทาวันละ 3 ครั้ง,NULL,NULL,NULL
4195,1,102239,รักษาผิวหนังอักเสบและเชื้อรา,เช้า-เย็น,ทาวันละ 2 ครั้ง,NULL,NULL,NULL
4196,1,102243,รักษาผิวหนังอักเสบและเชื้อรา,เช้า-เย็น,ทาวันละ 2 ครั้ง,NULL,NULL,NULL
4197,1,102245,รักษาผิวหนังอักเสบและเชื้อรา,เช้า-เย็น,ทาวันละ 2 ครั้ง,NULL,NULL,NULL
4198,1,102252,วิตามิน อาหารเสริม,เช้า-เย็น,รับประทานครั้งละ ............. เม็ด,NULL,NULL,"อายุ 1-3 ปี ทานได้ไม่เกิน 400 mg.ต่อวัน
อายุ 4-8 ปี ทานได้ไม่เกิน 650 mg. ต่อวัน
อายุ 9-13 ปี ทานได้ไม่เกิน 1,200 mg.ต่อวัน
อายุ 14-18 ปี ทานได้ไม่เกิน 1,800 mg.ต่อวัน

ผู้ใหญ่อายุมากกว่า 18 ขึ้นไป ทานได้ไม่เกิน 2,000 มิลลิกรัม ต่อวัน"
4199,1,102259,แก้ท้องผูก,NULL,รับประทานครั้งละ 2 เม็ด,NULL,NULL,ก่อนนอน
4200,1,102262,เพิ่มความชุ่มชื้นในโพรงจมูก ,เช้า-เย็น,พ่นเข้าจมูกข้างละ 1-2 ครั้ง,NULL,เก็บในอุณหภูมิห้อง,NULL
4201,1,102264,แก้ท้องผูก,ก่อนนอน,รับประทานครั้งละ 2 เม็ด,NULL,เก็บในอุณหภูมิห้อง,ดื่มน้ำตามมากๆ
4202,1,102267,แก้ปวด ลดอักเสบ,เช้า-กลางวัน-เย็น,รับประทานครั้งละ 1 เม็ด,หลังอาหาร,NULL,ยามีฤทธิ์ระคายเคืองกระเพาะอาหาร
4203,1,102277,แก้ปวด ลดอักเสบ,เช้า-กลางวัน-เย็น,รับประทานครั้งละ 1 เม็ด,หลังอาหาร,NULL,NULL
4204,1,102279,รักษาอาการคันจากเชื้อราและแบคทีเรีย,เช้า-เย็น,ทาวันละ 2 ครั้ง,NULL,NULL,NULL
4205,1,102281,ฆ่าเชื้อที่ผิวหนัง,เช้า-เย็น,ทาวันละ 2 ครั้ง,NULL,NULL,NULL
4206,1,102288,บรรเทาอาการคัดจมูก,เช้า-กลางวัน-เย็น,หยอดครั้งละ 1-2 หยด,NULL,เก็บในอุณหภูมิห้อง,ไม่ควรใช้ติดต่อกันเกิน5วัน
4207,1,102291,แก้ไอแห้ง,เช้า-กลางวัน-เย็น,รับประทานครั้งละ ..... ml,หลังอาหาร,NULL,NULL
4208,1,102293,บำรุงสตรีมีครรภ์ ก่อนและหลังคลอด,เช้า-เย็น,รับประทานครั้งละ 1 ช้อนโต๊ะ,ก่อนอาหาร,เก็บในอุณหภูมิห้อง,NULL
4209,1,102323,ลดอาการคันที่ผิวหนัง,เช้า-เย็น,ทาวันละ 2 ครั้ง,NULL,NULL,NULL
4210,1,102329,ลดน้ำมูก แพ้อากาศ,วันละ 1 ครั้ง ช่วงเวลาเดียวกัน,รับประทานครั้งละ ..... ml,หลังอาหาร,NULL,NULL
4211,1,102331,แก้ไอแห้ง,เช้า-กลางวัน-เย็น,รับประทานครั้งละ 1 เม็ด,หลังอาหาร,NULL,NULL
4212,1,102336,รักษาโรคกระเพาะ ปรับลำไส้,เช้า-กลางวัน-เย็น,รับประทานครั้งละ 1 เม็ด,ก่อนอาหาร,เก็บในอุณหภูมิห้อง,NULL
4213,1,102345,ลดปวด ลดอักเสบ,NULL,รับประทานครั้งละ 1 เม็ด,หลังอาหาร,NULL,วันละ 1 ครั้ง
4214,1,102346,ลดน้ำมูก แพ้อากาศ,NULL,รับประทานครั้งละ ..... ml,หลังอาหาร,NULL,วันละ 1 ครั้ง
4215,1,102347,ลดน้ำมูก แพ้อากาศ,วันละ 1 ครั้ง ช่วงเวลาเดียวกัน,รับประทานครั้งละ ..... ml,หลังอาหาร,เก็บในอุณหภูมิห้อง,NULL
4216,1,102348,ลดปวด ลดอักเสบ,เช้า-กลางวัน-เย็น,รับประทานครั้งละ ......... ช้อนชา,หลังอาหาร,เก็บในอุณหภูมิห้อง,ยามีฤทธิ์ระคายเคืองกระเพาะอาหาร
4217,1,102349,แก้ไอ ขับเสมหะ,เช้า-กลางวัน-เย็น,รับประทานครั้งละ 1 เม็ด,NULL,NULL,ห้ามรับประทานยาร่วมกับแอลกอฮอล์
4218,1,102359,รักษาผิวหนังอักเสบและเชื้อแบคทีเรีย,เช้า-เย็น,ทาวันละ 2 ครั้ง,NULL,NULL,NULL
4219,1,102360,บรรเทาอาการไอ ระคายเคืองคอ,เช้า-กลางวัน-เย็น,รับประทานครั้งละ ...... ช้อนชา,หลังอาหาร,เก็บในอุณหภูมิห้อง,NULL
4220,1,102380,รักษาตาติดเชื้อ,เช้า-กลางวัน-เย็น-ก่อนนอน,หยอดครั้งละ 1-2 หยด,NULL,NULL,NULL
4221,1,102381,ลดน้ำมูก แพ้อากาศ,วันละ 1 ครั้ง ช่วงเวลาเดียวกัน,รับประทานครั้งละ ......... ช้อนชา,NULL,เก็บในอุณหภูมิห้อง,NULL
4222,1,102383,บำรุงเลือด,วันละ 1 ครั้ง ช่วงเวลาเดียวกัน,รับประทานครั้งละ ......... ช้อนชา,หลังอาหาร,NULL,NULL
4223,1,102384,แก้ไอ ละลายเสมหะ,เช้า-กลางวัน-เย็น,รับประทานครั้งละ ......... ช้อนชา,หลังอาหาร,NULL,NULL
4224,1,102385,แก้ไอ ละลายเสมหะ,เช้า-กลางวัน-เย็น,รับประทานครั้งละ ......... ช้อนชา,หลังอาหาร,NULL,NULL
4225,1,102386,แก้ไอ ละลายเสมหะ,เช้า-กลางวัน-เย็น,รับประทานครั้งละ ......... ช้อนชา,หลังอาหาร,NULL,NULL
4226,1,102387,แก้ปวด ลดอักเสบ,เช้า-กลางวัน-เย็น,รับประทานครั้งละ 1 เม็ด,หลังอาหาร,เก็บในอุณหภูมิห้อง,NULL
4227,1,102393,รักษาผิวหนังอักเสบ นูนแข็ง,เช้า-เย็น,ทาวันละ 2 ครั้ง,NULL,NULL,NULL
4228,1,102394,รักษาอาการคันจากเชื้อรา,เช้า-เย็น,ทาวันละ 2 ครั้ง,NULL,NULL,NULL
4229,1,102400,บรรเทาอาการระคายเคืองตา,เช้า-กลางวัน-เย็น-ก่อนนอน,หยอดครั้งละ 1-2 หยด,NULL,เก็บในอุณหภูมิห้อง,เปิดใช้แล้วมีอายุ 1 เดือน
4230,1,102402,แก้ท้องอืดท้องเฟ้อ,เช้า-กลางวัน-เย็น,รับประทานครั้งละ 1 เม็ด,หลังอาหาร,เก็บในอุณหภูมิห้อง,NULL
4231,1,102406,แก้ท้องผูก,NULL,รับประทานครั้งละ 2 เม็ด,NULL,NULL,ก่อนนอน
4232,1,102407,รักษาข้อกระดูกเสื่อม,วันละ 1 ครั้ง ช่วงเวลาเดียวกัน,รับประทานครั้งละ 1 ซอง,ก่อนอาหาร,NULL,ละลายกับน้ำ1แก้วก่อนดื่ม
4233,1,102411,ลดอาการอักเสบที่ผิวหนัง,เช้า-เย็น,ทาวันละ 2 ครั้ง,NULL,NULL,NULL
4234,1,102412,บรรเทาอาการตาแห้ง,ทุกครั้งที่มีอาการ,หยอดครั้งละ 1-2 หยด,NULL,NULL,เปิดใช้แล้วมีอายุ 1 เดือน
4235,1,102415,ฆ่าเชื้อในทางเดินหายใจ,เช้า-กลางวัน-เย็น,รับประทานครั้งละ ..... ml,หลังอาหาร,NULL,รับประทานยาติดต่อกันจนยาหมด เพื่อป้องกันการดื้อยา
4236,1,102416,ฆ่าเชื้อในทางเดินหายใจ,เช้า-กลางวัน-เย็น,รับประทานครั้งละ ..... ml,หลังอาหาร,NULL,รับประทานยาติดต่อกันจนยาหมด เพื่อป้องกันการดื้อยา
4237,1,102421,ลดน้ำมูก แพ้อากาศ,วันละ 1 ครั้ง ช่วงเวลาเดียวกัน,รับประทานครั้งละ 1 เม็ด,หลังอาหาร,NULL,NULL
4238,1,102424,แก้แพ้ ลดน้ำมูก ผื่นคัน,วันละ 1 ครั้ง ช่วงเวลาเดียวกัน,รับประทานครั้งละ 1 เม็ด,หลังอาหาร,NULL,NULL
4239,1,102425,แก้ไอ ละลายเสมหะ,เช้า-กลางวัน-เย็น,รับประทานครั้งละ ......... ช้อนชา,หลังอาหาร,NULL,NULL
4240,1,102426,แก้ท้องผูก,NULL,รับประทานครั้งละ ..... ml,NULL,NULL,ก่อนนอน
4241,1,102429,บรรเทาอาการตาแห้ง,ทุกครั้งที่มีอาการ,หยอดครั้งละ 1-2 หยด,NULL,NULL,สำหรับใช้รายวัน
4242,1,102430,บรรเทาอาการตาแห้ง,ทุกครั้งที่มีอาการ,หยอดครั้งละ 1-2 หยด,NULL,NULL,เปิดใช้แล้วมีอายุ 1 เดือน
4243,1,102431,บรรเทาอาการตาแห้ง,ทุกครั้งที่มีอาการ,หยอดครั้งละ 1-2 หยด,NULL,NULL,สำหรับใช้รายวัน
4244,1,102435,แก้ไอแห้ง,เช้า-กลางวัน-เย็น,รับประทานครั้งละ 1 เม็ด,หลังอาหาร,เก็บในอุณหภูมิห้อง,ยานี้ทำให้ง่วงนอน
4245,1,102436,รักษาอาการคันจากเชื้อรา,เช้า-เย็น,ทาวันละ 2 ครั้ง,NULL,NULL,NULL
4246,1,102438,ลดปวด ลดอักเสบ,เช้า-กลางวัน-เย็น-ก่อนนอน,ทาวันละ 3-4 ครั้ง,NULL,NULL,NULL
4247,1,102439,แก้แพ้ ลดน้ำมูก ผื่นคัน,วันละ 1 ครั้ง ช่วงเวลาเดียวกัน,รับประทานครั้งละ ..... ml,หลังอาหาร,NULL,NULL
4248,1,102447,รักษาเริม,ทุก 4 ชั่วโมง,ทาวันละ 5 ครั้ง,NULL,NULL,ควรทาติดต่อกันประมาณ 5 วัน
4249,1,102448,บรรเทาอาการตาแห้ง,ทุกครั้งที่มีอาการ,หยอดครั้งละ 1-2 หยด,NULL,NULL,เปิดใช้แล้วมีอายุ 1 เดือน
4250,1,102450,ฆ่าเชื้อแบคทีเรีย,เช้า-กลางวัน-เย็น,รับประทานครั้งละ ..... ml,หลังอาหาร,เก็บในตู้เย็น,รับประทานยาติดต่อกันจนยาหมด เพื่อป้องกันการดื้อยา
4251,1,102453,ฆ่าเชื้อแบคทีเรีย,เช้า-เย็น,รับประทานครั้งละ 1 เม็ด,ก่อนอาหาร,NULL,รับประทานยาติดต่อกันจนยาหมด เพื่อป้องกันการดื้อยา
4252,1,102454,ฆ่าเชื้อแบคทีเรีย,เช้า-กลางวัน-เย็น,รับประทานครั้งละ ..... ml,หลังอาหาร,NULL,NULL
4253,1,102455,ฆ่าเชื้อแบคทีเรีย,เช้า-กลางวัน-เย็น,รับประทานครั้งละ ..... ml,หลังอาหาร,เก็บในตู้เย็น,รับประทานยาติดต่อกันจนยาหมด เพื่อป้องกันการดื้อยา
4254,1,102459,บรรเทาอาการไอ ละลายเสมหะ,เช้า-กลางวัน-เย็น,รับประทานครั้งละ ..... ml,หลังอาหาร,NULL,NULL
4255,1,102460,รักษาอาการคันจากเชื้อรา,เช้า-เย็น,ทาวันละ 2 ครั้ง,NULL,NULL,NULL
4256,1,102461,รักษาอาการคันจากเชื้อรา,เช้า-เย็น,ทาวันละ 2 ครั้ง,NULL,NULL,NULL
4257,1,102462,ฆ่าเชื้อรา,เช้า-เย็น,ทาวันละ 2 ครั้ง,NULL,NULL,NULL
4258,1,102463,ฆ่าเชื้อรา,NULL,ทาวันละ 2 ครั้ง,NULL,NULL,NULL
4259,1,102464,ฆ่าเชื้อรา,เช้า-เย็น,ทาวันละ 2 ครั้ง,NULL,เก็บในอุณหภูมิห้อง,NULL
4260,1,102476,รักษาช่องคลอดติดเชื้อ,เช้า-กลางวัน-เย็น,รับประทานครั้งละ 1 เม็ด,หลังอาหาร,NULL,รับประทานยาติดต่อกันจนยาหมด เพื่อป้องกันการดื้อยา
4261,1,102480,แก้แพ้ ลดน้ำมูก ผื่นคัน,วันละ 1 ครั้ง ช่วงเวลาเดียวกัน,รับประทานครั้งละ 1 เม็ด,หลังอาหาร,NULL,NULL
4262,1,102483,ช่วยลดกลิ่นปาก ชุ่มคอ,ทุกครั้งที่มีอาการ,พ่นช่องปากครั้งละ 1-2 ครั้ง,NULL,NULL,NULL
4263,1,102489,แก้แพ้ ลดน้ำมูก ผื่นคัน,วันละ 1 ครั้ง ช่วงเวลาเดียวกัน,รับประทานครั้งละ ..... ml,หลังอาหาร,NULL,NULL
4264,1,102491,ฆ่าเชื้อแบคทีเรีย,เช้า-กลางวัน-เย็น-ก่อนนอน,หยอดครั้งละ 1-2 หยด,NULL,เก็บในอุณหภูมิห้อง,เปิดใช้แล้วมีอายุ 1 เดือน
4265,1,102492,ลดคลื่นไส้ อาเจียน ปรับลำไส้,เช้า-กลางวัน-เย็น,รับประทานครั้งละ ..... ml,ก่อนอาหาร,NULL,NULL
4266,1,102493,ลดคลื่นไส้ อาเจียน ปรับลำไส้,เช้า-กลางวัน-เย็น,รับประทานครั้งละ ..... ml,ก่อนอาหาร,เก็บในอุณหภูมิห้อง,NULL
4267,1,102497,ฆ่าเชื้อแบคทีเรีย,เช้า-เย็น,รับประทานครั้งละ 2 เม็ด,หลังอาหาร,NULL,รับประทานยาติดต่อกันจนยาหมด เพื่อป้องกันการดื้อยา
4268,1,102502,ละลายเสมหะ บรรเทาอาการไอ,เช้า-กลางวัน-เย็น,รับประทานครั้งละ 1 เม็ด,หลังอาหาร,NULL,NULL
4269,1,102510,แก้แพ้ ลดน้ำมูก ผื่นคัน,วันละ 1 ครั้ง ช่วงเวลาเดียวกัน,รับประทานครั้งละ 1 เม็ด,หลังอาหาร,NULL,NULL
4270,1,102513,แก้แพ้,ทุกครั้งที่มีอาการ,รับประทานครั้งละ ครึ่ง เม็ด,NULL,NULL,ยานี้ทำให้ง่วงนอน
4271,1,102517,แก้ปวด ลดอักเสบ ลดไข้,เช้า-กลางวัน-เย็น,รับประทานครั้งละ 1 เม็ด,หลังอาหาร,NULL,NULL
4272,1,102521,แก้ปวด ลดอักเสบ,เช้า-เย็น,รับประทานครั้งละ 1 เม็ด,หลังอาหาร,NULL,NULL
4273,1,102526,ฆ่าเชื้อแบคทีเรีย,เช้า-กลางวัน-เย็น,รับประทานครั้งละ ..... ml,หลังอาหาร,เก็บในอุณหภูมิห้อง,NULL
4274,1,102527,ฆ่าเชื้อแบคทีเรีย,เช้า-กลางวัน-เย็น,รับประทานครั้งละ ..... ml,หลังอาหาร,เก็บในอุณหภูมิห้อง,NULL
4275,1,102530,ฆ่าเชื้อแบคทีเรีย,เช้า-กลางวัน-เย็น,รับประทานครั้งละ ..... ml,ก่อนอาหาร,NULL,เคียวก่อนกลืน
4276,1,102533,ฆ่าเชื้อแบคทีเรีย,เช้า-กลางวัน-เย็น,ทาวันละ 3 ครั้ง,NULL,เก็บในอุณหภูมิห้อง,NULL
4277,1,102534,ฆ่าเชื้อแบคทีเรีย,เช้า-กลางวัน-เย็น,ทาวันละ 2-3 ครั้ง,NULL,เก็บในอุณหภูมิห้อง,NULL
4278,1,102536,วิตามิน อาหารเสริม,วันละ 1 ครั้ง ช่วงเวลาเดียวกัน,รับประทานครั้งละ 1 ช้อนชา,หลังอาหาร,NULL,NULL
4279,1,102537,วิตามิน อาหารเสริม,วันละ 1 ครั้ง ช่วงเวลาเดียวกัน,รับประทานครั้งละ 1 เม็ด,พร้อมอาหาร,NULL,NULL
4280,1,102544,แก้ท้องผูก,วันละ 1 ครั้ง ช่วงเวลาเดียวกัน,รับประทานครั้งละ 1-2 ซอง,หลังอาหาร,NULL,กินวันเว้นวัน เหมาะสำหรับผู้ใหญ่และเด็กอายุ 8 ปีขึ้นไป
4281,1,102545,ประจำเดือนมาไม่ปกติ,วันละ 1 ครั้ง ช่วงเวลาเดียวกัน,รับประทานครั้งละ 1-2 เม็ด,หลังอาหาร,NULL,NULL
4282,1,102547,ช่วยย่อยอาหาร,เช้า-กลางวัน-เย็น,รับประทานครั้งละ 1-2 เม็ด,หลังอาหาร,NULL,NULL
4283,1,102548,รักษาแผลในปาก,เช้า-กลางวัน-เย็น-ก่อนนอน,ทาวันละ 3-4 ครั้ง,หลังอาหาร,NULL,NULL
4284,1,102562,แก้ไอ ละลายเสมหะ,เช้า-เย็น,รับประทานครั้งละ ..... ml,หลังอาหาร,NULL,NULL
4285,1,102564,ฆ่าเชื้อรา,เช้า-เย็น,ทาวันละ 2 ครั้ง,NULL,NULL,NULL
4286,1,102565,ฆ่าเชื้อรา,NULL,เหน็บครั้งละ 2 เม็ด,NULL,NULL,ก่อนนอนเป็นเวลา 3 วัน
4287,1,102570,ฆ่าเชื้อแบคทีเรีย,วันละ 1 ครั้ง ช่วงเวลาเดียวกัน,รับประทานครั้งละ 4 เม็ด,หลังอาหาร,NULL,ทานครั้งเดียว 
4288,1,102579,แก้ปวดปลายประสาท,วันละ 1 ครั้ง ช่วงเวลาเดียวกัน,รับประทานครั้งละ 1 เม็ด,NULL,NULL,ยานี้ทำให้ง่วงนอน
4289,1,102588,ฆ่าเชื้อแบคทีเรีย,เช้า-เย็น,รับประทานครั้งละ 2 เม็ด,หลังอาหาร,NULL,รับประทานยาติดต่อกันจนยาหมด เพื่อป้องกันการดื้อยา
4290,1,102610,ระบายท้อง ช่วยขับถ่าย,วันละ 1 ครั้ง ช่วงเวลาเดียวกัน,รับประทานครั้งละ 1-2 ช้อนโต๊ะ,NULL,NULL,ก่อนนอน
4291,1,102615,ฆ่าเชื้อแบคทีเรีย,เช้า-กลางวัน-เย็น-ก่อนนอน,รับประทานครั้งละ 1 เม็ด,หลังอาหาร,NULL,รับประทานยาติดต่อกันจนยาหมด เพื่อป้องกันการดื้อยา
4292,1,102621,แก้ไอ ละลายเสมหะ,เช้า-กลางวัน-เย็น,รับประทานครั้งละ ...... ช้อนชา,หลังอาหาร,เก็บในอุณหภูมิห้อง,NULL
4293,1,102622,ลดไข้ บรรเทาอาการปวด,ทุก 6 ชั่วโมง,รับประทานครั้งละ ..... ml,NULL,NULL,NULL
4294,1,102637,รักษาอาการคันจากเชื้อรา,เช้า-เย็น,ทาวันละ 2 ครั้ง,NULL,NULL,NULL
4295,1,102638,เสริมวิตามินบี,เช้า-กลางวัน-เย็น,รับประทานครั้งละ 1 เม็ด,หลังอาหาร,NULL,NULL
4296,1,102639,ฆ่าเชื้อแบคทีเรีย,เช้า-เย็น,รับประทานครั้งละ 1 เม็ด,หลังอาหาร,NULL,NULL
4297,1,102640,รักษาริดสีดวงทวาร,เช้า-เย็น,รับประทานครั้งละ 3 เม็ด,หลังอาหาร,NULL,วันที่ 1-4 จากนั้น วันที่ 5-7 ครั้งละ 2 เม็ด 2 ครั้ง หลังอาหาร เช้า-เย็น
4298,1,102641,รักษาแผลไฟไหม้ น้ำร้อนลวก,เช้า-กลางวัน-เย็น-ก่อนนอน,ทาวันละ 3-4 ครั้ง,NULL,เก็บในอุณหภูมิห้อง,NULL
4299,1,102651,ฆ่าเชื้อแบคทีเรีย,เช้า-กลางวัน-เย็น,รับประทานครั้งละ ..... ml,หลังอาหาร,NULL,NULL
4300,1,102659,เลื่อนประจำเดือน,เช้า-เย็น,รับประทานครั้งละ 1 เม็ด,หลังอาหาร,NULL,NULL
4301,1,102668,ฆ่าเชื้อแบคทีเรีย,เช้า-เย็น,รับประทานครั้งละ 1 เม็ด,หลังอาหาร,เก็บในอุณหภูมิห้อง,NULL
4302,1,102669,บรรเทาอาการไอ ละลายเสมหะ,เช้า-กลางวัน-เย็น,รับประทานครั้งละ ...... ช้อนชา,หลังอาหาร,NULL,NULL
4303,1,102670,บรรเทาอาการไอ ระคายเคืองคอ,เช้า-กลางวัน-เย็น,รับประทานครั้งละ ..... ml,หลังอาหาร,NULL,NULL
4304,1,102672,รักษาอาการคันจากเชื้อรา,เช้า-เย็น,ทาวันละ 2 ครั้ง,NULL,NULL,NULL
4305,1,102707,รักษาอาการคันจากเชื้อรา,เช้า-เย็น,ทาวันละ 2 ครั้ง,NULL,NULL,NULL
4306,1,102711,แก้ไอ ละลายเสมหะ,เช้า-กลางวัน-เย็น,รับประทานครั้งละ 1 ช้อนชา,หลังอาหาร,เก็บในตู้เย็น,เขย่าขวดก่อนรับประทาน
4307,1,102721,ลดปวด ลดอักเสบ,เช้า-กลางวัน-เย็น-ก่อนนอน,ทาวันละ 3-4 ครั้ง,NULL,NULL,NULL
4308,1,102723,แก้ปวด ลดอักเสบ,เช้า-กลางวัน-เย็น-ก่อนนอน,ทาวันละ 3-4 ครั้ง,NULL,NULL,NULL
4309,1,102725,แก้ไอ ละลายเสมหะ,เช้า-กลางวัน-เย็น,รับประทานครั้งละ ...... ช้อนชา,หลังอาหาร,เก็บในอุณหภูมิห้อง,NULL
4310,1,102729,รักษาริดสีดวงทวาร,เช้า-กลางวัน-เย็น,รับประทานครั้งละ 3-4 เม็ด,ก่อนอาหาร,NULL,NULL
4311,1,102730,บรรเทาอาการหวัด คัดจมูก,วันละ 1 ครั้ง ช่วงเวลาเดียวกัน,รับประทานครั้งละ 1 เม็ด,หลังอาหาร,NULL,NULL
4312,1,102731,ลดอาการอักเสบที่ผิวหนัง,เช้า-เย็น,ทาวันละ 2 ครั้ง,NULL,เก็บในอุณหภูมิห้อง,NULL
4313,1,102740,โรคข้อเข่าเสื่อม อาการปวดเข่า,วันละ 1 ครั้ง ช่วงเวลาเดียวกัน,รับประทานครั้งละ 1 ซอง,NULL,NULL,ละลายน้ำ ประมาณ 150 มิลิลิตร
4314,1,102741,NULL,วันละ 1 ครั้ง ช่วงเวลาเดียวกัน,รับประทานครั้งละ 1 ซอง,NULL,NULL,ละลายน้ำ ประมาณ 150 มิลิลิตร
4315,1,102755,ปรับลำไส้ รักษาท้องเสีย,เช้า-กลางวัน-เย็น,รับประทานครั้งละ 1 ซอง,NULL,NULL,ไม่แนะนำให้ใช้ในคนให้นมบุตร
4316,1,102776,แก้ปวด ลดอักเสบ,เช้า-กลางวัน-เย็น,รับประทานครั้งละ 1 เม็ด,หลังอาหาร,NULL,ยามีฤทธิ์ระคายเคืองกระเพาะอาหาร
4317,1,102794,ขับลม จุกแน่น ,เช้า-กลางวัน-เย็น,รับประทานครั้งละ 1-2 เม็ด,หลังอาหาร,เก็บในอุณหภูมิห้อง,NULL
4318,1,102796,ยาถ่ายพยาธิ,วันละ 1 ครั้ง ช่วงเวลาเดียวกัน,รับประทานครั้งละ  ช้อนชา,ก่อนอาหาร,NULL,รับประทานยาติดต่อกันจนยาหมด เพื่อป้องกันการดื้อยา
4319,1,102797,แก้ไอ ขับเสมหะ,เช้า-กลางวัน-เย็น,รับประทานครั้งละ 1 ช้อนชา,หลังอาหาร,เก็บในอุณหภูมิห้อง,NULL
4320,1,102798,รักษาผิวหนังอักเสบ นูนแข็ง,เช้า-เย็น,ทาวันละ 2 ครั้ง,NULL,เก็บในอุณหภูมิห้อง,NULL
4321,1,102799,โปรตีนไข่ขาว,เช้า-กลางวัน-เย็น,รับประทานครั้งละ 1-2 เม็ด,หลังอาหาร,NULL,NULL
4322,1,102832,แก้ปวด ลดอักเสบ,วันละ 1 ครั้ง ช่วงเวลาเดียวกัน,รับประทานครั้งละ 1 เม็ด,หลังอาหาร,เก็บในอุณหภูมิห้อง,NULL
4323,1,102839,แก้แพ้ ลดน้ำมูก ผื่นคัน,วันละ 1 ครั้ง ช่วงเวลาเดียวกัน,รับประทานครั้งละ 1 เม็ด,หลังอาหาร,เก็บในอุณหภูมิห้อง,NULL
4324,1,102840,บรรเทาอาการระคายเคืองตา,เช้า-กลางวัน-เย็น-ก่อนนอน,หยอดครั้งละ 1-2 หยด,NULL,เก็บในอุณหภูมิห้อง,เปิดใช้แล้วมีอายุ 1 เดือน
4325,1,102845,ลดไข้ บรรเทาอาการปวด,ทุก 6 ชั่วโมง,รับประทานครั้งละ 1 ช้อนชา,หลังอาหาร,เก็บในอุณหภูมิห้อง,เขย่าขวดก่อนรับประทาน
4326,1,102847,ฆ่าเชื้อแบคทีเรีย,เช้า-เย็น,รับประทานครั้งละ 1 เม็ด,พร้อมอาหาร,เก็บในตู้เย็น,รับประทานยาติดต่อกันจนยาหมด เพื่อป้องกันการดื้อยา
4327,1,102848,แก้จุกเสียด แน่นท้อง ขับลม ,เช้า-กลางวัน-เย็น-ก่อนนอน,รับประทานครั้งละ ............. เม็ด,ก่อนอาหาร,เก็บในตู้เย็น,NULL
4328,1,102854,แก้ปวด ลดอักเสบ,วันละ 1 ครั้ง ช่วงเวลาเดียวกัน,รับประทานครั้งละ 1 เม็ด,หลังอาหาร,เก็บในอุณหภูมิห้อง,ยามีฤทธิ์ระคายเคืองกระเพาะอาหาร
4329,1,102855,แก้จุกเสียด แน่นท้อง ขับลม ,เช้า-กลางวัน-เย็น,รับประทานครั้งละ 1 เม็ด,หลังอาหาร,เก็บในอุณหภูมิห้อง,NULL
4330,1,102858,แก้ปวด ลดอักเสบ,วันละ 1 ครั้ง ช่วงเวลาเดียวกัน,รับประทานครั้งละ 1 เม็ด,หลังอาหาร,เก็บในอุณหภูมิห้อง,ยานี้อาจทำให้ท้องเสียในลูกค้าบางราย
4331,1,102859,แก้ปวด ลดอักเสบ ลดไข้,เช้า-กลางวัน-เย็น,รับประทานครั้งละ 1 เม็ด,หลังอาหาร,เก็บในอุณหภูมิห้อง,ยามีฤทธิ์ระคายเคืองกระเพาะอาหาร
4332,1,102861,แก้ปวด ลดอักเสบ,วันละ 1 ครั้ง ช่วงเวลาเดียวกัน,รับประทานครั้งละ 1 เม็ด,หลังอาหาร,เก็บในอุณหภูมิห้อง,ยามีฤทธิ์ระคายเคืองกระเพาะอาหาร
4333,1,102862,แก้ปวด ลดอักเสบ,วันละ 1 ครั้ง ช่วงเวลาเดียวกัน,รับประทานครั้งละ 1-2 ซอง,หลังอาหาร,NULL,ยามีฤทธิ์ระคายเคืองกระเพาะอาหาร
4334,1,102865,แก้แพ้ เมารถ  ช่วยให้หลับ,วันละ 1 ครั้ง ช่วงเวลาเดียวกัน,รับประทานครั้งละ 1 เม็ด,ก่อนอาหาร,NULL,ยานี้ทำให้ง่วงนอน
4335,1,102867,รักษาโรคเบาหวาน,วันละ 1 ครั้ง ช่วงเวลาเดียวกัน,รับประทานครั้งละ ............. เม็ด,หลังอาหาร,NULL,NULL
4336,1,102868,ลดความดันโลหิตสูง,วันละ 1 ครั้ง ช่วงเวลาเดียวกัน,รับประทานครั้งละ 1 เม็ด,หลังอาหาร,NULL,NULL
4337,1,102873,แก้ปวดประจำเดือน,เช้า-กลางวัน-เย็น,รับประทานครั้งละ 1 เม็ด,หลังอาหาร,NULL,ยามีฤทธิ์ระคายเคืองกระเพาะอาหาร
4338,1,102880,แก้แพ้ ลดน้ำมูก ผื่นคัน,วันละ 1 ครั้ง ช่วงเวลาเดียวกัน,รับประทานครั้งละ 1 เม็ด,หลังอาหาร,NULL,สามารถเคี้ยวให้ละเอียดก่อนกลืนยา
4339,1,102880,แก้แพ้  น้ำมูก จาม คันตา ผื่นคัน,วันละ 1 ครั้ง ช่วงเวลาเดียวกัน,รับประทานครั้งละ 1 เม็ด,NULL,NULL,สามารถเคี้ยวหรือกลืนทั้งเม็ด
4340,1,102880,แก้แพ้  น้ำมูก จาม คันตา ผื่นคัน,วันละ 1 ครั้ง ช่วงเวลาเดียวกัน,รับประทานครั้งละ 1 เม็ด,NULL,NULL,สามารถเคี้ยวหรือกลืนทั้งเม็ด
4341,1,102880,NULL,วันละ 1 ครั้ง ช่วงเวลาเดียวกัน,รับประทานครั้งละ 1 เม็ด,NULL,NULL,สามารถเคี้ยวหรือกลืนทั้งเม็ด
4342,1,102884,แก้ปวด ลดอักเสบ,วันละ 1 ครั้ง ช่วงเวลาเดียวกัน,รับประทานครั้งละ 1 เม็ด,หลังอาหาร,NULL,ยามีฤทธิ์ระคายเคืองกระเพาะอาหาร
4343,1,102887,แก้ปวด ลดอักเสบ,วันละ 1 ครั้ง ช่วงเวลาเดียวกัน,รับประทานครั้งละ 1 เม็ด,หลังอาหาร,NULL,ยามีฤทธิ์ระคายเคืองกระเพาะอาหาร
4344,1,102888,แก้ไอ ละลายเสมหะ,เช้า-กลางวัน-เย็น,รับประทานครั้งละ 1 เม็ด,หลังอาหาร,NULL,NULL
4345,1,102889,แก้แพ้ผื่นคัน,เช้า-กลางวัน-เย็น,รับประทานครั้งละ 1 เม็ด,หลังอาหาร,NULL,ยานี้ทำให้ง่วงนอน
4346,1,102890,แก้ปวด ลดอักเสบ,เช้า-เย็น,รับประทานครั้งละ 1 เม็ด,หลังอาหาร,NULL,ยามีฤทธิ์ระคายเคืองกระเพาะอาหาร
4347,1,102891,แก้ปวด ลดอักเสบ,เช้า-กลางวัน-เย็น,รับประทานครั้งละ 1 เม็ด,หลังอาหาร,NULL,ยามีฤทธิ์ระคายเคืองกระเพาะอาหาร
4348,1,102893,แก้ปวด ลดอักเสบ,วันละ 1 ครั้ง ช่วงเวลาเดียวกัน,รับประทานครั้งละ 1 เม็ด,หลังอาหาร,NULL,ทานตามอาการ หายปวดแล้วหยุดทาน
4349,1,102895,ช่วยย่อยอาหาร,ทุกครั้งที่มีอาการ,รับประทานครั้งละ 2 เม็ด,หลังอาหาร,เก็บในอุณหภูมิห้อง,NULL
4350,1,102896,ฆ่าเชื้อไวรัส,ทุก 4 ชั่วโมง,รับประทานครั้งละ 1 เม็ด,หลังอาหาร,NULL,รับประทานยาติดต่อกันจนยาหมด เพื่อป้องกันการดื้อยา
4351,1,102897,ฆ่าเชื้อแบคทีเรีย,เช้า-เย็น,รับประทานครั้งละ 1 เม็ด,หลังอาหาร,NULL,รับประทานยาติดต่อกันจนยาหมด เพื่อป้องกันการดื้อยา
4352,1,102898,ฆ่าเชื้อแบคทีเรีย,เช้า-เย็น,รับประทานครั้งละ 1 เม็ด,หลังอาหาร,NULL,รับประทานยาติดต่อกันจนยาหมด เพื่อป้องกันการดื้อยา
4353,1,102911,แก้ไอ ละลายเสมหะ,เช้า-กลางวัน-เย็น,รับประทานครั้งละ 1 ช้อนชา,หลังอาหาร,NULL,เขย่าขวดก่อนรับประทาน
4354,1,102921,คลายกล้ามเนื้อ,เช้า-กลางวัน-เย็น,รับประทานครั้งละ 1 เม็ด,หลังอาหาร,NULL,ดื่มน้ำตามมากๆ
4355,1,102922,ฆ่าเชื้อแบคทีเรีย,เช้า-เย็น,รับประทานครั้งละ 1 เม็ด,หลังอาหาร,NULL,รับประทานยาติดต่อกันจนยาหมด เพื่อป้องกันการดื้อยา
4356,1,102926,แก้ปวด ลดอักเสบ ลดไข้,เช้า-กลางวัน-เย็น,รับประทานครั้งละ 1 เม็ด,หลังอาหาร,NULL,ยามีฤทธิ์ระคายเคืองกระเพาะอาหาร
4357,1,102939,แก้แพ้ ลดน้ำมูก ผื่นคัน,วันละ 1 ครั้ง ช่วงเวลาเดียวกัน,รับประทานครั้งละ 1 เม็ด,หลังอาหาร,NULL,ดื่มน้ำตามมากๆ
4358,1,102942,ฆ่าเชื้อแบคทีเรีย,เช้า-เย็น,รับประทานครั้งละ 1 เม็ด,หลังอาหาร,NULL,รับประทานยาติดต่อกันจนยาหมด เพื่อป้องกันการดื้อยา
4359,1,102943,รักษาริดสีดวงทวาร,เช้า-กลางวัน-เย็น,รับประทานครั้งละ 2 เม็ด,หลังอาหาร,NULL,วันที่ 1-4 หลังจากนั้น วันที่ 5-7 ทาน 2เม็ด วันละ 2ครั้ง  เช้า เย็น
4360,1,102944,แก้ปวด คลายกล้ามเนื้อ,เช้า-กลางวัน-เย็น,รับประทานครั้งละ 1 เม็ด,หลังอาหาร,เก็บในอุณหภูมิห้อง,NULL
4361,1,102945,ลดอาการคัดจมูก,ก่อนนอน,รับประทานครั้งละ 1 เม็ด,NULL,เก็บในอุณหภูมิห้อง,ยานี้ทำให้ง่วงนอน
4362,1,102946,ลดกรดในกระเพาะอาหาร,วันละ 1 ครั้ง ช่วงเวลาเดียวกัน,รับประทานครั้งละ 1 เม็ด,ก่อนอาหาร,NULL,ดื่มน้ำตามมากๆ
4363,1,102950,ลดอาการอักเสบที่ผิวหนัง,เช้า-เย็น,ทาวันละ 2 ครั้ง,NULL,NULL,ยาใช้ภายนอก ฟอกทำความสะอาดผิวหนัง
4364,1,102951,แก้ไอ ขับเสมหะ,เช้า-กลางวัน-เย็น,รับประทานครั้งละ ... ช้อนชา,หลังอาหาร,เก็บในอุณหภูมิห้อง,ยานี้ทำให้ง่วงนอน
4365,1,102953,แก้เวียนหัว น้ำในหู หูอื้อ,เช้า-กลางวัน-เย็น,รับประทานครั้งละ 1 เม็ด,หลังอาหาร,NULL,ยานี้ทำให้ง่วงนอน
4366,1,102955,ลดน้ำมูก แพ้อากาศ,วันละ 1 ครั้ง ช่วงเวลาเดียวกัน,รับประทานครั้งละ 1 เม็ด,หลังอาหาร,NULL,ดื่มน้ำตามมากๆ
4367,1,102957,แก้ปวด คลายกล้ามเนื้อ,เช้า-กลางวัน-เย็น,รับประทานครั้งละ 1 เม็ด,หลังอาหาร,NULL,ยานี้ทำให้ง่วงนอน
4368,1,102960,แก้ปวด ลดอักเสบ,เช้า-กลางวัน-เย็น,รับประทานครั้งละ 1 เม็ด,หลังอาหาร,NULL,ยานี้ทำให้ง่วงนอน   ดื่มน้ำตามมากๆ
4369,1,102961,แก้แพ้ ลดน้ำมูก ผื่นคัน,วันละ 1 ครั้ง ช่วงเวลาเดียวกัน,รับประทานครั้งละ 1 เม็ด,หลังอาหาร,NULL,ดื่มน้ำตามมากๆ
4370,1,102962,แก้แพ้  น้ำมูก จาม คันตา ผื่นคัน,วันละ 1 ครั้ง ช่วงเวลาเดียวกัน,รับประทานครั้งละ 1 เม็ด,หลังอาหาร,NULL,ดื่มน้ำตามมากๆ
4371,1,102963,แก้ไอ ขับเสมหะ,เช้า-กลางวัน-เย็น-ก่อนนอน,รับประทานครั้งละ 1 เม็ด,หลังอาหาร,NULL,ยานี้ทำให้ง่วงนอน
4372,1,102964,รักษาโรคกระเพาะ,วันละ 1 ครั้ง ช่วงเวลาเดียวกัน,รับประทานครั้งละ 1 เม็ด,ก่อนอาหาร,NULL,ก่อนอาหาร 30 นาที
4373,1,102967,แก้แพ้ ลดน้ำมูก ผื่นคัน,วันละ 1 ครั้ง ช่วงเวลาเดียวกัน,รับประทานครั้งละ 1 เม็ด,หลังอาหาร,NULL,ดื่มน้ำตามมากๆ
4374,1,102968,แก้แพ้  น้ำมูก จาม คันตา ผื่นคัน,วันละ 1 ครั้ง ช่วงเวลาเดียวกัน,รับประทานครั้งละ 1 เม็ด,หลังอาหาร,NULL,ดื่มน้ำตามมากๆ
4375,1,102970,บรรเทาอาการ เหน็บชา,เช้า-กลางวัน-เย็น,รับประทานครั้งละ 1 เม็ด,หลังอาหาร,NULL,ดื่มน้ำตามมากๆ
4376,1,102971,รักษาเส้นประสาทส่วนปลายอักเสบ,เช้า-กลางวัน-เย็น,รับประทานครั้งละ 1 เม็ด,หลังอาหาร,NULL,NULL
4377,1,102972,ยาโรควิตกกังวล,NULL,รับประทานตามแพทย์สั่ง  ,NULL,เก็บในอุณหภูมิห้อง,NULL
4378,1,102980,NULL,NULL,หยอดครั้งละ 1-2 หยด,NULL,เก็บในอุณหภูมิห้อง,ใช้ตามแพทย์สั้งเท่านั้น
4379,1,102981,แก้ปวด ลดอักเสบ,เช้า-กลางวัน-เย็น,รับประทานครั้งละ 1 ช้อนชา,หลังอาหาร,เก็บในตู้เย็น,NULL
4380,1,102982,แก้ปวดไมเกรน,ทุก 12 ชั่วโมง,รับประทานครั้งละ 1 เม็ด,หลังอาหาร,NULL,ไม่ควรใช้ติดต่อกันเกิน…….วัน
4381,1,102983,แก้ปวด ลดอักเสบ,วันละ 1 ครั้ง ช่วงเวลาเดียวกัน,รับประทานครั้งละ 1 เม็ด,หลังอาหาร,NULL,ดื่มน้ำตามมากๆ
4382,1,102984,แก้ปวด ลดอักเสบ,เช้า-เย็น,รับประทานครั้งละ 1 เม็ด,หลังอาหาร,NULL,NULL
4383,1,102989,ต้อหิน,NULL,หยอดครั้งละ 1-2 หยด,NULL,เก็บในอุณหภูมิห้อง,ห้ามปรับขนาดยาเอง โดยไม่มีคำสั่งแพทย์
4384,1,102991,แก้ปวดปลายประสาท,วันละ 1 ครั้ง ช่วงเวลาเดียวกัน,รับประทานครั้งละ 1 เม็ด,หลังอาหาร,NULL,ยานี้ทำให้ง่วงนอน
4385,1,102994,บรรเทาอาการระคายเคืองตา,เช้า-กลางวัน-เย็น-ก่อนนอน,หยอดครั้งละ 1-2 หยด,NULL,เก็บในอุณหภูมิห้อง,NULL
4386,1,102995,แก้ปวด ลดอักเสบ,เช้า-เย็น,รับประทานครั้งละ 1 เม็ด,หลังอาหาร,NULL,ยามีฤทธิ์ระคายเคืองกระเพาะอาหาร
4387,1,102999,ฆ่าเชื้อแบคทีเรีย,เช้า-เย็น,ทาวันละ 2 ครั้ง,NULL,NULL,ทาจนกว่าจะหาย
4388,1,103003,ฆ่าเชื้อแบคทีเรีย,เช้า-เย็น,รับประทานครั้งละ 1 เม็ด,หลังอาหาร,NULL,NULL
4389,1,103004,ฆ่าเชื้อแบคทีเรีย,เช้า-เย็น,ทาวันละ 2 ครั้ง,NULL,NULL,ยาใช้ภายนอก
4390,1,103006,แก้แพ้ผื่นคัน,ก่อนนอน,รับประทานครั้งละ 1 เม็ด,NULL,NULL,ยานี้ทำให้ง่วงนอน
4391,1,103008,แก้อักเสบ ลดปวด ลดไข้,เช้า-กลางวัน-เย็น,รับประทานครั้งละ 1 เม็ด,หลังอาหาร,NULL,NULL
4392,1,103018,ฆ่าเชื้อแบคทีเรีย,เช้า-เย็น,ทาวันละ 2 ครั้ง,NULL,NULL,ยาใช้ภายนอก
4393,1,103021,แก้ปวด ลดอักเสบ ลดไข้,เช้า-กลางวัน-เย็น,รับประทานครั้งละ 1 เม็ด,หลังอาหาร,NULL,ยามีฤทธิ์ระคายเคืองกระเพาะอาหาร
4394,1,103022,ฆ่าพยาธิ,วันละ 1 ครั้ง ช่วงเวลาเดียวกัน,รับประทานครั้งละ 1 ช้อนชา,หลังอาหาร,NULL,รับประทานยาติดต่อกันจนยาหมด เพื่อป้องกันการดื้อยา
4395,1,103023,แก้ปวด ลดอักเสบ,วันละ 1 ครั้ง ช่วงเวลาเดียวกัน,รับประทานครั้งละ 1 เม็ด,หลังอาหาร,NULL,ดื่มน้ำตามมากๆ
4396,1,103025,แก้แพ้ ลดน้ำมูก ผื่นคัน,ก่อนนอน,รับประทานครั้งละ 1 เม็ด,NULL,NULL,ยานี้ทำให้ง่วงนอน
4397,1,103028,ฆ่าเชื้อแบคทีเรีย,เช้า-กลางวัน-เย็น-ก่อนนอน,รับประทานครั้งละ 1 ช้อนชา,ก่อนอาหาร,เก็บในตู้เย็น,รับประทานยาติดต่อกันจนยาหมด เพื่อป้องกันการดื้อยา
4398,1,103030,แก้ปวด คลายกล้ามเนื้อ,เช้า-กลางวัน-เย็น,รับประทานครั้งละ 1 เม็ด,หลังอาหาร,NULL,ดื่มน้ำตามมากๆ
4399,1,103032,แก้ปวด คลายกล้ามเนื้อ,เช้า-กลางวัน-เย็น,รับประทานครั้งละ 1 เม็ด,หลังอาหาร,NULL,ยานี้ทำให้ง่วงนอน
4400,1,103033,ลดอักเสบ ลดคัน,เช้า-เย็น,ทาวันละ 2 ครั้ง,NULL,เก็บในอุณหภูมิห้อง,NULL
4401,1,103036,ปรับลำไส้ แก้คลื่นไส้ อาเจียน,เช้า-กลางวัน-เย็น,รับประทานครั้งละ 1 เม็ด,ก่อนอาหาร,NULL,ก่อนอาหาร 30 นาที
4402,1,103037,แก้ไอแห้ง,เช้า-กลางวัน-เย็น,รับประทานครั้งละ 1 เม็ด,หลังอาหาร,NULL,ยานี้ทำให้ง่วงนอน
4403,1,103038,แก้แพ้ ลดน้ำมูก ผื่นคัน,เช้า-เย็น,รับประทานครั้งละ 1 เม็ด,หลังอาหาร,NULL,NULL
4404,1,103044,คลายกล้ามเนื้อ,เช้า-กลางวัน-เย็น,รับประทานครั้งละ 1 เม็ด,หลังอาหาร,NULL,ยานี้ทำให้ง่วงนอน
4405,1,103049,ฆ่าเชื้อแบคทีเรีย,เช้า-เย็น,รับประทานครั้งละ 1 เม็ด,พร้อมอาหาร,NULL,รับประทานยาติดต่อกันจนยาหมด เพื่อป้องกันการดื้อยา
4406,1,103075,แก้ไอ ละลายเสมหะ,เช้า-กลางวัน-เย็น,รับประทานครั้งละ 1 ช้อนชา,หลังอาหาร,เก็บในตู้เย็น,เขย่าขวดก่อนรับประทาน
4407,1,103080,แก้ไอ ขับเสมหะ,เช้า-กลางวัน-เย็น,รับประทานครั้งละ 1 เม็ด,หลังอาหาร,NULL,ดื่มน้ำตามมากๆ
4408,1,103081,ลดไข้ บรรเทาอาการปวด,ทุก 6 ชั่วโมง,รับประทานครั้งละ 1 ช้อนชา,หลังอาหาร,NULL,เวลามีไข้ ดื่มน้ำตามมากๆ
4409,1,103082,ลดไข้ บรรเทาอาการปวด,ทุก 6 ชั่วโมง,รับประทานครั้งละ 1 ช้อนชา,หลังอาหาร,NULL,เวลามีไข้ ดื่มน้ำตามมากๆ
4410,1,103083,แก้ปวด ลดอักเสบ,เช้า-กลางวัน-เย็น,รับประทานครั้งละ 1 เม็ด,หลังอาหาร,เก็บในอุณหภูมิห้อง,ยามีฤทธิ์ระคายเคืองกระเพาะอาหาร
4411,1,103084,แก้ปวดประจำเดือน,เช้า-กลางวัน-เย็น,รับประทานครั้งละ 1 เม็ด,หลังอาหาร,NULL,ยามีฤทธิ์ระคายเคืองกระเพาะอาหาร
4412,1,103085,ลดปวด ลดอักเสบ,เช้า-เย็น,รับประทานครั้งละ 1 เม็ด,หลังอาหาร,NULL,ยามีฤทธิ์ระคายเคืองกระเพาะอาหาร
4413,1,103098,แก้แพ้ ลดน้ำมูก ผื่นคัน,วันละ 1 ครั้ง ช่วงเวลาเดียวกัน,รับประทานครั้งละ 1 เม็ด,NULL,NULL,NULL
4414,1,103105,ลดกลิ่นปากและไอจากการคันคอ,ทุกครั้งที่มีอาการ,พ่นช่องปากครั้งละ 1-2 ครั้ง,NULL,NULL,NULL
4415,1,103107,เจริญอาหาร,เช้า-กลางวัน-เย็น,รับประทานครั้งละ 1 เม็ด,ก่อนอาหาร,NULL,NULL
4416,1,103108,แก้แพ้ ลดน้ำมูก ผื่นคัน,วันละ 1 ครั้ง ช่วงเวลาเดียวกัน,รับประทานครั้งละ ..... ml,NULL,NULL,NULL
4417,1,103109,ป้องกันการขาดวิตามินบี บำรุงโลหิต,เช้า-เย็น,รับประทานครั้งละ 1 เม็ด,ก่อนอาหาร,NULL,NULL
4418,1,103112,แก้แพ้  น้ำมูก จาม คันตา ผื่นคัน,วันละ 1 ครั้ง ช่วงเวลาเดียวกัน,รับประทานครั้งละ 1 เม็ด,NULL,NULL,สามารถเคี้ยวหรือกลืนทั้งเม็ด
4419,1,103113,แก้แพ้  น้ำมูก จาม คันตา ผื่นคัน,วันละ 1 ครั้ง ช่วงเวลาเดียวกัน,รับประทานครั้งละ 1 เม็ด,NULL,NULL,NULL
4420,1,103114,ลดน้ำมูก แพ้อากาศ,เช้า-กลางวัน-เย็น-ก่อนนอน,รับประทานครั้งละ ... ml,NULL,NULL,NULL
4421,1,103115,ลดน้ำมูก แก้คัดจมูก,เช้า-กลางวัน-เย็น-ก่อนนอน,รับประทานครั้งละ ... ml,หลังอาหาร,NULL,NULL
4422,1,103118,ลดอาการอักเสบที่ผิวหนัง,เช้า-เย็น,ทาวันละ 2 ครั้ง,NULL,NULL,NULL
4423,1,103139,ยาชาเฉพาะที่,ทุกครั้งที่มีอาการ,ทาวันละ 3-4 ครั้ง,NULL,เก็บในตู้เย็น,NULL
4424,1,103139,ยาชาเฉพาะที่,NULL,ทาวันละ 1 ครั้ง,NULL,เก็บในตู้เย็น,NULL
4425,1,103140,บรรเทาอาการตาแห้ง,ทุกครั้งที่มีอาการ,หยอดครั้งละ 1-2 หยด,NULL,เก็บในอุณหภูมิห้อง,NULL
4426,1,103144,แก้ไอ ละลายเสมหะ,เช้า-กลางวัน-เย็น,รับประทานครั้งละ ... ช้อนชา,หลังอาหาร,NULL,NULL
4427,1,103147,แก้ไอ ละลายเสมหะ,เช้า-กลางวัน-เย็น,รับประทานครั้งละ ... ml,หลังอาหาร,NULL,NULL
4428,1,103151,ฆ่าเชื้อราผิวหนัง,เช้า-เย็น,ทาวันละ 2 ครั้ง,NULL,NULL,NULL
4429,1,103152,รักษาผิวหนังอักเสบและเชื้อรา,เช้า-เย็น,ทาวันละ 2 ครั้ง,NULL,NULL,NULL
4430,1,103153,ฆ่าเชื้อที่ผิวหนัง,เช้า-เย็น,ทาวันละ 2 ครั้ง,NULL,NULL,NULL
4431,1,103154,รักษาเริม,เช้า-กลางวัน-เย็น,รับประทานครั้งละ 1 เม็ด,หลังอาหาร,NULL,รับประทานติดต่อกัน 7 วัน
4432,1,103158,คลายกล้ามเนื้อ,เช้า-กลางวัน-เย็น,รับประทานครั้งละ 1 เม็ด,หลังอาหาร,NULL,ดื่มน้ำตามมากๆ
4433,1,103174,ละลายเสมหะ,เช้า,รับประทานครั้งละ 1 เม็ด,หลังอาหาร,NULL,NULL
4434,1,103181,NULL,NULL,ทาวันละ 2 ครั้ง,NULL,NULL,NULL
4435,1,103182,,,,,,
4436,1,103182,,,,,,
4437,1,103183,,,,,,
4438,1,103184,,,,,,
4439,1,103185,,,,,,
4440,1,103186,,,,,,
4441,1,103187,บรรเทาอาการไอ ลดไข้ น้ำมูก,เช้า-กลางวัน-เย็น,รับประทานครั้งละ 1 ช้อนชา,หลังอาหาร,เก็บในอุณหภูมิห้อง,ยานี้ทำให้ง่วงนอน
4442,1,103188,,,,,,
4443,1,103189,,,,,,
4444,1,103190,แก้ไอแห้ง,เช้า-กลางวัน-เย็น,รับประทานครั้งละ 1 เม็ด,หลังอาหาร,เก็บในอุณหภูมิห้อง,ยานี้ทำให้ง่วงนอน
4445,1,103191,,,,,,
4446,1,103192,,,,,,
4447,1,103193,,,,,,
4448,1,103194,,,,,,
4449,1,103195,,,,,,
4450,1,103196,,,,,,
4451,1,103197,,,,,,
4452,1,103198,,,,,,
4453,1,103199,,,,,,
4454,1,103200,,,,,,
4455,1,103201,เลื่อนประจำเดือน,เช้า-เย็น,รับประทานครั้งละ 1 เม็ด,หลังอาหาร,เก็บในอุณหภูมิห้อง,ดื่มน้ำตามมากๆ
4456,1,103202,,,,,,
4457,1,103203,,,,,,
4458,1,103204,,,,,,
4459,1,103205,แก้ปวด ลดอักเสบ,เช้า-กลางวัน-เย็น,รับประทานครั้งละ 1 เม็ด,หลังอาหาร,เก็บในอุณหภูมิห้อง,ยามีฤทธิ์ระคายเคืองกระเพาะอาหาร
4460,2,10000,ลดไข้ บรรเทาอาการปวด,ทุก 6 ชั่วโมง,รับประทานครั้งละ 1-2 เม็ด,null,null,ไม่ควรใช้ติดต่อกันเกิน…5….วัน
4461,1,103206,แก้ท้องเสีย,ทุกครั้งที่มีอาการ,รับประทานครั้งละ 1 เม็ด,,,ดื่มน้ำตามมากๆ
4462,1,103207,,,,,,
4463,1,103208,,,,,,
4464,1,10000,,,,,,
4465,1,103209,,,,,,
4466,1,103210,ละลายเสมหะ,วันละ 1 ครั้ง ช่วงเวลาเดียวกัน,รับประทานครั้งละ 1 เม็ด,หลังอาหาร,เก็บในอุณหภูมิห้อง,ดื่มน้ำตามมากๆ
4467,1,103211,,,,,,
4468,1,103212,,,,,,
4469,1,103213,,,,,,
4470,1,103214,,,,,,
4471,3,10000,ฆ่าเชื้อแบคทีเรีย,เช้า-เย็น,รับประทานครั้งละ 1 เม็ด,หลังอาหาร,null,รับประทานยาติดต่อกันจนยาหมด เพื่อป้องกันการดื้อยา
4472,3,10001,แก้ปวด ลดอักเสบ,วันละ 1 ครั้ง ช่วงเวลาเดียวกัน,รับประทานครั้งละ 1 เม็ด,หลังอาหาร,null,ยามีฤทธิ์ระคายเคืองกระเพาะอาหาร
4473,3,10002,รักษาโรคกระเพาะ,เช้า,รับประทานครั้งละ 1 เม็ด,ก่อนอาหาร,null,ก่อนอาหาร 30 นาที
4474,1,102878,รักษาเริม,ทุก 4 ชั่วโมง,ทาวันละ 5 ครั้ง,,,
4475,4,10000,,,,,,
4476,1,103215,,,,,,
4477,1,103216,,,,,,
4478,8,10000,แก้ปวด ลดอักเสบ,เช้า-กลางวัน-เย็น,รับประทานครั้งละ 1 เม็ด,หลังอาหาร,null,ยามีฤทธิ์ระคายเคืองกระเพาะอาหาร
4479,9,10000,,,,,,
4480,9,10001,,,,,,
4481,5,10000,แก้ท้องเสีย,เช้า-กลางวัน-เย็น,รับประทานครั้งละ ...... ml,-,เก็บในอุณหภูมิห้อง,null
4482,1,103217,,,,,,
4483,1,102852,แก้แพ้  น้ำมูก จาม คันตา ผื่นคัน,วันละ 1 ครั้ง ช่วงเวลาเดียวกัน,รับประทานครั้งละ 1 เม็ด,หลังอาหาร,เก็บในอุณหภูมิห้อง,ดื่มน้ำตามมากๆ
4484,10,10000,ลดไข้ บรรเทาอาการปวด,ทุก 6 ชั่วโมง,รับประทานครั้งละ 1-2 เม็ด,null,null,ไม่ควรใช้ติดต่อกันเกิน…5….วัน
4485,1,103218,,,,,,
4486,1,103219,เพิ่มกากใย ช่วยให้ระบาย,วันละ 1 ครั้ง ช่วงเวลาเดียวกัน,รับประทานครั้งละ  ,ก่อนอาหาร,เก็บในอุณหภูมิห้อง,ดื่มน้ำตามมากๆ
4487,1,103220,ลดปวด ลดอักเสบ,เช้า-กลางวัน-เย็น,ทาวันละ 3 ครั้ง,,เก็บในอุณหภูมิห้อง,
4488,1,103221,แก้เวียนหัว น้ำในหู หูอื้อ,เช้า-กลางวัน-เย็น,รับประทานครั้งละ 1 เม็ด,หลังอาหาร,,
4489,1,103222,แก้แพ้ ลดน้ำมูก ผื่นคัน,เช้า-กลางวัน-เย็น-ก่อนนอน,รับประทานครั้งละ 1-2 เม็ด,หลังอาหาร,,
4490,1,103223,รักษาอาการคันจากเชื้อรา,สัปดาห์ละ 2 ครั้ง สระผม หรือ ฟอกตัว ทิ้งไว้ 5-10 นาที จงล้างออก,,,,เมื่อรังแคหายแล้ว ให้ใช้ 1-2 สัปดาห์ต่อครั้ง หรือใช้ตามแพทย์สั้ง
4491,1,103224,,,,,,
4492,1,103225,คลายกังวล,ก่อนนอน,รับประทานครั้งละ 1 เม็ด,หลังอาหาร,เก็บในอุณหภูมิห้อง,ยานี้ทำให้ง่วงนอน
4493,1,103226,,,,,,
4494,1,103227,,,,,,
4495,1,10000,,,,,,
4496,1,103229,,,,,,
4497,1,103230,,,,,,
4498,1,103231,,,,,,
4499,1,103020,ลดอาการอักเสบที่ผิวหนัง,เช้า-เย็น,ทาวันละ 2 ครั้ง,,,
4500,1,103232,,,,,,
