company,code,indicatorlistS,timeS,useS,timeuseS,keepS,remarkS
1000,100001,แก้ท้องเสีย,เช้า-กลางวัน-เย็น,รับประทานครั้งละ ...... ml,-,เก็บในอุณหภูมิห้อง,
1000,100000,แก้ไอ,ทุกครั้งที่มีอาการ,รับประทานครั้งละ 1 ช้อนโต๊ะ,-,-,
1000,100002,แก้ท้องเสีย,เช้า-กลางวัน-เย็น,รับประทานครั้งละ ...... ml,-,เก็บในอุณหภูมิห้อง,
1000,100003,แก้คลื่นไส้ อาเจียน,เช้า-กลางวัน-เย็น,รับประทานครั้งละ ...... ml,ก่อนอาหาร,เก็บในอุณหภูมิห้อง,
1000,100004,แก้คลื่นไส้ อาเจียน,เช้า-กลางวัน-เย็น,รับประทานครั้งละ ...... ml,ก่อนอาหาร,เก็บในอุณหภูมิห้อง,
1000,100005,แก้ท้องอืดท้องเฟ้อ,ทุกครั้งที่มีอาการ,รับประทานครั้งละ ..... ml,หลังอาหาร,เก็บในอุณหภูมิห้อง,
1000,100006,แก้ท้องอืดท้องเฟ้อ,ทุกครั้งที่มีอาการ,รับประทานครั้งละ ..... ml,หลังอาหาร,เก็บในอุณหภูมิห้อง,
1000,100007,แก้จุกเสียด แน่นท้อง ขับลม ,เช้า-กลางวัน-เย็น,รับประทานครั้งละ ...... ml,หลังอาหาร,เก็บในอุณหภูมิห้อง,
1000,100008,บรรเทาอาการปวดเกร็งท้อง,เช้า-กลางวัน-เย็น,รับประทานครั้งละ ...... ml,หลังอาหาร,เก็บในอุณหภูมิห้อง,
1000,100009,เสริมธาตุเหล็ก,เช้า-กลางวัน-เย็น,รับประทานครั้งละ ...... ml,-,เก็บในอุณหภูมิห้อง,
1000,100010,ลดไข้ บรรเทาอาการปวด,ทุก 6 ชั่วโมง,รับประทานครั้งละ ...... ml,-,เก็บในอุณหภูมิห้อง,
1000,100011,ลดไข้ บรรเทาอาการปวด,ทุก 6 ชั่วโมง,รับประทานครั้งละ ...... ml,-,เก็บในอุณหภูมิห้อง,
1000,100012,ลดไข้ บรรเทาอาการปวด,ทุก 6 ชั่วโมง,รับประทานครั้งละ ...... ml,-,เก็บในอุณหภูมิห้อง,
1000,100013,ลดไข้ บรรเทาอาการปวด,ทุก 6 ชั่วโมง,รับประทานครั้งละ ...... ml,-,เก็บในอุณหภูมิห้อง,
1000,100014,ลดไข้ บรรเทาอาการปวด,ทุก 6 ชั่วโมง,รับประทานครั้งละ ...... ml,-,เก็บในอุณหภูมิห้อง,
1000,100015,ลดไข้ บรรเทาอาการปวด,ทุก 6 ชั่วโมง,รับประทานครั้งละ ...... ml,-,เก็บในอุณหภูมิห้อง,
1000,100016,ลดไข้ บรรเทาอาการปวด,ทุก 6 ชั่วโมง,รับประทานครั้งละ ...... ml,-,เก็บในอุณหภูมิห้อง,
1000,100017,ลดไข้ บรรเทาอาการปวด,ทุก 6 ชั่วโมง,รับประทานครั้งละ ......... ช้อนชา,-,เก็บในอุณหภูมิห้อง,
1000,100018,ลดไข้ บรรเทาอาการปวด,ทุก 6 ชั่วโมง,รับประทานครั้งละ ......... ช้อนชา,-,เก็บในอุณหภูมิห้อง,
1000,100019,ลดไข้ บรรเทาอาการปวด,ทุก 6 ชั่วโมง,รับประทานครั้งละ ...... ml,-,เก็บในอุณหภูมิห้อง,
1000,100020,ลดไข้ บรรเทาอาการปวด,ทุก 6 ชั่วโมง,รับประทานครั้งละ ......... ช้อนชา,-,เก็บในอุณหภูมิห้อง,
1000,100021,ลดไข้ บรรเทาอาการปวด,ทุก 6 ชั่วโมง,รับประทานครั้งละ ...... ml,-,เก็บในอุณหภูมิห้อง,
1000,100022,ลดไข้ บรรเทาอาการปวด,ทุก 6 ชั่วโมง,รับประทานครั้งละ ......... ช้อนชา,-,เก็บในอุณหภูมิห้อง,
1000,100023,ลดไข้ บรรเทาอาการปวด,ทุก 6 ชั่วโมง,รับประทานครั้งละ ......... ช้อนชา,-,เก็บในอุณหภูมิห้อง,
1000,100024,ลดไข้ บรรเทาอาการปวด,ทุก 6 ชั่วโมง,รับประทานครั้งละ ......... ช้อนชา,-,เก็บในอุณหภูมิห้อง,
1000,100025,ลดไข้ บรรเทาอาการปวด,ทุก 6 ชั่วโมง,รับประทานครั้งละ ......... ช้อนชา,-,เก็บในอุณหภูมิห้อง,
1000,100026,ลดไข้ บรรเทาอาการปวด,ทุก 6 ชั่วโมง,รับประทานครั้งละ ......... ช้อนชา,-,เก็บในอุณหภูมิห้อง,
1000,100027,ลดไข้ บรรเทาอาการปวด,ทุก 6 ชั่วโมง,รับประทานครั้งละ ......... ช้อนชา,-,เก็บในอุณหภูมิห้อง,
1000,100028,ลดไข้ บรรเทาอาการปวด,ทุก 6 ชั่วโมง,รับประทานครั้งละ ......... ช้อนชา,-,เก็บในอุณหภูมิห้อง,
1000,100029,ลดไข้ บรรเทาอาการปวด,ทุก 6 ชั่วโมง,รับประทานครั้งละ ......... ช้อนชา,-,เก็บในอุณหภูมิห้อง,
1000,100030,ฆ่าเชื้อในทางเดินหายใจ,เช้า-กลางวัน-เย็น,รับประทานครั้งละ ......... ช้อนชา,ก่อนอาหาร,เก็บในตู้เย็น,รับประทานติดต่อกันจนยาหมด 
1000,100031,ฆ่าเชื้อในทางเดินหายใจ,เช้า-กลางวัน-เย็น,รับประทานครั้งละ ......... ช้อนชา,ก่อนอาหาร,เก็บในอุณหภูมิห้อง,รับประทานติดต่อกันจนยาหมด 
1000,100032,ฆ่าเชื้อในทางเดินหายใจ,เช้า-กลางวัน-เย็น,รับประทานครั้งละ ......... ช้อนชา,ก่อนอาหาร,เก็บในตู้เย็น,รับประทานติดต่อกันจนยาหมด 
1000,100033,ฆ่าเชื้อในทางเดินหายใจ,เช้า-กลางวัน-เย็น,รับประทานครั้งละ ......... ช้อนชา,หลังอาหาร,เก็บในตู้เย็น,รับประทานติดต่อกันจนยาหมด 
1000,100034,ฆ่าเชื้อแบคทีเรีย,วันละ 1 ครั้ง ช่วงเวลาเดียวกัน,รับประทานครั้งละ ......... ช้อนชา,ก่อนอาหาร,เก็บในตู้เย็น,รับประทานติดต่อกันจนยาหมด 
1000,100035,ฆ่าเชื้อแบคทีเรีย,วันละ 1 ครั้ง ช่วงเวลาเดียวกัน,รับประทานครั้งละ ......... ช้อนชา,ก่อนอาหาร,เก็บในตู้เย็น,รับประทานติดต่อกันจนยาหมด 
1000,100036,ฆ่าเชื้อแบคทีเรีย,เช้า-เย็น,รับประทานครั้งละ ......... ช้อนชา,หลังอาหาร,เก็บในตู้เย็น,รับประทานติดต่อกันจนยาหมด 
1000,100037,ฆ่าเชื้อในทางเดินหายใจ,วันละ 1 ครั้ง ช่วงเวลาเดียวกัน,รับประทานครั้งละ ...... ml,ก่อนอาหาร,เก็บในตู้เย็น,รับประทานติดต่อกันจนยาหมด 
1000,100038,ลดน้ำมูก แพ้อากาศ,วันละ 1 ครั้ง ช่วงเวลาเดียวกัน,รับประทานครั้งละ ...... ml,-,-,"
"
1000,100039,ขยายหลอดลม,เช้า-กลางวัน-เย็น,รับประทานครั้งละ ......... ช้อนชา,หลังอาหาร,เก็บในอุณหภูมิห้อง,"
"
1000,100040,ขยายหลอดลม และขับเสมหะ,เช้า-กลางวัน-เย็น,รับประทานครั้งละ ......... ช้อนชา,หลังอาหาร,เก็บในอุณหภูมิห้อง,"
"
1000,100041,ขยายหลอดลม,เช้า-กลางวัน-เย็น,รับประทานครั้งละ ...... ml,หลังอาหาร,เก็บในอุณหภูมิห้อง,"
"
1000,100042,แก้ไอ ขับเสมหะ,เช้า-กลางวัน-เย็น,รับประทานครั้งละ ......... ช้อนชา,หลังอาหาร,เก็บในอุณหภูมิห้อง,"
"
1000,100043,แก้ไอ ละลายเสมหะ,เช้า-กลางวัน-เย็น,รับประทานครั้งละ ......... ช้อนชา,หลังอาหาร,เก็บในอุณหภูมิห้อง,"
"
1000,100044,แก้ไอ ละลายเสมหะ,เช้า-กลางวัน-เย็น,รับประทานครั้งละ ......... ช้อนชา,หลังอาหาร,เก็บในอุณหภูมิห้อง,"
"
1000,100045,แก้ไอ ละลายเสมหะ,เช้า-กลางวัน-เย็น,รับประทานครั้งละ ......... ช้อนชา,หลังอาหาร,เก็บในอุณหภูมิห้อง,"
"
1000,100046,แก้ไอ ละลายเสมหะ,เช้า-กลางวัน-เย็น,รับประทานครั้งละ ......... ช้อนชา,หลังอาหาร,เก็บในอุณหภูมิห้อง,"
"
1000,100047,ลดน้ำมูก แพ้อากาศ,เช้า-กลางวัน-เย็น-ก่อนนอน,รับประทานครั้งละ ......... ช้อนชา,หลังอาหาร,เก็บในอุณหภูมิห้อง,"
"
1000,100048,แก้ไอ ขับเสมหะ,เช้า-กลางวัน-เย็น,รับประทานครั้งละ ......... ช้อนชา,หลังอาหาร,เก็บในอุณหภูมิห้อง,"
"
1000,100049,บรรเทาอาการไอ ระคายเคืองคอ,เช้า-กลางวัน-เย็น,รับประทานครั้งละ ......... ช้อนชา,หลังอาหาร,เก็บในอุณหภูมิห้อง,"
"
1000,100050,บรรเทาอาการไอ ระคายเคืองคอ,เช้า-กลางวัน-เย็น,รับประทานครั้งละ ......... ช้อนชา,หลังอาหาร,เก็บในอุณหภูมิห้อง,"
"
1000,100051,ลดน้ำมูก แพ้อากาศ,วันละ 1 ครั้ง ช่วงเวลาเดียวกัน,รับประทานครั้งละ ...... ml,-,-,"
"
1000,100052,ลดน้ำมูก แพ้อากาศ,วันละ 1 ครั้ง ช่วงเวลาเดียวกัน,รับประทานครั้งละ ......... ช้อนชา,-,-,"
"
1000,100053,ลดน้ำมูก แพ้อากาศ,วันละ 1 ครั้ง ช่วงเวลาเดียวกัน,รับประทานครั้งละ ......... ช้อนชา,-,-,"
"
1000,100054,ลดน้ำมูก แพ้อากาศ,วันละ 1 ครั้ง ช่วงเวลาเดียวกัน,รับประทานครั้งละ ......... ช้อนชา,-,-,"
"
1000,100055,ลดน้ำมูก แพ้อากาศ,วันละ 1 ครั้ง ช่วงเวลาเดียวกัน,รับประทานครั้งละ ......... ช้อนชา,-,-,"
"
1000,100056,ลดน้ำมูก แพ้อากาศ,วันละ 1 ครั้ง ช่วงเวลาเดียวกัน,รับประทานครั้งละ ...... ml,-,-,"
"
1000,100057,ลดน้ำมูก แพ้อากาศ,วันละ 1 ครั้ง ช่วงเวลาเดียวกัน,รับประทานครั้งละ ......... ช้อนชา,-,-,"
"
1000,100058,ลดน้ำมูก แพ้อากาศ,วันละ 1 ครั้ง ช่วงเวลาเดียวกัน,รับประทานครั้งละ ......... ช้อนชา,-,-,"
"
1000,100059,ลดน้ำมูก แพ้อากาศ,เช้า-กลางวัน-เย็น-ก่อนนอน,รับประทานครั้งละ ...... ml,-,เก็บในอุณหภูมิห้อง,"ยานี้ทำให้ง่วงนอน
"
1000,100060,บรรเทาอาการหวัด ลดไข้,เช้า-กลางวัน-เย็น-ก่อนนอน,รับประทานครั้งละ ......... ช้อนชา,-,เก็บในอุณหภูมิห้อง,"ยานี้ทำให้ง่วงนอน
"
1000,100061,บรรเทาอาการหวัด ลดไข้,เช้า-กลางวัน-เย็น-ก่อนนอน,รับประทานครั้งละ ......... ช้อนชา,-,เก็บในอุณหภูมิห้อง,"ยานี้ทำให้ง่วงนอน
"
1000,100062,บรรเทาอาการหวัด ลดไข้,เช้า-กลางวัน-เย็น-ก่อนนอน,รับประทานครั้งละ ......... ช้อนชา,-,เก็บในอุณหภูมิห้อง,"ยานี้ทำให้ง่วงนอน
"
1000,100063,บรรเทาอาการคัดจมูก,เช้า-กลางวัน-เย็น-ก่อนนอน,รับประทานครั้งละ ......... ช้อนชา,-,เก็บในอุณหภูมิห้อง,"ยานี้ทำให้ง่วงนอน
"
1000,100064,ลดน้ำมูก แพ้อากาศ,เช้า-กลางวัน-เย็น-ก่อนนอน,รับประทานครั้งละ ......... ช้อนชา,-,เก็บในอุณหภูมิห้อง,"ยานี้ทำให้ง่วงนอน
"
1000,100065,แก้แพ้ผื่นคัน,เช้า-กลางวัน-เย็น,รับประทานครั้งละ ..... ml,หลังอาหาร,เก็บในอุณหภูมิห้อง,ยานี้ทำให้ง่วงนอน
1000,100066,บรรเทาอาการไอ ลดไข้ น้ำมูก,เช้า-กลางวัน-เย็น,รับประทานครั้งละ ......... ช้อนชา,หลังอาหาร,เก็บในอุณหภูมิห้อง,"ยานี้ทำให้ง่วงนอน
"
1000,100067,บรรเทาอาการไอ ลดไข้ น้ำมูก,เช้า-กลางวัน-เย็น-ก่อนนอน,รับประทานครั้งละ ..... ml,หลังอาหาร,เก็บในอุณหภูมิห้อง,
1000,100068,เจริญอาหาร,เช้า-กลางวัน-เย็น,รับประทานครั้งละ ..... ml,ก่อนอาหาร,เก็บในอุณหภูมิห้อง,
1000,100069,บรรเทาอาการหวัด คัดจมูก,เช้า-กลางวัน-เย็น-ก่อนนอน,รับประทานครั้งละ ......... ช้อนชา,หลังอาหาร,เก็บในอุณหภูมิห้อง,"ยานี้ทำให้ง่วงนอน
"
1000,100070,บรรเทาอาการหวัด คัดจมูก,เช้า-กลางวัน-เย็น-ก่อนนอน,รับประทานครั้งละ ......... ช้อนชา,หลังอาหาร,เก็บในอุณหภูมิห้อง,"ยานี้ทำให้ง่วงนอน
"
1000,100071,บรรเทาอาการหวัด คัดจมูก,เช้า-กลางวัน-เย็น-ก่อนนอน,รับประทานครั้งละ ...... ml,หลังอาหาร,เก็บในอุณหภูมิห้อง,"ยานี้ทำให้ง่วงนอน
"
1000,100072,สำหรับฉีดเข้าเส้นเลือด,ทุกครั้งที่มีอาการ,,,เก็บในอุณหภูมิห้อง,
1000,100073,สำหรับฉีดเข้าเส้นเลือด,ทุกครั้งที่มีอาการ,,,เก็บในอุณหภูมิห้อง,
1000,100074,สำหรับฉีดเข้าเส้นเลือด,ทุกครั้งที่มีอาการ,,,เก็บในอุณหภูมิห้อง,
1000,100075,สำหรับฉีดเข้าเส้นเลือด,ทุกครั้งที่มีอาการ,,,เก็บในอุณหภูมิห้อง,
1000,100076,บำรุงร่างกาย ,เช้า-กลางวัน-เย็น,รับประทานครั้งละ 1 เม็ด,พร้อมอาหาร,เก็บในอุณหภูมิห้อง,
1000,100077,เจริญอาหาร,เช้า-กลางวัน-เย็น-ก่อนนอน,รับประทานครั้งละ 1 เม็ด,ก่อนอาหาร,เก็บในอุณหภูมิห้อง,
1000,100078,บรรเทาอาการหวัด คัดจมูก,เช้า-กลางวัน-เย็น-ก่อนนอน,รับประทานครั้งละ ......... ช้อนชา,หลังอาหาร,เก็บในอุณหภูมิห้อง,ยานี้ทำให้ง่วงนอน
1000,100079,บำรุงสายตา,วันละ 1 ครั้ง ช่วงเวลาเดียวกัน,รับประทานครั้งละ 1 เม็ด,หลังอาหาร,เก็บในตู้เย็น,
1000,100080,บำรุงร่างกาย ,วันละ 1 ครั้ง ช่วงเวลาเดียวกัน,รับประทานครั้งละ 1 เม็ด,หลังอาหาร,เก็บในตู้เย็น,
1000,100081,บรรเทาอาการ เหน็บชา,เช้า-กลางวัน-เย็น,รับประทานครั้งละ 1 เม็ด,หลังอาหาร,เก็บในอุณหภูมิห้อง,
1000,100082,บำรุงร่างกาย ,วันละ 1 ครั้ง ช่วงเวลาเดียวกัน,รับประทานครั้งละ 1 เม็ด,หลังอาหาร,,
1000,100083,บำรุงร่างกาย ,วันละ 1 ครั้ง ช่วงเวลาเดียวกัน,รับประทานครั้งละ 1 เม็ด,หลังอาหาร,,
1000,100084,บำรุงร่างกาย ,วันละ 1 ครั้ง ช่วงเวลาเดียวกัน,รับประทานครั้งละ 1 เม็ด,หลังอาหาร,,
1000,100085,เสริมวิตามินบี,วันละ 1 ครั้ง ช่วงเวลาเดียวกัน,รับประทานครั้งละ 1 เม็ด,ก่อนอาหาร,,
1000,100086,บำรุงร่างกาย ,วันละ 1 ครั้ง ช่วงเวลาเดียวกัน,รับประทานครั้งละ 1 เม็ด,หลังอาหาร,,
1000,100087,บำรุงโลหิต,วันละ 1 ครั้ง ช่วงเวลาเดียวกัน,รับประทานครั้งละ 1 เม็ด,หลังอาหาร,,
1000,100088,บรรเทาอาการ เหน็บชา,เช้า-กลางวัน-เย็น,รับประทานครั้งละ 1 เม็ด,หลังอาหาร,เก็บในอุณหภูมิห้อง,
1000,100089,บำรุงโลหิต,เช้า-กลางวัน-เย็น-ก่อนนอน,รับประทานครั้งละ 1 เม็ด,พร้อมอาหาร,เก็บในอุณหภูมิห้อง,
1000,100090,บรรเทาอาการ เหน็บชา,เช้า-กลางวัน-เย็น,รับประทานครั้งละ 1 เม็ด,หลังอาหาร,เก็บในอุณหภูมิห้อง,
1000,100091,รักษาโรคโลหิตจาง,วันละ 1 ครั้ง ช่วงเวลาเดียวกัน,รับประทานครั้งละ 1 เม็ด,หลังอาหาร,เก็บในอุณหภูมิห้อง,
1000,100092,รักษาโรคโลหิตจาง,วันละ 1 ครั้ง ช่วงเวลาเดียวกัน,รับประทานครั้งละ 1 เม็ด,หลังอาหาร,เก็บในอุณหภูมิห้อง,
1000,100093,ละลายเสมหะ,วันละ 1 ครั้ง ช่วงเวลาเดียวกัน,รับประทานครั้งละ 1 ซอง,หลังอาหาร,,ผสมน้ำ ครึ่งแก้ว
1000,100094,ละลายเสมหะ,เช้า-กลางวัน-เย็น,รับประทานครั้งละ 1 ซอง,หลังอาหาร,,ผสมน้ำ ครึ่งแก้ว
1000,100095,ละลายเสมหะ,เช้า-กลางวัน-เย็น,รับประทานครั้งละ 1 ซอง,หลังอาหาร,,ผสมน้ำ ครึ่งแก้ว
1000,100096,แก้ไอ ละลายเสมหะ,เช้า-กลางวัน-เย็น,รับประทานครั้งละ 1 เม็ด,หลังอาหาร,,
1000,100097,แก้ไอ ละลายเสมหะ,เช้า-กลางวัน-เย็น,รับประทานครั้งละ 1 เม็ด,หลังอาหาร,,
1000,100098,แก้ไอ ละลายเสมหะ,เช้า-กลางวัน-เย็น,รับประทานครั้งละ 1 เม็ด,หลังอาหาร,,
1000,100099,แก้ไอ ขับเสมหะ,เช้า-กลางวัน-เย็น,รับประทานครั้งละ 1 เม็ด,หลังอาหาร,,
1000,100100,แก้ไอ ขับเสมหะ,เช้า-กลางวัน-เย็น,รับประทานครั้งละ 1 เม็ด,หลังอาหาร,,
1000,100101,ลดน้ำมูก แพ้อากาศ,วันละ 1 ครั้ง ช่วงเวลาเดียวกัน,รับประทานครั้งละ 1 เม็ด,,,เมื่อมีอาการ
1000,100102,แก้แพ้ ลดน้ำมูก ผื่นคัน,วันละ 1 ครั้ง ช่วงเวลาเดียวกัน,รับประทานครั้งละ 1 เม็ด,,,
1000,100103,ลดน้ำมูก แพ้อากาศ,วันละ 1 ครั้ง ช่วงเวลาเดียวกัน,รับประทานครั้งละ 1 เม็ด,,,เมื่อมีอาการ
1000,100104,ลดน้ำมูก แพ้อากาศ,วันละ 1 ครั้ง ช่วงเวลาเดียวกัน,รับประทานครั้งละ 1 เม็ด,,,เมื่อมีอาการ
1000,100105,ลดน้ำมูก แพ้อากาศ,วันละ 1 ครั้ง ช่วงเวลาเดียวกัน,รับประทานครั้งละ 1 เม็ด,,,เมื่อมีอาการ
1000,100106,ลดน้ำมูก แพ้อากาศ,วันละ 1 ครั้ง ช่วงเวลาเดียวกัน,รับประทานครั้งละ 1 เม็ด,,,เมื่อมีอาการ
1000,100107,แก้แพ้ ลดน้ำมูก ผื่นคัน,วันละ 1 ครั้ง ช่วงเวลาเดียวกัน,รับประทานครั้งละ 1 เม็ด,,,
1000,100108,แก้แพ้ ลดน้ำมูก ผื่นคัน,วันละ 1 ครั้ง ช่วงเวลาเดียวกัน,รับประทานครั้งละ 1 เม็ด,,,
1000,100109,บรรเทาอาการหวัด คัดจมูก,ทุก 6 ชั่วโมง,รับประทานครั้งละ 1 เม็ด,,,เมื่อมีอาการ
1000,100110,บรรเทาอาการหวัด ลดไข้,ทุก 6 ชั่วโมง,รับประทานครั้งละ 1 เม็ด,,,เมื่อมีอาการ
1000,100111,บรรเทาอาการหวัด ลดไข้,ทุก 6 ชั่วโมง,รับประทานครั้งละ 1 เม็ด,,,เมื่อมีอาการ
1000,100112,บรรเทาอาการหวัด ลดไข้,ทุก 6 ชั่วโมง,รับประทานครั้งละ 1 เม็ด,,,เมื่อมีอาการ
1000,100113,บรรเทาอาการไอ ระคายเคืองคอ,ทุกครั้งที่มีอาการ,รับประทานครั้งละ 1 เม็ด,,,
1000,100114,แก้ไอ ละลายเสมหะ,เช้า-กลางวัน-เย็น,รับประทานครั้งละ 1 เม็ด,หลังอาหาร,,
1000,100115,ลดน้ำมูก แพ้อากาศ,วันละ 1 ครั้ง ช่วงเวลาเดียวกัน,รับประทานครั้งละ 1 เม็ด,,,เมื่อมีอาการ
1000,100116,ลดน้ำมูก แพ้อากาศ,วันละ 1 ครั้ง ช่วงเวลาเดียวกัน,รับประทานครั้งละ 1 เม็ด,,,เมื่อมีอาการ
1000,100117,ลดน้ำมูก แพ้อากาศ,เช้า-เย็น,รับประทานครั้งละ 1 เม็ด,หลังอาหาร,,
1000,100118,ลดน้ำมูก แพ้อากาศ,วันละ 1 ครั้ง ช่วงเวลาเดียวกัน,รับประทานครั้งละ 1 เม็ด,,,
1000,100119,แก้แพ้ ลดน้ำมูก ผื่นคัน,เช้า-เย็น,รับประทานครั้งละ 1 เม็ด,หลังอาหาร,,
1000,100120,ลดน้ำมูก แพ้อากาศ,วันละ 1 ครั้ง ช่วงเวลาเดียวกัน,รับประทานครั้งละ 1 เม็ด,,,เมื่อมีอาการ
1000,100121,ลดน้ำมูก แพ้อากาศ,วันละ 1 ครั้ง ช่วงเวลาเดียวกัน,รับประทานครั้งละ 1 เม็ด,,,เมื่อมีอาการ
1000,100122,ลดน้ำมูก แพ้อากาศ,วันละ 1 ครั้ง ช่วงเวลาเดียวกัน,รับประทานครั้งละ 1 เม็ด,,,เมื่อมีอาการ
1000,100123,ลดน้ำมูก แพ้อากาศ,วันละ 1 ครั้ง ช่วงเวลาเดียวกัน,รับประทานครั้งละ 1 เม็ด,,,เมื่อมีอาการ
1000,100124,เจริญอาหาร,วันละ 1 ครั้ง ช่วงเวลาเดียวกัน,รับประทานครั้งละ 1 เม็ด,,,ก่อนนอน
1000,100125,เจริญอาหาร,เช้า-กลางวัน-เย็น-ก่อนนอน,รับประทานครั้งละ 1 เม็ด,ก่อนอาหาร,,ยานี้ทำให้ง่วงนอน
1000,100126,แก้แพ้ผื่นคัน,ก่อนนอน,รับประทานครั้งละ 1 เม็ด,,,ยานี้ทำให้ง่วงนอน
1000,100127,แก้แพ้ผื่นคัน,ก่อนนอน,รับประทานครั้งละ 1 เม็ด,,,ยานี้ทำให้ง่วงนอน
1000,100129,ลดน้ำมูก แพ้อากาศ,เช้า-กลางวัน-เย็น-ก่อนนอน,รับประทานครั้งละ 1 เม็ด,,,ยานี้ทำให้ง่วงนอน
1000,100130,ลดน้ำมูก แพ้อากาศ,เช้า-กลางวัน-เย็น-ก่อนนอน,รับประทานครั้งละ 1 เม็ด,,,ยานี้ทำให้ง่วงนอน
1000,100131,ช่วยให้นอนหลับ,วันละ 1 ครั้ง ช่วงเวลาเดียวกัน,รับประทานครั้งละ 1 เม็ด,,,ก่อนนอน 30 นาที
1000,100132,ลดน้ำมูก แพ้อากาศ,วันละ 1 ครั้ง ช่วงเวลาเดียวกัน,รับประทานครั้งละ 1 เม็ด,,,เมื่อมีอาการ
1000,100133,ลดน้ำมูก แพ้อากาศ,วันละ 1 ครั้ง ช่วงเวลาเดียวกัน,รับประทานครั้งละ 1 เม็ด,,,เมื่อมีอาการ
1000,100134,ลดน้ำมูก แพ้อากาศ,วันละ 1 ครั้ง ช่วงเวลาเดียวกัน,รับประทานครั้งละ 1 เม็ด,,,เมื่อมีอาการ
1000,100135,บรรเทาอาการหวัด คัดจมูก,เช้า-กลางวัน-เย็น,รับประทานครั้งละ 1 เม็ด,หลังอาหาร,,ยานี้ทำให้ง่วงนอน
1000,100136,บรรเทาอาการหวัด คัดจมูก,เช้า-กลางวัน-เย็น,รับประทานครั้งละ 1 เม็ด,หลังอาหาร,,ยานี้ทำให้ง่วงนอน
1000,100137,บรรเทาอาการหวัด คัดจมูก,เช้า-กลางวัน-เย็น,รับประทานครั้งละ 1 เม็ด,หลังอาหาร,,ยานี้ทำให้ง่วงนอน
1000,100138,บรรเทาอาการหวัด คัดจมูก,เช้า-กลางวัน-เย็น,รับประทานครั้งละ 1 เม็ด,หลังอาหาร,,ยานี้ทำให้ง่วงนอน
1000,100139,บรรเทาอาการหวัด ลดไข้,เช้า-กลางวัน-เย็น-ก่อนนอน,รับประทานครั้งละ 2 เม็ด,,,ยานี้ทำให้ง่วงนอน
1000,100140,รักษาตาติดเชื้อ,เช้า-กลางวัน-เย็น-ก่อนนอน,หยอดวันละ 1-2 หยด,,เก็บในอุณหภูมิห้อง,เปิดใช้แล้วมีอายุ 1 เดือน
1000,100141,รักษาตาติดเชื้อ,เช้า-กลางวัน-เย็น-ก่อนนอน,หยอดครั้งละ 1-2 หยด,,เก็บในอุณหภูมิห้อง,เปิดใช้แล้วมีอายุ 1 เดือน
1000,100142,บรรเทาอาการระคายเคืองตา,เช้า-กลางวัน-เย็น-ก่อนนอน,หยอดครั้งละ 1-2 หยด,,เก็บในอุณหภูมิห้อง,เปิดใช้แล้วมีอายุ 1 เดือน
1000,100143,บรรเทาอาการระคายเคืองตา,เช้า-กลางวัน-เย็น-ก่อนนอน,หยอดครั้งละ 1-2 หยด,,เก็บในอุณหภูมิห้อง,เปิดใช้แล้วมีอายุ 1 เดือน
1000,100144,บรรเทาอาการระคายเคืองตา,เช้า-กลางวัน-เย็น-ก่อนนอน,หยอดครั้งละ 1-2 หยด,,เก็บในอุณหภูมิห้อง,เปิดใช้แล้วมีอายุ 1 เดือน
1000,100145,บรรเทาอาการระคายเคืองตา,เช้า-กลางวัน-เย็น-ก่อนนอน,หยอดครั้งละ 1-2 หยด,,,
1000,100146,บรรเทาอาการตาแดง,เช้า-กลางวัน-เย็น-ก่อนนอน,หยอดครั้งละ 1-2 หยด,,เก็บในอุณหภูมิห้อง,เปิดใช้แล้วมีอายุ 1 เดือน
1000,100147,บรรเทาอาการตาแดง,เช้า-กลางวัน-เย็น-ก่อนนอน,หยอดครั้งละ 1-2 หยด,,เก็บในอุณหภูมิห้อง,เปิดใช้แล้วมีอายุ 1 เดือน
1000,100148,บรรเทาอาการตาแดง,เช้า-กลางวัน-เย็น-ก่อนนอน,หยอดครั้งละ 1-2 หยด,,เก็บในอุณหภูมิห้อง,เปิดใช้แล้วมีอายุ 1 เดือน
1000,100149,แก้ปวด ลดอักเสบ,เช้า-กลางวัน-เย็น-ก่อนนอน,หยอดครั้งละ 1-2 หยด,,เก็บในอุณหภูมิห้อง,เปิดใช้แล้วมีอายุ 1 เดือน
1000,100150,แก้ปวด ลดอักเสบ,เช้า-กลางวัน-เย็น-ก่อนนอน,หยอดครั้งละ 1-2 หยด,,เก็บในอุณหภูมิห้อง,เปิดใช้แล้วมีอายุ 1 เดือน
1000,100151,รักษาตาติดเชื้อ,เช้า-กลางวัน-เย็น-ก่อนนอน,หยอดครั้งละ 1-2 หยด,,เก็บในอุณหภูมิห้อง,เปิดใช้แล้วมีอายุ 1 เดือน
1000,100152,ฆ่าเชื้อราที่หู,เช้า-กลางวัน-เย็น-ก่อนนอน,หยอดครั้งละ 2-3 หยด,,เก็บในอุณหภูมิห้อง,เปิดใช้แล้วมีอายุ 1 เดือน
1000,100153,กำจัดขี้หู,เช้า-เย็น,หยอดครั้งละ 5-10 หยด,,,ทิ้งไว้ 15 นาที ไม่ควรใช้ติดต่อกันเกิน…4….วัน
1000,100154,กำจัดขี้หู,เช้า-เย็น,หยอดครั้งละ 5-10 หยด,,,ทิ้งไว้ 15 นาที ไม่ควรใช้ติดต่อกันเกิน…4….วัน
1000,100155,ฆ่าเชื้อแบคทีเรีย,เช้า-กลางวัน-เย็น-ก่อนนอน,ทาวันละ 4 ครั้ง,,,เปิดใช้แล้วมีอายุ 1 เดือน
1000,100156,ลดอักเสบ,เช้า-เย็น,ทาวันละ 2 ครั้ง,,,เปิดใช้แล้วมีอายุ 1 เดือน
1000,100157,ป้องกันความเสื่อมของเลนส์ตา ,เช้า-กลางวัน-เย็น-ก่อนนอน,หยอดครั้งละ 1-2 หยด,,,เปิดใช้แล้วมีอายุ 1 เดือน
1000,100158,บรรเทาอาการตาแดง,เช้า-กลางวัน-เย็น-ก่อนนอน,หยอดครั้งละ 1-2 หยด,,,เปิดใช้แล้วมีอายุ 1 เดือน
1000,100159,ลดความดันในตา,เช้า-กลางวัน-เย็น-ก่อนนอน,หยอดครั้งละ 1-2 หยด,,,เปิดใช้แล้วมีอายุ 1 เดือน
1000,100160,ลดความดันในตา,เช้า-กลางวัน-เย็น-ก่อนนอน,หยอดครั้งละ 1-2 หยด,,,เปิดใช้แล้วมีอายุ 1 เดือน
1000,100161,ลดความดันในตา,เช้า-กลางวัน-เย็น-ก่อนนอน,หยอดครั้งละ 1-2 หยด,,,เปิดใช้แล้วมีอายุ 1 เดือน
1000,100162,ต้อกระจก,เช้า-กลางวัน-เย็น-ก่อนนอน,หยอดครั้งละ 1-2 หยด,,,เปิดใช้แล้วมีอายุ 1 เดือน
1000,100163,บรรเทาอาการตาแห้ง,,ทาวันละ 2 ครั้ง,,,เปิดใช้แล้วมีอายุ 1 เดือน
1000,100164,บรรเทาอาการระคายเคืองตา,เช้า-กลางวัน-เย็น-ก่อนนอน,หยอดครั้งละ 1-2 หยด,,,เปิดใช้แล้วมีอายุ 1 เดือน
1000,100165,บรรเทาอาการตาแห้ง,ทุกครั้งที่มีอาการ,หยอดครั้งละ 1-2 หยด,,,เปิดใช้แล้วมีอายุ 1 เดือน
1000,100166,บรรเทาอาการตาแห้ง,ทุกครั้งที่มีอาการ,หยอดครั้งละ 1-2 หยด,,,เปิดใช้แล้วมีอายุ 1 เดือน
1000,100167,บรรเทาอาการตาแห้ง,ทุกครั้งที่มีอาการ,หยอดครั้งละ 1-2 หยด,,,เปิดใช้แล้วมีอายุ 1 เดือน
1000,100168,บรรเทาอาการตาแห้ง,ทุกครั้งที่มีอาการ,หยอดครั้งละ 1-2 หยด,,,เปิดใช้แล้วมีอายุ 1 เดือน
1000,100169,บรรเทาอาการตาแห้ง,ทุกครั้งที่มีอาการ,หยอดครั้งละ 1-2 หยด,,,เปิดใช้แล้วมีอายุ 1 เดือน
1000,100170,รักษาตาติดเชื้อ,เช้า-กลางวัน-เย็น-ก่อนนอน,หยอดครั้งละ 1-2 หยด,,,เปิดใช้แล้วมีอายุ 1 เดือน
1000,100171,ล้างตา,เช้า-เย็น,,,,เปิดใช้แล้วมีอายุ 1 เดือน
1000,100172,ล้างตา,เช้า-เย็น,,,,เปิดใช้แล้วมีอายุ 1 เดือน
1000,100173,ล้างตา,เช้า-เย็น,,,,เปิดใช้แล้วมีอายุ 1 เดือน
1000,100175,บรรเทาอาการตาแห้ง,ทุกครั้งที่มีอาการ,หยอดครั้งละ 1-2 หยด,,,สำหรับใช้รายวัน
1000,100176,บรรเทาอาการตาแห้ง,ทุกครั้งที่มีอาการ,หยอดครั้งละ 1-2 หยด,,,สำหรับใช้รายวัน
1000,100177,บรรเทาอาการตาแห้ง,ทุกครั้งที่มีอาการ,หยอดครั้งละ 1-2 หยด,,,สำหรับใช้รายวัน
1000,100178,บรรเทาอาการตาแห้ง,ทุกครั้งที่มีอาการ,หยอดครั้งละ 1-2 หยด,,,สำหรับใช้รายวัน
1000,100179,บรรเทาอาการตาแห้ง,ทุกครั้งที่มีอาการ,หยอดครั้งละ 1-2 หยด,,,สำหรับใช้รายวัน
1000,100180,รักษาสิว,วันละ 1 ครั้ง ช่วงเวลาเดียวกัน,ทาวันละ 1 ครั้ง,,,ก่อนนอน ยาไวต่อแสง ใช้ครีมกันแดดร่วมด้วย
1000,100181,รักษาสิว,วันละ 1 ครั้ง ช่วงเวลาเดียวกัน,ทาวันละ 1 ครั้ง,,,ก่อนนอน ยาไวต่อแสง ใช้ครีมกันแดดร่วมด้วย
1000,100182,รักษาสิว,เช้า-เย็น,ทาวันละ 2 ครั้ง,,,
1000,100183,รักษาสิว,เช้า-เย็น,ทาวันละ 2 ครั้ง,,,ใช้ทาก่อนล้างหน้า 2 ครั้งต่อวัน (เช้า-เย็น) โดยให้ทา  ทิ้งไว้ 5 – 30 นาที แล้วล้างออก
1000,100184,รักษาสิว,เช้า-เย็น,ทาวันละ 2 ครั้ง,,,
1000,100185,รักษาสิว,เช้า-เย็น,ทาวันละ 2 ครั้ง,,,
1000,100186,รักษาสิว,เช้า-เย็น,ทาวันละ 2 ครั้ง,,,ใช้ทาก่อนล้างหน้า 2 ครั้งต่อวัน (เช้า-เย็น) โดยให้ทา  ทิ้งไว้ 5 – 30 นาที แล้วล้างออก
1000,100187,รักษาสิว,เช้า-เย็น,ทาวันละ 2 ครั้ง,,,
1000,100188,ฆ่าเชื้อแบคทีเรีย,เช้า-เย็น,ทาวันละ 2 ครั้ง,,,
1000,100189,ฆ่าเชื้อแบคทีเรีย,เช้า-เย็น,ทาวันละ 2 ครั้ง,,,
1000,100190,ฆ่าเชื้อแบคทีเรีย,เช้า-เย็น,ทาวันละ 2 ครั้ง,,,แต้มที่สิวหลังล้างหน้า  ก่อนทาครีมบำรุงตัวอื่นๆ
1000,100191,รักษาสิว,เช้า-เย็น,ทาวันละ 2 ครั้ง,,,
1000,100192,รักษาสิว,เช้า-เย็น,ทาวันละ 2 ครั้ง,,,แนะนำใช่ร่วมกับครีมกันแดด
1000,100193,ฆ่าเชื้อแบคทีเรีย,เช้า-เย็น,ทาวันละ 2 ครั้ง,,,
1000,100194,ช่วยให้ปากสะอาด,เช้า-เย็น,,,,บ้วน เป็นประจำ
1000,100195,ช่วยให้ปากสะอาด,เช้า-เย็น,,,,บ้วน เป็นประจำ
1000,100196,ที่ตรวจการตั้งครรภ์,,,,,
1000,100197,ที่ตรวจการตั้งครรภ์,,,,,
1000,100199,บำรุงโลหิต,เช้า-เย็น,รับประทานครั้งละ 1-2 เม็ด,หลังอาหาร,,
1000,100200,บำรุงโลหิต,เช้า-เย็น,รับประทานครั้งละ 1-2 เม็ด,หลังอาหาร,,
1000,100201,บำรุงโลหิต,เช้า-เย็น,รับประทานครั้งละ 2 เม็ด,หลังอาหาร,,
1000,100202,บำรุงโลหิต,เช้า-เย็น,รับประทานครั้งละ 1-2 เม็ด,หลังอาหาร,,
1000,100203,บำรุงโลหิต,เช้า-เย็น,รับประทานครั้งละ 2 เม็ด,หลังอาหาร,,
1000,100204,บำรุงโลหิต,เช้า-เย็น,รับประทานครั้งละ 2 เม็ด,หลังอาหาร,,
1000,100205,รักษารอยแผลเป็น,เช้า-เย็น,ทาวันละ 2 ครั้ง,,,
1000,100206,รักษารอยแผลเป็น,เช้า-เย็น,ทาวันละ 2 ครั้ง,,,
1000,100207,รักษารอยแผลเป็น,เช้า-เย็น,ทาวันละ 2 ครั้ง,,,
1000,100208,รักษารอยแผลเป็น,เช้า-เย็น,ทาวันละ 2 ครั้ง,,,
1000,100209,รักษารอยแผลเป็น,เช้า-เย็น,ทาวันละ 2 ครั้ง,,,
1000,100210,บำรุงโลหิต,เช้า-เย็น,รับประทานครั้งละ 1-2 เม็ด,ก่อนอาหาร,,
1000,100211,รักษารอยแผลเป็น,เช้า-เย็น,ทาวันละ 2 ครั้ง,,,
1000,100212,รักษารอยแผลเป็น,เช้า-เย็น,ทาวันละ 2 ครั้ง,,,
1000,100213,รักษารอยแผลเป็น,เช้า-เย็น,ทาวันละ 2 ครั้ง,,,
1000,100214,รักษารอยแผลเป็น,เช้า-เย็น,ทาวันละ 2 ครั้ง,,,
1000,100215,รักษารอยแผลเป็น,เช้า-เย็น,ทาวันละ 2 ครั้ง,,,
1000,100216,รักษาเริม,ทุก 4 ชั่วโมง,ทาวันละ 5 ครั้ง,,,
1000,100217,ฆ่าเชื้อแบคทีเรีย,เช้า-เย็น,รับประทานครั้งละ 1 เม็ด,หลังอาหาร,,รับประทานยาติดต่อกันจนยาหมด เพื่อป้องกันการดื้อยา
1000,100218,ฆ่าเชื้อแบคทีเรีย,เช้า-เย็น,รับประทานครั้งละ 1 เม็ด,หลังอาหาร,,รับประทานยาติดต่อกันจนยาหมด เพื่อป้องกันการดื้อยา
1000,100219,ฆ่าเชื้อแบคทีเรีย,เช้า-เย็น,รับประทานครั้งละ 1 เม็ด,หลังอาหาร,,รับประทานยาติดต่อกันจนยาหมด เพื่อป้องกันการดื้อยา
1000,100220,ฆ่าเชื้อแบคทีเรีย,เช้า-เย็น,รับประทานครั้งละ 1 เม็ด,หลังอาหาร,,รับประทานยาติดต่อกันจนยาหมด เพื่อป้องกันการดื้อยา
1000,100221,ยาถ่ายพยาธิ,วันละ 1 ครั้ง ช่วงเวลาเดียวกัน,รับประทานครั้งละ 1 เม็ด,หลังอาหาร,,
1000,100222,หูชั้นกลางอักเสบ,เช้า-เย็น,รับประทานครั้งละ 1 เม็ด,หลังอาหาร,,รับประทานยาติดต่อกันจนยาหมด เพื่อป้องกันการดื้อยา
1000,100223,ฆ่าเชื้อแบคทีเรีย,เช้า-เย็น,รับประทานครั้งละ 1 เม็ด,หลังอาหาร,,รับประทานยาติดต่อกันจนยาหมด เพื่อป้องกันการดื้อยา
1000,100224,ฆ่าเชื้อแบคทีเรีย,เช้า-เย็น,รับประทานครั้งละ 1 เม็ด,หลังอาหาร,,รับประทานยาติดต่อกันจนยาหมด เพื่อป้องกันการดื้อยา
1000,100225,ฆ่าเชื้อในทางเดินหายใจ,เช้า-กลางวัน-เย็น,รับประทานครั้งละ 1 เม็ด,หลังอาหาร,,รับประทานยาติดต่อกันจนยาหมด เพื่อป้องกันการดื้อยา
1000,100226,ฆ่าเชื้อในทางเดินหายใจ,เช้า-เย็น,รับประทานครั้งละ 1 เม็ด,หลังอาหาร,,รับประทานยาติดต่อกันจนยาหมด เพื่อป้องกันการดื้อยา
1000,100227,รักษาหนองใน,วันละ 1 ครั้ง ช่วงเวลาเดียวกัน,รับประทานครั้งละ 4 เม็ด,,,ครั้งเดียว
1000,100228,รักษาหนองใน,วันละ 1 ครั้ง ช่วงเวลาเดียวกัน,รับประทานครั้งละ 4 เม็ด,,,ครั้งเดียว
1000,100229,ฆ่าเชื้อในทางเดินหายใจ,วันละ 1 ครั้ง ช่วงเวลาเดียวกัน,รับประทานครั้งละ 1 เม็ด,ก่อนอาหาร,,รับประทานยาติดต่อกันจนยาหมด เพื่อป้องกันการดื้อยา
1000,100230,ฆ่าเชื้อในทางเดินหายใจ,เช้า-เย็น,รับประทานครั้งละ 1 เม็ด,ก่อนอาหาร,,รับประทานยาติดต่อกันจนยาหมด เพื่อป้องกันการดื้อยา
1000,100231,ฆ่าเชื้อในทางเดินหายใจ,เช้า-เย็น,รับประทานครั้งละ 1 เม็ด,ก่อนอาหาร,,รับประทานยาติดต่อกันจนยาหมด เพื่อป้องกันการดื้อยา
1000,100232,ฆ่าเชื้อในทางเดินหายใจ,เช้า-เย็น,รับประทานครั้งละ 1 เม็ด,ก่อนอาหาร,,รับประทานยาติดต่อกันจนยาหมด เพื่อป้องกันการดื้อยา
1000,100233,ฆ่าเชื้อในทางเดินหายใจ,วันละ 1 ครั้ง ช่วงเวลาเดียวกัน,รับประทานครั้งละ 1 เม็ด,ก่อนอาหาร,,รับประทานยาติดต่อกันจนยาหมด เพื่อป้องกันการดื้อยา
1000,100234,ฆ่าเชื้อในทางเดินหายใจ,วันละ 1 ครั้ง ช่วงเวลาเดียวกัน,รับประทานครั้งละ 1 เม็ด,ก่อนอาหาร,,รับประทานยาติดต่อกันจนยาหมด เพื่อป้องกันการดื้อยา
1000,100235,ฆ่าเชื้อแบคทีเรีย,เช้า-กลางวัน-เย็น-ก่อนนอน,รับประทานครั้งละ 1 เม็ด,หลังอาหาร,,รับประทานยาติดต่อกันจนยาหมด เพื่อป้องกันการดื้อยา
1000,100236,ฆ่าเชื้อแบคทีเรีย,เช้า-กลางวัน-เย็น,รับประทานครั้งละ 1 เม็ด,หลังอาหาร,,รับประทานยาติดต่อกันจนยาหมด เพื่อป้องกันการดื้อยา
1000,100237,รักษาไซนัสอักเสบ,วันละ 1 ครั้ง ช่วงเวลาเดียวกัน,รับประทานครั้งละ 1 เม็ด,,,ติดต่อกัน 10-14 วัน รับประทานยาติดต่อกันจนยาหมด เพื่อป้องกันการดื้อยา
1000,100238,ฆ่าเชื้อทางเดินปัสสาวะ,วันละ 1 ครั้ง ช่วงเวลาเดียวกัน,รับประทานครั้งละ 1 เม็ด,,,ติดต่อกัน 10 วัน รับประทานยาติดต่อกันจนยาหมด เพื่อป้องกันการดื้อยา
1000,100239,รักษาไซนัสอักเสบ,วันละ 1 ครั้ง ช่วงเวลาเดียวกัน,รับประทานครั้งละ 1 เม็ด,,,ติดต่อ 10 วัน รับประทานยาติดต่อกันจนยาหมด เพื่อป้องกันการดื้อยา
1000,100240,ฆ่าเชื้อทางเดินปัสสาวะ,เช้า-เย็น,รับประทานครั้งละ 1 เม็ด,หลังอาหาร,,รับประทานยาติดต่อกันจนยาหมด เพื่อป้องกันการดื้อยา
1000,100241,ฆ่าเชื้อทางเดินปัสสาวะ,เช้า-เย็น,รับประทานครั้งละ 1 เม็ด,ก่อนอาหาร,,รับประทานยาติดต่อกันจนยาหมด เพื่อป้องกันการดื้อยา
1000,100242,ฆ่าเชื้อทางเดินปัสสาวะ,เช้า-เย็น,รับประทานครั้งละ 1 เม็ด,ก่อนอาหาร,,รับประทานยาติดต่อกันจนยาหมด เพื่อป้องกันการดื้อยา
1000,100243,ฆ่าเชื้อในทางเดินอาหาร,เช้า-เย็น,รับประทานครั้งละ 1 เม็ด,ก่อนอาหาร,,รับประทานยาติดต่อกันจนยาหมด เพื่อป้องกันการดื้อยา
1000,100244,รักษาหนองใน,เช้า-เย็น,รับประทานครั้งละ 1 เม็ด,หลังอาหาร,,ติดต่อกัน 7-10 วัน รับประทานยาติดต่อกันจนยาหมด เพื่อป้องกันการดื้อยา
1000,100245,ฆ่าเชื้อแบคทีเรีย,เช้า-กลางวัน-เย็น-ก่อนนอน,รับประทานครั้งละ 1 เม็ด,หลังอาหาร,,รับประทานยาติดต่อกันจนยาหมด เพื่อป้องกันการดื้อยา
1000,100246,ฆ่าเชื้อรา,วันละ 1 ครั้ง ช่วงเวลาเดียวกัน,รับประทานครั้งละ 1 เม็ด,หลังอาหาร,,รับประทานยาติดต่อกันจนยาหมด เพื่อป้องกันการดื้อยา
1000,100247,ฆ่าเชื้อแบคทีเรีย,เช้า-กลางวัน-เย็น,รับประทานครั้งละ 1 เม็ด,ก่อนอาหาร,,รับประทานยาติดต่อกันจนยาหมด เพื่อป้องกันการดื้อยา
1000,100248,ฆ่าเชื้อในทางเดินหายใจ,เช้า-เย็น,รับประทานครั้งละ 2 เม็ด,หลังอาหาร,,รับประทานยาติดต่อกันจนยาหมด เพื่อป้องกันการดื้อยา
1000,100249,ฆ่าเชื้อที่ผิวหนัง,เช้า-กลางวัน-เย็น-ก่อนนอน,รับประทานครั้งละ 1 เม็ด,ก่อนอาหาร,,รับประทานยาติดต่อกันจนยาหมด เพื่อป้องกันการดื้อยา
1000,100250,ฆ่าเชื้อแบคทีเรีย,เช้า-กลางวัน-เย็น,รับประทานครั้งละ 1 เม็ด,ก่อนอาหาร,,รับประทานยาติดต่อกันจนยาหมด เพื่อป้องกันการดื้อยา
1000,100251,ฆ่าเชื้อที่ผิวหนัง,เช้า-กลางวัน-เย็น-ก่อนนอน,รับประทานครั้งละ 1 เม็ด,ก่อนอาหาร,,รับประทานยาติดต่อกันจนยาหมด เพื่อป้องกันการดื้อยา
1000,100252,รักษาช่องคลอดติดเชื้อ,เช้า-กลางวัน-เย็น,รับประทานครั้งละ 2 เม็ด,หลังอาหาร,,ติดต่อ 5 วัน รับประทานยาติดต่อกันจนยาหมด เพื่อป้องกันการดื้อยา
1000,100253,ฆ่าเชื้อที่ผิวหนัง,เช้า-เย็น,รับประทานครั้งละ 1 เม็ด,หลังอาหาร,,รับประทานยาติดต่อกันจนยาหมด เพื่อป้องกันการดื้อยา
1000,100254,ฆ่าเชื้อรา,วันละ 1 ครั้ง ช่วงเวลาเดียวกัน,รับประทานครั้งละ 2 เม็ด,หลังอาหาร,,วันแรก จากนั้น รับประทาน 1 เม็ดต่อเนื่อง
1000,100255,ฆ่าเชื้อรา,วันละ 1 ครั้ง ช่วงเวลาเดียวกัน,รับประทานครั้งละ 1 เม็ด,ก่อนอาหาร,,รับประทานยาติดต่อกันจนยาหมด เพื่อป้องกันการดื้อยา
1000,100256,ฆ่าเชื้อรา,,รับประทานครั้งละ 1 เม็ด,,,ครั้งเดียว ก่อนนอน
1000,100257,รักษาเริม,,ทาวันละ 5 ครั้ง,,,
1000,100258,รักษาเริม,,ทาวันละ 5 ครั้ง,,,
1000,100259,รักษาเริม,ทุก 4 ชั่วโมง,รับประทานครั้งละ 1 เม็ด,,,วันละ 5 ครั้ง ติดต่อ 10 วัน
1000,100260,รักษางูสวัด,ทุก 4 ชั่วโมง,รับประทานครั้งละ 1 เม็ด,,,วันละ 5 ครั้ง ติดต่อ 10 วัน
1000,100261,รักษาเริม,เช้า-กลางวัน-เย็น,รับประทานครั้งละ 1 เม็ด,หลังอาหาร,,ติดต่อกัน 10 วัน
1000,100262,รักษางูสวัด,ทุก 4 ชั่วโมง,รับประทานครั้งละ 1 เม็ด,หลังอาหาร,,วันละ 5 ครั้ง ติดต่อกัน 10 วัน
1000,100263,รักษาเริม,ทุก 4 ชั่วโมง,รับประทานครั้งละ 1 เม็ด,หลังอาหาร,,วันละ 5 ครั้ง ติดต่อกัน 10 วัน
1000,100264,รักษาเริม,เช้า-กลางวัน-เย็น,รับประทานครั้งละ 1 เม็ด,หลังอาหาร,,ติดต่อกัน 10 วัน
1000,100265,รักษางูสวัด,ทุก 4 ชั่วโมง,รับประทานครั้งละ 1 เม็ด,หลังอาหาร,,วันละ 5 ครั้ง ติดต่อกัน 10 วัน
1000,100266,ลดอาการอักเสบที่ผิวหนัง,เช้า-เย็น,ทาวันละ 2 ครั้ง,,,
1000,100267,ลดอาการอักเสบที่ผิวหนัง,เช้า-เย็น,ทาวันละ 2 ครั้ง,,,
1000,100268,ลดอาการอักเสบที่ผิวหนัง,เช้า-เย็น,ทาวันละ 2 ครั้ง,,,
1000,100269,ลดอาการอักเสบที่ผิวหนัง,เช้า-กลางวัน-เย็น,ทาวันละ 2-3 ครั้ง,,,
1000,100270,ลดอาการอักเสบที่ผิวหนัง,เช้า-เย็น,ทาวันละ 2 ครั้ง,,,
1000,100271,ลดอาการอักเสบที่ผิวหนัง,เช้า-เย็น,ทาวันละ 2 ครั้ง,,,
1000,100272,ลดอาการอักเสบที่ผิวหนัง,เช้า-เย็น,ทาวันละ 2 ครั้ง,,,
1000,100273,ลดอาการอักเสบที่ผิวหนัง,เช้า-เย็น,ทาวันละ 2 ครั้ง,,,
1000,100274,ลดอาการอักเสบที่ผิวหนัง,เช้า-เย็น,ทาวันละ 2 ครั้ง,,,
1000,100275,ลดอาการคันที่ผิวหนัง,เช้า-เย็น,ทาวันละ 2 ครั้ง,,,
1000,100276,ลดอาการคันที่ผิวหนัง,เช้า-เย็น,ทาวันละ 2 ครั้ง,,,
1000,100277,ลดอาการอักเสบจากการแพ้,เช้า-เย็น,ทาวันละ 2 ครั้ง,,,ไม่ควรใช้ติดต่อกันเกิน…5….วัน
1000,100278,ลดอาการอักเสบจากการแพ้,เช้า-เย็น,ทาวันละ 2 ครั้ง,,,ไม่ควรใช้ติดต่อกันเกิน…5….วัน
1000,100279,ลดอาการอักเสบจากการแพ้,เช้า-เย็น,ทาวันละ 2 ครั้ง,,,ไม่ควรใช้ติดต่อกันเกิน…5….วัน
1000,100280,ลดอาการอักเสบจากการแพ้,เช้า-เย็น,ทาวันละ 2 ครั้ง,,,ไม่ควรใช้ติดต่อกันเกิน…5….วัน
1000,100281,รักษาผิวหนังอักเสบ นูนแข็ง,เช้า-เย็น,ทาวันละ 2 ครั้ง,,,
1000,100282,ลดอาการอักเสบที่ผิวหนัง,เช้า-เย็น,ทาวันละ 2 ครั้ง,,,ไม่ควรใช้ติดต่อกันเกิน…5….วัน
1000,100283,แก้แพ้ผื่นคัน,เช้า-กลางวัน-เย็น,ทาวันละ 3 ครั้ง,,,
1000,100284,ลดอาการอักเสบที่ผิวหนัง,เช้า-เย็น,ทาวันละ 2 ครั้ง,,,ไม่ควรใช้ติดต่อกันเกิน…5….วัน
1000,100285,ลดอาการอักเสบที่ผิวหนัง,เช้า-เย็น,ทาวันละ 2 ครั้ง,,,ไม่ควรใช้ติดต่อกันเกิน…5….วัน
1000,100286,ลดอาการอักเสบที่ผิวหนัง,เช้า-เย็น,ทาวันละ 2 ครั้ง,,,ไม่ควรใช้ติดต่อกันเกิน…5….วัน
1000,100287,ลดอาการอักเสบที่ผิวหนัง,เช้า-เย็น,ทาวันละ 2 ครั้ง,,,ไม่ควรใช้ติดต่อกันเกิน…5….วัน
1000,100288,แก้แพ้ผื่นคัน,เช้า-กลางวัน-เย็น,ทาวันละ 3 ครั้ง,,,
1000,100289,แก้แพ้ผื่นคัน,เช้า-กลางวัน-เย็น,ทาวันละ 3 ครั้ง,,,
1000,100290,รักษาอาการคันจากเชื้อรา,เช้า-กลางวัน-เย็น,ทาวันละ 3 ครั้ง,,,
1000,100291,รักษาอาการคันจากเชื้อรา,เช้า-เย็น,ทาวันละ 2 ครั้ง,,,
1000,100293,รักษาอาการคันจากเชื้อรา,เช้า-เย็น,ทาวันละ 2 ครั้ง,,,
1000,100294,รักษาอาการคันจากเชื้อรา,เช้า-เย็น,ทาวันละ 2 ครั้ง,,,
1000,100295,รักษาอาการคันจากเชื้อรา,เช้า-เย็น,ทาวันละ 2 ครั้ง,,,
1000,100296,รักษาอาการคันจากเชื้อรา,เช้า-เย็น,ทาวันละ 2 ครั้ง,,,
1000,100297,รักษาผิวหนังอักเสบและเชื้อแบคทีเรีย,เช้า-เย็น,ทาวันละ 2 ครั้ง,,,
1000,100298,รักษาผิวหนังอักเสบและเชื้อแบคทีเรีย,เช้า-เย็น,ทาวันละ 2 ครั้ง,,,
1000,100299,รักษาผิวหนังอักเสบและเชื้อแบคทีเรีย,เช้า-เย็น,ทาวันละ 2 ครั้ง,,,
1000,100300,รักษาผิวหนังอักเสบและเชื้อแบคทีเรีย,เช้า-เย็น,ทาวันละ 2 ครั้ง,,,
1000,100301,รักษาผิวหนังอักเสบและเชื้อรา,เช้า-เย็น,ทาวันละ 2 ครั้ง,,,
1000,100302,รักษาอาการคันจากเชื้อรา,เช้า-เย็น,ทาวันละ 2 ครั้ง,,,
1000,100303,รักษาผิวหนังอักเสบและเชื้อแบคทีเรีย,เช้า-เย็น,ทาวันละ 2 ครั้ง,,,
1000,100304,รักษาผิวหนังอักเสบและเชื้อแบคทีเรีย,เช้า-เย็น,ทาวันละ 2 ครั้ง,,,
1000,100305,ฆ่าเชื้อรา,เช้า-เย็น,ทาวันละ 2 ครั้ง,,,
1000,100306,รักษาผิวหนังอักเสบและเชื้อรา,เช้า-เย็น,ทาวันละ 2 ครั้ง,,,
1000,100307,รักษาผิวหนังอักเสบและเชื้อรา,เช้า-เย็น,ทาวันละ 2 ครั้ง,,,
1000,100308,รักษาอาการคันจากเชื้อรา,เช้า-เย็น,ทาวันละ 2 ครั้ง,,,
1000,100309,รักษาอาการคันจากเชื้อรา,เช้า-เย็น,ทาวันละ 2 ครั้ง,,,
1000,100310,รักษาผิวหนังอักเสบและเชื้อรา,เช้า-เย็น,ทาวันละ 2 ครั้ง,,,
1000,100311,รักษาผิวหนังอักเสบและเชื้อรา,เช้า-เย็น,ทาวันละ 2 ครั้ง,,,
1000,100312,รักษาอาการคันจากเชื้อราและแบคทีเรีย,เช้า-เย็น,ทาวันละ 2 ครั้ง,,,
1000,100313,รักษาอาการคันจากเชื้อราและแบคทีเรีย,เช้า-เย็น,ทาวันละ 2 ครั้ง,,เก็บในอุณหภูมิห้อง,
1000,100314,รักษาอาการคันจากเชื้อราและแบคทีเรีย,เช้า-เย็น,ทาวันละ 2 ครั้ง,,,
1000,100315,รักษาอาการคันจากเชื้อราและแบคทีเรีย,เช้า-เย็น,ทาวันละ 2 ครั้ง,,,
1000,100316,รักษาอาการคันจากเชื้อราและแบคทีเรีย,เช้า-เย็น,ทาวันละ 2 ครั้ง,,,
1000,100317,รักษาอาการคันจากเชื้อราและแบคทีเรีย,เช้า-กลางวัน-เย็น,ทาวันละ 3 ครั้ง,,,
1000,100318,รักษาอาการคันจากเชื้อราและแบคทีเรีย,เช้า-เย็น,ทาวันละ 2 ครั้ง,,,
1000,100319,รักษาอาการคันจากเชื้อราและแบคทีเรีย,เช้า-เย็น,ทาวันละ 2 ครั้ง,,,
1000,100320,ฆ่าเชื้อรา,เช้า-เย็น,ทาวันละ 2 ครั้ง,,,
1000,100321,ฆ่าเชื้อรา,เช้า-เย็น,ทาวันละ 2 ครั้ง,,,
1000,100322,ฆ่าเชื้อรา,เช้า-เย็น,ทาวันละ 2 ครั้ง,,,
1000,100323,ฆ่าเชื้อรา,เช้า-เย็น,ทาวันละ 2 ครั้ง,,,
1000,100324,รักษาแผลไฟไหม้ น้ำร้อนลวก,เช้า-กลางวัน-เย็น,ทาวันละ 3 ครั้ง,,,
1000,100325,รักษาแผลไฟไหม้ น้ำร้อนลวก,เช้า-กลางวัน-เย็น,ทาวันละ 3 ครั้ง,,,
1000,100326,รักษาผิวหนังอักเสบ นูนแข็ง,เช้า-เย็น,ทาวันละ 2 ครั้ง,,,ไม่ควรใช้ติดต่อกันเกิน…5….วัน
1000,100327,รักษาผิวหนังอักเสบ นูนแข็ง,เช้า-เย็น,ทาวันละ 2 ครั้ง,,,ไม่ควรใช้ติดต่อกันเกิน…5….วัน
1000,100328,รักษาผิวหนังอักเสบ นูนแข็ง,เช้า-เย็น,ทาวันละ 2 ครั้ง,,,ไม่ควรใช้ติดต่อกันเกิน…5….วัน
1000,100329,รักษาอาการคันจากเชื้อรา,เช้า-กลางวัน-เย็น,ทาวันละ 3 ครั้ง,,,
1000,100330,ฆ่าเชื้อรา,เช้า-เย็น,,,,กลั้วในช่องปาก
1000,100331,ลดอาการอักเสบที่ผิวหนัง,เช้า-เย็น,ทาวันละ 2 ครั้ง,,,ไม่ควรใช้ติดต่อกันเกิน…5….วัน
1000,100332,ฆ่าเชื้อรา,เช้า-เย็น,ทาวันละ 2 ครั้ง,,,
1000,100333,รักษาอาการคันจากเชื้อรา,เช้า-กลางวัน-เย็น-ก่อนนอน,ทาวันละ 4 ครั้ง,,,ใช้ติดต่อกัน 4-6 สัปดาห์
1000,100334,รักษาอาการคันจากเชื้อรา,เช้า-กลางวัน-เย็น-ก่อนนอน,ทาวันละ 4 ครั้ง,,,ใช้ติดต่อกัน 4-6 สัปดาห์
1000,100335,ลดอาการคันที่ผิวหนัง,เช้า-เย็น,ทาวันละ 2 ครั้ง,,,
1000,100336,รักษาอาการคันจากเชื้อรา,เช้า-เย็น,ทาวันละ 2 ครั้ง,,,
1000,100337,รักษาอาการคันจากเชื้อรา,เช้า-เย็น,ทาวันละ 2 ครั้ง,,,
1000,100338,รักษาอาการคันจากเชื้อราและผิวหนังแข็ง,เช้า-เย็น,ทาวันละ 2 ครั้ง,,,
1000,100339,รักษาอาการคันจากเชื้อรา,เช้า-เย็น,ทาวันละ 2 ครั้ง,,,
1000,100340,ฆ่าเชื้อรา,วันละ 1 ครั้ง ช่วงเวลาเดียวกัน,ทาวันละ 1 ครั้ง,,,
1000,100341,ฆ่าเชื้อรา,เช้า-เย็น,ทาวันละ 2 ครั้ง,,,
1000,100342,ฆ่าเชื้อรา,เช้า-เย็น,ทาวันละ 2 ครั้ง,,,
1000,100343,ฆ่าเชื้อรา,เช้า-เย็น,ทาวันละ 2 ครั้ง,,,
1000,100344,ฆ่าเชื้อรา,เช้า-เย็น,ทาวันละ 2 ครั้ง,,,
1000,100345,ลดอาการคันที่ผิวหนัง,เช้า-เย็น,ทาวันละ 2 ครั้ง,,,
1000,100346,ลดอาการคันที่ผิวหนัง,เช้า-เย็น,ทาวันละ 2 ครั้ง,,,
1000,100347,ลดอาการคันที่ผิวหนัง,เช้า-เย็น,ทาวันละ 2 ครั้ง,,,
1000,100348,รักษาข้อกระดูกเสื่อม,เช้า-กลางวัน-เย็น,รับประทานครั้งละ 1 เม็ด,พร้อมอาหาร,,
1000,100349,รักษาข้อกระดูกเสื่อม,วันละ 1 ครั้ง ช่วงเวลาเดียวกัน,รับประทานครั้งละ 1 ซอง,ก่อนอาหาร,,ผสมน้ำ 1 แก้ว 
1000,100350,รักษาข้อกระดูกเสื่อม,วันละ 1 ครั้ง ช่วงเวลาเดียวกัน,รับประทานครั้งละ 1 ซอง,ก่อนอาหาร,,ผสมน้ำ 1 แก้ว 
1000,100351,รักษาข้อกระดูกเสื่อม,วันละ 1 ครั้ง ช่วงเวลาเดียวกัน,รับประทานครั้งละ 1 ซอง,ก่อนอาหาร,,ผสมน้ำ 1 แก้ว 
1000,100352,บำรุงกระดูก,,รับประทานครั้งละ 1 เม็ด,หลังอาหาร,,วันละครั้ง ตอนเช้า
1000,100353,บำรุงร่างกาย ,,รับประทานครั้งละ 1 เม็ด,หลังอาหาร,,วันละครั้ง ตอนเช้า
1000,100354,แก้ปวด ลดอักเสบ,วันละ 1 ครั้ง ช่วงเวลาเดียวกัน,รับประทานครั้งละ 1 เม็ด,หลังอาหาร,,ยามีฤทธิ์ระคายเคืองกระเพาะอาหาร
1000,100355,แก้ปวด ลดอักเสบ,วันละ 1 ครั้ง ช่วงเวลาเดียวกัน,รับประทานครั้งละ 1 เม็ด,หลังอาหาร,,ยามีฤทธิ์ระคายเคืองกระเพาะอาหาร
1000,100356,รักษาข้อกระดูกเสื่อม,วันละ 1 ครั้ง ช่วงเวลาเดียวกัน,รับประทานครั้งละ 1 ซอง,ก่อนอาหาร,,ผสมน้ำ 1 แก้ว
1000,100357,บำรุงร่างกาย ,วันละ 1 ครั้ง ช่วงเวลาเดียวกัน,รับประทานครั้งละ 1 เม็ด,หลังอาหาร,,วันละ 1 ครั้ง ตอนเช้า
1000,100358,ลดไข้ บรรเทาอาการปวด,ทุก 6 ชั่วโมง,รับประทานครั้งละ 1-2 เม็ด,,,ไม่ควรใช้ติดต่อกันเกิน…5….วัน
1000,100359,ลดไข้ บรรเทาอาการปวด,ทุก 6 ชั่วโมง,รับประทานครั้งละ 1-2 เม็ด,,,ไม่ควรใช้ติดต่อกันเกิน…5….วัน
1000,100360,ลดไข้ บรรเทาอาการปวด,ทุก 6 ชั่วโมง,รับประทานครั้งละ 1-2 เม็ด,,,ไม่ควรใช้ติดต่อกันเกิน…5….วัน
1000,100361,ลดไข้ บรรเทาอาการปวด,ทุก 6 ชั่วโมง,รับประทานครั้งละ 1-2 เม็ด,,,ไม่ควรใช้ติดต่อกันเกิน…5….วัน
1000,100362,ลดไข้ บรรเทาอาการปวด,ทุก 6 ชั่วโมง,รับประทานครั้งละ 1-2 เม็ด,,,ไม่ควรใช้ติดต่อกันเกิน…5….วัน
1000,100363,ลดไข้ บรรเทาอาการปวด,ทุก 6 ชั่วโมง,รับประทานครั้งละ 1-2 เม็ด,,,ไม่ควรใช้ติดต่อกันเกิน…5….วัน
1000,100364,ลดไข้ บรรเทาอาการปวด,ทุก 6 ชั่วโมง,รับประทานครั้งละ 1-2 เม็ด,,,ไม่ควรใช้ติดต่อกันเกิน…5….วัน
1000,100365,ลดไข้ บรรเทาอาการปวด,ทุก 6 ชั่วโมง,รับประทานครั้งละ 1-2 เม็ด,,,ไม่ควรใช้ติดต่อกันเกิน…5….วัน
1000,100366,ลดไข้ บรรเทาอาการปวด,ทุก 6 ชั่วโมง,รับประทานครั้งละ 1-2 เม็ด,,,ไม่ควรใช้ติดต่อกันเกิน…5….วัน
1000,100367,เสริมแคลเซียม,วันละ 1 ครั้ง ช่วงเวลาเดียวกัน,รับประทานครั้งละ 1 เม็ด,หลังอาหาร,,ตอนเช้า
1000,100368,เสริมแคลเซียม,เช้า-กลางวัน-เย็น,รับประทานครั้งละ 1 เม็ด,หลังอาหาร,,
1000,100369,แก้ปวด ลดอักเสบ,เช้า-กลางวัน-เย็น,รับประทานครั้งละ 1 เม็ด,หลังอาหาร,,ยามีฤทธิ์ระคายเคืองกระเพาะอาหาร
1000,100370,แก้ปวด ลดอักเสบ,เช้า-กลางวัน-เย็น,รับประทานครั้งละ 1 เม็ด,หลังอาหาร,,ยามีฤทธิ์ระคายเคืองกระเพาะอาหาร
1000,100371,แก้ปวด ลดอักเสบ,เช้า-เย็น,รับประทานครั้งละ 1 เม็ด,หลังอาหาร,,ยามีฤทธิ์ระคายเคืองกระเพาะอาหาร
1000,100372,แก้ปวด ลดอักเสบ,เช้า-เย็น,รับประทานครั้งละ 1 เม็ด,หลังอาหาร,,ยามีฤทธิ์ระคายเคืองกระเพาะอาหาร
1000,100373,แก้ปวด ลดอักเสบ ลดไข้,เช้า-กลางวัน-เย็น,รับประทานครั้งละ 1 เม็ด,หลังอาหาร,,
1000,100374,แก้ปวด ลดอักเสบ,เช้า-เย็น,รับประทานครั้งละ 1 เม็ด,หลังอาหาร,,ยามีฤทธิ์ระคายเคืองกระเพาะอาหาร
1000,100375,แก้ปวด ลดอักเสบ,เช้า-กลางวัน-เย็น,รับประทานครั้งละ 1 เม็ด,หลังอาหาร,,ยามีฤทธิ์ระคายเคืองกระเพาะอาหาร
1000,100376,แก้ปวด ลดอักเสบ,เช้า-กลางวัน-เย็น,รับประทานครั้งละ 1 เม็ด,หลังอาหาร,,ยามีฤทธิ์ระคายเคืองกระเพาะอาหาร
1000,100377,แก้ปวด ลดอักเสบ,เช้า-เย็น,รับประทานครั้งละ 1 เม็ด,หลังอาหาร,,ยามีฤทธิ์ระคายเคืองกระเพาะอาหาร
1000,100378,แก้ปวด ลดอักเสบ,เช้า-เย็น,รับประทานครั้งละ 1 เม็ด,หลังอาหาร,,ยามีฤทธิ์ระคายเคืองกระเพาะอาหาร
1000,100379,แก้ปวด ลดอักเสบ,เช้า-เย็น,รับประทานครั้งละ 1 เม็ด,หลังอาหาร,,ยามีฤทธิ์ระคายเคืองกระเพาะอาหาร
1000,100380,แก้ปวด ลดอักเสบ,เช้า-เย็น,รับประทานครั้งละ 1 เม็ด,หลังอาหาร,,ยามีฤทธิ์ระคายเคืองกระเพาะอาหาร
1000,100381,แก้ปวด ลดอักเสบ,เช้า-เย็น,รับประทานครั้งละ 1 เม็ด,หลังอาหาร,,ยามีฤทธิ์ระคายเคืองกระเพาะอาหาร
1000,100382,แก้ปวด ลดอักเสบ,เช้า-เย็น,รับประทานครั้งละ 1 เม็ด,หลังอาหาร,,ยามีฤทธิ์ระคายเคืองกระเพาะอาหาร
1000,100383,แก้ปวด ลดอักเสบ,เช้า-เย็น,รับประทานครั้งละ 1 เม็ด,หลังอาหาร,,ยามีฤทธิ์ระคายเคืองกระเพาะอาหาร
1000,100384,แก้ปวด ลดอักเสบ,เช้า-เย็น,รับประทานครั้งละ 1 เม็ด,หลังอาหาร,,ยามีฤทธิ์ระคายเคืองกระเพาะอาหาร
1000,100385,แก้ปวด ลดอักเสบ,เช้า-เย็น,รับประทานครั้งละ 1 เม็ด,หลังอาหาร,,ยามีฤทธิ์ระคายเคืองกระเพาะอาหาร
1000,100386,แก้ปวด ลดอักเสบ,เช้า-เย็น,รับประทานครั้งละ 1 เม็ด,หลังอาหาร,,ยามีฤทธิ์ระคายเคืองกระเพาะอาหาร
1000,100387,แก้ปวด ลดอักเสบ,เช้า-เย็น,รับประทานครั้งละ 1 เม็ด,หลังอาหาร,,ยามีฤทธิ์ระคายเคืองกระเพาะอาหาร
1000,100388,แก้ปวด ลดอักเสบ,,,,,ยามีฤทธิ์ระคายเคืองกระเพาะอาหาร
1000,100389,แก้ปวด ลดอักเสบ,,,,,ยามีฤทธิ์ระคายเคืองกระเพาะอาหาร
1000,100390,แก้ปวด ลดอักเสบ,เช้า-กลางวัน-เย็น,รับประทานครั้งละ 1 เม็ด,หลังอาหาร,,ยามีฤทธิ์ระคายเคืองกระเพาะอาหาร
1000,100391,แก้ปวด ลดอักเสบ,เช้า-กลางวัน-เย็น,รับประทานครั้งละ 1 เม็ด,หลังอาหาร,,ยามีฤทธิ์ระคายเคืองกระเพาะอาหาร
1000,100392,แก้ปวด ลดอักเสบ,เช้า-กลางวัน-เย็น,รับประทานครั้งละ 1 เม็ด,หลังอาหาร,,ยามีฤทธิ์ระคายเคืองกระเพาะอาหาร
1000,100393,แก้ปวด ลดอักเสบ,,รับประทานครั้งละ 1 เม็ด,หลังอาหาร,,วันละ 1 ครั้ง
1000,100394,แก้ปวด ลดอักเสบ,วันละ 1 ครั้ง ช่วงเวลาเดียวกัน,รับประทานครั้งละ 1 เม็ด,หลังอาหาร,,ยามีฤทธิ์ระคายเคืองกระเพาะอาหาร
1000,100395,แก้ปวด ลดอักเสบ,,รับประทานครั้งละ 1 เม็ด,หลังอาหาร,,วันละ 1 ครั้ง
1000,100396,แก้ปวด ลดอักเสบ,,รับประทานครั้งละ 1 เม็ด,หลังอาหาร,,วันละ 1 ครั้ง
1000,100397,แก้ปวด ลดอักเสบ,เช้า-กลางวัน-เย็น,รับประทานครั้งละ 1 เม็ด,หลังอาหาร,,ยามีฤทธิ์ระคายเคืองกระเพาะอาหาร
1000,100398,แก้ปวด ลดอักเสบ,,รับประทานครั้งละ 1 เม็ด,หลังอาหาร,,วันละ 1 ครั้ง
1000,100399,แก้ปวด ลดอักเสบ,,รับประทานครั้งละ 1 เม็ด,หลังอาหาร,,วันละ 1 ครั้ง
1000,100400,แก้ปวด ลดอักเสบ,,รับประทานครั้งละ 1 เม็ด,หลังอาหาร,,วันละ 1 ครั้ง
1000,100401,ลดไข้ บรรเทาอาการปวด,ทุก 6 ชั่วโมง,รับประทานครั้งละ 1-2 เม็ด,,,ไม่ควรใช้ติดต่อกันเกิน…5….วัน
1000,100402,ลดไข้ บรรเทาอาการปวด,ทุก 6 ชั่วโมง,รับประทานครั้งละ 1-2 เม็ด,,,ไม่ควรใช้ติดต่อกันเกิน…5….วัน
1000,100403,ลดไข้ บรรเทาอาการปวด,ทุก 6 ชั่วโมง,รับประทานครั้งละ 1-2 เม็ด,,,ไม่ควรใช้ติดต่อกันเกิน…5….วัน
1000,100404,ลดไข้ บรรเทาอาการปวด,ทุก 6 ชั่วโมง,รับประทานครั้งละ 1-2 เม็ด,,,ไม่ควรใช้ติดต่อกันเกิน…5….วัน
1000,100405,ลดไข้ บรรเทาอาการปวด,ทุก 6 ชั่วโมง,รับประทานครั้งละ 1-2 เม็ด,,,ไม่ควรใช้ติดต่อกันเกิน…5….วัน
1000,100406,แก้ปวด ลดอักเสบ,เช้า-กลางวัน-เย็น,รับประทานครั้งละ 1 เม็ด,หลังอาหาร,,ยามีฤทธิ์ระคายเคืองกระเพาะอาหาร
1000,100407,แก้ปวด ลดอักเสบ,เช้า-กลางวัน-เย็น,รับประทานครั้งละ 1 เม็ด,หลังอาหาร,,ยามีฤทธิ์ระคายเคืองกระเพาะอาหาร
1000,100408,แก้ปวด ลดอักเสบ,เช้า-กลางวัน-เย็น,รับประทานครั้งละ 1 เม็ด,หลังอาหาร,,ยามีฤทธิ์ระคายเคืองกระเพาะอาหาร
1000,100409,ลดไข้ บรรเทาอาการปวด,เช้า-กลางวัน-เย็น,รับประทานครั้งละ 1 เม็ด,หลังอาหาร,,ยามีฤทธิ์ระคายเคืองกระเพาะอาหาร
1000,100410,แก้ปวด ลดอักเสบ,เช้า-กลางวัน-เย็น,รับประทานครั้งละ 1 เม็ด,หลังอาหาร,เก็บในอุณหภูมิห้อง,
1000,100411,แก้ปวด ลดอักเสบ,เช้า-กลางวัน-เย็น,รับประทานครั้งละ 1 เม็ด,หลังอาหาร,เก็บในอุณหภูมิห้อง,
1000,100412,คลายกล้ามเนื้อ,เช้า-กลางวัน-เย็น,รับประทานครั้งละ 1 เม็ด,หลังอาหาร,,
1000,100413,คลายกล้ามเนื้อ,เช้า-กลางวัน-เย็น,รับประทานครั้งละ 1 เม็ด,หลังอาหาร,,
1000,100414,คลายกล้ามเนื้อ,เช้า-กลางวัน-เย็น,รับประทานครั้งละ 1 เม็ด,หลังอาหาร,,
1000,100415,ลดบวม ฟกช้ำ,เช้า-กลางวัน-เย็น,รับประทานครั้งละ 1 เม็ด,หลังอาหาร,,
1000,100416,ลดบวม ฟกช้ำ,เช้า-กลางวัน-เย็น,ทาวันละ 3 ครั้ง,,,
1000,100417,ลดบวม ลดอักเสบ,เช้า-กลางวัน-เย็น,รับประทานครั้งละ 1 เม็ด,หลังอาหาร,,
1000,100418,ลดบวม ลดอักเสบ,เช้า-กลางวัน-เย็น,รับประทานครั้งละ 1 เม็ด,หลังอาหาร,,
1000,100419,แก้ปวด คลายกล้ามเนื้อ,เช้า-กลางวัน-เย็น,รับประทานครั้งละ 1 เม็ด,หลังอาหาร,,ยานี้ทำให้ง่วงนอน
1000,100420,แก้ปวด คลายกล้ามเนื้อ,เช้า-กลางวัน-เย็น,รับประทานครั้งละ 1 เม็ด,หลังอาหาร,,ยานี้ทำให้ง่วงนอน
1000,100421,แก้ปวด คลายกล้ามเนื้อ,เช้า-กลางวัน-เย็น,รับประทานครั้งละ 1 เม็ด,หลังอาหาร,,ยานี้ทำให้ง่วงนอน
1000,100422,แก้ปวด คลายกล้ามเนื้อ,เช้า-กลางวัน-เย็น,รับประทานครั้งละ 1 เม็ด,หลังอาหาร,,ยานี้ทำให้ง่วงนอน
1000,100423,รักษากรดไหลย้อน,ทุกครั้งที่มีอาการ,รับประทานครั้งละ 1-2 ซอง,,,
1000,100424,รักษากรดไหลย้อน,ทุกครั้งที่มีอาการ,รับประทานครั้งละ 1-2 ซอง,,,
1000,100425,ลดกรดในกระเพาะอาหาร,ทุกครั้งที่มีอาการ,รับประทานครั้งละ 1-2 ซอง,,,
1000,100426,ลดกรดในกระเพาะอาหาร,ทุกครั้งที่มีอาการ,รับประทานครั้งละ 1-2 ซอง,,,
1000,100427,แก้จุกเสียด แน่นท้อง ขับลม ,เช้า-กลางวัน-เย็น,รับประทานครั้งละ 2 เม็ด,หลังอาหาร,เก็บในอุณหภูมิห้อง,ใช้ติดต่อกัน 4-6 สัปดาห์
1000,100428,ช่วยย่อยอาหาร,เช้า-กลางวัน-เย็น,รับประทานครั้งละ 2-4 เม็ด,หลังอาหาร,เก็บในอุณหภูมิห้อง,
1000,100429,ลดกรดในกระเพาะอาหาร,เช้า-เย็น,รับประทานครั้งละ 2 ช้อนโต๊ะ,ก่อนอาหาร,เก็บในอุณหภูมิห้อง,เขย่าขวดก่อนรับประทาน
1000,100430,แก้จุกเสียด แน่นท้อง ขับลม ,เช้า-กลางวัน-เย็น-ก่อนนอน,รับประทานครั้งละ 1 ช้อนโต๊ะ,หลังอาหาร,เก็บในอุณหภูมิห้อง,เขย่าขวดก่อนรับประทาน
1000,100431,ลดกรด ขับลม ,เช้า-กลางวัน-เย็น-ก่อนนอน,รับประทานครั้งละ 1 ช้อนโต๊ะ,หลังอาหาร,เก็บในอุณหภูมิห้อง,เขย่าขวดก่อนรับประทาน
1000,100432,ลดกรด ขับลม ,เช้า-กลางวัน-เย็น-ก่อนนอน,รับประทานครั้งละ 1 ช้อนโต๊ะ,หลังอาหาร,เก็บในอุณหภูมิห้อง,เขย่าขวดก่อนรับประทาน
1000,100433,ลดกรด ขับลม ,เช้า-กลางวัน-เย็น-ก่อนนอน,รับประทานครั้งละ 2 ช้อนโต๊ะ,หลังอาหาร,เก็บในอุณหภูมิห้อง,เขย่าขวดก่อนรับประทาน
1000,100434,รักษากรดไหลย้อน,เช้า-กลางวัน-เย็น-ก่อนนอน,รับประทานครั้งละ 1 ช้อนโต๊ะ,หลังอาหาร,เก็บในอุณหภูมิห้อง,เขย่าขวดก่อนรับประทาน
1000,100435,ลดกรด ขับลม ,เช้า-กลางวัน-เย็น-ก่อนนอน,รับประทานครั้งละ 2 ช้อนโต๊ะ,ก่อนอาหาร,เก็บในอุณหภูมิห้อง,เขย่าขวดก่อนรับประทาน
1000,100436,แก้จุกเสียด แน่นท้อง ขับลม ,ทุกครั้งที่มีอาการ,รับประทานครั้งละ 1 ช้อนโต๊ะ,,เก็บในอุณหภูมิห้อง,เขย่าขวดก่อนรับประทาน
1000,100437,รักษากรดไหลย้อน,เช้า-กลางวัน-เย็น-ก่อนนอน,รับประทานครั้งละ 1 ช้อนโต๊ะ,หลังอาหาร,เก็บในอุณหภูมิห้อง,เขย่าขวดก่อนรับประทาน
1000,100438,ลดกรดในกระเพาะอาหาร,เช้า-กลางวัน-เย็น-ก่อนนอน,รับประทานครั้งละ 1 ช้อนโต๊ะ,หลังอาหาร,เก็บในอุณหภูมิห้อง,เขย่าขวดก่อนรับประทาน
1000,100439,รักษากรดไหลย้อน,เช้า-กลางวัน-เย็น-ก่อนนอน,รับประทานครั้งละ 1 ช้อนโต๊ะ,หลังอาหาร,เก็บในอุณหภูมิห้อง,เขย่าขวดก่อนรับประทาน
1000,100440,แก้จุกเสียด แน่นท้อง ขับลม ,เช้า-กลางวัน-เย็น,รับประทานครั้งละ 1 ช้อนโต๊ะ,หลังอาหาร,เก็บในอุณหภูมิห้อง,เขย่าขวดก่อนรับประทาน
1000,100441,แก้จุกเสียด แน่นท้อง ขับลม ,เช้า-กลางวัน-เย็น,รับประทานครั้งละ 1 ช้อนโต๊ะ,หลังอาหาร,เก็บในอุณหภูมิห้อง,
1000,100442,แก้จุกเสียด แน่นท้อง ขับลม ,เช้า-กลางวัน-เย็น,รับประทานครั้งละ 1 ช้อนโต๊ะ,หลังอาหาร,เก็บในอุณหภูมิห้อง,เขย่าขวดก่อนรับประทาน
1000,100443,แก้ท้องอืดท้องเฟ้อ,เช้า-กลางวัน-เย็น,รับประทานครั้งละ 1 ช้อนโต๊ะ,หลังอาหาร,เก็บในอุณหภูมิห้อง,เขย่าขวดก่อนรับประทาน
1000,100444,ช่วยย่อยอาหาร,เช้า-กลางวัน-เย็น,รับประทานครั้งละ 2 เม็ด,หลังอาหาร,เก็บในอุณหภูมิห้อง,
1000,100445,ช่วยย่อยอาหาร,เช้า-กลางวัน-เย็น,รับประทานครั้งละ 1 เม็ด,หลังอาหาร,เก็บในอุณหภูมิห้อง,
1000,100446,ช่วยย่อยอาหาร,เช้า-กลางวัน-เย็น,รับประทานครั้งละ 1 เม็ด,หลังอาหาร,,
1000,100447,แก้จุกเสียด แน่นท้อง ขับลม ,เช้า-กลางวัน-เย็น,รับประทานครั้งละ 1 เม็ด,หลังอาหาร,,
1000,100448,แก้จุกเสียด แน่นท้อง ขับลม ,เช้า-กลางวัน-เย็น,รับประทานครั้งละ 1 เม็ด,หลังอาหาร,,
1000,100449,แก้จุกเสียด แน่นท้อง ขับลม ,เช้า-กลางวัน-เย็น,รับประทานครั้งละ 1 เม็ด,หลังอาหาร,,
1000,100450,ลดแสบ ปวด จุกเสียดท้อง,เช้า-กลางวัน-เย็น,รับประทานครั้งละ 2 เม็ด,หลังอาหาร,,
1000,100451,แก้จุกเสียด แน่นท้อง ขับลม ,เช้า-กลางวัน-เย็น,รับประทานครั้งละ 1-2 เม็ด,หลังอาหาร,,
1000,100452,รักษาท้องเสีย ปวดท้อง จุกเสียด,เช้า-กลางวัน-เย็น,รับประทานครั้งละ 1-2 เม็ด,หลังอาหาร,เก็บในอุณหภูมิห้อง,
1000,100453,ลดอาการแสบท้องและหลอดอาหาร,เช้า-กลางวัน-เย็น,รับประทานครั้งละ 2 เม็ด,หลังอาหาร,,
1000,100454,แก้ท้องอืดท้องเฟ้อ,เช้า-กลางวัน-เย็น,รับประทานครั้งละ 1 เม็ด,หลังอาหาร,,เคี้ยวให้ละเอียดก่อนกลืน
1000,100455,แก้ท้องอืดท้องเฟ้อ,เช้า-กลางวัน-เย็น,รับประทานครั้งละ 1 เม็ด,หลังอาหาร,,เคี้ยวให้ละเอียดก่อนกลืน
1000,100456,แก้ท้องอืดท้องเฟ้อ,เช้า-กลางวัน-เย็น-ก่อนนอน,รับประทานครั้งละ 1 เม็ด,หลังอาหาร,,เคี้ยวให้ละเอียดก่อนกลืน
1000,100457,แก้ท้องอืดท้องเฟ้อ,เช้า-กลางวัน-เย็น-ก่อนนอน,รับประทานครั้งละ 1 เม็ด,หลังอาหาร,,เคี้ยวให้ละเอียดก่อนกลืน
1000,100458,แก้ท้องอืดท้องเฟ้อ,เช้า-กลางวัน-เย็น-ก่อนนอน,รับประทานครั้งละ 1 เม็ด,หลังอาหาร,,เคี้ยวให้ละเอียดก่อนกลืน
1000,100459,แก้ท้องอืดท้องเฟ้อ,ทุกครั้งที่มีอาการ,รับประทานครั้งละ 1 เม็ด,,,เคี้ยวให้ละเอียดก่อนกลืน
1000,100460,ลดกรด ขับลม ,เช้า-กลางวัน-เย็น-ก่อนนอน,รับประทานครั้งละ 1 เม็ด,หลังอาหาร,,เคี้ยวให้ละเอียดก่อนกลืน
1000,100461,แก้ท้องอืดท้องเฟ้อ,ทุกครั้งที่มีอาการ,รับประทานครั้งละ 1 ซอง,,,ผสมน้ำ 1 แก้ว รอจนฟองหมดแล้วดื่ม
1000,100462,แก้ท้องอืดท้องเฟ้อ,ทุกครั้งที่มีอาการ,รับประทานครั้งละ 1 ซอง,,,ผสมน้ำ 1 แก้ว รอจนฟองหมดแล้วดื่ม
1000,100463,รักษาโรคกระเพาะ,,รับประทานครั้งละ 1 เม็ด,,,ก่อนอาหารเช้า ใช้ติดต่อกัน 4-6 สัปดาห์
1000,100464,รักษาโรคกระเพาะ,,รับประทานครั้งละ 1 เม็ด,,,ก่อนอาหารเช้า ใช้ติดต่อกัน 4-6 สัปดาห์
1000,100465,รักษาโรคกระเพาะ,,รับประทานครั้งละ 1 เม็ด,,,ก่อนอาหารเช้า ใช้ติดต่อกัน 4-6 สัปดาห์
1000,100466,รักษาโรคกระเพาะ,เช้า,รับประทานครั้งละ 1 เม็ด,ก่อนอาหาร,,ก่อนอาหาร 30 นาที
1000,100467,รักษาโรคกระเพาะ,วันละ 1 ครั้ง ช่วงเวลาเดียวกัน,รับประทานครั้งละ 1 เม็ด,ก่อนอาหาร,เก็บในอุณหภูมิห้อง,
1000,100468,รักษาแผลในกระเพาะอาหาร,เช้า-เย็น,รับประทานครั้งละ 1 เม็ด,หลังอาหาร,,
1000,100469,รักษาแผลในกระเพาะอาหาร,เช้า-เย็น,รับประทานครั้งละ 1 เม็ด,หลังอาหาร,,
1000,100470,รักษาแผลในกระเพาะอาหาร,เช้า-เย็น,รับประทานครั้งละ 1 เม็ด,หลังอาหาร,,ใช้ติดต่อกัน 4-6 สัปดาห์
1000,100471,รักษาแผลในกระเพาะอาหาร,เช้า-เย็น,รับประทานครั้งละ 1 เม็ด,หลังอาหาร,,
1000,100472,รักษาแผลในกระเพาะอาหาร,เช้า-กลางวัน-เย็น,รับประทานครั้งละ 1 เม็ด,หลังอาหาร,,
1000,100473,แก้ท้องอืดท้องเฟ้อ,ทุกครั้งที่มีอาการ,รับประทานครั้งละ 2-4 เม็ด,,,อมให้ละลายช้าๆในปาก
1000,100474,ดูดซับสารพิษ รักษาท้องเสีย,เช้า-กลางวัน-เย็น,รับประทานครั้งละ 1 ซอง,หลังอาหาร,เก็บในอุณหภูมิห้อง,
1000,100475,ดูดซับสารพิษ รักษาท้องเสีย,เช้า-กลางวัน-เย็น,รับประทานครั้งละ 1 ซอง,หลังอาหาร,เก็บในอุณหภูมิห้อง,ละลายน้ำก่อน
1000,100476,ทดแทนการสูญเสียน้ำ,,รับประทานครั้งละ 1 ซอง,,,ผสมน้ำ 150 ซีซี  จิบระหว่างวัน
1000,100477,ทดแทนการสูญเสียน้ำ,,รับประทานครั้งละ 1 ซอง,,,ผสมน้ำ 150 ซีซี  จิบระหว่างวัน
1000,100478,ทดแทนการสูญเสียน้ำ,,รับประทานครั้งละ 1 ซอง,,,ผสมน้ำ 150 ซีซี  จิบระหว่างวัน
1000,100479,ทดแทนการสูญเสียน้ำ,,รับประทานครั้งละ 1 ซอง,,,ผสมน้ำ 150 ซีซี  จิบระหว่างวัน
1000,100480,ดูดซับสารพิษ,เช้า-กลางวัน-เย็น-ก่อนนอน,รับประทานครั้งละ 3 เม็ด,หลังอาหาร,เก็บในอุณหภูมิห้อง,อุจจาระอาจจะมีสีดำจากยา
1000,100481,ดูดซับสารพิษ,เช้า-กลางวัน-เย็น,รับประทานครั้งละ 2-4 เม็ด,หลังอาหาร,เก็บในอุณหภูมิห้อง,อุจจาระอาจจะมีสีดำจากยา
1000,100482,ยาหยุดถ่าย,,รับประทานครั้งละ 2 เม็ด,,,ทานครั้งถัดไปครั้งละ1เม็ด (ไม่เกิน6เม็ด/วัน)
1000,100483,ยาหยุดถ่าย,,รับประทานครั้งละ 2 เม็ด,,,ทานครั้งถัดไปครั้งละ1เม็ด (ไม่เกิน6เม็ด/วัน)
1000,100484,ยาหยุดถ่าย,,รับประทานครั้งละ 2 เม็ด,,,ทานครั้งถัดไปครั้งละ1เม็ด (ไม่เกิน6เม็ด/วัน)
1000,100485,แก้คลื่นไส้ อาเจียน,เช้า-กลางวัน-เย็น,รับประทานครั้งละ 1 เม็ด,ก่อนอาหาร,,
1000,100486,แก้คลื่นไส้ อาเจียน,เช้า-กลางวัน-เย็น,รับประทานครั้งละ 1 เม็ด,ก่อนอาหาร,,
1000,100487,แก้คลื่นไส้ อาเจียน,เช้า-กลางวัน-เย็น,รับประทานครั้งละ 1 เม็ด,ก่อนอาหาร,,
1000,100488,บรรเทาอาการปวดเกร็งท้อง,เช้า-กลางวัน-เย็น,รับประทานครั้งละ 1 เม็ด,หลังอาหาร,,
1000,100489,บรรเทาอาการปวดเกร็งท้อง,เช้า-กลางวัน-เย็น,รับประทานครั้งละ 1 เม็ด,หลังอาหาร,,
1000,100490,แก้ปวดกระเพาะปัสสาวะ,เช้า-กลางวัน-เย็น,รับประทานครั้งละ 1 เม็ด,หลังอาหาร,,
1000,100491,แก้ปวดกระเพาะปัสสาวะ,เช้า-กลางวัน-เย็น,รับประทานครั้งละ 1 เม็ด,หลังอาหาร,,
1000,100492,เพิ่มจุลินทรีย์ในลำไส้,เช้า-เย็น,รับประทานครั้งละ 1 ซอง,,,ผสมน้ำหรือน้ำผลไม้ 1 แก้ว/ซอง
1000,100493,เพิ่มจุลินทรีย์ในลำไส้,เช้า-เย็น,รับประทานครั้งละ 1 เม็ด,,,
1000,100494,เพิ่มจุลินทรีย์ในลำไส้ และทางเดินปัสสาวะ,เช้า-เย็น,รับประทานครั้งละ 1 ซอง,หลังอาหาร,,บรรเทาชั่วคราว 14 วัน ลดการเกิดซ้ำใช้ต่อเนื่อง 6 เดือน
1000,100495,ลดภาวะเลือดออกจากริดสีดวงทวาร,เช้า-กลางวัน-เย็น,รับประทานครั้งละ 1-2 เม็ด,,,
1000,100496,รักษาริดสีดวงทวาร,เช้า-กลางวัน-เย็น,รับประทานครั้งละ 2 เม็ด,หลังอาหาร,,วันที่1-4 จากนั้นวันที่5-7ครั้งละ2เม็ด2ครั้ง เช้า-เย็น
1000,100497,รักษาริดสีดวงทวาร,เช้า-เย็น,รับประทานครั้งละ 1 เม็ด,หลังอาหาร,,
1000,100498,รักษาริดสีดวงทวาร,เช้า-กลางวัน-เย็น,รับประทานครั้งละ 2 เม็ด,หลังอาหาร,,วันที่1-4 จากนั้นวันที่5-7ครั้งละ2เม็ด2ครั้ง เช้า-เย็น
1000,100499,รักษาริดสีดวงทวาร,เช้า-เย็น,ทาวันละ 2 ครั้ง,,,
1000,100500,รักษาริดสีดวงทวาร,เช้า-เย็น,ทาวันละ 2 ครั้ง,,,
1000,100501,ลดบวม ลดอักเสบ,เช้า-เย็น,ทาวันละ 2 ครั้ง,,,
1000,100502,เพิ่มกากใย ช่วยให้ระบาย,ทุกครั้งที่มีอาการ,รับประทานครั้งละ 2 ช้อนโต๊ะ,,,ผสมน้ำ 150 มล. ห้ามรับประทานก่อนนอน
1000,100503,เพิ่มกากใย ช่วยให้ระบาย,ทุกครั้งที่มีอาการ,รับประทานครั้งละ 2 ช้อนโต๊ะ,,,ผสมน้ำ 150 มล. ห้ามรับประทานก่อนนอน
1000,100504,เพิ่มกากใย ช่วยให้ระบาย,ทุกครั้งที่มีอาการ,รับประทานครั้งละ 1 ซอง,,,ผสมน้ำ 150 มล. ห้ามรับประทานก่อนนอน
1000,100505,เพิ่มกากใย ช่วยให้ระบาย,ทุกครั้งที่มีอาการ,รับประทานครั้งละ 1 ซอง,,,ผสมน้ำ 150 มล. ห้ามรับประทานก่อนนอน
1000,100506,แก้ท้องผูก,,ทาวันละ 1 ครั้ง,,เก็บในตู้เย็น,เหน็บครั้งละ 1 แท่ง ทิ้งไว้ 15 นาที 
1000,100507,แก้ท้องผูก,,ทาวันละ 1 ครั้ง,,เก็บในตู้เย็น,เหน็บครั้งละ 1 แท่ง ทิ้งไว้ 15 นาที 
1000,100508,ท้องเสีย จุกเสียด,เช้า-กลางวัน-เย็น-ก่อนนอน,รับประทานครั้งละ 1 เม็ด,ก่อนอาหาร,,
1000,100509,ท้องเสีย จุกเสียด,เช้า-กลางวัน-เย็น-ก่อนนอน,รับประทานครั้งละ 2 ช้อนโต๊ะ,ก่อนอาหาร,,
1000,100510,แก้ท้องผูก,,รับประทานครั้งละ ..... ml,,,ก่อนนอน
1000,100511,แก้ท้องผูก,,รับประทานครั้งละ ..... ml,,,ก่อนนอน
1000,100512,ท้องเสีย จุกเสียด,เช้า-กลางวัน-เย็น-ก่อนนอน,รับประทานครั้งละ 2 ช้อนโต๊ะ,ก่อนอาหาร,,
1000,100513,แก้ท้องผูก,,รับประทานครั้งละ 1 เม็ด,,,วันละ 1 ครั้ง ก่อนนอน
1000,100514,แก้ท้องผูก,,รับประทานครั้งละ 2 เม็ด,,,วันละ 1 ครั้ง ก่อนนอน
1000,100515,ยาถ่ายพยาธิ,วันละ 1 ครั้ง ช่วงเวลาเดียวกัน,รับประทานครั้งละ 2 เม็ด,หลังอาหาร,,กินติดต่อกัน3วัน สำหรับพยาธิตัวกลมและตัวตืด
1000,100516,ยาถ่ายพยาธิ,,รับประทานครั้งละ 2 เม็ด,พร้อมอาหาร,,กินครั้งเดียว สำหรับพยาธิตัวกลม
1000,100517,ยาถ่ายพยาธิ,วันละ 1 ครั้ง ช่วงเวลาเดียวกัน,รับประทานครั้งละ 1 เม็ด,,,
1000,100518,ยาถ่ายพยาธิ,เช้า-เย็น,รับประทานครั้งละ 1 ช้อนชา,ก่อนอาหาร,,ติดต่อ 3 วัน
1000,100519,ยาถ่ายพยาธิ,,รับประทานครั้งละ 1 เม็ด,,,วันละ 1 ครั้ง เคี้ยวให้ละเอียดก่อนกลืน
1000,100520,ยาถ่ายพยาธิ,,รับประทานครั้งละ 4 เม็ด,,,วันละ 1 ครั้ง เคี้ยวให้ละเอียดก่อนกลืน
1000,100521,รักษาอาการอักเสบของทางเดินหายใจ,,พ่นช่องปากครั้งละ 1-2 ครั้ง,,เก็บในอุณหภูมิห้อง,ห้ามปรับขนาดยาเอง โดยไม่มีคำสั่งแพทย์
1000,100522,ขยายหลอดลม,,พ่นช่องปากครั้งละ 2 ครั้ง,,เก็บในอุณหภูมิห้อง,
1000,100523,บรรเทาอาการหอบหืด,ทุกครั้งที่มีอาการ,พ่นช่องปากครั้งละ 1-2 ครั้ง,,,
1000,100524,บรรเทาอาการหอบหืด,ทุกครั้งที่มีอาการ,พ่นช่องปากครั้งละ 1-2 ครั้ง,,,
1000,100526,ระงับความอยากบุหรี่,,พ่นช่องปากครั้งละ 1-2 ครั้ง,,,
1000,100527,บรรเทาอาการคัดจมูก,เช้า-เย็น,พ่นเข้าจมูกข้างละ 2-3 ครั้ง,,,ห้ามใช้เกิน 2 ครั้ง ภายใน 24 ชั่วโมง
1000,100528,แก้ท้องผูก,เช้า-เย็น,รับประทานครั้งละ 2-3 เม็ด,,,
1000,100529,บรรเทาอาการคัดจมูก,,พ่นเข้าจมูกข้างละ 1 ครั้ง,,,ไม่เกิน 3 ครั้งต่อวัน
1000,100530,บรรเทาอาการคัดจมูก,เช้า-กลางวัน-เย็น,พ่นเข้าจมูกข้างละ 1-2 ครั้ง,,เก็บในอุณหภูมิห้อง,ไม่ควรใช้ติดต่อกันเกิน5วัน
1000,100531,บรรเทาอาการคัดจมูก,เช้า-กลางวัน-เย็น,หยอดครั้งละ 1-2 หยด,,,
1000,100532,บรรเทาอาการคัดจมูก,เช้า-กลางวัน-เย็น,หยอดครั้งละ 1-2 หยด,,เก็บในอุณหภูมิห้อง,ไม่ควรใช้ติดต่อกันเกิน5วัน
1000,100533,บรรเทาอาการหวัด คัดจมูก,เช้า-กลางวัน-เย็น,พ่นเข้าจมูกข้างละ 1-2 ครั้ง,,,
1000,100534,บรรเทาอาการคัดจมูก,ทุก 6 ชั่วโมง,พ่นเข้าจมูกข้างละ 1-2 ครั้ง,,เก็บในอุณหภูมิห้อง,ไม่ควรใช้ติดต่อกันเกิน5วัน
1000,100535,เพิ่มความชุ่มชื้นในโพรงจมูก ,ทุกครั้งที่มีอาการ,พ่นเข้าจมูกข้างละ 1-2 ครั้ง,,เก็บในอุณหภูมิห้อง,
1000,100536,ลดอาการอักเสบในโพรงจมูก,เช้า-เย็น,พ่นเข้าจมูกข้างละ 1-2 ครั้ง,,เก็บในอุณหภูมิห้อง,
1000,100537,ลดอาการอักเสบในโพรงจมูก,เช้า-เย็น,พ่นเข้าจมูกข้างละ 1-2 ครั้ง,,เก็บในอุณหภูมิห้อง,
1000,100538,บรรเทาอาการคัดจมูก,,พ่นเข้าจมูกข้างละ ........ ครั้ง,,เก็บในอุณหภูมิห้อง,ใช้ตามแพทย์สั่ง ใช้ติดต่อกันไม่เกิน 5-7 วัน 
1000,100539,ลดน้ำมูก แพ้อากาศ,ทุกครั้งที่มีอาการ,พ่นเข้าจมูกข้างละ 2-3 ครั้ง,,เก็บในอุณหภูมิห้อง,
1000,100540,ฆ่าเชื้อในช่องปาก,ทุกครั้งที่มีอาการ,พ่นช่องปากครั้งละ 1-2 ครั้ง,,เก็บในอุณหภูมิห้อง,
1000,100541,เพิ่มความชุ่มชื้นในโพรงจมูก ,เช้า-เย็น,หยอดครั้งละ 2-3 หยด,,,ใช้พร้อมที่ดูดน้ำมูก
1000,100542,เพิ่มความชุ่มชื้นในโพรงจมูก ,เช้า-เย็น,หยอดครั้งละ 2-3 หยด,,,ใช้พร้อมที่ดูดน้ำมูก
1000,100543,เพิ่มความชุ่มชื้นในโพรงจมูก ,ทุกครั้งที่มีอาการ,พ่นเข้าจมูกข้างละ 2-3 ครั้ง,,,
1000,100544,ลดกลิ่นปากและไอจากการคันคอ,ทุกครั้งที่มีอาการ,พ่นช่องปากครั้งละ 1-2 ครั้ง,,,
1000,100545,ยั้บยั้งแบคทีเรีย ลดกลิ่นปากและไอจากการคันคอ,ทุกครั้งที่มีอาการ,พ่นช่องปากครั้งละ 1-2 ครั้ง,,,
1000,100546,บรรเทาอาการไอ ชุ่มคอ ละลายเสมหะ,ทุกครั้งที่มีอาการ,พ่นช่องปากครั้งละ 1-2 ครั้ง,,,
1000,100547,ลดการอักเสบบริเวณช่องปากและลำคอ,ทุกครั้งที่มีอาการ,พ่นช่องปากครั้งละ 1-2 ครั้ง,,,
1000,100548,ยั้บยั้งแบคทีเรีย ลดกลิ่นปาก ชุ่มคอ,ทุกครั้งที่มีอาการ,พ่นช่องปากครั้งละ 1-2 ครั้ง,,,
1000,100549,ยั้บยั้งแบคทีเรีย ลดกลิ่นปากและไอจากการคันคอ,ทุกครั้งที่มีอาการ,พ่นช่องปากครั้งละ 1-2 ครั้ง,,,
1000,100550,ยั้บยั้งแบคทีเรีย ลดกลิ่นปาก ชุ่มคอ,ทุกครั้งที่มีอาการ,พ่นช่องปากครั้งละ 1-2 ครั้ง,,,
1000,100551,ยั้บยั้งแบคทีเรีย ลดกลิ่นปาก ชุ่มคอ,ทุกครั้งที่มีอาการ,พ่นช่องปากครั้งละ 1-2 ครั้ง,,,
1000,100552,ลดอักเสบ,ทุก 6 ชั่วโมง,พ่นช่องปากครั้งละ 1-2 ครั้ง,,,
1000,100553,ช่วยลดกลิ่นปาก ชุ่มคอ,ทุกครั้งที่มีอาการ,พ่นช่องปากครั้งละ 1-2 ครั้ง,,,ใช้ได้คั้งแต่ 1 ขวบขึ้นไป
1000,100554,ลดกลิ่นปากและไอจากการคันคอ,ทุกครั้งที่มีอาการ,พ่นช่องปากครั้งละ 1-2 ครั้ง,,,
1000,100555,ขยายหลอดลม,เช้า-เย็น,รับประทานครั้งละ 1 เม็ด,,,
1000,100556,ขยายหลอดลม,เช้า-เย็น,รับประทานครั้งละ 1 เม็ด,,,
1000,100557,บรรเทาอาการหอบหืด,ทุก 12 ชั่วโมง,รับประทานครั้งละ 1 เม็ด,,,
1000,100558,บรรเทาอาการหอบหืด,เช้า-กลางวัน-เย็น,รับประทานครั้งละ 1 เม็ด,หลังอาหาร,,
1000,100559,บรรเทาอาการหอบหืด,ทุก 12 ชั่วโมง,รับประทานครั้งละ 1 เม็ด,,,
1000,100560,ขยายหลอดลม,เช้า-กลางวัน-เย็น,รับประทานครั้งละ 1-2 เม็ด,,,
1000,100561,ขยายหลอดลม,เช้า-กลางวัน-เย็น,รับประทานครั้งละ 1-2 เม็ด,,,
1000,100562,ขยายหลอดลม,เช้า-กลางวัน-เย็น,รับประทานครั้งละ 1-2 เม็ด,,,
1000,100563,ละลายเสมหะ,,รับประทานครั้งละ 1 เม็ด,,,ละลายน้ำครึ่งแก้ว วันละครั้ง ก่อนอาหารเย็น
1000,100564,ละลายเสมหะ,,รับประทานครั้งละ 1 เม็ด,,,ละลายน้ำครึ่งแก้ว วันละครั้งหลังอาหารเย็น
1000,100565,ละลายเสมหะ,,รับประทานครั้งละ 1 เม็ด,,,ละลายน้ำครึ่งแก้ว วันละครั้ง หลังอาหารเย็น
1000,100566,ฆ่าเชื้อในช่องปาก,,หยอดครั้งละ 1-2 หยด,,,เติมน้ำจนครบ30 ซีซี กลั้วคอ 30 วินาทีแล้วบ้วนทิ้ง
1000,100567,ฆ่าเชื้อในช่องปาก,,หยอดครั้งละ 1-2 หยด,,,เติมน้ำ 1 ซีซี กลั้วคอ 30 วินาทีแล้วบ้วนทิ้ง
1000,100568,รักษาผมร่วง,,รับประทานครั้งละ 1 เม็ด,,,วันละ 1 ครั้ง ก่อนนอน
1000,100569,รักษาต่อมลูกหมาก,วันละ 1 ครั้ง ช่วงเวลาเดียวกัน,รับประทานครั้งละ ............. เม็ด,,,ห้ามปรับขนาดยาเอง โดยไม่มีคำสั่งแพทย์
1000,100570,รักษาผมร่วง,เช้า-เย็น,ทาวันละ 2 ครั้ง,,,
1000,100571,แก้ปวดไมเกรน,,รับประทานครั้งละ 1 เม็ด,,,"ภายใน 30 นาที ไม่ดีขึ้นให้ซ้ำอีก 1 เม็ด 
(ไม่เกิน 6 เม็ดต่อวัน 10 เม็ดต่อสัปดาห์)"
1000,100572,แก้ปวดไมเกรน,,รับประทานครั้งละ 1 เม็ด,,,"ภายใน 30 นาที ไม่ดีขึ้นให้ซ้ำอีก 1 เม็ด 
(ไม่เกิน 6 เม็ดต่อวัน 10 เม็ดต่อสัปดาห์)"
1000,100573,แก้ปวดไมเกรน,,รับประทานครั้งละ 1 เม็ด,,,"ภายใน 30 นาที ไม่ดีขึ้นให้ซ้ำอีก 1 เม็ด 
(ไม่เกิน 6 เม็ดต่อวัน 10 เม็ดต่อสัปดาห์)"
1000,100574,แก้ปวดไมเกรน,,รับประทานครั้งละ 1 เม็ด,,,"ภายใน 30 นาที ไม่ดีขึ้นให้ซ้ำอีก 1 เม็ด 
(ไม่เกิน 6 เม็ดต่อวัน 10 เม็ดต่อสัปดาห์)"
1000,100575,แก้ปวดไมเกรน,,รับประทานครั้งละ 1 เม็ด,,,"ภายใน 30 นาที ไม่ดีขึ้นให้ซ้ำอีก 1 เม็ด 
(ไม่เกิน 6 เม็ดต่อวัน 10 เม็ดต่อสัปดาห์)"
1000,100576,ขยายหลอดเลือด,,รับประทานครั้งละ 1 เม็ด,,,ก่อนนอน        ยานี้ทำให้ง่วงนอน
1000,100577,ขยายหลอดเลือด,,รับประทานครั้งละ 1 เม็ด,,,ก่อนนอน        ยานี้ทำให้ง่วงนอน
1000,100578,แก้วิงเวียนศรีษะ,เช้า-กลางวัน-เย็น,รับประทานครั้งละ 1-2 เม็ด,หลังอาหาร,,ยานี้ทำให้ง่วงนอน
1000,100579,แก้วิงเวียนศรีษะ,เช้า-กลางวัน-เย็น,รับประทานครั้งละ 1-2 เม็ด,หลังอาหาร,,
1000,100580,แก้วิงเวียนศรีษะ,เช้า-กลางวัน-เย็น,รับประทานครั้งละ 1 เม็ด,หลังอาหาร,,
1000,100581,แก้วิงเวียนศรีษะ,เช้า-กลางวัน-เย็น,รับประทานครั้งละ 1 เม็ด,หลังอาหาร,,
1000,100582,แก้วิงเวียนศรีษะ,เช้า-กลางวัน-เย็น,รับประทานครั้งละ 1 เม็ด,หลังอาหาร,,
1000,100583,รักษาหูอื้อ,เช้า-กลางวัน-เย็น,รับประทานครั้งละ ......... ช้อนชา,หลังอาหาร,,
1000,100584,รักษาหูอื้อ,เช้า-เย็น,รับประทานครั้งละ 1 เม็ด,หลังอาหาร,,
1000,100585,บรรเทาอาการบ้านหมุน,เช้า-กลางวัน-เย็น,รับประทานครั้งละ 1 เม็ด,หลังอาหาร,,
1000,100586,บรรเทาอาการบ้านหมุน,เช้า-เย็น,รับประทานครั้งละ 1 เม็ด,หลังอาหาร,,
1000,100587,รักษาหูอื้อ,เช้า-เย็น,รับประทานครั้งละ 1 เม็ด,หลังอาหาร,,
1000,100588,แก้วิงเวียนศรีษะ,เช้า-กลางวัน-เย็น,รับประทานครั้งละ 1 เม็ด,หลังอาหาร,,
1000,100589,แก้วิงเวียนศรีษะ,เช้า-กลางวัน-เย็น,รับประทานครั้งละ 1 เม็ด,หลังอาหาร,,ยานี้ทำให้ง่วงนอน
1000,100590,แก้วิงเวียนศรีษะ,เช้า-กลางวัน-เย็น,รับประทานครั้งละ 1 เม็ด,หลังอาหาร,,
1000,100591,แก้วิงเวียนศรีษะ,เช้า-กลางวัน-เย็น,รับประทานครั้งละ 1 เม็ด,หลังอาหาร,,ยานี้ทำให้ง่วงนอน
1000,100592,แก้เมารถ เมาเรือ,,รับประทานครั้งละ 1 เม็ด,,,ก่อนเดินทาง 30 นาที
1000,100593,แก้ปวดปลายประสาท,ก่อนนอน,รับประทานครั้งละ 1 เม็ด,,,ยานี้ทำให้ง่วงนอน
1000,100594,แก้ปวดปลายประสาท,ก่อนนอน,รับประทานครั้งละ 1 เม็ด,,,ยานี้ทำให้ง่วงนอน
1000,100595,นอนไม่หลับ คลายกังวล,,รับประทานครั้งละ 1 เม็ด,,,ก่อนนอน ยานี้ทำให้ง่วงนอน
1000,100596,นอนไม่หลับ คลายกังวล,,รับประทานครั้งละ 1 เม็ด,,,ก่อนนอน 30 นาที
1000,100597,แก้ปวดปลายประสาท,ก่อนนอน,รับประทานครั้งละ 1 เม็ด,,,ยานี้ทำให้ง่วงนอน
1000,100598,แก้ปวดปลายประสาท,ก่อนนอน,รับประทานครั้งละ 1 เม็ด,,,ยานี้ทำให้ง่วงนอน
1000,100599,แก้ปวดปลายประสาท,เช้า-กลางวัน-เย็น,รับประทานครั้งละ 1 เม็ด,หลังอาหาร,,ยานี้ทำให้ง่วงนอน
1000,100600,แก้ปวดปลายประสาท,เช้า-กลางวัน-เย็น,รับประทานครั้งละ 1 เม็ด,หลังอาหาร,,ยานี้ทำให้ง่วงนอน
1000,100601,นอนไม่หลับ คลายกังวล,,รับประทานครั้งละ 1 เม็ด,,,ก่อนนอน 30 นาที
1000,100602,นอนไม่หลับ คลายกังวล,,รับประทานครั้งละ 1 เม็ด,,,ก่อนนอน 30 นาที
1000,100603,รักษาโรคเบาหวาน,,รับประทานตามแพทย์สั่ง  ,,,ห้ามปรับขนาดยาเอง โดยไม่มีคำสั่งแพทย์
1000,100604,รักษาโรคเบาหวาน,,รับประทานตามแพทย์สั่ง  ,,,ห้ามปรับขนาดยาเอง โดยไม่มีคำสั่งแพทย์
1000,100605,รักษาโรคเบาหวาน,,รับประทานตามแพทย์สั่ง  ,,,ห้ามปรับขนาดยาเอง โดยไม่มีคำสั่งแพทย์
1000,100606,รักษาโรคเบาหวาน,,รับประทานตามแพทย์สั่ง  ,,,ห้ามปรับขนาดยาเอง โดยไม่มีคำสั่งแพทย์
1000,100607,รักษาโรคเบาหวาน,,รับประทานตามแพทย์สั่ง  ,,,ห้ามปรับขนาดยาเอง โดยไม่มีคำสั่งแพทย์
1000,100608,ขับปัสสาวะ,,รับประทานตามแพทย์สั่ง  ,,,ห้ามปรับขนาดยาเอง โดยไม่มีคำสั่งแพทย์
1000,100609,รักษาโรคเบาหวาน,,รับประทานตามแพทย์สั่ง  ,,,ห้ามปรับขนาดยาเอง โดยไม่มีคำสั่งแพทย์
1000,100610,รักษาโรคเบาหวาน,,รับประทานตามแพทย์สั่ง  ,,,ห้ามปรับขนาดยาเอง โดยไม่มีคำสั่งแพทย์
1000,100611,รักษาโรคเบาหวาน,,รับประทานตามแพทย์สั่ง  ,,,ห้ามปรับขนาดยาเอง โดยไม่มีคำสั่งแพทย์
1000,100612,รักษาโรคเบาหวาน,,รับประทานตามแพทย์สั่ง  ,,,ห้ามปรับขนาดยาเอง โดยไม่มีคำสั่งแพทย์
1000,100613,รักษาโรคเบาหวาน,,รับประทานตามแพทย์สั่ง  ,,,ห้ามปรับขนาดยาเอง โดยไม่มีคำสั่งแพทย์
1000,100614,รักษาไทรอยด์,,รับประทานครั้งละ 1 เม็ด,หลังอาหาร,,
1000,100615,รักษาไทรอยด์,,รับประทานตามแพทย์สั่ง  ,,,ห้ามปรับขนาดยาเอง โดยไม่มีคำสั่งแพทย์
1000,100616,รักษาโรคเก๊าท์,,รับประทานตามแพทย์สั่ง  ,,,ห้ามปรับขนาดยาเอง โดยไม่มีคำสั่งแพทย์
1000,100617,รักษาโรคเก๊าท์,,รับประทานตามแพทย์สั่ง  ,,,ห้ามปรับขนาดยาเอง โดยไม่มีคำสั่งแพทย์
1000,100618,รักษาโรคเก๊าท์,,รับประทานตามแพทย์สั่ง  ,,,ห้ามปรับขนาดยาเอง โดยไม่มีคำสั่งแพทย์
1000,100619,รักษาโรคเก๊าท์,วันละ 1 ครั้ง ช่วงเวลาเดียวกัน,รับประทานครั้งละ 1 เม็ด,หลังอาหาร,,
1000,100620,รักษาโรคเก๊าท์,วันละ 1 ครั้ง ช่วงเวลาเดียวกัน,รับประทานครั้งละ 1 เม็ด,หลังอาหาร,,ยามีฤทธิ์ระคายเคืองกระเพาะอาหาร
1000,100621,รักษาต่อมลูกหมาก,,รับประทานตามแพทย์สั่ง  ,,,ห้ามปรับขนาดยาเอง โดยไม่มีคำสั่งแพทย์
1000,100622,รักษาต่อมลูกหมาก,,รับประทานตามแพทย์สั่ง  ,,,ห้ามปรับขนาดยาเอง โดยไม่มีคำสั่งแพทย์
1000,100623,ละลายและขับนิ่ว,เช้า-กลางวัน-เย็น,รับประทานครั้งละ 1-2 เม็ด,ก่อนอาหาร,,
1000,100624,ป้องกันการทำลายตับ,เช้า-กลางวัน-เย็น,รับประทานครั้งละ 1 เม็ด,หลังอาหาร,,ใช้ติดต่อกัน 4-6 สัปดาห์
1000,100625,ลดความดันโลหิตสูง,,รับประทานตามแพทย์สั่ง  ,,,ห้ามปรับขนาดยาเอง โดยไม่มีคำสั่งแพทย์
1000,100626,ลดความดันโลหิตสูง,,รับประทานตามแพทย์สั่ง  ,,,ห้ามปรับขนาดยาเอง โดยไม่มีคำสั่งแพทย์
1000,100627,ลดความดันโลหิตสูง,,รับประทานตามแพทย์สั่ง  ,,,ห้ามปรับขนาดยาเอง โดยไม่มีคำสั่งแพทย์
1000,100628,ลดความดันโลหิตสูง,,รับประทานตามแพทย์สั่ง  ,,,ห้ามปรับขนาดยาเอง โดยไม่มีคำสั่งแพทย์
1000,100629,ลดความดันโลหิตสูง,,รับประทานตามแพทย์สั่ง  ,,,ห้ามปรับขนาดยาเอง โดยไม่มีคำสั่งแพทย์
1000,100630,ลดความดันโลหิตสูง,,รับประทานตามแพทย์สั่ง  ,,,ห้ามปรับขนาดยาเอง โดยไม่มีคำสั่งแพทย์
1000,100631,ลดความดันโลหิตสูง,,รับประทานตามแพทย์สั่ง  ,,,ห้ามปรับขนาดยาเอง โดยไม่มีคำสั่งแพทย์
1000,100632,โรคหัวใจ,,รับประทานตามแพทย์สั่ง  ,,,ห้ามปรับขนาดยาเอง โดยไม่มีคำสั่งแพทย์
1000,100633,โรคหัวใจ,,รับประทานตามแพทย์สั่ง  ,,,ห้ามปรับขนาดยาเอง โดยไม่มีคำสั่งแพทย์
1000,100634,โรคหัวใจ,,รับประทานตามแพทย์สั่ง  ,,,ห้ามปรับขนาดยาเอง โดยไม่มีคำสั่งแพทย์
1000,100635,โรคหัวใจ,,รับประทานตามแพทย์สั่ง  ,,,ห้ามปรับขนาดยาเอง โดยไม่มีคำสั่งแพทย์
1000,100636,โรคหัวใจ,,รับประทานตามแพทย์สั่ง  ,,,ห้ามปรับขนาดยาเอง โดยไม่มีคำสั่งแพทย์
1000,100637,ลดความดันโลหิตสูง,,รับประทานตามแพทย์สั่ง  ,,,ห้ามปรับขนาดยาเอง โดยไม่มีคำสั่งแพทย์
1000,100638,ลดความดันโลหิตสูง,,รับประทานตามแพทย์สั่ง  ,,,ห้ามปรับขนาดยาเอง โดยไม่มีคำสั่งแพทย์
1000,100639,ลดความดันโลหิตสูง,,รับประทานตามแพทย์สั่ง  ,,,ห้ามปรับขนาดยาเอง โดยไม่มีคำสั่งแพทย์
1000,100640,ลดความดันโลหิตสูง,,รับประทานตามแพทย์สั่ง  ,,,ห้ามปรับขนาดยาเอง โดยไม่มีคำสั่งแพทย์
1000,100641,ลดไขมันในเลือดสูง,,รับประทานตามแพทย์สั่ง  ,,,ห้ามปรับขนาดยาเอง โดยไม่มีคำสั่งแพทย์
1000,100642,ลดไขมันในเลือดสูง,,รับประทานตามแพทย์สั่ง  ,,,ห้ามปรับขนาดยาเอง โดยไม่มีคำสั่งแพทย์
1000,100643,ลดไขมันในเลือดสูง,,รับประทานตามแพทย์สั่ง  ,,,ห้ามปรับขนาดยาเอง โดยไม่มีคำสั่งแพทย์
1000,100644,ลดไขมันในเลือดสูง,,รับประทานตามแพทย์สั่ง  ,,,ห้ามปรับขนาดยาเอง โดยไม่มีคำสั่งแพทย์
1000,100645,ลดไขมันในเลือดสูง,,รับประทานตามแพทย์สั่ง  ,,,ห้ามปรับขนาดยาเอง โดยไม่มีคำสั่งแพทย์
1000,100646,ลดคลอเรสเตอรอล,,รับประทานตามแพทย์สั่ง  ,,,ห้ามปรับขนาดยาเอง โดยไม่มีคำสั่งแพทย์
1000,100647,ลดไขมันในเลือดสูง,,รับประทานตามแพทย์สั่ง  ,,,ห้ามปรับขนาดยาเอง โดยไม่มีคำสั่งแพทย์
1000,100648,ลดไขมันในเลือดสูง,,รับประทานตามแพทย์สั่ง  ,,,ห้ามปรับขนาดยาเอง โดยไม่มีคำสั่งแพทย์
1000,100649,ลดไขมันในเลือดสูง,,รับประทานตามแพทย์สั่ง  ,,,ห้ามปรับขนาดยาเอง โดยไม่มีคำสั่งแพทย์
1000,100650,ลดไตรกลีเซอไรด์,,รับประทานตามแพทย์สั่ง  ,,,ห้ามปรับขนาดยาเอง โดยไม่มีคำสั่งแพทย์
1000,100651,ลดไตรกลีเซอไรด์,,รับประทานตามแพทย์สั่ง  ,,,ห้ามปรับขนาดยาเอง โดยไม่มีคำสั่งแพทย์
1000,100652,ลดความดันโลหิตสูง,,รับประทานตามแพทย์สั่ง  ,,,ห้ามปรับขนาดยาเอง โดยไม่มีคำสั่งแพทย์
1000,100653,ลดความดันโลหิตสูง,,รับประทานตามแพทย์สั่ง  ,,,ห้ามปรับขนาดยาเอง โดยไม่มีคำสั่งแพทย์
1000,100654,ลดความดันโลหิตสูง,,รับประทานตามแพทย์สั่ง  ,,,ห้ามปรับขนาดยาเอง โดยไม่มีคำสั่งแพทย์
1000,100655,ลดความดันโลหิตสูง,,รับประทานตามแพทย์สั่ง  ,,,ห้ามปรับขนาดยาเอง โดยไม่มีคำสั่งแพทย์
1000,100656,ลดความดันโลหิตสูง,,รับประทานตามแพทย์สั่ง  ,,,ห้ามปรับขนาดยาเอง โดยไม่มีคำสั่งแพทย์
1000,100657,ลดความดันโลหิตสูง,,รับประทานตามแพทย์สั่ง  ,,,ห้ามปรับขนาดยาเอง โดยไม่มีคำสั่งแพทย์
1000,100658,ลดความดันโลหิตสูง,,รับประทานตามแพทย์สั่ง  ,,,ห้ามปรับขนาดยาเอง โดยไม่มีคำสั่งแพทย์
1000,100659,ลดความดันโลหิตสูง,,รับประทานตามแพทย์สั่ง  ,,,ห้ามปรับขนาดยาเอง โดยไม่มีคำสั่งแพทย์
1000,100660,ลดความดันโลหิตสูง,,รับประทานตามแพทย์สั่ง  ,,,ห้ามปรับขนาดยาเอง โดยไม่มีคำสั่งแพทย์
1000,100661,ลดความดันโลหิตสูง,,รับประทานตามแพทย์สั่ง  ,,,ห้ามปรับขนาดยาเอง โดยไม่มีคำสั่งแพทย์
1000,100662,ลดความดันโลหิตสูง,,รับประทานตามแพทย์สั่ง  ,,,ห้ามปรับขนาดยาเอง โดยไม่มีคำสั่งแพทย์
1000,100663,ลดความดันโลหิตสูง,,รับประทานตามแพทย์สั่ง  ,,,ห้ามปรับขนาดยาเอง โดยไม่มีคำสั่งแพทย์
1000,100664,ลดความดันโลหิตสูง,,รับประทานตามแพทย์สั่ง  ,,,ห้ามปรับขนาดยาเอง โดยไม่มีคำสั่งแพทย์
1000,100665,ลดความดันโลหิตสูง,,รับประทานตามแพทย์สั่ง  ,,,ห้ามปรับขนาดยาเอง โดยไม่มีคำสั่งแพทย์
1000,100666,ลดความดันโลหิตสูง,,รับประทานตามแพทย์สั่ง  ,,,ห้ามปรับขนาดยาเอง โดยไม่มีคำสั่งแพทย์
1000,100667,ลดความดันโลหิตสูง,,รับประทานตามแพทย์สั่ง  ,,,ห้ามปรับขนาดยาเอง โดยไม่มีคำสั่งแพทย์
1000,100668,ลดความดันโลหิตสูง,,รับประทานตามแพทย์สั่ง  ,,,ห้ามปรับขนาดยาเอง โดยไม่มีคำสั่งแพทย์
1000,100669,ลดความดันโลหิตสูง,,รับประทานตามแพทย์สั่ง  ,,,ห้ามปรับขนาดยาเอง โดยไม่มีคำสั่งแพทย์
1000,100670,ลดความดันโลหิตสูง,,รับประทานตามแพทย์สั่ง  ,,,ห้ามปรับขนาดยาเอง โดยไม่มีคำสั่งแพทย์
1000,100671,ลดความดันโลหิตสูง,,รับประทานตามแพทย์สั่ง  ,,,ห้ามปรับขนาดยาเอง โดยไม่มีคำสั่งแพทย์
1000,100676,เลื่อนประจำเดือน,,รับประทานครั้งละ ............. เม็ด,,,
1000,100677,เลื่อนประจำเดือน,,รับประทานครั้งละ ............. เม็ด,,,
1000,100678,ปรับฮอร์โมน,,รับประทานตามแพทย์สั่ง  ,,,ห้ามปรับขนาดยาเอง โดยไม่มีคำสั่งแพทย์
1000,100680,ปรับฮอร์โมน,,รับประทานตามแพทย์สั่ง  ,,,
1000,100684,ฆ่าเชื้อแบคทีเรีย,เช้า-เย็น,ทาวันละ 2 ครั้ง,,,
1000,100685,รักษาแผลในปาก,เช้า-กลางวัน-เย็น,ทาวันละ 3 ครั้ง,หลังอาหาร,,
1000,100686,รักษาแผลในปาก,เช้า-เย็น,ทาวันละ 2 ครั้ง,หลังอาหาร,,
1000,100687,รักษาแผลในปาก,เช้า-เย็น,รับประทานครั้งละ 1 เม็ด,หลังอาหาร,,
1000,100688,รักษาแผลในปาก,เช้า-เย็น,ทาวันละ 2 ครั้ง,หลังอาหาร,,
1000,100689,รักษาแผลในปาก,เช้า-เย็น,ทาวันละ 2 ครั้ง,หลังอาหาร,,
1000,100690,รักษาแผลในปาก,เช้า-เย็น,ทาวันละ 2 ครั้ง,หลังอาหาร,,
1000,100691,รักษาแผลในปาก,เช้า-เย็น,ทาวันละ 2 ครั้ง,หลังอาหาร,,
1000,100693,ฆ่าเชื้อแบคทีเรีย,เช้า-เย็น,ทาวันละ 2 ครั้ง,,,ติดต่อกัน 10 วัน
1000,100694,ฆ่าเชื้อที่ผิวหนัง,เช้า-เย็น,ทาวันละ 2 ครั้ง,,,
1000,100695,แก้แพ้ผื่นคัน,เช้า-กลางวัน-เย็น,ทาวันละ 3 ครั้ง,,,
1000,100696,แก้แพ้ผื่นคัน,เช้า-กลางวัน-เย็น,ทาวันละ 3 ครั้ง,,,
1000,100697,บรรเทาอาการอ่อนเพลีย,ทุกครั้งที่มีอาการ,รับประทานครั้งละ 2 ช้อนโต๊ะ,,,ละลายในน้ำ 200 มล.
1000,100698,รักษาอาการคันจากเชื้อรา,เช้า-เย็น,ทาวันละ 2 ครั้ง,,,
1000,100699,ปรับสมดุลช่องคลอด,,หยอดครั้งละ 1 แท่ง,,,ก่อนนอน
1000,100700,ยาคุมกำเนิด,วันละ 1 ครั้ง ช่วงเวลาเดียวกัน,รับประทานครั้งละ 1 เม็ด,,,
1000,100701,ยาคุมกำเนิด,วันละ 1 ครั้ง ช่วงเวลาเดียวกัน,รับประทานครั้งละ 1 เม็ด,,,
1000,100702,ยาคุมกำเนิด,วันละ 1 ครั้ง ช่วงเวลาเดียวกัน,รับประทานครั้งละ 1 เม็ด,,,
1000,100703,ยาคุมกำเนิด,วันละ 1 ครั้ง ช่วงเวลาเดียวกัน,รับประทานครั้งละ 1 เม็ด,,,
1000,100704,ยาคุมกำเนิด,วันละ 1 ครั้ง ช่วงเวลาเดียวกัน,รับประทานครั้งละ 1 เม็ด,,,
1000,100705,ยาคุมกำเนิด,วันละ 1 ครั้ง ช่วงเวลาเดียวกัน,รับประทานครั้งละ 1 เม็ด,,,
1000,100706,ยาคุมกำเนิด,วันละ 1 ครั้ง ช่วงเวลาเดียวกัน,รับประทานครั้งละ 1 เม็ด,,,
1000,100707,ยาคุมกำเนิด,วันละ 1 ครั้ง ช่วงเวลาเดียวกัน,รับประทานครั้งละ 1 เม็ด,,,
1000,100708,ยาคุมกำเนิด,วันละ 1 ครั้ง ช่วงเวลาเดียวกัน,รับประทานครั้งละ 1 เม็ด,,,
1000,100709,ยาคุมกำเนิด,วันละ 1 ครั้ง ช่วงเวลาเดียวกัน,รับประทานครั้งละ 1 เม็ด,,,
1000,100710,ยาคุมกำเนิด,วันละ 1 ครั้ง ช่วงเวลาเดียวกัน,รับประทานครั้งละ 1 เม็ด,,,
1000,100711,ยาคุมกำเนิด,วันละ 1 ครั้ง ช่วงเวลาเดียวกัน,รับประทานครั้งละ 1 เม็ด,,,
1000,100712,ยาคุมกำเนิด,วันละ 1 ครั้ง ช่วงเวลาเดียวกัน,รับประทานครั้งละ 1 เม็ด,,,
1000,100713,ยาคุมกำเนิด,วันละ 1 ครั้ง ช่วงเวลาเดียวกัน,รับประทานครั้งละ 1 เม็ด,,,
1000,100714,ยาคุมกำเนิด,วันละ 1 ครั้ง ช่วงเวลาเดียวกัน,รับประทานครั้งละ 1 เม็ด,,,
1000,100715,ยาคุมกำเนิด,วันละ 1 ครั้ง ช่วงเวลาเดียวกัน,รับประทานครั้งละ 1 เม็ด,,,
1000,100716,ยาคุมกำเนิด,วันละ 1 ครั้ง ช่วงเวลาเดียวกัน,รับประทานครั้งละ 1 เม็ด,,,
1000,100717,ยาคุมกำเนิด,วันละ 1 ครั้ง ช่วงเวลาเดียวกัน,รับประทานครั้งละ 1 เม็ด,,,
1000,100718,ยาคุมกำเนิด,วันละ 1 ครั้ง ช่วงเวลาเดียวกัน,รับประทานครั้งละ 1 เม็ด,,,
1000,100719,ยาคุมกำเนิด,วันละ 1 ครั้ง ช่วงเวลาเดียวกัน,รับประทานครั้งละ 1 เม็ด,,,
1000,100720,ยาคุมกำเนิด,วันละ 1 ครั้ง ช่วงเวลาเดียวกัน,รับประทานครั้งละ 1 เม็ด,,,
1000,100721,ยาคุมกำเนิด,วันละ 1 ครั้ง ช่วงเวลาเดียวกัน,รับประทานครั้งละ 1 เม็ด,,,
1000,100722,ยาคุมกำเนิด,วันละ 1 ครั้ง ช่วงเวลาเดียวกัน,รับประทานครั้งละ 1 เม็ด,,,
1000,100723,ยาคุมกำเนิด,วันละ 1 ครั้ง ช่วงเวลาเดียวกัน,รับประทานครั้งละ 1 เม็ด,,,
1000,100724,ยาคุมกำเนิด,วันละ 1 ครั้ง ช่วงเวลาเดียวกัน,รับประทานครั้งละ 1 เม็ด,,,
1000,100725,ยาคุมฉุกเฉิน,,รับประทานครั้งละ 1 เม็ด,,,ครั้งเดียว หลังมีเพศสัมพันธ์ไม่เกิน 3 วัน
1000,100726,ยาคุมกำเนิด,วันละ 1 ครั้ง ช่วงเวลาเดียวกัน,รับประทานครั้งละ 1 เม็ด,,,
1000,100727,ยาคุมฉุกเฉิน,,รับประทานครั้งละ 1 เม็ด,,,ครั้งเดียว หลังมีเพศสัมพันธ์ไม่เกิน 3 วัน
1000,100728,ยาคุมกำเนิด,วันละ 1 ครั้ง ช่วงเวลาเดียวกัน,เหน็บครั้งละ 1 แท่ง,,,เหน็บเข้าช่องคลอด เช้า-ก่อนนอน
1000,100729,ยาคุมกำเนิด,วันละ 1 ครั้ง ช่วงเวลาเดียวกัน,รับประทานครั้งละ 1 เม็ด,,,
1000,100730,ยาคุมกำเนิด,วันละ 1 ครั้ง ช่วงเวลาเดียวกัน,รับประทานครั้งละ 1 เม็ด,,,
1000,100731,ยาคุมกำเนิด,วันละ 1 ครั้ง ช่วงเวลาเดียวกัน,รับประทานครั้งละ 1 เม็ด,,,
1000,100732,ยาคุมกำเนิด,วันละ 1 ครั้ง ช่วงเวลาเดียวกัน,รับประทานครั้งละ 1 เม็ด,,,
1000,100733,ยาคุมกำเนิด,วันละ 1 ครั้ง ช่วงเวลาเดียวกัน,รับประทานครั้งละ 1 เม็ด,,,
1000,100734,ยาคุมกำเนิด,วันละ 1 ครั้ง ช่วงเวลาเดียวกัน,รับประทานครั้งละ 1 เม็ด,,,
1000,100735,ยาคุมกำเนิด,วันละ 1 ครั้ง ช่วงเวลาเดียวกัน,รับประทานครั้งละ 1 เม็ด,,,
1000,100736,ยาคุมกำเนิด,วันละ 1 ครั้ง ช่วงเวลาเดียวกัน,รับประทานครั้งละ 1 เม็ด,,,
1000,100737,ยาคุมกำเนิด,วันละ 1 ครั้ง ช่วงเวลาเดียวกัน,รับประทานครั้งละ 1 เม็ด,,,
1000,100738,ยาคุมกำเนิด,วันละ 1 ครั้ง ช่วงเวลาเดียวกัน,รับประทานครั้งละ 1 เม็ด,,,
1000,100739,ยาคุมกำเนิด,วันละ 1 ครั้ง ช่วงเวลาเดียวกัน,รับประทานครั้งละ 1 เม็ด,,,
1000,100740,ยาคุมกำเนิด,วันละ 1 ครั้ง ช่วงเวลาเดียวกัน,รับประทานครั้งละ 1 เม็ด,,,
1000,100741,ยาคุมกำเนิด,วันละ 1 ครั้ง ช่วงเวลาเดียวกัน,รับประทานครั้งละ 1 เม็ด,,,
1000,100742,ยาคุมกำเนิด,วันละ 1 ครั้ง ช่วงเวลาเดียวกัน,รับประทานครั้งละ 1 เม็ด,,,
1000,100743,ยาคุมกำเนิด,วันละ 1 ครั้ง ช่วงเวลาเดียวกัน,รับประทานครั้งละ 1 เม็ด,,,
1000,100744,ยาคุมกำเนิด,วันละ 1 ครั้ง ช่วงเวลาเดียวกัน,รับประทานครั้งละ 1 เม็ด,,,
1000,100745,ยาคุมกำเนิด,วันละ 1 ครั้ง ช่วงเวลาเดียวกัน,รับประทานครั้งละ 1 เม็ด,,,
1000,100746,ยาคุมกำเนิด,วันละ 1 ครั้ง ช่วงเวลาเดียวกัน,รับประทานครั้งละ 1 เม็ด,,,
1000,100747,รักษาช่องคลอดติดเชื้อ,,เหน็บครั้งละ 1 แท่ง,,,ก่อนนอน
1000,100748,รักษาช่องคลอดติดเชื้อ,,เหน็บครั้งละ 1 แท่ง,,,ก่อนนอน
1000,100749,รักษาช่องคลอดติดเชื้อ,,เหน็บครั้งละ 1 แท่ง,,,ก่อนนอน
1000,100750,กำจัดเหา,เช้า-เย็น,ทาวันละ 2 ครั้ง,,,ขยี้ลงศีรษะ ทิ้ง 5 นาที ใช้ติดต่อกัน 10 วัน
1000,100751,บำรุงสายตา,,รับประทานครั้งละ 1 เม็ด,พร้อมอาหาร,,ตอนเช้า
1000,100752,ลดคลอเรสเตอรอล,,รับประทานครั้งละ 1 เม็ด,พร้อมอาหาร,,ตอนเช้า
1000,100753,รักษาสิว,,รับประทานครั้งละ 1 เม็ด,พร้อมอาหาร,,ตอนเช้า
1000,100754,ช่วยเสริมการทำงานของสมอง,,รับประทานครั้งละ 1 เม็ด,พร้อมอาหาร,,ตอนเช้า
1000,100755,รักษาผมร่วง,,รับประทานครั้งละ 1 เม็ด,พร้อมอาหาร,,ตอนเช้า
1000,100756,บำรุงผิวพรรณ,,รับประทานครั้งละ 1 เม็ด,พร้อมอาหาร,,วันละ1ครั้ง
1000,100757,เสริมสมรรถภาพทางเพศ ,,รับประทานครั้งละ 1 เม็ด,พร้อมอาหาร,เก็บในอุณหภูมิห้อง,ตอนเช้า
1000,100758,บำรุงผม ผิว เล็บ ชะลอริ้วรอย ลดคลอเรสเตอรอล,,รับประทานครั้งละ 1 เม็ด,พร้อมอาหาร,เก็บในอุณหภูมิห้อง,ตอนเช้า
1000,100759,ช่วยการเผาผลาญพลังงานให้ดียิ่งขึ้น,,รับประทานครั้งละ 1 เม็ด,พร้อมอาหาร,เก็บในอุณหภูมิห้อง,ตอนเช้า
1000,100760,ช่วยบำรุงสมอง และความจำ,,รับประทานครั้งละ 1 เม็ด,พร้อมอาหาร,,ตอนเช้า
1000,100761,ลดคลอเรสเตอรอล ลดไขมันอุดตัน บำรุงตับ,,รับประทานครั้งละ 1 เม็ด,พร้อมอาหาร,,ตอนเช้า
1000,100762,ลดอาการก่อนมีประจำเดือน ช่วยปัญหาวัยทอง,,รับประทานครั้งละ 1 เม็ด,พร้อมอาหาร,,ตอนเช้า
1000,100763,ช่วยดูแลสุขภาพ ช่องคลอด,,รับประทานครั้งละ 1 เม็ด,พร้อมอาหาร,,ตอนเช้า
1000,100764,ช่วยควบคุมระดับ คลอเรสเตอรอล,,รับประทานครั้งละ 1 เม็ด,พร้อมอาหาร,,ตอนเช้า
1000,100765,บำรุงร่างกาย ,เช้า-กลางวัน-เย็น,รับประทานครั้งละ 2 เม็ด,หลังอาหาร,,
1000,100766,ช่วยให้นอนหลับ,,รับประทานครั้งละ 1-2 เม็ด,,,ก่อนนอน
1000,100767,เพิ่มกากใย ช่วยให้ระบาย,,รับประทานครั้งละ 1 ซอง,,,ละลายน้ำธรรมดา
1000,100768,ลดคลอเรสเตอรอล,,รับประทานครั้งละ 1 เม็ด,พร้อมอาหาร,,ตอนเช้า
1000,100769,ช่วยให้นอนหลับ,เช้า-กลางวัน-เย็น,รับประทานครั้งละ 1 เม็ด,หลังอาหาร,,
1000,100770,บำรุงร่างกาย ,เช้า-เย็น,รับประทานครั้งละ 1 เม็ด,หลังอาหาร,,
1000,100771,ช่วยบำรุงสมอง และความจำ,,รับประทานครั้งละ 1 เม็ด,พร้อมอาหาร,,ตอนเช้า
1000,100772,บำรุงผม เล็บ ช่วยผลิตสเปริ์มให้แข็งแรง,,รับประทานครั้งละ 1 เม็ด,พร้อมอาหาร,,ตอนเช้า
1000,100773,บรรเทาอาการ เหน็บชา,,รับประทานครั้งละ 1 เม็ด,พร้อมอาหาร,,ตอนเช้า
1000,100774,บำรุงผิวพรรณ,,รับประทานครั้งละ 1 เม็ด,พร้อมอาหาร,,ตอนเช้า
1000,100775,ป้องกันหวัด บำรุงผิวใส,,รับประทานครั้งละ 1 เม็ด,พร้อมอาหาร,,ตอนเช้า
1000,100776,ชะลอ และป้องกันการเกิดริ้วรอยแห่งวัย,,รับประทานครั้งละ 1 เม็ด,พร้อมอาหาร,,ตอนเช้า
1000,100777,เสริมภูมิคุ้มกัน บำรุงผิวพรรณ,,รับประทานครั้งละ 1 เม็ด,พร้อมอาหาร,,ตอนเช้า
1000,100778,ชะลอ และป้องกันการเกิดริ้วรอยแห่งวัย,,รับประทานครั้งละ 1 เม็ด,พร้อมอาหาร,,ตอนเช้า
1000,100779,ชะลอ และป้องกันการเกิดริ้วรอยแห่งวัย,,รับประทานครั้งละ 1 เม็ด,พร้อมอาหาร,,ตอนเช้า
1000,100780,แก้ปวดไมเกรน,,รับประทานครั้งละ 1 เม็ด,พร้อมอาหาร,,ตอนเช้า
1000,100781,บำรุงผิวพรรณ,,รับประทานครั้งละ 1 เม็ด,พร้อมอาหาร,,ตอนเช้า
1000,100782,บำรุงผิวพรรณ,,รับประทานครั้งละ 1 เม็ด,พร้อมอาหาร,,ตอนเช้า
1000,100783,ช่วยบำรุงสมอง และความจำ,เช้า-กลางวัน-เย็น,รับประทานครั้งละ 1 เม็ด,พร้อมอาหาร,,
1000,100784,ช่วยบำรุงสมอง และความจำ,,รับประทานครั้งละ 1 เม็ด,พร้อมอาหาร,,ตอนเช้า
1000,100785,บำรุงสตรีมีครรภ์ ก่อนและหลังคลอด,,รับประทานครั้งละ 1 เม็ด,หลังอาหาร,,ตอนเช้า
1000,100786,ช่วยบำรุงสมอง และความจำ,,รับประทานครั้งละ 1 เม็ด,พร้อมอาหาร,,ตอนเช้า
1000,100787,ทาผิว และ บำรุงผม ,เช้า-เย็น,รับประทานครั้งละ 1-2 ช้อนโต๊ะ,ก่อนอาหาร,,สามารถ รับประทานได้
1000,100788,ทาผิว และ บำรุงผม ,เช้า-เย็น,รับประทานครั้งละ 1-2 ช้อนโต๊ะ,ก่อนอาหาร,,สามารถ รับประทานได้
1000,100789,โปรตีนจากไข่ขาว,เช้า-กลางวัน-เย็น,รับประทานครั้งละ 1-2 เม็ด,หลังอาหาร,,
1000,100790,โปรตีนจากถั่วเหลือง,เช้า-เย็น,รับประทานครั้งละ 2 เม็ด,หลังอาหาร,,
1000,100791,โปรตีนจากไข่ขาว,,รับประทานครั้งละ 2 เม็ด,หลังอาหาร,,ตอนเช้า
1000,100792,โปรตีนจากไข่ขาว,,รับประทานครั้งละ 2 เม็ด,หลังอาหาร,,ตอนเช้า
1000,100793,บำรุงร่างกาย ,เช้า-เย็น,รับประทานครั้งละ 1 เม็ด,หลังอาหาร,,
1000,100794,เสริมภูมิคุ้มกัน บำรุงผิวพรรณ,,รับประทานครั้งละ 1 เม็ด,หลังอาหาร,,ตอนเช้า
1000,100795,เสริมภูมิคุ้มกัน บำรุงผิวพรรณ,,รับประทานครั้งละ 1 เม็ด,หลังอาหาร,,ตอนเช้า
1000,100796,เสริมภูมิคุ้มกัน บำรุงผิวพรรณ,,รับประทานครั้งละ 1 เม็ด,หลังอาหาร,,ตอนเช้า
1000,100797,เสริมภูมิคุ้มกัน บำรุงผิวพรรณ,เช้า-เย็น,รับประทานครั้งละ 1 เม็ด,หลังอาหาร,,
1000,100798,เสริมภูมิคุ้มกัน บำรุงผิวพรรณ,,รับประทานครั้งละ 1 เม็ด,หลังอาหาร,,ตอนเช้า
1000,100799,เสริมภูมิคุ้มกัน บำรุงผิวพรรณ,,รับประทานครั้งละ 1 เม็ด,หลังอาหาร,,ตอนเช้า
1000,100800,บรรเทาอาการ เหน็บชา,,รับประทานครั้งละ 1 เม็ด,หลังอาหาร,,ตอนเช้า
1000,100801,บำรุงประสาท และ สมอง,,รับประทานครั้งละ 1 เม็ด,หลังอาหาร,,ตอนเช้า
1000,100802,บำรุงสตรีมีครรภ์ ก่อนและหลังคลอด,,รับประทานครั้งละ 1 เม็ด,พร้อมอาหาร,,ตอนเช้า
1000,100803,เสริมภูมิคุ้มกัน บำรุงผิวพรรณ,,รับประทานครั้งละ 1 เม็ด,พร้อมอาหาร,,ตอนเช้า
1000,100804,เสริมภูมิคุ้มกัน บำรุงผิวพรรณ,เช้า-เย็น,รับประทานครั้งละ 1 เม็ด,พร้อมอาหาร,,ตอนเช้า
1000,100805,ลดคลอเรสเตอรอล ลดไขมันอุดตัน บำรุงตับ,,รับประทานครั้งละ 1 เม็ด,พร้อมอาหาร,,
1000,100806,บำรุงฮอร์โมนเพศหญิง ลดอาการปวดประจำเดือน,,รับประทานครั้งละ 1 เม็ด,พร้อมอาหาร,,ตอนเช้า
1000,100807,แก้ปวดไมเกรน,,รับประทานครั้งละ 1 เม็ด,หลังอาหาร,,ตอนเช้า
1000,100808,บรรเทาอาการ เหน็บชา,,รับประทานครั้งละ 1 เม็ด,พร้อมอาหาร,,ตอนเช้า
1000,100809,บรรเทาอาการ เหน็บชา,,รับประทานครั้งละ 1 เม็ด,พร้อมอาหาร,,ตอนเช้า
1000,100810,รักษาผมร่วง,,รับประทานครั้งละ 1 เม็ด,หลังอาหาร,,ตอนเช้า
1000,100811,เสริมภูมิคุ้มกัน บำรุงผิวพรรณ,,รับประทานครั้งละ 1 เม็ด,หลังอาหาร,,ตอนเช้า
1000,100812,ลดไขมันในเลือดสูง,,รับประทานครั้งละ 1-2 เม็ด,หลังอาหาร,,ตอนเช้า
1000,100813,เสริมภูมิคุ้มกัน บำรุงผิวพรรณ,,รับประทานครั้งละ 1 เม็ด,พร้อมอาหาร,,ตอนเช้า
1000,100814,เสริมสร้างกล้ามเนื้อในร่างกาย,,รับประทานครั้งละ 1 ซอง,,,น้ำปริมาณ 150 มล.
1000,100815,โรคข้อเข่าเสื่อม อาการปวดเข่า,,รับประทานครั้งละ 1 ซอง,,,น้ำปริมาณ 180 มล. /วันละ1ครั้ง
1000,100816,ชะลอ และป้องกันการเกิดริ้วรอยแห่งวัย,,รับประทานครั้งละ 1 ซอง,,,น้ำปริมาณ 180 มล. /วันละ1ครั้ง
1000,100817,ชะลอ และป้องกันการเกิดริ้วรอยแห่งวัย,,รับประทานครั้งละ 1 ซอง,,,น้ำปริมาณ 180 มล. /วันละ1ครั้ง
1000,100818,รักษาตาติดเชื้อ,เช้า-กลางวัน-เย็น-ก่อนนอน,หยอดครั้งละ 1-2 หยด,,,เปิดใช้แล้วมีอายุ 1 เดือน
1000,100819,รักษาตาติดเชื้อ,เช้า-กลางวัน-เย็น-ก่อนนอน,ทาวันละ 4 ครั้ง,,,เปิดใช้แล้วมีอายุ 1 เดือน
1000,100820,รักษาตาติดเชื้อ,เช้า-กลางวัน-เย็น-ก่อนนอน,หยอดครั้งละ 1-2 หยด,,,เปิดใช้แล้วมีอายุ 1 เดือน
1000,100827,ลดกรด ลดอาการจุกเสียด แน่นท้อง ปวดท้อง,เช้า-กลางวัน-เย็น-ก่อนนอน,รับประทานครั้งละ 1 เม็ด,ก่อนอาหาร,,เคียวก่อนกลืน
1000,100878,ลดกรด ขับลม ,เช้า-กลางวัน-เย็น-ก่อนนอน,รับประทานครั้งละ 1-2 ช้อนโต๊ะ,หลังอาหาร,เก็บในอุณหภูมิห้อง,เขย่าขวดก่อนรับประทาน
1000,101097,ลดบวม ฟกช้ำ,เช้า-กลางวัน-เย็น,ทาวันละ 3 ครั้ง,,เก็บในอุณหภูมิห้อง,
1000,101098,ลดบวม ฟกช้ำ,เช้า-กลางวัน-เย็น,ทาวันละ 3 ครั้ง,,เก็บในอุณหภูมิห้อง,
1000,101129,แก้แพ้ผื่นคัน,เช้า-กลางวัน-เย็น,ทาวันละ 3 ครั้ง,,เก็บในอุณหภูมิห้อง,
1000,101275,วิตามิน อาหารเสริม,เช้า-เย็น,รับประทานครั้งละ ............. เม็ด,,,"อายุ 1-3 ปี ทานได้ไม่เกิน 400 mg.ต่อวัน
อายุ 4-8 ปี ทานได้ไม่เกิน 650 mg. ต่อวัน
อายุ 9-13 ปี ทานได้ไม่เกิน 1,200 mg.ต่อวัน
อายุ 14-18 ปี ทานได้ไม่เกิน 1,800 mg.ต่อวัน

ผู้ใหญ่อายุมากกว่า 18 ขึ้นไป ทานได้ไม่เกิน 2,000 มิลลิกรัม ต่อวัน"
1000,101277,วิตามิน อาหารเสริม,เช้า-เย็น,รับประทานครั้งละ ............. เม็ด,,,"อายุ 1-3 ปี ทานได้ไม่เกิน 400 mg.ต่อวัน
อายุ 4-8 ปี ทานได้ไม่เกิน 650 mg. ต่อวัน
อายุ 9-13 ปี ทานได้ไม่เกิน 1,200 mg.ต่อวัน
อายุ 14-18 ปี ทานได้ไม่เกิน 1,800 mg.ต่อวัน

ผู้ใหญ่อายุมากกว่า 18 ขึ้นไป ทานได้ไม่เกิน 2,000 มิลลิกรัม ต่อวัน"
1000,101278,วิตามิน อาหารเสริม,เช้า-เย็น,รับประทานครั้งละ ............. เม็ด,,,"อายุ 1-3 ปี ทานได้ไม่เกิน 400 mg.ต่อวัน
อายุ 4-8 ปี ทานได้ไม่เกิน 650 mg. ต่อวัน
อายุ 9-13 ปี ทานได้ไม่เกิน 1,200 mg.ต่อวัน
อายุ 14-18 ปี ทานได้ไม่เกิน 1,800 mg.ต่อวัน

ผู้ใหญ่อายุมากกว่า 18 ขึ้นไป ทานได้ไม่เกิน 2,000 มิลลิกรัม ต่อวัน"
1000,101279,วิตามิน อาหารเสริม,เช้า-เย็น,รับประทานครั้งละ ............. เม็ด,,,"อายุ 1-3 ปี ทานได้ไม่เกิน 400 mg.ต่อวัน
อายุ 4-8 ปี ทานได้ไม่เกิน 650 mg. ต่อวัน
อายุ 9-13 ปี ทานได้ไม่เกิน 1,200 mg.ต่อวัน
อายุ 14-18 ปี ทานได้ไม่เกิน 1,800 mg.ต่อวัน

ผู้ใหญ่อายุมากกว่า 18 ขึ้นไป ทานได้ไม่เกิน 2,000 มิลลิกรัม ต่อวัน"
1000,101681,ลดไข้ บรรเทาอาการปวด,เช้า-เย็น,รับประทานครั้งละ 3 เม็ด,,,
1000,101745,ลดไข้ บรรเทาอาการปวด,ทุก 4 ชั่วโมง,รับประทานครั้งละ ......... ช้อนชา,,เก็บในอุณหภูมิห้อง,
1000,101746,ลดไข้ บรรเทาอาการปวด,เช้า-กลางวัน-เย็น,รับประทานครั้งละ ......... ช้อนชา,หลังอาหาร,เก็บในอุณหภูมิห้อง,
1000,101747,แก้ไอ ละลายเสมหะ,เช้า-กลางวัน-เย็น,รับประทานครั้งละ ......... ช้อนชา,หลังอาหาร,เก็บในอุณหภูมิห้อง,
1000,101748,แก้ไอ ละลายเสมหะ,เช้า-กลางวัน-เย็น,รับประทานครั้งละ ......... ช้อนชา,หลังอาหาร,เก็บในอุณหภูมิห้อง,
1000,101749,แก้ไอ ละลายเสมหะ,เช้า-กลางวัน-เย็น,รับประทานครั้งละ ......... ช้อนชา,หลังอาหาร,เก็บในอุณหภูมิห้อง,
1000,101750,แก้ไอ ละลายเสมหะ,เช้า-กลางวัน-เย็น,รับประทานครั้งละ ......... ช้อนชา,หลังอาหาร,เก็บในอุณหภูมิห้อง,
1000,101751,แก้ไอ ขับเสมหะ,เช้า-กลางวัน-เย็น,รับประทานครั้งละ ......... ช้อนชา,หลังอาหาร,เก็บในอุณหภูมิห้อง,
1000,101752,ลดน้ำมูก แพ้อากาศ,,รับประทานครั้งละ ......... ช้อนชา,,,วันละ 1 ครั้ง
1000,101753,บรรเทาอาการหวัด คัดจมูก,เช้า-กลางวัน-เย็น-ก่อนนอน,รับประทานครั้งละ ......... ช้อนชา,หลังอาหาร,,ยานี้ทำให้ง่วงนอน
1000,101754,บำรุงสายตา,,รับประทานครั้งละ 1 เม็ด,หลังอาหาร,,วันละ 1 ครั้ง หลังอาหารเช้า
1000,101755,บรรเทาอาการ เหน็บชา,เช้า-กลางวัน-เย็น,รับประทานครั้งละ 1 เม็ด,หลังอาหาร,,
1000,101756,เจริญอาหาร,เช้า-กลางวัน-เย็น-ก่อนนอน,รับประทานครั้งละ 1 เม็ด,ก่อนอาหาร,,
1000,101757,บรรเทาอาการระคายเคืองตา,เช้า-กลางวัน-เย็น-ก่อนนอน,หยอดครั้งละ 1-2 หยด,,,เปิดใช้แล้วมีอายุ 1 เดือน
1000,101758,บรรเทาอาการตาแห้ง,เช้า-กลางวัน-เย็น-ก่อนนอน,หยอดครั้งละ 1-2 หยด,,,เปิดใช้แล้วมีอายุ 1 เดือน
1000,101759,บรรเทาอาการตาแห้ง,เช้า-กลางวัน-เย็น-ก่อนนอน,หยอดครั้งละ 1-2 หยด,,,เปิดใช้แล้วมีอายุ 1 เดือน
1000,101760,บรรเทาอาการตาแห้ง,เช้า-กลางวัน-เย็น-ก่อนนอน,หยอดครั้งละ 1-2 หยด,,,เปิดใช้แล้วมีอายุ 1 เดือน
1000,101761,บรรเทาอาการตาแห้ง,เช้า-กลางวัน-เย็น-ก่อนนอน,หยอดครั้งละ 1-2 หยด,,,เปิดใช้แล้วมีอายุ 1 เดือน
1000,101762,รักษาผิวหนังอักเสบ นูนแข็ง,เช้า-เย็น,ทาวันละ 2 ครั้ง,,,
1000,101763,รักษาอาการคันจากเชื้อรา,เช้า-กลางวัน-เย็น,ทาวันละ 3 ครั้ง,,,
1000,101764,รักษาผิวหนังอักเสบและเชื้อแบคทีเรีย,เช้า-กลางวัน-เย็น,ทาวันละ 2-3 ครั้ง,,,
1000,101765,รักษาอาการคันจากเชื้อราและแบคทีเรีย,เช้า-เย็น,ทาวันละ 2 ครั้ง,,,
1000,101766,รักษาตาปลา / หูด,เช้า-เย็น,ทาวันละ 2 ครั้ง,,,
1000,101767,รักษาอาการคันจากเชื้อราและผิวหนังแข็ง,เช้า-เย็น,ทาวันละ 2 ครั้ง,,,
1000,101768,รักษาข้อกระดูกเสื่อม,,รับประทานครั้งละ 1 ซอง,,,ละลายน้ำ 1 แก้ว
1000,101769,เสริมแคลเซียม,,รับประทานครั้งละ 1-2 เม็ด,หลังอาหาร,,
1000,101770,แก้ปวดประจำเดือน,เช้า-กลางวัน-เย็น,รับประทานครั้งละ 1 เม็ด,หลังอาหาร,,ยามีฤทธิ์ระคายเคืองกระเพาะอาหาร
1000,101771,คลายกล้ามเนื้อ,เช้า-กลางวัน-เย็น,รับประทานครั้งละ 1 เม็ด,หลังอาหาร,,
1000,101772,บรรเทาอาการคัดจมูก,เช้า-กลางวัน-เย็น,พ่นเข้าจมูกข้างละ 1-2 ครั้ง,,,
1000,101773,ลดอาการอักเสบในโพรงจมูก,วันละ 1 ครั้ง ช่วงเวลาเดียวกัน,พ่นเข้าจมูกข้างละ 1 ครั้ง,,เก็บในอุณหภูมิห้อง,
1000,101774,ยั้บยั้งแบคทีเรีย ลดกลิ่นปากและไอจากการคันคอ,ทุกครั้งที่มีอาการ,พ่นช่องปากครั้งละ 2 ครั้ง,,,
1000,101775,แก้ปวดไมเกรน,,รับประทานครั้งละ 1 เม็ด,,,"เมื่อมีอาการ 30 นาที ไม่ดีขึ้นซ้ำได้อีก 1 เม็ด 
ไม่เกิน 6 เม็ดต่อวัน 10 เม็ดต่อสัปดาห์"
1000,101776,แก้วิงเวียนศรีษะ,เช้า-กลางวัน-เย็น,รับประทานครั้งละ 1 เม็ด,หลังอาหาร,,
1000,101777,ลดความดันโลหิตสูง,,รับประทานตามแพทย์สั่ง  ,,,ห้ามปรับขนาดยาเอง โดยไม่มีคำสั่งแพทย์
1000,101778,รักษาแผลในปาก,เช้า-กลางวัน-เย็น,ทาวันละ 3 ครั้ง,หลังอาหาร,,
1000,101779,ฆ่าเชื้อแบคทีเรีย,เช้า-เย็น,ทาวันละ 2 ครั้ง,,,
1000,101780,ยาคุมกำเนิด,วันละ 1 ครั้ง ช่วงเวลาเดียวกัน,รับประทานครั้งละ 1 เม็ด,,,
1000,101781,รักษาช่องคลอดติดเชื้อ,,เหน็บครั้งละ 1 แท่ง,,,ก่อนนอน
1000,101783,ลดอักเสบ,,รับประทานครั้งละ 1 เม็ด,หลังอาหาร,เก็บในตู้เย็น,
1000,101784,บำรุงผม เล็บ ช่วยผลิตสเปริ์มให้แข็งแรง,,รับประทานครั้งละ 1 เม็ด,หลังอาหาร,,
1000,101785,บำรุงผม ผิว เล็บ ชะลอริ้วรอย ลดคลอเรสเตอรอล,,รับประทานครั้งละ 1 เม็ด,หลังอาหาร,,
1000,101786,บำรุงผม ผิว เล็บ ชะลอริ้วรอย ลดคลอเรสเตอรอล,,รับประทานครั้งละ 1 เม็ด,หลังอาหาร,,
1000,101787,บำรุงผม ผิว เล็บ ชะลอริ้วรอย ลดคลอเรสเตอรอล,,รับประทานครั้งละ 1 เม็ด,หลังอาหาร,,
1000,101788,บำรุงผม เล็บ ช่วยผลิตสเปริ์มให้แข็งแรง,,รับประทานครั้งละ 1 เม็ด,หลังอาหาร,,
1000,101791,บำรุงร่างกาย ,,รับประทานครั้งละ 1 เม็ด,หลังอาหาร,,
1000,101792,บำรุงร่างกาย ,,รับประทานครั้งละ 1 เม็ด,หลังอาหาร,,
1000,101793,ช่วยบำรุงสมอง และความจำ,,รับประทานครั้งละ 1 เม็ด,หลังอาหาร,,
1000,101794,บำรุงผม ผิว เล็บ ชะลอริ้วรอย ลดคลอเรสเตอรอล,,รับประทานครั้งละ 1 เม็ด,หลังอาหาร,,
1000,101795,ช่วยบำรุงสมอง และความจำ,,รับประทานครั้งละ 1-2 เม็ด,หลังอาหาร,,
1000,101796,ลดอักเสบ,,รับประทานครั้งละ 1 เม็ด,หลังอาหาร,,ตอนเช้า
1000,101797,,,รับประทานครั้งละ 1 เม็ด,พร้อมอาหาร,,
1000,101799,เสริมแคลเซียม,,รับประทานครั้งละ 1 เม็ด,,,ผสมน้ำ 1 แก้ว ดื่มหลังอาหารเช้า
1000,101800,เสริมวิตามินบี,,รับประทานครั้งละ 1 เม็ด,,,ผสมน้ำ 1 แก้ว ดื่มหลังอาหารเช้า
1000,101801,บำรุงร่างกาย ,,รับประทานครั้งละ 1 เม็ด,,,ผสมน้ำ 1 แก้ว ดื่มหลังอาหารเช้า
1000,101803,รักษาอาการคันจากเชื้อราและแบคทีเรีย,เช้า-เย็น,ทาวันละ 2 ครั้ง,,,ไม่ควรใช้ติดต่อกันเกิน…5….วัน
1000,101807,รักษาผิวหนังอักเสบ นูนแข็ง,เช้า-เย็น,ทาวันละ 2 ครั้ง,,,ไม่ควรใช้ติดต่อกันเกิน…5….วัน
1000,101808,รักษาเริม,เช้า-กลางวัน-เย็น,รับประทานครั้งละ 1 เม็ด,หลังอาหาร,,รับประทานยาติดต่อกันจนยาหมด เพื่อป้องกันการดื้อยา
1000,101810,รักษาริดสีดวงทวาร,เช้า-เย็น,ทาวันละ 2 ครั้ง,,,
1000,101818,รักษาอาการคันจากเชื้อรา,เช้า-เย็น,ทาวันละ 2 ครั้ง,,,
1000,101819,รักษาสิว,เช้า-เย็น,ทาวันละ 2 ครั้ง,,,ใช้ร่วมกับครีมกันแดด
1000,101820,ช่วยให้นอนหลับ,,รับประทานครั้งละ 1 เม็ด,,,ก่อนนอน 1ชั่วโมง
1000,101827,แก้ไอ ขับเสมหะ,เช้า-กลางวัน-เย็น,รับประทานครั้งละ 1 เม็ด,หลังอาหาร,เก็บในอุณหภูมิห้อง,
1000,101828,บรรเทาอาการตาแห้ง,เช้า-เย็น,ทาวันละ 2 ครั้ง,,เก็บในอุณหภูมิห้อง,
1000,101831,รักษาแผลในปาก,เช้า-กลางวัน-เย็น,ทาวันละ 3 ครั้ง,หลังอาหาร,,
1000,101832,รักษาแผลในปาก,เช้า-กลางวัน-เย็น,ทาวันละ 3 ครั้ง,หลังอาหาร,,
1000,101837,แก้ไอ ละลายเสมหะ,เช้า-กลางวัน-เย็น,รับประทานครั้งละ ......... ช้อนชา,หลังอาหาร,,
1000,101838,ยาต้านเกล็ดเลือด,,รับประทานตามแพทย์สั่ง  ,,,
1000,101840,ลดความดันโลหิตสูง,,รับประทานตามแพทย์สั่ง  ,,,
1000,102231,แก้ปวด ลดอักเสบ,เช้า-กลางวัน-เย็น,รับประทานครั้งละ 1-2 เม็ด,หลังอาหาร,,ยามีฤทธิ์ระคายเคืองกระเพาะอาหาร
1000,102232,บรรเทาอาการตาแดง,เช้า-กลางวัน-เย็น-ก่อนนอน,หยอดครั้งละ 1-2 หยด,,เก็บในอุณหภูมิห้อง,เปิดใช้แล้วมีอายุ 1 เดือน
1000,102233,ลดอาการคันที่ผิวหนัง,เช้า-กลางวัน-เย็น,ทาวันละ 3 ครั้ง,,,
1000,102239,รักษาผิวหนังอักเสบและเชื้อรา,เช้า-เย็น,ทาวันละ 2 ครั้ง,,,
1000,102243,รักษาผิวหนังอักเสบและเชื้อรา,เช้า-เย็น,ทาวันละ 2 ครั้ง,,,
1000,102245,รักษาผิวหนังอักเสบและเชื้อรา,เช้า-เย็น,ทาวันละ 2 ครั้ง,,,
1000,102252,วิตามิน อาหารเสริม,เช้า-เย็น,รับประทานครั้งละ ............. เม็ด,,,"อายุ 1-3 ปี ทานได้ไม่เกิน 400 mg.ต่อวัน
อายุ 4-8 ปี ทานได้ไม่เกิน 650 mg. ต่อวัน
อายุ 9-13 ปี ทานได้ไม่เกิน 1,200 mg.ต่อวัน
อายุ 14-18 ปี ทานได้ไม่เกิน 1,800 mg.ต่อวัน

ผู้ใหญ่อายุมากกว่า 18 ขึ้นไป ทานได้ไม่เกิน 2,000 มิลลิกรัม ต่อวัน"
1000,102259,แก้ท้องผูก,,รับประทานครั้งละ 2 เม็ด,,,ก่อนนอน
1000,102262,เพิ่มความชุ่มชื้นในโพรงจมูก ,เช้า-เย็น,พ่นเข้าจมูกข้างละ 1-2 ครั้ง,,เก็บในอุณหภูมิห้อง,
1000,102264,แก้ท้องผูก,ก่อนนอน,รับประทานครั้งละ 2 เม็ด,,เก็บในอุณหภูมิห้อง,ดื่มน้ำตามมากๆ
1000,102267,แก้ปวด ลดอักเสบ,เช้า-กลางวัน-เย็น,รับประทานครั้งละ 1 เม็ด,หลังอาหาร,,ยามีฤทธิ์ระคายเคืองกระเพาะอาหาร
1000,102277,แก้ปวด ลดอักเสบ,เช้า-กลางวัน-เย็น,รับประทานครั้งละ 1 เม็ด,หลังอาหาร,,
1000,102279,รักษาอาการคันจากเชื้อราและแบคทีเรีย,เช้า-เย็น,ทาวันละ 2 ครั้ง,,,
1000,102281,ฆ่าเชื้อที่ผิวหนัง,เช้า-เย็น,ทาวันละ 2 ครั้ง,,,
1000,102288,บรรเทาอาการคัดจมูก,เช้า-กลางวัน-เย็น,หยอดครั้งละ 1-2 หยด,,เก็บในอุณหภูมิห้อง,ไม่ควรใช้ติดต่อกันเกิน5วัน
1000,102291,แก้ไอแห้ง,เช้า-กลางวัน-เย็น,รับประทานครั้งละ ..... ml,หลังอาหาร,,
1000,102293,บำรุงสตรีมีครรภ์ ก่อนและหลังคลอด,เช้า-เย็น,รับประทานครั้งละ 1 ช้อนโต๊ะ,ก่อนอาหาร,เก็บในอุณหภูมิห้อง,
1000,102323,ลดอาการคันที่ผิวหนัง,เช้า-เย็น,ทาวันละ 2 ครั้ง,,,
1000,102329,ลดน้ำมูก แพ้อากาศ,วันละ 1 ครั้ง ช่วงเวลาเดียวกัน,รับประทานครั้งละ ..... ml,หลังอาหาร,,
1000,102331,แก้ไอแห้ง,เช้า-กลางวัน-เย็น,รับประทานครั้งละ 1 เม็ด,หลังอาหาร,,
1000,102336,รักษาโรคกระเพาะ ปรับลำไส้,เช้า-กลางวัน-เย็น,รับประทานครั้งละ 1 เม็ด,ก่อนอาหาร,เก็บในอุณหภูมิห้อง,
1000,102345,ลดปวด ลดอักเสบ,,รับประทานครั้งละ 1 เม็ด,หลังอาหาร,,วันละ 1 ครั้ง
1000,102346,ลดน้ำมูก แพ้อากาศ,,รับประทานครั้งละ ..... ml,หลังอาหาร,,วันละ 1 ครั้ง
1000,102347,ลดน้ำมูก แพ้อากาศ,วันละ 1 ครั้ง ช่วงเวลาเดียวกัน,รับประทานครั้งละ ..... ml,หลังอาหาร,เก็บในอุณหภูมิห้อง,
1000,102348,ลดปวด ลดอักเสบ,เช้า-กลางวัน-เย็น,รับประทานครั้งละ ......... ช้อนชา,หลังอาหาร,เก็บในอุณหภูมิห้อง,ยามีฤทธิ์ระคายเคืองกระเพาะอาหาร
1000,102349,แก้ไอ ขับเสมหะ,เช้า-กลางวัน-เย็น,รับประทานครั้งละ 1 เม็ด,,,ห้ามรับประทานยาร่วมกับแอลกอฮอล์
1000,102359,รักษาผิวหนังอักเสบและเชื้อแบคทีเรีย,เช้า-เย็น,ทาวันละ 2 ครั้ง,,,
1000,102360,บรรเทาอาการไอ ระคายเคืองคอ,เช้า-กลางวัน-เย็น,รับประทานครั้งละ ...... ช้อนชา,หลังอาหาร,เก็บในอุณหภูมิห้อง,
1000,102380,รักษาตาติดเชื้อ,เช้า-กลางวัน-เย็น-ก่อนนอน,หยอดครั้งละ 1-2 หยด,,,
1000,102381,ลดน้ำมูก แพ้อากาศ,วันละ 1 ครั้ง ช่วงเวลาเดียวกัน,รับประทานครั้งละ ......... ช้อนชา,,เก็บในอุณหภูมิห้อง,
1000,102383,บำรุงเลือด,วันละ 1 ครั้ง ช่วงเวลาเดียวกัน,รับประทานครั้งละ ......... ช้อนชา,หลังอาหาร,,
1000,102384,แก้ไอ ละลายเสมหะ,เช้า-กลางวัน-เย็น,รับประทานครั้งละ ......... ช้อนชา,หลังอาหาร,,
1000,102385,แก้ไอ ละลายเสมหะ,เช้า-กลางวัน-เย็น,รับประทานครั้งละ ......... ช้อนชา,หลังอาหาร,,
1000,102386,แก้ไอ ละลายเสมหะ,เช้า-กลางวัน-เย็น,รับประทานครั้งละ ......... ช้อนชา,หลังอาหาร,,
1000,102387,แก้ปวด ลดอักเสบ,เช้า-กลางวัน-เย็น,รับประทานครั้งละ 1 เม็ด,หลังอาหาร,เก็บในอุณหภูมิห้อง,
1000,102393,รักษาผิวหนังอักเสบ นูนแข็ง,เช้า-เย็น,ทาวันละ 2 ครั้ง,,,
1000,102394,รักษาอาการคันจากเชื้อรา,เช้า-เย็น,ทาวันละ 2 ครั้ง,,,
1000,102400,บรรเทาอาการระคายเคืองตา,เช้า-กลางวัน-เย็น-ก่อนนอน,หยอดครั้งละ 1-2 หยด,,เก็บในอุณหภูมิห้อง,เปิดใช้แล้วมีอายุ 1 เดือน
1000,102402,แก้ท้องอืดท้องเฟ้อ,เช้า-กลางวัน-เย็น,รับประทานครั้งละ 1 เม็ด,หลังอาหาร,เก็บในอุณหภูมิห้อง,
1000,102406,แก้ท้องผูก,,รับประทานครั้งละ 2 เม็ด,,,ก่อนนอน
1000,102407,รักษาข้อกระดูกเสื่อม,วันละ 1 ครั้ง ช่วงเวลาเดียวกัน,รับประทานครั้งละ 1 ซอง,ก่อนอาหาร,,ละลายกับน้ำ1แก้วก่อนดื่ม
1000,102411,ลดอาการอักเสบที่ผิวหนัง,เช้า-เย็น,ทาวันละ 2 ครั้ง,,,
1000,102412,บรรเทาอาการตาแห้ง,ทุกครั้งที่มีอาการ,หยอดครั้งละ 1-2 หยด,,,เปิดใช้แล้วมีอายุ 1 เดือน
1000,102415,ฆ่าเชื้อในทางเดินหายใจ,เช้า-กลางวัน-เย็น,รับประทานครั้งละ ..... ml,หลังอาหาร,,รับประทานยาติดต่อกันจนยาหมด เพื่อป้องกันการดื้อยา
1000,102416,ฆ่าเชื้อในทางเดินหายใจ,เช้า-กลางวัน-เย็น,รับประทานครั้งละ ..... ml,หลังอาหาร,,รับประทานยาติดต่อกันจนยาหมด เพื่อป้องกันการดื้อยา
1000,102421,ลดน้ำมูก แพ้อากาศ,วันละ 1 ครั้ง ช่วงเวลาเดียวกัน,รับประทานครั้งละ 1 เม็ด,หลังอาหาร,,
1000,102424,แก้แพ้ ลดน้ำมูก ผื่นคัน,วันละ 1 ครั้ง ช่วงเวลาเดียวกัน,รับประทานครั้งละ 1 เม็ด,หลังอาหาร,,
1000,102425,แก้ไอ ละลายเสมหะ,เช้า-กลางวัน-เย็น,รับประทานครั้งละ ......... ช้อนชา,หลังอาหาร,,
1000,102426,แก้ท้องผูก,,รับประทานครั้งละ ..... ml,,,ก่อนนอน
1000,102429,บรรเทาอาการตาแห้ง,ทุกครั้งที่มีอาการ,หยอดครั้งละ 1-2 หยด,,,สำหรับใช้รายวัน
1000,102430,บรรเทาอาการตาแห้ง,ทุกครั้งที่มีอาการ,หยอดครั้งละ 1-2 หยด,,,เปิดใช้แล้วมีอายุ 1 เดือน
1000,102431,บรรเทาอาการตาแห้ง,ทุกครั้งที่มีอาการ,หยอดครั้งละ 1-2 หยด,,,สำหรับใช้รายวัน
1000,102435,แก้ไอแห้ง,เช้า-กลางวัน-เย็น,รับประทานครั้งละ 1 เม็ด,หลังอาหาร,เก็บในอุณหภูมิห้อง,ยานี้ทำให้ง่วงนอน
1000,102436,รักษาอาการคันจากเชื้อรา,เช้า-เย็น,ทาวันละ 2 ครั้ง,,,
1000,102438,ลดปวด ลดอักเสบ,เช้า-กลางวัน-เย็น-ก่อนนอน,ทาวันละ 3-4 ครั้ง,,,
1000,102439,แก้แพ้ ลดน้ำมูก ผื่นคัน,วันละ 1 ครั้ง ช่วงเวลาเดียวกัน,รับประทานครั้งละ ..... ml,หลังอาหาร,,
1000,102447,รักษาเริม,ทุก 4 ชั่วโมง,ทาวันละ 5 ครั้ง,,,ควรทาติดต่อกันประมาณ 5 วัน
1000,102448,บรรเทาอาการตาแห้ง,ทุกครั้งที่มีอาการ,หยอดครั้งละ 1-2 หยด,,,เปิดใช้แล้วมีอายุ 1 เดือน
1000,102450,ฆ่าเชื้อแบคทีเรีย,เช้า-กลางวัน-เย็น,รับประทานครั้งละ ..... ml,หลังอาหาร,เก็บในตู้เย็น,รับประทานยาติดต่อกันจนยาหมด เพื่อป้องกันการดื้อยา
1000,102453,ฆ่าเชื้อแบคทีเรีย,เช้า-เย็น,รับประทานครั้งละ 1 เม็ด,ก่อนอาหาร,,รับประทานยาติดต่อกันจนยาหมด เพื่อป้องกันการดื้อยา
1000,102454,ฆ่าเชื้อแบคทีเรีย,เช้า-กลางวัน-เย็น,รับประทานครั้งละ ..... ml,หลังอาหาร,,
1000,102455,ฆ่าเชื้อแบคทีเรีย,เช้า-กลางวัน-เย็น,รับประทานครั้งละ ..... ml,หลังอาหาร,เก็บในตู้เย็น,รับประทานยาติดต่อกันจนยาหมด เพื่อป้องกันการดื้อยา
1000,102459,บรรเทาอาการไอ ละลายเสมหะ,เช้า-กลางวัน-เย็น,รับประทานครั้งละ ..... ml,หลังอาหาร,,
1000,102460,รักษาอาการคันจากเชื้อรา,เช้า-เย็น,ทาวันละ 2 ครั้ง,,,
1000,102461,รักษาอาการคันจากเชื้อรา,เช้า-เย็น,ทาวันละ 2 ครั้ง,,,
1000,102462,ฆ่าเชื้อรา,เช้า-เย็น,ทาวันละ 2 ครั้ง,,,
1000,102463,ฆ่าเชื้อรา,,ทาวันละ 2 ครั้ง,,,
1000,102464,ฆ่าเชื้อรา,เช้า-เย็น,ทาวันละ 2 ครั้ง,,เก็บในอุณหภูมิห้อง,
1000,102476,รักษาช่องคลอดติดเชื้อ,เช้า-กลางวัน-เย็น,รับประทานครั้งละ 1 เม็ด,หลังอาหาร,,รับประทานยาติดต่อกันจนยาหมด เพื่อป้องกันการดื้อยา
1000,102480,แก้แพ้ ลดน้ำมูก ผื่นคัน,วันละ 1 ครั้ง ช่วงเวลาเดียวกัน,รับประทานครั้งละ 1 เม็ด,หลังอาหาร,,
1000,102483,ลดกลิ่นปากและไอจากการคันคอ,ทุกครั้งที่มีอาการ,พ่นช่องปากครั้งละ 1-2 ครั้ง,,,
1000,102489,แก้แพ้ ลดน้ำมูก ผื่นคัน,วันละ 1 ครั้ง ช่วงเวลาเดียวกัน,รับประทานครั้งละ ..... ml,หลังอาหาร,,
1000,102491,ฆ่าเชื้อแบคทีเรีย,เช้า-กลางวัน-เย็น-ก่อนนอน,หยอดครั้งละ 1-2 หยด,,เก็บในอุณหภูมิห้อง,เปิดใช้แล้วมีอายุ 1 เดือน
1000,102492,ลดคลื่นไส้ อาเจียน ปรับลำไส้,เช้า-กลางวัน-เย็น,รับประทานครั้งละ ..... ml,ก่อนอาหาร,,
1000,102493,ลดคลื่นไส้ อาเจียน ปรับลำไส้,เช้า-กลางวัน-เย็น,รับประทานครั้งละ ..... ml,ก่อนอาหาร,เก็บในอุณหภูมิห้อง,
1000,102497,ฆ่าเชื้อแบคทีเรีย,เช้า-เย็น,รับประทานครั้งละ 2 เม็ด,หลังอาหาร,,รับประทานยาติดต่อกันจนยาหมด เพื่อป้องกันการดื้อยา
1000,102502,ละลายเสมหะ บรรเทาอาการไอ,เช้า-กลางวัน-เย็น,รับประทานครั้งละ 1 เม็ด,หลังอาหาร,,
1000,102510,แก้แพ้ ลดน้ำมูก ผื่นคัน,วันละ 1 ครั้ง ช่วงเวลาเดียวกัน,รับประทานครั้งละ 1 เม็ด,หลังอาหาร,,
1000,102513,แก้แพ้,ทุกครั้งที่มีอาการ,รับประทานครั้งละ ครึ่ง เม็ด,,,ยานี้ทำให้ง่วงนอน
1000,102517,แก้ปวด ลดอักเสบ ลดไข้,เช้า-กลางวัน-เย็น,รับประทานครั้งละ 1 เม็ด,หลังอาหาร,,
1000,102521,แก้ปวด ลดอักเสบ,เช้า-เย็น,รับประทานครั้งละ 1 เม็ด,หลังอาหาร,,
1000,102526,ฆ่าเชื้อแบคทีเรีย,เช้า-กลางวัน-เย็น,รับประทานครั้งละ ..... ml,หลังอาหาร,เก็บในอุณหภูมิห้อง,
1000,102527,ฆ่าเชื้อแบคทีเรีย,เช้า-กลางวัน-เย็น,รับประทานครั้งละ ..... ml,หลังอาหาร,เก็บในอุณหภูมิห้อง,
1000,102530,ฆ่าเชื้อแบคทีเรีย,เช้า-กลางวัน-เย็น,รับประทานครั้งละ ..... ml,ก่อนอาหาร,,เคียวก่อนกลืน
1000,102533,ฆ่าเชื้อแบคทีเรีย,เช้า-กลางวัน-เย็น,ทาวันละ 3 ครั้ง,,เก็บในอุณหภูมิห้อง,
1000,102534,ฆ่าเชื้อแบคทีเรีย,เช้า-กลางวัน-เย็น,ทาวันละ 2-3 ครั้ง,,เก็บในอุณหภูมิห้อง,
1000,102536,วิตามิน อาหารเสริม,วันละ 1 ครั้ง ช่วงเวลาเดียวกัน,รับประทานครั้งละ 1 ช้อนชา,หลังอาหาร,,
1000,102537,วิตามิน อาหารเสริม,วันละ 1 ครั้ง ช่วงเวลาเดียวกัน,รับประทานครั้งละ 1 เม็ด,พร้อมอาหาร,,
1000,102544,แก้ท้องผูก,วันละ 1 ครั้ง ช่วงเวลาเดียวกัน,รับประทานครั้งละ 1-2 ซอง,หลังอาหาร,,กินวันเว้นวัน เหมาะสำหรับผู้ใหญ่และเด็กอายุ 8 ปีขึ้นไป
1000,102545,ประจำเดือนมาไม่ปกติ,วันละ 1 ครั้ง ช่วงเวลาเดียวกัน,รับประทานครั้งละ 1-2 เม็ด,หลังอาหาร,,
1000,102547,ช่วยย่อยอาหาร,เช้า-กลางวัน-เย็น,รับประทานครั้งละ 1-2 เม็ด,หลังอาหาร,,
1000,102548,รักษาแผลในปาก,เช้า-กลางวัน-เย็น-ก่อนนอน,ทาวันละ 3-4 ครั้ง,หลังอาหาร,,
1000,102562,แก้ไอ ละลายเสมหะ,เช้า-เย็น,รับประทานครั้งละ ..... ml,หลังอาหาร,,
1000,102564,ฆ่าเชื้อรา,เช้า-เย็น,ทาวันละ 2 ครั้ง,,,
1000,102565,ฆ่าเชื้อรา,,เหน็บครั้งละ 2 เม็ด,,,ก่อนนอนเป็นเวลา 3 วัน
1000,102570,ฆ่าเชื้อแบคทีเรีย,วันละ 1 ครั้ง ช่วงเวลาเดียวกัน,รับประทานครั้งละ 4 เม็ด,หลังอาหาร,,ทานครั้งเดียว 
1000,102579,แก้ปวดปลายประสาท,วันละ 1 ครั้ง ช่วงเวลาเดียวกัน,รับประทานครั้งละ 1 เม็ด,,,ยานี้ทำให้ง่วงนอน
1000,102588,ฆ่าเชื้อแบคทีเรีย,เช้า-เย็น,รับประทานครั้งละ 2 เม็ด,หลังอาหาร,,รับประทานยาติดต่อกันจนยาหมด เพื่อป้องกันการดื้อยา
1000,102610,ระบายท้อง ช่วยขับถ่าย,วันละ 1 ครั้ง ช่วงเวลาเดียวกัน,รับประทานครั้งละ 1-2 ช้อนโต๊ะ,,,ก่อนนอน
1000,102615,ฆ่าเชื้อแบคทีเรีย,เช้า-กลางวัน-เย็น-ก่อนนอน,รับประทานครั้งละ 1 เม็ด,หลังอาหาร,,รับประทานยาติดต่อกันจนยาหมด เพื่อป้องกันการดื้อยา
1000,102621,แก้ไอ ละลายเสมหะ,เช้า-กลางวัน-เย็น,รับประทานครั้งละ ...... ช้อนชา,หลังอาหาร,เก็บในอุณหภูมิห้อง,
1000,102622,ลดไข้ บรรเทาอาการปวด,ทุก 6 ชั่วโมง,รับประทานครั้งละ ..... ml,,,
1000,102637,รักษาอาการคันจากเชื้อรา,เช้า-เย็น,ทาวันละ 2 ครั้ง,,,
1000,102638,เสริมวิตามินบี,เช้า-กลางวัน-เย็น,รับประทานครั้งละ 1 เม็ด,หลังอาหาร,,
1000,102639,ฆ่าเชื้อแบคทีเรีย,เช้า-เย็น,รับประทานครั้งละ 1 เม็ด,หลังอาหาร,,
1000,102640,รักษาริดสีดวงทวาร,เช้า-เย็น,รับประทานครั้งละ 3 เม็ด,หลังอาหาร,,วันที่ 1-4 จากนั้น วันที่ 5-7 ครั้งละ 2 เม็ด 2 ครั้ง หลังอาหาร เช้า-เย็น
1000,102641,รักษาแผลไฟไหม้ น้ำร้อนลวก,เช้า-กลางวัน-เย็น-ก่อนนอน,ทาวันละ 3-4 ครั้ง,,เก็บในอุณหภูมิห้อง,
1000,102651,ฆ่าเชื้อแบคทีเรีย,เช้า-กลางวัน-เย็น,รับประทานครั้งละ ..... ml,หลังอาหาร,,
1000,102659,เลื่อนประจำเดือน,เช้า-เย็น,รับประทานครั้งละ 1 เม็ด,หลังอาหาร,,
1000,102668,ฆ่าเชื้อแบคทีเรีย,เช้า-กลางวัน-เย็น,รับประทานครั้งละ 1 เม็ด,หลังอาหาร,เก็บในอุณหภูมิห้อง,
1000,102669,บรรเทาอาการไอ ละลายเสมหะ,เช้า-กลางวัน-เย็น,รับประทานครั้งละ ...... ช้อนชา,หลังอาหาร,,
1000,102670,บรรเทาอาการไอ ระคายเคืองคอ,เช้า-กลางวัน-เย็น,รับประทานครั้งละ ..... ml,หลังอาหาร,,
1000,102672,รักษาอาการคันจากเชื้อรา,เช้า-เย็น,ทาวันละ 2 ครั้ง,,,
1000,102707,รักษาอาการคันจากเชื้อรา,เช้า-เย็น,ทาวันละ 2 ครั้ง,,,
1000,102721,ลดปวด ลดอักเสบ,เช้า-กลางวัน-เย็น-ก่อนนอน,ทาวันละ 3-4 ครั้ง,,,
1000,102723,แก้ปวด ลดอักเสบ,เช้า-กลางวัน-เย็น-ก่อนนอน,ทาวันละ 3-4 ครั้ง,,,
1000,102725,แก้ไอ ละลายเสมหะ,เช้า-กลางวัน-เย็น,รับประทานครั้งละ ...... ช้อนชา,หลังอาหาร,เก็บในอุณหภูมิห้อง,
1000,102729,รักษาริดสีดวงทวาร,เช้า-กลางวัน-เย็น,รับประทานครั้งละ 3-4 เม็ด,ก่อนอาหาร,,
1000,102730,บรรเทาอาการหวัด คัดจมูก,วันละ 1 ครั้ง ช่วงเวลาเดียวกัน,รับประทานครั้งละ 1 เม็ด,หลังอาหาร,,
1000,102731,ลดอาการอักเสบที่ผิวหนัง,เช้า-เย็น,ทาวันละ 2 ครั้ง,,เก็บในอุณหภูมิห้อง,
1000,102740,โรคข้อเข่าเสื่อม อาการปวดเข่า,วันละ 1 ครั้ง ช่วงเวลาเดียวกัน,รับประทานครั้งละ 1 ซอง,,,ละลายน้ำ ประมาณ 150 มิลิลิตร
1000,102741,,วันละ 1 ครั้ง ช่วงเวลาเดียวกัน,รับประทานครั้งละ 1 ซอง,,,ละลายน้ำ ประมาณ 150 มิลิลิตร
1000,102755,ปรับลำไส้ รักษาท้องเสีย,เช้า-กลางวัน-เย็น,รับประทานครั้งละ 1 ซอง,,,ไม่แนะนำให้ใช้ในคนให้นมบุตร
1000,102776,แก้ปวด ลดอักเสบ,เช้า-กลางวัน-เย็น,รับประทานครั้งละ 1 เม็ด,หลังอาหาร,,
1000,102794,ขับลม จุกแน่น ,เช้า-กลางวัน-เย็น,รับประทานครั้งละ 1-2 เม็ด,หลังอาหาร,เก็บในอุณหภูมิห้อง,
1000,102796,ยาถ่ายพยาธิ,วันละ 1 ครั้ง ช่วงเวลาเดียวกัน,รับประทานครั้งละ  ช้อนชา,ก่อนอาหาร,,รับประทานยาติดต่อกันจนยาหมด เพื่อป้องกันการดื้อยา
1000,102797,แก้ไอ ขับเสมหะ,เช้า-กลางวัน-เย็น,รับประทานครั้งละ 1 ช้อนชา,หลังอาหาร,เก็บในอุณหภูมิห้อง,
1000,102798,รักษาผิวหนังอักเสบ นูนแข็ง,เช้า-เย็น,ทาวันละ 2 ครั้ง,,เก็บในอุณหภูมิห้อง,
1000,102799,โปรตีนไข่ขาว,เช้า-กลางวัน-เย็น,รับประทานครั้งละ 1-2 เม็ด,หลังอาหาร,,
1000,102832,แก้ปวด ลดอักเสบ,วันละ 1 ครั้ง ช่วงเวลาเดียวกัน,รับประทานครั้งละ 1 เม็ด,หลังอาหาร,เก็บในอุณหภูมิห้อง,
1000,102839,แก้แพ้ ลดน้ำมูก ผื่นคัน,วันละ 1 ครั้ง ช่วงเวลาเดียวกัน,รับประทานครั้งละ 1 เม็ด,หลังอาหาร,เก็บในอุณหภูมิห้อง,
1000,102840,บรรเทาอาการระคายเคืองตา,เช้า-กลางวัน-เย็น-ก่อนนอน,หยอดครั้งละ 1-2 หยด,,เก็บในอุณหภูมิห้อง,เปิดใช้แล้วมีอายุ 1 เดือน
1000,102845,ลดไข้ บรรเทาอาการปวด,ทุก 6 ชั่วโมง,รับประทานครั้งละ 1 ช้อนชา,หลังอาหาร,เก็บในอุณหภูมิห้อง,เขย่าขวดก่อนรับประทาน
1000,102847,ฆ่าเชื้อแบคทีเรีย,เช้า-เย็น,รับประทานครั้งละ 1 เม็ด,พร้อมอาหาร,เก็บในตู้เย็น,รับประทานยาติดต่อกันจนยาหมด เพื่อป้องกันการดื้อยา
1000,102848,แก้จุกเสียด แน่นท้อง ขับลม ,เช้า-กลางวัน-เย็น-ก่อนนอน,รับประทานครั้งละ ............. เม็ด,ก่อนอาหาร,เก็บในตู้เย็น,
1000,102854,แก้ปวด ลดอักเสบ,วันละ 1 ครั้ง ช่วงเวลาเดียวกัน,รับประทานครั้งละ 1 เม็ด,หลังอาหาร,เก็บในอุณหภูมิห้อง,ยามีฤทธิ์ระคายเคืองกระเพาะอาหาร
1000,102855,แก้จุกเสียด แน่นท้อง ขับลม ,เช้า-กลางวัน-เย็น,รับประทานครั้งละ 1 เม็ด,หลังอาหาร,เก็บในอุณหภูมิห้อง,
1000,102858,แก้ปวด ลดอักเสบ,วันละ 1 ครั้ง ช่วงเวลาเดียวกัน,รับประทานครั้งละ 1 เม็ด,หลังอาหาร,เก็บในอุณหภูมิห้อง,ยานี้อาจทำให้ท้องเสียในลูกค้าบางราย
1000,102859,แก้ปวด ลดอักเสบ ลดไข้,เช้า-กลางวัน-เย็น,รับประทานครั้งละ 1 เม็ด,หลังอาหาร,เก็บในอุณหภูมิห้อง,ยามีฤทธิ์ระคายเคืองกระเพาะอาหาร
1000,102861,แก้ปวด ลดอักเสบ,วันละ 1 ครั้ง ช่วงเวลาเดียวกัน,รับประทานครั้งละ 1 เม็ด,หลังอาหาร,เก็บในอุณหภูมิห้อง,ยามีฤทธิ์ระคายเคืองกระเพาะอาหาร
1000,102862,แก้ปวด ลดอักเสบ,วันละ 1 ครั้ง ช่วงเวลาเดียวกัน,รับประทานครั้งละ 1-2 ซอง,หลังอาหาร,,ยามีฤทธิ์ระคายเคืองกระเพาะอาหาร
1000,102865,แก้แพ้ เมารถ  ช่วยให้หลับ,วันละ 1 ครั้ง ช่วงเวลาเดียวกัน,รับประทานครั้งละ 1 เม็ด,ก่อนอาหาร,,ยานี้ทำให้ง่วงนอน
1000,102867,รักษาโรคเบาหวาน,วันละ 1 ครั้ง ช่วงเวลาเดียวกัน,รับประทานครั้งละ ............. เม็ด,หลังอาหาร,,
1000,102868,ลดความดันโลหิตสูง,วันละ 1 ครั้ง ช่วงเวลาเดียวกัน,รับประทานครั้งละ 1 เม็ด,หลังอาหาร,,
1000,102873,แก้ปวดประจำเดือน,เช้า-กลางวัน-เย็น,รับประทานครั้งละ 1 เม็ด,หลังอาหาร,,ยามีฤทธิ์ระคายเคืองกระเพาะอาหาร
1000,102880,แก้แพ้ ลดน้ำมูก ผื่นคัน,วันละ 1 ครั้ง ช่วงเวลาเดียวกัน,รับประทานครั้งละ 1 เม็ด,หลังอาหาร,,สามารถเคี้ยวให้ละเอียดก่อนกลืนยา
1000,102884,แก้ปวด ลดอักเสบ,วันละ 1 ครั้ง ช่วงเวลาเดียวกัน,รับประทานครั้งละ 1 เม็ด,หลังอาหาร,,ยามีฤทธิ์ระคายเคืองกระเพาะอาหาร
1000,102887,แก้ปวด ลดอักเสบ,วันละ 1 ครั้ง ช่วงเวลาเดียวกัน,รับประทานครั้งละ 1 เม็ด,หลังอาหาร,,ยามีฤทธิ์ระคายเคืองกระเพาะอาหาร
1000,102888,แก้ไอ ละลายเสมหะ,เช้า-กลางวัน-เย็น,รับประทานครั้งละ 1 เม็ด,หลังอาหาร,,
1000,102889,แก้แพ้ผื่นคัน,เช้า-กลางวัน-เย็น,รับประทานครั้งละ 1 เม็ด,หลังอาหาร,,ยานี้ทำให้ง่วงนอน
1000,102891,แก้ปวด ลดอักเสบ,เช้า-กลางวัน-เย็น,รับประทานครั้งละ 1 เม็ด,หลังอาหาร,,ยามีฤทธิ์ระคายเคืองกระเพาะอาหาร
1000,102893,แก้ปวด ลดอักเสบ,วันละ 1 ครั้ง ช่วงเวลาเดียวกัน,รับประทานครั้งละ 1 เม็ด,หลังอาหาร,,ทานตามอาการ หายปวดแล้วหยุดทาน
1000,102896,ฆ่าเชื้อไวรัส,ทุก 4 ชั่วโมง,รับประทานครั้งละ 1 เม็ด,หลังอาหาร,,รับประทานยาติดต่อกันจนยาหมด เพื่อป้องกันการดื้อยา
1000,102897,ฆ่าเชื้อแบคทีเรีย,เช้า-เย็น,รับประทานครั้งละ 1 เม็ด,หลังอาหาร,,รับประทานยาติดต่อกันจนยาหมด เพื่อป้องกันการดื้อยา
1000,102898,ฆ่าเชื้อแบคทีเรีย,เช้า-เย็น,รับประทานครั้งละ 1 เม็ด,หลังอาหาร,,รับประทานยาติดต่อกันจนยาหมด เพื่อป้องกันการดื้อยา
1000,102911,แก้ไอ ละลายเสมหะ,เช้า-กลางวัน-เย็น,รับประทานครั้งละ 1 ช้อนชา,หลังอาหาร,,เขย่าขวดก่อนรับประทาน
1000,102921,คลายกล้ามเนื้อ,เช้า-กลางวัน-เย็น,รับประทานครั้งละ 1 เม็ด,หลังอาหาร,,ดื่มน้ำตามมากๆ
1000,102922,ฆ่าเชื้อแบคทีเรีย,เช้า-เย็น,รับประทานครั้งละ 1 เม็ด,หลังอาหาร,,รับประทานยาติดต่อกันจนยาหมด เพื่อป้องกันการดื้อยา
1000,102926,แก้ปวด ลดอักเสบ ลดไข้,เช้า-กลางวัน-เย็น,รับประทานครั้งละ 1 เม็ด,หลังอาหาร,,ยามีฤทธิ์ระคายเคืองกระเพาะอาหาร
1000,102939,แก้แพ้ ลดน้ำมูก ผื่นคัน,วันละ 1 ครั้ง ช่วงเวลาเดียวกัน,รับประทานครั้งละ 1 เม็ด,หลังอาหาร,,ดื่มน้ำตามมากๆ
1000,102942,ฆ่าเชื้อแบคทีเรีย,เช้า-เย็น,รับประทานครั้งละ 1 เม็ด,หลังอาหาร,,รับประทานยาติดต่อกันจนยาหมด เพื่อป้องกันการดื้อยา
1000,102943,รักษาริดสีดวงทวาร,เช้า-กลางวัน-เย็น,รับประทานครั้งละ 2 เม็ด,หลังอาหาร,,วันที่ 1-4 หลังจากนั้น วันที่ 5-7 ทาน 2เม็ด วันละ 2ครั้ง  เช้า เย็น
1000,102944,แก้ปวด คลายกล้ามเนื้อ,เช้า-กลางวัน-เย็น,รับประทานครั้งละ 1 เม็ด,หลังอาหาร,เก็บในอุณหภูมิห้อง,
1000,102945,ลดน้ำมูก แพ้อากาศ,วันละ 1 ครั้ง ช่วงเวลาเดียวกัน,รับประทานครั้งละ 1 เม็ด,,,ก่อนนอน   ทานแล้วง่วงนอน
1000,102946,ลดกรดในกระเพาะอาหาร,วันละ 1 ครั้ง ช่วงเวลาเดียวกัน,รับประทานครั้งละ 1 เม็ด,ก่อนอาหาร,,ดื่มน้ำตามมากๆ
1000,102950,ลดอาการอักเสบที่ผิวหนัง,เช้า-เย็น,ทาวันละ 2 ครั้ง,,,ยาใช้ภายนอก ฟอกทำความสะอาดผิวหนัง
1000,102951,แก้ไอ ขับเสมหะ,เช้า-กลางวัน-เย็น,ทาวันละ 3 ครั้ง,หลังอาหาร,เก็บในอุณหภูมิห้อง,
1000,102953,แก้เวียนหัว น้ำในหู หูอื้อ,เช้า-กลางวัน-เย็น,รับประทานครั้งละ 1 เม็ด,หลังอาหาร,,ยานี้ทำให้ง่วงนอน
1000,102955,ลดน้ำมูก แพ้อากาศ,วันละ 1 ครั้ง ช่วงเวลาเดียวกัน,รับประทานครั้งละ 1 เม็ด,หลังอาหาร,,ดื่มน้ำตามมากๆ
1000,102957,แก้ปวด คลายกล้ามเนื้อ,เช้า-กลางวัน-เย็น,รับประทานครั้งละ 1 เม็ด,หลังอาหาร,,ยานี้ทำให้ง่วงนอน
1000,102960,แก้ปวด ลดอักเสบ,เช้า-กลางวัน-เย็น,รับประทานครั้งละ 1 เม็ด,หลังอาหาร,,ยานี้ทำให้ง่วงนอน   ดื่มน้ำตามมากๆ
1000,102961,แก้แพ้ ลดน้ำมูก ผื่นคัน,วันละ 1 ครั้ง ช่วงเวลาเดียวกัน,รับประทานครั้งละ 1 เม็ด,หลังอาหาร,,ดื่มน้ำตามมากๆ
1000,102962,แก้แพ้  น้ำมูก จาม คันตา ผื่นคัน,วันละ 1 ครั้ง ช่วงเวลาเดียวกัน,รับประทานครั้งละ 1 เม็ด,หลังอาหาร,,ดื่มน้ำตามมากๆ
1000,102963,แก้ไอ ขับเสมหะ,เช้า-กลางวัน-เย็น-ก่อนนอน,รับประทานครั้งละ 1 เม็ด,หลังอาหาร,,ยานี้ทำให้ง่วงนอน
1000,102964,รักษาโรคกระเพาะ,วันละ 1 ครั้ง ช่วงเวลาเดียวกัน,รับประทานครั้งละ 1 เม็ด,ก่อนอาหาร,,ก่อนอาหาร 30 นาที
1000,102967,แก้แพ้ ลดน้ำมูก ผื่นคัน,วันละ 1 ครั้ง ช่วงเวลาเดียวกัน,รับประทานครั้งละ 1 เม็ด,หลังอาหาร,,ดื่มน้ำตามมากๆ
1000,102968,แก้แพ้  น้ำมูก จาม คันตา ผื่นคัน,วันละ 1 ครั้ง ช่วงเวลาเดียวกัน,รับประทานครั้งละ 1 เม็ด,หลังอาหาร,,ดื่มน้ำตามมากๆ
1000,102970,บรรเทาอาการ เหน็บชา,เช้า-กลางวัน-เย็น,รับประทานครั้งละ 1 เม็ด,หลังอาหาร,,ดื่มน้ำตามมากๆ
1000,102972,ยาโรควิตกกังวล,,รับประทานตามแพทย์สั่ง  ,,เก็บในอุณหภูมิห้อง,
1000,102980,,,หยอดครั้งละ 1-2 หยด,,เก็บในอุณหภูมิห้อง,ใช้ตามแพทย์สั้งเท่านั้น
1000,102981,แก้ปวด ลดอักเสบ,เช้า-กลางวัน-เย็น,รับประทานครั้งละ 1 ช้อนชา,หลังอาหาร,เก็บในตู้เย็น,
1000,102982,แก้ปวดไมเกรน,ทุก 12 ชั่วโมง,รับประทานครั้งละ 1 เม็ด,หลังอาหาร,,ไม่ควรใช้ติดต่อกันเกิน…….วัน
1000,102983,แก้ปวด ลดอักเสบ,วันละ 1 ครั้ง ช่วงเวลาเดียวกัน,รับประทานครั้งละ 1 เม็ด,หลังอาหาร,,ดื่มน้ำตามมากๆ
1000,102984,แก้ปวด ลดอักเสบ,เช้า-เย็น,รับประทานครั้งละ 1 เม็ด,หลังอาหาร,,
1000,102989,ต้อหิน,,หยอดครั้งละ 1-2 หยด,,เก็บในอุณหภูมิห้อง,ห้ามปรับขนาดยาเอง โดยไม่มีคำสั่งแพทย์
1000,102991,แก้ปวดปลายประสาท,วันละ 1 ครั้ง ช่วงเวลาเดียวกัน,รับประทานครั้งละ 1 เม็ด,หลังอาหาร,,ยานี้ทำให้ง่วงนอน
1000,102995,แก้ปวด ลดอักเสบ,เช้า-เย็น,รับประทานครั้งละ 1 เม็ด,หลังอาหาร,,ยามีฤทธิ์ระคายเคืองกระเพาะอาหาร
1000,103003,ฆ่าเชื้อแบคทีเรีย,เช้า-เย็น,รับประทานครั้งละ 1 เม็ด,หลังอาหาร,,
1000,103004,ฆ่าเชื้อแบคทีเรีย,เช้า-เย็น,ทาวันละ 2 ครั้ง,,,ยาใช้ภายนอก
1000,103008,แก้ปวด ลดอักเสบ ลดไข้,เช้า-กลางวัน-เย็น,รับประทานครั้งละ 1-2 เม็ด,หลังอาหาร,,
1000,103018,ฆ่าเชื้อแบคทีเรีย,เช้า-เย็น,ทาวันละ 2 ครั้ง,,,ยาใช้ภายนอก
1000,103022,ฆ่าพยาธิ,วันละ 1 ครั้ง ช่วงเวลาเดียวกัน,รับประทานครั้งละ 1 ช้อนชา,หลังอาหาร,,รับประทานยาติดต่อกันจนยาหมด เพื่อป้องกันการดื้อยา
1000,103023,แก้ปวด ลดอักเสบ,วันละ 1 ครั้ง ช่วงเวลาเดียวกัน,รับประทานครั้งละ 1 เม็ด,หลังอาหาร,,ดื่มน้ำตามมากๆ
1000,103025,แก้แพ้ ลดน้ำมูก ผื่นคัน,ก่อนนอน,รับประทานครั้งละ 1 เม็ด,,,ยานี้ทำให้ง่วงนอน
1000,103028,ฆ่าเชื้อแบคทีเรีย,เช้า-กลางวัน-เย็น-ก่อนนอน,รับประทานครั้งละ 1 ช้อนชา,ก่อนอาหาร,เก็บในตู้เย็น,รับประทานยาติดต่อกันจนยาหมด เพื่อป้องกันการดื้อยา
1000,103030,แก้ปวด คลายกล้ามเนื้อ,เช้า-กลางวัน-เย็น,รับประทานครั้งละ 1 เม็ด,หลังอาหาร,,ดื่มน้ำตามมากๆ
1000,103032,แก้ปวด คลายกล้ามเนื้อ,เช้า-กลางวัน-เย็น,รับประทานครั้งละ 1 เม็ด,หลังอาหาร,,ยานี้ทำให้ง่วงนอน
1000,103033,ลดอักเสบ ลดคัน,เช้า-เย็น,ทาวันละ 2 ครั้ง,,เก็บในอุณหภูมิห้อง,
1000,103037,แก้ไอแห้ง,เช้า-กลางวัน-เย็น,รับประทานครั้งละ 1 เม็ด,หลังอาหาร,,ยานี้ทำให้ง่วงนอน
1000,103038,แก้แพ้ ลดน้ำมูก ผื่นคัน,วันละ 1 ครั้ง ช่วงเวลาเดียวกัน,รับประทานครั้งละ 1 เม็ด,หลังอาหาร,,ดื่มน้ำตามมากๆ
1000,103044,คลายกล้ามเนื้อ,เช้า-กลางวัน-เย็น,รับประทานครั้งละ 1 เม็ด,หลังอาหาร,,ยานี้ทำให้ง่วงนอน
1000,103049,ฆ่าเชื้อแบคทีเรีย,เช้า-เย็น,รับประทานครั้งละ 1 เม็ด,พร้อมอาหาร,,รับประทานยาติดต่อกันจนยาหมด เพื่อป้องกันการดื้อยา
1000,103005,แก้ปวดฟัน,ทุก 4 ชั่วโมง,หยอดครั้งละ 5-10 หยด,พร้อมอาหาร,เก็บในอุณหภูมิห้อง,รับประทานยาติดต่อกันจนยาหมด เพื่อป้องกันการดื้อยา
1,100001,แก้ท้องเสีย,เช้า-กลางวัน-เย็น,รับประทานครั้งละ ...... ml,-,เก็บในอุณหภูมิห้อง,
1,100000,แก้ไอ,ทุกครั้งที่มีอาการ,รับประทานครั้งละ 1 ช้อนโต๊ะ,-,-,
1,100002,แก้ท้องเสีย,เช้า-กลางวัน-เย็น,รับประทานครั้งละ ...... ml,-,เก็บในอุณหภูมิห้อง,
1,100003,แก้คลื่นไส้ อาเจียน,เช้า-กลางวัน-เย็น,รับประทานครั้งละ ...... ml,ก่อนอาหาร,เก็บในอุณหภูมิห้อง,
1,100004,แก้คลื่นไส้ อาเจียน,เช้า-กลางวัน-เย็น,รับประทานครั้งละ ...... ml,ก่อนอาหาร,เก็บในอุณหภูมิห้อง,
1,100005,แก้ท้องอืดท้องเฟ้อ,ทุกครั้งที่มีอาการ,รับประทานครั้งละ ..... ml,หลังอาหาร,เก็บในอุณหภูมิห้อง,
1,100006,แก้ท้องอืดท้องเฟ้อ,ทุกครั้งที่มีอาการ,รับประทานครั้งละ ..... ml,หลังอาหาร,เก็บในอุณหภูมิห้อง,
1,100007,แก้จุกเสียด แน่นท้อง ขับลม ,เช้า-กลางวัน-เย็น,รับประทานครั้งละ ...... ml,หลังอาหาร,เก็บในอุณหภูมิห้อง,
1,100008,บรรเทาอาการปวดเกร็งท้อง,เช้า-กลางวัน-เย็น,รับประทานครั้งละ ...... ml,หลังอาหาร,เก็บในอุณหภูมิห้อง,
1,100009,เสริมธาตุเหล็ก,เช้า-กลางวัน-เย็น,รับประทานครั้งละ ...... ml,-,เก็บในอุณหภูมิห้อง,
1,100010,ลดไข้ บรรเทาอาการปวด,ทุก 6 ชั่วโมง,รับประทานครั้งละ ...... ml,-,เก็บในอุณหภูมิห้อง,
1,100011,ลดไข้ บรรเทาอาการปวด,ทุก 6 ชั่วโมง,รับประทานครั้งละ ...... ml,-,เก็บในอุณหภูมิห้อง,
1,100012,ลดไข้ บรรเทาอาการปวด,ทุก 6 ชั่วโมง,รับประทานครั้งละ ...... ml,-,เก็บในอุณหภูมิห้อง,
1,100013,ลดไข้ บรรเทาอาการปวด,ทุก 6 ชั่วโมง,รับประทานครั้งละ ...... ml,-,เก็บในอุณหภูมิห้อง,
1,100014,ลดไข้ บรรเทาอาการปวด,ทุก 6 ชั่วโมง,รับประทานครั้งละ ...... ml,-,เก็บในอุณหภูมิห้อง,
1,100015,ลดไข้ บรรเทาอาการปวด,ทุก 6 ชั่วโมง,รับประทานครั้งละ ...... ml,-,เก็บในอุณหภูมิห้อง,
1,100016,ลดไข้ บรรเทาอาการปวด,ทุก 6 ชั่วโมง,รับประทานครั้งละ ...... ml,-,เก็บในอุณหภูมิห้อง,
1,100017,ลดไข้ บรรเทาอาการปวด,ทุก 6 ชั่วโมง,รับประทานครั้งละ ......... ช้อนชา,-,เก็บในอุณหภูมิห้อง,
1,100018,ลดไข้ บรรเทาอาการปวด,ทุก 6 ชั่วโมง,รับประทานครั้งละ ......... ช้อนชา,-,เก็บในอุณหภูมิห้อง,
1,100019,ลดไข้ บรรเทาอาการปวด,ทุก 6 ชั่วโมง,รับประทานครั้งละ ...... ml,-,เก็บในอุณหภูมิห้อง,
1,100020,ลดไข้ บรรเทาอาการปวด,ทุก 6 ชั่วโมง,รับประทานครั้งละ ......... ช้อนชา,-,เก็บในอุณหภูมิห้อง,
1,100021,ลดไข้ บรรเทาอาการปวด,ทุก 6 ชั่วโมง,รับประทานครั้งละ ...... ml,-,เก็บในอุณหภูมิห้อง,
1,100022,ลดไข้ บรรเทาอาการปวด,ทุก 6 ชั่วโมง,รับประทานครั้งละ ......... ช้อนชา,-,เก็บในอุณหภูมิห้อง,
1,100023,ลดไข้ บรรเทาอาการปวด,ทุก 6 ชั่วโมง,รับประทานครั้งละ ......... ช้อนชา,-,เก็บในอุณหภูมิห้อง,
1,100024,ลดไข้ บรรเทาอาการปวด,ทุก 6 ชั่วโมง,รับประทานครั้งละ ......... ช้อนชา,-,เก็บในอุณหภูมิห้อง,
1,100025,ลดไข้ บรรเทาอาการปวด,ทุก 6 ชั่วโมง,รับประทานครั้งละ ......... ช้อนชา,-,เก็บในอุณหภูมิห้อง,
1,100026,ลดไข้ บรรเทาอาการปวด,ทุก 6 ชั่วโมง,รับประทานครั้งละ ......... ช้อนชา,-,เก็บในอุณหภูมิห้อง,
1,100027,ลดไข้ บรรเทาอาการปวด,ทุก 6 ชั่วโมง,รับประทานครั้งละ ......... ช้อนชา,-,เก็บในอุณหภูมิห้อง,
1,100028,ลดไข้ บรรเทาอาการปวด,ทุก 6 ชั่วโมง,รับประทานครั้งละ ......... ช้อนชา,-,เก็บในอุณหภูมิห้อง,
1,100029,ลดไข้ บรรเทาอาการปวด,ทุก 6 ชั่วโมง,รับประทานครั้งละ ......... ช้อนชา,-,เก็บในอุณหภูมิห้อง,
1,100030,ฆ่าเชื้อในทางเดินหายใจ,เช้า-กลางวัน-เย็น,รับประทานครั้งละ ......... ช้อนชา,ก่อนอาหาร,เก็บในตู้เย็น,รับประทานติดต่อกันจนยาหมด 
1,100031,ฆ่าเชื้อในทางเดินหายใจ,เช้า-กลางวัน-เย็น,รับประทานครั้งละ ......... ช้อนชา,ก่อนอาหาร,เก็บในอุณหภูมิห้อง,รับประทานติดต่อกันจนยาหมด 
1,100032,ฆ่าเชื้อในทางเดินหายใจ,เช้า-กลางวัน-เย็น,รับประทานครั้งละ ......... ช้อนชา,ก่อนอาหาร,เก็บในตู้เย็น,รับประทานติดต่อกันจนยาหมด 
1,100033,ฆ่าเชื้อในทางเดินหายใจ,เช้า-กลางวัน-เย็น,รับประทานครั้งละ ......... ช้อนชา,หลังอาหาร,เก็บในตู้เย็น,รับประทานติดต่อกันจนยาหมด 
1,100034,ฆ่าเชื้อแบคทีเรีย,วันละ 1 ครั้ง ช่วงเวลาเดียวกัน,รับประทานครั้งละ ......... ช้อนชา,ก่อนอาหาร,เก็บในตู้เย็น,รับประทานติดต่อกันจนยาหมด 
1,100035,ฆ่าเชื้อแบคทีเรีย,วันละ 1 ครั้ง ช่วงเวลาเดียวกัน,รับประทานครั้งละ ......... ช้อนชา,ก่อนอาหาร,เก็บในตู้เย็น,รับประทานติดต่อกันจนยาหมด 
1,100036,ฆ่าเชื้อแบคทีเรีย,เช้า-เย็น,รับประทานครั้งละ ......... ช้อนชา,หลังอาหาร,เก็บในตู้เย็น,รับประทานติดต่อกันจนยาหมด 
1,100037,ฆ่าเชื้อในทางเดินหายใจ,วันละ 1 ครั้ง ช่วงเวลาเดียวกัน,รับประทานครั้งละ ...... ml,ก่อนอาหาร,เก็บในตู้เย็น,รับประทานติดต่อกันจนยาหมด 
1,100038,ลดน้ำมูก แพ้อากาศ,วันละ 1 ครั้ง ช่วงเวลาเดียวกัน,รับประทานครั้งละ ...... ml,-,-,"
"
1,100039,ขยายหลอดลม,เช้า-กลางวัน-เย็น,รับประทานครั้งละ ......... ช้อนชา,หลังอาหาร,เก็บในอุณหภูมิห้อง,"
"
1,100040,ขยายหลอดลม และขับเสมหะ,เช้า-กลางวัน-เย็น,รับประทานครั้งละ ......... ช้อนชา,หลังอาหาร,เก็บในอุณหภูมิห้อง,"
"
1,100041,ขยายหลอดลม,เช้า-กลางวัน-เย็น,รับประทานครั้งละ ...... ml,หลังอาหาร,เก็บในอุณหภูมิห้อง,"
"
1,100042,แก้ไอ ขับเสมหะ,เช้า-กลางวัน-เย็น,รับประทานครั้งละ ......... ช้อนชา,หลังอาหาร,เก็บในอุณหภูมิห้อง,"
"
1,100043,แก้ไอ ละลายเสมหะ,เช้า-กลางวัน-เย็น,รับประทานครั้งละ ......... ช้อนชา,หลังอาหาร,เก็บในอุณหภูมิห้อง,"
"
1,100044,แก้ไอ ละลายเสมหะ,เช้า-กลางวัน-เย็น,รับประทานครั้งละ ......... ช้อนชา,หลังอาหาร,เก็บในอุณหภูมิห้อง,"
"
1,100045,แก้ไอ ละลายเสมหะ,เช้า-กลางวัน-เย็น,รับประทานครั้งละ ......... ช้อนชา,หลังอาหาร,เก็บในอุณหภูมิห้อง,"
"
1,100046,แก้ไอ ละลายเสมหะ,เช้า-กลางวัน-เย็น,รับประทานครั้งละ ......... ช้อนชา,หลังอาหาร,เก็บในอุณหภูมิห้อง,"
"
1,100047,ลดน้ำมูก แพ้อากาศ,เช้า-กลางวัน-เย็น-ก่อนนอน,รับประทานครั้งละ ......... ช้อนชา,หลังอาหาร,เก็บในอุณหภูมิห้อง,"
"
1,100048,แก้ไอ ขับเสมหะ,เช้า-กลางวัน-เย็น,รับประทานครั้งละ ......... ช้อนชา,หลังอาหาร,เก็บในอุณหภูมิห้อง,"
"
1,100049,บรรเทาอาการไอ ระคายเคืองคอ,เช้า-กลางวัน-เย็น,รับประทานครั้งละ ......... ช้อนชา,หลังอาหาร,เก็บในอุณหภูมิห้อง,"
"
1,100050,บรรเทาอาการไอ ระคายเคืองคอ,เช้า-กลางวัน-เย็น,รับประทานครั้งละ ......... ช้อนชา,หลังอาหาร,เก็บในอุณหภูมิห้อง,"
"
1,100051,ลดน้ำมูก แพ้อากาศ,วันละ 1 ครั้ง ช่วงเวลาเดียวกัน,รับประทานครั้งละ ...... ml,-,-,"
"
1,100052,ลดน้ำมูก แพ้อากาศ,วันละ 1 ครั้ง ช่วงเวลาเดียวกัน,รับประทานครั้งละ ......... ช้อนชา,-,-,"
"
1,100053,ลดน้ำมูก แพ้อากาศ,วันละ 1 ครั้ง ช่วงเวลาเดียวกัน,รับประทานครั้งละ ......... ช้อนชา,-,-,"
"
1,100054,ลดน้ำมูก แพ้อากาศ,วันละ 1 ครั้ง ช่วงเวลาเดียวกัน,รับประทานครั้งละ ......... ช้อนชา,-,-,"
"
1,100055,ลดน้ำมูก แพ้อากาศ,วันละ 1 ครั้ง ช่วงเวลาเดียวกัน,รับประทานครั้งละ ......... ช้อนชา,-,-,"
"
1,100056,ลดน้ำมูก แพ้อากาศ,วันละ 1 ครั้ง ช่วงเวลาเดียวกัน,รับประทานครั้งละ ...... ml,-,-,"
"
1,100057,ลดน้ำมูก แพ้อากาศ,วันละ 1 ครั้ง ช่วงเวลาเดียวกัน,รับประทานครั้งละ ......... ช้อนชา,-,-,"
"
1,100058,ลดน้ำมูก แพ้อากาศ,วันละ 1 ครั้ง ช่วงเวลาเดียวกัน,รับประทานครั้งละ ......... ช้อนชา,-,-,"
"
1,100059,ลดน้ำมูก แพ้อากาศ,เช้า-กลางวัน-เย็น-ก่อนนอน,รับประทานครั้งละ ...... ml,-,เก็บในอุณหภูมิห้อง,"ยานี้ทำให้ง่วงนอน
"
1,100060,บรรเทาอาการหวัด ลดไข้,เช้า-กลางวัน-เย็น-ก่อนนอน,รับประทานครั้งละ ......... ช้อนชา,-,เก็บในอุณหภูมิห้อง,"ยานี้ทำให้ง่วงนอน
"
1,100061,บรรเทาอาการหวัด ลดไข้,เช้า-กลางวัน-เย็น-ก่อนนอน,รับประทานครั้งละ ......... ช้อนชา,-,เก็บในอุณหภูมิห้อง,"ยานี้ทำให้ง่วงนอน
"
1,100062,บรรเทาอาการหวัด ลดไข้,เช้า-กลางวัน-เย็น-ก่อนนอน,รับประทานครั้งละ ......... ช้อนชา,-,เก็บในอุณหภูมิห้อง,"ยานี้ทำให้ง่วงนอน
"
1,100063,บรรเทาอาการคัดจมูก,เช้า-กลางวัน-เย็น-ก่อนนอน,รับประทานครั้งละ ......... ช้อนชา,-,เก็บในอุณหภูมิห้อง,"ยานี้ทำให้ง่วงนอน
"
1,100064,ลดน้ำมูก แพ้อากาศ,เช้า-กลางวัน-เย็น-ก่อนนอน,รับประทานครั้งละ ......... ช้อนชา,-,เก็บในอุณหภูมิห้อง,"ยานี้ทำให้ง่วงนอน
"
1,100065,แก้แพ้ผื่นคัน,เช้า-กลางวัน-เย็น,รับประทานครั้งละ ..... ml,หลังอาหาร,เก็บในอุณหภูมิห้อง,ยานี้ทำให้ง่วงนอน
1,100066,บรรเทาอาการไอ ลดไข้ น้ำมูก,เช้า-กลางวัน-เย็น,รับประทานครั้งละ ......... ช้อนชา,หลังอาหาร,เก็บในอุณหภูมิห้อง,"ยานี้ทำให้ง่วงนอน
"
1,100067,บรรเทาอาการไอ ลดไข้ น้ำมูก,เช้า-กลางวัน-เย็น-ก่อนนอน,รับประทานครั้งละ ..... ml,หลังอาหาร,เก็บในอุณหภูมิห้อง,
1,100068,เจริญอาหาร,เช้า-กลางวัน-เย็น,รับประทานครั้งละ ..... ml,ก่อนอาหาร,เก็บในอุณหภูมิห้อง,
1,100069,บรรเทาอาการหวัด คัดจมูก,เช้า-กลางวัน-เย็น-ก่อนนอน,รับประทานครั้งละ ......... ช้อนชา,หลังอาหาร,เก็บในอุณหภูมิห้อง,"ยานี้ทำให้ง่วงนอน
"
1,100070,บรรเทาอาการหวัด คัดจมูก,เช้า-กลางวัน-เย็น-ก่อนนอน,รับประทานครั้งละ ......... ช้อนชา,หลังอาหาร,เก็บในอุณหภูมิห้อง,"ยานี้ทำให้ง่วงนอน
"
1,100071,บรรเทาอาการหวัด คัดจมูก,เช้า-กลางวัน-เย็น-ก่อนนอน,รับประทานครั้งละ ...... ml,หลังอาหาร,เก็บในอุณหภูมิห้อง,"ยานี้ทำให้ง่วงนอน
"
1,100072,สำหรับฉีดเข้าเส้นเลือด,ทุกครั้งที่มีอาการ,,,เก็บในอุณหภูมิห้อง,
1,100073,สำหรับฉีดเข้าเส้นเลือด,ทุกครั้งที่มีอาการ,,,เก็บในอุณหภูมิห้อง,
1,100074,สำหรับฉีดเข้าเส้นเลือด,ทุกครั้งที่มีอาการ,,,เก็บในอุณหภูมิห้อง,
1,100075,สำหรับฉีดเข้าเส้นเลือด,ทุกครั้งที่มีอาการ,,,เก็บในอุณหภูมิห้อง,
1,100076,บำรุงร่างกาย ,เช้า-กลางวัน-เย็น,รับประทานครั้งละ 1 เม็ด,พร้อมอาหาร,เก็บในอุณหภูมิห้อง,
1,100077,เจริญอาหาร,เช้า-กลางวัน-เย็น-ก่อนนอน,รับประทานครั้งละ 1 เม็ด,ก่อนอาหาร,เก็บในอุณหภูมิห้อง,
1,100078,บรรเทาอาการหวัด คัดจมูก,เช้า-กลางวัน-เย็น-ก่อนนอน,รับประทานครั้งละ ......... ช้อนชา,หลังอาหาร,เก็บในอุณหภูมิห้อง,ยานี้ทำให้ง่วงนอน
1,100079,บำรุงสายตา,วันละ 1 ครั้ง ช่วงเวลาเดียวกัน,รับประทานครั้งละ 1 เม็ด,หลังอาหาร,เก็บในตู้เย็น,
1,100080,บำรุงร่างกาย ,วันละ 1 ครั้ง ช่วงเวลาเดียวกัน,รับประทานครั้งละ 1 เม็ด,หลังอาหาร,เก็บในตู้เย็น,
1,100081,บรรเทาอาการ เหน็บชา,เช้า-กลางวัน-เย็น,รับประทานครั้งละ 1 เม็ด,หลังอาหาร,เก็บในอุณหภูมิห้อง,
1,100082,บำรุงร่างกาย ,วันละ 1 ครั้ง ช่วงเวลาเดียวกัน,รับประทานครั้งละ 1 เม็ด,หลังอาหาร,,
1,100083,บำรุงร่างกาย ,วันละ 1 ครั้ง ช่วงเวลาเดียวกัน,รับประทานครั้งละ 1 เม็ด,หลังอาหาร,,
1,100084,บำรุงร่างกาย ,วันละ 1 ครั้ง ช่วงเวลาเดียวกัน,รับประทานครั้งละ 1 เม็ด,หลังอาหาร,,
1,100085,เสริมวิตามินบี,วันละ 1 ครั้ง ช่วงเวลาเดียวกัน,รับประทานครั้งละ 1 เม็ด,ก่อนอาหาร,,
1,100086,บำรุงร่างกาย ,วันละ 1 ครั้ง ช่วงเวลาเดียวกัน,รับประทานครั้งละ 1 เม็ด,หลังอาหาร,,
1,100087,บำรุงโลหิต,วันละ 1 ครั้ง ช่วงเวลาเดียวกัน,รับประทานครั้งละ 1 เม็ด,หลังอาหาร,,
1,100088,บรรเทาอาการ เหน็บชา,เช้า-กลางวัน-เย็น,รับประทานครั้งละ 1 เม็ด,หลังอาหาร,เก็บในอุณหภูมิห้อง,
1,100089,บำรุงโลหิต,เช้า-กลางวัน-เย็น-ก่อนนอน,รับประทานครั้งละ 1 เม็ด,พร้อมอาหาร,เก็บในอุณหภูมิห้อง,
1,100090,บรรเทาอาการ เหน็บชา,เช้า-กลางวัน-เย็น,รับประทานครั้งละ 1 เม็ด,หลังอาหาร,เก็บในอุณหภูมิห้อง,
1,100091,รักษาโรคโลหิตจาง,วันละ 1 ครั้ง ช่วงเวลาเดียวกัน,รับประทานครั้งละ 1 เม็ด,หลังอาหาร,เก็บในอุณหภูมิห้อง,
1,100092,รักษาโรคโลหิตจาง,วันละ 1 ครั้ง ช่วงเวลาเดียวกัน,รับประทานครั้งละ 1 เม็ด,หลังอาหาร,เก็บในอุณหภูมิห้อง,
1,100093,ละลายเสมหะ,วันละ 1 ครั้ง ช่วงเวลาเดียวกัน,รับประทานครั้งละ 1 ซอง,หลังอาหาร,,ผสมน้ำ ครึ่งแก้ว
1,100094,ละลายเสมหะ,เช้า-กลางวัน-เย็น,รับประทานครั้งละ 1 ซอง,หลังอาหาร,,ผสมน้ำ ครึ่งแก้ว
1,100095,ละลายเสมหะ,เช้า-กลางวัน-เย็น,รับประทานครั้งละ 1 ซอง,หลังอาหาร,,ผสมน้ำ ครึ่งแก้ว
1,100096,แก้ไอ ละลายเสมหะ,เช้า-กลางวัน-เย็น,รับประทานครั้งละ 1 เม็ด,หลังอาหาร,,
1,100097,แก้ไอ ละลายเสมหะ,เช้า-กลางวัน-เย็น,รับประทานครั้งละ 1 เม็ด,หลังอาหาร,,
1,100098,แก้ไอ ละลายเสมหะ,เช้า-กลางวัน-เย็น,รับประทานครั้งละ 1 เม็ด,หลังอาหาร,,
1,100099,แก้ไอ ขับเสมหะ,เช้า-กลางวัน-เย็น,รับประทานครั้งละ 1 เม็ด,หลังอาหาร,,
1,100100,แก้ไอ ขับเสมหะ,เช้า-กลางวัน-เย็น,รับประทานครั้งละ 1 เม็ด,หลังอาหาร,,
1,100101,ลดน้ำมูก แพ้อากาศ,วันละ 1 ครั้ง ช่วงเวลาเดียวกัน,รับประทานครั้งละ 1 เม็ด,,,เมื่อมีอาการ
1,100102,แก้แพ้ ลดน้ำมูก ผื่นคัน,วันละ 1 ครั้ง ช่วงเวลาเดียวกัน,รับประทานครั้งละ 1 เม็ด,,,
1,100103,ลดน้ำมูก แพ้อากาศ,วันละ 1 ครั้ง ช่วงเวลาเดียวกัน,รับประทานครั้งละ 1 เม็ด,,,เมื่อมีอาการ
1,100104,ลดน้ำมูก แพ้อากาศ,วันละ 1 ครั้ง ช่วงเวลาเดียวกัน,รับประทานครั้งละ 1 เม็ด,,,เมื่อมีอาการ
1,100105,ลดน้ำมูก แพ้อากาศ,วันละ 1 ครั้ง ช่วงเวลาเดียวกัน,รับประทานครั้งละ 1 เม็ด,,,เมื่อมีอาการ
1,100106,ลดน้ำมูก แพ้อากาศ,วันละ 1 ครั้ง ช่วงเวลาเดียวกัน,รับประทานครั้งละ 1 เม็ด,,,เมื่อมีอาการ
1,100107,แก้แพ้ ลดน้ำมูก ผื่นคัน,วันละ 1 ครั้ง ช่วงเวลาเดียวกัน,รับประทานครั้งละ 1 เม็ด,,,
1,100108,แก้แพ้ ลดน้ำมูก ผื่นคัน,วันละ 1 ครั้ง ช่วงเวลาเดียวกัน,รับประทานครั้งละ 1 เม็ด,,,
1,100109,บรรเทาอาการหวัด คัดจมูก,ทุก 6 ชั่วโมง,รับประทานครั้งละ 1 เม็ด,,,เมื่อมีอาการ
1,100110,บรรเทาอาการหวัด ลดไข้,ทุก 6 ชั่วโมง,รับประทานครั้งละ 1 เม็ด,,,เมื่อมีอาการ
1,100111,บรรเทาอาการหวัด ลดไข้,ทุก 6 ชั่วโมง,รับประทานครั้งละ 1 เม็ด,,,เมื่อมีอาการ
1,100112,บรรเทาอาการหวัด ลดไข้,ทุก 6 ชั่วโมง,รับประทานครั้งละ 1 เม็ด,,,เมื่อมีอาการ
1,100113,บรรเทาอาการไอ ระคายเคืองคอ,ทุกครั้งที่มีอาการ,รับประทานครั้งละ 1 เม็ด,,,
1,100114,แก้ไอ ละลายเสมหะ,เช้า-กลางวัน-เย็น,รับประทานครั้งละ 1 เม็ด,หลังอาหาร,,
1,100115,ลดน้ำมูก แพ้อากาศ,วันละ 1 ครั้ง ช่วงเวลาเดียวกัน,รับประทานครั้งละ 1 เม็ด,,,เมื่อมีอาการ
1,100116,ลดน้ำมูก แพ้อากาศ,วันละ 1 ครั้ง ช่วงเวลาเดียวกัน,รับประทานครั้งละ 1 เม็ด,,,เมื่อมีอาการ
1,100117,ลดน้ำมูก แพ้อากาศ,เช้า-เย็น,รับประทานครั้งละ 1 เม็ด,หลังอาหาร,,
1,100118,ลดน้ำมูก แพ้อากาศ,วันละ 1 ครั้ง ช่วงเวลาเดียวกัน,รับประทานครั้งละ 1 เม็ด,,,
1,100119,แก้แพ้ ลดน้ำมูก ผื่นคัน,เช้า-เย็น,รับประทานครั้งละ 1 เม็ด,หลังอาหาร,,
1,100120,ลดน้ำมูก แพ้อากาศ,วันละ 1 ครั้ง ช่วงเวลาเดียวกัน,รับประทานครั้งละ 1 เม็ด,,,เมื่อมีอาการ
1,100121,ลดน้ำมูก แพ้อากาศ,วันละ 1 ครั้ง ช่วงเวลาเดียวกัน,รับประทานครั้งละ 1 เม็ด,,,เมื่อมีอาการ
1,100122,ลดน้ำมูก แพ้อากาศ,วันละ 1 ครั้ง ช่วงเวลาเดียวกัน,รับประทานครั้งละ 1 เม็ด,,,เมื่อมีอาการ
1,100123,ลดน้ำมูก แพ้อากาศ,วันละ 1 ครั้ง ช่วงเวลาเดียวกัน,รับประทานครั้งละ 1 เม็ด,,,เมื่อมีอาการ
1,100124,เจริญอาหาร,วันละ 1 ครั้ง ช่วงเวลาเดียวกัน,รับประทานครั้งละ 1 เม็ด,,,ก่อนนอน
1,100125,เจริญอาหาร,เช้า-กลางวัน-เย็น-ก่อนนอน,รับประทานครั้งละ 1 เม็ด,ก่อนอาหาร,,ยานี้ทำให้ง่วงนอน
1,100126,แก้แพ้ผื่นคัน,ก่อนนอน,รับประทานครั้งละ 1 เม็ด,,,ยานี้ทำให้ง่วงนอน
1,100127,แก้แพ้ผื่นคัน,ก่อนนอน,รับประทานครั้งละ 1 เม็ด,,,ยานี้ทำให้ง่วงนอน
1,100129,ลดน้ำมูก แพ้อากาศ,เช้า-กลางวัน-เย็น-ก่อนนอน,รับประทานครั้งละ 1 เม็ด,,,ยานี้ทำให้ง่วงนอน
1,100130,ลดน้ำมูก แพ้อากาศ,เช้า-กลางวัน-เย็น-ก่อนนอน,รับประทานครั้งละ 1 เม็ด,,,ยานี้ทำให้ง่วงนอน
1,100131,ช่วยให้นอนหลับ,วันละ 1 ครั้ง ช่วงเวลาเดียวกัน,รับประทานครั้งละ 1 เม็ด,,,ก่อนนอน 30 นาที
1,100132,ลดน้ำมูก แพ้อากาศ,วันละ 1 ครั้ง ช่วงเวลาเดียวกัน,รับประทานครั้งละ 1 เม็ด,,,เมื่อมีอาการ
1,100133,ลดน้ำมูก แพ้อากาศ,วันละ 1 ครั้ง ช่วงเวลาเดียวกัน,รับประทานครั้งละ 1 เม็ด,,,เมื่อมีอาการ
1,100134,ลดน้ำมูก แพ้อากาศ,วันละ 1 ครั้ง ช่วงเวลาเดียวกัน,รับประทานครั้งละ 1 เม็ด,,,เมื่อมีอาการ
1,100135,บรรเทาอาการหวัด คัดจมูก,เช้า-กลางวัน-เย็น,รับประทานครั้งละ 1 เม็ด,หลังอาหาร,,ยานี้ทำให้ง่วงนอน
1,100136,บรรเทาอาการหวัด คัดจมูก,เช้า-กลางวัน-เย็น,รับประทานครั้งละ 1 เม็ด,หลังอาหาร,,ยานี้ทำให้ง่วงนอน
1,100137,บรรเทาอาการหวัด คัดจมูก,เช้า-กลางวัน-เย็น,รับประทานครั้งละ 1 เม็ด,หลังอาหาร,,ยานี้ทำให้ง่วงนอน
1,100138,บรรเทาอาการหวัด คัดจมูก,เช้า-กลางวัน-เย็น,รับประทานครั้งละ 1 เม็ด,หลังอาหาร,,ยานี้ทำให้ง่วงนอน
1,100139,บรรเทาอาการหวัด ลดไข้,เช้า-กลางวัน-เย็น-ก่อนนอน,รับประทานครั้งละ 2 เม็ด,,,ยานี้ทำให้ง่วงนอน
1,100140,รักษาตาติดเชื้อ,เช้า-กลางวัน-เย็น-ก่อนนอน,หยอดวันละ 1-2 หยด,,เก็บในอุณหภูมิห้อง,เปิดใช้แล้วมีอายุ 1 เดือน
1,100141,รักษาตาติดเชื้อ,เช้า-กลางวัน-เย็น-ก่อนนอน,หยอดครั้งละ 1-2 หยด,,เก็บในอุณหภูมิห้อง,เปิดใช้แล้วมีอายุ 1 เดือน
1,100142,บรรเทาอาการระคายเคืองตา,เช้า-กลางวัน-เย็น-ก่อนนอน,หยอดครั้งละ 1-2 หยด,,เก็บในอุณหภูมิห้อง,เปิดใช้แล้วมีอายุ 1 เดือน
1,100143,บรรเทาอาการระคายเคืองตา,เช้า-กลางวัน-เย็น-ก่อนนอน,หยอดครั้งละ 1-2 หยด,,เก็บในอุณหภูมิห้อง,เปิดใช้แล้วมีอายุ 1 เดือน
1,100144,บรรเทาอาการระคายเคืองตา,เช้า-กลางวัน-เย็น-ก่อนนอน,หยอดครั้งละ 1-2 หยด,,เก็บในอุณหภูมิห้อง,เปิดใช้แล้วมีอายุ 1 เดือน
1,100145,บรรเทาอาการระคายเคืองตา,เช้า-กลางวัน-เย็น-ก่อนนอน,หยอดครั้งละ 1-2 หยด,,,
1,100146,บรรเทาอาการตาแดง,เช้า-กลางวัน-เย็น-ก่อนนอน,หยอดครั้งละ 1-2 หยด,,เก็บในอุณหภูมิห้อง,เปิดใช้แล้วมีอายุ 1 เดือน
1,100147,บรรเทาอาการตาแดง,เช้า-กลางวัน-เย็น-ก่อนนอน,หยอดครั้งละ 1-2 หยด,,เก็บในอุณหภูมิห้อง,เปิดใช้แล้วมีอายุ 1 เดือน
1,100148,บรรเทาอาการตาแดง,เช้า-กลางวัน-เย็น-ก่อนนอน,หยอดครั้งละ 1-2 หยด,,เก็บในอุณหภูมิห้อง,เปิดใช้แล้วมีอายุ 1 เดือน
1,100149,แก้ปวด ลดอักเสบ,เช้า-กลางวัน-เย็น-ก่อนนอน,หยอดครั้งละ 1-2 หยด,,เก็บในอุณหภูมิห้อง,เปิดใช้แล้วมีอายุ 1 เดือน
1,100150,แก้ปวด ลดอักเสบ,เช้า-กลางวัน-เย็น-ก่อนนอน,หยอดครั้งละ 1-2 หยด,,เก็บในอุณหภูมิห้อง,เปิดใช้แล้วมีอายุ 1 เดือน
1,100151,รักษาตาติดเชื้อ,เช้า-กลางวัน-เย็น-ก่อนนอน,หยอดครั้งละ 1-2 หยด,,เก็บในอุณหภูมิห้อง,เปิดใช้แล้วมีอายุ 1 เดือน
1,100152,ฆ่าเชื้อราที่หู,เช้า-กลางวัน-เย็น-ก่อนนอน,หยอดครั้งละ 2-3 หยด,,เก็บในอุณหภูมิห้อง,เปิดใช้แล้วมีอายุ 1 เดือน
1,100153,กำจัดขี้หู,เช้า-เย็น,หยอดครั้งละ 5-10 หยด,,,ทิ้งไว้ 15 นาที ไม่ควรใช้ติดต่อกันเกิน…4….วัน
1,100154,กำจัดขี้หู,เช้า-เย็น,หยอดครั้งละ 5-10 หยด,,,ทิ้งไว้ 15 นาที ไม่ควรใช้ติดต่อกันเกิน…4….วัน
1,100155,ฆ่าเชื้อแบคทีเรีย,เช้า-กลางวัน-เย็น-ก่อนนอน,ทาวันละ 4 ครั้ง,,,เปิดใช้แล้วมีอายุ 1 เดือน
1,100156,ลดอักเสบ,เช้า-เย็น,ทาวันละ 2 ครั้ง,,,เปิดใช้แล้วมีอายุ 1 เดือน
1,100157,ป้องกันความเสื่อมของเลนส์ตา ,เช้า-กลางวัน-เย็น-ก่อนนอน,หยอดครั้งละ 1-2 หยด,,,เปิดใช้แล้วมีอายุ 1 เดือน
1,100158,บรรเทาอาการตาแดง,เช้า-กลางวัน-เย็น-ก่อนนอน,หยอดครั้งละ 1-2 หยด,,,เปิดใช้แล้วมีอายุ 1 เดือน
1,100159,ลดความดันในตา,เช้า-กลางวัน-เย็น-ก่อนนอน,หยอดครั้งละ 1-2 หยด,,,เปิดใช้แล้วมีอายุ 1 เดือน
1,100160,ลดความดันในตา,เช้า-กลางวัน-เย็น-ก่อนนอน,หยอดครั้งละ 1-2 หยด,,,เปิดใช้แล้วมีอายุ 1 เดือน
1,100161,ลดความดันในตา,เช้า-กลางวัน-เย็น-ก่อนนอน,หยอดครั้งละ 1-2 หยด,,,เปิดใช้แล้วมีอายุ 1 เดือน
1,100162,ต้อกระจก,เช้า-กลางวัน-เย็น-ก่อนนอน,หยอดครั้งละ 1-2 หยด,,,เปิดใช้แล้วมีอายุ 1 เดือน
1,100163,บรรเทาอาการตาแห้ง,,ทาวันละ 2 ครั้ง,,,เปิดใช้แล้วมีอายุ 1 เดือน
1,100164,บรรเทาอาการระคายเคืองตา,เช้า-กลางวัน-เย็น-ก่อนนอน,หยอดครั้งละ 1-2 หยด,,,เปิดใช้แล้วมีอายุ 1 เดือน
1,100165,บรรเทาอาการตาแห้ง,ทุกครั้งที่มีอาการ,หยอดครั้งละ 1-2 หยด,,,เปิดใช้แล้วมีอายุ 1 เดือน
1,100166,บรรเทาอาการตาแห้ง,ทุกครั้งที่มีอาการ,หยอดครั้งละ 1-2 หยด,,,เปิดใช้แล้วมีอายุ 1 เดือน
1,100167,บรรเทาอาการตาแห้ง,ทุกครั้งที่มีอาการ,หยอดครั้งละ 1-2 หยด,,,เปิดใช้แล้วมีอายุ 1 เดือน
1,100168,บรรเทาอาการตาแห้ง,ทุกครั้งที่มีอาการ,หยอดครั้งละ 1-2 หยด,,,เปิดใช้แล้วมีอายุ 1 เดือน
1,100169,บรรเทาอาการตาแห้ง,ทุกครั้งที่มีอาการ,หยอดครั้งละ 1-2 หยด,,,เปิดใช้แล้วมีอายุ 1 เดือน
1,100170,รักษาตาติดเชื้อ,เช้า-กลางวัน-เย็น-ก่อนนอน,หยอดครั้งละ 1-2 หยด,,,เปิดใช้แล้วมีอายุ 1 เดือน
1,100171,ล้างตา,เช้า-เย็น,,,,เปิดใช้แล้วมีอายุ 1 เดือน
1,100172,ล้างตา,เช้า-เย็น,,,,เปิดใช้แล้วมีอายุ 1 เดือน
1,100173,ล้างตา,เช้า-เย็น,,,,เปิดใช้แล้วมีอายุ 1 เดือน
1,100175,บรรเทาอาการตาแห้ง,ทุกครั้งที่มีอาการ,หยอดครั้งละ 1-2 หยด,,,สำหรับใช้รายวัน
1,100176,บรรเทาอาการตาแห้ง,ทุกครั้งที่มีอาการ,หยอดครั้งละ 1-2 หยด,,,สำหรับใช้รายวัน
1,100177,บรรเทาอาการตาแห้ง,ทุกครั้งที่มีอาการ,หยอดครั้งละ 1-2 หยด,,,สำหรับใช้รายวัน
1,100178,บรรเทาอาการตาแห้ง,ทุกครั้งที่มีอาการ,หยอดครั้งละ 1-2 หยด,,,สำหรับใช้รายวัน
1,100179,บรรเทาอาการตาแห้ง,ทุกครั้งที่มีอาการ,หยอดครั้งละ 1-2 หยด,,,สำหรับใช้รายวัน
1,100180,รักษาสิว,วันละ 1 ครั้ง ช่วงเวลาเดียวกัน,ทาวันละ 1 ครั้ง,,,ก่อนนอน ยาไวต่อแสง ใช้ครีมกันแดดร่วมด้วย
1,100181,รักษาสิว,วันละ 1 ครั้ง ช่วงเวลาเดียวกัน,ทาวันละ 1 ครั้ง,,,ก่อนนอน ยาไวต่อแสง ใช้ครีมกันแดดร่วมด้วย
1,100182,รักษาสิว,เช้า-เย็น,ทาวันละ 2 ครั้ง,,,
1,100183,รักษาสิว,เช้า-เย็น,ทาวันละ 2 ครั้ง,,,ใช้ทาก่อนล้างหน้า 2 ครั้งต่อวัน (เช้า-เย็น) โดยให้ทา  ทิ้งไว้ 5 – 30 นาที แล้วล้างออก
1,100184,รักษาสิว,เช้า-เย็น,ทาวันละ 2 ครั้ง,,,
1,100185,รักษาสิว,เช้า-เย็น,ทาวันละ 2 ครั้ง,,,
1,100186,รักษาสิว,เช้า-เย็น,ทาวันละ 2 ครั้ง,,,ใช้ทาก่อนล้างหน้า 2 ครั้งต่อวัน (เช้า-เย็น) โดยให้ทา  ทิ้งไว้ 5 – 30 นาที แล้วล้างออก
1,100187,รักษาสิว,เช้า-เย็น,ทาวันละ 2 ครั้ง,,,
1,100188,ฆ่าเชื้อแบคทีเรีย,เช้า-เย็น,ทาวันละ 2 ครั้ง,,,
1,100189,ฆ่าเชื้อแบคทีเรีย,เช้า-เย็น,ทาวันละ 2 ครั้ง,,,
1,100190,ฆ่าเชื้อแบคทีเรีย,เช้า-เย็น,ทาวันละ 2 ครั้ง,,,แต้มที่สิวหลังล้างหน้า  ก่อนทาครีมบำรุงตัวอื่นๆ
1,100191,รักษาสิว,เช้า-เย็น,ทาวันละ 2 ครั้ง,,,
1,100192,รักษาสิว,เช้า-เย็น,ทาวันละ 2 ครั้ง,,,แนะนำใช่ร่วมกับครีมกันแดด
1,100193,ฆ่าเชื้อแบคทีเรีย,เช้า-เย็น,ทาวันละ 2 ครั้ง,,,
1,100194,ช่วยให้ปากสะอาด,เช้า-เย็น,,,,บ้วน เป็นประจำ
1,100195,ช่วยให้ปากสะอาด,เช้า-เย็น,,,,บ้วน เป็นประจำ
1,100196,ที่ตรวจการตั้งครรภ์,,,,,
1,100197,ที่ตรวจการตั้งครรภ์,,,,,
1,100199,บำรุงโลหิต,เช้า-เย็น,รับประทานครั้งละ 1-2 เม็ด,หลังอาหาร,,
1,100200,บำรุงโลหิต,เช้า-เย็น,รับประทานครั้งละ 1-2 เม็ด,หลังอาหาร,,
1,100201,บำรุงโลหิต,เช้า-เย็น,รับประทานครั้งละ 2 เม็ด,หลังอาหาร,,
1,100202,บำรุงโลหิต,เช้า-เย็น,รับประทานครั้งละ 1-2 เม็ด,หลังอาหาร,,
1,100203,บำรุงโลหิต,เช้า-เย็น,รับประทานครั้งละ 2 เม็ด,หลังอาหาร,,
1,100204,บำรุงโลหิต,เช้า-เย็น,รับประทานครั้งละ 2 เม็ด,หลังอาหาร,,
1,100205,รักษารอยแผลเป็น,เช้า-เย็น,ทาวันละ 2 ครั้ง,,,
1,100206,รักษารอยแผลเป็น,เช้า-เย็น,ทาวันละ 2 ครั้ง,,,
1,100207,รักษารอยแผลเป็น,เช้า-เย็น,ทาวันละ 2 ครั้ง,,,
1,100208,รักษารอยแผลเป็น,เช้า-เย็น,ทาวันละ 2 ครั้ง,,,
1,100209,รักษารอยแผลเป็น,เช้า-เย็น,ทาวันละ 2 ครั้ง,,,
1,100210,บำรุงโลหิต,เช้า-เย็น,รับประทานครั้งละ 1-2 เม็ด,ก่อนอาหาร,,
1,100211,รักษารอยแผลเป็น,เช้า-เย็น,ทาวันละ 2 ครั้ง,,,
1,100212,รักษารอยแผลเป็น,เช้า-เย็น,ทาวันละ 2 ครั้ง,,,
1,100213,รักษารอยแผลเป็น,เช้า-เย็น,ทาวันละ 2 ครั้ง,,,
1,100214,รักษารอยแผลเป็น,เช้า-เย็น,ทาวันละ 2 ครั้ง,,,
1,100215,รักษารอยแผลเป็น,เช้า-เย็น,ทาวันละ 2 ครั้ง,,,
1,100216,รักษาเริม,ทุก 4 ชั่วโมง,ทาวันละ 5 ครั้ง,,,
1,100217,ฆ่าเชื้อแบคทีเรีย,เช้า-เย็น,รับประทานครั้งละ 1 เม็ด,หลังอาหาร,,รับประทานยาติดต่อกันจนยาหมด เพื่อป้องกันการดื้อยา
1,100218,ฆ่าเชื้อแบคทีเรีย,เช้า-เย็น,รับประทานครั้งละ 1 เม็ด,หลังอาหาร,,รับประทานยาติดต่อกันจนยาหมด เพื่อป้องกันการดื้อยา
1,100219,ฆ่าเชื้อแบคทีเรีย,เช้า-เย็น,รับประทานครั้งละ 1 เม็ด,หลังอาหาร,,รับประทานยาติดต่อกันจนยาหมด เพื่อป้องกันการดื้อยา
1,100220,ฆ่าเชื้อแบคทีเรีย,เช้า-เย็น,รับประทานครั้งละ 1 เม็ด,หลังอาหาร,,รับประทานยาติดต่อกันจนยาหมด เพื่อป้องกันการดื้อยา
1,100221,ยาถ่ายพยาธิ,วันละ 1 ครั้ง ช่วงเวลาเดียวกัน,รับประทานครั้งละ 1 เม็ด,หลังอาหาร,,
1,100222,หูชั้นกลางอักเสบ,เช้า-เย็น,รับประทานครั้งละ 1 เม็ด,หลังอาหาร,,รับประทานยาติดต่อกันจนยาหมด เพื่อป้องกันการดื้อยา
1,100223,ฆ่าเชื้อแบคทีเรีย,เช้า-เย็น,รับประทานครั้งละ 1 เม็ด,หลังอาหาร,,รับประทานยาติดต่อกันจนยาหมด เพื่อป้องกันการดื้อยา
1,100224,ฆ่าเชื้อแบคทีเรีย,เช้า-เย็น,รับประทานครั้งละ 1 เม็ด,หลังอาหาร,,รับประทานยาติดต่อกันจนยาหมด เพื่อป้องกันการดื้อยา
1,100225,ฆ่าเชื้อในทางเดินหายใจ,เช้า-กลางวัน-เย็น,รับประทานครั้งละ 1 เม็ด,หลังอาหาร,,รับประทานยาติดต่อกันจนยาหมด เพื่อป้องกันการดื้อยา
1,100226,ฆ่าเชื้อในทางเดินหายใจ,เช้า-เย็น,รับประทานครั้งละ 1 เม็ด,หลังอาหาร,,รับประทานยาติดต่อกันจนยาหมด เพื่อป้องกันการดื้อยา
1,100227,รักษาหนองใน,วันละ 1 ครั้ง ช่วงเวลาเดียวกัน,รับประทานครั้งละ 4 เม็ด,,,ครั้งเดียว
1,100228,รักษาหนองใน,วันละ 1 ครั้ง ช่วงเวลาเดียวกัน,รับประทานครั้งละ 4 เม็ด,,,ครั้งเดียว
1,100229,ฆ่าเชื้อในทางเดินหายใจ,วันละ 1 ครั้ง ช่วงเวลาเดียวกัน,รับประทานครั้งละ 1 เม็ด,ก่อนอาหาร,,รับประทานยาติดต่อกันจนยาหมด เพื่อป้องกันการดื้อยา
1,100230,ฆ่าเชื้อในทางเดินหายใจ,เช้า-เย็น,รับประทานครั้งละ 1 เม็ด,ก่อนอาหาร,,รับประทานยาติดต่อกันจนยาหมด เพื่อป้องกันการดื้อยา
1,100231,ฆ่าเชื้อในทางเดินหายใจ,เช้า-เย็น,รับประทานครั้งละ 1 เม็ด,ก่อนอาหาร,,รับประทานยาติดต่อกันจนยาหมด เพื่อป้องกันการดื้อยา
1,100232,ฆ่าเชื้อในทางเดินหายใจ,เช้า-เย็น,รับประทานครั้งละ 1 เม็ด,ก่อนอาหาร,,รับประทานยาติดต่อกันจนยาหมด เพื่อป้องกันการดื้อยา
1,100233,ฆ่าเชื้อในทางเดินหายใจ,วันละ 1 ครั้ง ช่วงเวลาเดียวกัน,รับประทานครั้งละ 1 เม็ด,ก่อนอาหาร,,รับประทานยาติดต่อกันจนยาหมด เพื่อป้องกันการดื้อยา
1,100234,ฆ่าเชื้อในทางเดินหายใจ,วันละ 1 ครั้ง ช่วงเวลาเดียวกัน,รับประทานครั้งละ 1 เม็ด,ก่อนอาหาร,,รับประทานยาติดต่อกันจนยาหมด เพื่อป้องกันการดื้อยา
1,100235,ฆ่าเชื้อแบคทีเรีย,เช้า-กลางวัน-เย็น-ก่อนนอน,รับประทานครั้งละ 1 เม็ด,หลังอาหาร,,รับประทานยาติดต่อกันจนยาหมด เพื่อป้องกันการดื้อยา
1,100236,ฆ่าเชื้อแบคทีเรีย,เช้า-กลางวัน-เย็น,รับประทานครั้งละ 1 เม็ด,หลังอาหาร,,รับประทานยาติดต่อกันจนยาหมด เพื่อป้องกันการดื้อยา
1,100237,รักษาไซนัสอักเสบ,วันละ 1 ครั้ง ช่วงเวลาเดียวกัน,รับประทานครั้งละ 1 เม็ด,,,ติดต่อกัน 10-14 วัน รับประทานยาติดต่อกันจนยาหมด เพื่อป้องกันการดื้อยา
1,100238,ฆ่าเชื้อทางเดินปัสสาวะ,วันละ 1 ครั้ง ช่วงเวลาเดียวกัน,รับประทานครั้งละ 1 เม็ด,,,ติดต่อกัน 10 วัน รับประทานยาติดต่อกันจนยาหมด เพื่อป้องกันการดื้อยา
1,100239,รักษาไซนัสอักเสบ,วันละ 1 ครั้ง ช่วงเวลาเดียวกัน,รับประทานครั้งละ 1 เม็ด,,,ติดต่อ 10 วัน รับประทานยาติดต่อกันจนยาหมด เพื่อป้องกันการดื้อยา
1,100240,ฆ่าเชื้อทางเดินปัสสาวะ,เช้า-เย็น,รับประทานครั้งละ 1 เม็ด,หลังอาหาร,,รับประทานยาติดต่อกันจนยาหมด เพื่อป้องกันการดื้อยา
1,100241,ฆ่าเชื้อทางเดินปัสสาวะ,เช้า-เย็น,รับประทานครั้งละ 1 เม็ด,ก่อนอาหาร,,รับประทานยาติดต่อกันจนยาหมด เพื่อป้องกันการดื้อยา
1,100242,ฆ่าเชื้อทางเดินปัสสาวะ,เช้า-เย็น,รับประทานครั้งละ 1 เม็ด,ก่อนอาหาร,,รับประทานยาติดต่อกันจนยาหมด เพื่อป้องกันการดื้อยา
1,100243,ฆ่าเชื้อในทางเดินอาหาร,เช้า-เย็น,รับประทานครั้งละ 1 เม็ด,ก่อนอาหาร,,รับประทานยาติดต่อกันจนยาหมด เพื่อป้องกันการดื้อยา
1,100244,รักษาหนองใน,เช้า-เย็น,รับประทานครั้งละ 1 เม็ด,หลังอาหาร,,ติดต่อกัน 7-10 วัน รับประทานยาติดต่อกันจนยาหมด เพื่อป้องกันการดื้อยา
1,100245,ฆ่าเชื้อแบคทีเรีย,เช้า-กลางวัน-เย็น-ก่อนนอน,รับประทานครั้งละ 1 เม็ด,หลังอาหาร,,รับประทานยาติดต่อกันจนยาหมด เพื่อป้องกันการดื้อยา
1,100246,ฆ่าเชื้อรา,วันละ 1 ครั้ง ช่วงเวลาเดียวกัน,รับประทานครั้งละ 1 เม็ด,หลังอาหาร,,รับประทานยาติดต่อกันจนยาหมด เพื่อป้องกันการดื้อยา
1,100247,ฆ่าเชื้อแบคทีเรีย,เช้า-กลางวัน-เย็น,รับประทานครั้งละ 1 เม็ด,ก่อนอาหาร,,รับประทานยาติดต่อกันจนยาหมด เพื่อป้องกันการดื้อยา
1,100248,ฆ่าเชื้อในทางเดินหายใจ,เช้า-เย็น,รับประทานครั้งละ 2 เม็ด,หลังอาหาร,,รับประทานยาติดต่อกันจนยาหมด เพื่อป้องกันการดื้อยา
1,100249,ฆ่าเชื้อที่ผิวหนัง,เช้า-กลางวัน-เย็น-ก่อนนอน,รับประทานครั้งละ 1 เม็ด,ก่อนอาหาร,,รับประทานยาติดต่อกันจนยาหมด เพื่อป้องกันการดื้อยา
1,100250,ฆ่าเชื้อแบคทีเรีย,เช้า-กลางวัน-เย็น,รับประทานครั้งละ 1 เม็ด,ก่อนอาหาร,,รับประทานยาติดต่อกันจนยาหมด เพื่อป้องกันการดื้อยา
1,100251,ฆ่าเชื้อที่ผิวหนัง,เช้า-กลางวัน-เย็น-ก่อนนอน,รับประทานครั้งละ 1 เม็ด,ก่อนอาหาร,,รับประทานยาติดต่อกันจนยาหมด เพื่อป้องกันการดื้อยา
1,100252,รักษาช่องคลอดติดเชื้อ,เช้า-กลางวัน-เย็น,รับประทานครั้งละ 2 เม็ด,หลังอาหาร,,ติดต่อ 5 วัน รับประทานยาติดต่อกันจนยาหมด เพื่อป้องกันการดื้อยา
1,100253,ฆ่าเชื้อที่ผิวหนัง,เช้า-เย็น,รับประทานครั้งละ 1 เม็ด,หลังอาหาร,,รับประทานยาติดต่อกันจนยาหมด เพื่อป้องกันการดื้อยา
1,100254,ฆ่าเชื้อรา,วันละ 1 ครั้ง ช่วงเวลาเดียวกัน,รับประทานครั้งละ 2 เม็ด,หลังอาหาร,,วันแรก จากนั้น รับประทาน 1 เม็ดต่อเนื่อง
1,100255,ฆ่าเชื้อรา,วันละ 1 ครั้ง ช่วงเวลาเดียวกัน,รับประทานครั้งละ 1 เม็ด,ก่อนอาหาร,,รับประทานยาติดต่อกันจนยาหมด เพื่อป้องกันการดื้อยา
1,100256,ฆ่าเชื้อรา,,รับประทานครั้งละ 1 เม็ด,,,ครั้งเดียว ก่อนนอน
1,100257,รักษาเริม,,ทาวันละ 5 ครั้ง,,,
1,100258,รักษาเริม,,ทาวันละ 5 ครั้ง,,,
1,100259,รักษาเริม,ทุก 4 ชั่วโมง,รับประทานครั้งละ 1 เม็ด,,,วันละ 5 ครั้ง ติดต่อ 10 วัน
1,100260,รักษางูสวัด,ทุก 4 ชั่วโมง,รับประทานครั้งละ 1 เม็ด,,,วันละ 5 ครั้ง ติดต่อ 10 วัน
1,100261,รักษาเริม,เช้า-กลางวัน-เย็น,รับประทานครั้งละ 1 เม็ด,หลังอาหาร,,ติดต่อกัน 10 วัน
1,100262,รักษางูสวัด,ทุก 4 ชั่วโมง,รับประทานครั้งละ 1 เม็ด,หลังอาหาร,,วันละ 5 ครั้ง ติดต่อกัน 10 วัน
1,100263,รักษาเริม,ทุก 4 ชั่วโมง,รับประทานครั้งละ 1 เม็ด,หลังอาหาร,,วันละ 5 ครั้ง ติดต่อกัน 10 วัน
1,100264,รักษาเริม,เช้า-กลางวัน-เย็น,รับประทานครั้งละ 1 เม็ด,หลังอาหาร,,ติดต่อกัน 10 วัน
1,100265,รักษางูสวัด,ทุก 4 ชั่วโมง,รับประทานครั้งละ 1 เม็ด,หลังอาหาร,,วันละ 5 ครั้ง ติดต่อกัน 10 วัน
1,100266,ลดอาการอักเสบที่ผิวหนัง,เช้า-เย็น,ทาวันละ 2 ครั้ง,,,
1,100267,ลดอาการอักเสบที่ผิวหนัง,เช้า-เย็น,ทาวันละ 2 ครั้ง,,,
1,100268,ลดอาการอักเสบที่ผิวหนัง,เช้า-เย็น,ทาวันละ 2 ครั้ง,,,
1,100269,ลดอาการอักเสบที่ผิวหนัง,เช้า-กลางวัน-เย็น,ทาวันละ 2-3 ครั้ง,,,
1,100270,ลดอาการอักเสบที่ผิวหนัง,เช้า-เย็น,ทาวันละ 2 ครั้ง,,,
1,100271,ลดอาการอักเสบที่ผิวหนัง,เช้า-เย็น,ทาวันละ 2 ครั้ง,,,
1,100272,ลดอาการอักเสบที่ผิวหนัง,เช้า-เย็น,ทาวันละ 2 ครั้ง,,,
1,100273,ลดอาการอักเสบที่ผิวหนัง,เช้า-เย็น,ทาวันละ 2 ครั้ง,,,
1,100274,ลดอาการอักเสบที่ผิวหนัง,เช้า-เย็น,ทาวันละ 2 ครั้ง,,,
1,100275,ลดอาการคันที่ผิวหนัง,เช้า-เย็น,ทาวันละ 2 ครั้ง,,,
1,100276,ลดอาการคันที่ผิวหนัง,เช้า-เย็น,ทาวันละ 2 ครั้ง,,,
1,100277,ลดอาการอักเสบจากการแพ้,เช้า-เย็น,ทาวันละ 2 ครั้ง,,,ไม่ควรใช้ติดต่อกันเกิน…5….วัน
1,100278,ลดอาการอักเสบจากการแพ้,เช้า-เย็น,ทาวันละ 2 ครั้ง,,,ไม่ควรใช้ติดต่อกันเกิน…5….วัน
1,100279,ลดอาการอักเสบจากการแพ้,เช้า-เย็น,ทาวันละ 2 ครั้ง,,,ไม่ควรใช้ติดต่อกันเกิน…5….วัน
1,100280,ลดอาการอักเสบจากการแพ้,เช้า-เย็น,ทาวันละ 2 ครั้ง,,,ไม่ควรใช้ติดต่อกันเกิน…5….วัน
1,100281,รักษาผิวหนังอักเสบ นูนแข็ง,เช้า-เย็น,ทาวันละ 2 ครั้ง,,,
1,100282,ลดอาการอักเสบที่ผิวหนัง,เช้า-เย็น,ทาวันละ 2 ครั้ง,,,ไม่ควรใช้ติดต่อกันเกิน…5….วัน
1,100283,แก้แพ้ผื่นคัน,เช้า-กลางวัน-เย็น,ทาวันละ 3 ครั้ง,,,
1,100284,ลดอาการอักเสบที่ผิวหนัง,เช้า-เย็น,ทาวันละ 2 ครั้ง,,,ไม่ควรใช้ติดต่อกันเกิน…5….วัน
1,100285,ลดอาการอักเสบที่ผิวหนัง,เช้า-เย็น,ทาวันละ 2 ครั้ง,,,ไม่ควรใช้ติดต่อกันเกิน…5….วัน
1,100286,ลดอาการอักเสบที่ผิวหนัง,เช้า-เย็น,ทาวันละ 2 ครั้ง,,,ไม่ควรใช้ติดต่อกันเกิน…5….วัน
1,100287,ลดอาการอักเสบที่ผิวหนัง,เช้า-เย็น,ทาวันละ 2 ครั้ง,,,ไม่ควรใช้ติดต่อกันเกิน…5….วัน
1,100288,แก้แพ้ผื่นคัน,เช้า-กลางวัน-เย็น,ทาวันละ 3 ครั้ง,,,
1,100289,แก้แพ้ผื่นคัน,เช้า-กลางวัน-เย็น,ทาวันละ 3 ครั้ง,,,
1,100290,รักษาอาการคันจากเชื้อรา,เช้า-กลางวัน-เย็น,ทาวันละ 3 ครั้ง,,,
1,100291,รักษาอาการคันจากเชื้อรา,เช้า-เย็น,ทาวันละ 2 ครั้ง,,,
1,100293,รักษาอาการคันจากเชื้อรา,เช้า-เย็น,ทาวันละ 2 ครั้ง,,,
1,100294,รักษาอาการคันจากเชื้อรา,เช้า-เย็น,ทาวันละ 2 ครั้ง,,,
1,100295,รักษาอาการคันจากเชื้อรา,เช้า-เย็น,ทาวันละ 2 ครั้ง,,,
1,100296,รักษาอาการคันจากเชื้อรา,เช้า-เย็น,ทาวันละ 2 ครั้ง,,,
1,100297,รักษาผิวหนังอักเสบและเชื้อแบคทีเรีย,เช้า-เย็น,ทาวันละ 2 ครั้ง,,,
1,100298,รักษาผิวหนังอักเสบและเชื้อแบคทีเรีย,เช้า-เย็น,ทาวันละ 2 ครั้ง,,,
1,100299,รักษาผิวหนังอักเสบและเชื้อแบคทีเรีย,เช้า-เย็น,ทาวันละ 2 ครั้ง,,,
1,100300,รักษาผิวหนังอักเสบและเชื้อแบคทีเรีย,เช้า-เย็น,ทาวันละ 2 ครั้ง,,,
1,100301,รักษาผิวหนังอักเสบและเชื้อรา,เช้า-เย็น,ทาวันละ 2 ครั้ง,,,
1,100302,รักษาอาการคันจากเชื้อรา,เช้า-เย็น,ทาวันละ 2 ครั้ง,,,
1,100303,รักษาผิวหนังอักเสบและเชื้อแบคทีเรีย,เช้า-เย็น,ทาวันละ 2 ครั้ง,,,
1,100304,รักษาผิวหนังอักเสบและเชื้อแบคทีเรีย,เช้า-เย็น,ทาวันละ 2 ครั้ง,,,
1,100305,ฆ่าเชื้อรา,เช้า-เย็น,ทาวันละ 2 ครั้ง,,,
1,100306,รักษาผิวหนังอักเสบและเชื้อรา,เช้า-เย็น,ทาวันละ 2 ครั้ง,,,
1,100307,รักษาผิวหนังอักเสบและเชื้อรา,เช้า-เย็น,ทาวันละ 2 ครั้ง,,,
1,100308,รักษาอาการคันจากเชื้อรา,เช้า-เย็น,ทาวันละ 2 ครั้ง,,,
1,100309,รักษาอาการคันจากเชื้อรา,เช้า-เย็น,ทาวันละ 2 ครั้ง,,,
1,100310,รักษาผิวหนังอักเสบและเชื้อรา,เช้า-เย็น,ทาวันละ 2 ครั้ง,,,
1,100311,รักษาผิวหนังอักเสบและเชื้อรา,เช้า-เย็น,ทาวันละ 2 ครั้ง,,,
1,100312,รักษาอาการคันจากเชื้อราและแบคทีเรีย,เช้า-เย็น,ทาวันละ 2 ครั้ง,,,
1,100313,รักษาอาการคันจากเชื้อราและแบคทีเรีย,เช้า-เย็น,ทาวันละ 2 ครั้ง,,เก็บในอุณหภูมิห้อง,
1,100314,รักษาอาการคันจากเชื้อราและแบคทีเรีย,เช้า-เย็น,ทาวันละ 2 ครั้ง,,,
1,100315,รักษาอาการคันจากเชื้อราและแบคทีเรีย,เช้า-เย็น,ทาวันละ 2 ครั้ง,,,
1,100316,รักษาอาการคันจากเชื้อราและแบคทีเรีย,เช้า-เย็น,ทาวันละ 2 ครั้ง,,,
1,100317,รักษาอาการคันจากเชื้อราและแบคทีเรีย,เช้า-กลางวัน-เย็น,ทาวันละ 3 ครั้ง,,,
1,100318,รักษาอาการคันจากเชื้อราและแบคทีเรีย,เช้า-เย็น,ทาวันละ 2 ครั้ง,,,
1,100319,รักษาอาการคันจากเชื้อราและแบคทีเรีย,เช้า-เย็น,ทาวันละ 2 ครั้ง,,,
1,100320,ฆ่าเชื้อรา,เช้า-เย็น,ทาวันละ 2 ครั้ง,,,
1,100321,ฆ่าเชื้อรา,เช้า-เย็น,ทาวันละ 2 ครั้ง,,,
1,100322,ฆ่าเชื้อรา,เช้า-เย็น,ทาวันละ 2 ครั้ง,,,
1,100323,ฆ่าเชื้อรา,เช้า-เย็น,ทาวันละ 2 ครั้ง,,,
1,100324,รักษาแผลไฟไหม้ น้ำร้อนลวก,เช้า-กลางวัน-เย็น,ทาวันละ 3 ครั้ง,,,
1,100325,รักษาแผลไฟไหม้ น้ำร้อนลวก,เช้า-กลางวัน-เย็น,ทาวันละ 3 ครั้ง,,,
1,100326,รักษาผิวหนังอักเสบ นูนแข็ง,เช้า-เย็น,ทาวันละ 2 ครั้ง,,,ไม่ควรใช้ติดต่อกันเกิน…5….วัน
1,100327,รักษาผิวหนังอักเสบ นูนแข็ง,เช้า-เย็น,ทาวันละ 2 ครั้ง,,,ไม่ควรใช้ติดต่อกันเกิน…5….วัน
1,100328,รักษาผิวหนังอักเสบ นูนแข็ง,เช้า-เย็น,ทาวันละ 2 ครั้ง,,,ไม่ควรใช้ติดต่อกันเกิน…5….วัน
1,100329,รักษาอาการคันจากเชื้อรา,เช้า-กลางวัน-เย็น,ทาวันละ 3 ครั้ง,,,
1,100330,ฆ่าเชื้อรา,เช้า-เย็น,,,,กลั้วในช่องปาก
1,100331,ลดอาการอักเสบที่ผิวหนัง,เช้า-เย็น,ทาวันละ 2 ครั้ง,,,ไม่ควรใช้ติดต่อกันเกิน…5….วัน
1,100332,ฆ่าเชื้อรา,เช้า-เย็น,ทาวันละ 2 ครั้ง,,,
1,100333,รักษาอาการคันจากเชื้อรา,เช้า-กลางวัน-เย็น-ก่อนนอน,ทาวันละ 4 ครั้ง,,,ใช้ติดต่อกัน 4-6 สัปดาห์
1,100334,รักษาอาการคันจากเชื้อรา,เช้า-กลางวัน-เย็น-ก่อนนอน,ทาวันละ 4 ครั้ง,,,ใช้ติดต่อกัน 4-6 สัปดาห์
1,100335,ลดอาการคันที่ผิวหนัง,เช้า-เย็น,ทาวันละ 2 ครั้ง,,,
1,100336,รักษาอาการคันจากเชื้อรา,เช้า-เย็น,ทาวันละ 2 ครั้ง,,,
1,100337,รักษาอาการคันจากเชื้อรา,เช้า-เย็น,ทาวันละ 2 ครั้ง,,,
1,100338,รักษาอาการคันจากเชื้อราและผิวหนังแข็ง,เช้า-เย็น,ทาวันละ 2 ครั้ง,,,
1,100339,รักษาอาการคันจากเชื้อรา,เช้า-เย็น,ทาวันละ 2 ครั้ง,,,
1,100340,ฆ่าเชื้อรา,วันละ 1 ครั้ง ช่วงเวลาเดียวกัน,ทาวันละ 1 ครั้ง,,,
1,100341,ฆ่าเชื้อรา,เช้า-เย็น,ทาวันละ 2 ครั้ง,,,
1,100342,ฆ่าเชื้อรา,เช้า-เย็น,ทาวันละ 2 ครั้ง,,,
1,100343,ฆ่าเชื้อรา,เช้า-เย็น,ทาวันละ 2 ครั้ง,,,
1,100344,ฆ่าเชื้อรา,เช้า-เย็น,ทาวันละ 2 ครั้ง,,,
1,100345,ลดอาการคันที่ผิวหนัง,เช้า-เย็น,ทาวันละ 2 ครั้ง,,,
1,100346,ลดอาการคันที่ผิวหนัง,เช้า-เย็น,ทาวันละ 2 ครั้ง,,,
1,100347,ลดอาการคันที่ผิวหนัง,เช้า-เย็น,ทาวันละ 2 ครั้ง,,,
1,100348,รักษาข้อกระดูกเสื่อม,เช้า-กลางวัน-เย็น,รับประทานครั้งละ 1 เม็ด,พร้อมอาหาร,,
1,100349,รักษาข้อกระดูกเสื่อม,วันละ 1 ครั้ง ช่วงเวลาเดียวกัน,รับประทานครั้งละ 1 ซอง,ก่อนอาหาร,,ผสมน้ำ 1 แก้ว 
1,100350,รักษาข้อกระดูกเสื่อม,วันละ 1 ครั้ง ช่วงเวลาเดียวกัน,รับประทานครั้งละ 1 ซอง,ก่อนอาหาร,,ผสมน้ำ 1 แก้ว 
1,100351,รักษาข้อกระดูกเสื่อม,วันละ 1 ครั้ง ช่วงเวลาเดียวกัน,รับประทานครั้งละ 1 ซอง,ก่อนอาหาร,,ผสมน้ำ 1 แก้ว 
1,100352,บำรุงกระดูก,,รับประทานครั้งละ 1 เม็ด,หลังอาหาร,,วันละครั้ง ตอนเช้า
1,100353,บำรุงร่างกาย ,,รับประทานครั้งละ 1 เม็ด,หลังอาหาร,,วันละครั้ง ตอนเช้า
1,100354,แก้ปวด ลดอักเสบ,วันละ 1 ครั้ง ช่วงเวลาเดียวกัน,รับประทานครั้งละ 1 เม็ด,หลังอาหาร,,ยามีฤทธิ์ระคายเคืองกระเพาะอาหาร
1,100355,แก้ปวด ลดอักเสบ,วันละ 1 ครั้ง ช่วงเวลาเดียวกัน,รับประทานครั้งละ 1 เม็ด,หลังอาหาร,,ยามีฤทธิ์ระคายเคืองกระเพาะอาหาร
1,100356,รักษาข้อกระดูกเสื่อม,วันละ 1 ครั้ง ช่วงเวลาเดียวกัน,รับประทานครั้งละ 1 ซอง,ก่อนอาหาร,,ผสมน้ำ 1 แก้ว
1,100357,บำรุงร่างกาย ,วันละ 1 ครั้ง ช่วงเวลาเดียวกัน,รับประทานครั้งละ 1 เม็ด,หลังอาหาร,,วันละ 1 ครั้ง ตอนเช้า
1,100358,ลดไข้ บรรเทาอาการปวด,ทุก 6 ชั่วโมง,รับประทานครั้งละ 1-2 เม็ด,,,ไม่ควรใช้ติดต่อกันเกิน…5….วัน
1,100359,ลดไข้ บรรเทาอาการปวด,ทุก 6 ชั่วโมง,รับประทานครั้งละ 1-2 เม็ด,,,ไม่ควรใช้ติดต่อกันเกิน…5….วัน
1,100360,ลดไข้ บรรเทาอาการปวด,ทุก 6 ชั่วโมง,รับประทานครั้งละ 1-2 เม็ด,,,ไม่ควรใช้ติดต่อกันเกิน…5….วัน
1,100361,ลดไข้ บรรเทาอาการปวด,ทุก 6 ชั่วโมง,รับประทานครั้งละ 1-2 เม็ด,,,ไม่ควรใช้ติดต่อกันเกิน…5….วัน
1,100362,ลดไข้ บรรเทาอาการปวด,ทุก 6 ชั่วโมง,รับประทานครั้งละ 1-2 เม็ด,,,ไม่ควรใช้ติดต่อกันเกิน…5….วัน
1,100363,ลดไข้ บรรเทาอาการปวด,ทุก 6 ชั่วโมง,รับประทานครั้งละ 1-2 เม็ด,,,ไม่ควรใช้ติดต่อกันเกิน…5….วัน
1,100364,ลดไข้ บรรเทาอาการปวด,ทุก 6 ชั่วโมง,รับประทานครั้งละ 1-2 เม็ด,,,ไม่ควรใช้ติดต่อกันเกิน…5….วัน
1,100365,ลดไข้ บรรเทาอาการปวด,ทุก 6 ชั่วโมง,รับประทานครั้งละ 1-2 เม็ด,,,ไม่ควรใช้ติดต่อกันเกิน…5….วัน
1,100366,ลดไข้ บรรเทาอาการปวด,ทุก 6 ชั่วโมง,รับประทานครั้งละ 1-2 เม็ด,,,ไม่ควรใช้ติดต่อกันเกิน…5….วัน
1,100367,เสริมแคลเซียม,วันละ 1 ครั้ง ช่วงเวลาเดียวกัน,รับประทานครั้งละ 1 เม็ด,หลังอาหาร,,ตอนเช้า
1,100368,เสริมแคลเซียม,เช้า-กลางวัน-เย็น,รับประทานครั้งละ 1 เม็ด,หลังอาหาร,,
1,100369,แก้ปวด ลดอักเสบ,เช้า-กลางวัน-เย็น,รับประทานครั้งละ 1 เม็ด,หลังอาหาร,,ยามีฤทธิ์ระคายเคืองกระเพาะอาหาร
1,100370,แก้ปวด ลดอักเสบ,เช้า-กลางวัน-เย็น,รับประทานครั้งละ 1 เม็ด,หลังอาหาร,,ยามีฤทธิ์ระคายเคืองกระเพาะอาหาร
1,100371,แก้ปวด ลดอักเสบ,เช้า-เย็น,รับประทานครั้งละ 1 เม็ด,หลังอาหาร,,ยามีฤทธิ์ระคายเคืองกระเพาะอาหาร
1,100372,แก้ปวด ลดอักเสบ,เช้า-เย็น,รับประทานครั้งละ 1 เม็ด,หลังอาหาร,,ยามีฤทธิ์ระคายเคืองกระเพาะอาหาร
1,100373,แก้ปวด ลดอักเสบ ลดไข้,เช้า-กลางวัน-เย็น,รับประทานครั้งละ 1 เม็ด,หลังอาหาร,,
1,100374,แก้ปวด ลดอักเสบ,เช้า-เย็น,รับประทานครั้งละ 1 เม็ด,หลังอาหาร,,ยามีฤทธิ์ระคายเคืองกระเพาะอาหาร
1,100375,แก้ปวด ลดอักเสบ,เช้า-กลางวัน-เย็น,รับประทานครั้งละ 1 เม็ด,หลังอาหาร,,ยามีฤทธิ์ระคายเคืองกระเพาะอาหาร
1,100376,แก้ปวด ลดอักเสบ,เช้า-กลางวัน-เย็น,รับประทานครั้งละ 1 เม็ด,หลังอาหาร,,ยามีฤทธิ์ระคายเคืองกระเพาะอาหาร
1,100377,แก้ปวด ลดอักเสบ,เช้า-เย็น,รับประทานครั้งละ 1 เม็ด,หลังอาหาร,,ยามีฤทธิ์ระคายเคืองกระเพาะอาหาร
1,100378,แก้ปวด ลดอักเสบ,เช้า-เย็น,รับประทานครั้งละ 1 เม็ด,หลังอาหาร,,ยามีฤทธิ์ระคายเคืองกระเพาะอาหาร
1,100379,แก้ปวด ลดอักเสบ,เช้า-เย็น,รับประทานครั้งละ 1 เม็ด,หลังอาหาร,,ยามีฤทธิ์ระคายเคืองกระเพาะอาหาร
1,100380,แก้ปวด ลดอักเสบ,เช้า-เย็น,รับประทานครั้งละ 1 เม็ด,หลังอาหาร,,ยามีฤทธิ์ระคายเคืองกระเพาะอาหาร
1,100381,แก้ปวด ลดอักเสบ,เช้า-เย็น,รับประทานครั้งละ 1 เม็ด,หลังอาหาร,,ยามีฤทธิ์ระคายเคืองกระเพาะอาหาร
1,100382,แก้ปวด ลดอักเสบ,เช้า-เย็น,รับประทานครั้งละ 1 เม็ด,หลังอาหาร,,ยามีฤทธิ์ระคายเคืองกระเพาะอาหาร
1,100383,แก้ปวด ลดอักเสบ,เช้า-เย็น,รับประทานครั้งละ 1 เม็ด,หลังอาหาร,,ยามีฤทธิ์ระคายเคืองกระเพาะอาหาร
1,100384,แก้ปวด ลดอักเสบ,เช้า-เย็น,รับประทานครั้งละ 1 เม็ด,หลังอาหาร,,ยามีฤทธิ์ระคายเคืองกระเพาะอาหาร
1,100385,แก้ปวด ลดอักเสบ,เช้า-เย็น,รับประทานครั้งละ 1 เม็ด,หลังอาหาร,,ยามีฤทธิ์ระคายเคืองกระเพาะอาหาร
1,100386,แก้ปวด ลดอักเสบ,เช้า-เย็น,รับประทานครั้งละ 1 เม็ด,หลังอาหาร,,ยามีฤทธิ์ระคายเคืองกระเพาะอาหาร
1,100387,แก้ปวด ลดอักเสบ,เช้า-เย็น,รับประทานครั้งละ 1 เม็ด,หลังอาหาร,,ยามีฤทธิ์ระคายเคืองกระเพาะอาหาร
1,100388,แก้ปวด ลดอักเสบ,,,,,ยามีฤทธิ์ระคายเคืองกระเพาะอาหาร
1,100389,แก้ปวด ลดอักเสบ,,,,,ยามีฤทธิ์ระคายเคืองกระเพาะอาหาร
1,100390,แก้ปวด ลดอักเสบ,เช้า-กลางวัน-เย็น,รับประทานครั้งละ 1 เม็ด,หลังอาหาร,,ยามีฤทธิ์ระคายเคืองกระเพาะอาหาร
1,100391,แก้ปวด ลดอักเสบ,เช้า-กลางวัน-เย็น,รับประทานครั้งละ 1 เม็ด,หลังอาหาร,,ยามีฤทธิ์ระคายเคืองกระเพาะอาหาร
1,100392,แก้ปวด ลดอักเสบ,เช้า-กลางวัน-เย็น,รับประทานครั้งละ 1 เม็ด,หลังอาหาร,,ยามีฤทธิ์ระคายเคืองกระเพาะอาหาร
1,100393,แก้ปวด ลดอักเสบ,,รับประทานครั้งละ 1 เม็ด,หลังอาหาร,,วันละ 1 ครั้ง
1,100394,แก้ปวด ลดอักเสบ,วันละ 1 ครั้ง ช่วงเวลาเดียวกัน,รับประทานครั้งละ 1 เม็ด,หลังอาหาร,,ยามีฤทธิ์ระคายเคืองกระเพาะอาหาร
1,100395,แก้ปวด ลดอักเสบ,,รับประทานครั้งละ 1 เม็ด,หลังอาหาร,,วันละ 1 ครั้ง
1,100396,แก้ปวด ลดอักเสบ,,รับประทานครั้งละ 1 เม็ด,หลังอาหาร,,วันละ 1 ครั้ง
1,100397,แก้ปวด ลดอักเสบ,เช้า-กลางวัน-เย็น,รับประทานครั้งละ 1 เม็ด,หลังอาหาร,,ยามีฤทธิ์ระคายเคืองกระเพาะอาหาร
1,100398,แก้ปวด ลดอักเสบ,,รับประทานครั้งละ 1 เม็ด,หลังอาหาร,,วันละ 1 ครั้ง
1,100399,แก้ปวด ลดอักเสบ,,รับประทานครั้งละ 1 เม็ด,หลังอาหาร,,วันละ 1 ครั้ง
1,100400,แก้ปวด ลดอักเสบ,,รับประทานครั้งละ 1 เม็ด,หลังอาหาร,,วันละ 1 ครั้ง
1,100401,ลดไข้ บรรเทาอาการปวด,ทุก 6 ชั่วโมง,รับประทานครั้งละ 1-2 เม็ด,,,ไม่ควรใช้ติดต่อกันเกิน…5….วัน
1,100402,ลดไข้ บรรเทาอาการปวด,ทุก 6 ชั่วโมง,รับประทานครั้งละ 1-2 เม็ด,,,ไม่ควรใช้ติดต่อกันเกิน…5….วัน
1,100403,ลดไข้ บรรเทาอาการปวด,ทุก 6 ชั่วโมง,รับประทานครั้งละ 1-2 เม็ด,,,ไม่ควรใช้ติดต่อกันเกิน…5….วัน
1,100404,ลดไข้ บรรเทาอาการปวด,ทุก 6 ชั่วโมง,รับประทานครั้งละ 1-2 เม็ด,,,ไม่ควรใช้ติดต่อกันเกิน…5….วัน
1,100405,ลดไข้ บรรเทาอาการปวด,ทุก 6 ชั่วโมง,รับประทานครั้งละ 1-2 เม็ด,,,ไม่ควรใช้ติดต่อกันเกิน…5….วัน
1,100406,แก้ปวด ลดอักเสบ,เช้า-กลางวัน-เย็น,รับประทานครั้งละ 1 เม็ด,หลังอาหาร,,ยามีฤทธิ์ระคายเคืองกระเพาะอาหาร
1,100407,แก้ปวด ลดอักเสบ,เช้า-กลางวัน-เย็น,รับประทานครั้งละ 1 เม็ด,หลังอาหาร,,ยามีฤทธิ์ระคายเคืองกระเพาะอาหาร
1,100408,แก้ปวด ลดอักเสบ,เช้า-กลางวัน-เย็น,รับประทานครั้งละ 1 เม็ด,หลังอาหาร,,ยามีฤทธิ์ระคายเคืองกระเพาะอาหาร
1,100409,ลดไข้ บรรเทาอาการปวด,เช้า-กลางวัน-เย็น,รับประทานครั้งละ 1 เม็ด,หลังอาหาร,,ยามีฤทธิ์ระคายเคืองกระเพาะอาหาร
1,100410,แก้ปวด ลดอักเสบ,เช้า-กลางวัน-เย็น,รับประทานครั้งละ 1 เม็ด,หลังอาหาร,เก็บในอุณหภูมิห้อง,
1,100411,แก้ปวด ลดอักเสบ,เช้า-กลางวัน-เย็น,รับประทานครั้งละ 1 เม็ด,หลังอาหาร,เก็บในอุณหภูมิห้อง,
1,100412,คลายกล้ามเนื้อ,เช้า-กลางวัน-เย็น,รับประทานครั้งละ 1 เม็ด,หลังอาหาร,,
1,100413,คลายกล้ามเนื้อ,เช้า-กลางวัน-เย็น,รับประทานครั้งละ 1 เม็ด,หลังอาหาร,,
1,100414,คลายกล้ามเนื้อ,เช้า-กลางวัน-เย็น,รับประทานครั้งละ 1 เม็ด,หลังอาหาร,,
1,100415,ลดบวม ฟกช้ำ,เช้า-กลางวัน-เย็น,รับประทานครั้งละ 1 เม็ด,หลังอาหาร,,
1,100416,ลดบวม ฟกช้ำ,เช้า-กลางวัน-เย็น,ทาวันละ 3 ครั้ง,,,
1,100417,ลดบวม ลดอักเสบ,เช้า-กลางวัน-เย็น,รับประทานครั้งละ 1 เม็ด,หลังอาหาร,,
1,100418,ลดบวม ลดอักเสบ,เช้า-กลางวัน-เย็น,รับประทานครั้งละ 1 เม็ด,หลังอาหาร,,
1,100419,แก้ปวด คลายกล้ามเนื้อ,เช้า-กลางวัน-เย็น,รับประทานครั้งละ 1 เม็ด,หลังอาหาร,,ยานี้ทำให้ง่วงนอน
1,100420,แก้ปวด คลายกล้ามเนื้อ,เช้า-กลางวัน-เย็น,รับประทานครั้งละ 1 เม็ด,หลังอาหาร,,ยานี้ทำให้ง่วงนอน
1,100421,แก้ปวด คลายกล้ามเนื้อ,เช้า-กลางวัน-เย็น,รับประทานครั้งละ 1 เม็ด,หลังอาหาร,,ยานี้ทำให้ง่วงนอน
1,100422,แก้ปวด คลายกล้ามเนื้อ,เช้า-กลางวัน-เย็น,รับประทานครั้งละ 1 เม็ด,หลังอาหาร,,ยานี้ทำให้ง่วงนอน
1,100423,รักษากรดไหลย้อน,ทุกครั้งที่มีอาการ,รับประทานครั้งละ 1-2 ซอง,,,
1,100424,รักษากรดไหลย้อน,ทุกครั้งที่มีอาการ,รับประทานครั้งละ 1-2 ซอง,,,
1,100425,ลดกรดในกระเพาะอาหาร,ทุกครั้งที่มีอาการ,รับประทานครั้งละ 1-2 ซอง,,,
1,100426,ลดกรดในกระเพาะอาหาร,ทุกครั้งที่มีอาการ,รับประทานครั้งละ 1-2 ซอง,,,
1,100427,แก้จุกเสียด แน่นท้อง ขับลม ,เช้า-กลางวัน-เย็น,รับประทานครั้งละ 2 เม็ด,หลังอาหาร,เก็บในอุณหภูมิห้อง,ใช้ติดต่อกัน 4-6 สัปดาห์
1,100428,ช่วยย่อยอาหาร,เช้า-กลางวัน-เย็น,รับประทานครั้งละ 2-4 เม็ด,หลังอาหาร,เก็บในอุณหภูมิห้อง,
1,100429,ลดกรดในกระเพาะอาหาร,เช้า-เย็น,รับประทานครั้งละ 2 ช้อนโต๊ะ,ก่อนอาหาร,เก็บในอุณหภูมิห้อง,เขย่าขวดก่อนรับประทาน
1,100430,แก้จุกเสียด แน่นท้อง ขับลม ,เช้า-กลางวัน-เย็น-ก่อนนอน,รับประทานครั้งละ 1 ช้อนโต๊ะ,หลังอาหาร,เก็บในอุณหภูมิห้อง,เขย่าขวดก่อนรับประทาน
1,100431,ลดกรด ขับลม ,เช้า-กลางวัน-เย็น-ก่อนนอน,รับประทานครั้งละ 1 ช้อนโต๊ะ,หลังอาหาร,เก็บในอุณหภูมิห้อง,เขย่าขวดก่อนรับประทาน
1,100432,ลดกรด ขับลม ,เช้า-กลางวัน-เย็น-ก่อนนอน,รับประทานครั้งละ 1 ช้อนโต๊ะ,หลังอาหาร,เก็บในอุณหภูมิห้อง,เขย่าขวดก่อนรับประทาน
1,100433,ลดกรด ขับลม ,เช้า-กลางวัน-เย็น-ก่อนนอน,รับประทานครั้งละ 2 ช้อนโต๊ะ,หลังอาหาร,เก็บในอุณหภูมิห้อง,เขย่าขวดก่อนรับประทาน
1,100434,รักษากรดไหลย้อน,เช้า-กลางวัน-เย็น-ก่อนนอน,รับประทานครั้งละ 1 ช้อนโต๊ะ,หลังอาหาร,เก็บในอุณหภูมิห้อง,เขย่าขวดก่อนรับประทาน
1,100435,ลดกรด ขับลม ,เช้า-กลางวัน-เย็น-ก่อนนอน,รับประทานครั้งละ 2 ช้อนโต๊ะ,ก่อนอาหาร,เก็บในอุณหภูมิห้อง,เขย่าขวดก่อนรับประทาน
1,100436,แก้จุกเสียด แน่นท้อง ขับลม ,ทุกครั้งที่มีอาการ,รับประทานครั้งละ 1 ช้อนโต๊ะ,,เก็บในอุณหภูมิห้อง,เขย่าขวดก่อนรับประทาน
1,100437,รักษากรดไหลย้อน,เช้า-กลางวัน-เย็น-ก่อนนอน,รับประทานครั้งละ 1 ช้อนโต๊ะ,หลังอาหาร,เก็บในอุณหภูมิห้อง,เขย่าขวดก่อนรับประทาน
1,100438,ลดกรดในกระเพาะอาหาร,เช้า-กลางวัน-เย็น-ก่อนนอน,รับประทานครั้งละ 1 ช้อนโต๊ะ,หลังอาหาร,เก็บในอุณหภูมิห้อง,เขย่าขวดก่อนรับประทาน
1,100439,รักษากรดไหลย้อน,เช้า-กลางวัน-เย็น-ก่อนนอน,รับประทานครั้งละ 1 ช้อนโต๊ะ,หลังอาหาร,เก็บในอุณหภูมิห้อง,เขย่าขวดก่อนรับประทาน
1,100440,แก้จุกเสียด แน่นท้อง ขับลม ,เช้า-กลางวัน-เย็น,รับประทานครั้งละ 1 ช้อนโต๊ะ,หลังอาหาร,เก็บในอุณหภูมิห้อง,เขย่าขวดก่อนรับประทาน
1,100441,แก้จุกเสียด แน่นท้อง ขับลม ,เช้า-กลางวัน-เย็น,รับประทานครั้งละ 1 ช้อนโต๊ะ,หลังอาหาร,เก็บในอุณหภูมิห้อง,
1,100442,แก้จุกเสียด แน่นท้อง ขับลม ,เช้า-กลางวัน-เย็น,รับประทานครั้งละ 1 ช้อนโต๊ะ,หลังอาหาร,เก็บในอุณหภูมิห้อง,เขย่าขวดก่อนรับประทาน
1,100443,แก้ท้องอืดท้องเฟ้อ,เช้า-กลางวัน-เย็น,รับประทานครั้งละ 1 ช้อนโต๊ะ,หลังอาหาร,เก็บในอุณหภูมิห้อง,เขย่าขวดก่อนรับประทาน
1,100444,ช่วยย่อยอาหาร,เช้า-กลางวัน-เย็น,รับประทานครั้งละ 2 เม็ด,หลังอาหาร,เก็บในอุณหภูมิห้อง,
1,100445,ช่วยย่อยอาหาร,เช้า-กลางวัน-เย็น,รับประทานครั้งละ 1 เม็ด,หลังอาหาร,เก็บในอุณหภูมิห้อง,
1,100446,ช่วยย่อยอาหาร,เช้า-กลางวัน-เย็น,รับประทานครั้งละ 1 เม็ด,หลังอาหาร,,
1,100447,แก้จุกเสียด แน่นท้อง ขับลม ,เช้า-กลางวัน-เย็น,รับประทานครั้งละ 1 เม็ด,หลังอาหาร,,
1,100448,แก้จุกเสียด แน่นท้อง ขับลม ,เช้า-กลางวัน-เย็น,รับประทานครั้งละ 1 เม็ด,หลังอาหาร,,
1,100449,แก้จุกเสียด แน่นท้อง ขับลม ,เช้า-กลางวัน-เย็น,รับประทานครั้งละ 1 เม็ด,หลังอาหาร,,
1,100450,ลดแสบ ปวด จุกเสียดท้อง,เช้า-กลางวัน-เย็น,รับประทานครั้งละ 2 เม็ด,หลังอาหาร,,
1,100451,แก้จุกเสียด แน่นท้อง ขับลม ,เช้า-กลางวัน-เย็น,รับประทานครั้งละ 1-2 เม็ด,หลังอาหาร,,
1,100452,รักษาท้องเสีย ปวดท้อง จุกเสียด,เช้า-กลางวัน-เย็น,รับประทานครั้งละ 1-2 เม็ด,หลังอาหาร,เก็บในอุณหภูมิห้อง,
1,100453,ลดอาการแสบท้องและหลอดอาหาร,เช้า-กลางวัน-เย็น,รับประทานครั้งละ 2 เม็ด,หลังอาหาร,,
1,100454,แก้ท้องอืดท้องเฟ้อ,เช้า-กลางวัน-เย็น,รับประทานครั้งละ 1 เม็ด,หลังอาหาร,,เคี้ยวให้ละเอียดก่อนกลืน
1,100455,แก้ท้องอืดท้องเฟ้อ,เช้า-กลางวัน-เย็น,รับประทานครั้งละ 1 เม็ด,หลังอาหาร,,เคี้ยวให้ละเอียดก่อนกลืน
1,100456,แก้ท้องอืดท้องเฟ้อ,เช้า-กลางวัน-เย็น-ก่อนนอน,รับประทานครั้งละ 1 เม็ด,หลังอาหาร,,เคี้ยวให้ละเอียดก่อนกลืน
1,100457,แก้ท้องอืดท้องเฟ้อ,เช้า-กลางวัน-เย็น-ก่อนนอน,รับประทานครั้งละ 1 เม็ด,หลังอาหาร,,เคี้ยวให้ละเอียดก่อนกลืน
1,100458,แก้ท้องอืดท้องเฟ้อ,เช้า-กลางวัน-เย็น-ก่อนนอน,รับประทานครั้งละ 1 เม็ด,หลังอาหาร,,เคี้ยวให้ละเอียดก่อนกลืน
1,100459,แก้ท้องอืดท้องเฟ้อ,ทุกครั้งที่มีอาการ,รับประทานครั้งละ 1 เม็ด,,,เคี้ยวให้ละเอียดก่อนกลืน
1,100460,ลดกรด ขับลม ,เช้า-กลางวัน-เย็น-ก่อนนอน,รับประทานครั้งละ 1 เม็ด,หลังอาหาร,,เคี้ยวให้ละเอียดก่อนกลืน
1,100461,แก้ท้องอืดท้องเฟ้อ,ทุกครั้งที่มีอาการ,รับประทานครั้งละ 1 ซอง,,,ผสมน้ำ 1 แก้ว รอจนฟองหมดแล้วดื่ม
1,100462,แก้ท้องอืดท้องเฟ้อ,ทุกครั้งที่มีอาการ,รับประทานครั้งละ 1 ซอง,,,ผสมน้ำ 1 แก้ว รอจนฟองหมดแล้วดื่ม
1,100463,รักษาโรคกระเพาะ,,รับประทานครั้งละ 1 เม็ด,,,ก่อนอาหารเช้า ใช้ติดต่อกัน 4-6 สัปดาห์
1,100464,รักษาโรคกระเพาะ,,รับประทานครั้งละ 1 เม็ด,,,ก่อนอาหารเช้า ใช้ติดต่อกัน 4-6 สัปดาห์
1,100465,รักษาโรคกระเพาะ,,รับประทานครั้งละ 1 เม็ด,,,ก่อนอาหารเช้า ใช้ติดต่อกัน 4-6 สัปดาห์
1,100466,รักษาโรคกระเพาะ,เช้า,รับประทานครั้งละ 1 เม็ด,ก่อนอาหาร,,ก่อนอาหาร 30 นาที
1,100467,รักษาโรคกระเพาะ,วันละ 1 ครั้ง ช่วงเวลาเดียวกัน,รับประทานครั้งละ 1 เม็ด,ก่อนอาหาร,เก็บในอุณหภูมิห้อง,
1,100468,รักษาแผลในกระเพาะอาหาร,เช้า-เย็น,รับประทานครั้งละ 1 เม็ด,หลังอาหาร,,
1,100469,รักษาแผลในกระเพาะอาหาร,เช้า-เย็น,รับประทานครั้งละ 1 เม็ด,หลังอาหาร,,
1,100470,รักษาแผลในกระเพาะอาหาร,เช้า-เย็น,รับประทานครั้งละ 1 เม็ด,หลังอาหาร,,ใช้ติดต่อกัน 4-6 สัปดาห์
1,100471,รักษาแผลในกระเพาะอาหาร,เช้า-เย็น,รับประทานครั้งละ 1 เม็ด,หลังอาหาร,,
1,100472,รักษาแผลในกระเพาะอาหาร,เช้า-กลางวัน-เย็น,รับประทานครั้งละ 1 เม็ด,หลังอาหาร,,
1,100473,แก้ท้องอืดท้องเฟ้อ,ทุกครั้งที่มีอาการ,รับประทานครั้งละ 2-4 เม็ด,,,อมให้ละลายช้าๆในปาก
1,100474,ดูดซับสารพิษ รักษาท้องเสีย,เช้า-กลางวัน-เย็น,รับประทานครั้งละ 1 ซอง,หลังอาหาร,เก็บในอุณหภูมิห้อง,
1,100475,ดูดซับสารพิษ รักษาท้องเสีย,เช้า-กลางวัน-เย็น,รับประทานครั้งละ 1 ซอง,หลังอาหาร,เก็บในอุณหภูมิห้อง,ละลายน้ำก่อน
1,100476,ทดแทนการสูญเสียน้ำ,,รับประทานครั้งละ 1 ซอง,,,ผสมน้ำ 150 ซีซี  จิบระหว่างวัน
1,100477,ทดแทนการสูญเสียน้ำ,,รับประทานครั้งละ 1 ซอง,,,ผสมน้ำ 150 ซีซี  จิบระหว่างวัน
1,100478,ทดแทนการสูญเสียน้ำ,,รับประทานครั้งละ 1 ซอง,,,ผสมน้ำ 150 ซีซี  จิบระหว่างวัน
1,100479,ทดแทนการสูญเสียน้ำ,,รับประทานครั้งละ 1 ซอง,,,ผสมน้ำ 150 ซีซี  จิบระหว่างวัน
1,100480,ดูดซับสารพิษ,เช้า-กลางวัน-เย็น-ก่อนนอน,รับประทานครั้งละ 3 เม็ด,หลังอาหาร,เก็บในอุณหภูมิห้อง,อุจจาระอาจจะมีสีดำจากยา
1,100481,ดูดซับสารพิษ,เช้า-กลางวัน-เย็น,รับประทานครั้งละ 2-4 เม็ด,หลังอาหาร,เก็บในอุณหภูมิห้อง,อุจจาระอาจจะมีสีดำจากยา
1,100482,ยาหยุดถ่าย,,รับประทานครั้งละ 2 เม็ด,,,ทานครั้งถัดไปครั้งละ1เม็ด (ไม่เกิน6เม็ด/วัน)
1,100483,ยาหยุดถ่าย,,รับประทานครั้งละ 2 เม็ด,,,ทานครั้งถัดไปครั้งละ1เม็ด (ไม่เกิน6เม็ด/วัน)
1,100484,ยาหยุดถ่าย,,รับประทานครั้งละ 2 เม็ด,,,ทานครั้งถัดไปครั้งละ1เม็ด (ไม่เกิน6เม็ด/วัน)
1,100485,แก้คลื่นไส้ อาเจียน,เช้า-กลางวัน-เย็น,รับประทานครั้งละ 1 เม็ด,ก่อนอาหาร,,
1,100486,แก้คลื่นไส้ อาเจียน,เช้า-กลางวัน-เย็น,รับประทานครั้งละ 1 เม็ด,ก่อนอาหาร,,
1,100487,แก้คลื่นไส้ อาเจียน,เช้า-กลางวัน-เย็น,รับประทานครั้งละ 1 เม็ด,ก่อนอาหาร,,
1,100488,บรรเทาอาการปวดเกร็งท้อง,เช้า-กลางวัน-เย็น,รับประทานครั้งละ 1 เม็ด,หลังอาหาร,,
1,100489,บรรเทาอาการปวดเกร็งท้อง,เช้า-กลางวัน-เย็น,รับประทานครั้งละ 1 เม็ด,หลังอาหาร,,
1,100490,แก้ปวดกระเพาะปัสสาวะ,เช้า-กลางวัน-เย็น,รับประทานครั้งละ 1 เม็ด,หลังอาหาร,,
1,100491,แก้ปวดกระเพาะปัสสาวะ,เช้า-กลางวัน-เย็น,รับประทานครั้งละ 1 เม็ด,หลังอาหาร,,
1,100492,เพิ่มจุลินทรีย์ในลำไส้,เช้า-เย็น,รับประทานครั้งละ 1 ซอง,,,ผสมน้ำหรือน้ำผลไม้ 1 แก้ว/ซอง
1,100493,เพิ่มจุลินทรีย์ในลำไส้,เช้า-เย็น,รับประทานครั้งละ 1 เม็ด,,,
1,100494,เพิ่มจุลินทรีย์ในลำไส้ และทางเดินปัสสาวะ,เช้า-เย็น,รับประทานครั้งละ 1 ซอง,หลังอาหาร,,บรรเทาชั่วคราว 14 วัน ลดการเกิดซ้ำใช้ต่อเนื่อง 6 เดือน
1,100495,ลดภาวะเลือดออกจากริดสีดวงทวาร,เช้า-กลางวัน-เย็น,รับประทานครั้งละ 1-2 เม็ด,,,
1,100496,รักษาริดสีดวงทวาร,เช้า-กลางวัน-เย็น,รับประทานครั้งละ 2 เม็ด,หลังอาหาร,,วันที่1-4 จากนั้นวันที่5-7ครั้งละ2เม็ด2ครั้ง เช้า-เย็น
1,100497,รักษาริดสีดวงทวาร,เช้า-เย็น,รับประทานครั้งละ 1 เม็ด,หลังอาหาร,,
1,100498,รักษาริดสีดวงทวาร,เช้า-กลางวัน-เย็น,รับประทานครั้งละ 2 เม็ด,หลังอาหาร,,วันที่1-4 จากนั้นวันที่5-7ครั้งละ2เม็ด2ครั้ง เช้า-เย็น
1,100499,รักษาริดสีดวงทวาร,เช้า-เย็น,ทาวันละ 2 ครั้ง,,,
1,100500,รักษาริดสีดวงทวาร,เช้า-เย็น,ทาวันละ 2 ครั้ง,,,
1,100501,ลดบวม ลดอักเสบ,เช้า-เย็น,ทาวันละ 2 ครั้ง,,,
1,100502,เพิ่มกากใย ช่วยให้ระบาย,ทุกครั้งที่มีอาการ,รับประทานครั้งละ 2 ช้อนโต๊ะ,,,ผสมน้ำ 150 มล. ห้ามรับประทานก่อนนอน
1,100503,เพิ่มกากใย ช่วยให้ระบาย,ทุกครั้งที่มีอาการ,รับประทานครั้งละ 2 ช้อนโต๊ะ,,,ผสมน้ำ 150 มล. ห้ามรับประทานก่อนนอน
1,100504,เพิ่มกากใย ช่วยให้ระบาย,ทุกครั้งที่มีอาการ,รับประทานครั้งละ 1 ซอง,,,ผสมน้ำ 150 มล. ห้ามรับประทานก่อนนอน
1,100505,เพิ่มกากใย ช่วยให้ระบาย,ทุกครั้งที่มีอาการ,รับประทานครั้งละ 1 ซอง,,,ผสมน้ำ 150 มล. ห้ามรับประทานก่อนนอน
1,100506,แก้ท้องผูก,,ทาวันละ 1 ครั้ง,,เก็บในตู้เย็น,เหน็บครั้งละ 1 แท่ง ทิ้งไว้ 15 นาที 
1,100507,แก้ท้องผูก,,ทาวันละ 1 ครั้ง,,เก็บในตู้เย็น,เหน็บครั้งละ 1 แท่ง ทิ้งไว้ 15 นาที 
1,100508,ท้องเสีย จุกเสียด,เช้า-กลางวัน-เย็น-ก่อนนอน,รับประทานครั้งละ 1 เม็ด,ก่อนอาหาร,,
1,100509,ท้องเสีย จุกเสียด,เช้า-กลางวัน-เย็น-ก่อนนอน,รับประทานครั้งละ 2 ช้อนโต๊ะ,ก่อนอาหาร,,
1,100510,แก้ท้องผูก,,รับประทานครั้งละ ..... ml,,,ก่อนนอน
1,100511,แก้ท้องผูก,,รับประทานครั้งละ ..... ml,,,ก่อนนอน
1,100512,ท้องเสีย จุกเสียด,เช้า-กลางวัน-เย็น-ก่อนนอน,รับประทานครั้งละ 2 ช้อนโต๊ะ,ก่อนอาหาร,,
1,100513,แก้ท้องผูก,,รับประทานครั้งละ 1 เม็ด,,,วันละ 1 ครั้ง ก่อนนอน
1,100514,แก้ท้องผูก,,รับประทานครั้งละ 2 เม็ด,,,วันละ 1 ครั้ง ก่อนนอน
1,100515,ยาถ่ายพยาธิ,วันละ 1 ครั้ง ช่วงเวลาเดียวกัน,รับประทานครั้งละ 2 เม็ด,หลังอาหาร,,กินติดต่อกัน3วัน สำหรับพยาธิตัวกลมและตัวตืด
1,100516,ยาถ่ายพยาธิ,,รับประทานครั้งละ 2 เม็ด,พร้อมอาหาร,,กินครั้งเดียว สำหรับพยาธิตัวกลม
1,100517,ยาถ่ายพยาธิ,วันละ 1 ครั้ง ช่วงเวลาเดียวกัน,รับประทานครั้งละ 1 เม็ด,,,
1,100518,ยาถ่ายพยาธิ,เช้า-เย็น,รับประทานครั้งละ 1 ช้อนชา,ก่อนอาหาร,,ติดต่อ 3 วัน
1,100519,ยาถ่ายพยาธิ,,รับประทานครั้งละ 1 เม็ด,,,วันละ 1 ครั้ง เคี้ยวให้ละเอียดก่อนกลืน
1,100520,ยาถ่ายพยาธิ,,รับประทานครั้งละ 4 เม็ด,,,วันละ 1 ครั้ง เคี้ยวให้ละเอียดก่อนกลืน
1,100521,รักษาอาการอักเสบของทางเดินหายใจ,,พ่นช่องปากครั้งละ 1-2 ครั้ง,,เก็บในอุณหภูมิห้อง,ห้ามปรับขนาดยาเอง โดยไม่มีคำสั่งแพทย์
1,100522,ขยายหลอดลม,,พ่นช่องปากครั้งละ 2 ครั้ง,,เก็บในอุณหภูมิห้อง,
1,100523,บรรเทาอาการหอบหืด,ทุกครั้งที่มีอาการ,พ่นช่องปากครั้งละ 1-2 ครั้ง,,,
1,100524,บรรเทาอาการหอบหืด,ทุกครั้งที่มีอาการ,พ่นช่องปากครั้งละ 1-2 ครั้ง,,,
1,100526,ระงับความอยากบุหรี่,,พ่นช่องปากครั้งละ 1-2 ครั้ง,,,
1,100527,บรรเทาอาการคัดจมูก,เช้า-เย็น,พ่นเข้าจมูกข้างละ 2-3 ครั้ง,,,ห้ามใช้เกิน 2 ครั้ง ภายใน 24 ชั่วโมง
1,100528,แก้ท้องผูก,เช้า-เย็น,รับประทานครั้งละ 2-3 เม็ด,,,
1,100529,บรรเทาอาการคัดจมูก,,พ่นเข้าจมูกข้างละ 1 ครั้ง,,,ไม่เกิน 3 ครั้งต่อวัน
1,100530,บรรเทาอาการคัดจมูก,เช้า-กลางวัน-เย็น,พ่นเข้าจมูกข้างละ 1-2 ครั้ง,,เก็บในอุณหภูมิห้อง,ไม่ควรใช้ติดต่อกันเกิน5วัน
1,100531,บรรเทาอาการคัดจมูก,เช้า-กลางวัน-เย็น,หยอดครั้งละ 1-2 หยด,,,
1,100532,บรรเทาอาการคัดจมูก,เช้า-กลางวัน-เย็น,หยอดครั้งละ 1-2 หยด,,เก็บในอุณหภูมิห้อง,ไม่ควรใช้ติดต่อกันเกิน5วัน
1,100533,บรรเทาอาการหวัด คัดจมูก,เช้า-กลางวัน-เย็น,พ่นเข้าจมูกข้างละ 1-2 ครั้ง,,,
1,100534,บรรเทาอาการคัดจมูก,ทุก 6 ชั่วโมง,พ่นเข้าจมูกข้างละ 1-2 ครั้ง,,เก็บในอุณหภูมิห้อง,ไม่ควรใช้ติดต่อกันเกิน5วัน
1,100535,เพิ่มความชุ่มชื้นในโพรงจมูก ,ทุกครั้งที่มีอาการ,พ่นเข้าจมูกข้างละ 1-2 ครั้ง,,เก็บในอุณหภูมิห้อง,
1,100536,ลดอาการอักเสบในโพรงจมูก,เช้า-เย็น,พ่นเข้าจมูกข้างละ 1-2 ครั้ง,,เก็บในอุณหภูมิห้อง,
1,100537,ลดอาการอักเสบในโพรงจมูก,เช้า-เย็น,พ่นเข้าจมูกข้างละ 1-2 ครั้ง,,เก็บในอุณหภูมิห้อง,
1,100538,บรรเทาอาการคัดจมูก,,พ่นเข้าจมูกข้างละ ........ ครั้ง,,เก็บในอุณหภูมิห้อง,ใช้ตามแพทย์สั่ง ใช้ติดต่อกันไม่เกิน 5-7 วัน 
1,100539,ลดน้ำมูก แพ้อากาศ,ทุกครั้งที่มีอาการ,พ่นเข้าจมูกข้างละ 2-3 ครั้ง,,เก็บในอุณหภูมิห้อง,
1,100540,ฆ่าเชื้อในช่องปาก,ทุกครั้งที่มีอาการ,พ่นช่องปากครั้งละ 1-2 ครั้ง,,เก็บในอุณหภูมิห้อง,
1,100541,เพิ่มความชุ่มชื้นในโพรงจมูก ,เช้า-เย็น,หยอดครั้งละ 2-3 หยด,,,ใช้พร้อมที่ดูดน้ำมูก
1,100542,เพิ่มความชุ่มชื้นในโพรงจมูก ,เช้า-เย็น,หยอดครั้งละ 2-3 หยด,,,ใช้พร้อมที่ดูดน้ำมูก
1,100543,เพิ่มความชุ่มชื้นในโพรงจมูก ,ทุกครั้งที่มีอาการ,พ่นเข้าจมูกข้างละ 2-3 ครั้ง,,,
1,100544,ลดกลิ่นปากและไอจากการคันคอ,ทุกครั้งที่มีอาการ,พ่นช่องปากครั้งละ 1-2 ครั้ง,,,
1,100545,ยั้บยั้งแบคทีเรีย ลดกลิ่นปากและไอจากการคันคอ,ทุกครั้งที่มีอาการ,พ่นช่องปากครั้งละ 1-2 ครั้ง,,,
1,100546,บรรเทาอาการไอ ชุ่มคอ ละลายเสมหะ,ทุกครั้งที่มีอาการ,พ่นช่องปากครั้งละ 1-2 ครั้ง,,,
1,100547,ลดการอักเสบบริเวณช่องปากและลำคอ,ทุกครั้งที่มีอาการ,พ่นช่องปากครั้งละ 1-2 ครั้ง,,,
1,100548,ยั้บยั้งแบคทีเรีย ลดกลิ่นปาก ชุ่มคอ,ทุกครั้งที่มีอาการ,พ่นช่องปากครั้งละ 1-2 ครั้ง,,,
1,100549,ยั้บยั้งแบคทีเรีย ลดกลิ่นปากและไอจากการคันคอ,ทุกครั้งที่มีอาการ,พ่นช่องปากครั้งละ 1-2 ครั้ง,,,
1,100550,ยั้บยั้งแบคทีเรีย ลดกลิ่นปาก ชุ่มคอ,ทุกครั้งที่มีอาการ,พ่นช่องปากครั้งละ 1-2 ครั้ง,,,
1,100551,ยั้บยั้งแบคทีเรีย ลดกลิ่นปาก ชุ่มคอ,ทุกครั้งที่มีอาการ,พ่นช่องปากครั้งละ 1-2 ครั้ง,,,
1,100552,ลดอักเสบ,ทุก 6 ชั่วโมง,พ่นช่องปากครั้งละ 1-2 ครั้ง,,,
1,100553,ช่วยลดกลิ่นปาก ชุ่มคอ,ทุกครั้งที่มีอาการ,พ่นช่องปากครั้งละ 1-2 ครั้ง,,,ใช้ได้คั้งแต่ 1 ขวบขึ้นไป
1,100554,ลดกลิ่นปากและไอจากการคันคอ,ทุกครั้งที่มีอาการ,พ่นช่องปากครั้งละ 1-2 ครั้ง,,,
1,100555,ขยายหลอดลม,เช้า-เย็น,รับประทานครั้งละ 1 เม็ด,,,
1,100556,ขยายหลอดลม,เช้า-เย็น,รับประทานครั้งละ 1 เม็ด,,,
1,100557,บรรเทาอาการหอบหืด,ทุก 12 ชั่วโมง,รับประทานครั้งละ 1 เม็ด,,,
1,100558,บรรเทาอาการหอบหืด,เช้า-กลางวัน-เย็น,รับประทานครั้งละ 1 เม็ด,หลังอาหาร,,
1,100559,บรรเทาอาการหอบหืด,ทุก 12 ชั่วโมง,รับประทานครั้งละ 1 เม็ด,,,
1,100560,ขยายหลอดลม,เช้า-กลางวัน-เย็น,รับประทานครั้งละ 1-2 เม็ด,,,
1,100561,ขยายหลอดลม,เช้า-กลางวัน-เย็น,รับประทานครั้งละ 1-2 เม็ด,,,
1,100562,ขยายหลอดลม,เช้า-กลางวัน-เย็น,รับประทานครั้งละ 1-2 เม็ด,,,
1,100563,ละลายเสมหะ,,รับประทานครั้งละ 1 เม็ด,,,ละลายน้ำครึ่งแก้ว วันละครั้ง ก่อนอาหารเย็น
1,100564,ละลายเสมหะ,,รับประทานครั้งละ 1 เม็ด,,,ละลายน้ำครึ่งแก้ว วันละครั้งหลังอาหารเย็น
1,100565,ละลายเสมหะ,,รับประทานครั้งละ 1 เม็ด,,,ละลายน้ำครึ่งแก้ว วันละครั้ง หลังอาหารเย็น
1,100566,ฆ่าเชื้อในช่องปาก,,หยอดครั้งละ 1-2 หยด,,,เติมน้ำจนครบ30 ซีซี กลั้วคอ 30 วินาทีแล้วบ้วนทิ้ง
1,100567,ฆ่าเชื้อในช่องปาก,,หยอดครั้งละ 1-2 หยด,,,เติมน้ำ 1 ซีซี กลั้วคอ 30 วินาทีแล้วบ้วนทิ้ง
1,100568,รักษาผมร่วง,,รับประทานครั้งละ 1 เม็ด,,,วันละ 1 ครั้ง ก่อนนอน
1,100569,รักษาต่อมลูกหมาก,วันละ 1 ครั้ง ช่วงเวลาเดียวกัน,รับประทานครั้งละ ............. เม็ด,,,ห้ามปรับขนาดยาเอง โดยไม่มีคำสั่งแพทย์
1,100570,รักษาผมร่วง,เช้า-เย็น,ทาวันละ 2 ครั้ง,,,
1,100571,แก้ปวดไมเกรน,,รับประทานครั้งละ 1 เม็ด,,,"ภายใน 30 นาที ไม่ดีขึ้นให้ซ้ำอีก 1 เม็ด 
(ไม่เกิน 6 เม็ดต่อวัน 10 เม็ดต่อสัปดาห์)"
1,100572,แก้ปวดไมเกรน,,รับประทานครั้งละ 1 เม็ด,,,"ภายใน 30 นาที ไม่ดีขึ้นให้ซ้ำอีก 1 เม็ด 
(ไม่เกิน 6 เม็ดต่อวัน 10 เม็ดต่อสัปดาห์)"
1,100573,แก้ปวดไมเกรน,,รับประทานครั้งละ 1 เม็ด,,,"ภายใน 30 นาที ไม่ดีขึ้นให้ซ้ำอีก 1 เม็ด 
(ไม่เกิน 6 เม็ดต่อวัน 10 เม็ดต่อสัปดาห์)"
1,100574,แก้ปวดไมเกรน,,รับประทานครั้งละ 1 เม็ด,,,"ภายใน 30 นาที ไม่ดีขึ้นให้ซ้ำอีก 1 เม็ด 
(ไม่เกิน 6 เม็ดต่อวัน 10 เม็ดต่อสัปดาห์)"
1,100575,แก้ปวดไมเกรน,,รับประทานครั้งละ 1 เม็ด,,,"ภายใน 30 นาที ไม่ดีขึ้นให้ซ้ำอีก 1 เม็ด 
(ไม่เกิน 6 เม็ดต่อวัน 10 เม็ดต่อสัปดาห์)"
1,100576,ขยายหลอดเลือด,,รับประทานครั้งละ 1 เม็ด,,,ก่อนนอน        ยานี้ทำให้ง่วงนอน
1,100577,ขยายหลอดเลือด,,รับประทานครั้งละ 1 เม็ด,,,ก่อนนอน        ยานี้ทำให้ง่วงนอน
1,100578,แก้วิงเวียนศรีษะ,เช้า-กลางวัน-เย็น,รับประทานครั้งละ 1-2 เม็ด,หลังอาหาร,,ยานี้ทำให้ง่วงนอน
1,100579,แก้วิงเวียนศรีษะ,เช้า-กลางวัน-เย็น,รับประทานครั้งละ 1-2 เม็ด,หลังอาหาร,,
1,100580,แก้วิงเวียนศรีษะ,เช้า-กลางวัน-เย็น,รับประทานครั้งละ 1 เม็ด,หลังอาหาร,,
1,100581,แก้วิงเวียนศรีษะ,เช้า-กลางวัน-เย็น,รับประทานครั้งละ 1 เม็ด,หลังอาหาร,,
1,100582,แก้วิงเวียนศรีษะ,เช้า-กลางวัน-เย็น,รับประทานครั้งละ 1 เม็ด,หลังอาหาร,,
1,100583,รักษาหูอื้อ,เช้า-กลางวัน-เย็น,รับประทานครั้งละ ......... ช้อนชา,หลังอาหาร,,
1,100584,รักษาหูอื้อ,เช้า-เย็น,รับประทานครั้งละ 1 เม็ด,หลังอาหาร,,
1,100585,บรรเทาอาการบ้านหมุน,เช้า-กลางวัน-เย็น,รับประทานครั้งละ 1 เม็ด,หลังอาหาร,,
1,100586,บรรเทาอาการบ้านหมุน,เช้า-เย็น,รับประทานครั้งละ 1 เม็ด,หลังอาหาร,,
1,100587,รักษาหูอื้อ,เช้า-เย็น,รับประทานครั้งละ 1 เม็ด,หลังอาหาร,,
1,100588,แก้วิงเวียนศรีษะ,เช้า-กลางวัน-เย็น,รับประทานครั้งละ 1 เม็ด,หลังอาหาร,,
1,100589,แก้วิงเวียนศรีษะ,เช้า-กลางวัน-เย็น,รับประทานครั้งละ 1 เม็ด,หลังอาหาร,,ยานี้ทำให้ง่วงนอน
1,100590,แก้วิงเวียนศรีษะ,เช้า-กลางวัน-เย็น,รับประทานครั้งละ 1 เม็ด,หลังอาหาร,,
1,100591,แก้วิงเวียนศรีษะ,เช้า-กลางวัน-เย็น,รับประทานครั้งละ 1 เม็ด,หลังอาหาร,,ยานี้ทำให้ง่วงนอน
1,100592,แก้เมารถ เมาเรือ,,รับประทานครั้งละ 1 เม็ด,,,ก่อนเดินทาง 30 นาที
1,100593,แก้ปวดปลายประสาท,ก่อนนอน,รับประทานครั้งละ 1 เม็ด,,,ยานี้ทำให้ง่วงนอน
1,100594,แก้ปวดปลายประสาท,ก่อนนอน,รับประทานครั้งละ 1 เม็ด,,,ยานี้ทำให้ง่วงนอน
1,100595,นอนไม่หลับ คลายกังวล,,รับประทานครั้งละ 1 เม็ด,,,ก่อนนอน ยานี้ทำให้ง่วงนอน
1,100596,นอนไม่หลับ คลายกังวล,,รับประทานครั้งละ 1 เม็ด,,,ก่อนนอน 30 นาที
1,100597,แก้ปวดปลายประสาท,ก่อนนอน,รับประทานครั้งละ 1 เม็ด,,,ยานี้ทำให้ง่วงนอน
1,100598,แก้ปวดปลายประสาท,ก่อนนอน,รับประทานครั้งละ 1 เม็ด,,,ยานี้ทำให้ง่วงนอน
1,100599,แก้ปวดปลายประสาท,เช้า-กลางวัน-เย็น,รับประทานครั้งละ 1 เม็ด,หลังอาหาร,,ยานี้ทำให้ง่วงนอน
1,100600,แก้ปวดปลายประสาท,เช้า-กลางวัน-เย็น,รับประทานครั้งละ 1 เม็ด,หลังอาหาร,,ยานี้ทำให้ง่วงนอน
1,100601,นอนไม่หลับ คลายกังวล,,รับประทานครั้งละ 1 เม็ด,,,ก่อนนอน 30 นาที
1,100602,นอนไม่หลับ คลายกังวล,,รับประทานครั้งละ 1 เม็ด,,,ก่อนนอน 30 นาที
1,100603,รักษาโรคเบาหวาน,,รับประทานตามแพทย์สั่ง  ,,,ห้ามปรับขนาดยาเอง โดยไม่มีคำสั่งแพทย์
1,100604,รักษาโรคเบาหวาน,,รับประทานตามแพทย์สั่ง  ,,,ห้ามปรับขนาดยาเอง โดยไม่มีคำสั่งแพทย์
1,100605,รักษาโรคเบาหวาน,,รับประทานตามแพทย์สั่ง  ,,,ห้ามปรับขนาดยาเอง โดยไม่มีคำสั่งแพทย์
1,100606,รักษาโรคเบาหวาน,,รับประทานตามแพทย์สั่ง  ,,,ห้ามปรับขนาดยาเอง โดยไม่มีคำสั่งแพทย์
1,100607,รักษาโรคเบาหวาน,,รับประทานตามแพทย์สั่ง  ,,,ห้ามปรับขนาดยาเอง โดยไม่มีคำสั่งแพทย์
1,100608,ขับปัสสาวะ,,รับประทานตามแพทย์สั่ง  ,,,ห้ามปรับขนาดยาเอง โดยไม่มีคำสั่งแพทย์
1,100609,รักษาโรคเบาหวาน,,รับประทานตามแพทย์สั่ง  ,,,ห้ามปรับขนาดยาเอง โดยไม่มีคำสั่งแพทย์
1,100610,รักษาโรคเบาหวาน,,รับประทานตามแพทย์สั่ง  ,,,ห้ามปรับขนาดยาเอง โดยไม่มีคำสั่งแพทย์
1,100611,รักษาโรคเบาหวาน,,รับประทานตามแพทย์สั่ง  ,,,ห้ามปรับขนาดยาเอง โดยไม่มีคำสั่งแพทย์
1,100612,รักษาโรคเบาหวาน,,รับประทานตามแพทย์สั่ง  ,,,ห้ามปรับขนาดยาเอง โดยไม่มีคำสั่งแพทย์
1,100613,รักษาโรคเบาหวาน,,รับประทานตามแพทย์สั่ง  ,,,ห้ามปรับขนาดยาเอง โดยไม่มีคำสั่งแพทย์
1,100614,รักษาไทรอยด์,,รับประทานครั้งละ 1 เม็ด,หลังอาหาร,,
1,100615,รักษาไทรอยด์,,รับประทานตามแพทย์สั่ง  ,,,ห้ามปรับขนาดยาเอง โดยไม่มีคำสั่งแพทย์
1,100616,รักษาโรคเก๊าท์,,รับประทานตามแพทย์สั่ง  ,,,ห้ามปรับขนาดยาเอง โดยไม่มีคำสั่งแพทย์
1,100617,รักษาโรคเก๊าท์,,รับประทานตามแพทย์สั่ง  ,,,ห้ามปรับขนาดยาเอง โดยไม่มีคำสั่งแพทย์
1,100618,รักษาโรคเก๊าท์,,รับประทานตามแพทย์สั่ง  ,,,ห้ามปรับขนาดยาเอง โดยไม่มีคำสั่งแพทย์
1,100619,รักษาโรคเก๊าท์,วันละ 1 ครั้ง ช่วงเวลาเดียวกัน,รับประทานครั้งละ 1 เม็ด,หลังอาหาร,,
1,100620,รักษาโรคเก๊าท์,วันละ 1 ครั้ง ช่วงเวลาเดียวกัน,รับประทานครั้งละ 1 เม็ด,หลังอาหาร,,ยามีฤทธิ์ระคายเคืองกระเพาะอาหาร
1,100621,รักษาต่อมลูกหมาก,,รับประทานตามแพทย์สั่ง  ,,,ห้ามปรับขนาดยาเอง โดยไม่มีคำสั่งแพทย์
1,100622,รักษาต่อมลูกหมาก,,รับประทานตามแพทย์สั่ง  ,,,ห้ามปรับขนาดยาเอง โดยไม่มีคำสั่งแพทย์
1,100623,ละลายและขับนิ่ว,เช้า-กลางวัน-เย็น,รับประทานครั้งละ 1-2 เม็ด,ก่อนอาหาร,,
1,100624,ป้องกันการทำลายตับ,เช้า-กลางวัน-เย็น,รับประทานครั้งละ 1 เม็ด,หลังอาหาร,,ใช้ติดต่อกัน 4-6 สัปดาห์
1,100625,ลดความดันโลหิตสูง,,รับประทานตามแพทย์สั่ง  ,,,ห้ามปรับขนาดยาเอง โดยไม่มีคำสั่งแพทย์
1,100626,ลดความดันโลหิตสูง,,รับประทานตามแพทย์สั่ง  ,,,ห้ามปรับขนาดยาเอง โดยไม่มีคำสั่งแพทย์
1,100627,ลดความดันโลหิตสูง,,รับประทานตามแพทย์สั่ง  ,,,ห้ามปรับขนาดยาเอง โดยไม่มีคำสั่งแพทย์
1,100628,ลดความดันโลหิตสูง,,รับประทานตามแพทย์สั่ง  ,,,ห้ามปรับขนาดยาเอง โดยไม่มีคำสั่งแพทย์
1,100629,ลดความดันโลหิตสูง,,รับประทานตามแพทย์สั่ง  ,,,ห้ามปรับขนาดยาเอง โดยไม่มีคำสั่งแพทย์
1,100630,ลดความดันโลหิตสูง,,รับประทานตามแพทย์สั่ง  ,,,ห้ามปรับขนาดยาเอง โดยไม่มีคำสั่งแพทย์
1,100631,ลดความดันโลหิตสูง,,รับประทานตามแพทย์สั่ง  ,,,ห้ามปรับขนาดยาเอง โดยไม่มีคำสั่งแพทย์
1,100632,โรคหัวใจ,,รับประทานตามแพทย์สั่ง  ,,,ห้ามปรับขนาดยาเอง โดยไม่มีคำสั่งแพทย์
1,100633,โรคหัวใจ,,รับประทานตามแพทย์สั่ง  ,,,ห้ามปรับขนาดยาเอง โดยไม่มีคำสั่งแพทย์
1,100634,โรคหัวใจ,,รับประทานตามแพทย์สั่ง  ,,,ห้ามปรับขนาดยาเอง โดยไม่มีคำสั่งแพทย์
1,100635,โรคหัวใจ,,รับประทานตามแพทย์สั่ง  ,,,ห้ามปรับขนาดยาเอง โดยไม่มีคำสั่งแพทย์
1,100636,โรคหัวใจ,,รับประทานตามแพทย์สั่ง  ,,,ห้ามปรับขนาดยาเอง โดยไม่มีคำสั่งแพทย์
1,100637,ลดความดันโลหิตสูง,,รับประทานตามแพทย์สั่ง  ,,,ห้ามปรับขนาดยาเอง โดยไม่มีคำสั่งแพทย์
1,100638,ลดความดันโลหิตสูง,,รับประทานตามแพทย์สั่ง  ,,,ห้ามปรับขนาดยาเอง โดยไม่มีคำสั่งแพทย์
1,100639,ลดความดันโลหิตสูง,,รับประทานตามแพทย์สั่ง  ,,,ห้ามปรับขนาดยาเอง โดยไม่มีคำสั่งแพทย์
1,100640,ลดความดันโลหิตสูง,,รับประทานตามแพทย์สั่ง  ,,,ห้ามปรับขนาดยาเอง โดยไม่มีคำสั่งแพทย์
1,100641,ลดไขมันในเลือดสูง,,รับประทานตามแพทย์สั่ง  ,,,ห้ามปรับขนาดยาเอง โดยไม่มีคำสั่งแพทย์
1,100642,ลดไขมันในเลือดสูง,,รับประทานตามแพทย์สั่ง  ,,,ห้ามปรับขนาดยาเอง โดยไม่มีคำสั่งแพทย์
1,100643,ลดไขมันในเลือดสูง,,รับประทานตามแพทย์สั่ง  ,,,ห้ามปรับขนาดยาเอง โดยไม่มีคำสั่งแพทย์
1,100644,ลดไขมันในเลือดสูง,,รับประทานตามแพทย์สั่ง  ,,,ห้ามปรับขนาดยาเอง โดยไม่มีคำสั่งแพทย์
1,100645,ลดไขมันในเลือดสูง,,รับประทานตามแพทย์สั่ง  ,,,ห้ามปรับขนาดยาเอง โดยไม่มีคำสั่งแพทย์
1,100646,ลดคลอเรสเตอรอล,,รับประทานตามแพทย์สั่ง  ,,,ห้ามปรับขนาดยาเอง โดยไม่มีคำสั่งแพทย์
1,100647,ลดไขมันในเลือดสูง,,รับประทานตามแพทย์สั่ง  ,,,ห้ามปรับขนาดยาเอง โดยไม่มีคำสั่งแพทย์
1,100648,ลดไขมันในเลือดสูง,,รับประทานตามแพทย์สั่ง  ,,,ห้ามปรับขนาดยาเอง โดยไม่มีคำสั่งแพทย์
1,100649,ลดไขมันในเลือดสูง,,รับประทานตามแพทย์สั่ง  ,,,ห้ามปรับขนาดยาเอง โดยไม่มีคำสั่งแพทย์
1,100650,ลดไตรกลีเซอไรด์,,รับประทานตามแพทย์สั่ง  ,,,ห้ามปรับขนาดยาเอง โดยไม่มีคำสั่งแพทย์
1,100651,ลดไตรกลีเซอไรด์,,รับประทานตามแพทย์สั่ง  ,,,ห้ามปรับขนาดยาเอง โดยไม่มีคำสั่งแพทย์
1,100652,ลดความดันโลหิตสูง,,รับประทานตามแพทย์สั่ง  ,,,ห้ามปรับขนาดยาเอง โดยไม่มีคำสั่งแพทย์
1,100653,ลดความดันโลหิตสูง,,รับประทานตามแพทย์สั่ง  ,,,ห้ามปรับขนาดยาเอง โดยไม่มีคำสั่งแพทย์
1,100654,ลดความดันโลหิตสูง,,รับประทานตามแพทย์สั่ง  ,,,ห้ามปรับขนาดยาเอง โดยไม่มีคำสั่งแพทย์
1,100655,ลดความดันโลหิตสูง,,รับประทานตามแพทย์สั่ง  ,,,ห้ามปรับขนาดยาเอง โดยไม่มีคำสั่งแพทย์
1,100656,ลดความดันโลหิตสูง,,รับประทานตามแพทย์สั่ง  ,,,ห้ามปรับขนาดยาเอง โดยไม่มีคำสั่งแพทย์
1,100657,ลดความดันโลหิตสูง,,รับประทานตามแพทย์สั่ง  ,,,ห้ามปรับขนาดยาเอง โดยไม่มีคำสั่งแพทย์
1,100658,ลดความดันโลหิตสูง,,รับประทานตามแพทย์สั่ง  ,,,ห้ามปรับขนาดยาเอง โดยไม่มีคำสั่งแพทย์
1,100659,ลดความดันโลหิตสูง,,รับประทานตามแพทย์สั่ง  ,,,ห้ามปรับขนาดยาเอง โดยไม่มีคำสั่งแพทย์
1,100660,ลดความดันโลหิตสูง,,รับประทานตามแพทย์สั่ง  ,,,ห้ามปรับขนาดยาเอง โดยไม่มีคำสั่งแพทย์
1,100661,ลดความดันโลหิตสูง,,รับประทานตามแพทย์สั่ง  ,,,ห้ามปรับขนาดยาเอง โดยไม่มีคำสั่งแพทย์
1,100662,ลดความดันโลหิตสูง,,รับประทานตามแพทย์สั่ง  ,,,ห้ามปรับขนาดยาเอง โดยไม่มีคำสั่งแพทย์
1,100663,ลดความดันโลหิตสูง,,รับประทานตามแพทย์สั่ง  ,,,ห้ามปรับขนาดยาเอง โดยไม่มีคำสั่งแพทย์
1,100664,ลดความดันโลหิตสูง,,รับประทานตามแพทย์สั่ง  ,,,ห้ามปรับขนาดยาเอง โดยไม่มีคำสั่งแพทย์
1,100665,ลดความดันโลหิตสูง,,รับประทานตามแพทย์สั่ง  ,,,ห้ามปรับขนาดยาเอง โดยไม่มีคำสั่งแพทย์
1,100666,ลดความดันโลหิตสูง,,รับประทานตามแพทย์สั่ง  ,,,ห้ามปรับขนาดยาเอง โดยไม่มีคำสั่งแพทย์
1,100667,ลดความดันโลหิตสูง,,รับประทานตามแพทย์สั่ง  ,,,ห้ามปรับขนาดยาเอง โดยไม่มีคำสั่งแพทย์
1,100668,ลดความดันโลหิตสูง,,รับประทานตามแพทย์สั่ง  ,,,ห้ามปรับขนาดยาเอง โดยไม่มีคำสั่งแพทย์
1,100669,ลดความดันโลหิตสูง,,รับประทานตามแพทย์สั่ง  ,,,ห้ามปรับขนาดยาเอง โดยไม่มีคำสั่งแพทย์
1,100670,ลดความดันโลหิตสูง,,รับประทานตามแพทย์สั่ง  ,,,ห้ามปรับขนาดยาเอง โดยไม่มีคำสั่งแพทย์
1,100671,ลดความดันโลหิตสูง,,รับประทานตามแพทย์สั่ง  ,,,ห้ามปรับขนาดยาเอง โดยไม่มีคำสั่งแพทย์
1,100676,เลื่อนประจำเดือน,,รับประทานครั้งละ ............. เม็ด,,,
1,100677,เลื่อนประจำเดือน,,รับประทานครั้งละ ............. เม็ด,,,
1,100678,ปรับฮอร์โมน,,รับประทานตามแพทย์สั่ง  ,,,ห้ามปรับขนาดยาเอง โดยไม่มีคำสั่งแพทย์
1,100680,ปรับฮอร์โมน,,รับประทานตามแพทย์สั่ง  ,,,
1,100684,ฆ่าเชื้อแบคทีเรีย,เช้า-เย็น,ทาวันละ 2 ครั้ง,,,
1,100685,รักษาแผลในปาก,เช้า-กลางวัน-เย็น,ทาวันละ 3 ครั้ง,หลังอาหาร,,
1,100686,รักษาแผลในปาก,เช้า-เย็น,ทาวันละ 2 ครั้ง,หลังอาหาร,,
1,100687,รักษาแผลในปาก,เช้า-เย็น,รับประทานครั้งละ 1 เม็ด,หลังอาหาร,,
1,100688,รักษาแผลในปาก,เช้า-เย็น,ทาวันละ 2 ครั้ง,หลังอาหาร,,
1,100689,รักษาแผลในปาก,เช้า-เย็น,ทาวันละ 2 ครั้ง,หลังอาหาร,,
1,100690,รักษาแผลในปาก,เช้า-เย็น,ทาวันละ 2 ครั้ง,หลังอาหาร,,
1,100691,รักษาแผลในปาก,เช้า-เย็น,ทาวันละ 2 ครั้ง,หลังอาหาร,,
1,100693,ฆ่าเชื้อแบคทีเรีย,เช้า-เย็น,ทาวันละ 2 ครั้ง,,,ติดต่อกัน 10 วัน
1,100694,ฆ่าเชื้อที่ผิวหนัง,เช้า-เย็น,ทาวันละ 2 ครั้ง,,,
1,100695,แก้แพ้ผื่นคัน,เช้า-กลางวัน-เย็น,ทาวันละ 3 ครั้ง,,,
1,100696,แก้แพ้ผื่นคัน,เช้า-กลางวัน-เย็น,ทาวันละ 3 ครั้ง,,,
1,100697,บรรเทาอาการอ่อนเพลีย,ทุกครั้งที่มีอาการ,รับประทานครั้งละ 2 ช้อนโต๊ะ,,,ละลายในน้ำ 200 มล.
1,100698,รักษาอาการคันจากเชื้อรา,เช้า-เย็น,ทาวันละ 2 ครั้ง,,,
1,100699,ปรับสมดุลช่องคลอด,,หยอดครั้งละ 1 แท่ง,,,ก่อนนอน
1,100700,ยาคุมกำเนิด,วันละ 1 ครั้ง ช่วงเวลาเดียวกัน,รับประทานครั้งละ 1 เม็ด,,,
1,100701,ยาคุมกำเนิด,วันละ 1 ครั้ง ช่วงเวลาเดียวกัน,รับประทานครั้งละ 1 เม็ด,,,
1,100702,ยาคุมกำเนิด,วันละ 1 ครั้ง ช่วงเวลาเดียวกัน,รับประทานครั้งละ 1 เม็ด,,,
1,100703,ยาคุมกำเนิด,วันละ 1 ครั้ง ช่วงเวลาเดียวกัน,รับประทานครั้งละ 1 เม็ด,,,
1,100704,ยาคุมกำเนิด,วันละ 1 ครั้ง ช่วงเวลาเดียวกัน,รับประทานครั้งละ 1 เม็ด,,,
1,100705,ยาคุมกำเนิด,วันละ 1 ครั้ง ช่วงเวลาเดียวกัน,รับประทานครั้งละ 1 เม็ด,,,
1,100706,ยาคุมกำเนิด,วันละ 1 ครั้ง ช่วงเวลาเดียวกัน,รับประทานครั้งละ 1 เม็ด,,,
1,100707,ยาคุมกำเนิด,วันละ 1 ครั้ง ช่วงเวลาเดียวกัน,รับประทานครั้งละ 1 เม็ด,,,
1,100708,ยาคุมกำเนิด,วันละ 1 ครั้ง ช่วงเวลาเดียวกัน,รับประทานครั้งละ 1 เม็ด,,,
1,100709,ยาคุมกำเนิด,วันละ 1 ครั้ง ช่วงเวลาเดียวกัน,รับประทานครั้งละ 1 เม็ด,,,
1,100710,ยาคุมกำเนิด,วันละ 1 ครั้ง ช่วงเวลาเดียวกัน,รับประทานครั้งละ 1 เม็ด,,,
1,100711,ยาคุมกำเนิด,วันละ 1 ครั้ง ช่วงเวลาเดียวกัน,รับประทานครั้งละ 1 เม็ด,,,
1,100712,ยาคุมกำเนิด,วันละ 1 ครั้ง ช่วงเวลาเดียวกัน,รับประทานครั้งละ 1 เม็ด,,,
1,100713,ยาคุมกำเนิด,วันละ 1 ครั้ง ช่วงเวลาเดียวกัน,รับประทานครั้งละ 1 เม็ด,,,
1,100714,ยาคุมกำเนิด,วันละ 1 ครั้ง ช่วงเวลาเดียวกัน,รับประทานครั้งละ 1 เม็ด,,,
1,100715,ยาคุมกำเนิด,วันละ 1 ครั้ง ช่วงเวลาเดียวกัน,รับประทานครั้งละ 1 เม็ด,,,
1,100716,ยาคุมกำเนิด,วันละ 1 ครั้ง ช่วงเวลาเดียวกัน,รับประทานครั้งละ 1 เม็ด,,,
1,100717,ยาคุมกำเนิด,วันละ 1 ครั้ง ช่วงเวลาเดียวกัน,รับประทานครั้งละ 1 เม็ด,,,
1,100718,ยาคุมกำเนิด,วันละ 1 ครั้ง ช่วงเวลาเดียวกัน,รับประทานครั้งละ 1 เม็ด,,,
1,100719,ยาคุมกำเนิด,วันละ 1 ครั้ง ช่วงเวลาเดียวกัน,รับประทานครั้งละ 1 เม็ด,,,
1,100720,ยาคุมกำเนิด,วันละ 1 ครั้ง ช่วงเวลาเดียวกัน,รับประทานครั้งละ 1 เม็ด,,,
1,100721,ยาคุมกำเนิด,วันละ 1 ครั้ง ช่วงเวลาเดียวกัน,รับประทานครั้งละ 1 เม็ด,,,
1,100722,ยาคุมกำเนิด,วันละ 1 ครั้ง ช่วงเวลาเดียวกัน,รับประทานครั้งละ 1 เม็ด,,,
1,100723,ยาคุมกำเนิด,วันละ 1 ครั้ง ช่วงเวลาเดียวกัน,รับประทานครั้งละ 1 เม็ด,,,
1,100724,ยาคุมกำเนิด,วันละ 1 ครั้ง ช่วงเวลาเดียวกัน,รับประทานครั้งละ 1 เม็ด,,,
1,100725,ยาคุมฉุกเฉิน,,รับประทานครั้งละ 1 เม็ด,,,ครั้งเดียว หลังมีเพศสัมพันธ์ไม่เกิน 3 วัน
1,100726,ยาคุมกำเนิด,วันละ 1 ครั้ง ช่วงเวลาเดียวกัน,รับประทานครั้งละ 1 เม็ด,,,
1,100727,ยาคุมฉุกเฉิน,,รับประทานครั้งละ 1 เม็ด,,,ครั้งเดียว หลังมีเพศสัมพันธ์ไม่เกิน 3 วัน
1,100728,ยาคุมกำเนิด,วันละ 1 ครั้ง ช่วงเวลาเดียวกัน,เหน็บครั้งละ 1 แท่ง,,,เหน็บเข้าช่องคลอด เช้า-ก่อนนอน
1,100729,ยาคุมกำเนิด,วันละ 1 ครั้ง ช่วงเวลาเดียวกัน,รับประทานครั้งละ 1 เม็ด,,,
1,100730,ยาคุมกำเนิด,วันละ 1 ครั้ง ช่วงเวลาเดียวกัน,รับประทานครั้งละ 1 เม็ด,,,
1,100731,ยาคุมกำเนิด,วันละ 1 ครั้ง ช่วงเวลาเดียวกัน,รับประทานครั้งละ 1 เม็ด,,,
1,100732,ยาคุมกำเนิด,วันละ 1 ครั้ง ช่วงเวลาเดียวกัน,รับประทานครั้งละ 1 เม็ด,,,
1,100733,ยาคุมกำเนิด,วันละ 1 ครั้ง ช่วงเวลาเดียวกัน,รับประทานครั้งละ 1 เม็ด,,,
1,100734,ยาคุมกำเนิด,วันละ 1 ครั้ง ช่วงเวลาเดียวกัน,รับประทานครั้งละ 1 เม็ด,,,
1,100735,ยาคุมกำเนิด,วันละ 1 ครั้ง ช่วงเวลาเดียวกัน,รับประทานครั้งละ 1 เม็ด,,,
1,100736,ยาคุมกำเนิด,วันละ 1 ครั้ง ช่วงเวลาเดียวกัน,รับประทานครั้งละ 1 เม็ด,,,
1,100737,ยาคุมกำเนิด,วันละ 1 ครั้ง ช่วงเวลาเดียวกัน,รับประทานครั้งละ 1 เม็ด,,,
1,100738,ยาคุมกำเนิด,วันละ 1 ครั้ง ช่วงเวลาเดียวกัน,รับประทานครั้งละ 1 เม็ด,,,
1,100739,ยาคุมกำเนิด,วันละ 1 ครั้ง ช่วงเวลาเดียวกัน,รับประทานครั้งละ 1 เม็ด,,,
1,100740,ยาคุมกำเนิด,วันละ 1 ครั้ง ช่วงเวลาเดียวกัน,รับประทานครั้งละ 1 เม็ด,,,
1,100741,ยาคุมกำเนิด,วันละ 1 ครั้ง ช่วงเวลาเดียวกัน,รับประทานครั้งละ 1 เม็ด,,,
1,100742,ยาคุมกำเนิด,วันละ 1 ครั้ง ช่วงเวลาเดียวกัน,รับประทานครั้งละ 1 เม็ด,,,
1,100743,ยาคุมกำเนิด,วันละ 1 ครั้ง ช่วงเวลาเดียวกัน,รับประทานครั้งละ 1 เม็ด,,,
1,100744,ยาคุมกำเนิด,วันละ 1 ครั้ง ช่วงเวลาเดียวกัน,รับประทานครั้งละ 1 เม็ด,,,
1,100745,ยาคุมกำเนิด,วันละ 1 ครั้ง ช่วงเวลาเดียวกัน,รับประทานครั้งละ 1 เม็ด,,,
1,100746,ยาคุมกำเนิด,วันละ 1 ครั้ง ช่วงเวลาเดียวกัน,รับประทานครั้งละ 1 เม็ด,,,
1,100747,รักษาช่องคลอดติดเชื้อ,,เหน็บครั้งละ 1 แท่ง,,,ก่อนนอน
1,100748,รักษาช่องคลอดติดเชื้อ,,เหน็บครั้งละ 1 แท่ง,,,ก่อนนอน
1,100749,รักษาช่องคลอดติดเชื้อ,,เหน็บครั้งละ 1 แท่ง,,,ก่อนนอน
1,100750,กำจัดเหา,เช้า-เย็น,ทาวันละ 2 ครั้ง,,,ขยี้ลงศีรษะ ทิ้ง 5 นาที ใช้ติดต่อกัน 10 วัน
1,100751,บำรุงสายตา,,รับประทานครั้งละ 1 เม็ด,พร้อมอาหาร,,ตอนเช้า
1,100752,ลดคลอเรสเตอรอล,,รับประทานครั้งละ 1 เม็ด,พร้อมอาหาร,,ตอนเช้า
1,100753,รักษาสิว,,รับประทานครั้งละ 1 เม็ด,พร้อมอาหาร,,ตอนเช้า
1,100754,ช่วยเสริมการทำงานของสมอง,,รับประทานครั้งละ 1 เม็ด,พร้อมอาหาร,,ตอนเช้า
1,100755,รักษาผมร่วง,,รับประทานครั้งละ 1 เม็ด,พร้อมอาหาร,,ตอนเช้า
1,100756,บำรุงผิวพรรณ,,รับประทานครั้งละ 1 เม็ด,พร้อมอาหาร,,วันละ1ครั้ง
1,100757,เสริมสมรรถภาพทางเพศ ,,รับประทานครั้งละ 1 เม็ด,พร้อมอาหาร,เก็บในอุณหภูมิห้อง,ตอนเช้า
1,100758,บำรุงผม ผิว เล็บ ชะลอริ้วรอย ลดคลอเรสเตอรอล,,รับประทานครั้งละ 1 เม็ด,พร้อมอาหาร,เก็บในอุณหภูมิห้อง,ตอนเช้า
1,100759,ช่วยการเผาผลาญพลังงานให้ดียิ่งขึ้น,,รับประทานครั้งละ 1 เม็ด,พร้อมอาหาร,เก็บในอุณหภูมิห้อง,ตอนเช้า
1,100760,ช่วยบำรุงสมอง และความจำ,,รับประทานครั้งละ 1 เม็ด,พร้อมอาหาร,,ตอนเช้า
1,100761,ลดคลอเรสเตอรอล ลดไขมันอุดตัน บำรุงตับ,,รับประทานครั้งละ 1 เม็ด,พร้อมอาหาร,,ตอนเช้า
1,100762,ลดอาการก่อนมีประจำเดือน ช่วยปัญหาวัยทอง,,รับประทานครั้งละ 1 เม็ด,พร้อมอาหาร,,ตอนเช้า
1,100763,ช่วยดูแลสุขภาพ ช่องคลอด,,รับประทานครั้งละ 1 เม็ด,พร้อมอาหาร,,ตอนเช้า
1,100764,ช่วยควบคุมระดับ คลอเรสเตอรอล,,รับประทานครั้งละ 1 เม็ด,พร้อมอาหาร,,ตอนเช้า
1,100765,บำรุงร่างกาย ,เช้า-กลางวัน-เย็น,รับประทานครั้งละ 2 เม็ด,หลังอาหาร,,
1,100766,ช่วยให้นอนหลับ,,รับประทานครั้งละ 1-2 เม็ด,,,ก่อนนอน
1,100767,เพิ่มกากใย ช่วยให้ระบาย,,รับประทานครั้งละ 1 ซอง,,,ละลายน้ำธรรมดา
1,100768,ลดคลอเรสเตอรอล,,รับประทานครั้งละ 1 เม็ด,พร้อมอาหาร,,ตอนเช้า
1,100769,ช่วยให้นอนหลับ,เช้า-กลางวัน-เย็น,รับประทานครั้งละ 1 เม็ด,หลังอาหาร,,
1,100770,บำรุงร่างกาย ,เช้า-เย็น,รับประทานครั้งละ 1 เม็ด,หลังอาหาร,,
1,100771,ช่วยบำรุงสมอง และความจำ,,รับประทานครั้งละ 1 เม็ด,พร้อมอาหาร,,ตอนเช้า
1,100772,บำรุงผม เล็บ ช่วยผลิตสเปริ์มให้แข็งแรง,,รับประทานครั้งละ 1 เม็ด,พร้อมอาหาร,,ตอนเช้า
1,100773,บรรเทาอาการ เหน็บชา,,รับประทานครั้งละ 1 เม็ด,พร้อมอาหาร,,ตอนเช้า
1,100774,บำรุงผิวพรรณ,,รับประทานครั้งละ 1 เม็ด,พร้อมอาหาร,,ตอนเช้า
1,100775,ป้องกันหวัด บำรุงผิวใส,,รับประทานครั้งละ 1 เม็ด,พร้อมอาหาร,,ตอนเช้า
1,100776,ชะลอ และป้องกันการเกิดริ้วรอยแห่งวัย,,รับประทานครั้งละ 1 เม็ด,พร้อมอาหาร,,ตอนเช้า
1,100777,เสริมภูมิคุ้มกัน บำรุงผิวพรรณ,,รับประทานครั้งละ 1 เม็ด,พร้อมอาหาร,,ตอนเช้า
1,100778,ชะลอ และป้องกันการเกิดริ้วรอยแห่งวัย,,รับประทานครั้งละ 1 เม็ด,พร้อมอาหาร,,ตอนเช้า
1,100779,ชะลอ และป้องกันการเกิดริ้วรอยแห่งวัย,,รับประทานครั้งละ 1 เม็ด,พร้อมอาหาร,,ตอนเช้า
1,100780,แก้ปวดไมเกรน,,รับประทานครั้งละ 1 เม็ด,พร้อมอาหาร,,ตอนเช้า
1,100781,บำรุงผิวพรรณ,,รับประทานครั้งละ 1 เม็ด,พร้อมอาหาร,,ตอนเช้า
1,100782,บำรุงผิวพรรณ,,รับประทานครั้งละ 1 เม็ด,พร้อมอาหาร,,ตอนเช้า
1,100783,ช่วยบำรุงสมอง และความจำ,เช้า-กลางวัน-เย็น,รับประทานครั้งละ 1 เม็ด,พร้อมอาหาร,,
1,100784,ช่วยบำรุงสมอง และความจำ,,รับประทานครั้งละ 1 เม็ด,พร้อมอาหาร,,ตอนเช้า
1,100785,บำรุงสตรีมีครรภ์ ก่อนและหลังคลอด,,รับประทานครั้งละ 1 เม็ด,หลังอาหาร,,ตอนเช้า
1,100786,ช่วยบำรุงสมอง และความจำ,,รับประทานครั้งละ 1 เม็ด,พร้อมอาหาร,,ตอนเช้า
1,100787,ทาผิว และ บำรุงผม ,เช้า-เย็น,รับประทานครั้งละ 1-2 ช้อนโต๊ะ,ก่อนอาหาร,,สามารถ รับประทานได้
1,100788,ทาผิว และ บำรุงผม ,เช้า-เย็น,รับประทานครั้งละ 1-2 ช้อนโต๊ะ,ก่อนอาหาร,,สามารถ รับประทานได้
1,100789,โปรตีนจากไข่ขาว,เช้า-กลางวัน-เย็น,รับประทานครั้งละ 1-2 เม็ด,หลังอาหาร,,
1,100790,โปรตีนจากถั่วเหลือง,เช้า-เย็น,รับประทานครั้งละ 2 เม็ด,หลังอาหาร,,
1,100791,โปรตีนจากไข่ขาว,,รับประทานครั้งละ 2 เม็ด,หลังอาหาร,,ตอนเช้า
1,100792,โปรตีนจากไข่ขาว,,รับประทานครั้งละ 2 เม็ด,หลังอาหาร,,ตอนเช้า
1,100793,บำรุงร่างกาย ,เช้า-เย็น,รับประทานครั้งละ 1 เม็ด,หลังอาหาร,,
1,100794,เสริมภูมิคุ้มกัน บำรุงผิวพรรณ,,รับประทานครั้งละ 1 เม็ด,หลังอาหาร,,ตอนเช้า
1,100795,เสริมภูมิคุ้มกัน บำรุงผิวพรรณ,,รับประทานครั้งละ 1 เม็ด,หลังอาหาร,,ตอนเช้า
1,100796,เสริมภูมิคุ้มกัน บำรุงผิวพรรณ,,รับประทานครั้งละ 1 เม็ด,หลังอาหาร,,ตอนเช้า
1,100797,เสริมภูมิคุ้มกัน บำรุงผิวพรรณ,เช้า-เย็น,รับประทานครั้งละ 1 เม็ด,หลังอาหาร,,
1,100798,เสริมภูมิคุ้มกัน บำรุงผิวพรรณ,,รับประทานครั้งละ 1 เม็ด,หลังอาหาร,,ตอนเช้า
1,100799,เสริมภูมิคุ้มกัน บำรุงผิวพรรณ,,รับประทานครั้งละ 1 เม็ด,หลังอาหาร,,ตอนเช้า
1,100800,บรรเทาอาการ เหน็บชา,,รับประทานครั้งละ 1 เม็ด,หลังอาหาร,,ตอนเช้า
1,100801,บำรุงประสาท และ สมอง,,รับประทานครั้งละ 1 เม็ด,หลังอาหาร,,ตอนเช้า
1,100802,บำรุงสตรีมีครรภ์ ก่อนและหลังคลอด,,รับประทานครั้งละ 1 เม็ด,พร้อมอาหาร,,ตอนเช้า
1,100803,เสริมภูมิคุ้มกัน บำรุงผิวพรรณ,,รับประทานครั้งละ 1 เม็ด,พร้อมอาหาร,,ตอนเช้า
1,100804,เสริมภูมิคุ้มกัน บำรุงผิวพรรณ,เช้า-เย็น,รับประทานครั้งละ 1 เม็ด,พร้อมอาหาร,,ตอนเช้า
1,100805,ลดคลอเรสเตอรอล ลดไขมันอุดตัน บำรุงตับ,,รับประทานครั้งละ 1 เม็ด,พร้อมอาหาร,,
1,100806,บำรุงฮอร์โมนเพศหญิง ลดอาการปวดประจำเดือน,,รับประทานครั้งละ 1 เม็ด,พร้อมอาหาร,,ตอนเช้า
1,100807,แก้ปวดไมเกรน,,รับประทานครั้งละ 1 เม็ด,หลังอาหาร,,ตอนเช้า
1,100808,บรรเทาอาการ เหน็บชา,,รับประทานครั้งละ 1 เม็ด,พร้อมอาหาร,,ตอนเช้า
1,100809,บรรเทาอาการ เหน็บชา,,รับประทานครั้งละ 1 เม็ด,พร้อมอาหาร,,ตอนเช้า
1,100810,รักษาผมร่วง,,รับประทานครั้งละ 1 เม็ด,หลังอาหาร,,ตอนเช้า
1,100811,เสริมภูมิคุ้มกัน บำรุงผิวพรรณ,,รับประทานครั้งละ 1 เม็ด,หลังอาหาร,,ตอนเช้า
1,100812,ลดไขมันในเลือดสูง,,รับประทานครั้งละ 1-2 เม็ด,หลังอาหาร,,ตอนเช้า
1,100813,เสริมภูมิคุ้มกัน บำรุงผิวพรรณ,,รับประทานครั้งละ 1 เม็ด,พร้อมอาหาร,,ตอนเช้า
1,100814,เสริมสร้างกล้ามเนื้อในร่างกาย,,รับประทานครั้งละ 1 ซอง,,,น้ำปริมาณ 150 มล.
1,100815,โรคข้อเข่าเสื่อม อาการปวดเข่า,,รับประทานครั้งละ 1 ซอง,,,น้ำปริมาณ 180 มล. /วันละ1ครั้ง
1,100816,ชะลอ และป้องกันการเกิดริ้วรอยแห่งวัย,,รับประทานครั้งละ 1 ซอง,,,น้ำปริมาณ 180 มล. /วันละ1ครั้ง
1,100817,ชะลอ และป้องกันการเกิดริ้วรอยแห่งวัย,,รับประทานครั้งละ 1 ซอง,,,น้ำปริมาณ 180 มล. /วันละ1ครั้ง
1,100818,รักษาตาติดเชื้อ,เช้า-กลางวัน-เย็น-ก่อนนอน,หยอดครั้งละ 1-2 หยด,,,เปิดใช้แล้วมีอายุ 1 เดือน
1,100819,รักษาตาติดเชื้อ,เช้า-กลางวัน-เย็น-ก่อนนอน,ทาวันละ 4 ครั้ง,,,เปิดใช้แล้วมีอายุ 1 เดือน
1,100820,รักษาตาติดเชื้อ,เช้า-กลางวัน-เย็น-ก่อนนอน,หยอดครั้งละ 1-2 หยด,,,เปิดใช้แล้วมีอายุ 1 เดือน
1,100827,ลดกรด ลดอาการจุกเสียด แน่นท้อง ปวดท้อง,เช้า-กลางวัน-เย็น-ก่อนนอน,รับประทานครั้งละ 1 เม็ด,ก่อนอาหาร,,เคียวก่อนกลืน
1,100878,ลดกรด ขับลม ,เช้า-กลางวัน-เย็น-ก่อนนอน,รับประทานครั้งละ 1-2 ช้อนโต๊ะ,หลังอาหาร,เก็บในอุณหภูมิห้อง,เขย่าขวดก่อนรับประทาน
1,101097,ลดบวม ฟกช้ำ,เช้า-กลางวัน-เย็น,ทาวันละ 3 ครั้ง,,เก็บในอุณหภูมิห้อง,
1,101098,ลดบวม ฟกช้ำ,เช้า-กลางวัน-เย็น,ทาวันละ 3 ครั้ง,,เก็บในอุณหภูมิห้อง,
1,101129,แก้แพ้ผื่นคัน,เช้า-กลางวัน-เย็น,ทาวันละ 3 ครั้ง,,เก็บในอุณหภูมิห้อง,
1,101275,วิตามิน อาหารเสริม,เช้า-เย็น,รับประทานครั้งละ ............. เม็ด,,,"อายุ 1-3 ปี ทานได้ไม่เกิน 400 mg.ต่อวัน
อายุ 4-8 ปี ทานได้ไม่เกิน 650 mg. ต่อวัน
อายุ 9-13 ปี ทานได้ไม่เกิน 1,200 mg.ต่อวัน
อายุ 14-18 ปี ทานได้ไม่เกิน 1,800 mg.ต่อวัน

ผู้ใหญ่อายุมากกว่า 18 ขึ้นไป ทานได้ไม่เกิน 2,000 มิลลิกรัม ต่อวัน"
1,101277,วิตามิน อาหารเสริม,เช้า-เย็น,รับประทานครั้งละ ............. เม็ด,,,"อายุ 1-3 ปี ทานได้ไม่เกิน 400 mg.ต่อวัน
อายุ 4-8 ปี ทานได้ไม่เกิน 650 mg. ต่อวัน
อายุ 9-13 ปี ทานได้ไม่เกิน 1,200 mg.ต่อวัน
อายุ 14-18 ปี ทานได้ไม่เกิน 1,800 mg.ต่อวัน

ผู้ใหญ่อายุมากกว่า 18 ขึ้นไป ทานได้ไม่เกิน 2,000 มิลลิกรัม ต่อวัน"
1,101278,วิตามิน อาหารเสริม,เช้า-เย็น,รับประทานครั้งละ ............. เม็ด,,,"อายุ 1-3 ปี ทานได้ไม่เกิน 400 mg.ต่อวัน
อายุ 4-8 ปี ทานได้ไม่เกิน 650 mg. ต่อวัน
อายุ 9-13 ปี ทานได้ไม่เกิน 1,200 mg.ต่อวัน
อายุ 14-18 ปี ทานได้ไม่เกิน 1,800 mg.ต่อวัน

ผู้ใหญ่อายุมากกว่า 18 ขึ้นไป ทานได้ไม่เกิน 2,000 มิลลิกรัม ต่อวัน"
1,101279,วิตามิน อาหารเสริม,เช้า-เย็น,รับประทานครั้งละ ............. เม็ด,,,"อายุ 1-3 ปี ทานได้ไม่เกิน 400 mg.ต่อวัน
อายุ 4-8 ปี ทานได้ไม่เกิน 650 mg. ต่อวัน
อายุ 9-13 ปี ทานได้ไม่เกิน 1,200 mg.ต่อวัน
อายุ 14-18 ปี ทานได้ไม่เกิน 1,800 mg.ต่อวัน

ผู้ใหญ่อายุมากกว่า 18 ขึ้นไป ทานได้ไม่เกิน 2,000 มิลลิกรัม ต่อวัน"
1,101681,ลดไข้ บรรเทาอาการปวด,เช้า-เย็น,รับประทานครั้งละ 3 เม็ด,,,
1,101745,ลดไข้ บรรเทาอาการปวด,ทุก 4 ชั่วโมง,รับประทานครั้งละ ......... ช้อนชา,,เก็บในอุณหภูมิห้อง,
1,101746,ลดไข้ บรรเทาอาการปวด,เช้า-กลางวัน-เย็น,รับประทานครั้งละ ......... ช้อนชา,หลังอาหาร,เก็บในอุณหภูมิห้อง,
1,101747,แก้ไอ ละลายเสมหะ,เช้า-กลางวัน-เย็น,รับประทานครั้งละ ......... ช้อนชา,หลังอาหาร,เก็บในอุณหภูมิห้อง,
1,101748,แก้ไอ ละลายเสมหะ,เช้า-กลางวัน-เย็น,รับประทานครั้งละ ......... ช้อนชา,หลังอาหาร,เก็บในอุณหภูมิห้อง,
1,101749,แก้ไอ ละลายเสมหะ,เช้า-กลางวัน-เย็น,รับประทานครั้งละ ......... ช้อนชา,หลังอาหาร,เก็บในอุณหภูมิห้อง,
1,101750,แก้ไอ ละลายเสมหะ,เช้า-กลางวัน-เย็น,รับประทานครั้งละ ......... ช้อนชา,หลังอาหาร,เก็บในอุณหภูมิห้อง,
1,101751,แก้ไอ ขับเสมหะ,เช้า-กลางวัน-เย็น,รับประทานครั้งละ ......... ช้อนชา,หลังอาหาร,เก็บในอุณหภูมิห้อง,
1,101752,ลดน้ำมูก แพ้อากาศ,,รับประทานครั้งละ ......... ช้อนชา,,,วันละ 1 ครั้ง
1,101753,บรรเทาอาการหวัด คัดจมูก,เช้า-กลางวัน-เย็น-ก่อนนอน,รับประทานครั้งละ ......... ช้อนชา,หลังอาหาร,,ยานี้ทำให้ง่วงนอน
1,101754,บำรุงสายตา,,รับประทานครั้งละ 1 เม็ด,หลังอาหาร,,วันละ 1 ครั้ง หลังอาหารเช้า
1,101755,บรรเทาอาการ เหน็บชา,เช้า-กลางวัน-เย็น,รับประทานครั้งละ 1 เม็ด,หลังอาหาร,,
1,101756,เจริญอาหาร,เช้า-กลางวัน-เย็น-ก่อนนอน,รับประทานครั้งละ 1 เม็ด,ก่อนอาหาร,,
1,101757,บรรเทาอาการระคายเคืองตา,เช้า-กลางวัน-เย็น-ก่อนนอน,หยอดครั้งละ 1-2 หยด,,,เปิดใช้แล้วมีอายุ 1 เดือน
1,101758,บรรเทาอาการตาแห้ง,เช้า-กลางวัน-เย็น-ก่อนนอน,หยอดครั้งละ 1-2 หยด,,,เปิดใช้แล้วมีอายุ 1 เดือน
1,101759,บรรเทาอาการตาแห้ง,เช้า-กลางวัน-เย็น-ก่อนนอน,หยอดครั้งละ 1-2 หยด,,,เปิดใช้แล้วมีอายุ 1 เดือน
1,101760,บรรเทาอาการตาแห้ง,เช้า-กลางวัน-เย็น-ก่อนนอน,หยอดครั้งละ 1-2 หยด,,,เปิดใช้แล้วมีอายุ 1 เดือน
1,101761,บรรเทาอาการตาแห้ง,เช้า-กลางวัน-เย็น-ก่อนนอน,หยอดครั้งละ 1-2 หยด,,,เปิดใช้แล้วมีอายุ 1 เดือน
1,101762,รักษาผิวหนังอักเสบ นูนแข็ง,เช้า-เย็น,ทาวันละ 2 ครั้ง,,,
1,101763,รักษาอาการคันจากเชื้อรา,เช้า-กลางวัน-เย็น,ทาวันละ 3 ครั้ง,,,
1,101764,รักษาผิวหนังอักเสบและเชื้อแบคทีเรีย,เช้า-กลางวัน-เย็น,ทาวันละ 2-3 ครั้ง,,,
1,101765,รักษาอาการคันจากเชื้อราและแบคทีเรีย,เช้า-เย็น,ทาวันละ 2 ครั้ง,,,
1,101766,รักษาตาปลา / หูด,เช้า-เย็น,ทาวันละ 2 ครั้ง,,,
1,101767,รักษาอาการคันจากเชื้อราและผิวหนังแข็ง,เช้า-เย็น,ทาวันละ 2 ครั้ง,,,
1,101768,รักษาข้อกระดูกเสื่อม,,รับประทานครั้งละ 1 ซอง,,,ละลายน้ำ 1 แก้ว
1,101769,เสริมแคลเซียม,,รับประทานครั้งละ 1-2 เม็ด,หลังอาหาร,,
1,101770,แก้ปวดประจำเดือน,เช้า-กลางวัน-เย็น,รับประทานครั้งละ 1 เม็ด,หลังอาหาร,,ยามีฤทธิ์ระคายเคืองกระเพาะอาหาร
1,101771,คลายกล้ามเนื้อ,เช้า-กลางวัน-เย็น,รับประทานครั้งละ 1 เม็ด,หลังอาหาร,,
1,101772,บรรเทาอาการคัดจมูก,เช้า-กลางวัน-เย็น,พ่นเข้าจมูกข้างละ 1-2 ครั้ง,,,
1,101773,ลดอาการอักเสบในโพรงจมูก,วันละ 1 ครั้ง ช่วงเวลาเดียวกัน,พ่นเข้าจมูกข้างละ 1 ครั้ง,,เก็บในอุณหภูมิห้อง,
1,101774,ยั้บยั้งแบคทีเรีย ลดกลิ่นปากและไอจากการคันคอ,ทุกครั้งที่มีอาการ,พ่นช่องปากครั้งละ 2 ครั้ง,,,
1,101775,แก้ปวดไมเกรน,,รับประทานครั้งละ 1 เม็ด,,,"เมื่อมีอาการ 30 นาที ไม่ดีขึ้นซ้ำได้อีก 1 เม็ด 
ไม่เกิน 6 เม็ดต่อวัน 10 เม็ดต่อสัปดาห์"
1,101776,แก้วิงเวียนศรีษะ,เช้า-กลางวัน-เย็น,รับประทานครั้งละ 1 เม็ด,หลังอาหาร,,
1,101777,ลดความดันโลหิตสูง,,รับประทานตามแพทย์สั่ง  ,,,ห้ามปรับขนาดยาเอง โดยไม่มีคำสั่งแพทย์
1,101778,รักษาแผลในปาก,เช้า-กลางวัน-เย็น,ทาวันละ 3 ครั้ง,หลังอาหาร,,
1,101779,ฆ่าเชื้อแบคทีเรีย,เช้า-เย็น,ทาวันละ 2 ครั้ง,,,
1,101780,ยาคุมกำเนิด,วันละ 1 ครั้ง ช่วงเวลาเดียวกัน,รับประทานครั้งละ 1 เม็ด,,,
1,101781,รักษาช่องคลอดติดเชื้อ,,เหน็บครั้งละ 1 แท่ง,,,ก่อนนอน
1,101783,ลดอักเสบ,,รับประทานครั้งละ 1 เม็ด,หลังอาหาร,เก็บในตู้เย็น,
1,101784,บำรุงผม เล็บ ช่วยผลิตสเปริ์มให้แข็งแรง,,รับประทานครั้งละ 1 เม็ด,หลังอาหาร,,
1,101785,บำรุงผม ผิว เล็บ ชะลอริ้วรอย ลดคลอเรสเตอรอล,,รับประทานครั้งละ 1 เม็ด,หลังอาหาร,,
1,101786,บำรุงผม ผิว เล็บ ชะลอริ้วรอย ลดคลอเรสเตอรอล,,รับประทานครั้งละ 1 เม็ด,หลังอาหาร,,
1,101787,บำรุงผม ผิว เล็บ ชะลอริ้วรอย ลดคลอเรสเตอรอล,,รับประทานครั้งละ 1 เม็ด,หลังอาหาร,,
1,101788,บำรุงผม เล็บ ช่วยผลิตสเปริ์มให้แข็งแรง,,รับประทานครั้งละ 1 เม็ด,หลังอาหาร,,
1,101791,บำรุงร่างกาย ,,รับประทานครั้งละ 1 เม็ด,หลังอาหาร,,
1,101792,บำรุงร่างกาย ,,รับประทานครั้งละ 1 เม็ด,หลังอาหาร,,
1,101793,ช่วยบำรุงสมอง และความจำ,,รับประทานครั้งละ 1 เม็ด,หลังอาหาร,,
1,101794,บำรุงผม ผิว เล็บ ชะลอริ้วรอย ลดคลอเรสเตอรอล,,รับประทานครั้งละ 1 เม็ด,หลังอาหาร,,
1,101795,ช่วยบำรุงสมอง และความจำ,,รับประทานครั้งละ 1-2 เม็ด,หลังอาหาร,,
1,101796,ลดอักเสบ,,รับประทานครั้งละ 1 เม็ด,หลังอาหาร,,ตอนเช้า
1,101797,,,รับประทานครั้งละ 1 เม็ด,พร้อมอาหาร,,
1,101799,เสริมแคลเซียม,,รับประทานครั้งละ 1 เม็ด,,,ผสมน้ำ 1 แก้ว ดื่มหลังอาหารเช้า
1,101800,เสริมวิตามินบี,,รับประทานครั้งละ 1 เม็ด,,,ผสมน้ำ 1 แก้ว ดื่มหลังอาหารเช้า
1,101801,บำรุงร่างกาย ,,รับประทานครั้งละ 1 เม็ด,,,ผสมน้ำ 1 แก้ว ดื่มหลังอาหารเช้า
1,101803,รักษาอาการคันจากเชื้อราและแบคทีเรีย,เช้า-เย็น,ทาวันละ 2 ครั้ง,,,ไม่ควรใช้ติดต่อกันเกิน…5….วัน
1,101807,รักษาผิวหนังอักเสบ นูนแข็ง,เช้า-เย็น,ทาวันละ 2 ครั้ง,,,ไม่ควรใช้ติดต่อกันเกิน…5….วัน
1,101808,รักษาเริม,เช้า-กลางวัน-เย็น,รับประทานครั้งละ 1 เม็ด,หลังอาหาร,,รับประทานยาติดต่อกันจนยาหมด เพื่อป้องกันการดื้อยา
1,101810,รักษาริดสีดวงทวาร,เช้า-เย็น,ทาวันละ 2 ครั้ง,,,
1,101818,รักษาอาการคันจากเชื้อรา,เช้า-เย็น,ทาวันละ 2 ครั้ง,,,
1,101819,รักษาสิว,เช้า-เย็น,ทาวันละ 2 ครั้ง,,,ใช้ร่วมกับครีมกันแดด
1,101820,ช่วยให้นอนหลับ,,รับประทานครั้งละ 1 เม็ด,,,ก่อนนอน 1ชั่วโมง
1,101827,แก้ไอ ขับเสมหะ,เช้า-กลางวัน-เย็น,รับประทานครั้งละ 1 เม็ด,หลังอาหาร,เก็บในอุณหภูมิห้อง,
1,101828,บรรเทาอาการตาแห้ง,เช้า-เย็น,ทาวันละ 2 ครั้ง,,เก็บในอุณหภูมิห้อง,
1,101831,รักษาแผลในปาก,เช้า-กลางวัน-เย็น,ทาวันละ 3 ครั้ง,หลังอาหาร,,
1,101832,รักษาแผลในปาก,เช้า-กลางวัน-เย็น,ทาวันละ 3 ครั้ง,หลังอาหาร,,
1,101837,แก้ไอ ละลายเสมหะ,เช้า-กลางวัน-เย็น,รับประทานครั้งละ ......... ช้อนชา,หลังอาหาร,,
1,101838,ยาต้านเกล็ดเลือด,,รับประทานตามแพทย์สั่ง  ,,,
1,101840,ลดความดันโลหิตสูง,,รับประทานตามแพทย์สั่ง  ,,,
1,102231,แก้ปวด ลดอักเสบ,เช้า-กลางวัน-เย็น,รับประทานครั้งละ 1-2 เม็ด,หลังอาหาร,,ยามีฤทธิ์ระคายเคืองกระเพาะอาหาร
1,102232,บรรเทาอาการตาแดง,เช้า-กลางวัน-เย็น-ก่อนนอน,หยอดครั้งละ 1-2 หยด,,เก็บในอุณหภูมิห้อง,เปิดใช้แล้วมีอายุ 1 เดือน
1,102233,ลดอาการคันที่ผิวหนัง,เช้า-กลางวัน-เย็น,ทาวันละ 3 ครั้ง,,,
1,102239,รักษาผิวหนังอักเสบและเชื้อรา,เช้า-เย็น,ทาวันละ 2 ครั้ง,,,
1,102243,รักษาผิวหนังอักเสบและเชื้อรา,เช้า-เย็น,ทาวันละ 2 ครั้ง,,,
1,102245,รักษาผิวหนังอักเสบและเชื้อรา,เช้า-เย็น,ทาวันละ 2 ครั้ง,,,
1,102252,วิตามิน อาหารเสริม,เช้า-เย็น,รับประทานครั้งละ ............. เม็ด,,,"อายุ 1-3 ปี ทานได้ไม่เกิน 400 mg.ต่อวัน
อายุ 4-8 ปี ทานได้ไม่เกิน 650 mg. ต่อวัน
อายุ 9-13 ปี ทานได้ไม่เกิน 1,200 mg.ต่อวัน
อายุ 14-18 ปี ทานได้ไม่เกิน 1,800 mg.ต่อวัน

ผู้ใหญ่อายุมากกว่า 18 ขึ้นไป ทานได้ไม่เกิน 2,000 มิลลิกรัม ต่อวัน"
1,102259,แก้ท้องผูก,,รับประทานครั้งละ 2 เม็ด,,,ก่อนนอน
1,102262,เพิ่มความชุ่มชื้นในโพรงจมูก ,เช้า-เย็น,พ่นเข้าจมูกข้างละ 1-2 ครั้ง,,เก็บในอุณหภูมิห้อง,
1,102264,แก้ท้องผูก,ก่อนนอน,รับประทานครั้งละ 2 เม็ด,,เก็บในอุณหภูมิห้อง,ดื่มน้ำตามมากๆ
1,102267,แก้ปวด ลดอักเสบ,เช้า-กลางวัน-เย็น,รับประทานครั้งละ 1 เม็ด,หลังอาหาร,,ยามีฤทธิ์ระคายเคืองกระเพาะอาหาร
1,102277,แก้ปวด ลดอักเสบ,เช้า-กลางวัน-เย็น,รับประทานครั้งละ 1 เม็ด,หลังอาหาร,,
1,102279,รักษาอาการคันจากเชื้อราและแบคทีเรีย,เช้า-เย็น,ทาวันละ 2 ครั้ง,,,
1,102281,ฆ่าเชื้อที่ผิวหนัง,เช้า-เย็น,ทาวันละ 2 ครั้ง,,,
1,102288,บรรเทาอาการคัดจมูก,เช้า-กลางวัน-เย็น,หยอดครั้งละ 1-2 หยด,,เก็บในอุณหภูมิห้อง,ไม่ควรใช้ติดต่อกันเกิน5วัน
1,102291,แก้ไอแห้ง,เช้า-กลางวัน-เย็น,รับประทานครั้งละ ..... ml,หลังอาหาร,,
1,102293,บำรุงสตรีมีครรภ์ ก่อนและหลังคลอด,เช้า-เย็น,รับประทานครั้งละ 1 ช้อนโต๊ะ,ก่อนอาหาร,เก็บในอุณหภูมิห้อง,
1,102323,ลดอาการคันที่ผิวหนัง,เช้า-เย็น,ทาวันละ 2 ครั้ง,,,
1,102329,ลดน้ำมูก แพ้อากาศ,วันละ 1 ครั้ง ช่วงเวลาเดียวกัน,รับประทานครั้งละ ..... ml,หลังอาหาร,,
1,102331,แก้ไอแห้ง,เช้า-กลางวัน-เย็น,รับประทานครั้งละ 1 เม็ด,หลังอาหาร,,
1,102336,รักษาโรคกระเพาะ ปรับลำไส้,เช้า-กลางวัน-เย็น,รับประทานครั้งละ 1 เม็ด,ก่อนอาหาร,เก็บในอุณหภูมิห้อง,
1,102345,ลดปวด ลดอักเสบ,,รับประทานครั้งละ 1 เม็ด,หลังอาหาร,,วันละ 1 ครั้ง
1,102346,ลดน้ำมูก แพ้อากาศ,,รับประทานครั้งละ ..... ml,หลังอาหาร,,วันละ 1 ครั้ง
1,102347,ลดน้ำมูก แพ้อากาศ,วันละ 1 ครั้ง ช่วงเวลาเดียวกัน,รับประทานครั้งละ ..... ml,หลังอาหาร,เก็บในอุณหภูมิห้อง,
1,102348,ลดปวด ลดอักเสบ,เช้า-กลางวัน-เย็น,รับประทานครั้งละ ......... ช้อนชา,หลังอาหาร,เก็บในอุณหภูมิห้อง,ยามีฤทธิ์ระคายเคืองกระเพาะอาหาร
1,102349,แก้ไอ ขับเสมหะ,เช้า-กลางวัน-เย็น,รับประทานครั้งละ 1 เม็ด,,,ห้ามรับประทานยาร่วมกับแอลกอฮอล์
1,102359,รักษาผิวหนังอักเสบและเชื้อแบคทีเรีย,เช้า-เย็น,ทาวันละ 2 ครั้ง,,,
1,102360,บรรเทาอาการไอ ระคายเคืองคอ,เช้า-กลางวัน-เย็น,รับประทานครั้งละ ...... ช้อนชา,หลังอาหาร,เก็บในอุณหภูมิห้อง,
1,102380,รักษาตาติดเชื้อ,เช้า-กลางวัน-เย็น-ก่อนนอน,หยอดครั้งละ 1-2 หยด,,,
1,102381,ลดน้ำมูก แพ้อากาศ,วันละ 1 ครั้ง ช่วงเวลาเดียวกัน,รับประทานครั้งละ ......... ช้อนชา,,เก็บในอุณหภูมิห้อง,
1,102383,บำรุงเลือด,วันละ 1 ครั้ง ช่วงเวลาเดียวกัน,รับประทานครั้งละ ......... ช้อนชา,หลังอาหาร,,
1,102384,แก้ไอ ละลายเสมหะ,เช้า-กลางวัน-เย็น,รับประทานครั้งละ ......... ช้อนชา,หลังอาหาร,,
1,102385,แก้ไอ ละลายเสมหะ,เช้า-กลางวัน-เย็น,รับประทานครั้งละ ......... ช้อนชา,หลังอาหาร,,
1,102386,แก้ไอ ละลายเสมหะ,เช้า-กลางวัน-เย็น,รับประทานครั้งละ ......... ช้อนชา,หลังอาหาร,,
1,102387,แก้ปวด ลดอักเสบ,เช้า-กลางวัน-เย็น,รับประทานครั้งละ 1 เม็ด,หลังอาหาร,เก็บในอุณหภูมิห้อง,
1,102393,รักษาผิวหนังอักเสบ นูนแข็ง,เช้า-เย็น,ทาวันละ 2 ครั้ง,,,
1,102394,รักษาอาการคันจากเชื้อรา,เช้า-เย็น,ทาวันละ 2 ครั้ง,,,
1,102400,บรรเทาอาการระคายเคืองตา,เช้า-กลางวัน-เย็น-ก่อนนอน,หยอดครั้งละ 1-2 หยด,,เก็บในอุณหภูมิห้อง,เปิดใช้แล้วมีอายุ 1 เดือน
1,102402,แก้ท้องอืดท้องเฟ้อ,เช้า-กลางวัน-เย็น,รับประทานครั้งละ 1 เม็ด,หลังอาหาร,เก็บในอุณหภูมิห้อง,
1,102406,แก้ท้องผูก,,รับประทานครั้งละ 2 เม็ด,,,ก่อนนอน
1,102407,รักษาข้อกระดูกเสื่อม,วันละ 1 ครั้ง ช่วงเวลาเดียวกัน,รับประทานครั้งละ 1 ซอง,ก่อนอาหาร,,ละลายกับน้ำ1แก้วก่อนดื่ม
1,102411,ลดอาการอักเสบที่ผิวหนัง,เช้า-เย็น,ทาวันละ 2 ครั้ง,,,
1,102412,บรรเทาอาการตาแห้ง,ทุกครั้งที่มีอาการ,หยอดครั้งละ 1-2 หยด,,,เปิดใช้แล้วมีอายุ 1 เดือน
1,102415,ฆ่าเชื้อในทางเดินหายใจ,เช้า-กลางวัน-เย็น,รับประทานครั้งละ ..... ml,หลังอาหาร,,รับประทานยาติดต่อกันจนยาหมด เพื่อป้องกันการดื้อยา
1,102416,ฆ่าเชื้อในทางเดินหายใจ,เช้า-กลางวัน-เย็น,รับประทานครั้งละ ..... ml,หลังอาหาร,,รับประทานยาติดต่อกันจนยาหมด เพื่อป้องกันการดื้อยา
1,102421,ลดน้ำมูก แพ้อากาศ,วันละ 1 ครั้ง ช่วงเวลาเดียวกัน,รับประทานครั้งละ 1 เม็ด,หลังอาหาร,,
1,102424,แก้แพ้ ลดน้ำมูก ผื่นคัน,วันละ 1 ครั้ง ช่วงเวลาเดียวกัน,รับประทานครั้งละ 1 เม็ด,หลังอาหาร,,
1,102425,แก้ไอ ละลายเสมหะ,เช้า-กลางวัน-เย็น,รับประทานครั้งละ ......... ช้อนชา,หลังอาหาร,,
1,102426,แก้ท้องผูก,,รับประทานครั้งละ ..... ml,,,ก่อนนอน
1,102429,บรรเทาอาการตาแห้ง,ทุกครั้งที่มีอาการ,หยอดครั้งละ 1-2 หยด,,,สำหรับใช้รายวัน
1,102430,บรรเทาอาการตาแห้ง,ทุกครั้งที่มีอาการ,หยอดครั้งละ 1-2 หยด,,,เปิดใช้แล้วมีอายุ 1 เดือน
1,102431,บรรเทาอาการตาแห้ง,ทุกครั้งที่มีอาการ,หยอดครั้งละ 1-2 หยด,,,สำหรับใช้รายวัน
1,102435,แก้ไอแห้ง,เช้า-กลางวัน-เย็น,รับประทานครั้งละ 1 เม็ด,หลังอาหาร,เก็บในอุณหภูมิห้อง,ยานี้ทำให้ง่วงนอน
1,102436,รักษาอาการคันจากเชื้อรา,เช้า-เย็น,ทาวันละ 2 ครั้ง,,,
1,102438,ลดปวด ลดอักเสบ,เช้า-กลางวัน-เย็น-ก่อนนอน,ทาวันละ 3-4 ครั้ง,,,
1,102439,แก้แพ้ ลดน้ำมูก ผื่นคัน,วันละ 1 ครั้ง ช่วงเวลาเดียวกัน,รับประทานครั้งละ ..... ml,หลังอาหาร,,
1,102447,รักษาเริม,ทุก 4 ชั่วโมง,ทาวันละ 5 ครั้ง,,,ควรทาติดต่อกันประมาณ 5 วัน
1,102448,บรรเทาอาการตาแห้ง,ทุกครั้งที่มีอาการ,หยอดครั้งละ 1-2 หยด,,,เปิดใช้แล้วมีอายุ 1 เดือน
1,102450,ฆ่าเชื้อแบคทีเรีย,เช้า-กลางวัน-เย็น,รับประทานครั้งละ ..... ml,หลังอาหาร,เก็บในตู้เย็น,รับประทานยาติดต่อกันจนยาหมด เพื่อป้องกันการดื้อยา
1,102453,ฆ่าเชื้อแบคทีเรีย,เช้า-เย็น,รับประทานครั้งละ 1 เม็ด,ก่อนอาหาร,,รับประทานยาติดต่อกันจนยาหมด เพื่อป้องกันการดื้อยา
1,102454,ฆ่าเชื้อแบคทีเรีย,เช้า-กลางวัน-เย็น,รับประทานครั้งละ ..... ml,หลังอาหาร,,
1,102455,ฆ่าเชื้อแบคทีเรีย,เช้า-กลางวัน-เย็น,รับประทานครั้งละ ..... ml,หลังอาหาร,เก็บในตู้เย็น,รับประทานยาติดต่อกันจนยาหมด เพื่อป้องกันการดื้อยา
1,102459,บรรเทาอาการไอ ละลายเสมหะ,เช้า-กลางวัน-เย็น,รับประทานครั้งละ ..... ml,หลังอาหาร,,
1,102460,รักษาอาการคันจากเชื้อรา,เช้า-เย็น,ทาวันละ 2 ครั้ง,,,
1,102461,รักษาอาการคันจากเชื้อรา,เช้า-เย็น,ทาวันละ 2 ครั้ง,,,
1,102462,ฆ่าเชื้อรา,เช้า-เย็น,ทาวันละ 2 ครั้ง,,,
1,102463,ฆ่าเชื้อรา,,ทาวันละ 2 ครั้ง,,,
1,102464,ฆ่าเชื้อรา,เช้า-เย็น,ทาวันละ 2 ครั้ง,,เก็บในอุณหภูมิห้อง,
1,102476,รักษาช่องคลอดติดเชื้อ,เช้า-กลางวัน-เย็น,รับประทานครั้งละ 1 เม็ด,หลังอาหาร,,รับประทานยาติดต่อกันจนยาหมด เพื่อป้องกันการดื้อยา
1,102480,แก้แพ้ ลดน้ำมูก ผื่นคัน,วันละ 1 ครั้ง ช่วงเวลาเดียวกัน,รับประทานครั้งละ 1 เม็ด,หลังอาหาร,,
1,102483,ลดกลิ่นปากและไอจากการคันคอ,ทุกครั้งที่มีอาการ,พ่นช่องปากครั้งละ 1-2 ครั้ง,,,
1,102489,แก้แพ้ ลดน้ำมูก ผื่นคัน,วันละ 1 ครั้ง ช่วงเวลาเดียวกัน,รับประทานครั้งละ ..... ml,หลังอาหาร,,
1,102491,ฆ่าเชื้อแบคทีเรีย,เช้า-กลางวัน-เย็น-ก่อนนอน,หยอดครั้งละ 1-2 หยด,,เก็บในอุณหภูมิห้อง,เปิดใช้แล้วมีอายุ 1 เดือน
1,102492,ลดคลื่นไส้ อาเจียน ปรับลำไส้,เช้า-กลางวัน-เย็น,รับประทานครั้งละ ..... ml,ก่อนอาหาร,,
1,102493,ลดคลื่นไส้ อาเจียน ปรับลำไส้,เช้า-กลางวัน-เย็น,รับประทานครั้งละ ..... ml,ก่อนอาหาร,เก็บในอุณหภูมิห้อง,
1,102497,ฆ่าเชื้อแบคทีเรีย,เช้า-เย็น,รับประทานครั้งละ 2 เม็ด,หลังอาหาร,,รับประทานยาติดต่อกันจนยาหมด เพื่อป้องกันการดื้อยา
1,102502,ละลายเสมหะ บรรเทาอาการไอ,เช้า-กลางวัน-เย็น,รับประทานครั้งละ 1 เม็ด,หลังอาหาร,,
1,102510,แก้แพ้ ลดน้ำมูก ผื่นคัน,วันละ 1 ครั้ง ช่วงเวลาเดียวกัน,รับประทานครั้งละ 1 เม็ด,หลังอาหาร,,
1,102513,แก้แพ้,ทุกครั้งที่มีอาการ,รับประทานครั้งละ ครึ่ง เม็ด,,,ยานี้ทำให้ง่วงนอน
1,102517,แก้ปวด ลดอักเสบ ลดไข้,เช้า-กลางวัน-เย็น,รับประทานครั้งละ 1 เม็ด,หลังอาหาร,,
1,102521,แก้ปวด ลดอักเสบ,เช้า-เย็น,รับประทานครั้งละ 1 เม็ด,หลังอาหาร,,
1,102526,ฆ่าเชื้อแบคทีเรีย,เช้า-กลางวัน-เย็น,รับประทานครั้งละ ..... ml,หลังอาหาร,เก็บในอุณหภูมิห้อง,
1,102527,ฆ่าเชื้อแบคทีเรีย,เช้า-กลางวัน-เย็น,รับประทานครั้งละ ..... ml,หลังอาหาร,เก็บในอุณหภูมิห้อง,
1,102530,ฆ่าเชื้อแบคทีเรีย,เช้า-กลางวัน-เย็น,รับประทานครั้งละ ..... ml,ก่อนอาหาร,,เคียวก่อนกลืน
1,102533,ฆ่าเชื้อแบคทีเรีย,เช้า-กลางวัน-เย็น,ทาวันละ 3 ครั้ง,,เก็บในอุณหภูมิห้อง,
1,102534,ฆ่าเชื้อแบคทีเรีย,เช้า-กลางวัน-เย็น,ทาวันละ 2-3 ครั้ง,,เก็บในอุณหภูมิห้อง,
1,102536,วิตามิน อาหารเสริม,วันละ 1 ครั้ง ช่วงเวลาเดียวกัน,รับประทานครั้งละ 1 ช้อนชา,หลังอาหาร,,
1,102537,วิตามิน อาหารเสริม,วันละ 1 ครั้ง ช่วงเวลาเดียวกัน,รับประทานครั้งละ 1 เม็ด,พร้อมอาหาร,,
1,102544,แก้ท้องผูก,วันละ 1 ครั้ง ช่วงเวลาเดียวกัน,รับประทานครั้งละ 1-2 ซอง,หลังอาหาร,,กินวันเว้นวัน เหมาะสำหรับผู้ใหญ่และเด็กอายุ 8 ปีขึ้นไป
1,102545,ประจำเดือนมาไม่ปกติ,วันละ 1 ครั้ง ช่วงเวลาเดียวกัน,รับประทานครั้งละ 1-2 เม็ด,หลังอาหาร,,
1,102547,ช่วยย่อยอาหาร,เช้า-กลางวัน-เย็น,รับประทานครั้งละ 1-2 เม็ด,หลังอาหาร,,
1,102548,รักษาแผลในปาก,เช้า-กลางวัน-เย็น-ก่อนนอน,ทาวันละ 3-4 ครั้ง,หลังอาหาร,,
1,102562,แก้ไอ ละลายเสมหะ,เช้า-เย็น,รับประทานครั้งละ ..... ml,หลังอาหาร,,
1,102564,ฆ่าเชื้อรา,เช้า-เย็น,ทาวันละ 2 ครั้ง,,,
1,102565,ฆ่าเชื้อรา,,เหน็บครั้งละ 2 เม็ด,,,ก่อนนอนเป็นเวลา 3 วัน
1,102570,ฆ่าเชื้อแบคทีเรีย,วันละ 1 ครั้ง ช่วงเวลาเดียวกัน,รับประทานครั้งละ 4 เม็ด,หลังอาหาร,,ทานครั้งเดียว 
1,102579,แก้ปวดปลายประสาท,วันละ 1 ครั้ง ช่วงเวลาเดียวกัน,รับประทานครั้งละ 1 เม็ด,,,ยานี้ทำให้ง่วงนอน
1,102588,ฆ่าเชื้อแบคทีเรีย,เช้า-เย็น,รับประทานครั้งละ 2 เม็ด,หลังอาหาร,,รับประทานยาติดต่อกันจนยาหมด เพื่อป้องกันการดื้อยา
1,102610,ระบายท้อง ช่วยขับถ่าย,วันละ 1 ครั้ง ช่วงเวลาเดียวกัน,รับประทานครั้งละ 1-2 ช้อนโต๊ะ,,,ก่อนนอน
1,102615,ฆ่าเชื้อแบคทีเรีย,เช้า-กลางวัน-เย็น-ก่อนนอน,รับประทานครั้งละ 1 เม็ด,หลังอาหาร,,รับประทานยาติดต่อกันจนยาหมด เพื่อป้องกันการดื้อยา
1,102621,แก้ไอ ละลายเสมหะ,เช้า-กลางวัน-เย็น,รับประทานครั้งละ ...... ช้อนชา,หลังอาหาร,เก็บในอุณหภูมิห้อง,
1,102622,ลดไข้ บรรเทาอาการปวด,ทุก 6 ชั่วโมง,รับประทานครั้งละ ..... ml,,,
1,102637,รักษาอาการคันจากเชื้อรา,เช้า-เย็น,ทาวันละ 2 ครั้ง,,,
1,102638,เสริมวิตามินบี,เช้า-กลางวัน-เย็น,รับประทานครั้งละ 1 เม็ด,หลังอาหาร,,
1,102639,ฆ่าเชื้อแบคทีเรีย,เช้า-เย็น,รับประทานครั้งละ 1 เม็ด,หลังอาหาร,,
1,102640,รักษาริดสีดวงทวาร,เช้า-เย็น,รับประทานครั้งละ 3 เม็ด,หลังอาหาร,,วันที่ 1-4 จากนั้น วันที่ 5-7 ครั้งละ 2 เม็ด 2 ครั้ง หลังอาหาร เช้า-เย็น
1,102641,รักษาแผลไฟไหม้ น้ำร้อนลวก,เช้า-กลางวัน-เย็น-ก่อนนอน,ทาวันละ 3-4 ครั้ง,,เก็บในอุณหภูมิห้อง,
1,102651,ฆ่าเชื้อแบคทีเรีย,เช้า-กลางวัน-เย็น,รับประทานครั้งละ ..... ml,หลังอาหาร,,
1,102659,เลื่อนประจำเดือน,เช้า-เย็น,รับประทานครั้งละ 1 เม็ด,หลังอาหาร,,
1,102668,ฆ่าเชื้อแบคทีเรีย,เช้า-กลางวัน-เย็น,รับประทานครั้งละ 1 เม็ด,หลังอาหาร,เก็บในอุณหภูมิห้อง,
1,102669,บรรเทาอาการไอ ละลายเสมหะ,เช้า-กลางวัน-เย็น,รับประทานครั้งละ ...... ช้อนชา,หลังอาหาร,,
1,102670,บรรเทาอาการไอ ระคายเคืองคอ,เช้า-กลางวัน-เย็น,รับประทานครั้งละ ..... ml,หลังอาหาร,,
1,102672,รักษาอาการคันจากเชื้อรา,เช้า-เย็น,ทาวันละ 2 ครั้ง,,,
1,102707,รักษาอาการคันจากเชื้อรา,เช้า-เย็น,ทาวันละ 2 ครั้ง,,,
1,102721,ลดปวด ลดอักเสบ,เช้า-กลางวัน-เย็น-ก่อนนอน,ทาวันละ 3-4 ครั้ง,,,
1,102723,แก้ปวด ลดอักเสบ,เช้า-กลางวัน-เย็น-ก่อนนอน,ทาวันละ 3-4 ครั้ง,,,
1,102725,แก้ไอ ละลายเสมหะ,เช้า-กลางวัน-เย็น,รับประทานครั้งละ ...... ช้อนชา,หลังอาหาร,เก็บในอุณหภูมิห้อง,
1,102729,รักษาริดสีดวงทวาร,เช้า-กลางวัน-เย็น,รับประทานครั้งละ 3-4 เม็ด,ก่อนอาหาร,,
1,102730,บรรเทาอาการหวัด คัดจมูก,วันละ 1 ครั้ง ช่วงเวลาเดียวกัน,รับประทานครั้งละ 1 เม็ด,หลังอาหาร,,
1,102731,ลดอาการอักเสบที่ผิวหนัง,เช้า-เย็น,ทาวันละ 2 ครั้ง,,เก็บในอุณหภูมิห้อง,
1,102740,โรคข้อเข่าเสื่อม อาการปวดเข่า,วันละ 1 ครั้ง ช่วงเวลาเดียวกัน,รับประทานครั้งละ 1 ซอง,,,ละลายน้ำ ประมาณ 150 มิลิลิตร
1,102741,,วันละ 1 ครั้ง ช่วงเวลาเดียวกัน,รับประทานครั้งละ 1 ซอง,,,ละลายน้ำ ประมาณ 150 มิลิลิตร
1,102755,ปรับลำไส้ รักษาท้องเสีย,เช้า-กลางวัน-เย็น,รับประทานครั้งละ 1 ซอง,,,ไม่แนะนำให้ใช้ในคนให้นมบุตร
1,102776,แก้ปวด ลดอักเสบ,เช้า-กลางวัน-เย็น,รับประทานครั้งละ 1 เม็ด,หลังอาหาร,,
1,102794,ขับลม จุกแน่น ,เช้า-กลางวัน-เย็น,รับประทานครั้งละ 1-2 เม็ด,หลังอาหาร,เก็บในอุณหภูมิห้อง,
1,102796,ยาถ่ายพยาธิ,วันละ 1 ครั้ง ช่วงเวลาเดียวกัน,รับประทานครั้งละ  ช้อนชา,ก่อนอาหาร,,รับประทานยาติดต่อกันจนยาหมด เพื่อป้องกันการดื้อยา
1,102797,แก้ไอ ขับเสมหะ,เช้า-กลางวัน-เย็น,รับประทานครั้งละ 1 ช้อนชา,หลังอาหาร,เก็บในอุณหภูมิห้อง,
1,102798,รักษาผิวหนังอักเสบ นูนแข็ง,เช้า-เย็น,ทาวันละ 2 ครั้ง,,เก็บในอุณหภูมิห้อง,
1,102799,โปรตีนไข่ขาว,เช้า-กลางวัน-เย็น,รับประทานครั้งละ 1-2 เม็ด,หลังอาหาร,,
1,102832,แก้ปวด ลดอักเสบ,วันละ 1 ครั้ง ช่วงเวลาเดียวกัน,รับประทานครั้งละ 1 เม็ด,หลังอาหาร,เก็บในอุณหภูมิห้อง,
1,102839,แก้แพ้ ลดน้ำมูก ผื่นคัน,วันละ 1 ครั้ง ช่วงเวลาเดียวกัน,รับประทานครั้งละ 1 เม็ด,หลังอาหาร,เก็บในอุณหภูมิห้อง,
1,102840,บรรเทาอาการระคายเคืองตา,เช้า-กลางวัน-เย็น-ก่อนนอน,หยอดครั้งละ 1-2 หยด,,เก็บในอุณหภูมิห้อง,เปิดใช้แล้วมีอายุ 1 เดือน
1,102845,ลดไข้ บรรเทาอาการปวด,ทุก 6 ชั่วโมง,รับประทานครั้งละ 1 ช้อนชา,หลังอาหาร,เก็บในอุณหภูมิห้อง,เขย่าขวดก่อนรับประทาน
1,102847,ฆ่าเชื้อแบคทีเรีย,เช้า-เย็น,รับประทานครั้งละ 1 เม็ด,พร้อมอาหาร,เก็บในตู้เย็น,รับประทานยาติดต่อกันจนยาหมด เพื่อป้องกันการดื้อยา
1,102848,แก้จุกเสียด แน่นท้อง ขับลม ,เช้า-กลางวัน-เย็น-ก่อนนอน,รับประทานครั้งละ ............. เม็ด,ก่อนอาหาร,เก็บในตู้เย็น,
1,102854,แก้ปวด ลดอักเสบ,วันละ 1 ครั้ง ช่วงเวลาเดียวกัน,รับประทานครั้งละ 1 เม็ด,หลังอาหาร,เก็บในอุณหภูมิห้อง,ยามีฤทธิ์ระคายเคืองกระเพาะอาหาร
1,102855,แก้จุกเสียด แน่นท้อง ขับลม ,เช้า-กลางวัน-เย็น,รับประทานครั้งละ 1 เม็ด,หลังอาหาร,เก็บในอุณหภูมิห้อง,
1,102858,แก้ปวด ลดอักเสบ,วันละ 1 ครั้ง ช่วงเวลาเดียวกัน,รับประทานครั้งละ 1 เม็ด,หลังอาหาร,เก็บในอุณหภูมิห้อง,ยานี้อาจทำให้ท้องเสียในลูกค้าบางราย
1,102859,แก้ปวด ลดอักเสบ ลดไข้,เช้า-กลางวัน-เย็น,รับประทานครั้งละ 1 เม็ด,หลังอาหาร,เก็บในอุณหภูมิห้อง,ยามีฤทธิ์ระคายเคืองกระเพาะอาหาร
1,102861,แก้ปวด ลดอักเสบ,วันละ 1 ครั้ง ช่วงเวลาเดียวกัน,รับประทานครั้งละ 1 เม็ด,หลังอาหาร,เก็บในอุณหภูมิห้อง,ยามีฤทธิ์ระคายเคืองกระเพาะอาหาร
1,102862,แก้ปวด ลดอักเสบ,วันละ 1 ครั้ง ช่วงเวลาเดียวกัน,รับประทานครั้งละ 1-2 ซอง,หลังอาหาร,,ยามีฤทธิ์ระคายเคืองกระเพาะอาหาร
1,102865,แก้แพ้ เมารถ  ช่วยให้หลับ,วันละ 1 ครั้ง ช่วงเวลาเดียวกัน,รับประทานครั้งละ 1 เม็ด,ก่อนอาหาร,,ยานี้ทำให้ง่วงนอน
1,102867,รักษาโรคเบาหวาน,วันละ 1 ครั้ง ช่วงเวลาเดียวกัน,รับประทานครั้งละ ............. เม็ด,หลังอาหาร,,
1,102868,ลดความดันโลหิตสูง,วันละ 1 ครั้ง ช่วงเวลาเดียวกัน,รับประทานครั้งละ 1 เม็ด,หลังอาหาร,,
1,102873,แก้ปวดประจำเดือน,เช้า-กลางวัน-เย็น,รับประทานครั้งละ 1 เม็ด,หลังอาหาร,,ยามีฤทธิ์ระคายเคืองกระเพาะอาหาร
1,102880,แก้แพ้ ลดน้ำมูก ผื่นคัน,วันละ 1 ครั้ง ช่วงเวลาเดียวกัน,รับประทานครั้งละ 1 เม็ด,หลังอาหาร,,สามารถเคี้ยวให้ละเอียดก่อนกลืนยา
1,102884,แก้ปวด ลดอักเสบ,วันละ 1 ครั้ง ช่วงเวลาเดียวกัน,รับประทานครั้งละ 1 เม็ด,หลังอาหาร,,ยามีฤทธิ์ระคายเคืองกระเพาะอาหาร
1,102887,แก้ปวด ลดอักเสบ,วันละ 1 ครั้ง ช่วงเวลาเดียวกัน,รับประทานครั้งละ 1 เม็ด,หลังอาหาร,,ยามีฤทธิ์ระคายเคืองกระเพาะอาหาร
1,102888,แก้ไอ ละลายเสมหะ,เช้า-กลางวัน-เย็น,รับประทานครั้งละ 1 เม็ด,หลังอาหาร,,
1,102889,แก้แพ้ผื่นคัน,เช้า-กลางวัน-เย็น,รับประทานครั้งละ 1 เม็ด,หลังอาหาร,,ยานี้ทำให้ง่วงนอน
1,102891,แก้ปวด ลดอักเสบ,เช้า-กลางวัน-เย็น,รับประทานครั้งละ 1 เม็ด,หลังอาหาร,,ยามีฤทธิ์ระคายเคืองกระเพาะอาหาร
1,102893,แก้ปวด ลดอักเสบ,วันละ 1 ครั้ง ช่วงเวลาเดียวกัน,รับประทานครั้งละ 1 เม็ด,หลังอาหาร,,ทานตามอาการ หายปวดแล้วหยุดทาน
1,102896,ฆ่าเชื้อไวรัส,ทุก 4 ชั่วโมง,รับประทานครั้งละ 1 เม็ด,หลังอาหาร,,รับประทานยาติดต่อกันจนยาหมด เพื่อป้องกันการดื้อยา
1,102897,ฆ่าเชื้อแบคทีเรีย,เช้า-เย็น,รับประทานครั้งละ 1 เม็ด,หลังอาหาร,,รับประทานยาติดต่อกันจนยาหมด เพื่อป้องกันการดื้อยา
1,102898,ฆ่าเชื้อแบคทีเรีย,เช้า-เย็น,รับประทานครั้งละ 1 เม็ด,หลังอาหาร,,รับประทานยาติดต่อกันจนยาหมด เพื่อป้องกันการดื้อยา
1,102911,แก้ไอ ละลายเสมหะ,เช้า-กลางวัน-เย็น,รับประทานครั้งละ 1 ช้อนชา,หลังอาหาร,,เขย่าขวดก่อนรับประทาน
1,102921,คลายกล้ามเนื้อ,เช้า-กลางวัน-เย็น,รับประทานครั้งละ 1 เม็ด,หลังอาหาร,,ดื่มน้ำตามมากๆ
1,102922,ฆ่าเชื้อแบคทีเรีย,เช้า-เย็น,รับประทานครั้งละ 1 เม็ด,หลังอาหาร,,รับประทานยาติดต่อกันจนยาหมด เพื่อป้องกันการดื้อยา
1,102926,แก้ปวด ลดอักเสบ ลดไข้,เช้า-กลางวัน-เย็น,รับประทานครั้งละ 1 เม็ด,หลังอาหาร,,ยามีฤทธิ์ระคายเคืองกระเพาะอาหาร
1,102939,แก้แพ้ ลดน้ำมูก ผื่นคัน,วันละ 1 ครั้ง ช่วงเวลาเดียวกัน,รับประทานครั้งละ 1 เม็ด,หลังอาหาร,,ดื่มน้ำตามมากๆ
1,102942,ฆ่าเชื้อแบคทีเรีย,เช้า-เย็น,รับประทานครั้งละ 1 เม็ด,หลังอาหาร,,รับประทานยาติดต่อกันจนยาหมด เพื่อป้องกันการดื้อยา
1,102943,รักษาริดสีดวงทวาร,เช้า-กลางวัน-เย็น,รับประทานครั้งละ 2 เม็ด,หลังอาหาร,,วันที่ 1-4 หลังจากนั้น วันที่ 5-7 ทาน 2เม็ด วันละ 2ครั้ง  เช้า เย็น
1,102944,แก้ปวด คลายกล้ามเนื้อ,เช้า-กลางวัน-เย็น,รับประทานครั้งละ 1 เม็ด,หลังอาหาร,เก็บในอุณหภูมิห้อง,
1,102945,ลดน้ำมูก แพ้อากาศ,วันละ 1 ครั้ง ช่วงเวลาเดียวกัน,รับประทานครั้งละ 1 เม็ด,,,ก่อนนอน   ทานแล้วง่วงนอน
1,102946,ลดกรดในกระเพาะอาหาร,วันละ 1 ครั้ง ช่วงเวลาเดียวกัน,รับประทานครั้งละ 1 เม็ด,ก่อนอาหาร,,ดื่มน้ำตามมากๆ
1,102950,ลดอาการอักเสบที่ผิวหนัง,เช้า-เย็น,ทาวันละ 2 ครั้ง,,,ยาใช้ภายนอก ฟอกทำความสะอาดผิวหนัง
1,102951,แก้ไอ ขับเสมหะ,เช้า-กลางวัน-เย็น,ทาวันละ 3 ครั้ง,หลังอาหาร,เก็บในอุณหภูมิห้อง,
1,102953,แก้เวียนหัว น้ำในหู หูอื้อ,เช้า-กลางวัน-เย็น,รับประทานครั้งละ 1 เม็ด,หลังอาหาร,,ยานี้ทำให้ง่วงนอน
1,102955,ลดน้ำมูก แพ้อากาศ,วันละ 1 ครั้ง ช่วงเวลาเดียวกัน,รับประทานครั้งละ 1 เม็ด,หลังอาหาร,,ดื่มน้ำตามมากๆ
1,102957,แก้ปวด คลายกล้ามเนื้อ,เช้า-กลางวัน-เย็น,รับประทานครั้งละ 1 เม็ด,หลังอาหาร,,ยานี้ทำให้ง่วงนอน
1,102960,แก้ปวด ลดอักเสบ,เช้า-กลางวัน-เย็น,รับประทานครั้งละ 1 เม็ด,หลังอาหาร,,ยานี้ทำให้ง่วงนอน   ดื่มน้ำตามมากๆ
1,102961,แก้แพ้ ลดน้ำมูก ผื่นคัน,วันละ 1 ครั้ง ช่วงเวลาเดียวกัน,รับประทานครั้งละ 1 เม็ด,หลังอาหาร,,ดื่มน้ำตามมากๆ
1,102962,แก้แพ้  น้ำมูก จาม คันตา ผื่นคัน,วันละ 1 ครั้ง ช่วงเวลาเดียวกัน,รับประทานครั้งละ 1 เม็ด,หลังอาหาร,,ดื่มน้ำตามมากๆ
1,102963,แก้ไอ ขับเสมหะ,เช้า-กลางวัน-เย็น-ก่อนนอน,รับประทานครั้งละ 1 เม็ด,หลังอาหาร,,ยานี้ทำให้ง่วงนอน
1,102964,รักษาโรคกระเพาะ,วันละ 1 ครั้ง ช่วงเวลาเดียวกัน,รับประทานครั้งละ 1 เม็ด,ก่อนอาหาร,,ก่อนอาหาร 30 นาที
1,102967,แก้แพ้ ลดน้ำมูก ผื่นคัน,วันละ 1 ครั้ง ช่วงเวลาเดียวกัน,รับประทานครั้งละ 1 เม็ด,หลังอาหาร,,ดื่มน้ำตามมากๆ
1,102968,แก้แพ้  น้ำมูก จาม คันตา ผื่นคัน,วันละ 1 ครั้ง ช่วงเวลาเดียวกัน,รับประทานครั้งละ 1 เม็ด,หลังอาหาร,,ดื่มน้ำตามมากๆ
1,102970,บรรเทาอาการ เหน็บชา,เช้า-กลางวัน-เย็น,รับประทานครั้งละ 1 เม็ด,หลังอาหาร,,ดื่มน้ำตามมากๆ
1,102972,ยาโรควิตกกังวล,,รับประทานตามแพทย์สั่ง  ,,เก็บในอุณหภูมิห้อง,
1,102980,,,หยอดครั้งละ 1-2 หยด,,เก็บในอุณหภูมิห้อง,ใช้ตามแพทย์สั้งเท่านั้น
1,102981,แก้ปวด ลดอักเสบ,เช้า-กลางวัน-เย็น,รับประทานครั้งละ 1 ช้อนชา,หลังอาหาร,เก็บในตู้เย็น,
1,102982,แก้ปวดไมเกรน,ทุก 12 ชั่วโมง,รับประทานครั้งละ 1 เม็ด,หลังอาหาร,,ไม่ควรใช้ติดต่อกันเกิน…….วัน
1,102983,แก้ปวด ลดอักเสบ,วันละ 1 ครั้ง ช่วงเวลาเดียวกัน,รับประทานครั้งละ 1 เม็ด,หลังอาหาร,,ดื่มน้ำตามมากๆ
1,102984,แก้ปวด ลดอักเสบ,เช้า-เย็น,รับประทานครั้งละ 1 เม็ด,หลังอาหาร,,
1,102989,ต้อหิน,,หยอดครั้งละ 1-2 หยด,,เก็บในอุณหภูมิห้อง,ห้ามปรับขนาดยาเอง โดยไม่มีคำสั่งแพทย์
1,102991,แก้ปวดปลายประสาท,วันละ 1 ครั้ง ช่วงเวลาเดียวกัน,รับประทานครั้งละ 1 เม็ด,หลังอาหาร,,ยานี้ทำให้ง่วงนอน
1,102995,แก้ปวด ลดอักเสบ,เช้า-เย็น,รับประทานครั้งละ 1 เม็ด,หลังอาหาร,,ยามีฤทธิ์ระคายเคืองกระเพาะอาหาร
1,103003,ฆ่าเชื้อแบคทีเรีย,เช้า-เย็น,รับประทานครั้งละ 1 เม็ด,หลังอาหาร,,
1,103004,ฆ่าเชื้อแบคทีเรีย,เช้า-เย็น,ทาวันละ 2 ครั้ง,,,ยาใช้ภายนอก
1,103008,แก้ปวด ลดอักเสบ ลดไข้,เช้า-กลางวัน-เย็น,รับประทานครั้งละ 1-2 เม็ด,หลังอาหาร,,
1,103018,ฆ่าเชื้อแบคทีเรีย,เช้า-เย็น,ทาวันละ 2 ครั้ง,,,ยาใช้ภายนอก
1,103022,ฆ่าพยาธิ,วันละ 1 ครั้ง ช่วงเวลาเดียวกัน,รับประทานครั้งละ 1 ช้อนชา,หลังอาหาร,,รับประทานยาติดต่อกันจนยาหมด เพื่อป้องกันการดื้อยา
1,103023,แก้ปวด ลดอักเสบ,วันละ 1 ครั้ง ช่วงเวลาเดียวกัน,รับประทานครั้งละ 1 เม็ด,หลังอาหาร,,ดื่มน้ำตามมากๆ
1,103025,แก้แพ้ ลดน้ำมูก ผื่นคัน,ก่อนนอน,รับประทานครั้งละ 1 เม็ด,,,ยานี้ทำให้ง่วงนอน
1,103028,ฆ่าเชื้อแบคทีเรีย,เช้า-กลางวัน-เย็น-ก่อนนอน,รับประทานครั้งละ 1 ช้อนชา,ก่อนอาหาร,เก็บในตู้เย็น,รับประทานยาติดต่อกันจนยาหมด เพื่อป้องกันการดื้อยา
1,103030,แก้ปวด คลายกล้ามเนื้อ,เช้า-กลางวัน-เย็น,รับประทานครั้งละ 1 เม็ด,หลังอาหาร,,ดื่มน้ำตามมากๆ
1,103032,แก้ปวด คลายกล้ามเนื้อ,เช้า-กลางวัน-เย็น,รับประทานครั้งละ 1 เม็ด,หลังอาหาร,,ยานี้ทำให้ง่วงนอน
1,103033,ลดอักเสบ ลดคัน,เช้า-เย็น,ทาวันละ 2 ครั้ง,,เก็บในอุณหภูมิห้อง,
1,103037,แก้ไอแห้ง,เช้า-กลางวัน-เย็น,รับประทานครั้งละ 1 เม็ด,หลังอาหาร,,ยานี้ทำให้ง่วงนอน
1,103038,แก้แพ้ ลดน้ำมูก ผื่นคัน,วันละ 1 ครั้ง ช่วงเวลาเดียวกัน,รับประทานครั้งละ 1 เม็ด,หลังอาหาร,,ดื่มน้ำตามมากๆ
1,103044,คลายกล้ามเนื้อ,เช้า-กลางวัน-เย็น,รับประทานครั้งละ 1 เม็ด,หลังอาหาร,,ยานี้ทำให้ง่วงนอน
1,103049,ฆ่าเชื้อแบคทีเรีย,เช้า-เย็น,รับประทานครั้งละ 1 เม็ด,พร้อมอาหาร,,รับประทานยาติดต่อกันจนยาหมด เพื่อป้องกันการดื้อยา
1,103005,แก้ปวดฟัน,ทุก 4 ชั่วโมง,หยอดครั้งละ 5-10 หยด,พร้อมอาหาร,เก็บในอุณหภูมิห้อง,รับประทานยาติดต่อกันจนยาหมด เพื่อป้องกันการดื้อยา
