id,company,code,indicatorlistS,timeS,useS,timeuseS,keepS,remarkS
2175,1000,100000,แก้ไอ,ทุกครั้งที่มีอาการ,รับประทานครั้งละ 1 ช้อนโต๊ะ,-,-,NULL
2176,1000,100001,แก้ท้องเสีย,เช้า-กลางวัน-เย็น,รับประทานครั้งละ ...... ml,-,เก็บในอุณหภูมิห้อง,NULL
2177,1000,100002,แก้ท้องเสีย,เช้า-กลางวัน-เย็น,รับประทานครั้งละ ...... ml,-,เก็บในอุณหภูมิห้อง,NULL
2178,1000,100003,แก้คลื่นไส้ อาเจียน,เช้า-กลางวัน-เย็น,รับประทานครั้งละ ...... ml,ก่อนอาหาร,เก็บในอุณหภูมิห้อง,NULL
2179,1000,100004,แก้คลื่นไส้ อาเจียน,เช้า-กลางวัน-เย็น,รับประทานครั้งละ ...... ml,ก่อนอาหาร,เก็บในอุณหภูมิห้อง,NULL
2180,1000,100005,แก้ท้องอืดท้องเฟ้อ,ทุกครั้งที่มีอาการ,รับประทานครั้งละ ..... ml,หลังอาหาร,เก็บในอุณหภูมิห้อง,NULL
2181,1000,100006,แก้ท้องอืดท้องเฟ้อ,ทุกครั้งที่มีอาการ,รับประทานครั้งละ ..... ml,หลังอาหาร,เก็บในอุณหภูมิห้อง,NULL
2182,1000,100007,แก้จุกเสียด แน่นท้อง ขับลม ,เช้า-กลางวัน-เย็น,รับประทานครั้งละ ...... ml,หลังอาหาร,เก็บในอุณหภูมิห้อง,NULL
2183,1000,100008,บรรเทาอาการปวดเกร็งท้อง,เช้า-กลางวัน-เย็น,รับประทานครั้งละ ...... ml,หลังอาหาร,เก็บในอุณหภูมิห้อง,NULL
2184,1000,100009,เสริมธาตุเหล็ก,เช้า-กลางวัน-เย็น,รับประทานครั้งละ ...... ml,-,เก็บในอุณหภูมิห้อง,NULL
2185,1000,100010,ลดไข้ บรรเทาอาการปวด,ทุก 6 ชั่วโมง,รับประทานครั้งละ ...... ml,-,เก็บในอุณหภูมิห้อง,NULL
2186,1000,100011,ลดไข้ บรรเทาอาการปวด,ทุก 6 ชั่วโมง,รับประทานครั้งละ ...... ml,-,เก็บในอุณหภูมิห้อง,NULL
2187,1000,100012,ลดไข้ บรรเทาอาการปวด,ทุก 6 ชั่วโมง,รับประทานครั้งละ ...... ml,-,เก็บในอุณหภูมิห้อง,NULL
2188,1000,100013,ลดไข้ บรรเทาอาการปวด,ทุก 6 ชั่วโมง,รับประทานครั้งละ ...... ml,-,เก็บในอุณหภูมิห้อง,NULL
2189,1000,100014,ลดไข้ บรรเทาอาการปวด,ทุก 6 ชั่วโมง,รับประทานครั้งละ ...... ml,-,เก็บในอุณหภูมิห้อง,NULL
2190,1000,100015,ลดไข้ บรรเทาอาการปวด,ทุก 6 ชั่วโมง,รับประทานครั้งละ ...... ml,-,เก็บในอุณหภูมิห้อง,NULL
2191,1000,100016,ลดไข้ บรรเทาอาการปวด,ทุก 6 ชั่วโมง,รับประทานครั้งละ ...... ml,-,เก็บในอุณหภูมิห้อง,NULL
2192,1000,100017,ลดไข้ บรรเทาอาการปวด,ทุก 6 ชั่วโมง,รับประทานครั้งละ ......... ช้อนชา,-,เก็บในอุณหภูมิห้อง,NULL
2193,1000,100018,ลดไข้ บรรเทาอาการปวด,ทุก 6 ชั่วโมง,รับประทานครั้งละ ......... ช้อนชา,-,เก็บในอุณหภูมิห้อง,NULL
2194,1000,100019,ลดไข้ บรรเทาอาการปวด,ทุก 6 ชั่วโมง,รับประทานครั้งละ ...... ml,-,เก็บในอุณหภูมิห้อง,NULL
2195,1000,100020,ลดไข้ บรรเทาอาการปวด,ทุก 6 ชั่วโมง,รับประทานครั้งละ ......... ช้อนชา,-,เก็บในอุณหภูมิห้อง,NULL
2196,1000,100021,ลดไข้ บรรเทาอาการปวด,ทุก 6 ชั่วโมง,รับประทานครั้งละ ...... ml,-,เก็บในอุณหภูมิห้อง,NULL
2197,1000,100022,ลดไข้ บรรเทาอาการปวด,ทุก 6 ชั่วโมง,รับประทานครั้งละ ......... ช้อนชา,-,เก็บในอุณหภูมิห้อง,NULL
2198,1000,100023,ลดไข้ บรรเทาอาการปวด,ทุก 6 ชั่วโมง,รับประทานครั้งละ ......... ช้อนชา,-,เก็บในอุณหภูมิห้อง,NULL
2199,1000,100024,ลดไข้ บรรเทาอาการปวด,ทุก 6 ชั่วโมง,รับประทานครั้งละ ......... ช้อนชา,-,เก็บในอุณหภูมิห้อง,NULL
2200,1000,100025,ลดไข้ บรรเทาอาการปวด,ทุก 6 ชั่วโมง,รับประทานครั้งละ ......... ช้อนชา,-,เก็บในอุณหภูมิห้อง,NULL
2201,1000,100026,ลดไข้ บรรเทาอาการปวด,ทุก 6 ชั่วโมง,รับประทานครั้งละ ......... ช้อนชา,-,เก็บในอุณหภูมิห้อง,NULL
2202,1000,100027,ลดไข้ บรรเทาอาการปวด,ทุก 6 ชั่วโมง,รับประทานครั้งละ ......... ช้อนชา,-,เก็บในอุณหภูมิห้อง,NULL
2203,1000,100028,ลดไข้ บรรเทาอาการปวด,ทุก 6 ชั่วโมง,รับประทานครั้งละ ......... ช้อนชา,-,เก็บในอุณหภูมิห้อง,NULL
2204,1000,100029,ลดไข้ บรรเทาอาการปวด,ทุก 6 ชั่วโมง,รับประทานครั้งละ ......... ช้อนชา,-,เก็บในอุณหภูมิห้อง,NULL
2205,1000,100030,ฆ่าเชื้อในทางเดินหายใจ,เช้า-กลางวัน-เย็น,รับประทานครั้งละ ......... ช้อนชา,ก่อนอาหาร,เก็บในตู้เย็น,รับประทานติดต่อกันจนยาหมด 
2206,1000,100031,ฆ่าเชื้อในทางเดินหายใจ,เช้า-กลางวัน-เย็น,รับประทานครั้งละ ......... ช้อนชา,ก่อนอาหาร,เก็บในอุณหภูมิห้อง,รับประทานติดต่อกันจนยาหมด 
2207,1000,100032,ฆ่าเชื้อในทางเดินหายใจ,เช้า-กลางวัน-เย็น,รับประทานครั้งละ ......... ช้อนชา,ก่อนอาหาร,เก็บในตู้เย็น,รับประทานติดต่อกันจนยาหมด 
2208,1000,100033,ฆ่าเชื้อในทางเดินหายใจ,เช้า-กลางวัน-เย็น,รับประทานครั้งละ ......... ช้อนชา,หลังอาหาร,เก็บในตู้เย็น,รับประทานติดต่อกันจนยาหมด 
2209,1000,100034,ฆ่าเชื้อแบคทีเรีย,วันละ 1 ครั้ง ช่วงเวลาเดียวกัน,รับประทานครั้งละ ......... ช้อนชา,ก่อนอาหาร,เก็บในตู้เย็น,รับประทานติดต่อกันจนยาหมด 
2210,1000,100035,ฆ่าเชื้อแบคทีเรีย,วันละ 1 ครั้ง ช่วงเวลาเดียวกัน,รับประทานครั้งละ ......... ช้อนชา,ก่อนอาหาร,เก็บในตู้เย็น,รับประทานติดต่อกันจนยาหมด 
2211,1000,100036,ฆ่าเชื้อแบคทีเรีย,เช้า-เย็น,รับประทานครั้งละ ......... ช้อนชา,หลังอาหาร,เก็บในตู้เย็น,รับประทานติดต่อกันจนยาหมด 
2212,1000,100037,ฆ่าเชื้อในทางเดินหายใจ,วันละ 1 ครั้ง ช่วงเวลาเดียวกัน,รับประทานครั้งละ ...... ml,ก่อนอาหาร,เก็บในตู้เย็น,รับประทานติดต่อกันจนยาหมด 
2213,1000,100038,ลดน้ำมูก แพ้อากาศ,วันละ 1 ครั้ง ช่วงเวลาเดียวกัน,รับประทานครั้งละ ...... ml,-,-,"
"
2214,1000,100039,ขยายหลอดลม,เช้า-กลางวัน-เย็น,รับประทานครั้งละ ......... ช้อนชา,หลังอาหาร,เก็บในอุณหภูมิห้อง,"
"
2215,1000,100040,ขยายหลอดลม และขับเสมหะ,เช้า-กลางวัน-เย็น,รับประทานครั้งละ ......... ช้อนชา,หลังอาหาร,เก็บในอุณหภูมิห้อง,"
"
2216,1000,100041,ขยายหลอดลม,เช้า-กลางวัน-เย็น,รับประทานครั้งละ ...... ml,หลังอาหาร,เก็บในอุณหภูมิห้อง,"
"
2217,1000,100042,แก้ไอ ขับเสมหะ,เช้า-กลางวัน-เย็น,รับประทานครั้งละ ......... ช้อนชา,หลังอาหาร,เก็บในอุณหภูมิห้อง,"
"
2218,1000,100043,แก้ไอ ละลายเสมหะ,เช้า-กลางวัน-เย็น,รับประทานครั้งละ ......... ช้อนชา,หลังอาหาร,เก็บในอุณหภูมิห้อง,"
"
2219,1000,100044,แก้ไอ ละลายเสมหะ,เช้า-กลางวัน-เย็น,รับประทานครั้งละ ......... ช้อนชา,หลังอาหาร,เก็บในอุณหภูมิห้อง,"
"
2220,1000,100045,แก้ไอ ละลายเสมหะ,เช้า-กลางวัน-เย็น,รับประทานครั้งละ ......... ช้อนชา,หลังอาหาร,เก็บในอุณหภูมิห้อง,"
"
2221,1000,100046,แก้ไอ ละลายเสมหะ,เช้า-กลางวัน-เย็น,รับประทานครั้งละ ......... ช้อนชา,หลังอาหาร,เก็บในอุณหภูมิห้อง,"
"
2222,1000,100047,ลดน้ำมูก แพ้อากาศ,เช้า-กลางวัน-เย็น-ก่อนนอน,รับประทานครั้งละ ......... ช้อนชา,หลังอาหาร,เก็บในอุณหภูมิห้อง,"
"
2223,1000,100048,แก้ไอ ขับเสมหะ,เช้า-กลางวัน-เย็น,รับประทานครั้งละ ......... ช้อนชา,หลังอาหาร,เก็บในอุณหภูมิห้อง,"
"
2224,1000,100049,บรรเทาอาการไอ ระคายเคืองคอ,เช้า-กลางวัน-เย็น,รับประทานครั้งละ ......... ช้อนชา,หลังอาหาร,เก็บในอุณหภูมิห้อง,"
"
2225,1000,100050,บรรเทาอาการไอ ระคายเคืองคอ,เช้า-กลางวัน-เย็น,รับประทานครั้งละ ......... ช้อนชา,หลังอาหาร,เก็บในอุณหภูมิห้อง,"
"
2226,1000,100051,ลดน้ำมูก แพ้อากาศ,วันละ 1 ครั้ง ช่วงเวลาเดียวกัน,รับประทานครั้งละ ...... ml,-,-,"
"
2227,1000,100052,ลดน้ำมูก แพ้อากาศ,วันละ 1 ครั้ง ช่วงเวลาเดียวกัน,รับประทานครั้งละ ......... ช้อนชา,-,-,"
"
2228,1000,100053,ลดน้ำมูก แพ้อากาศ,วันละ 1 ครั้ง ช่วงเวลาเดียวกัน,รับประทานครั้งละ ......... ช้อนชา,-,-,"
"
2229,1000,100054,ลดน้ำมูก แพ้อากาศ,วันละ 1 ครั้ง ช่วงเวลาเดียวกัน,รับประทานครั้งละ ......... ช้อนชา,-,-,"
"
2230,1000,100055,ลดน้ำมูก แพ้อากาศ,วันละ 1 ครั้ง ช่วงเวลาเดียวกัน,รับประทานครั้งละ ......... ช้อนชา,-,-,"
"
2231,1000,100056,ลดน้ำมูก แพ้อากาศ,วันละ 1 ครั้ง ช่วงเวลาเดียวกัน,รับประทานครั้งละ ...... ml,-,-,"
"
2232,1000,100057,ลดน้ำมูก แพ้อากาศ,วันละ 1 ครั้ง ช่วงเวลาเดียวกัน,รับประทานครั้งละ ......... ช้อนชา,-,-,"
"
2233,1000,100058,ลดน้ำมูก แพ้อากาศ,วันละ 1 ครั้ง ช่วงเวลาเดียวกัน,รับประทานครั้งละ ......... ช้อนชา,-,-,"
"
2234,1000,100059,ลดน้ำมูก แพ้อากาศ,เช้า-กลางวัน-เย็น-ก่อนนอน,รับประทานครั้งละ ...... ml,-,เก็บในอุณหภูมิห้อง,"ยานี้ทำให้ง่วงนอน
"
2235,1000,100060,บรรเทาอาการหวัด ลดไข้,เช้า-กลางวัน-เย็น-ก่อนนอน,รับประทานครั้งละ ......... ช้อนชา,-,เก็บในอุณหภูมิห้อง,"ยานี้ทำให้ง่วงนอน
"
2236,1000,100061,บรรเทาอาการหวัด ลดไข้,เช้า-กลางวัน-เย็น-ก่อนนอน,รับประทานครั้งละ ......... ช้อนชา,-,เก็บในอุณหภูมิห้อง,"ยานี้ทำให้ง่วงนอน
"
2237,1000,100062,บรรเทาอาการหวัด ลดไข้,เช้า-กลางวัน-เย็น-ก่อนนอน,รับประทานครั้งละ ......... ช้อนชา,-,เก็บในอุณหภูมิห้อง,"ยานี้ทำให้ง่วงนอน
"
2238,1000,100063,บรรเทาอาการคัดจมูก,เช้า-กลางวัน-เย็น-ก่อนนอน,รับประทานครั้งละ ......... ช้อนชา,-,เก็บในอุณหภูมิห้อง,"ยานี้ทำให้ง่วงนอน
"
2239,1000,100064,ลดน้ำมูก แพ้อากาศ,เช้า-กลางวัน-เย็น-ก่อนนอน,รับประทานครั้งละ ......... ช้อนชา,-,เก็บในอุณหภูมิห้อง,"ยานี้ทำให้ง่วงนอน
"
2240,1000,100065,แก้แพ้ผื่นคัน,เช้า-กลางวัน-เย็น,รับประทานครั้งละ ..... ml,หลังอาหาร,เก็บในอุณหภูมิห้อง,ยานี้ทำให้ง่วงนอน
2241,1000,100066,บรรเทาอาการไอ ลดไข้ น้ำมูก,เช้า-กลางวัน-เย็น,รับประทานครั้งละ ......... ช้อนชา,หลังอาหาร,เก็บในอุณหภูมิห้อง,"ยานี้ทำให้ง่วงนอน
"
2242,1000,100067,บรรเทาอาการไอ ลดไข้ น้ำมูก,เช้า-กลางวัน-เย็น-ก่อนนอน,รับประทานครั้งละ ..... ml,หลังอาหาร,เก็บในอุณหภูมิห้อง,NULL
2243,1000,100068,เจริญอาหาร,เช้า-กลางวัน-เย็น,รับประทานครั้งละ ..... ml,ก่อนอาหาร,เก็บในอุณหภูมิห้อง,NULL
2244,1000,100069,บรรเทาอาการหวัด คัดจมูก,เช้า-กลางวัน-เย็น-ก่อนนอน,รับประทานครั้งละ ......... ช้อนชา,หลังอาหาร,เก็บในอุณหภูมิห้อง,"ยานี้ทำให้ง่วงนอน
"
2245,1000,100070,บรรเทาอาการหวัด คัดจมูก,เช้า-กลางวัน-เย็น-ก่อนนอน,รับประทานครั้งละ ......... ช้อนชา,หลังอาหาร,เก็บในอุณหภูมิห้อง,"ยานี้ทำให้ง่วงนอน
"
2246,1000,100071,บรรเทาอาการหวัด คัดจมูก,เช้า-กลางวัน-เย็น-ก่อนนอน,รับประทานครั้งละ ...... ml,หลังอาหาร,เก็บในอุณหภูมิห้อง,"ยานี้ทำให้ง่วงนอน
"
2247,1000,100072,สำหรับฉีดเข้าเส้นเลือด,ทุกครั้งที่มีอาการ,NULL,NULL,เก็บในอุณหภูมิห้อง,NULL
2248,1000,100073,สำหรับฉีดเข้าเส้นเลือด,ทุกครั้งที่มีอาการ,NULL,NULL,เก็บในอุณหภูมิห้อง,NULL
2249,1000,100074,สำหรับฉีดเข้าเส้นเลือด,ทุกครั้งที่มีอาการ,NULL,NULL,เก็บในอุณหภูมิห้อง,NULL
2250,1000,100075,สำหรับฉีดเข้าเส้นเลือด,ทุกครั้งที่มีอาการ,NULL,NULL,เก็บในอุณหภูมิห้อง,NULL
2251,1000,100076,บำรุงร่างกาย ,เช้า-กลางวัน-เย็น,รับประทานครั้งละ 1 เม็ด,พร้อมอาหาร,เก็บในอุณหภูมิห้อง,NULL
2252,1000,100077,เจริญอาหาร,เช้า-กลางวัน-เย็น-ก่อนนอน,รับประทานครั้งละ 1 เม็ด,ก่อนอาหาร,เก็บในอุณหภูมิห้อง,NULL
2253,1000,100078,บรรเทาอาการหวัด คัดจมูก,เช้า-กลางวัน-เย็น-ก่อนนอน,รับประทานครั้งละ ......... ช้อนชา,หลังอาหาร,เก็บในอุณหภูมิห้อง,ยานี้ทำให้ง่วงนอน
2254,1000,100079,บำรุงสายตา,วันละ 1 ครั้ง ช่วงเวลาเดียวกัน,รับประทานครั้งละ 1 เม็ด,หลังอาหาร,เก็บในตู้เย็น,NULL
2255,1000,100080,บำรุงร่างกาย ,วันละ 1 ครั้ง ช่วงเวลาเดียวกัน,รับประทานครั้งละ 1 เม็ด,หลังอาหาร,เก็บในตู้เย็น,NULL
2256,1000,100081,บรรเทาอาการ เหน็บชา,เช้า-กลางวัน-เย็น,รับประทานครั้งละ 1 เม็ด,หลังอาหาร,เก็บในอุณหภูมิห้อง,NULL
2257,1000,100082,บำรุงร่างกาย ,วันละ 1 ครั้ง ช่วงเวลาเดียวกัน,รับประทานครั้งละ 1 เม็ด,หลังอาหาร,NULL,NULL
2258,1000,100083,บำรุงร่างกาย ,วันละ 1 ครั้ง ช่วงเวลาเดียวกัน,รับประทานครั้งละ 1 เม็ด,หลังอาหาร,NULL,NULL
2259,1000,100084,บำรุงร่างกาย ,วันละ 1 ครั้ง ช่วงเวลาเดียวกัน,รับประทานครั้งละ 1 เม็ด,หลังอาหาร,NULL,NULL
2260,1000,100085,เสริมวิตามินบี,วันละ 1 ครั้ง ช่วงเวลาเดียวกัน,รับประทานครั้งละ 1 เม็ด,ก่อนอาหาร,NULL,NULL
2261,1000,100086,บำรุงร่างกาย ,วันละ 1 ครั้ง ช่วงเวลาเดียวกัน,รับประทานครั้งละ 1 เม็ด,หลังอาหาร,NULL,NULL
2262,1000,100087,บำรุงโลหิต,วันละ 1 ครั้ง ช่วงเวลาเดียวกัน,รับประทานครั้งละ 1 เม็ด,หลังอาหาร,NULL,NULL
2263,1000,100088,บรรเทาอาการ เหน็บชา,เช้า-กลางวัน-เย็น,รับประทานครั้งละ 1 เม็ด,หลังอาหาร,เก็บในอุณหภูมิห้อง,NULL
2264,1000,100089,บำรุงโลหิต,เช้า-กลางวัน-เย็น-ก่อนนอน,รับประทานครั้งละ 1 เม็ด,พร้อมอาหาร,เก็บในอุณหภูมิห้อง,NULL
2265,1000,100090,บรรเทาอาการ เหน็บชา,เช้า-กลางวัน-เย็น,รับประทานครั้งละ 1 เม็ด,หลังอาหาร,เก็บในอุณหภูมิห้อง,NULL
2266,1000,100091,รักษาโรคโลหิตจาง,วันละ 1 ครั้ง ช่วงเวลาเดียวกัน,รับประทานครั้งละ 1 เม็ด,หลังอาหาร,เก็บในอุณหภูมิห้อง,NULL
2267,1000,100092,รักษาโรคโลหิตจาง,วันละ 1 ครั้ง ช่วงเวลาเดียวกัน,รับประทานครั้งละ 1 เม็ด,หลังอาหาร,เก็บในอุณหภูมิห้อง,NULL
2268,1000,100093,ละลายเสมหะ,วันละ 1 ครั้ง ช่วงเวลาเดียวกัน,รับประทานครั้งละ 1 ซอง,หลังอาหาร,NULL,ผสมน้ำ ครึ่งแก้ว
2269,1000,100094,ละลายเสมหะ,เช้า-กลางวัน-เย็น,รับประทานครั้งละ 1 ซอง,หลังอาหาร,NULL,ผสมน้ำ ครึ่งแก้ว
2270,1000,100095,ละลายเสมหะ,เช้า-กลางวัน-เย็น,รับประทานครั้งละ 1 ซอง,หลังอาหาร,NULL,ผสมน้ำ ครึ่งแก้ว
2271,1000,100096,แก้ไอ ละลายเสมหะ,เช้า-กลางวัน-เย็น,รับประทานครั้งละ 1 เม็ด,หลังอาหาร,NULL,NULL
2272,1000,100097,แก้ไอ ละลายเสมหะ,เช้า-กลางวัน-เย็น,รับประทานครั้งละ 1 เม็ด,หลังอาหาร,NULL,NULL
2273,1000,100098,แก้ไอ ละลายเสมหะ,เช้า-กลางวัน-เย็น,รับประทานครั้งละ 1 เม็ด,หลังอาหาร,NULL,NULL
2274,1000,100099,แก้ไอ ขับเสมหะ,เช้า-กลางวัน-เย็น,รับประทานครั้งละ 1 เม็ด,หลังอาหาร,NULL,NULL
2275,1000,100100,แก้ไอ ขับเสมหะ,เช้า-กลางวัน-เย็น,รับประทานครั้งละ 1 เม็ด,หลังอาหาร,NULL,NULL
2276,1000,100101,ลดน้ำมูก แพ้อากาศ,วันละ 1 ครั้ง ช่วงเวลาเดียวกัน,รับประทานครั้งละ 1 เม็ด,NULL,NULL,เมื่อมีอาการ
2277,1000,100102,แก้แพ้ ลดน้ำมูก ผื่นคัน,วันละ 1 ครั้ง ช่วงเวลาเดียวกัน,รับประทานครั้งละ 1 เม็ด,NULL,NULL,NULL
2278,1000,100103,ลดน้ำมูก  ขยายหลอดลม ไอ,วันละ 1 ครั้ง ช่วงเวลาเดียวกัน,รับประทานครั้งละ 1 เม็ด,หลังอาหาร,NULL,ดื่มน้ำตามมากๆ
2279,1000,100104,ลดน้ำมูก แพ้อากาศ,วันละ 1 ครั้ง ช่วงเวลาเดียวกัน,รับประทานครั้งละ 1 เม็ด,NULL,NULL,เมื่อมีอาการ
2280,1000,100105,ลดน้ำมูก แพ้อากาศ,วันละ 1 ครั้ง ช่วงเวลาเดียวกัน,รับประทานครั้งละ 1 เม็ด,NULL,NULL,เมื่อมีอาการ
2281,1000,100106,ลดน้ำมูก แพ้อากาศ,วันละ 1 ครั้ง ช่วงเวลาเดียวกัน,รับประทานครั้งละ 1 เม็ด,NULL,NULL,เมื่อมีอาการ
2282,1000,100107,แก้แพ้ ลดน้ำมูก ผื่นคัน,วันละ 1 ครั้ง ช่วงเวลาเดียวกัน,รับประทานครั้งละ 1 เม็ด,NULL,NULL,NULL
2283,1000,100108,แก้แพ้ ลดน้ำมูก ผื่นคัน,วันละ 1 ครั้ง ช่วงเวลาเดียวกัน,รับประทานครั้งละ 1 เม็ด,NULL,NULL,NULL
2284,1000,100109,บรรเทาอาการหวัด คัดจมูก,ทุก 6 ชั่วโมง,รับประทานครั้งละ 1 เม็ด,NULL,NULL,เมื่อมีอาการ
2285,1000,100110,บรรเทาอาการหวัด ลดไข้,ทุก 6 ชั่วโมง,รับประทานครั้งละ 1 เม็ด,NULL,NULL,เมื่อมีอาการ
2286,1000,100111,บรรเทาอาการหวัด ลดไข้,ทุก 6 ชั่วโมง,รับประทานครั้งละ 1 เม็ด,NULL,NULL,เมื่อมีอาการ
2287,1000,100112,บรรเทาอาการหวัด ลดไข้,ทุก 6 ชั่วโมง,รับประทานครั้งละ 1 เม็ด,NULL,NULL,เมื่อมีอาการ
2288,1000,100113,บรรเทาอาการไอ ระคายเคืองคอ,ทุกครั้งที่มีอาการ,รับประทานครั้งละ 1 เม็ด,NULL,NULL,NULL
2289,1000,100114,แก้ไอ ละลายเสมหะ,เช้า-กลางวัน-เย็น,รับประทานครั้งละ 1 เม็ด,หลังอาหาร,NULL,NULL
2290,1000,100115,ลดน้ำมูก แพ้อากาศ,วันละ 1 ครั้ง ช่วงเวลาเดียวกัน,รับประทานครั้งละ 1 เม็ด,NULL,NULL,เมื่อมีอาการ
2291,1000,100116,ลดน้ำมูก แพ้อากาศ,วันละ 1 ครั้ง ช่วงเวลาเดียวกัน,รับประทานครั้งละ 1 เม็ด,NULL,NULL,เมื่อมีอาการ
2292,1000,100117,ลดน้ำมูก แพ้อากาศ,เช้า-เย็น,รับประทานครั้งละ 1 เม็ด,หลังอาหาร,NULL,NULL
2293,1000,100118,ลดน้ำมูก แพ้อากาศ,วันละ 1 ครั้ง ช่วงเวลาเดียวกัน,รับประทานครั้งละ 1 เม็ด,NULL,NULL,NULL
2294,1000,100119,แก้แพ้ ลดน้ำมูก ผื่นคัน,เช้า-เย็น,รับประทานครั้งละ 1 เม็ด,หลังอาหาร,NULL,NULL
2295,1000,100120,ลดน้ำมูก แพ้อากาศ,วันละ 1 ครั้ง ช่วงเวลาเดียวกัน,รับประทานครั้งละ 1 เม็ด,NULL,NULL,เมื่อมีอาการ
2296,1000,100121,ลดน้ำมูก แพ้อากาศ,วันละ 1 ครั้ง ช่วงเวลาเดียวกัน,รับประทานครั้งละ 1 เม็ด,NULL,NULL,เมื่อมีอาการ
2297,1000,100122,ลดน้ำมูก แพ้อากาศ,วันละ 1 ครั้ง ช่วงเวลาเดียวกัน,รับประทานครั้งละ 1 เม็ด,NULL,NULL,เมื่อมีอาการ
2298,1000,100123,ลดน้ำมูก แพ้อากาศ,วันละ 1 ครั้ง ช่วงเวลาเดียวกัน,รับประทานครั้งละ 1 เม็ด,NULL,NULL,เมื่อมีอาการ
2299,1000,100124,เจริญอาหาร,วันละ 1 ครั้ง ช่วงเวลาเดียวกัน,รับประทานครั้งละ 1 เม็ด,NULL,NULL,ก่อนนอน
2300,1000,100125,เจริญอาหาร,เช้า-กลางวัน-เย็น-ก่อนนอน,รับประทานครั้งละ 1 เม็ด,ก่อนอาหาร,NULL,ยานี้ทำให้ง่วงนอน
2301,1000,100126,แก้แพ้ผื่นคัน,ก่อนนอน,รับประทานครั้งละ 1 เม็ด,NULL,NULL,ยานี้ทำให้ง่วงนอน
2302,1000,100127,แก้แพ้ผื่นคัน,ก่อนนอน,รับประทานครั้งละ 1 เม็ด,NULL,NULL,ยานี้ทำให้ง่วงนอน
2303,1000,100129,ลดน้ำมูก แพ้อากาศ,เช้า-กลางวัน-เย็น-ก่อนนอน,รับประทานครั้งละ 1 เม็ด,NULL,NULL,ยานี้ทำให้ง่วงนอน
2304,1000,100130,ลดน้ำมูก แพ้อากาศ,เช้า-กลางวัน-เย็น-ก่อนนอน,รับประทานครั้งละ 1 เม็ด,NULL,NULL,ยานี้ทำให้ง่วงนอน
2305,1000,100131,ช่วยให้นอนหลับ,วันละ 1 ครั้ง ช่วงเวลาเดียวกัน,รับประทานครั้งละ 1 เม็ด,NULL,NULL,ก่อนนอน 30 นาที
2306,1000,100132,ลดน้ำมูก แพ้อากาศ,วันละ 1 ครั้ง ช่วงเวลาเดียวกัน,รับประทานครั้งละ 1 เม็ด,NULL,NULL,เมื่อมีอาการ
2307,1000,100133,ลดน้ำมูก แพ้อากาศ,วันละ 1 ครั้ง ช่วงเวลาเดียวกัน,รับประทานครั้งละ 1 เม็ด,NULL,NULL,เมื่อมีอาการ
2308,1000,100134,ลดน้ำมูก แพ้อากาศ,วันละ 1 ครั้ง ช่วงเวลาเดียวกัน,รับประทานครั้งละ 1 เม็ด,NULL,NULL,เมื่อมีอาการ
2309,1000,100135,บรรเทาอาการหวัด คัดจมูก,เช้า-กลางวัน-เย็น,รับประทานครั้งละ 1 เม็ด,หลังอาหาร,NULL,ยานี้ทำให้ง่วงนอน
2310,1000,100136,บรรเทาอาการหวัด คัดจมูก,เช้า-กลางวัน-เย็น,รับประทานครั้งละ 1 เม็ด,หลังอาหาร,NULL,ยานี้ทำให้ง่วงนอน
2311,1000,100137,บรรเทาอาการหวัด คัดจมูก,เช้า-กลางวัน-เย็น,รับประทานครั้งละ 1 เม็ด,หลังอาหาร,NULL,ยานี้ทำให้ง่วงนอน
2312,1000,100138,บรรเทาอาการหวัด คัดจมูก,เช้า-กลางวัน-เย็น,รับประทานครั้งละ 1 เม็ด,หลังอาหาร,NULL,ยานี้ทำให้ง่วงนอน
2313,1000,100139,บรรเทาอาการหวัด ลดไข้,เช้า-กลางวัน-เย็น-ก่อนนอน,รับประทานครั้งละ 2 เม็ด,NULL,NULL,ยานี้ทำให้ง่วงนอน
2314,1000,100140,รักษาตาติดเชื้อ,เช้า-กลางวัน-เย็น-ก่อนนอน,หยอดวันละ 1-2 หยด,NULL,เก็บในอุณหภูมิห้อง,เปิดใช้แล้วมีอายุ 1 เดือน
2315,1000,100141,รักษาตาติดเชื้อ,เช้า-กลางวัน-เย็น-ก่อนนอน,หยอดครั้งละ 1-2 หยด,NULL,เก็บในอุณหภูมิห้อง,เปิดใช้แล้วมีอายุ 1 เดือน
2316,1000,100142,บรรเทาอาการระคายเคืองตา,เช้า-กลางวัน-เย็น-ก่อนนอน,หยอดครั้งละ 1-2 หยด,NULL,เก็บในอุณหภูมิห้อง,เปิดใช้แล้วมีอายุ 1 เดือน
2317,1000,100143,บรรเทาอาการระคายเคืองตา,เช้า-กลางวัน-เย็น-ก่อนนอน,หยอดครั้งละ 1-2 หยด,NULL,เก็บในอุณหภูมิห้อง,เปิดใช้แล้วมีอายุ 1 เดือน
2318,1000,100144,บรรเทาอาการระคายเคืองตา,เช้า-กลางวัน-เย็น-ก่อนนอน,หยอดครั้งละ 1-2 หยด,NULL,เก็บในอุณหภูมิห้อง,เปิดใช้แล้วมีอายุ 1 เดือน
2319,1000,100145,บรรเทาอาการระคายเคืองตา,เช้า-กลางวัน-เย็น-ก่อนนอน,หยอดครั้งละ 1-2 หยด,NULL,NULL,NULL
2320,1000,100146,บรรเทาอาการตาแดง,เช้า-กลางวัน-เย็น-ก่อนนอน,หยอดครั้งละ 1-2 หยด,NULL,เก็บในอุณหภูมิห้อง,เปิดใช้แล้วมีอายุ 1 เดือน
2321,1000,100147,บรรเทาอาการตาแดง,เช้า-กลางวัน-เย็น-ก่อนนอน,หยอดครั้งละ 1-2 หยด,NULL,เก็บในอุณหภูมิห้อง,เปิดใช้แล้วมีอายุ 1 เดือน
2322,1000,100148,บรรเทาอาการตาแดง,เช้า-กลางวัน-เย็น-ก่อนนอน,หยอดครั้งละ 1-2 หยด,NULL,เก็บในอุณหภูมิห้อง,เปิดใช้แล้วมีอายุ 1 เดือน
2323,1000,100149,แก้ปวด ลดอักเสบ,เช้า-กลางวัน-เย็น-ก่อนนอน,หยอดครั้งละ 1-2 หยด,NULL,เก็บในอุณหภูมิห้อง,เปิดใช้แล้วมีอายุ 1 เดือน
2324,1000,100150,แก้ปวด ลดอักเสบ,เช้า-กลางวัน-เย็น-ก่อนนอน,หยอดครั้งละ 1-2 หยด,NULL,เก็บในอุณหภูมิห้อง,เปิดใช้แล้วมีอายุ 1 เดือน
2325,1000,100151,รักษาตาติดเชื้อ,เช้า-กลางวัน-เย็น-ก่อนนอน,หยอดครั้งละ 1-2 หยด,NULL,เก็บในอุณหภูมิห้อง,เปิดใช้แล้วมีอายุ 1 เดือน
2326,1000,100152,ฆ่าเชื้อราที่หู,เช้า-กลางวัน-เย็น-ก่อนนอน,หยอดครั้งละ 2-3 หยด,NULL,เก็บในอุณหภูมิห้อง,เปิดใช้แล้วมีอายุ 1 เดือน
2327,1000,100153,กำจัดขี้หู,เช้า-เย็น,หยอดครั้งละ 5-10 หยด,NULL,NULL,ทิ้งไว้ 15 นาที ไม่ควรใช้ติดต่อกันเกิน…4….วัน
2328,1000,100154,กำจัดขี้หู,เช้า-เย็น,หยอดครั้งละ 5-10 หยด,NULL,NULL,ทิ้งไว้ 15 นาที ไม่ควรใช้ติดต่อกันเกิน…4….วัน
2329,1000,100155,ฆ่าเชื้อแบคทีเรีย,เช้า-กลางวัน-เย็น-ก่อนนอน,ทาวันละ 4 ครั้ง,NULL,NULL,เปิดใช้แล้วมีอายุ 1 เดือน
2330,1000,100156,ลดอักเสบ,เช้า-เย็น,ทาวันละ 2 ครั้ง,NULL,NULL,เปิดใช้แล้วมีอายุ 1 เดือน
2331,1000,100157,ป้องกันความเสื่อมของเลนส์ตา ,เช้า-กลางวัน-เย็น-ก่อนนอน,หยอดครั้งละ 1-2 หยด,NULL,NULL,เปิดใช้แล้วมีอายุ 1 เดือน
2332,1000,100158,บรรเทาอาการตาแดง,เช้า-กลางวัน-เย็น-ก่อนนอน,หยอดครั้งละ 1-2 หยด,NULL,NULL,เปิดใช้แล้วมีอายุ 1 เดือน
2333,1000,100159,ลดความดันในตา,เช้า-กลางวัน-เย็น-ก่อนนอน,หยอดครั้งละ 1-2 หยด,NULL,NULL,เปิดใช้แล้วมีอายุ 1 เดือน
2334,1000,100160,ลดความดันในตา,เช้า-กลางวัน-เย็น-ก่อนนอน,หยอดครั้งละ 1-2 หยด,NULL,NULL,เปิดใช้แล้วมีอายุ 1 เดือน
2335,1000,100161,ลดความดันในตา,เช้า-กลางวัน-เย็น-ก่อนนอน,หยอดครั้งละ 1-2 หยด,NULL,NULL,เปิดใช้แล้วมีอายุ 1 เดือน
2336,1000,100162,ต้อกระจก,เช้า-กลางวัน-เย็น-ก่อนนอน,หยอดครั้งละ 1-2 หยด,NULL,NULL,เปิดใช้แล้วมีอายุ 1 เดือน
2337,1000,100163,บรรเทาอาการตาแห้ง,NULL,ทาวันละ 2 ครั้ง,NULL,NULL,เปิดใช้แล้วมีอายุ 1 เดือน
2338,1000,100164,บรรเทาอาการระคายเคืองตา,เช้า-กลางวัน-เย็น-ก่อนนอน,หยอดครั้งละ 1-2 หยด,NULL,NULL,เปิดใช้แล้วมีอายุ 1 เดือน
2339,1000,100165,บรรเทาอาการตาแห้ง,ทุกครั้งที่มีอาการ,หยอดครั้งละ 1-2 หยด,NULL,NULL,เปิดใช้แล้วมีอายุ 1 เดือน
2340,1000,100166,บรรเทาอาการตาแห้ง,ทุกครั้งที่มีอาการ,หยอดครั้งละ 1-2 หยด,NULL,NULL,เปิดใช้แล้วมีอายุ 1 เดือน
2341,1000,100167,บรรเทาอาการตาแห้ง,ทุกครั้งที่มีอาการ,หยอดครั้งละ 1-2 หยด,NULL,NULL,เปิดใช้แล้วมีอายุ 1 เดือน
2342,1000,100168,บรรเทาอาการตาแห้ง,ทุกครั้งที่มีอาการ,หยอดครั้งละ 1-2 หยด,NULL,NULL,เปิดใช้แล้วมีอายุ 1 เดือน
2343,1000,100169,บรรเทาอาการตาแห้ง,ทุกครั้งที่มีอาการ,หยอดครั้งละ 1-2 หยด,NULL,NULL,เปิดใช้แล้วมีอายุ 1 เดือน
2344,1000,100170,รักษาตาติดเชื้อ,เช้า-กลางวัน-เย็น-ก่อนนอน,หยอดครั้งละ 1-2 หยด,NULL,NULL,เปิดใช้แล้วมีอายุ 1 เดือน
2345,1000,100171,ล้างตา,เช้า-เย็น,NULL,NULL,NULL,เปิดใช้แล้วมีอายุ 1 เดือน
2346,1000,100172,ล้างตา,เช้า-เย็น,NULL,NULL,NULL,เปิดใช้แล้วมีอายุ 1 เดือน
2347,1000,100173,ล้างตา,เช้า-เย็น,NULL,NULL,NULL,เปิดใช้แล้วมีอายุ 1 เดือน
2348,1000,100175,บรรเทาอาการตาแห้ง,ทุกครั้งที่มีอาการ,หยอดครั้งละ 1-2 หยด,NULL,NULL,สำหรับใช้รายวัน
2349,1000,100176,บรรเทาอาการตาแห้ง,ทุกครั้งที่มีอาการ,หยอดครั้งละ 1-2 หยด,NULL,NULL,สำหรับใช้รายวัน
2350,1000,100177,บรรเทาอาการตาแห้ง,ทุกครั้งที่มีอาการ,หยอดครั้งละ 1-2 หยด,NULL,NULL,สำหรับใช้รายวัน
2351,1000,100178,บรรเทาอาการตาแห้ง,ทุกครั้งที่มีอาการ,หยอดครั้งละ 1-2 หยด,NULL,NULL,สำหรับใช้รายวัน
2352,1000,100179,บรรเทาอาการตาแห้ง,ทุกครั้งที่มีอาการ,หยอดครั้งละ 1-2 หยด,NULL,NULL,สำหรับใช้รายวัน
2353,1000,100180,รักษาสิว,วันละ 1 ครั้ง ช่วงเวลาเดียวกัน,ทาวันละ 1 ครั้ง,NULL,NULL,ก่อนนอน ยาไวต่อแสง ใช้ครีมกันแดดร่วมด้วย
2354,1000,100181,รักษาสิว,วันละ 1 ครั้ง ช่วงเวลาเดียวกัน,ทาวันละ 1 ครั้ง,NULL,NULL,ก่อนนอน ยาไวต่อแสง ใช้ครีมกันแดดร่วมด้วย
2355,1000,100182,รักษาสิว,เช้า-เย็น,ทาวันละ 2 ครั้ง,NULL,NULL,NULL
2356,1000,100183,รักษาสิว,เช้า-เย็น,ทาวันละ 2 ครั้ง,NULL,NULL,ใช้ทาก่อนล้างหน้า 2 ครั้งต่อวัน (เช้า-เย็น) โดยให้ทา  ทิ้งไว้ 5 – 30 นาที แล้วล้างออก
2357,1000,100184,รักษาสิว,เช้า-เย็น,ทาวันละ 2 ครั้ง,NULL,NULL,NULL
2358,1000,100185,รักษาสิว,เช้า-เย็น,ทาวันละ 2 ครั้ง,NULL,NULL,NULL
2359,1000,100186,รักษาสิว,เช้า-เย็น,ทาวันละ 2 ครั้ง,NULL,NULL,ใช้ทาก่อนล้างหน้า 2 ครั้งต่อวัน (เช้า-เย็น) โดยให้ทา  ทิ้งไว้ 5 – 30 นาที แล้วล้างออก
2360,1000,100187,รักษาสิว,เช้า-เย็น,ทาวันละ 2 ครั้ง,NULL,NULL,NULL
2361,1000,100188,ฆ่าเชื้อแบคทีเรีย,เช้า-เย็น,ทาวันละ 2 ครั้ง,NULL,NULL,NULL
2362,1000,100189,ฆ่าเชื้อแบคทีเรีย,เช้า-เย็น,ทาวันละ 2 ครั้ง,NULL,NULL,NULL
2363,1000,100190,ฆ่าเชื้อแบคทีเรีย,เช้า-เย็น,ทาวันละ 2 ครั้ง,NULL,NULL,แต้มที่สิวหลังล้างหน้า  ก่อนทาครีมบำรุงตัวอื่นๆ
2364,1000,100191,รักษาสิว,เช้า-เย็น,ทาวันละ 2 ครั้ง,NULL,NULL,NULL
2365,1000,100192,รักษาสิว,เช้า-เย็น,ทาวันละ 2 ครั้ง,NULL,NULL,แนะนำใช่ร่วมกับครีมกันแดด
2366,1000,100193,ฆ่าเชื้อแบคทีเรีย,เช้า-เย็น,ทาวันละ 2 ครั้ง,NULL,NULL,NULL
2367,1000,100194,ช่วยให้ปากสะอาด,เช้า-เย็น,NULL,NULL,NULL,บ้วน เป็นประจำ
2368,1000,100195,ช่วยให้ปากสะอาด,เช้า-เย็น,NULL,NULL,NULL,บ้วน เป็นประจำ
2369,1000,100196,ที่ตรวจการตั้งครรภ์,NULL,NULL,NULL,NULL,NULL
2370,1000,100197,ที่ตรวจการตั้งครรภ์,NULL,NULL,NULL,NULL,NULL
2371,1000,100199,บำรุงโลหิต,เช้า-เย็น,รับประทานครั้งละ 1-2 เม็ด,หลังอาหาร,NULL,NULL
2372,1000,100200,บำรุงโลหิต,เช้า-เย็น,รับประทานครั้งละ 1-2 เม็ด,หลังอาหาร,NULL,NULL
2373,1000,100201,บำรุงโลหิต,เช้า-เย็น,รับประทานครั้งละ 2 เม็ด,หลังอาหาร,NULL,NULL
2374,1000,100202,บำรุงโลหิต,เช้า-เย็น,รับประทานครั้งละ 1-2 เม็ด,หลังอาหาร,NULL,NULL
2375,1000,100203,บำรุงโลหิต,เช้า-เย็น,รับประทานครั้งละ 2 เม็ด,หลังอาหาร,NULL,NULL
2376,1000,100204,บำรุงโลหิต,เช้า-เย็น,รับประทานครั้งละ 2 เม็ด,หลังอาหาร,NULL,NULL
2377,1000,100205,รักษารอยแผลเป็น,เช้า-เย็น,ทาวันละ 2 ครั้ง,NULL,NULL,NULL
2378,1000,100206,รักษารอยแผลเป็น,เช้า-เย็น,ทาวันละ 2 ครั้ง,NULL,NULL,NULL
2379,1000,100207,รักษารอยแผลเป็น,เช้า-เย็น,ทาวันละ 2 ครั้ง,NULL,NULL,NULL
2380,1000,100208,รักษารอยแผลเป็น,เช้า-เย็น,ทาวันละ 2 ครั้ง,NULL,NULL,NULL
2381,1000,100209,รักษารอยแผลเป็น,เช้า-เย็น,ทาวันละ 2 ครั้ง,NULL,NULL,NULL
2382,1000,100210,บำรุงโลหิต,เช้า-เย็น,รับประทานครั้งละ 1-2 เม็ด,ก่อนอาหาร,NULL,NULL
2383,1000,100211,รักษารอยแผลเป็น,เช้า-เย็น,ทาวันละ 2 ครั้ง,NULL,NULL,NULL
2384,1000,100212,รักษารอยแผลเป็น,เช้า-เย็น,ทาวันละ 2 ครั้ง,NULL,NULL,NULL
2385,1000,100213,รักษารอยแผลเป็น,เช้า-เย็น,ทาวันละ 2 ครั้ง,NULL,NULL,NULL
2386,1000,100214,รักษารอยแผลเป็น,เช้า-เย็น,ทาวันละ 2 ครั้ง,NULL,NULL,NULL
2387,1000,100215,รักษารอยแผลเป็น,เช้า-เย็น,ทาวันละ 2 ครั้ง,NULL,NULL,NULL
2388,1000,100216,รักษาเริม,ทุก 4 ชั่วโมง,ทาวันละ 5 ครั้ง,NULL,NULL,NULL
2389,1000,100217,ฆ่าเชื้อแบคทีเรีย,เช้า-เย็น,รับประทานครั้งละ 1 เม็ด,หลังอาหาร,NULL,รับประทานยาติดต่อกันจนยาหมด เพื่อป้องกันการดื้อยา
2390,1000,100218,ฆ่าเชื้อแบคทีเรีย,เช้า-เย็น,รับประทานครั้งละ 1 เม็ด,หลังอาหาร,NULL,รับประทานยาติดต่อกันจนยาหมด เพื่อป้องกันการดื้อยา
2391,1000,100219,ฆ่าเชื้อแบคทีเรีย,เช้า-เย็น,รับประทานครั้งละ 1 เม็ด,หลังอาหาร,NULL,รับประทานยาติดต่อกันจนยาหมด เพื่อป้องกันการดื้อยา
2392,1000,100220,ฆ่าเชื้อแบคทีเรีย,เช้า-เย็น,รับประทานครั้งละ 1 เม็ด,หลังอาหาร,NULL,รับประทานยาติดต่อกันจนยาหมด เพื่อป้องกันการดื้อยา
2393,1000,100221,ยาถ่ายพยาธิ,วันละ 1 ครั้ง ช่วงเวลาเดียวกัน,รับประทานครั้งละ 1 เม็ด,หลังอาหาร,NULL,NULL
2394,1000,100222,หูชั้นกลางอักเสบ,เช้า-เย็น,รับประทานครั้งละ 1 เม็ด,หลังอาหาร,NULL,รับประทานยาติดต่อกันจนยาหมด เพื่อป้องกันการดื้อยา
2395,1000,100223,ฆ่าเชื้อแบคทีเรีย,เช้า-เย็น,รับประทานครั้งละ 1 เม็ด,หลังอาหาร,NULL,รับประทานยาติดต่อกันจนยาหมด เพื่อป้องกันการดื้อยา
2396,1000,100224,ฆ่าเชื้อแบคทีเรีย,เช้า-เย็น,รับประทานครั้งละ 1 เม็ด,หลังอาหาร,NULL,รับประทานยาติดต่อกันจนยาหมด เพื่อป้องกันการดื้อยา
2397,1000,100225,ฆ่าเชื้อในทางเดินหายใจ,เช้า-กลางวัน-เย็น,รับประทานครั้งละ 1 เม็ด,หลังอาหาร,NULL,รับประทานยาติดต่อกันจนยาหมด เพื่อป้องกันการดื้อยา
2398,1000,100226,ฆ่าเชื้อในทางเดินหายใจ,เช้า-เย็น,รับประทานครั้งละ 1 เม็ด,หลังอาหาร,NULL,รับประทานยาติดต่อกันจนยาหมด เพื่อป้องกันการดื้อยา
2399,1000,100227,รักษาหนองใน,วันละ 1 ครั้ง ช่วงเวลาเดียวกัน,รับประทานครั้งละ 4 เม็ด,NULL,NULL,ครั้งเดียว
2400,1000,100228,รักษาหนองใน,วันละ 1 ครั้ง ช่วงเวลาเดียวกัน,รับประทานครั้งละ 4 เม็ด,NULL,NULL,ครั้งเดียว
2401,1000,100229,ฆ่าเชื้อในทางเดินหายใจ,วันละ 1 ครั้ง ช่วงเวลาเดียวกัน,รับประทานครั้งละ 1 เม็ด,ก่อนอาหาร,NULL,รับประทานยาติดต่อกันจนยาหมด เพื่อป้องกันการดื้อยา
2402,1000,100230,ฆ่าเชื้อในทางเดินหายใจ,เช้า-เย็น,รับประทานครั้งละ 1 เม็ด,ก่อนอาหาร,NULL,รับประทานยาติดต่อกันจนยาหมด เพื่อป้องกันการดื้อยา
2403,1000,100231,ฆ่าเชื้อในทางเดินหายใจ,เช้า-เย็น,รับประทานครั้งละ 1 เม็ด,ก่อนอาหาร,NULL,รับประทานยาติดต่อกันจนยาหมด เพื่อป้องกันการดื้อยา
2404,1000,100232,ฆ่าเชื้อในทางเดินหายใจ,เช้า-เย็น,รับประทานครั้งละ 1 เม็ด,ก่อนอาหาร,NULL,รับประทานยาติดต่อกันจนยาหมด เพื่อป้องกันการดื้อยา
2405,1000,100233,ฆ่าเชื้อในทางเดินหายใจ,วันละ 1 ครั้ง ช่วงเวลาเดียวกัน,รับประทานครั้งละ 1 เม็ด,ก่อนอาหาร,NULL,รับประทานยาติดต่อกันจนยาหมด เพื่อป้องกันการดื้อยา
2406,1000,100234,ฆ่าเชื้อในทางเดินหายใจ,วันละ 1 ครั้ง ช่วงเวลาเดียวกัน,รับประทานครั้งละ 1 เม็ด,ก่อนอาหาร,NULL,รับประทานยาติดต่อกันจนยาหมด เพื่อป้องกันการดื้อยา
2407,1000,100235,ฆ่าเชื้อแบคทีเรีย,เช้า-กลางวัน-เย็น-ก่อนนอน,รับประทานครั้งละ 1 เม็ด,หลังอาหาร,NULL,รับประทานยาติดต่อกันจนยาหมด เพื่อป้องกันการดื้อยา
2408,1000,100236,ฆ่าเชื้อแบคทีเรีย,เช้า-กลางวัน-เย็น,รับประทานครั้งละ 1 เม็ด,หลังอาหาร,NULL,รับประทานยาติดต่อกันจนยาหมด เพื่อป้องกันการดื้อยา
2409,1000,100237,รักษาไซนัสอักเสบ,วันละ 1 ครั้ง ช่วงเวลาเดียวกัน,รับประทานครั้งละ 1 เม็ด,NULL,NULL,ติดต่อกัน 10-14 วัน รับประทานยาติดต่อกันจนยาหมด เพื่อป้องกันการดื้อยา
2410,1000,100238,ฆ่าเชื้อทางเดินปัสสาวะ,วันละ 1 ครั้ง ช่วงเวลาเดียวกัน,รับประทานครั้งละ 1 เม็ด,NULL,NULL,ติดต่อกัน 10 วัน รับประทานยาติดต่อกันจนยาหมด เพื่อป้องกันการดื้อยา
2411,1000,100239,รักษาไซนัสอักเสบ,วันละ 1 ครั้ง ช่วงเวลาเดียวกัน,รับประทานครั้งละ 1 เม็ด,NULL,NULL,ติดต่อ 10 วัน รับประทานยาติดต่อกันจนยาหมด เพื่อป้องกันการดื้อยา
2412,1000,100240,ฆ่าเชื้อทางเดินปัสสาวะ,เช้า-เย็น,รับประทานครั้งละ 1 เม็ด,หลังอาหาร,NULL,รับประทานยาติดต่อกันจนยาหมด เพื่อป้องกันการดื้อยา
2413,1000,100241,ฆ่าเชื้อทางเดินปัสสาวะ,เช้า-เย็น,รับประทานครั้งละ 1 เม็ด,ก่อนอาหาร,NULL,รับประทานยาติดต่อกันจนยาหมด เพื่อป้องกันการดื้อยา
2414,1000,100242,ฆ่าเชื้อทางเดินปัสสาวะ,เช้า-เย็น,รับประทานครั้งละ 1 เม็ด,ก่อนอาหาร,NULL,รับประทานยาติดต่อกันจนยาหมด เพื่อป้องกันการดื้อยา
2415,1000,100243,ฆ่าเชื้อในทางเดินอาหาร,เช้า-เย็น,รับประทานครั้งละ 1 เม็ด,ก่อนอาหาร,NULL,รับประทานยาติดต่อกันจนยาหมด เพื่อป้องกันการดื้อยา
2416,1000,100244,รักษาหนองใน,เช้า-เย็น,รับประทานครั้งละ 1 เม็ด,หลังอาหาร,NULL,ติดต่อกัน 7-10 วัน รับประทานยาติดต่อกันจนยาหมด เพื่อป้องกันการดื้อยา
2417,1000,100245,ฆ่าเชื้อแบคทีเรีย,เช้า-กลางวัน-เย็น-ก่อนนอน,รับประทานครั้งละ 1 เม็ด,หลังอาหาร,NULL,รับประทานยาติดต่อกันจนยาหมด เพื่อป้องกันการดื้อยา
2418,1000,100246,ฆ่าเชื้อรา,วันละ 1 ครั้ง ช่วงเวลาเดียวกัน,รับประทานครั้งละ 1 เม็ด,หลังอาหาร,NULL,รับประทานยาติดต่อกันจนยาหมด เพื่อป้องกันการดื้อยา
2419,1000,100247,ฆ่าเชื้อแบคทีเรีย,เช้า-กลางวัน-เย็น,รับประทานครั้งละ 1 เม็ด,ก่อนอาหาร,NULL,รับประทานยาติดต่อกันจนยาหมด เพื่อป้องกันการดื้อยา
2420,1000,100248,ฆ่าเชื้อในทางเดินหายใจ,เช้า-เย็น,รับประทานครั้งละ 2 เม็ด,หลังอาหาร,NULL,รับประทานยาติดต่อกันจนยาหมด เพื่อป้องกันการดื้อยา
2421,1000,100249,ฆ่าเชื้อที่ผิวหนัง,เช้า-กลางวัน-เย็น-ก่อนนอน,รับประทานครั้งละ 1 เม็ด,ก่อนอาหาร,NULL,รับประทานยาติดต่อกันจนยาหมด เพื่อป้องกันการดื้อยา
2422,1000,100250,ฆ่าเชื้อแบคทีเรีย,เช้า-กลางวัน-เย็น,รับประทานครั้งละ 1 เม็ด,ก่อนอาหาร,NULL,รับประทานยาติดต่อกันจนยาหมด เพื่อป้องกันการดื้อยา
2423,1000,100251,ฆ่าเชื้อที่ผิวหนัง,เช้า-กลางวัน-เย็น-ก่อนนอน,รับประทานครั้งละ 1 เม็ด,ก่อนอาหาร,NULL,รับประทานยาติดต่อกันจนยาหมด เพื่อป้องกันการดื้อยา
2424,1000,100252,รักษาช่องคลอดติดเชื้อ,เช้า-กลางวัน-เย็น,รับประทานครั้งละ 2 เม็ด,หลังอาหาร,NULL,ติดต่อ 5 วัน รับประทานยาติดต่อกันจนยาหมด เพื่อป้องกันการดื้อยา
2425,1000,100253,ฆ่าเชื้อที่ผิวหนัง,เช้า-เย็น,รับประทานครั้งละ 1 เม็ด,หลังอาหาร,NULL,รับประทานยาติดต่อกันจนยาหมด เพื่อป้องกันการดื้อยา
2426,1000,100254,ฆ่าเชื้อรา,วันละ 1 ครั้ง ช่วงเวลาเดียวกัน,รับประทานครั้งละ 2 เม็ด,หลังอาหาร,NULL,วันแรก จากนั้น รับประทาน 1 เม็ดต่อเนื่อง
2427,1000,100255,ฆ่าเชื้อรา,วันละ 1 ครั้ง ช่วงเวลาเดียวกัน,รับประทานครั้งละ 1 เม็ด,ก่อนอาหาร,NULL,รับประทานยาติดต่อกันจนยาหมด เพื่อป้องกันการดื้อยา
2428,1000,100256,ฆ่าเชื้อรา,NULL,รับประทานครั้งละ 1 เม็ด,NULL,NULL,ครั้งเดียว ก่อนนอน
2429,1000,100257,รักษาเริม,NULL,ทาวันละ 5 ครั้ง,NULL,NULL,NULL
2430,1000,100258,รักษาเริม,NULL,ทาวันละ 5 ครั้ง,NULL,NULL,NULL
2431,1000,100259,รักษาเริม,ทุก 4 ชั่วโมง,รับประทานครั้งละ 1 เม็ด,NULL,NULL,วันละ 5 ครั้ง ติดต่อ 10 วัน
2432,1000,100260,รักษางูสวัด,ทุก 4 ชั่วโมง,รับประทานครั้งละ 1 เม็ด,NULL,NULL,"เวลา 06.00, 10.00, 14.00, 18.00, 22.00 น. ติดต่อกัน 7 วัน"
2433,1000,100261,รักษาเริม,เช้า-กลางวัน-เย็น,รับประทานครั้งละ 1 เม็ด,หลังอาหาร,NULL,ติดต่อกัน 10 วัน
2434,1000,100262,รักษางูสวัด,ทุก 4 ชั่วโมง,รับประทานครั้งละ 1 เม็ด,หลังอาหาร,NULL,วันละ 5 ครั้ง ติดต่อกัน 10 วัน
2435,1000,100263,รักษาเริม,ทุก 4 ชั่วโมง,รับประทานครั้งละ 1 เม็ด,หลังอาหาร,NULL,วันละ 5 ครั้ง ติดต่อกัน 10 วัน
2436,1000,100264,รักษาเริม,เช้า-กลางวัน-เย็น,รับประทานครั้งละ 1 เม็ด,หลังอาหาร,NULL,ติดต่อกัน 10 วัน
2437,1000,100265,รักษางูสวัด,ทุก 4 ชั่วโมง,รับประทานครั้งละ 1 เม็ด,หลังอาหาร,NULL,วันละ 5 ครั้ง ติดต่อกัน 10 วัน
2438,1000,100266,ลดอาการอักเสบที่ผิวหนัง,เช้า-เย็น,ทาวันละ 2 ครั้ง,NULL,NULL,NULL
2439,1000,100267,ลดอาการอักเสบที่ผิวหนัง,เช้า-เย็น,ทาวันละ 2 ครั้ง,NULL,NULL,NULL
2440,1000,100268,ลดอาการอักเสบที่ผิวหนัง,เช้า-เย็น,ทาวันละ 2 ครั้ง,NULL,NULL,NULL
2441,1000,100269,ลดอาการอักเสบที่ผิวหนัง,เช้า-กลางวัน-เย็น,ทาวันละ 2-3 ครั้ง,NULL,NULL,NULL
2442,1000,100270,ลดอาการอักเสบที่ผิวหนัง,เช้า-เย็น,ทาวันละ 2 ครั้ง,NULL,NULL,NULL
2443,1000,100271,ลดอาการอักเสบที่ผิวหนัง,เช้า-เย็น,ทาวันละ 2 ครั้ง,NULL,NULL,NULL
2444,1000,100272,ลดอาการอักเสบที่ผิวหนัง,เช้า-เย็น,ทาวันละ 2 ครั้ง,NULL,NULL,NULL
2445,1000,100273,ลดอาการอักเสบที่ผิวหนัง,เช้า-เย็น,ทาวันละ 2 ครั้ง,NULL,NULL,NULL
2446,1000,100274,ลดอาการอักเสบที่ผิวหนัง,เช้า-เย็น,ทาวันละ 2 ครั้ง,NULL,NULL,NULL
2447,1000,100275,ลดอาการคันที่ผิวหนัง,เช้า-เย็น,ทาวันละ 2 ครั้ง,NULL,NULL,NULL
2448,1000,100276,ลดอาการคันที่ผิวหนัง,เช้า-เย็น,ทาวันละ 2 ครั้ง,NULL,NULL,NULL
2449,1000,100277,ลดอาการอักเสบจากการแพ้,เช้า-เย็น,ทาวันละ 2 ครั้ง,NULL,NULL,ไม่ควรใช้ติดต่อกันเกิน…5….วัน
2450,1000,100278,ลดอาการอักเสบจากการแพ้,เช้า-เย็น,ทาวันละ 2 ครั้ง,NULL,NULL,ไม่ควรใช้ติดต่อกันเกิน…5….วัน
2451,1000,100279,ลดอาการอักเสบจากการแพ้,เช้า-เย็น,ทาวันละ 2 ครั้ง,NULL,NULL,ไม่ควรใช้ติดต่อกันเกิน…5….วัน
2452,1000,100280,ลดอาการอักเสบจากการแพ้,เช้า-เย็น,ทาวันละ 2 ครั้ง,NULL,NULL,ไม่ควรใช้ติดต่อกันเกิน…5….วัน
2453,1000,100281,รักษาผิวหนังอักเสบ นูนแข็ง,เช้า-เย็น,ทาวันละ 2 ครั้ง,NULL,NULL,NULL
2454,1000,100282,ลดอาการอักเสบที่ผิวหนัง,เช้า-เย็น,ทาวันละ 2 ครั้ง,NULL,NULL,ไม่ควรใช้ติดต่อกันเกิน…5….วัน
2455,1000,100283,แก้แพ้ผื่นคัน,เช้า-กลางวัน-เย็น,ทาวันละ 3 ครั้ง,NULL,NULL,NULL
2456,1000,100284,ลดอาการอักเสบที่ผิวหนัง,เช้า-เย็น,ทาวันละ 2 ครั้ง,NULL,NULL,ไม่ควรใช้ติดต่อกันเกิน…5….วัน
2457,1000,100285,ลดอาการอักเสบที่ผิวหนัง,เช้า-เย็น,ทาวันละ 2 ครั้ง,NULL,NULL,ไม่ควรใช้ติดต่อกันเกิน…5….วัน
2458,1000,100286,ลดอาการอักเสบที่ผิวหนัง,เช้า-เย็น,ทาวันละ 2 ครั้ง,NULL,NULL,ไม่ควรใช้ติดต่อกันเกิน…5….วัน
2459,1000,100287,ลดอาการอักเสบที่ผิวหนัง,เช้า-เย็น,ทาวันละ 2 ครั้ง,NULL,NULL,ไม่ควรใช้ติดต่อกันเกิน…5….วัน
2460,1000,100288,แก้แพ้ผื่นคัน,เช้า-กลางวัน-เย็น,ทาวันละ 3 ครั้ง,NULL,NULL,NULL
2461,1000,100289,แก้แพ้ผื่นคัน,เช้า-กลางวัน-เย็น,ทาวันละ 3 ครั้ง,NULL,NULL,NULL
2462,1000,100290,รักษาอาการคันจากเชื้อรา,เช้า-กลางวัน-เย็น,ทาวันละ 3 ครั้ง,NULL,NULL,NULL
2463,1000,100291,รักษาอาการคันจากเชื้อรา,เช้า-เย็น,ทาวันละ 2 ครั้ง,NULL,NULL,NULL
2464,1000,100293,รักษาอาการคันจากเชื้อรา,เช้า-เย็น,ทาวันละ 2 ครั้ง,NULL,NULL,NULL
2465,1000,100294,รักษาอาการคันจากเชื้อรา,เช้า-เย็น,ทาวันละ 2 ครั้ง,NULL,NULL,NULL
2466,1000,100295,รักษาอาการคันจากเชื้อรา,เช้า-เย็น,ทาวันละ 2 ครั้ง,NULL,NULL,NULL
2467,1000,100296,รักษาอาการคันจากเชื้อรา,เช้า-เย็น,ทาวันละ 2 ครั้ง,NULL,NULL,NULL
2468,1000,100297,รักษาผิวหนังอักเสบและเชื้อแบคทีเรีย,เช้า-เย็น,ทาวันละ 2 ครั้ง,NULL,NULL,NULL
2469,1000,100298,รักษาผิวหนังอักเสบและเชื้อแบคทีเรีย,เช้า-เย็น,ทาวันละ 2 ครั้ง,NULL,NULL,NULL
2470,1000,100299,รักษาผิวหนังอักเสบและเชื้อแบคทีเรีย,เช้า-เย็น,ทาวันละ 2 ครั้ง,NULL,NULL,NULL
2471,1000,100300,รักษาผิวหนังอักเสบและเชื้อแบคทีเรีย,เช้า-เย็น,ทาวันละ 2 ครั้ง,NULL,NULL,NULL
2472,1000,100301,รักษาผิวหนังอักเสบและเชื้อรา,เช้า-เย็น,ทาวันละ 2 ครั้ง,NULL,NULL,NULL
2473,1000,100302,รักษาอาการคันจากเชื้อรา,เช้า-เย็น,ทาวันละ 2 ครั้ง,NULL,NULL,NULL
2474,1000,100303,รักษาผิวหนังอักเสบและเชื้อแบคทีเรีย,เช้า-เย็น,ทาวันละ 2 ครั้ง,NULL,NULL,NULL
2475,1000,100304,รักษาผิวหนังอักเสบและเชื้อแบคทีเรีย,เช้า-เย็น,ทาวันละ 2 ครั้ง,NULL,NULL,NULL
2476,1000,100305,ฆ่าเชื้อรา,เช้า-เย็น,ทาวันละ 2 ครั้ง,NULL,NULL,NULL
2477,1000,100306,รักษาผิวหนังอักเสบและเชื้อรา,เช้า-เย็น,ทาวันละ 2 ครั้ง,NULL,NULL,NULL
2478,1000,100307,รักษาผิวหนังอักเสบและเชื้อรา,เช้า-เย็น,ทาวันละ 2 ครั้ง,NULL,NULL,NULL
2479,1000,100308,รักษาอาการคันจากเชื้อรา,เช้า-เย็น,ทาวันละ 2 ครั้ง,NULL,NULL,NULL
2480,1000,100309,รักษาอาการคันจากเชื้อรา,เช้า-เย็น,ทาวันละ 2 ครั้ง,NULL,NULL,NULL
2481,1000,100310,รักษาผิวหนังอักเสบและเชื้อรา,เช้า-เย็น,ทาวันละ 2 ครั้ง,NULL,NULL,NULL
2482,1000,100311,รักษาผิวหนังอักเสบและเชื้อรา,เช้า-เย็น,ทาวันละ 2 ครั้ง,NULL,NULL,NULL
2483,1000,100312,รักษาอาการคันจากเชื้อราและแบคทีเรีย,เช้า-เย็น,ทาวันละ 2 ครั้ง,NULL,NULL,NULL
2484,1000,100313,รักษาอาการคันจากเชื้อราและแบคทีเรีย,เช้า-เย็น,ทาวันละ 2 ครั้ง,NULL,เก็บในอุณหภูมิห้อง,NULL
2485,1000,100314,รักษาอาการคันจากเชื้อราและแบคทีเรีย,เช้า-เย็น,ทาวันละ 2 ครั้ง,NULL,NULL,NULL
2486,1000,100315,รักษาอาการคันจากเชื้อราและแบคทีเรีย,เช้า-เย็น,ทาวันละ 2 ครั้ง,NULL,NULL,NULL
2487,1000,100316,รักษาอาการคันจากเชื้อราและแบคทีเรีย,เช้า-เย็น,ทาวันละ 2 ครั้ง,NULL,NULL,NULL
2488,1000,100317,รักษาอาการคันจากเชื้อราและแบคทีเรีย,เช้า-กลางวัน-เย็น,ทาวันละ 3 ครั้ง,NULL,NULL,NULL
2489,1000,100318,รักษาอาการคันจากเชื้อราและแบคทีเรีย,เช้า-เย็น,ทาวันละ 2 ครั้ง,NULL,NULL,NULL
2490,1000,100319,รักษาอาการคันจากเชื้อราและแบคทีเรีย,เช้า-เย็น,ทาวันละ 2 ครั้ง,NULL,NULL,NULL
2491,1000,100320,ฆ่าเชื้อรา,เช้า-เย็น,ทาวันละ 2 ครั้ง,NULL,NULL,NULL
2492,1000,100321,ฆ่าเชื้อรา,เช้า-เย็น,ทาวันละ 2 ครั้ง,NULL,NULL,NULL
2493,1000,100322,ฆ่าเชื้อรา,เช้า-เย็น,ทาวันละ 2 ครั้ง,NULL,NULL,NULL
2494,1000,100323,ฆ่าเชื้อรา,เช้า-เย็น,ทาวันละ 2 ครั้ง,NULL,NULL,NULL
2495,1000,100324,รักษาแผลไฟไหม้ น้ำร้อนลวก,เช้า-กลางวัน-เย็น,ทาวันละ 3 ครั้ง,NULL,NULL,NULL
2496,1000,100325,รักษาแผลไฟไหม้ น้ำร้อนลวก,เช้า-กลางวัน-เย็น,ทาวันละ 3 ครั้ง,NULL,NULL,NULL
2497,1000,100326,รักษาผิวหนังอักเสบ นูนแข็ง,เช้า-เย็น,ทาวันละ 2 ครั้ง,NULL,NULL,ไม่ควรใช้ติดต่อกันเกิน…5….วัน
2498,1000,100327,รักษาผิวหนังอักเสบ นูนแข็ง,เช้า-เย็น,ทาวันละ 2 ครั้ง,NULL,NULL,ไม่ควรใช้ติดต่อกันเกิน…5….วัน
2499,1000,100328,รักษาผิวหนังอักเสบ นูนแข็ง,เช้า-เย็น,ทาวันละ 2 ครั้ง,NULL,NULL,ไม่ควรใช้ติดต่อกันเกิน…5….วัน
2500,1000,100329,รักษาอาการคันจากเชื้อรา,เช้า-กลางวัน-เย็น,ทาวันละ 3 ครั้ง,NULL,NULL,NULL
2501,1000,100330,ฆ่าเชื้อรา,เช้า-เย็น,NULL,NULL,NULL,กลั้วในช่องปาก
2502,1000,100331,ลดอาการอักเสบที่ผิวหนัง,เช้า-เย็น,ทาวันละ 2 ครั้ง,NULL,NULL,ไม่ควรใช้ติดต่อกันเกิน…5….วัน
2503,1000,100332,ฆ่าเชื้อรา,เช้า-เย็น,ทาวันละ 2 ครั้ง,NULL,NULL,NULL
2504,1000,100333,รักษาอาการคันจากเชื้อรา,เช้า-กลางวัน-เย็น-ก่อนนอน,ทาวันละ 4 ครั้ง,NULL,NULL,ใช้ติดต่อกัน 4-6 สัปดาห์
2505,1000,100334,รักษาอาการคันจากเชื้อรา,เช้า-กลางวัน-เย็น-ก่อนนอน,ทาวันละ 4 ครั้ง,NULL,NULL,ใช้ติดต่อกัน 4-6 สัปดาห์
2506,1000,100335,ลดอาการคันที่ผิวหนัง,เช้า-เย็น,ทาวันละ 2 ครั้ง,NULL,NULL,NULL
2507,1000,100336,รักษาอาการคันจากเชื้อรา,เช้า-เย็น,ทาวันละ 2 ครั้ง,NULL,NULL,NULL
2508,1000,100337,รักษาอาการคันจากเชื้อรา,เช้า-เย็น,ทาวันละ 2 ครั้ง,NULL,NULL,NULL
2509,1000,100338,รักษาอาการคันจากเชื้อราและผิวหนังแข็ง,เช้า-เย็น,ทาวันละ 2 ครั้ง,NULL,NULL,NULL
2510,1000,100339,รักษาอาการคันจากเชื้อรา,เช้า-เย็น,ทาวันละ 2 ครั้ง,NULL,NULL,NULL
2511,1000,100340,ฆ่าเชื้อรา,วันละ 1 ครั้ง ช่วงเวลาเดียวกัน,ทาวันละ 1 ครั้ง,NULL,NULL,NULL
2512,1000,100341,ฆ่าเชื้อรา,เช้า-เย็น,ทาวันละ 2 ครั้ง,NULL,NULL,NULL
2513,1000,100342,ฆ่าเชื้อรา,เช้า-เย็น,ทาวันละ 2 ครั้ง,NULL,NULL,NULL
2514,1000,100343,ฆ่าเชื้อรา,เช้า-เย็น,ทาวันละ 2 ครั้ง,NULL,NULL,NULL
2515,1000,100344,ฆ่าเชื้อรา,เช้า-เย็น,ทาวันละ 2 ครั้ง,NULL,NULL,NULL
2516,1000,100345,ลดอาการคันที่ผิวหนัง,เช้า-เย็น,ทาวันละ 2 ครั้ง,NULL,NULL,NULL
2517,1000,100346,ลดอาการคันที่ผิวหนัง,เช้า-เย็น,ทาวันละ 2 ครั้ง,NULL,NULL,NULL
2518,1000,100347,ลดอาการคันที่ผิวหนัง,เช้า-เย็น,ทาวันละ 2 ครั้ง,NULL,NULL,NULL
2519,1000,100348,รักษาข้อกระดูกเสื่อม,เช้า-กลางวัน-เย็น,รับประทานครั้งละ 1 เม็ด,พร้อมอาหาร,NULL,NULL
2520,1000,100349,รักษาข้อกระดูกเสื่อม,วันละ 1 ครั้ง ช่วงเวลาเดียวกัน,รับประทานครั้งละ 1 ซอง,ก่อนอาหาร,NULL,ผสมน้ำ 1 แก้ว 
2521,1000,100350,รักษาข้อกระดูกเสื่อม,วันละ 1 ครั้ง ช่วงเวลาเดียวกัน,รับประทานครั้งละ 1 ซอง,ก่อนอาหาร,NULL,ผสมน้ำ 1 แก้ว 
2522,1000,100351,รักษาข้อกระดูกเสื่อม,วันละ 1 ครั้ง ช่วงเวลาเดียวกัน,รับประทานครั้งละ 1 ซอง,ก่อนอาหาร,NULL,ผสมน้ำ 1 แก้ว 
2523,1000,100352,บำรุงกระดูก,NULL,รับประทานครั้งละ 1 เม็ด,หลังอาหาร,NULL,วันละครั้ง ตอนเช้า
2524,1000,100353,บำรุงร่างกาย ,NULL,รับประทานครั้งละ 1 เม็ด,หลังอาหาร,NULL,วันละครั้ง ตอนเช้า
2525,1000,100354,แก้ปวด ลดอักเสบ,วันละ 1 ครั้ง ช่วงเวลาเดียวกัน,รับประทานครั้งละ 1 เม็ด,หลังอาหาร,NULL,ยามีฤทธิ์ระคายเคืองกระเพาะอาหาร
2526,1000,100355,แก้ปวด ลดอักเสบ,วันละ 1 ครั้ง ช่วงเวลาเดียวกัน,รับประทานครั้งละ 1 เม็ด,หลังอาหาร,NULL,ยามีฤทธิ์ระคายเคืองกระเพาะอาหาร
2527,1000,100356,รักษาข้อกระดูกเสื่อม,วันละ 1 ครั้ง ช่วงเวลาเดียวกัน,รับประทานครั้งละ 1 ซอง,ก่อนอาหาร,NULL,ผสมน้ำ 1 แก้ว
2528,1000,100357,บำรุงร่างกาย ,วันละ 1 ครั้ง ช่วงเวลาเดียวกัน,รับประทานครั้งละ 1 เม็ด,หลังอาหาร,NULL,วันละ 1 ครั้ง ตอนเช้า
2529,1000,100358,ลดไข้ บรรเทาอาการปวด,ทุก 6 ชั่วโมง,รับประทานครั้งละ 1-2 เม็ด,NULL,NULL,ไม่ควรใช้ติดต่อกันเกิน…5….วัน
2530,1000,100359,ลดไข้ บรรเทาอาการปวด,ทุก 6 ชั่วโมง,รับประทานครั้งละ 1-2 เม็ด,NULL,NULL,ไม่ควรใช้ติดต่อกันเกิน…5….วัน
2531,1000,100360,ลดไข้ บรรเทาอาการปวด,ทุก 6 ชั่วโมง,รับประทานครั้งละ 1-2 เม็ด,NULL,NULL,ไม่ควรใช้ติดต่อกันเกิน…5….วัน
2532,1000,100361,ลดไข้ บรรเทาอาการปวด,ทุก 6 ชั่วโมง,รับประทานครั้งละ 1-2 เม็ด,NULL,NULL,ไม่ควรใช้ติดต่อกันเกิน…5….วัน
2533,1000,100362,ลดไข้ บรรเทาอาการปวด,ทุก 6 ชั่วโมง,รับประทานครั้งละ 1-2 เม็ด,NULL,NULL,ไม่ควรใช้ติดต่อกันเกิน…5….วัน
2534,1000,100363,ลดไข้ บรรเทาอาการปวด,ทุก 6 ชั่วโมง,รับประทานครั้งละ 1-2 เม็ด,NULL,NULL,ไม่ควรใช้ติดต่อกันเกิน…5….วัน
2535,1000,100364,ลดไข้ บรรเทาอาการปวด,ทุก 6 ชั่วโมง,รับประทานครั้งละ 1-2 เม็ด,NULL,NULL,ไม่ควรใช้ติดต่อกันเกิน…5….วัน
2536,1000,100365,ลดไข้ บรรเทาอาการปวด,ทุก 6 ชั่วโมง,รับประทานครั้งละ 1-2 เม็ด,NULL,NULL,ไม่ควรใช้ติดต่อกันเกิน…5….วัน
2537,1000,100366,ลดไข้ บรรเทาอาการปวด,ทุก 6 ชั่วโมง,รับประทานครั้งละ 1-2 เม็ด,NULL,NULL,ไม่ควรใช้ติดต่อกันเกิน…5….วัน
2538,1000,100367,เสริมแคลเซียม,วันละ 1 ครั้ง ช่วงเวลาเดียวกัน,รับประทานครั้งละ 1 เม็ด,หลังอาหาร,NULL,ตอนเช้า
2539,1000,100368,เสริมแคลเซียม,เช้า-กลางวัน-เย็น,รับประทานครั้งละ 1 เม็ด,หลังอาหาร,NULL,NULL
2540,1000,100369,แก้ปวด ลดอักเสบ,เช้า-กลางวัน-เย็น,รับประทานครั้งละ 1 เม็ด,หลังอาหาร,NULL,ยามีฤทธิ์ระคายเคืองกระเพาะอาหาร
2541,1000,100370,แก้ปวด ลดอักเสบ,เช้า-กลางวัน-เย็น,รับประทานครั้งละ 1 เม็ด,หลังอาหาร,NULL,ยามีฤทธิ์ระคายเคืองกระเพาะอาหาร
2542,1000,100371,แก้ปวด ลดอักเสบ,เช้า-เย็น,รับประทานครั้งละ 1 เม็ด,หลังอาหาร,NULL,ยามีฤทธิ์ระคายเคืองกระเพาะอาหาร
2543,1000,100372,แก้ปวด ลดอักเสบ,เช้า-เย็น,รับประทานครั้งละ 1 เม็ด,หลังอาหาร,NULL,ยามีฤทธิ์ระคายเคืองกระเพาะอาหาร
2544,1000,100373,แก้ปวด ลดอักเสบ ลดไข้,เช้า-กลางวัน-เย็น,รับประทานครั้งละ 1 เม็ด,หลังอาหาร,NULL,NULL
2545,1000,100374,แก้ปวด ลดอักเสบ,เช้า-เย็น,รับประทานครั้งละ 1 เม็ด,หลังอาหาร,NULL,ยามีฤทธิ์ระคายเคืองกระเพาะอาหาร
2546,1000,100375,แก้ปวด ลดอักเสบ,เช้า-กลางวัน-เย็น,รับประทานครั้งละ 1 เม็ด,หลังอาหาร,NULL,ยามีฤทธิ์ระคายเคืองกระเพาะอาหาร
2547,1000,100376,แก้ปวด ลดอักเสบ,เช้า-กลางวัน-เย็น,รับประทานครั้งละ 1 เม็ด,หลังอาหาร,NULL,ยามีฤทธิ์ระคายเคืองกระเพาะอาหาร
2548,1000,100377,แก้ปวด ลดอักเสบ,เช้า-เย็น,รับประทานครั้งละ 1 เม็ด,หลังอาหาร,NULL,ยามีฤทธิ์ระคายเคืองกระเพาะอาหาร
2549,1000,100378,แก้ปวด ลดอักเสบ,เช้า-เย็น,รับประทานครั้งละ 1 เม็ด,หลังอาหาร,NULL,ยามีฤทธิ์ระคายเคืองกระเพาะอาหาร
2550,1000,100379,แก้ปวด ลดอักเสบ,เช้า-เย็น,รับประทานครั้งละ 1 เม็ด,หลังอาหาร,NULL,ยามีฤทธิ์ระคายเคืองกระเพาะอาหาร
2551,1000,100380,แก้ปวด ลดอักเสบ,วันละ 1 ครั้ง ช่วงเวลาเดียวกัน,รับประทานครั้งละ 1 เม็ด,หลังอาหาร,NULL,NULL
2552,1000,100381,แก้ปวด ลดอักเสบ,เช้า-เย็น,รับประทานครั้งละ 1 เม็ด,หลังอาหาร,NULL,ยามีฤทธิ์ระคายเคืองกระเพาะอาหาร
2553,1000,100382,แก้ปวด ลดอักเสบ,วันละ 1 ครั้ง ช่วงเวลาเดียวกัน,รับประทานครั้งละ 1 เม็ด,หลังอาหาร,NULL,NULL
2554,1000,100383,แก้ปวด ลดอักเสบ,เช้า-เย็น,รับประทานครั้งละ 1 เม็ด,หลังอาหาร,NULL,ยามีฤทธิ์ระคายเคืองกระเพาะอาหาร
2555,1000,100384,แก้ปวด ลดอักเสบ,วันละ 1 ครั้ง ช่วงเวลาเดียวกัน,รับประทานครั้งละ 1 เม็ด,หลังอาหาร,NULL,NULL
2556,1000,100385,แก้ปวด ลดอักเสบ,วันละ 1 ครั้ง ช่วงเวลาเดียวกัน,รับประทานครั้งละ 1 เม็ด,หลังอาหาร,NULL,NULL
2557,1000,100386,แก้ปวด ลดอักเสบ,เช้า-เย็น,รับประทานครั้งละ 1 เม็ด,หลังอาหาร,NULL,ยามีฤทธิ์ระคายเคืองกระเพาะอาหาร
2558,1000,100387,แก้ปวด ลดอักเสบ,เช้า-เย็น,รับประทานครั้งละ 1 เม็ด,หลังอาหาร,NULL,ยามีฤทธิ์ระคายเคืองกระเพาะอาหาร
2559,1000,100388,แก้ปวด ลดอักเสบ,NULL,NULL,NULL,NULL,ยามีฤทธิ์ระคายเคืองกระเพาะอาหาร
2560,1000,100389,แก้ปวด ลดอักเสบ,NULL,NULL,NULL,NULL,ยามีฤทธิ์ระคายเคืองกระเพาะอาหาร
2561,1000,100390,แก้ปวด ลดอักเสบ,เช้า-กลางวัน-เย็น,รับประทานครั้งละ 1 เม็ด,หลังอาหาร,NULL,ยามีฤทธิ์ระคายเคืองกระเพาะอาหาร
2562,1000,100391,แก้ปวด ลดอักเสบ,เช้า-กลางวัน-เย็น,รับประทานครั้งละ 1 เม็ด,หลังอาหาร,NULL,ยามีฤทธิ์ระคายเคืองกระเพาะอาหาร
2563,1000,100392,แก้ปวด ลดอักเสบ,เช้า-กลางวัน-เย็น,รับประทานครั้งละ 1 เม็ด,หลังอาหาร,NULL,ยามีฤทธิ์ระคายเคืองกระเพาะอาหาร
2564,1000,100393,แก้ปวด ลดอักเสบ,NULL,รับประทานครั้งละ 1 เม็ด,หลังอาหาร,NULL,วันละ 1 ครั้ง
2565,1000,100394,แก้ปวด ลดอักเสบ,วันละ 1 ครั้ง ช่วงเวลาเดียวกัน,รับประทานครั้งละ 1 เม็ด,หลังอาหาร,NULL,ยามีฤทธิ์ระคายเคืองกระเพาะอาหาร
2566,1000,100395,แก้ปวด ลดอักเสบ,NULL,รับประทานครั้งละ 1 เม็ด,หลังอาหาร,NULL,วันละ 1 ครั้ง
2567,1000,100396,แก้ปวด ลดอักเสบ,NULL,รับประทานครั้งละ 1 เม็ด,หลังอาหาร,NULL,วันละ 1 ครั้ง
2568,1000,100397,แก้ปวด ลดอักเสบ,เช้า-กลางวัน-เย็น,รับประทานครั้งละ 1 เม็ด,หลังอาหาร,NULL,ยามีฤทธิ์ระคายเคืองกระเพาะอาหาร
2569,1000,100398,แก้ปวด ลดอักเสบ,NULL,รับประทานครั้งละ 1 เม็ด,หลังอาหาร,NULL,วันละ 1 ครั้ง
2570,1000,100399,แก้ปวด ลดอักเสบ,NULL,รับประทานครั้งละ 1 เม็ด,หลังอาหาร,NULL,วันละ 1 ครั้ง
2571,1000,100400,แก้ปวด ลดอักเสบ,NULL,รับประทานครั้งละ 1 เม็ด,หลังอาหาร,NULL,วันละ 1 ครั้ง
2572,1000,100401,ลดไข้ บรรเทาอาการปวด,ทุก 6 ชั่วโมง,รับประทานครั้งละ 1-2 เม็ด,NULL,NULL,ไม่ควรใช้ติดต่อกันเกิน…5….วัน
2573,1000,100402,ลดไข้ บรรเทาอาการปวด,ทุก 6 ชั่วโมง,รับประทานครั้งละ 1-2 เม็ด,NULL,NULL,ไม่ควรใช้ติดต่อกันเกิน…5….วัน
2574,1000,100403,ลดไข้ บรรเทาอาการปวด,ทุก 6 ชั่วโมง,รับประทานครั้งละ 1-2 เม็ด,NULL,NULL,ไม่ควรใช้ติดต่อกันเกิน…5….วัน
2575,1000,100404,ลดไข้ บรรเทาอาการปวด,ทุก 6 ชั่วโมง,รับประทานครั้งละ 1-2 เม็ด,NULL,NULL,ไม่ควรใช้ติดต่อกันเกิน…5….วัน
2576,1000,100405,ลดไข้ บรรเทาอาการปวด,ทุก 6 ชั่วโมง,รับประทานครั้งละ 1-2 เม็ด,NULL,NULL,ไม่ควรใช้ติดต่อกันเกิน…5….วัน
2577,1000,100406,แก้ปวด ลดอักเสบ,เช้า-กลางวัน-เย็น,รับประทานครั้งละ 1 เม็ด,หลังอาหาร,NULL,ยามีฤทธิ์ระคายเคืองกระเพาะอาหาร
2578,1000,100407,แก้ปวด ลดอักเสบ,เช้า-กลางวัน-เย็น,รับประทานครั้งละ 1 เม็ด,หลังอาหาร,NULL,ยามีฤทธิ์ระคายเคืองกระเพาะอาหาร
2579,1000,100408,แก้ปวด ลดอักเสบ,เช้า-กลางวัน-เย็น,รับประทานครั้งละ 1 เม็ด,หลังอาหาร,NULL,ยามีฤทธิ์ระคายเคืองกระเพาะอาหาร
2580,1000,100409,ลดไข้ บรรเทาอาการปวด,เช้า-กลางวัน-เย็น,รับประทานครั้งละ 1 เม็ด,หลังอาหาร,NULL,ยามีฤทธิ์ระคายเคืองกระเพาะอาหาร
2581,1000,100410,แก้ปวด ลดอักเสบ,เช้า-กลางวัน-เย็น,รับประทานครั้งละ 1 เม็ด,หลังอาหาร,เก็บในอุณหภูมิห้อง,NULL
2582,1000,100411,แก้ปวด ลดอักเสบ,เช้า-กลางวัน-เย็น,รับประทานครั้งละ 1 เม็ด,หลังอาหาร,เก็บในอุณหภูมิห้อง,NULL
2583,1000,100412,คลายกล้ามเนื้อ,เช้า-กลางวัน-เย็น,รับประทานครั้งละ 1 เม็ด,หลังอาหาร,NULL,NULL
2584,1000,100413,คลายกล้ามเนื้อ,เช้า-กลางวัน-เย็น,รับประทานครั้งละ 1 เม็ด,หลังอาหาร,NULL,NULL
2585,1000,100414,คลายกล้ามเนื้อ,เช้า-กลางวัน-เย็น,รับประทานครั้งละ 1 เม็ด,หลังอาหาร,NULL,NULL
2586,1000,100415,ลดบวม ฟกช้ำ,เช้า-กลางวัน-เย็น,รับประทานครั้งละ 1 เม็ด,หลังอาหาร,NULL,NULL
2587,1000,100416,ลดบวม ฟกช้ำ,เช้า-กลางวัน-เย็น,ทาวันละ 3 ครั้ง,NULL,NULL,NULL
2588,1000,100417,ลดบวม ลดอักเสบ,เช้า-กลางวัน-เย็น,รับประทานครั้งละ 1 เม็ด,หลังอาหาร,NULL,NULL
2589,1000,100418,ลดบวม ลดอักเสบ,เช้า-กลางวัน-เย็น,รับประทานครั้งละ 1 เม็ด,หลังอาหาร,NULL,NULL
2590,1000,100419,แก้ปวด คลายกล้ามเนื้อ,เช้า-กลางวัน-เย็น,รับประทานครั้งละ 1 เม็ด,หลังอาหาร,NULL,ยานี้ทำให้ง่วงนอน
2591,1000,100420,แก้ปวด คลายกล้ามเนื้อ,เช้า-กลางวัน-เย็น,รับประทานครั้งละ 1 เม็ด,หลังอาหาร,NULL,ยานี้ทำให้ง่วงนอน
2592,1000,100421,แก้ปวด คลายกล้ามเนื้อ,เช้า-กลางวัน-เย็น,รับประทานครั้งละ 1 เม็ด,หลังอาหาร,NULL,ยานี้ทำให้ง่วงนอน
2593,1000,100422,แก้ปวด คลายกล้ามเนื้อ,เช้า-กลางวัน-เย็น,รับประทานครั้งละ 1 เม็ด,หลังอาหาร,NULL,ยานี้ทำให้ง่วงนอน
2594,1000,100423,รักษากรดไหลย้อน,ทุกครั้งที่มีอาการ,รับประทานครั้งละ 1-2 ซอง,NULL,NULL,NULL
2595,1000,100424,รักษากรดไหลย้อน,ทุกครั้งที่มีอาการ,รับประทานครั้งละ 1-2 ซอง,NULL,NULL,NULL
2596,1000,100425,ลดกรดในกระเพาะอาหาร,ทุกครั้งที่มีอาการ,รับประทานครั้งละ 1-2 ซอง,NULL,NULL,NULL
2597,1000,100426,ลดกรดในกระเพาะอาหาร,ทุกครั้งที่มีอาการ,รับประทานครั้งละ 1-2 ซอง,NULL,NULL,NULL
2598,1000,100427,แก้จุกเสียด แน่นท้อง ขับลม ,เช้า-กลางวัน-เย็น,รับประทานครั้งละ 2 เม็ด,หลังอาหาร,เก็บในอุณหภูมิห้อง,ใช้ติดต่อกัน 4-6 สัปดาห์
2599,1000,100428,ช่วยย่อยอาหาร,เช้า-กลางวัน-เย็น,รับประทานครั้งละ 2-4 เม็ด,หลังอาหาร,เก็บในอุณหภูมิห้อง,NULL
2600,1000,100429,ลดกรดในกระเพาะอาหาร,เช้า-เย็น,รับประทานครั้งละ 2 ช้อนโต๊ะ,ก่อนอาหาร,เก็บในอุณหภูมิห้อง,เขย่าขวดก่อนรับประทาน
2601,1000,100430,แก้จุกเสียด แน่นท้อง ขับลม ,เช้า-กลางวัน-เย็น-ก่อนนอน,รับประทานครั้งละ 1 ช้อนโต๊ะ,หลังอาหาร,เก็บในอุณหภูมิห้อง,เขย่าขวดก่อนรับประทาน
2602,1000,100431,ลดกรด ขับลม ,เช้า-กลางวัน-เย็น-ก่อนนอน,รับประทานครั้งละ 1 ช้อนโต๊ะ,หลังอาหาร,เก็บในอุณหภูมิห้อง,เขย่าขวดก่อนรับประทาน
2603,1000,100432,ลดกรด ขับลม ,เช้า-กลางวัน-เย็น-ก่อนนอน,รับประทานครั้งละ 1 ช้อนโต๊ะ,หลังอาหาร,เก็บในอุณหภูมิห้อง,เขย่าขวดก่อนรับประทาน
2604,1000,100433,ลดกรด ขับลม ,เช้า-กลางวัน-เย็น-ก่อนนอน,รับประทานครั้งละ 2 ช้อนโต๊ะ,หลังอาหาร,เก็บในอุณหภูมิห้อง,เขย่าขวดก่อนรับประทาน
2605,1000,100434,รักษากรดไหลย้อน,เช้า-กลางวัน-เย็น-ก่อนนอน,รับประทานครั้งละ 1 ช้อนโต๊ะ,หลังอาหาร,เก็บในอุณหภูมิห้อง,เขย่าขวดก่อนรับประทาน
2606,1000,100435,ลดกรด ขับลม ,เช้า-กลางวัน-เย็น-ก่อนนอน,รับประทานครั้งละ 2 ช้อนโต๊ะ,ก่อนอาหาร,เก็บในอุณหภูมิห้อง,เขย่าขวดก่อนรับประทาน
2607,1000,100436,แก้จุกเสียด แน่นท้อง ขับลม ,ทุกครั้งที่มีอาการ,รับประทานครั้งละ 1 ช้อนโต๊ะ,NULL,เก็บในอุณหภูมิห้อง,เขย่าขวดก่อนรับประทาน
2608,1000,100437,รักษากรดไหลย้อน,เช้า-กลางวัน-เย็น-ก่อนนอน,รับประทานครั้งละ 1 ช้อนโต๊ะ,หลังอาหาร,เก็บในอุณหภูมิห้อง,เขย่าขวดก่อนรับประทาน
2609,1000,100438,ลดกรดในกระเพาะอาหาร,เช้า-กลางวัน-เย็น-ก่อนนอน,รับประทานครั้งละ 1 ช้อนโต๊ะ,หลังอาหาร,เก็บในอุณหภูมิห้อง,เขย่าขวดก่อนรับประทาน
2610,1000,100439,รักษากรดไหลย้อน,เช้า-กลางวัน-เย็น-ก่อนนอน,รับประทานครั้งละ 1 ช้อนโต๊ะ,หลังอาหาร,เก็บในอุณหภูมิห้อง,เขย่าขวดก่อนรับประทาน
2611,1000,100440,แก้จุกเสียด แน่นท้อง ขับลม ,เช้า-กลางวัน-เย็น,รับประทานครั้งละ 1 ช้อนโต๊ะ,หลังอาหาร,เก็บในอุณหภูมิห้อง,เขย่าขวดก่อนรับประทาน
2612,1000,100441,แก้จุกเสียด แน่นท้อง ขับลม ,เช้า-กลางวัน-เย็น,รับประทานครั้งละ 1 ช้อนโต๊ะ,หลังอาหาร,เก็บในอุณหภูมิห้อง,NULL
2613,1000,100442,แก้จุกเสียด แน่นท้อง ขับลม ,เช้า-กลางวัน-เย็น,รับประทานครั้งละ 1 ช้อนโต๊ะ,หลังอาหาร,เก็บในอุณหภูมิห้อง,เขย่าขวดก่อนรับประทาน
2614,1000,100443,แก้ท้องอืดท้องเฟ้อ,เช้า-กลางวัน-เย็น,รับประทานครั้งละ 1 ช้อนโต๊ะ,หลังอาหาร,เก็บในอุณหภูมิห้อง,เขย่าขวดก่อนรับประทาน
2615,1000,100444,ช่วยย่อยอาหาร,เช้า-กลางวัน-เย็น,รับประทานครั้งละ 2 เม็ด,หลังอาหาร,เก็บในอุณหภูมิห้อง,NULL
2616,1000,100445,ช่วยย่อยอาหาร,เช้า-กลางวัน-เย็น,รับประทานครั้งละ 1 เม็ด,หลังอาหาร,เก็บในอุณหภูมิห้อง,NULL
2617,1000,100446,ช่วยย่อยอาหาร,เช้า-กลางวัน-เย็น,รับประทานครั้งละ 1 เม็ด,หลังอาหาร,NULL,NULL
2618,1000,100447,แก้จุกเสียด แน่นท้อง ขับลม ,เช้า-กลางวัน-เย็น,รับประทานครั้งละ 1 เม็ด,หลังอาหาร,NULL,NULL
2619,1000,100448,แก้จุกเสียด แน่นท้อง ขับลม ,เช้า-กลางวัน-เย็น,รับประทานครั้งละ 1 เม็ด,หลังอาหาร,NULL,NULL
2620,1000,100449,แก้จุกเสียด แน่นท้อง ขับลม ,เช้า-กลางวัน-เย็น,รับประทานครั้งละ 1 เม็ด,หลังอาหาร,NULL,NULL
2621,1000,100450,ลดแสบ ปวด จุกเสียดท้อง,เช้า-กลางวัน-เย็น,รับประทานครั้งละ 2 เม็ด,หลังอาหาร,NULL,NULL
2622,1000,100451,แก้จุกเสียด แน่นท้อง ขับลม ,เช้า-กลางวัน-เย็น,รับประทานครั้งละ 1-2 เม็ด,หลังอาหาร,NULL,NULL
2623,1000,100452,รักษาท้องเสีย ปวดท้อง จุกเสียด,เช้า-กลางวัน-เย็น,รับประทานครั้งละ 1-2 เม็ด,หลังอาหาร,เก็บในอุณหภูมิห้อง,NULL
2624,1000,100453,ลดอาการแสบท้องและหลอดอาหาร,เช้า-กลางวัน-เย็น,รับประทานครั้งละ 2 เม็ด,หลังอาหาร,NULL,NULL
2625,1000,100454,แก้ท้องอืดท้องเฟ้อ,เช้า-กลางวัน-เย็น,รับประทานครั้งละ 1 เม็ด,หลังอาหาร,NULL,เคี้ยวให้ละเอียดก่อนกลืน
2626,1000,100455,แก้ท้องอืดท้องเฟ้อ,เช้า-กลางวัน-เย็น,รับประทานครั้งละ 1 เม็ด,หลังอาหาร,NULL,เคี้ยวให้ละเอียดก่อนกลืน
2627,1000,100456,แก้ท้องอืดท้องเฟ้อ,เช้า-กลางวัน-เย็น-ก่อนนอน,รับประทานครั้งละ 1 เม็ด,หลังอาหาร,NULL,เคี้ยวให้ละเอียดก่อนกลืน
2628,1000,100457,แก้ท้องอืดท้องเฟ้อ,เช้า-กลางวัน-เย็น-ก่อนนอน,รับประทานครั้งละ 1 เม็ด,หลังอาหาร,NULL,เคี้ยวให้ละเอียดก่อนกลืน
2629,1000,100458,แก้ท้องอืดท้องเฟ้อ,เช้า-กลางวัน-เย็น-ก่อนนอน,รับประทานครั้งละ 1 เม็ด,หลังอาหาร,NULL,เคี้ยวให้ละเอียดก่อนกลืน
2630,1000,100459,แก้ท้องอืดท้องเฟ้อ,ทุกครั้งที่มีอาการ,รับประทานครั้งละ 1 เม็ด,NULL,NULL,เคี้ยวให้ละเอียดก่อนกลืน
2631,1000,100460,ลดกรด ขับลม ,เช้า-กลางวัน-เย็น-ก่อนนอน,รับประทานครั้งละ 1 เม็ด,หลังอาหาร,NULL,เคี้ยวให้ละเอียดก่อนกลืน
2632,1000,100461,แก้ท้องอืดท้องเฟ้อ,ทุกครั้งที่มีอาการ,รับประทานครั้งละ 1 ซอง,NULL,NULL,ผสมน้ำ 1 แก้ว รอจนฟองหมดแล้วดื่ม
2633,1000,100462,แก้ท้องอืดท้องเฟ้อ,ทุกครั้งที่มีอาการ,รับประทานครั้งละ 1 ซอง,NULL,NULL,ผสมน้ำ 1 แก้ว รอจนฟองหมดแล้วดื่ม
2634,1000,100463,รักษาโรคกระเพาะ,NULL,รับประทานครั้งละ 1 เม็ด,NULL,NULL,ก่อนอาหารเช้า ใช้ติดต่อกัน 4-6 สัปดาห์
2635,1000,100464,รักษาโรคกระเพาะ,NULL,รับประทานครั้งละ 1 เม็ด,NULL,NULL,ก่อนอาหารเช้า ใช้ติดต่อกัน 4-6 สัปดาห์
2636,1000,100465,รักษาโรคกระเพาะ,NULL,รับประทานครั้งละ 1 เม็ด,NULL,NULL,ก่อนอาหารเช้า ใช้ติดต่อกัน 4-6 สัปดาห์
2637,1000,100466,รักษาโรคกระเพาะ,เช้า,รับประทานครั้งละ 1 เม็ด,ก่อนอาหาร,NULL,ก่อนอาหาร 30 นาที
2638,1000,100467,รักษาโรคกระเพาะ,วันละ 1 ครั้ง ช่วงเวลาเดียวกัน,รับประทานครั้งละ 1 เม็ด,ก่อนอาหาร,เก็บในอุณหภูมิห้อง,NULL
2639,1000,100468,รักษาแผลในกระเพาะอาหาร,เช้า-เย็น,รับประทานครั้งละ 1 เม็ด,หลังอาหาร,NULL,NULL
2640,1000,100469,รักษาแผลในกระเพาะอาหาร,เช้า-เย็น,รับประทานครั้งละ 1 เม็ด,หลังอาหาร,NULL,NULL
2641,1000,100470,รักษาแผลในกระเพาะอาหาร,เช้า-เย็น,รับประทานครั้งละ 1 เม็ด,หลังอาหาร,NULL,ใช้ติดต่อกัน 4-6 สัปดาห์
2642,1000,100471,รักษาแผลในกระเพาะอาหาร,เช้า-เย็น,รับประทานครั้งละ 1 เม็ด,หลังอาหาร,NULL,NULL
2643,1000,100472,รักษาแผลในกระเพาะอาหาร,เช้า-กลางวัน-เย็น,รับประทานครั้งละ 1 เม็ด,หลังอาหาร,NULL,NULL
2644,1000,100473,แก้ท้องอืดท้องเฟ้อ,ทุกครั้งที่มีอาการ,รับประทานครั้งละ 2-4 เม็ด,NULL,NULL,อมให้ละลายช้าๆในปาก
2645,1000,100474,ดูดซับสารพิษ รักษาท้องเสีย,เช้า-กลางวัน-เย็น,รับประทานครั้งละ 1 ซอง,หลังอาหาร,เก็บในอุณหภูมิห้อง,NULL
2646,1000,100475,ดูดซับสารพิษ รักษาท้องเสีย,เช้า-กลางวัน-เย็น,รับประทานครั้งละ 1 ซอง,หลังอาหาร,เก็บในอุณหภูมิห้อง,ละลายน้ำก่อน
2647,1000,100476,ทดแทนการสูญเสียน้ำ,NULL,รับประทานครั้งละ 1 ซอง,NULL,NULL,ผสมน้ำ 150 ซีซี  จิบระหว่างวัน
2648,1000,100477,ทดแทนการสูญเสียน้ำ,NULL,รับประทานครั้งละ 1 ซอง,NULL,NULL,ผสมน้ำ 150 ซีซี  จิบระหว่างวัน
2649,1000,100478,ทดแทนการสูญเสียน้ำ,NULL,รับประทานครั้งละ 1 ซอง,NULL,NULL,ผสมน้ำ 150 ซีซี  จิบระหว่างวัน
2650,1000,100479,ทดแทนการสูญเสียน้ำ,NULL,รับประทานครั้งละ 1 ซอง,NULL,NULL,ผสมน้ำ 150 ซีซี  จิบระหว่างวัน
2651,1000,100480,ดูดซับสารพิษ,เช้า-กลางวัน-เย็น-ก่อนนอน,รับประทานครั้งละ 3 เม็ด,หลังอาหาร,เก็บในอุณหภูมิห้อง,อุจจาระอาจจะมีสีดำจากยา
2652,1000,100481,ดูดซับสารพิษ,เช้า-กลางวัน-เย็น,รับประทานครั้งละ 2-4 เม็ด,หลังอาหาร,เก็บในอุณหภูมิห้อง,อุจจาระอาจจะมีสีดำจากยา
2653,1000,100482,ยาหยุดถ่าย,NULL,รับประทานครั้งละ 2 เม็ด,NULL,NULL,ทานครั้งถัดไปครั้งละ1เม็ด (ไม่เกิน6เม็ด/วัน)
2654,1000,100483,ยาหยุดถ่าย,NULL,รับประทานครั้งละ 2 เม็ด,NULL,NULL,ทานครั้งถัดไปครั้งละ1เม็ด (ไม่เกิน6เม็ด/วัน)
2655,1000,100484,ยาหยุดถ่าย,NULL,รับประทานครั้งละ 2 เม็ด,NULL,NULL,ทานครั้งถัดไปครั้งละ1เม็ด (ไม่เกิน6เม็ด/วัน)
2656,1000,100485,แก้คลื่นไส้ อาเจียน,เช้า-กลางวัน-เย็น,รับประทานครั้งละ 1 เม็ด,ก่อนอาหาร,NULL,NULL
2657,1000,100486,แก้คลื่นไส้ อาเจียน,เช้า-กลางวัน-เย็น,รับประทานครั้งละ 1 เม็ด,ก่อนอาหาร,NULL,NULL
2658,1000,100487,แก้คลื่นไส้ อาเจียน,เช้า-กลางวัน-เย็น,รับประทานครั้งละ 1 เม็ด,ก่อนอาหาร,NULL,NULL
2659,1000,100488,บรรเทาอาการปวดเกร็งท้อง,เช้า-กลางวัน-เย็น,รับประทานครั้งละ 1 เม็ด,หลังอาหาร,NULL,NULL
2660,1000,100489,บรรเทาอาการปวดเกร็งท้อง,เช้า-กลางวัน-เย็น,รับประทานครั้งละ 1 เม็ด,หลังอาหาร,NULL,NULL
2661,1000,100490,แก้ปวดกระเพาะปัสสาวะ,เช้า-กลางวัน-เย็น,รับประทานครั้งละ 1 เม็ด,หลังอาหาร,NULL,NULL
2662,1000,100491,แก้ปวดกระเพาะปัสสาวะ,เช้า-กลางวัน-เย็น,รับประทานครั้งละ 1 เม็ด,หลังอาหาร,NULL,NULL
2663,1000,100492,เพิ่มจุลินทรีย์ในลำไส้,เช้า-เย็น,รับประทานครั้งละ 1 ซอง,NULL,NULL,ผสมน้ำหรือน้ำผลไม้ 1 แก้ว/ซอง
2664,1000,100493,เพิ่มจุลินทรีย์ในลำไส้,เช้า-เย็น,รับประทานครั้งละ 1 เม็ด,NULL,NULL,NULL
2665,1000,100494,เพิ่มจุลินทรีย์ในลำไส้ และทางเดินปัสสาวะ,เช้า-เย็น,รับประทานครั้งละ 1 ซอง,หลังอาหาร,NULL,บรรเทาชั่วคราว 14 วัน ลดการเกิดซ้ำใช้ต่อเนื่อง 6 เดือน
2666,1000,100495,ลดภาวะเลือดออกจากริดสีดวงทวาร,เช้า-กลางวัน-เย็น,รับประทานครั้งละ 1-2 เม็ด,NULL,NULL,NULL
2667,1000,100496,รักษาริดสีดวงทวาร,เช้า-กลางวัน-เย็น,รับประทานครั้งละ 2 เม็ด,หลังอาหาร,NULL,วันที่1-4 จากนั้นวันที่5-7ครั้งละ2เม็ด2ครั้ง เช้า-เย็น
2668,1000,100497,รักษาริดสีดวงทวาร,เช้า-เย็น,รับประทานครั้งละ 1 เม็ด,หลังอาหาร,NULL,NULL
2669,1000,100498,รักษาริดสีดวงทวาร,เช้า-กลางวัน-เย็น,รับประทานครั้งละ 2 เม็ด,หลังอาหาร,NULL,วันที่1-4 จากนั้นวันที่5-7ครั้งละ2เม็ด2ครั้ง เช้า-เย็น
2670,1000,100499,รักษาริดสีดวงทวาร,เช้า-เย็น,ทาวันละ 2 ครั้ง,NULL,NULL,NULL
2671,1000,100500,รักษาริดสีดวงทวาร,เช้า-เย็น,ทาวันละ 2 ครั้ง,NULL,NULL,NULL
2672,1000,100501,ลดบวม ลดอักเสบ,เช้า-เย็น,ทาวันละ 2 ครั้ง,NULL,NULL,NULL
2673,1000,100502,เพิ่มกากใย ช่วยให้ระบาย,ทุกครั้งที่มีอาการ,รับประทานครั้งละ 2 ช้อนโต๊ะ,NULL,NULL,ผสมน้ำ 150 มล. ห้ามรับประทานก่อนนอน
2674,1000,100503,เพิ่มกากใย ช่วยให้ระบาย,ทุกครั้งที่มีอาการ,รับประทานครั้งละ 2 ช้อนโต๊ะ,NULL,NULL,ผสมน้ำ 150 มล. ห้ามรับประทานก่อนนอน
2675,1000,100504,เพิ่มกากใย ช่วยให้ระบาย,ทุกครั้งที่มีอาการ,รับประทานครั้งละ 1 ซอง,NULL,NULL,ผสมน้ำ 150 มล. ห้ามรับประทานก่อนนอน
2676,1000,100505,เพิ่มกากใย ช่วยให้ระบาย,ทุกครั้งที่มีอาการ,รับประทานครั้งละ 1 ซอง,NULL,NULL,ผสมน้ำ 150 มล. ห้ามรับประทานก่อนนอน
2677,1000,100506,แก้ท้องผูก,NULL,ทาวันละ 1 ครั้ง,NULL,เก็บในตู้เย็น,เหน็บครั้งละ 1 แท่ง ทิ้งไว้ 15 นาที 
2678,1000,100507,แก้ท้องผูก,NULL,ทาวันละ 1 ครั้ง,NULL,เก็บในตู้เย็น,เหน็บครั้งละ 1 แท่ง ทิ้งไว้ 15 นาที 
2679,1000,100508,ท้องเสีย จุกเสียด,เช้า-กลางวัน-เย็น-ก่อนนอน,รับประทานครั้งละ 1 เม็ด,ก่อนอาหาร,NULL,NULL
2680,1000,100509,ท้องเสีย จุกเสียด,เช้า-กลางวัน-เย็น-ก่อนนอน,รับประทานครั้งละ 2 ช้อนโต๊ะ,ก่อนอาหาร,NULL,NULL
2681,1000,100510,แก้ท้องผูก,NULL,รับประทานครั้งละ ..... ml,NULL,NULL,ก่อนนอน
2682,1000,100511,แก้ท้องผูก,NULL,รับประทานครั้งละ ..... ml,NULL,NULL,ก่อนนอน
2683,1000,100512,ท้องเสีย จุกเสียด,เช้า-กลางวัน-เย็น-ก่อนนอน,รับประทานครั้งละ 2 ช้อนโต๊ะ,ก่อนอาหาร,NULL,NULL
2684,1000,100513,แก้ท้องผูก,NULL,รับประทานครั้งละ 1 เม็ด,NULL,NULL,วันละ 1 ครั้ง ก่อนนอน
2685,1000,100514,แก้ท้องผูก,NULL,รับประทานครั้งละ 2 เม็ด,NULL,NULL,วันละ 1 ครั้ง ก่อนนอน
2686,1000,100515,ยาฆ่าพยาธิ,วันละ 1 ครั้ง ช่วงเวลาเดียวกัน,รับประทานครั้งละ 2 เม็ด,หลังอาหาร,เก็บในอุณหภูมิห้อง,NULL
2687,1000,100516,ยาถ่ายพยาธิ,NULL,รับประทานครั้งละ 2 เม็ด,พร้อมอาหาร,NULL,กินครั้งเดียว สำหรับพยาธิตัวกลม
2688,1000,100517,ยาถ่ายพยาธิ,วันละ 1 ครั้ง ช่วงเวลาเดียวกัน,รับประทานครั้งละ 1 เม็ด,NULL,NULL,NULL
2689,1000,100518,ยาถ่ายพยาธิ,เช้า-เย็น,รับประทานครั้งละ 1 ช้อนชา,ก่อนอาหาร,NULL,ติดต่อ 3 วัน
2690,1000,100519,ยาถ่ายพยาธิ,NULL,รับประทานครั้งละ 1 เม็ด,NULL,NULL,วันละ 1 ครั้ง เคี้ยวให้ละเอียดก่อนกลืน
2691,1000,100520,ยาถ่ายพยาธิ,NULL,รับประทานครั้งละ 4 เม็ด,NULL,NULL,วันละ 1 ครั้ง เคี้ยวให้ละเอียดก่อนกลืน
2692,1000,100521,รักษาอาการอักเสบของทางเดินหายใจ,NULL,พ่นช่องปากครั้งละ 1-2 ครั้ง,NULL,เก็บในอุณหภูมิห้อง,ห้ามปรับขนาดยาเอง โดยไม่มีคำสั่งแพทย์
2693,1000,100522,ขยายหลอดลม,NULL,พ่นช่องปากครั้งละ 2 ครั้ง,NULL,เก็บในอุณหภูมิห้อง,NULL
2694,1000,100523,บรรเทาอาการหอบหืด,ทุกครั้งที่มีอาการ,พ่นช่องปากครั้งละ 1-2 ครั้ง,NULL,NULL,NULL
2695,1000,100524,บรรเทาอาการหอบหืด,ทุกครั้งที่มีอาการ,พ่นช่องปากครั้งละ 1-2 ครั้ง,NULL,NULL,NULL
2696,1000,100526,ระงับความอยากบุหรี่,NULL,พ่นช่องปากครั้งละ 1-2 ครั้ง,NULL,NULL,NULL
2697,1000,100527,บรรเทาอาการคัดจมูก,เช้า-เย็น,พ่นเข้าจมูกข้างละ 2-3 ครั้ง,NULL,NULL,ห้ามใช้เกิน 2 ครั้ง ภายใน 24 ชั่วโมง
2698,1000,100528,แก้ท้องผูก,เช้า-เย็น,รับประทานครั้งละ 2-3 เม็ด,NULL,NULL,NULL
2699,1000,100529,บรรเทาอาการคัดจมูก,NULL,พ่นเข้าจมูกข้างละ 1 ครั้ง,NULL,NULL,ไม่เกิน 3 ครั้งต่อวัน
2700,1000,100530,บรรเทาอาการคัดจมูก,เช้า-กลางวัน-เย็น,พ่นเข้าจมูกข้างละ 1-2 ครั้ง,NULL,เก็บในอุณหภูมิห้อง,ไม่ควรใช้ติดต่อกันเกิน5วัน
2701,1000,100531,บรรเทาอาการคัดจมูก,เช้า-กลางวัน-เย็น,หยอดครั้งละ 1-2 หยด,NULL,NULL,NULL
2702,1000,100532,บรรเทาอาการคัดจมูก,เช้า-กลางวัน-เย็น,หยอดครั้งละ 1-2 หยด,NULL,เก็บในอุณหภูมิห้อง,ไม่ควรใช้ติดต่อกันเกิน5วัน
2703,1000,100533,บรรเทาอาการหวัด คัดจมูก,เช้า-กลางวัน-เย็น,พ่นเข้าจมูกข้างละ 1-2 ครั้ง,NULL,NULL,NULL
2704,1000,100534,บรรเทาอาการคัดจมูก,ทุก 6 ชั่วโมง,พ่นเข้าจมูกข้างละ 1-2 ครั้ง,NULL,เก็บในอุณหภูมิห้อง,ไม่ควรใช้ติดต่อกันเกิน5วัน
2705,1000,100535,เพิ่มความชุ่มชื้นในโพรงจมูก ,ทุกครั้งที่มีอาการ,พ่นเข้าจมูกข้างละ 1-2 ครั้ง,NULL,เก็บในอุณหภูมิห้อง,NULL
2706,1000,100536,ลดอาการอักเสบในโพรงจมูก,เช้า-เย็น,พ่นเข้าจมูกข้างละ 1-2 ครั้ง,NULL,เก็บในอุณหภูมิห้อง,NULL
2707,1000,100537,ลดอาการอักเสบในโพรงจมูก,เช้า-เย็น,พ่นเข้าจมูกข้างละ 1-2 ครั้ง,NULL,เก็บในอุณหภูมิห้อง,NULL
2708,1000,100538,บรรเทาอาการคัดจมูก,NULL,พ่นเข้าจมูกข้างละ ........ ครั้ง,NULL,เก็บในอุณหภูมิห้อง,ใช้ตามแพทย์สั่ง ใช้ติดต่อกันไม่เกิน 5-7 วัน 
2709,1000,100539,ลดน้ำมูก แพ้อากาศ,ทุกครั้งที่มีอาการ,พ่นเข้าจมูกข้างละ 2-3 ครั้ง,NULL,เก็บในอุณหภูมิห้อง,NULL
2710,1000,100540,ฆ่าเชื้อในช่องปาก,ทุกครั้งที่มีอาการ,พ่นช่องปากครั้งละ 1-2 ครั้ง,NULL,เก็บในอุณหภูมิห้อง,NULL
2711,1000,100541,เพิ่มความชุ่มชื้นในโพรงจมูก ,เช้า-เย็น,หยอดครั้งละ 2-3 หยด,NULL,NULL,ใช้พร้อมที่ดูดน้ำมูก
2712,1000,100542,เพิ่มความชุ่มชื้นในโพรงจมูก ,เช้า-เย็น,หยอดครั้งละ 2-3 หยด,NULL,NULL,ใช้พร้อมที่ดูดน้ำมูก
2713,1000,100543,เพิ่มความชุ่มชื้นในโพรงจมูก ,ทุกครั้งที่มีอาการ,พ่นเข้าจมูกข้างละ 2-3 ครั้ง,NULL,NULL,NULL
2714,1000,100544,ลดกลิ่นปากและไอจากการคันคอ,ทุกครั้งที่มีอาการ,พ่นช่องปากครั้งละ 1-2 ครั้ง,NULL,NULL,NULL
2715,1000,100545,ยั้บยั้งแบคทีเรีย ลดกลิ่นปากและไอจากการคันคอ,ทุกครั้งที่มีอาการ,พ่นช่องปากครั้งละ 1-2 ครั้ง,NULL,NULL,NULL
2716,1000,100546,บรรเทาอาการไอ ชุ่มคอ ละลายเสมหะ,ทุกครั้งที่มีอาการ,พ่นช่องปากครั้งละ 1-2 ครั้ง,NULL,NULL,NULL
2717,1000,100547,ลดการอักเสบบริเวณช่องปากและลำคอ,ทุกครั้งที่มีอาการ,พ่นช่องปากครั้งละ 1-2 ครั้ง,NULL,NULL,NULL
2718,1000,100548,ยั้บยั้งแบคทีเรีย ลดกลิ่นปาก ชุ่มคอ,ทุกครั้งที่มีอาการ,พ่นช่องปากครั้งละ 1-2 ครั้ง,NULL,NULL,NULL
2719,1000,100549,ยั้บยั้งแบคทีเรีย ลดกลิ่นปากและไอจากการคันคอ,ทุกครั้งที่มีอาการ,พ่นช่องปากครั้งละ 1-2 ครั้ง,NULL,NULL,NULL
2720,1000,100550,ยั้บยั้งแบคทีเรีย ลดกลิ่นปาก ชุ่มคอ,ทุกครั้งที่มีอาการ,พ่นช่องปากครั้งละ 1-2 ครั้ง,NULL,NULL,NULL
2721,1000,100551,ยั้บยั้งแบคทีเรีย ลดกลิ่นปาก ชุ่มคอ,ทุกครั้งที่มีอาการ,พ่นช่องปากครั้งละ 1-2 ครั้ง,NULL,NULL,NULL
2722,1000,100552,ลดอักเสบ,ทุก 6 ชั่วโมง,พ่นช่องปากครั้งละ 1-2 ครั้ง,NULL,NULL,NULL
2723,1000,100553,ช่วยลดกลิ่นปาก ชุ่มคอ,ทุกครั้งที่มีอาการ,พ่นช่องปากครั้งละ 1-2 ครั้ง,NULL,NULL,ใช้ได้คั้งแต่ 1 ขวบขึ้นไป
2724,1000,100554,ลดกลิ่นปากและไอจากการคันคอ,ทุกครั้งที่มีอาการ,พ่นช่องปากครั้งละ 1-2 ครั้ง,NULL,NULL,NULL
2725,1000,100555,ขยายหลอดลม,เช้า-เย็น,รับประทานครั้งละ 1 เม็ด,NULL,NULL,NULL
2726,1000,100556,ขยายหลอดลม,เช้า-เย็น,รับประทานครั้งละ 1 เม็ด,NULL,NULL,NULL
2727,1000,100557,บรรเทาอาการหอบหืด,ทุก 12 ชั่วโมง,รับประทานครั้งละ 1 เม็ด,NULL,NULL,NULL
2728,1000,100558,บรรเทาอาการหอบหืด,เช้า-กลางวัน-เย็น,รับประทานครั้งละ 1 เม็ด,หลังอาหาร,NULL,NULL
2729,1000,100559,บรรเทาอาการหอบหืด,ทุก 12 ชั่วโมง,รับประทานครั้งละ 1 เม็ด,NULL,NULL,NULL
2730,1000,100560,ขยายหลอดลม,เช้า-กลางวัน-เย็น,รับประทานครั้งละ 1-2 เม็ด,NULL,NULL,NULL
2731,1000,100561,ขยายหลอดลม,เช้า-กลางวัน-เย็น,รับประทานครั้งละ 1-2 เม็ด,NULL,NULL,NULL
2732,1000,100562,ขยายหลอดลม,เช้า-กลางวัน-เย็น,รับประทานครั้งละ 1-2 เม็ด,NULL,NULL,NULL
2733,1000,100563,ละลายเสมหะ,NULL,รับประทานครั้งละ 1 เม็ด,NULL,NULL,ละลายน้ำครึ่งแก้ว วันละครั้ง ก่อนอาหารเย็น
2734,1000,100564,ละลายเสมหะ,NULL,รับประทานครั้งละ 1 เม็ด,NULL,NULL,ละลายน้ำครึ่งแก้ว วันละครั้งหลังอาหารเย็น
2735,1000,100565,ละลายเสมหะ,NULL,รับประทานครั้งละ 1 เม็ด,NULL,NULL,ละลายน้ำครึ่งแก้ว วันละครั้ง หลังอาหารเย็น
2736,1000,100566,ฆ่าเชื้อในช่องปาก,NULL,หยอดครั้งละ 1-2 หยด,NULL,NULL,เติมน้ำจนครบ30 ซีซี กลั้วคอ 30 วินาทีแล้วบ้วนทิ้ง
2737,1000,100567,ฆ่าเชื้อในช่องปาก,NULL,หยอดครั้งละ 1-2 หยด,NULL,NULL,เติมน้ำ 1 ซีซี กลั้วคอ 30 วินาทีแล้วบ้วนทิ้ง
2738,1000,100568,รักษาผมร่วง,NULL,รับประทานครั้งละ 1 เม็ด,NULL,NULL,วันละ 1 ครั้ง ก่อนนอน
2739,1000,100569,รักษาต่อมลูกหมาก,วันละ 1 ครั้ง ช่วงเวลาเดียวกัน,รับประทานครั้งละ ............. เม็ด,NULL,NULL,ห้ามปรับขนาดยาเอง โดยไม่มีคำสั่งแพทย์
2740,1000,100570,รักษาผมร่วง,เช้า-เย็น,ทาวันละ 2 ครั้ง,NULL,NULL,NULL
2741,1000,100571,แก้ปวดไมเกรน,NULL,รับประทานครั้งละ 1 เม็ด,NULL,NULL,"ภายใน 30 นาที ไม่ดีขึ้นให้ซ้ำอีก 1 เม็ด 
(ไม่เกิน 6 เม็ดต่อวัน 10 เม็ดต่อสัปดาห์)"
2742,1000,100572,แก้ปวดไมเกรน,NULL,รับประทานครั้งละ 1 เม็ด,NULL,NULL,"ภายใน 30 นาที ไม่ดีขึ้นให้ซ้ำอีก 1 เม็ด 
(ไม่เกิน 6 เม็ดต่อวัน 10 เม็ดต่อสัปดาห์)"
2743,1000,100573,แก้ปวดไมเกรน,NULL,รับประทานครั้งละ 1 เม็ด,NULL,NULL,"ภายใน 30 นาที ไม่ดีขึ้นให้ซ้ำอีก 1 เม็ด 
(ไม่เกิน 6 เม็ดต่อวัน 10 เม็ดต่อสัปดาห์)"
2744,1000,100574,แก้ปวดไมเกรน,NULL,รับประทานครั้งละ 1 เม็ด,NULL,NULL,"ภายใน 30 นาที ไม่ดีขึ้นให้ซ้ำอีก 1 เม็ด 
(ไม่เกิน 6 เม็ดต่อวัน 10 เม็ดต่อสัปดาห์)"
2745,1000,100575,แก้ปวดไมเกรน,NULL,รับประทานครั้งละ 1 เม็ด,NULL,NULL,"ภายใน 30 นาที ไม่ดีขึ้นให้ซ้ำอีก 1 เม็ด 
(ไม่เกิน 6 เม็ดต่อวัน 10 เม็ดต่อสัปดาห์)"
2746,1000,100576,ขยายหลอดเลือด,NULL,รับประทานครั้งละ 1 เม็ด,NULL,NULL,ก่อนนอน        ยานี้ทำให้ง่วงนอน
2747,1000,100577,ขยายหลอดเลือด,NULL,รับประทานครั้งละ 1 เม็ด,NULL,NULL,ก่อนนอน        ยานี้ทำให้ง่วงนอน
2748,1000,100578,แก้วิงเวียนศรีษะ,เช้า-กลางวัน-เย็น,รับประทานครั้งละ 1-2 เม็ด,หลังอาหาร,NULL,ยานี้ทำให้ง่วงนอน
2749,1000,100579,แก้วิงเวียนศรีษะ,เช้า-กลางวัน-เย็น,รับประทานครั้งละ 1-2 เม็ด,หลังอาหาร,NULL,NULL
2750,1000,100580,แก้วิงเวียนศรีษะ,เช้า-กลางวัน-เย็น,รับประทานครั้งละ 1 เม็ด,หลังอาหาร,NULL,NULL
2751,1000,100581,แก้วิงเวียนศรีษะ,เช้า-กลางวัน-เย็น,รับประทานครั้งละ 1 เม็ด,หลังอาหาร,NULL,NULL
2752,1000,100582,แก้วิงเวียนศรีษะ,เช้า-กลางวัน-เย็น,รับประทานครั้งละ 1 เม็ด,หลังอาหาร,NULL,NULL
2753,1000,100583,รักษาหูอื้อ,เช้า-กลางวัน-เย็น,รับประทานครั้งละ ......... ช้อนชา,หลังอาหาร,NULL,NULL
2754,1000,100584,รักษาหูอื้อ,เช้า-เย็น,รับประทานครั้งละ 1 เม็ด,หลังอาหาร,NULL,NULL
2755,1000,100585,บรรเทาอาการบ้านหมุน,เช้า-กลางวัน-เย็น,รับประทานครั้งละ 1 เม็ด,หลังอาหาร,NULL,NULL
2756,1000,100586,บรรเทาอาการบ้านหมุน,เช้า-เย็น,รับประทานครั้งละ 1 เม็ด,หลังอาหาร,NULL,NULL
2757,1000,100587,รักษาหูอื้อ,เช้า-เย็น,รับประทานครั้งละ 1 เม็ด,หลังอาหาร,NULL,NULL
2758,1000,100588,แก้วิงเวียนศรีษะ,เช้า-กลางวัน-เย็น,รับประทานครั้งละ 1 เม็ด,หลังอาหาร,NULL,NULL
2759,1000,100589,แก้วิงเวียนศรีษะ,เช้า-กลางวัน-เย็น,รับประทานครั้งละ 1 เม็ด,หลังอาหาร,NULL,ยานี้ทำให้ง่วงนอน
2760,1000,100590,แก้วิงเวียนศรีษะ,เช้า-กลางวัน-เย็น,รับประทานครั้งละ 1 เม็ด,หลังอาหาร,NULL,NULL
2761,1000,100591,แก้วิงเวียนศรีษะ,เช้า-กลางวัน-เย็น,รับประทานครั้งละ 1 เม็ด,หลังอาหาร,NULL,ยานี้ทำให้ง่วงนอน
2762,1000,100592,แก้เมารถ เมาเรือ,NULL,รับประทานครั้งละ 1 เม็ด,NULL,NULL,ก่อนเดินทาง 30 นาที
2763,1000,100593,แก้ปวดปลายประสาท,ก่อนนอน,รับประทานครั้งละ 1 เม็ด,NULL,NULL,ยานี้ทำให้ง่วงนอน
2764,1000,100594,แก้ปวดปลายประสาท,ก่อนนอน,รับประทานครั้งละ 1 เม็ด,NULL,NULL,ยานี้ทำให้ง่วงนอน
2765,1000,100595,นอนไม่หลับ คลายกังวล,NULL,รับประทานครั้งละ 1 เม็ด,NULL,NULL,ก่อนนอน ยานี้ทำให้ง่วงนอน
2766,1000,100596,นอนไม่หลับ คลายกังวล,NULL,รับประทานครั้งละ 1 เม็ด,NULL,NULL,ก่อนนอน 30 นาที
2767,1000,100597,แก้ปวดปลายประสาท,ก่อนนอน,รับประทานครั้งละ 1 เม็ด,NULL,NULL,ยานี้ทำให้ง่วงนอน
2768,1000,100598,แก้ปวดปลายประสาท,ก่อนนอน,รับประทานครั้งละ 1 เม็ด,NULL,NULL,ยานี้ทำให้ง่วงนอน
2769,1000,100599,แก้ปวดปลายประสาท,เช้า-กลางวัน-เย็น,รับประทานครั้งละ 1 เม็ด,หลังอาหาร,NULL,ยานี้ทำให้ง่วงนอน
2770,1000,100600,แก้ปวดปลายประสาท,เช้า-กลางวัน-เย็น,รับประทานครั้งละ 1 เม็ด,หลังอาหาร,NULL,ยานี้ทำให้ง่วงนอน
2771,1000,100601,นอนไม่หลับ คลายกังวล,NULL,รับประทานครั้งละ 1 เม็ด,NULL,NULL,ก่อนนอน 30 นาที
2772,1000,100602,นอนไม่หลับ คลายกังวล,NULL,รับประทานครั้งละ 1 เม็ด,NULL,NULL,ก่อนนอน 30 นาที
2773,1000,100603,รักษาโรคเบาหวาน,NULL,รับประทานตามแพทย์สั่ง  ,NULL,NULL,ห้ามปรับขนาดยาเอง โดยไม่มีคำสั่งแพทย์
2774,1000,100604,รักษาโรคเบาหวาน,NULL,รับประทานตามแพทย์สั่ง  ,NULL,NULL,ห้ามปรับขนาดยาเอง โดยไม่มีคำสั่งแพทย์
2775,1000,100605,รักษาโรคเบาหวาน,NULL,รับประทานตามแพทย์สั่ง  ,NULL,NULL,ห้ามปรับขนาดยาเอง โดยไม่มีคำสั่งแพทย์
2776,1000,100606,รักษาโรคเบาหวาน,NULL,รับประทานตามแพทย์สั่ง  ,NULL,NULL,ห้ามปรับขนาดยาเอง โดยไม่มีคำสั่งแพทย์
2777,1000,100607,รักษาโรคเบาหวาน,NULL,รับประทานตามแพทย์สั่ง  ,NULL,NULL,ห้ามปรับขนาดยาเอง โดยไม่มีคำสั่งแพทย์
2778,1000,100608,ขับปัสสาวะ,NULL,รับประทานตามแพทย์สั่ง  ,NULL,NULL,ห้ามปรับขนาดยาเอง โดยไม่มีคำสั่งแพทย์
2779,1000,100609,รักษาโรคเบาหวาน,NULL,รับประทานตามแพทย์สั่ง  ,NULL,NULL,ห้ามปรับขนาดยาเอง โดยไม่มีคำสั่งแพทย์
2780,1000,100610,รักษาโรคเบาหวาน,NULL,รับประทานตามแพทย์สั่ง  ,NULL,NULL,ห้ามปรับขนาดยาเอง โดยไม่มีคำสั่งแพทย์
2781,1000,100611,รักษาโรคเบาหวาน,NULL,รับประทานตามแพทย์สั่ง  ,NULL,NULL,ห้ามปรับขนาดยาเอง โดยไม่มีคำสั่งแพทย์
2782,1000,100612,รักษาโรคเบาหวาน,NULL,รับประทานตามแพทย์สั่ง  ,NULL,NULL,ห้ามปรับขนาดยาเอง โดยไม่มีคำสั่งแพทย์
2783,1000,100613,รักษาโรคเบาหวาน,NULL,รับประทานตามแพทย์สั่ง  ,NULL,NULL,ห้ามปรับขนาดยาเอง โดยไม่มีคำสั่งแพทย์
2784,1000,100614,รักษาไทรอยด์,NULL,รับประทานครั้งละ 1 เม็ด,หลังอาหาร,NULL,NULL
2785,1000,100615,รักษาไทรอยด์,NULL,รับประทานตามแพทย์สั่ง  ,NULL,NULL,ห้ามปรับขนาดยาเอง โดยไม่มีคำสั่งแพทย์
2786,1000,100616,รักษาโรคเก๊าท์,NULL,รับประทานตามแพทย์สั่ง  ,NULL,NULL,ห้ามปรับขนาดยาเอง โดยไม่มีคำสั่งแพทย์
2787,1000,100617,รักษาโรคเก๊าท์,NULL,รับประทานตามแพทย์สั่ง  ,NULL,NULL,ห้ามปรับขนาดยาเอง โดยไม่มีคำสั่งแพทย์
2788,1000,100618,รักษาโรคเก๊าท์,NULL,รับประทานตามแพทย์สั่ง  ,NULL,NULL,ห้ามปรับขนาดยาเอง โดยไม่มีคำสั่งแพทย์
2789,1000,100619,รักษาโรคเก๊าท์,วันละ 1 ครั้ง ช่วงเวลาเดียวกัน,รับประทานครั้งละ 1 เม็ด,หลังอาหาร,NULL,NULL
2790,1000,100620,รักษาโรคเก๊าท์,วันละ 1 ครั้ง ช่วงเวลาเดียวกัน,รับประทานครั้งละ 1 เม็ด,หลังอาหาร,NULL,ยามีฤทธิ์ระคายเคืองกระเพาะอาหาร
2791,1000,100621,รักษาต่อมลูกหมาก,NULL,รับประทานตามแพทย์สั่ง  ,NULL,NULL,ห้ามปรับขนาดยาเอง โดยไม่มีคำสั่งแพทย์
2792,1000,100622,รักษาต่อมลูกหมาก,NULL,รับประทานตามแพทย์สั่ง  ,NULL,NULL,ห้ามปรับขนาดยาเอง โดยไม่มีคำสั่งแพทย์
2793,1000,100623,ละลายและขับนิ่ว,เช้า-กลางวัน-เย็น,รับประทานครั้งละ 1-2 เม็ด,ก่อนอาหาร,NULL,NULL
2794,1000,100624,ป้องกันการทำลายตับ,เช้า-กลางวัน-เย็น,รับประทานครั้งละ 1 เม็ด,หลังอาหาร,NULL,ใช้ติดต่อกัน 4-6 สัปดาห์
2795,1000,100625,ลดความดันโลหิตสูง,NULL,รับประทานตามแพทย์สั่ง  ,NULL,NULL,ห้ามปรับขนาดยาเอง โดยไม่มีคำสั่งแพทย์
2796,1000,100626,ลดความดันโลหิตสูง,NULL,รับประทานตามแพทย์สั่ง  ,NULL,NULL,ห้ามปรับขนาดยาเอง โดยไม่มีคำสั่งแพทย์
2797,1000,100627,ลดความดันโลหิตสูง,NULL,รับประทานตามแพทย์สั่ง  ,NULL,NULL,ห้ามปรับขนาดยาเอง โดยไม่มีคำสั่งแพทย์
2798,1000,100628,ลดความดันโลหิตสูง,NULL,รับประทานตามแพทย์สั่ง  ,NULL,NULL,ห้ามปรับขนาดยาเอง โดยไม่มีคำสั่งแพทย์
2799,1000,100629,ลดความดันโลหิตสูง,NULL,รับประทานตามแพทย์สั่ง  ,NULL,NULL,ห้ามปรับขนาดยาเอง โดยไม่มีคำสั่งแพทย์
2800,1000,100630,ลดความดันโลหิตสูง,NULL,รับประทานตามแพทย์สั่ง  ,NULL,NULL,ห้ามปรับขนาดยาเอง โดยไม่มีคำสั่งแพทย์
2801,1000,100631,ลดความดันโลหิตสูง,NULL,รับประทานตามแพทย์สั่ง  ,NULL,NULL,ห้ามปรับขนาดยาเอง โดยไม่มีคำสั่งแพทย์
2802,1000,100632,โรคหัวใจ,NULL,รับประทานตามแพทย์สั่ง  ,NULL,NULL,ห้ามปรับขนาดยาเอง โดยไม่มีคำสั่งแพทย์
2803,1000,100633,โรคหัวใจ,NULL,รับประทานตามแพทย์สั่ง  ,NULL,NULL,ห้ามปรับขนาดยาเอง โดยไม่มีคำสั่งแพทย์
2804,1000,100634,โรคหัวใจ,NULL,รับประทานตามแพทย์สั่ง  ,NULL,NULL,ห้ามปรับขนาดยาเอง โดยไม่มีคำสั่งแพทย์
2805,1000,100635,โรคหัวใจ,NULL,รับประทานตามแพทย์สั่ง  ,NULL,NULL,ห้ามปรับขนาดยาเอง โดยไม่มีคำสั่งแพทย์
2806,1000,100636,โรคหัวใจ,NULL,รับประทานตามแพทย์สั่ง  ,NULL,NULL,ห้ามปรับขนาดยาเอง โดยไม่มีคำสั่งแพทย์
2807,1000,100637,ลดความดันโลหิตสูง,NULL,รับประทานตามแพทย์สั่ง  ,NULL,NULL,ห้ามปรับขนาดยาเอง โดยไม่มีคำสั่งแพทย์
2808,1000,100638,ลดความดันโลหิตสูง,NULL,รับประทานตามแพทย์สั่ง  ,NULL,NULL,ห้ามปรับขนาดยาเอง โดยไม่มีคำสั่งแพทย์
2809,1000,100639,ลดความดันโลหิตสูง,NULL,รับประทานตามแพทย์สั่ง  ,NULL,NULL,ห้ามปรับขนาดยาเอง โดยไม่มีคำสั่งแพทย์
2810,1000,100640,ลดความดันโลหิตสูง,NULL,รับประทานตามแพทย์สั่ง  ,NULL,NULL,ห้ามปรับขนาดยาเอง โดยไม่มีคำสั่งแพทย์
2811,1000,100641,ลดไขมันในเลือดสูง,NULL,รับประทานตามแพทย์สั่ง  ,NULL,NULL,ห้ามปรับขนาดยาเอง โดยไม่มีคำสั่งแพทย์
2812,1000,100642,ลดไขมันในเลือดสูง,NULL,รับประทานตามแพทย์สั่ง  ,NULL,NULL,ห้ามปรับขนาดยาเอง โดยไม่มีคำสั่งแพทย์
2813,1000,100643,ลดไขมันในเลือดสูง,NULL,รับประทานตามแพทย์สั่ง  ,NULL,NULL,ห้ามปรับขนาดยาเอง โดยไม่มีคำสั่งแพทย์
2814,1000,100644,ลดไขมันในเลือดสูง,NULL,รับประทานตามแพทย์สั่ง  ,NULL,NULL,ห้ามปรับขนาดยาเอง โดยไม่มีคำสั่งแพทย์
2815,1000,100645,ลดไขมันในเลือดสูง,NULL,รับประทานตามแพทย์สั่ง  ,NULL,NULL,ห้ามปรับขนาดยาเอง โดยไม่มีคำสั่งแพทย์
2816,1000,100646,ลดคลอเรสเตอรอล,NULL,รับประทานตามแพทย์สั่ง  ,NULL,NULL,ห้ามปรับขนาดยาเอง โดยไม่มีคำสั่งแพทย์
2817,1000,100647,ลดไขมันในเลือดสูง,NULL,รับประทานตามแพทย์สั่ง  ,NULL,NULL,ห้ามปรับขนาดยาเอง โดยไม่มีคำสั่งแพทย์
2818,1000,100648,ลดไขมันในเลือดสูง,NULL,รับประทานตามแพทย์สั่ง  ,NULL,NULL,ห้ามปรับขนาดยาเอง โดยไม่มีคำสั่งแพทย์
2819,1000,100649,ลดไขมันในเลือดสูง,NULL,รับประทานตามแพทย์สั่ง  ,NULL,NULL,ห้ามปรับขนาดยาเอง โดยไม่มีคำสั่งแพทย์
2820,1000,100650,ลดไตรกลีเซอไรด์,NULL,รับประทานตามแพทย์สั่ง  ,NULL,NULL,ห้ามปรับขนาดยาเอง โดยไม่มีคำสั่งแพทย์
2821,1000,100651,ลดไตรกลีเซอไรด์,NULL,รับประทานตามแพทย์สั่ง  ,NULL,NULL,ห้ามปรับขนาดยาเอง โดยไม่มีคำสั่งแพทย์
2822,1000,100652,ลดความดันโลหิตสูง,NULL,รับประทานตามแพทย์สั่ง  ,NULL,NULL,ห้ามปรับขนาดยาเอง โดยไม่มีคำสั่งแพทย์
2823,1000,100653,ลดความดันโลหิตสูง,NULL,รับประทานตามแพทย์สั่ง  ,NULL,NULL,ห้ามปรับขนาดยาเอง โดยไม่มีคำสั่งแพทย์
2824,1000,100654,ลดความดันโลหิตสูง,NULL,รับประทานตามแพทย์สั่ง  ,NULL,NULL,ห้ามปรับขนาดยาเอง โดยไม่มีคำสั่งแพทย์
2825,1000,100655,ลดความดันโลหิตสูง,NULL,รับประทานตามแพทย์สั่ง  ,NULL,NULL,ห้ามปรับขนาดยาเอง โดยไม่มีคำสั่งแพทย์
2826,1000,100656,ลดความดันโลหิตสูง,NULL,รับประทานตามแพทย์สั่ง  ,NULL,NULL,ห้ามปรับขนาดยาเอง โดยไม่มีคำสั่งแพทย์
2827,1000,100657,ลดความดันโลหิตสูง,NULL,รับประทานตามแพทย์สั่ง  ,NULL,NULL,ห้ามปรับขนาดยาเอง โดยไม่มีคำสั่งแพทย์
2828,1000,100658,ลดความดันโลหิตสูง,NULL,รับประทานตามแพทย์สั่ง  ,NULL,NULL,ห้ามปรับขนาดยาเอง โดยไม่มีคำสั่งแพทย์
2829,1000,100659,ลดความดันโลหิตสูง,NULL,รับประทานตามแพทย์สั่ง  ,NULL,NULL,ห้ามปรับขนาดยาเอง โดยไม่มีคำสั่งแพทย์
2830,1000,100660,ลดความดันโลหิตสูง,NULL,รับประทานตามแพทย์สั่ง  ,NULL,NULL,ห้ามปรับขนาดยาเอง โดยไม่มีคำสั่งแพทย์
2831,1000,100661,ลดความดันโลหิตสูง,NULL,รับประทานตามแพทย์สั่ง  ,NULL,NULL,ห้ามปรับขนาดยาเอง โดยไม่มีคำสั่งแพทย์
2832,1000,100662,ลดความดันโลหิตสูง,NULL,รับประทานตามแพทย์สั่ง  ,NULL,NULL,ห้ามปรับขนาดยาเอง โดยไม่มีคำสั่งแพทย์
2833,1000,100663,ลดความดันโลหิตสูง,NULL,รับประทานตามแพทย์สั่ง  ,NULL,NULL,ห้ามปรับขนาดยาเอง โดยไม่มีคำสั่งแพทย์
2834,1000,100664,ลดความดันโลหิตสูง,NULL,รับประทานตามแพทย์สั่ง  ,NULL,NULL,ห้ามปรับขนาดยาเอง โดยไม่มีคำสั่งแพทย์
2835,1000,100665,ลดความดันโลหิตสูง,NULL,รับประทานตามแพทย์สั่ง  ,NULL,NULL,ห้ามปรับขนาดยาเอง โดยไม่มีคำสั่งแพทย์
2836,1000,100666,ลดความดันโลหิตสูง,NULL,รับประทานตามแพทย์สั่ง  ,NULL,NULL,ห้ามปรับขนาดยาเอง โดยไม่มีคำสั่งแพทย์
2837,1000,100667,ลดความดันโลหิตสูง,NULL,รับประทานตามแพทย์สั่ง  ,NULL,NULL,ห้ามปรับขนาดยาเอง โดยไม่มีคำสั่งแพทย์
2838,1000,100668,ลดความดันโลหิตสูง,NULL,รับประทานตามแพทย์สั่ง  ,NULL,NULL,ห้ามปรับขนาดยาเอง โดยไม่มีคำสั่งแพทย์
2839,1000,100669,ลดความดันโลหิตสูง,NULL,รับประทานตามแพทย์สั่ง  ,NULL,NULL,ห้ามปรับขนาดยาเอง โดยไม่มีคำสั่งแพทย์
2840,1000,100670,ลดความดันโลหิตสูง,NULL,รับประทานตามแพทย์สั่ง  ,NULL,NULL,ห้ามปรับขนาดยาเอง โดยไม่มีคำสั่งแพทย์
2841,1000,100671,ลดความดันโลหิตสูง,NULL,รับประทานตามแพทย์สั่ง  ,NULL,NULL,ห้ามปรับขนาดยาเอง โดยไม่มีคำสั่งแพทย์
2842,1000,100676,เลื่อนประจำเดือน,NULL,รับประทานครั้งละ ............. เม็ด,NULL,NULL,NULL
2843,1000,100677,เลื่อนประจำเดือน,NULL,รับประทานครั้งละ ............. เม็ด,NULL,NULL,NULL
2844,1000,100678,ปรับฮอร์โมน,NULL,รับประทานตามแพทย์สั่ง  ,NULL,NULL,ห้ามปรับขนาดยาเอง โดยไม่มีคำสั่งแพทย์
2845,1000,100680,ปรับฮอร์โมน,NULL,รับประทานตามแพทย์สั่ง  ,NULL,NULL,NULL
2846,1000,100684,ฆ่าเชื้อแบคทีเรีย,เช้า-เย็น,ทาวันละ 2 ครั้ง,NULL,NULL,NULL
2847,1000,100685,รักษาแผลในปาก,เช้า-กลางวัน-เย็น,ทาวันละ 3 ครั้ง,หลังอาหาร,NULL,NULL
2848,1000,100686,รักษาแผลในปาก,เช้า-เย็น,ทาวันละ 2 ครั้ง,หลังอาหาร,NULL,NULL
2849,1000,100687,รักษาแผลในปาก,เช้า-เย็น,รับประทานครั้งละ 1 เม็ด,หลังอาหาร,NULL,NULL
2850,1000,100688,รักษาแผลในปาก,เช้า-เย็น,ทาวันละ 2 ครั้ง,หลังอาหาร,NULL,NULL
2851,1000,100689,รักษาแผลในปาก,เช้า-เย็น,ทาวันละ 2 ครั้ง,หลังอาหาร,NULL,NULL
2852,1000,100690,รักษาแผลในปาก,เช้า-เย็น,ทาวันละ 2 ครั้ง,หลังอาหาร,NULL,NULL
2853,1000,100691,รักษาแผลในปาก,เช้า-เย็น,ทาวันละ 2 ครั้ง,หลังอาหาร,NULL,NULL
2854,1000,100693,ฆ่าเชื้อแบคทีเรีย,เช้า-เย็น,ทาวันละ 2 ครั้ง,NULL,NULL,ติดต่อกัน 10 วัน
2855,1000,100694,ฆ่าเชื้อที่ผิวหนัง,เช้า-เย็น,ทาวันละ 2 ครั้ง,NULL,NULL,NULL
2856,1000,100695,แก้แพ้ผื่นคัน,เช้า-กลางวัน-เย็น,ทาวันละ 3 ครั้ง,NULL,NULL,NULL
2857,1000,100696,แก้แพ้ผื่นคัน,เช้า-กลางวัน-เย็น,ทาวันละ 3 ครั้ง,NULL,NULL,NULL
2858,1000,100697,บรรเทาอาการอ่อนเพลีย,ทุกครั้งที่มีอาการ,รับประทานครั้งละ 2 ช้อนโต๊ะ,NULL,NULL,ละลายในน้ำ 200 มล.
2859,1000,100698,รักษาอาการคันจากเชื้อรา,เช้า-เย็น,ทาวันละ 2 ครั้ง,NULL,NULL,NULL
2860,1000,100699,ปรับสมดุลช่องคลอด,NULL,หยอดครั้งละ 1 แท่ง,NULL,NULL,ก่อนนอน
2861,1000,100700,ยาคุมกำเนิด,วันละ 1 ครั้ง ช่วงเวลาเดียวกัน,รับประทานครั้งละ 1 เม็ด,NULL,NULL,NULL
2862,1000,100701,ยาคุมกำเนิด,วันละ 1 ครั้ง ช่วงเวลาเดียวกัน,รับประทานครั้งละ 1 เม็ด,NULL,NULL,NULL
2863,1000,100702,ยาคุมกำเนิด,วันละ 1 ครั้ง ช่วงเวลาเดียวกัน,รับประทานครั้งละ 1 เม็ด,NULL,NULL,NULL
2864,1000,100703,ยาคุมกำเนิด,วันละ 1 ครั้ง ช่วงเวลาเดียวกัน,รับประทานครั้งละ 1 เม็ด,NULL,NULL,NULL
2865,1000,100704,ยาคุมกำเนิด,วันละ 1 ครั้ง ช่วงเวลาเดียวกัน,รับประทานครั้งละ 1 เม็ด,NULL,NULL,NULL
2866,1000,100705,ยาคุมกำเนิด,วันละ 1 ครั้ง ช่วงเวลาเดียวกัน,รับประทานครั้งละ 1 เม็ด,NULL,NULL,NULL
2867,1000,100706,ยาคุมกำเนิด,วันละ 1 ครั้ง ช่วงเวลาเดียวกัน,รับประทานครั้งละ 1 เม็ด,NULL,NULL,NULL
2868,1000,100707,ยาคุมกำเนิด,วันละ 1 ครั้ง ช่วงเวลาเดียวกัน,รับประทานครั้งละ 1 เม็ด,NULL,NULL,NULL
2869,1000,100708,ยาคุมกำเนิด,วันละ 1 ครั้ง ช่วงเวลาเดียวกัน,รับประทานครั้งละ 1 เม็ด,NULL,NULL,NULL
2870,1000,100709,ยาคุมกำเนิด,วันละ 1 ครั้ง ช่วงเวลาเดียวกัน,รับประทานครั้งละ 1 เม็ด,NULL,NULL,NULL
2871,1000,100710,ยาคุมกำเนิด,วันละ 1 ครั้ง ช่วงเวลาเดียวกัน,รับประทานครั้งละ 1 เม็ด,NULL,NULL,NULL
2872,1000,100711,ยาคุมกำเนิด,วันละ 1 ครั้ง ช่วงเวลาเดียวกัน,รับประทานครั้งละ 1 เม็ด,NULL,NULL,NULL
2873,1000,100712,ยาคุมกำเนิด,วันละ 1 ครั้ง ช่วงเวลาเดียวกัน,รับประทานครั้งละ 1 เม็ด,NULL,NULL,NULL
2874,1000,100713,ยาคุมกำเนิด,วันละ 1 ครั้ง ช่วงเวลาเดียวกัน,รับประทานครั้งละ 1 เม็ด,NULL,NULL,NULL
2875,1000,100714,ยาคุมกำเนิด,วันละ 1 ครั้ง ช่วงเวลาเดียวกัน,รับประทานครั้งละ 1 เม็ด,NULL,NULL,NULL
2876,1000,100715,ยาคุมกำเนิด,วันละ 1 ครั้ง ช่วงเวลาเดียวกัน,รับประทานครั้งละ 1 เม็ด,NULL,NULL,NULL
2877,1000,100716,ยาคุมกำเนิด,วันละ 1 ครั้ง ช่วงเวลาเดียวกัน,รับประทานครั้งละ 1 เม็ด,NULL,NULL,NULL
2878,1000,100717,ยาคุมกำเนิด,วันละ 1 ครั้ง ช่วงเวลาเดียวกัน,รับประทานครั้งละ 1 เม็ด,NULL,NULL,NULL
2879,1000,100718,ยาคุมกำเนิด,วันละ 1 ครั้ง ช่วงเวลาเดียวกัน,รับประทานครั้งละ 1 เม็ด,NULL,NULL,NULL
2880,1000,100719,ยาคุมกำเนิด,วันละ 1 ครั้ง ช่วงเวลาเดียวกัน,รับประทานครั้งละ 1 เม็ด,NULL,NULL,NULL
2881,1000,100720,ยาคุมกำเนิด,วันละ 1 ครั้ง ช่วงเวลาเดียวกัน,รับประทานครั้งละ 1 เม็ด,NULL,NULL,NULL
2882,1000,100721,ยาคุมกำเนิด,วันละ 1 ครั้ง ช่วงเวลาเดียวกัน,รับประทานครั้งละ 1 เม็ด,NULL,NULL,NULL
2883,1000,100722,ยาคุมกำเนิด,วันละ 1 ครั้ง ช่วงเวลาเดียวกัน,รับประทานครั้งละ 1 เม็ด,NULL,NULL,NULL
2884,1000,100723,ยาคุมกำเนิด,วันละ 1 ครั้ง ช่วงเวลาเดียวกัน,รับประทานครั้งละ 1 เม็ด,NULL,NULL,NULL
2885,1000,100724,ยาคุมกำเนิด,วันละ 1 ครั้ง ช่วงเวลาเดียวกัน,รับประทานครั้งละ 1 เม็ด,NULL,NULL,NULL
2886,1000,100725,ยาคุมฉุกเฉิน,NULL,รับประทานครั้งละ 1 เม็ด,NULL,NULL,ครั้งเดียว หลังมีเพศสัมพันธ์ไม่เกิน 3 วัน
2887,1000,100726,ยาคุมกำเนิด,วันละ 1 ครั้ง ช่วงเวลาเดียวกัน,รับประทานครั้งละ 1 เม็ด,NULL,NULL,NULL
2888,1000,100727,ยาคุมฉุกเฉิน,NULL,รับประทานครั้งละ 1 เม็ด,NULL,NULL,ครั้งเดียว หลังมีเพศสัมพันธ์ไม่เกิน 3 วัน
2889,1000,100728,ยาคุมกำเนิด,วันละ 1 ครั้ง ช่วงเวลาเดียวกัน,เหน็บครั้งละ 1 แท่ง,NULL,NULL,เหน็บเข้าช่องคลอด เช้า-ก่อนนอน
2890,1000,100729,ยาคุมกำเนิด,วันละ 1 ครั้ง ช่วงเวลาเดียวกัน,รับประทานครั้งละ 1 เม็ด,NULL,NULL,NULL
2891,1000,100730,ยาคุมกำเนิด,วันละ 1 ครั้ง ช่วงเวลาเดียวกัน,รับประทานครั้งละ 1 เม็ด,NULL,NULL,NULL
2892,1000,100731,ยาคุมกำเนิด,วันละ 1 ครั้ง ช่วงเวลาเดียวกัน,รับประทานครั้งละ 1 เม็ด,NULL,NULL,NULL
2893,1000,100732,ยาคุมกำเนิด,วันละ 1 ครั้ง ช่วงเวลาเดียวกัน,รับประทานครั้งละ 1 เม็ด,NULL,NULL,NULL
2894,1000,100733,ยาคุมกำเนิด,วันละ 1 ครั้ง ช่วงเวลาเดียวกัน,รับประทานครั้งละ 1 เม็ด,NULL,NULL,NULL
2895,1000,100734,ยาคุมกำเนิด,วันละ 1 ครั้ง ช่วงเวลาเดียวกัน,รับประทานครั้งละ 1 เม็ด,NULL,NULL,NULL
2896,1000,100735,ยาคุมกำเนิด,วันละ 1 ครั้ง ช่วงเวลาเดียวกัน,รับประทานครั้งละ 1 เม็ด,NULL,NULL,NULL
2897,1000,100736,ยาคุมกำเนิด,วันละ 1 ครั้ง ช่วงเวลาเดียวกัน,รับประทานครั้งละ 1 เม็ด,NULL,NULL,NULL
2898,1000,100737,ยาคุมกำเนิด,วันละ 1 ครั้ง ช่วงเวลาเดียวกัน,รับประทานครั้งละ 1 เม็ด,NULL,NULL,NULL
2899,1000,100738,ยาคุมกำเนิด,วันละ 1 ครั้ง ช่วงเวลาเดียวกัน,รับประทานครั้งละ 1 เม็ด,NULL,NULL,NULL
2900,1000,100739,ยาคุมกำเนิด,วันละ 1 ครั้ง ช่วงเวลาเดียวกัน,รับประทานครั้งละ 1 เม็ด,NULL,NULL,NULL
2901,1000,100740,ยาคุมกำเนิด,วันละ 1 ครั้ง ช่วงเวลาเดียวกัน,รับประทานครั้งละ 1 เม็ด,NULL,NULL,NULL
2902,1000,100741,ยาคุมกำเนิด,วันละ 1 ครั้ง ช่วงเวลาเดียวกัน,รับประทานครั้งละ 1 เม็ด,NULL,NULL,NULL
2903,1000,100742,ยาคุมกำเนิด,วันละ 1 ครั้ง ช่วงเวลาเดียวกัน,รับประทานครั้งละ 1 เม็ด,NULL,NULL,NULL
2904,1000,100743,ยาคุมกำเนิด,วันละ 1 ครั้ง ช่วงเวลาเดียวกัน,รับประทานครั้งละ 1 เม็ด,NULL,NULL,NULL
2905,1000,100744,ยาคุมกำเนิด,วันละ 1 ครั้ง ช่วงเวลาเดียวกัน,รับประทานครั้งละ 1 เม็ด,NULL,NULL,NULL
2906,1000,100745,ยาคุมกำเนิด,วันละ 1 ครั้ง ช่วงเวลาเดียวกัน,รับประทานครั้งละ 1 เม็ด,NULL,NULL,NULL
2907,1000,100746,ยาคุมกำเนิด,วันละ 1 ครั้ง ช่วงเวลาเดียวกัน,รับประทานครั้งละ 1 เม็ด,NULL,NULL,NULL
2908,1000,100747,รักษาช่องคลอดติดเชื้อ,NULL,เหน็บครั้งละ 1 แท่ง,NULL,NULL,ก่อนนอน
2909,1000,100748,รักษาช่องคลอดติดเชื้อ,NULL,เหน็บครั้งละ 1 แท่ง,NULL,NULL,ก่อนนอน
2910,1000,100749,รักษาช่องคลอดติดเชื้อ,NULL,เหน็บครั้งละ 1 แท่ง,NULL,NULL,ก่อนนอน
2911,1000,100750,กำจัดเหา,เช้า-เย็น,ทาวันละ 2 ครั้ง,NULL,NULL,ขยี้ลงศีรษะ ทิ้ง 5 นาที ใช้ติดต่อกัน 10 วัน
2912,1000,100751,บำรุงสายตา,NULL,รับประทานครั้งละ 1 เม็ด,พร้อมอาหาร,NULL,ตอนเช้า
2913,1000,100752,ลดคลอเรสเตอรอล,NULL,รับประทานครั้งละ 1 เม็ด,พร้อมอาหาร,NULL,ตอนเช้า
2914,1000,100753,รักษาสิว,NULL,รับประทานครั้งละ 1 เม็ด,พร้อมอาหาร,NULL,ตอนเช้า
2915,1000,100754,ช่วยเสริมการทำงานของสมอง,NULL,รับประทานครั้งละ 1 เม็ด,พร้อมอาหาร,NULL,ตอนเช้า
2916,1000,100755,รักษาผมร่วง,NULL,รับประทานครั้งละ 1 เม็ด,พร้อมอาหาร,NULL,ตอนเช้า
2917,1000,100756,บำรุงผิวพรรณ,NULL,รับประทานครั้งละ 1 เม็ด,พร้อมอาหาร,NULL,วันละ1ครั้ง
2918,1000,100757,เสริมสมรรถภาพทางเพศ ,NULL,รับประทานครั้งละ 1 เม็ด,พร้อมอาหาร,เก็บในอุณหภูมิห้อง,ตอนเช้า
2919,1000,100758,บำรุงผม ผิว เล็บ ชะลอริ้วรอย ลดคลอเรสเตอรอล,NULL,รับประทานครั้งละ 1 เม็ด,พร้อมอาหาร,เก็บในอุณหภูมิห้อง,ตอนเช้า
2920,1000,100759,ช่วยการเผาผลาญพลังงานให้ดียิ่งขึ้น,NULL,รับประทานครั้งละ 1 เม็ด,พร้อมอาหาร,เก็บในอุณหภูมิห้อง,ตอนเช้า
2921,1000,100760,ช่วยบำรุงสมอง และความจำ,NULL,รับประทานครั้งละ 1 เม็ด,พร้อมอาหาร,NULL,ตอนเช้า
2922,1000,100761,ลดคลอเรสเตอรอล ลดไขมันอุดตัน บำรุงตับ,NULL,รับประทานครั้งละ 1 เม็ด,พร้อมอาหาร,NULL,ตอนเช้า
2923,1000,100762,ลดอาการก่อนมีประจำเดือน ช่วยปัญหาวัยทอง,NULL,รับประทานครั้งละ 1 เม็ด,พร้อมอาหาร,NULL,ตอนเช้า
2924,1000,100763,ช่วยดูแลสุขภาพ ช่องคลอด,NULL,รับประทานครั้งละ 1 เม็ด,พร้อมอาหาร,NULL,ตอนเช้า
2925,1000,100764,ช่วยควบคุมระดับ คลอเรสเตอรอล,NULL,รับประทานครั้งละ 1 เม็ด,พร้อมอาหาร,NULL,ตอนเช้า
2926,1000,100765,บำรุงร่างกาย ,เช้า-กลางวัน-เย็น,รับประทานครั้งละ 2 เม็ด,หลังอาหาร,NULL,NULL
2927,1000,100766,ช่วยให้นอนหลับ,NULL,รับประทานครั้งละ 1-2 เม็ด,NULL,NULL,ก่อนนอน
2928,1000,100767,เพิ่มกากใย ช่วยให้ระบาย,NULL,รับประทานครั้งละ 1 ซอง,NULL,NULL,ละลายน้ำธรรมดา
2929,1000,100768,ลดคลอเรสเตอรอล,NULL,รับประทานครั้งละ 1 เม็ด,พร้อมอาหาร,NULL,ตอนเช้า
2930,1000,100769,ช่วยให้นอนหลับ,เช้า-กลางวัน-เย็น,รับประทานครั้งละ 1 เม็ด,หลังอาหาร,NULL,NULL
2931,1000,100770,บำรุงร่างกาย ,เช้า-เย็น,รับประทานครั้งละ 1 เม็ด,หลังอาหาร,NULL,NULL
2932,1000,100771,ช่วยบำรุงสมอง และความจำ,NULL,รับประทานครั้งละ 1 เม็ด,พร้อมอาหาร,NULL,ตอนเช้า
2933,1000,100772,บำรุงผม เล็บ ช่วยผลิตสเปริ์มให้แข็งแรง,NULL,รับประทานครั้งละ 1 เม็ด,พร้อมอาหาร,NULL,ตอนเช้า
2934,1000,100773,บรรเทาอาการ เหน็บชา,NULL,รับประทานครั้งละ 1 เม็ด,พร้อมอาหาร,NULL,ตอนเช้า
2935,1000,100774,บำรุงผิวพรรณ,NULL,รับประทานครั้งละ 1 เม็ด,พร้อมอาหาร,NULL,ตอนเช้า
2936,1000,100775,ป้องกันหวัด บำรุงผิวใส,NULL,รับประทานครั้งละ 1 เม็ด,พร้อมอาหาร,NULL,ตอนเช้า
2937,1000,100776,ชะลอ และป้องกันการเกิดริ้วรอยแห่งวัย,NULL,รับประทานครั้งละ 1 เม็ด,พร้อมอาหาร,NULL,ตอนเช้า
2938,1000,100777,เสริมภูมิคุ้มกัน บำรุงผิวพรรณ,NULL,รับประทานครั้งละ 1 เม็ด,พร้อมอาหาร,NULL,ตอนเช้า
2939,1000,100778,ชะลอ และป้องกันการเกิดริ้วรอยแห่งวัย,NULL,รับประทานครั้งละ 1 เม็ด,พร้อมอาหาร,NULL,ตอนเช้า
2940,1000,100779,ชะลอ และป้องกันการเกิดริ้วรอยแห่งวัย,NULL,รับประทานครั้งละ 1 เม็ด,พร้อมอาหาร,NULL,ตอนเช้า
2941,1000,100780,แก้ปวดไมเกรน,NULL,รับประทานครั้งละ 1 เม็ด,พร้อมอาหาร,NULL,ตอนเช้า
2942,1000,100781,บำรุงผิวพรรณ,NULL,รับประทานครั้งละ 1 เม็ด,พร้อมอาหาร,NULL,ตอนเช้า
2943,1000,100782,บำรุงผิวพรรณ,NULL,รับประทานครั้งละ 1 เม็ด,พร้อมอาหาร,NULL,ตอนเช้า
2944,1000,100783,ช่วยบำรุงสมอง และความจำ,เช้า-กลางวัน-เย็น,รับประทานครั้งละ 1 เม็ด,พร้อมอาหาร,NULL,NULL
2945,1000,100784,ช่วยบำรุงสมอง และความจำ,NULL,รับประทานครั้งละ 1 เม็ด,พร้อมอาหาร,NULL,ตอนเช้า
2946,1000,100785,บำรุงสตรีมีครรภ์ ก่อนและหลังคลอด,NULL,รับประทานครั้งละ 1 เม็ด,หลังอาหาร,NULL,ตอนเช้า
2947,1000,100786,ช่วยบำรุงสมอง และความจำ,NULL,รับประทานครั้งละ 1 เม็ด,พร้อมอาหาร,NULL,ตอนเช้า
2948,1000,100787,ทาผิว และ บำรุงผม ,เช้า-เย็น,รับประทานครั้งละ 1-2 ช้อนโต๊ะ,ก่อนอาหาร,NULL,สามารถ รับประทานได้
2949,1000,100788,ทาผิว และ บำรุงผม ,เช้า-เย็น,รับประทานครั้งละ 1-2 ช้อนโต๊ะ,ก่อนอาหาร,NULL,สามารถ รับประทานได้
2950,1000,100789,โปรตีนจากไข่ขาว,เช้า-กลางวัน-เย็น,รับประทานครั้งละ 1-2 เม็ด,หลังอาหาร,NULL,NULL
2951,1000,100790,โปรตีนจากถั่วเหลือง,เช้า-เย็น,รับประทานครั้งละ 2 เม็ด,หลังอาหาร,NULL,NULL
2952,1000,100791,โปรตีนจากไข่ขาว,NULL,รับประทานครั้งละ 2 เม็ด,หลังอาหาร,NULL,ตอนเช้า
2953,1000,100792,โปรตีนจากไข่ขาว,NULL,รับประทานครั้งละ 2 เม็ด,หลังอาหาร,NULL,ตอนเช้า
2954,1000,100793,บำรุงร่างกาย ,เช้า-เย็น,รับประทานครั้งละ 1 เม็ด,หลังอาหาร,NULL,NULL
2955,1000,100794,เสริมภูมิคุ้มกัน บำรุงผิวพรรณ,NULL,รับประทานครั้งละ 1 เม็ด,หลังอาหาร,NULL,ตอนเช้า
2956,1000,100795,เสริมภูมิคุ้มกัน บำรุงผิวพรรณ,NULL,รับประทานครั้งละ 1 เม็ด,หลังอาหาร,NULL,ตอนเช้า
2957,1000,100796,เสริมภูมิคุ้มกัน บำรุงผิวพรรณ,NULL,รับประทานครั้งละ 1 เม็ด,หลังอาหาร,NULL,ตอนเช้า
2958,1000,100797,เสริมภูมิคุ้มกัน บำรุงผิวพรรณ,เช้า-เย็น,รับประทานครั้งละ 1 เม็ด,หลังอาหาร,NULL,NULL
2959,1000,100798,เสริมภูมิคุ้มกัน บำรุงผิวพรรณ,NULL,รับประทานครั้งละ 1 เม็ด,หลังอาหาร,NULL,ตอนเช้า
2960,1000,100799,เสริมภูมิคุ้มกัน บำรุงผิวพรรณ,NULL,รับประทานครั้งละ 1 เม็ด,หลังอาหาร,NULL,ตอนเช้า
2961,1000,100800,บรรเทาอาการ เหน็บชา,NULL,รับประทานครั้งละ 1 เม็ด,หลังอาหาร,NULL,ตอนเช้า
2962,1000,100801,บำรุงประสาท และ สมอง,NULL,รับประทานครั้งละ 1 เม็ด,หลังอาหาร,NULL,ตอนเช้า
2963,1000,100802,บำรุงสตรีมีครรภ์ ก่อนและหลังคลอด,NULL,รับประทานครั้งละ 1 เม็ด,พร้อมอาหาร,NULL,ตอนเช้า
2964,1000,100803,เสริมภูมิคุ้มกัน บำรุงผิวพรรณ,NULL,รับประทานครั้งละ 1 เม็ด,พร้อมอาหาร,NULL,ตอนเช้า
2965,1000,100804,เสริมภูมิคุ้มกัน บำรุงผิวพรรณ,เช้า-เย็น,รับประทานครั้งละ 1 เม็ด,พร้อมอาหาร,NULL,ตอนเช้า
2966,1000,100805,ลดคลอเรสเตอรอล ลดไขมันอุดตัน บำรุงตับ,NULL,รับประทานครั้งละ 1 เม็ด,พร้อมอาหาร,NULL,NULL
2967,1000,100806,บำรุงฮอร์โมนเพศหญิง ลดอาการปวดประจำเดือน,NULL,รับประทานครั้งละ 1 เม็ด,พร้อมอาหาร,NULL,ตอนเช้า
2968,1000,100807,แก้ปวดไมเกรน,NULL,รับประทานครั้งละ 1 เม็ด,หลังอาหาร,NULL,ตอนเช้า
2969,1000,100808,บรรเทาอาการ เหน็บชา,NULL,รับประทานครั้งละ 1 เม็ด,พร้อมอาหาร,NULL,ตอนเช้า
2970,1000,100809,บรรเทาอาการ เหน็บชา,NULL,รับประทานครั้งละ 1 เม็ด,พร้อมอาหาร,NULL,ตอนเช้า
2971,1000,100810,รักษาผมร่วง,NULL,รับประทานครั้งละ 1 เม็ด,หลังอาหาร,NULL,ตอนเช้า
2972,1000,100811,เสริมภูมิคุ้มกัน บำรุงผิวพรรณ,NULL,รับประทานครั้งละ 1 เม็ด,หลังอาหาร,NULL,ตอนเช้า
2973,1000,100812,ลดไขมันในเลือดสูง,NULL,รับประทานครั้งละ 1-2 เม็ด,หลังอาหาร,NULL,ตอนเช้า
2974,1000,100813,เสริมภูมิคุ้มกัน บำรุงผิวพรรณ,NULL,รับประทานครั้งละ 1 เม็ด,พร้อมอาหาร,NULL,ตอนเช้า
2975,1000,100814,เสริมสร้างกล้ามเนื้อในร่างกาย,NULL,รับประทานครั้งละ 1 ซอง,NULL,NULL,น้ำปริมาณ 150 มล.
2976,1000,100815,โรคข้อเข่าเสื่อม อาการปวดเข่า,NULL,รับประทานครั้งละ 1 ซอง,NULL,NULL,น้ำปริมาณ 180 มล. /วันละ1ครั้ง
2977,1000,100816,ชะลอ และป้องกันการเกิดริ้วรอยแห่งวัย,NULL,รับประทานครั้งละ 1 ซอง,NULL,NULL,น้ำปริมาณ 180 มล. /วันละ1ครั้ง
2978,1000,100817,ชะลอ และป้องกันการเกิดริ้วรอยแห่งวัย,NULL,รับประทานครั้งละ 1 ซอง,NULL,NULL,น้ำปริมาณ 180 มล. /วันละ1ครั้ง
2979,1000,100818,รักษาตาติดเชื้อ,เช้า-กลางวัน-เย็น-ก่อนนอน,หยอดครั้งละ 1-2 หยด,NULL,NULL,เปิดใช้แล้วมีอายุ 1 เดือน
2980,1000,100819,รักษาตาติดเชื้อ,เช้า-กลางวัน-เย็น-ก่อนนอน,ทาวันละ 4 ครั้ง,NULL,NULL,เปิดใช้แล้วมีอายุ 1 เดือน
2981,1000,100820,รักษาตาติดเชื้อ,เช้า-กลางวัน-เย็น-ก่อนนอน,หยอดครั้งละ 1-2 หยด,NULL,NULL,เปิดใช้แล้วมีอายุ 1 เดือน
2982,1000,100827,ลดกรด ลดอาการจุกเสียด แน่นท้อง ปวดท้อง,เช้า-กลางวัน-เย็น-ก่อนนอน,รับประทานครั้งละ 1 เม็ด,ก่อนอาหาร,NULL,เคียวก่อนกลืน
2983,1000,100878,ลดกรด ขับลม ,เช้า-กลางวัน-เย็น-ก่อนนอน,รับประทานครั้งละ 1-2 ช้อนโต๊ะ,หลังอาหาร,เก็บในอุณหภูมิห้อง,เขย่าขวดก่อนรับประทาน
2984,1000,101097,ลดบวม ฟกช้ำ,เช้า-กลางวัน-เย็น,ทาวันละ 3 ครั้ง,NULL,เก็บในอุณหภูมิห้อง,NULL
2985,1000,101098,ลดบวม ฟกช้ำ,เช้า-กลางวัน-เย็น,ทาวันละ 3 ครั้ง,NULL,เก็บในอุณหภูมิห้อง,NULL
2986,1000,101129,แก้แพ้ผื่นคัน,เช้า-กลางวัน-เย็น,ทาวันละ 3 ครั้ง,NULL,เก็บในอุณหภูมิห้อง,NULL
2987,1000,101229,NULL,เช้า-เย็น,รับประทานครั้งละ 4 เม็ด,ก่อนอาหาร,NULL,ดื่มน้ำตามมากๆ
2988,1000,101275,วิตามิน อาหารเสริม,เช้า-เย็น,รับประทานครั้งละ ............. เม็ด,NULL,NULL,"อายุ 1-3 ปี ทานได้ไม่เกิน 400 mg.ต่อวัน
อายุ 4-8 ปี ทานได้ไม่เกิน 650 mg. ต่อวัน
อายุ 9-13 ปี ทานได้ไม่เกิน 1,200 mg.ต่อวัน
อายุ 14-18 ปี ทานได้ไม่เกิน 1,800 mg.ต่อวัน

ผู้ใหญ่อายุมากกว่า 18 ขึ้นไป ทานได้ไม่เกิน 2,000 มิลลิกรัม ต่อวัน"
2989,1000,101277,วิตามิน อาหารเสริม,เช้า-เย็น,รับประทานครั้งละ ............. เม็ด,NULL,NULL,"อายุ 1-3 ปี ทานได้ไม่เกิน 400 mg.ต่อวัน
อายุ 4-8 ปี ทานได้ไม่เกิน 650 mg. ต่อวัน
อายุ 9-13 ปี ทานได้ไม่เกิน 1,200 mg.ต่อวัน
อายุ 14-18 ปี ทานได้ไม่เกิน 1,800 mg.ต่อวัน

ผู้ใหญ่อายุมากกว่า 18 ขึ้นไป ทานได้ไม่เกิน 2,000 มิลลิกรัม ต่อวัน"
2990,1000,101278,วิตามิน อาหารเสริม,เช้า-เย็น,รับประทานครั้งละ ............. เม็ด,NULL,NULL,"อายุ 1-3 ปี ทานได้ไม่เกิน 400 mg.ต่อวัน
อายุ 4-8 ปี ทานได้ไม่เกิน 650 mg. ต่อวัน
อายุ 9-13 ปี ทานได้ไม่เกิน 1,200 mg.ต่อวัน
อายุ 14-18 ปี ทานได้ไม่เกิน 1,800 mg.ต่อวัน

ผู้ใหญ่อายุมากกว่า 18 ขึ้นไป ทานได้ไม่เกิน 2,000 มิลลิกรัม ต่อวัน"
2991,1000,101279,วิตามิน อาหารเสริม,เช้า-เย็น,รับประทานครั้งละ ............. เม็ด,NULL,NULL,"อายุ 1-3 ปี ทานได้ไม่เกิน 400 mg.ต่อวัน
อายุ 4-8 ปี ทานได้ไม่เกิน 650 mg. ต่อวัน
อายุ 9-13 ปี ทานได้ไม่เกิน 1,200 mg.ต่อวัน
อายุ 14-18 ปี ทานได้ไม่เกิน 1,800 mg.ต่อวัน

ผู้ใหญ่อายุมากกว่า 18 ขึ้นไป ทานได้ไม่เกิน 2,000 มิลลิกรัม ต่อวัน"
2992,1000,101348,ฆ่าเชื้อแบคทีเรีย,เช้า-เย็น,ทาวันละ 2 ครั้ง,NULL,NULL,ทาจนกว่าจะหาย
2993,1000,101431,สคับฆ่าเชื้อผิวหนัง,เช้า-เย็น,ทาวันละ 2 ครั้ง,NULL,NULL,ยาทาภายนอก
2994,1000,101681,ลดไข้ บรรเทาอาการปวด,เช้า-เย็น,รับประทานครั้งละ 3 เม็ด,NULL,NULL,NULL
2995,1000,101745,ลดไข้ บรรเทาอาการปวด,ทุก 4 ชั่วโมง,รับประทานครั้งละ ......... ช้อนชา,NULL,เก็บในอุณหภูมิห้อง,NULL
2996,1000,101746,ลดไข้ บรรเทาอาการปวด,เช้า-กลางวัน-เย็น,รับประทานครั้งละ ......... ช้อนชา,หลังอาหาร,เก็บในอุณหภูมิห้อง,NULL
2997,1000,101747,แก้ไอ ละลายเสมหะ,เช้า-กลางวัน-เย็น,รับประทานครั้งละ ......... ช้อนชา,หลังอาหาร,เก็บในอุณหภูมิห้อง,NULL
2998,1000,101748,แก้ไอ ละลายเสมหะ,เช้า-กลางวัน-เย็น,รับประทานครั้งละ ......... ช้อนชา,หลังอาหาร,เก็บในอุณหภูมิห้อง,NULL
2999,1000,101749,แก้ไอ ละลายเสมหะ,เช้า-กลางวัน-เย็น,รับประทานครั้งละ ......... ช้อนชา,หลังอาหาร,เก็บในอุณหภูมิห้อง,NULL
3000,1000,101750,แก้ไอ ละลายเสมหะ,เช้า-กลางวัน-เย็น,รับประทานครั้งละ ......... ช้อนชา,หลังอาหาร,เก็บในอุณหภูมิห้อง,NULL
3001,1000,101751,แก้ไอ ขับเสมหะ,เช้า-กลางวัน-เย็น,รับประทานครั้งละ ......... ช้อนชา,หลังอาหาร,เก็บในอุณหภูมิห้อง,NULL
3002,1000,101752,ลดน้ำมูก แพ้อากาศ,NULL,รับประทานครั้งละ ......... ช้อนชา,NULL,NULL,วันละ 1 ครั้ง
3003,1000,101753,บรรเทาอาการหวัด คัดจมูก,เช้า-กลางวัน-เย็น-ก่อนนอน,รับประทานครั้งละ ......... ช้อนชา,หลังอาหาร,NULL,ยานี้ทำให้ง่วงนอน
3004,1000,101754,บำรุงสายตา,NULL,รับประทานครั้งละ 1 เม็ด,หลังอาหาร,NULL,วันละ 1 ครั้ง หลังอาหารเช้า
3005,1000,101755,บรรเทาอาการ เหน็บชา,เช้า-กลางวัน-เย็น,รับประทานครั้งละ 1 เม็ด,หลังอาหาร,NULL,NULL
3006,1000,101756,เจริญอาหาร,เช้า-กลางวัน-เย็น-ก่อนนอน,รับประทานครั้งละ 1 เม็ด,ก่อนอาหาร,NULL,NULL
3007,1000,101757,บรรเทาอาการระคายเคืองตา,เช้า-กลางวัน-เย็น-ก่อนนอน,หยอดครั้งละ 1-2 หยด,NULL,NULL,เปิดใช้แล้วมีอายุ 1 เดือน
3008,1000,101758,บรรเทาอาการตาแห้ง,เช้า-กลางวัน-เย็น-ก่อนนอน,หยอดครั้งละ 1-2 หยด,NULL,NULL,เปิดใช้แล้วมีอายุ 1 เดือน
3009,1000,101759,บรรเทาอาการตาแห้ง,เช้า-กลางวัน-เย็น-ก่อนนอน,หยอดครั้งละ 1-2 หยด,NULL,NULL,เปิดใช้แล้วมีอายุ 1 เดือน
3010,1000,101760,บรรเทาอาการตาแห้ง,เช้า-กลางวัน-เย็น-ก่อนนอน,หยอดครั้งละ 1-2 หยด,NULL,NULL,เปิดใช้แล้วมีอายุ 1 เดือน
3011,1000,101761,บรรเทาอาการตาแห้ง,เช้า-กลางวัน-เย็น-ก่อนนอน,หยอดครั้งละ 1-2 หยด,NULL,NULL,เปิดใช้แล้วมีอายุ 1 เดือน
3012,1000,101762,รักษาผิวหนังอักเสบ นูนแข็ง,เช้า-เย็น,ทาวันละ 2 ครั้ง,NULL,NULL,NULL
3013,1000,101763,รักษาอาการคันจากเชื้อรา,เช้า-กลางวัน-เย็น,ทาวันละ 3 ครั้ง,NULL,NULL,NULL
3014,1000,101764,รักษาผิวหนังอักเสบและเชื้อแบคทีเรีย,เช้า-กลางวัน-เย็น,ทาวันละ 2-3 ครั้ง,NULL,NULL,NULL
3015,1000,101765,รักษาอาการคันจากเชื้อราและแบคทีเรีย,เช้า-เย็น,ทาวันละ 2 ครั้ง,NULL,NULL,NULL
3016,1000,101766,รักษาตาปลา / หูด,เช้า-เย็น,ทาวันละ 2 ครั้ง,NULL,NULL,NULL
3017,1000,101767,รักษาอาการคันจากเชื้อราและผิวหนังแข็ง,เช้า-เย็น,ทาวันละ 2 ครั้ง,NULL,NULL,NULL
3018,1000,101768,รักษาข้อกระดูกเสื่อม,NULL,รับประทานครั้งละ 1 ซอง,NULL,NULL,ละลายน้ำ 1 แก้ว
3019,1000,101769,เสริมแคลเซียม,NULL,รับประทานครั้งละ 1-2 เม็ด,หลังอาหาร,NULL,NULL
3020,1000,101770,แก้ปวดประจำเดือน,เช้า-กลางวัน-เย็น,รับประทานครั้งละ 1 เม็ด,หลังอาหาร,NULL,ยามีฤทธิ์ระคายเคืองกระเพาะอาหาร
3021,1000,101771,คลายกล้ามเนื้อ,เช้า-กลางวัน-เย็น,รับประทานครั้งละ 1 เม็ด,หลังอาหาร,NULL,NULL
3022,1000,101772,บรรเทาอาการคัดจมูก,เช้า-กลางวัน-เย็น,พ่นเข้าจมูกข้างละ 1-2 ครั้ง,NULL,NULL,NULL
3023,1000,101773,ลดอาการอักเสบในโพรงจมูก,วันละ 1 ครั้ง ช่วงเวลาเดียวกัน,พ่นเข้าจมูกข้างละ 1 ครั้ง,NULL,เก็บในอุณหภูมิห้อง,NULL
3024,1000,101774,ยั้บยั้งแบคทีเรีย ลดกลิ่นปากและไอจากการคันคอ,ทุกครั้งที่มีอาการ,พ่นช่องปากครั้งละ 2 ครั้ง,NULL,NULL,NULL
3025,1000,101775,แก้ปวดไมเกรน,NULL,รับประทานครั้งละ 1 เม็ด,NULL,NULL,"เมื่อมีอาการ 30 นาที ไม่ดีขึ้นซ้ำได้อีก 1 เม็ด 
ไม่เกิน 6 เม็ดต่อวัน 10 เม็ดต่อสัปดาห์"
3026,1000,101776,แก้วิงเวียนศรีษะ,เช้า-กลางวัน-เย็น,รับประทานครั้งละ 1 เม็ด,หลังอาหาร,NULL,NULL
3027,1000,101777,ลดความดันโลหิตสูง,NULL,รับประทานตามแพทย์สั่ง  ,NULL,NULL,ห้ามปรับขนาดยาเอง โดยไม่มีคำสั่งแพทย์
3028,1000,101778,รักษาแผลในปาก,เช้า-กลางวัน-เย็น,ทาวันละ 3 ครั้ง,หลังอาหาร,NULL,NULL
3029,1000,101779,ฆ่าเชื้อแบคทีเรีย,เช้า-เย็น,ทาวันละ 2 ครั้ง,NULL,NULL,NULL
3030,1000,101780,ยาคุมกำเนิด,วันละ 1 ครั้ง ช่วงเวลาเดียวกัน,รับประทานครั้งละ 1 เม็ด,NULL,NULL,NULL
3031,1000,101781,รักษาช่องคลอดติดเชื้อ,NULL,เหน็บครั้งละ 1 แท่ง,NULL,NULL,ก่อนนอน
3032,1000,101783,ลดอักเสบ,NULL,รับประทานครั้งละ 1 เม็ด,หลังอาหาร,เก็บในตู้เย็น,NULL
3033,1000,101784,บำรุงผม เล็บ ช่วยผลิตสเปริ์มให้แข็งแรง,NULL,รับประทานครั้งละ 1 เม็ด,หลังอาหาร,NULL,NULL
3034,1000,101785,บำรุงผม ผิว เล็บ ชะลอริ้วรอย ลดคลอเรสเตอรอล,NULL,รับประทานครั้งละ 1 เม็ด,หลังอาหาร,NULL,NULL
3035,1000,101786,บำรุงผม ผิว เล็บ ชะลอริ้วรอย ลดคลอเรสเตอรอล,NULL,รับประทานครั้งละ 1 เม็ด,หลังอาหาร,NULL,NULL
3036,1000,101787,บำรุงผม ผิว เล็บ ชะลอริ้วรอย ลดคลอเรสเตอรอล,NULL,รับประทานครั้งละ 1 เม็ด,หลังอาหาร,NULL,NULL
3037,1000,101788,บำรุงผม เล็บ ช่วยผลิตสเปริ์มให้แข็งแรง,NULL,รับประทานครั้งละ 1 เม็ด,หลังอาหาร,NULL,NULL
3038,1000,101791,บำรุงร่างกาย ,NULL,รับประทานครั้งละ 1 เม็ด,หลังอาหาร,NULL,NULL
3039,1000,101792,บำรุงร่างกาย ,NULL,รับประทานครั้งละ 1 เม็ด,หลังอาหาร,NULL,NULL
3040,1000,101793,ช่วยบำรุงสมอง และความจำ,NULL,รับประทานครั้งละ 1 เม็ด,หลังอาหาร,NULL,NULL
3041,1000,101794,บำรุงผม ผิว เล็บ ชะลอริ้วรอย ลดคลอเรสเตอรอล,NULL,รับประทานครั้งละ 1 เม็ด,หลังอาหาร,NULL,NULL
3042,1000,101795,ช่วยบำรุงสมอง และความจำ,NULL,รับประทานครั้งละ 1-2 เม็ด,หลังอาหาร,NULL,NULL
3043,1000,101796,ลดอักเสบ,NULL,รับประทานครั้งละ 1 เม็ด,หลังอาหาร,NULL,ตอนเช้า
3044,1000,101797,NULL,NULL,รับประทานครั้งละ 1 เม็ด,พร้อมอาหาร,NULL,NULL
3045,1000,101799,เสริมแคลเซียม,NULL,รับประทานครั้งละ 1 เม็ด,NULL,NULL,ผสมน้ำ 1 แก้ว ดื่มหลังอาหารเช้า
3046,1000,101800,เสริมวิตามินบี,NULL,รับประทานครั้งละ 1 เม็ด,NULL,NULL,ผสมน้ำ 1 แก้ว ดื่มหลังอาหารเช้า
3047,1000,101801,บำรุงร่างกาย ,NULL,รับประทานครั้งละ 1 เม็ด,NULL,NULL,ผสมน้ำ 1 แก้ว ดื่มหลังอาหารเช้า
3048,1000,101803,รักษาอาการคันจากเชื้อราและแบคทีเรีย,เช้า-เย็น,ทาวันละ 2 ครั้ง,NULL,NULL,ไม่ควรใช้ติดต่อกันเกิน…5….วัน
3049,1000,101807,รักษาผิวหนังอักเสบ นูนแข็ง,เช้า-เย็น,ทาวันละ 2 ครั้ง,NULL,NULL,ไม่ควรใช้ติดต่อกันเกิน…5….วัน
3050,1000,101808,รักษาเริม,เช้า-กลางวัน-เย็น,รับประทานครั้งละ 1 เม็ด,หลังอาหาร,NULL,รับประทานยาติดต่อกันจนยาหมด เพื่อป้องกันการดื้อยา
3051,1000,101810,รักษาริดสีดวงทวาร,เช้า-เย็น,ทาวันละ 2 ครั้ง,NULL,NULL,NULL
3052,1000,101818,รักษาอาการคันจากเชื้อรา,เช้า-เย็น,ทาวันละ 2 ครั้ง,NULL,NULL,NULL
3053,1000,101819,รักษาสิว,เช้า-เย็น,ทาวันละ 2 ครั้ง,NULL,NULL,ใช้ร่วมกับครีมกันแดด
3054,1000,101820,ช่วยให้นอนหลับ,NULL,รับประทานครั้งละ 1 เม็ด,NULL,NULL,ก่อนนอน 1ชั่วโมง
3055,1000,101827,แก้ไอ ขับเสมหะ,เช้า-กลางวัน-เย็น,รับประทานครั้งละ 1 เม็ด,หลังอาหาร,เก็บในอุณหภูมิห้อง,NULL
3056,1000,101828,บรรเทาอาการตาแห้ง,เช้า-เย็น,ทาวันละ 2 ครั้ง,NULL,เก็บในอุณหภูมิห้อง,NULL
3057,1000,101831,รักษาแผลในปาก,เช้า-กลางวัน-เย็น,ทาวันละ 3 ครั้ง,หลังอาหาร,NULL,NULL
3058,1000,101832,รักษาแผลในปาก,เช้า-กลางวัน-เย็น,ทาวันละ 3 ครั้ง,หลังอาหาร,NULL,NULL
3059,1000,101837,แก้ไอ ละลายเสมหะ,เช้า-กลางวัน-เย็น,รับประทานครั้งละ ......... ช้อนชา,หลังอาหาร,NULL,NULL
3060,1000,101838,ยาต้านเกล็ดเลือด,NULL,รับประทานตามแพทย์สั่ง  ,NULL,NULL,NULL
3061,1000,101840,ลดความดันโลหิตสูง,NULL,รับประทานตามแพทย์สั่ง  ,NULL,NULL,NULL
3062,1000,102231,แก้ปวด ลดอักเสบ,เช้า-กลางวัน-เย็น,รับประทานครั้งละ 1-2 เม็ด,หลังอาหาร,NULL,ยามีฤทธิ์ระคายเคืองกระเพาะอาหาร
3063,1000,102232,บรรเทาอาการตาแดง,เช้า-กลางวัน-เย็น-ก่อนนอน,หยอดครั้งละ 1-2 หยด,NULL,เก็บในอุณหภูมิห้อง,เปิดใช้แล้วมีอายุ 1 เดือน
3064,1000,102233,ลดอาการคันที่ผิวหนัง,เช้า-กลางวัน-เย็น,ทาวันละ 3 ครั้ง,NULL,NULL,NULL
3065,1000,102239,รักษาผิวหนังอักเสบและเชื้อรา,เช้า-เย็น,ทาวันละ 2 ครั้ง,NULL,NULL,NULL
3066,1000,102243,รักษาผิวหนังอักเสบและเชื้อรา,เช้า-เย็น,ทาวันละ 2 ครั้ง,NULL,NULL,NULL
3067,1000,102245,รักษาผิวหนังอักเสบและเชื้อรา,เช้า-เย็น,ทาวันละ 2 ครั้ง,NULL,NULL,NULL
3068,1000,102252,วิตามิน อาหารเสริม,เช้า-เย็น,รับประทานครั้งละ ............. เม็ด,NULL,NULL,"อายุ 1-3 ปี ทานได้ไม่เกิน 400 mg.ต่อวัน
อายุ 4-8 ปี ทานได้ไม่เกิน 650 mg. ต่อวัน
อายุ 9-13 ปี ทานได้ไม่เกิน 1,200 mg.ต่อวัน
อายุ 14-18 ปี ทานได้ไม่เกิน 1,800 mg.ต่อวัน

ผู้ใหญ่อายุมากกว่า 18 ขึ้นไป ทานได้ไม่เกิน 2,000 มิลลิกรัม ต่อวัน"
3069,1000,102259,แก้ท้องผูก,NULL,รับประทานครั้งละ 2 เม็ด,NULL,NULL,ก่อนนอน
3070,1000,102262,เพิ่มความชุ่มชื้นในโพรงจมูก ,เช้า-เย็น,พ่นเข้าจมูกข้างละ 1-2 ครั้ง,NULL,เก็บในอุณหภูมิห้อง,NULL
3071,1000,102264,แก้ท้องผูก,ก่อนนอน,รับประทานครั้งละ 2 เม็ด,NULL,เก็บในอุณหภูมิห้อง,ดื่มน้ำตามมากๆ
3072,1000,102267,แก้ปวด ลดอักเสบ,เช้า-กลางวัน-เย็น,รับประทานครั้งละ 1 เม็ด,หลังอาหาร,NULL,ยามีฤทธิ์ระคายเคืองกระเพาะอาหาร
3073,1000,102277,แก้ปวด ลดอักเสบ,เช้า-กลางวัน-เย็น,รับประทานครั้งละ 1 เม็ด,หลังอาหาร,NULL,NULL
3074,1000,102279,รักษาอาการคันจากเชื้อราและแบคทีเรีย,เช้า-เย็น,ทาวันละ 2 ครั้ง,NULL,NULL,NULL
3075,1000,102281,ฆ่าเชื้อที่ผิวหนัง,เช้า-เย็น,ทาวันละ 2 ครั้ง,NULL,NULL,NULL
3076,1000,102288,บรรเทาอาการคัดจมูก,เช้า-กลางวัน-เย็น,หยอดครั้งละ 1-2 หยด,NULL,เก็บในอุณหภูมิห้อง,ไม่ควรใช้ติดต่อกันเกิน5วัน
3077,1000,102291,แก้ไอแห้ง,เช้า-กลางวัน-เย็น,รับประทานครั้งละ ..... ml,หลังอาหาร,NULL,NULL
3078,1000,102293,บำรุงสตรีมีครรภ์ ก่อนและหลังคลอด,เช้า-เย็น,รับประทานครั้งละ 1 ช้อนโต๊ะ,ก่อนอาหาร,เก็บในอุณหภูมิห้อง,NULL
3079,1000,102323,ลดอาการคันที่ผิวหนัง,เช้า-เย็น,ทาวันละ 2 ครั้ง,NULL,NULL,NULL
3080,1000,102329,ลดน้ำมูก แพ้อากาศ,วันละ 1 ครั้ง ช่วงเวลาเดียวกัน,รับประทานครั้งละ ..... ml,หลังอาหาร,NULL,NULL
3081,1000,102331,แก้ไอแห้ง,เช้า-กลางวัน-เย็น,รับประทานครั้งละ 1 เม็ด,หลังอาหาร,NULL,NULL
3082,1000,102336,รักษาโรคกระเพาะ ปรับลำไส้,เช้า-กลางวัน-เย็น,รับประทานครั้งละ 1 เม็ด,ก่อนอาหาร,เก็บในอุณหภูมิห้อง,NULL
3083,1000,102345,ลดปวด ลดอักเสบ,NULL,รับประทานครั้งละ 1 เม็ด,หลังอาหาร,NULL,วันละ 1 ครั้ง
3084,1000,102346,ลดน้ำมูก แพ้อากาศ,NULL,รับประทานครั้งละ ..... ml,หลังอาหาร,NULL,วันละ 1 ครั้ง
3085,1000,102347,ลดน้ำมูก แพ้อากาศ,วันละ 1 ครั้ง ช่วงเวลาเดียวกัน,รับประทานครั้งละ ..... ml,หลังอาหาร,เก็บในอุณหภูมิห้อง,NULL
3086,1000,102348,ลดปวด ลดอักเสบ,เช้า-กลางวัน-เย็น,รับประทานครั้งละ ......... ช้อนชา,หลังอาหาร,เก็บในอุณหภูมิห้อง,ยามีฤทธิ์ระคายเคืองกระเพาะอาหาร
3087,1000,102349,แก้ไอ ขับเสมหะ,เช้า-กลางวัน-เย็น,รับประทานครั้งละ 1 เม็ด,NULL,NULL,ห้ามรับประทานยาร่วมกับแอลกอฮอล์
3088,1000,102359,รักษาผิวหนังอักเสบและเชื้อแบคทีเรีย,เช้า-เย็น,ทาวันละ 2 ครั้ง,NULL,NULL,NULL
3089,1000,102360,บรรเทาอาการไอ ระคายเคืองคอ,เช้า-กลางวัน-เย็น,รับประทานครั้งละ ...... ช้อนชา,หลังอาหาร,เก็บในอุณหภูมิห้อง,NULL
3090,1000,102380,รักษาตาติดเชื้อ,เช้า-กลางวัน-เย็น-ก่อนนอน,หยอดครั้งละ 1-2 หยด,NULL,NULL,NULL
3091,1000,102381,ลดน้ำมูก แพ้อากาศ,วันละ 1 ครั้ง ช่วงเวลาเดียวกัน,รับประทานครั้งละ ......... ช้อนชา,NULL,เก็บในอุณหภูมิห้อง,NULL
3092,1000,102383,บำรุงเลือด,วันละ 1 ครั้ง ช่วงเวลาเดียวกัน,รับประทานครั้งละ ......... ช้อนชา,หลังอาหาร,NULL,NULL
3093,1000,102384,แก้ไอ ละลายเสมหะ,เช้า-กลางวัน-เย็น,รับประทานครั้งละ ......... ช้อนชา,หลังอาหาร,NULL,NULL
3094,1000,102385,แก้ไอ ละลายเสมหะ,เช้า-กลางวัน-เย็น,รับประทานครั้งละ ......... ช้อนชา,หลังอาหาร,NULL,NULL
3095,1000,102386,แก้ไอ ละลายเสมหะ,เช้า-กลางวัน-เย็น,รับประทานครั้งละ ......... ช้อนชา,หลังอาหาร,NULL,NULL
3096,1000,102387,แก้ปวด ลดอักเสบ,เช้า-กลางวัน-เย็น,รับประทานครั้งละ 1 เม็ด,หลังอาหาร,เก็บในอุณหภูมิห้อง,NULL
3097,1000,102393,รักษาผิวหนังอักเสบ นูนแข็ง,เช้า-เย็น,ทาวันละ 2 ครั้ง,NULL,NULL,NULL
3098,1000,102394,รักษาอาการคันจากเชื้อรา,เช้า-เย็น,ทาวันละ 2 ครั้ง,NULL,NULL,NULL
3099,1000,102400,บรรเทาอาการระคายเคืองตา,เช้า-กลางวัน-เย็น-ก่อนนอน,หยอดครั้งละ 1-2 หยด,NULL,เก็บในอุณหภูมิห้อง,เปิดใช้แล้วมีอายุ 1 เดือน
3100,1000,102402,แก้ท้องอืดท้องเฟ้อ,เช้า-กลางวัน-เย็น,รับประทานครั้งละ 1 เม็ด,หลังอาหาร,เก็บในอุณหภูมิห้อง,NULL
3101,1000,102406,แก้ท้องผูก,NULL,รับประทานครั้งละ 2 เม็ด,NULL,NULL,ก่อนนอน
3102,1000,102407,รักษาข้อกระดูกเสื่อม,วันละ 1 ครั้ง ช่วงเวลาเดียวกัน,รับประทานครั้งละ 1 ซอง,ก่อนอาหาร,NULL,ละลายกับน้ำ1แก้วก่อนดื่ม
3103,1000,102411,ลดอาการอักเสบที่ผิวหนัง,เช้า-เย็น,ทาวันละ 2 ครั้ง,NULL,NULL,NULL
3104,1000,102412,บรรเทาอาการตาแห้ง,ทุกครั้งที่มีอาการ,หยอดครั้งละ 1-2 หยด,NULL,NULL,เปิดใช้แล้วมีอายุ 1 เดือน
3105,1000,102415,ฆ่าเชื้อในทางเดินหายใจ,เช้า-กลางวัน-เย็น,รับประทานครั้งละ ..... ml,หลังอาหาร,NULL,รับประทานยาติดต่อกันจนยาหมด เพื่อป้องกันการดื้อยา
3106,1000,102416,ฆ่าเชื้อในทางเดินหายใจ,เช้า-กลางวัน-เย็น,รับประทานครั้งละ ..... ml,หลังอาหาร,NULL,รับประทานยาติดต่อกันจนยาหมด เพื่อป้องกันการดื้อยา
3107,1000,102421,ลดน้ำมูก แพ้อากาศ,วันละ 1 ครั้ง ช่วงเวลาเดียวกัน,รับประทานครั้งละ 1 เม็ด,หลังอาหาร,NULL,NULL
3108,1000,102424,แก้แพ้ ลดน้ำมูก ผื่นคัน,วันละ 1 ครั้ง ช่วงเวลาเดียวกัน,รับประทานครั้งละ 1 เม็ด,หลังอาหาร,NULL,NULL
3109,1000,102425,แก้ไอ ละลายเสมหะ,เช้า-กลางวัน-เย็น,รับประทานครั้งละ ......... ช้อนชา,หลังอาหาร,NULL,NULL
3110,1000,102426,แก้ท้องผูก,NULL,รับประทานครั้งละ ..... ml,NULL,NULL,ก่อนนอน
3111,1000,102429,บรรเทาอาการตาแห้ง,ทุกครั้งที่มีอาการ,หยอดครั้งละ 1-2 หยด,NULL,NULL,สำหรับใช้รายวัน
3112,1000,102430,บรรเทาอาการตาแห้ง,ทุกครั้งที่มีอาการ,หยอดครั้งละ 1-2 หยด,NULL,NULL,เปิดใช้แล้วมีอายุ 1 เดือน
3113,1000,102431,บรรเทาอาการตาแห้ง,ทุกครั้งที่มีอาการ,หยอดครั้งละ 1-2 หยด,NULL,NULL,สำหรับใช้รายวัน
3114,1000,102435,แก้ไอแห้ง,เช้า-กลางวัน-เย็น,รับประทานครั้งละ 1 เม็ด,หลังอาหาร,เก็บในอุณหภูมิห้อง,ยานี้ทำให้ง่วงนอน
3115,1000,102436,รักษาอาการคันจากเชื้อรา,เช้า-เย็น,ทาวันละ 2 ครั้ง,NULL,NULL,NULL
3116,1000,102438,ลดปวด ลดอักเสบ,เช้า-กลางวัน-เย็น-ก่อนนอน,ทาวันละ 3-4 ครั้ง,NULL,NULL,NULL
3117,1000,102439,แก้แพ้ ลดน้ำมูก ผื่นคัน,วันละ 1 ครั้ง ช่วงเวลาเดียวกัน,รับประทานครั้งละ ..... ml,หลังอาหาร,NULL,NULL
3118,1000,102447,รักษาเริม,ทุก 4 ชั่วโมง,ทาวันละ 5 ครั้ง,NULL,NULL,ควรทาติดต่อกันประมาณ 5 วัน
3119,1000,102448,บรรเทาอาการตาแห้ง,ทุกครั้งที่มีอาการ,หยอดครั้งละ 1-2 หยด,NULL,NULL,เปิดใช้แล้วมีอายุ 1 เดือน
3120,1000,102450,ฆ่าเชื้อแบคทีเรีย,เช้า-กลางวัน-เย็น,รับประทานครั้งละ ..... ml,หลังอาหาร,เก็บในตู้เย็น,รับประทานยาติดต่อกันจนยาหมด เพื่อป้องกันการดื้อยา
3121,1000,102453,ฆ่าเชื้อแบคทีเรีย,เช้า-เย็น,รับประทานครั้งละ 1 เม็ด,ก่อนอาหาร,NULL,รับประทานยาติดต่อกันจนยาหมด เพื่อป้องกันการดื้อยา
3122,1000,102454,ฆ่าเชื้อแบคทีเรีย,เช้า-กลางวัน-เย็น,รับประทานครั้งละ ..... ml,หลังอาหาร,NULL,NULL
3123,1000,102455,ฆ่าเชื้อแบคทีเรีย,เช้า-กลางวัน-เย็น,รับประทานครั้งละ ..... ml,หลังอาหาร,เก็บในตู้เย็น,รับประทานยาติดต่อกันจนยาหมด เพื่อป้องกันการดื้อยา
3124,1000,102459,บรรเทาอาการไอ ละลายเสมหะ,เช้า-กลางวัน-เย็น,รับประทานครั้งละ ..... ml,หลังอาหาร,NULL,NULL
3125,1000,102460,รักษาอาการคันจากเชื้อรา,เช้า-เย็น,ทาวันละ 2 ครั้ง,NULL,NULL,NULL
3126,1000,102461,รักษาอาการคันจากเชื้อรา,เช้า-เย็น,ทาวันละ 2 ครั้ง,NULL,NULL,NULL
3127,1000,102462,ฆ่าเชื้อรา,เช้า-เย็น,ทาวันละ 2 ครั้ง,NULL,NULL,NULL
3128,1000,102463,ฆ่าเชื้อรา,NULL,ทาวันละ 2 ครั้ง,NULL,NULL,NULL
3129,1000,102464,ฆ่าเชื้อรา,เช้า-เย็น,ทาวันละ 2 ครั้ง,NULL,เก็บในอุณหภูมิห้อง,NULL
3130,1000,102476,รักษาช่องคลอดติดเชื้อ,เช้า-กลางวัน-เย็น,รับประทานครั้งละ 1 เม็ด,หลังอาหาร,NULL,รับประทานยาติดต่อกันจนยาหมด เพื่อป้องกันการดื้อยา
3131,1000,102480,แก้แพ้ ลดน้ำมูก ผื่นคัน,วันละ 1 ครั้ง ช่วงเวลาเดียวกัน,รับประทานครั้งละ 1 เม็ด,หลังอาหาร,NULL,NULL
3132,1000,102483,ช่วยลดกลิ่นปาก ชุ่มคอ,ทุกครั้งที่มีอาการ,พ่นช่องปากครั้งละ 1-2 ครั้ง,NULL,NULL,NULL
3133,1000,102489,แก้แพ้ ลดน้ำมูก ผื่นคัน,วันละ 1 ครั้ง ช่วงเวลาเดียวกัน,รับประทานครั้งละ ..... ml,หลังอาหาร,NULL,NULL
3134,1000,102491,ฆ่าเชื้อแบคทีเรีย,เช้า-กลางวัน-เย็น-ก่อนนอน,หยอดครั้งละ 1-2 หยด,NULL,เก็บในอุณหภูมิห้อง,เปิดใช้แล้วมีอายุ 1 เดือน
3135,1000,102492,ลดคลื่นไส้ อาเจียน ปรับลำไส้,เช้า-กลางวัน-เย็น,รับประทานครั้งละ ..... ml,ก่อนอาหาร,NULL,NULL
3136,1000,102493,ลดคลื่นไส้ อาเจียน ปรับลำไส้,เช้า-กลางวัน-เย็น,รับประทานครั้งละ ..... ml,ก่อนอาหาร,เก็บในอุณหภูมิห้อง,NULL
3137,1000,102497,ฆ่าเชื้อแบคทีเรีย,เช้า-เย็น,รับประทานครั้งละ 2 เม็ด,หลังอาหาร,NULL,รับประทานยาติดต่อกันจนยาหมด เพื่อป้องกันการดื้อยา
3138,1000,102502,ละลายเสมหะ บรรเทาอาการไอ,เช้า-กลางวัน-เย็น,รับประทานครั้งละ 1 เม็ด,หลังอาหาร,NULL,NULL
3139,1000,102510,แก้แพ้ ลดน้ำมูก ผื่นคัน,วันละ 1 ครั้ง ช่วงเวลาเดียวกัน,รับประทานครั้งละ 1 เม็ด,หลังอาหาร,NULL,NULL
3140,1000,102513,แก้แพ้,ทุกครั้งที่มีอาการ,รับประทานครั้งละ ครึ่ง เม็ด,NULL,NULL,ยานี้ทำให้ง่วงนอน
3141,1000,102517,แก้ปวด ลดอักเสบ ลดไข้,เช้า-กลางวัน-เย็น,รับประทานครั้งละ 1 เม็ด,หลังอาหาร,NULL,NULL
3142,1000,102521,แก้ปวด ลดอักเสบ,เช้า-เย็น,รับประทานครั้งละ 1 เม็ด,หลังอาหาร,NULL,NULL
3143,1000,102526,ฆ่าเชื้อแบคทีเรีย,เช้า-กลางวัน-เย็น,รับประทานครั้งละ ..... ml,หลังอาหาร,เก็บในอุณหภูมิห้อง,NULL
3144,1000,102527,ฆ่าเชื้อแบคทีเรีย,เช้า-กลางวัน-เย็น,รับประทานครั้งละ ..... ml,หลังอาหาร,เก็บในอุณหภูมิห้อง,NULL
3145,1000,102530,ฆ่าเชื้อแบคทีเรีย,เช้า-กลางวัน-เย็น,รับประทานครั้งละ ..... ml,ก่อนอาหาร,NULL,เคียวก่อนกลืน
3146,1000,102533,ฆ่าเชื้อแบคทีเรีย,เช้า-กลางวัน-เย็น,ทาวันละ 3 ครั้ง,NULL,เก็บในอุณหภูมิห้อง,NULL
3147,1000,102534,ฆ่าเชื้อแบคทีเรีย,เช้า-กลางวัน-เย็น,ทาวันละ 2-3 ครั้ง,NULL,เก็บในอุณหภูมิห้อง,NULL
3148,1000,102536,วิตามิน อาหารเสริม,วันละ 1 ครั้ง ช่วงเวลาเดียวกัน,รับประทานครั้งละ 1 ช้อนชา,หลังอาหาร,NULL,NULL
3149,1000,102537,วิตามิน อาหารเสริม,วันละ 1 ครั้ง ช่วงเวลาเดียวกัน,รับประทานครั้งละ 1 เม็ด,พร้อมอาหาร,NULL,NULL
3150,1000,102544,แก้ท้องผูก,วันละ 1 ครั้ง ช่วงเวลาเดียวกัน,รับประทานครั้งละ 1-2 ซอง,หลังอาหาร,NULL,กินวันเว้นวัน เหมาะสำหรับผู้ใหญ่และเด็กอายุ 8 ปีขึ้นไป
3151,1000,102545,ประจำเดือนมาไม่ปกติ,วันละ 1 ครั้ง ช่วงเวลาเดียวกัน,รับประทานครั้งละ 1-2 เม็ด,หลังอาหาร,NULL,NULL
3152,1000,102547,ช่วยย่อยอาหาร,เช้า-กลางวัน-เย็น,รับประทานครั้งละ 1-2 เม็ด,หลังอาหาร,NULL,NULL
3153,1000,102548,รักษาแผลในปาก,เช้า-กลางวัน-เย็น-ก่อนนอน,ทาวันละ 3-4 ครั้ง,หลังอาหาร,NULL,NULL
3154,1000,102562,แก้ไอ ละลายเสมหะ,เช้า-เย็น,รับประทานครั้งละ ..... ml,หลังอาหาร,NULL,NULL
3155,1000,102564,ฆ่าเชื้อรา,เช้า-เย็น,ทาวันละ 2 ครั้ง,NULL,NULL,NULL
3156,1000,102565,ฆ่าเชื้อรา,NULL,เหน็บครั้งละ 2 เม็ด,NULL,NULL,ก่อนนอนเป็นเวลา 3 วัน
3157,1000,102570,ฆ่าเชื้อแบคทีเรีย,วันละ 1 ครั้ง ช่วงเวลาเดียวกัน,รับประทานครั้งละ 4 เม็ด,หลังอาหาร,NULL,ทานครั้งเดียว 
3158,1000,102579,แก้ปวดปลายประสาท,วันละ 1 ครั้ง ช่วงเวลาเดียวกัน,รับประทานครั้งละ 1 เม็ด,NULL,NULL,ยานี้ทำให้ง่วงนอน
3159,1000,102588,ฆ่าเชื้อแบคทีเรีย,เช้า-เย็น,รับประทานครั้งละ 2 เม็ด,หลังอาหาร,NULL,รับประทานยาติดต่อกันจนยาหมด เพื่อป้องกันการดื้อยา
3160,1000,102610,ระบายท้อง ช่วยขับถ่าย,วันละ 1 ครั้ง ช่วงเวลาเดียวกัน,รับประทานครั้งละ 1-2 ช้อนโต๊ะ,NULL,NULL,ก่อนนอน
3161,1000,102615,ฆ่าเชื้อแบคทีเรีย,เช้า-กลางวัน-เย็น-ก่อนนอน,รับประทานครั้งละ 1 เม็ด,หลังอาหาร,NULL,รับประทานยาติดต่อกันจนยาหมด เพื่อป้องกันการดื้อยา
3162,1000,102621,แก้ไอ ละลายเสมหะ,เช้า-กลางวัน-เย็น,รับประทานครั้งละ ...... ช้อนชา,หลังอาหาร,เก็บในอุณหภูมิห้อง,NULL
3163,1000,102622,ลดไข้ บรรเทาอาการปวด,ทุก 6 ชั่วโมง,รับประทานครั้งละ ..... ml,NULL,NULL,NULL
3164,1000,102637,รักษาอาการคันจากเชื้อรา,เช้า-เย็น,ทาวันละ 2 ครั้ง,NULL,NULL,NULL
3165,1000,102638,เสริมวิตามินบี,เช้า-กลางวัน-เย็น,รับประทานครั้งละ 1 เม็ด,หลังอาหาร,NULL,NULL
3166,1000,102639,ฆ่าเชื้อแบคทีเรีย,เช้า-เย็น,รับประทานครั้งละ 1 เม็ด,หลังอาหาร,NULL,NULL
3167,1000,102640,รักษาริดสีดวงทวาร,เช้า-เย็น,รับประทานครั้งละ 3 เม็ด,หลังอาหาร,NULL,วันที่ 1-4 จากนั้น วันที่ 5-7 ครั้งละ 2 เม็ด 2 ครั้ง หลังอาหาร เช้า-เย็น
3168,1000,102641,รักษาแผลไฟไหม้ น้ำร้อนลวก,เช้า-กลางวัน-เย็น-ก่อนนอน,ทาวันละ 3-4 ครั้ง,NULL,เก็บในอุณหภูมิห้อง,NULL
3169,1000,102651,ฆ่าเชื้อแบคทีเรีย,เช้า-กลางวัน-เย็น,รับประทานครั้งละ ..... ml,หลังอาหาร,NULL,NULL
3170,1000,102659,เลื่อนประจำเดือน,เช้า-เย็น,รับประทานครั้งละ 1 เม็ด,หลังอาหาร,NULL,NULL
3171,1000,102668,ฆ่าเชื้อแบคทีเรีย,เช้า-เย็น,รับประทานครั้งละ 1 เม็ด,หลังอาหาร,เก็บในอุณหภูมิห้อง,NULL
3172,1000,102669,บรรเทาอาการไอ ละลายเสมหะ,เช้า-กลางวัน-เย็น,รับประทานครั้งละ ...... ช้อนชา,หลังอาหาร,NULL,NULL
3173,1000,102670,บรรเทาอาการไอ ระคายเคืองคอ,เช้า-กลางวัน-เย็น,รับประทานครั้งละ ..... ml,หลังอาหาร,NULL,NULL
3174,1000,102672,รักษาอาการคันจากเชื้อรา,เช้า-เย็น,ทาวันละ 2 ครั้ง,NULL,NULL,NULL
3175,1000,102707,รักษาอาการคันจากเชื้อรา,เช้า-เย็น,ทาวันละ 2 ครั้ง,NULL,NULL,NULL
3176,1000,102711,แก้ไอ ละลายเสมหะ,เช้า-กลางวัน-เย็น,รับประทานครั้งละ 1 ช้อนชา,หลังอาหาร,เก็บในตู้เย็น,เขย่าขวดก่อนรับประทาน
3177,1000,102721,ลดปวด ลดอักเสบ,เช้า-กลางวัน-เย็น-ก่อนนอน,ทาวันละ 3-4 ครั้ง,NULL,NULL,NULL
3178,1000,102723,แก้ปวด ลดอักเสบ,เช้า-กลางวัน-เย็น-ก่อนนอน,ทาวันละ 3-4 ครั้ง,NULL,NULL,NULL
3179,1000,102725,แก้ไอ ละลายเสมหะ,เช้า-กลางวัน-เย็น,รับประทานครั้งละ ...... ช้อนชา,หลังอาหาร,เก็บในอุณหภูมิห้อง,NULL
3180,1000,102729,รักษาริดสีดวงทวาร,เช้า-กลางวัน-เย็น,รับประทานครั้งละ 3-4 เม็ด,ก่อนอาหาร,NULL,NULL
3181,1000,102730,บรรเทาอาการหวัด คัดจมูก,วันละ 1 ครั้ง ช่วงเวลาเดียวกัน,รับประทานครั้งละ 1 เม็ด,หลังอาหาร,NULL,NULL
3182,1000,102731,ลดอาการอักเสบที่ผิวหนัง,เช้า-เย็น,ทาวันละ 2 ครั้ง,NULL,เก็บในอุณหภูมิห้อง,NULL
3183,1000,102740,โรคข้อเข่าเสื่อม อาการปวดเข่า,วันละ 1 ครั้ง ช่วงเวลาเดียวกัน,รับประทานครั้งละ 1 ซอง,NULL,NULL,ละลายน้ำ ประมาณ 150 มิลิลิตร
3184,1000,102741,NULL,วันละ 1 ครั้ง ช่วงเวลาเดียวกัน,รับประทานครั้งละ 1 ซอง,NULL,NULL,ละลายน้ำ ประมาณ 150 มิลิลิตร
3185,1000,102755,ปรับลำไส้ รักษาท้องเสีย,เช้า-กลางวัน-เย็น,รับประทานครั้งละ 1 ซอง,NULL,NULL,ไม่แนะนำให้ใช้ในคนให้นมบุตร
3186,1000,102776,แก้ปวด ลดอักเสบ,เช้า-กลางวัน-เย็น,รับประทานครั้งละ 1 เม็ด,หลังอาหาร,NULL,ยามีฤทธิ์ระคายเคืองกระเพาะอาหาร
3187,1000,102794,ขับลม จุกแน่น ,เช้า-กลางวัน-เย็น,รับประทานครั้งละ 1-2 เม็ด,หลังอาหาร,เก็บในอุณหภูมิห้อง,NULL
3188,1000,102796,ยาถ่ายพยาธิ,วันละ 1 ครั้ง ช่วงเวลาเดียวกัน,รับประทานครั้งละ  ช้อนชา,ก่อนอาหาร,NULL,รับประทานยาติดต่อกันจนยาหมด เพื่อป้องกันการดื้อยา
3189,1000,102797,แก้ไอ ขับเสมหะ,เช้า-กลางวัน-เย็น,รับประทานครั้งละ 1 ช้อนชา,หลังอาหาร,เก็บในอุณหภูมิห้อง,NULL
3190,1000,102798,รักษาผิวหนังอักเสบ นูนแข็ง,เช้า-เย็น,ทาวันละ 2 ครั้ง,NULL,เก็บในอุณหภูมิห้อง,NULL
3191,1000,102799,โปรตีนไข่ขาว,เช้า-กลางวัน-เย็น,รับประทานครั้งละ 1-2 เม็ด,หลังอาหาร,NULL,NULL
3192,1000,102832,แก้ปวด ลดอักเสบ,วันละ 1 ครั้ง ช่วงเวลาเดียวกัน,รับประทานครั้งละ 1 เม็ด,หลังอาหาร,เก็บในอุณหภูมิห้อง,NULL
3193,1000,102839,แก้แพ้ ลดน้ำมูก ผื่นคัน,วันละ 1 ครั้ง ช่วงเวลาเดียวกัน,รับประทานครั้งละ 1 เม็ด,หลังอาหาร,เก็บในอุณหภูมิห้อง,NULL
3194,1000,102840,บรรเทาอาการระคายเคืองตา,เช้า-กลางวัน-เย็น-ก่อนนอน,หยอดครั้งละ 1-2 หยด,NULL,เก็บในอุณหภูมิห้อง,เปิดใช้แล้วมีอายุ 1 เดือน
3195,1000,102845,ลดไข้ บรรเทาอาการปวด,ทุก 6 ชั่วโมง,รับประทานครั้งละ 1 ช้อนชา,หลังอาหาร,เก็บในอุณหภูมิห้อง,เขย่าขวดก่อนรับประทาน
3196,1000,102847,ฆ่าเชื้อแบคทีเรีย,เช้า-เย็น,รับประทานครั้งละ 1 เม็ด,พร้อมอาหาร,เก็บในตู้เย็น,รับประทานยาติดต่อกันจนยาหมด เพื่อป้องกันการดื้อยา
3197,1000,102848,แก้จุกเสียด แน่นท้อง ขับลม ,เช้า-กลางวัน-เย็น-ก่อนนอน,รับประทานครั้งละ ............. เม็ด,ก่อนอาหาร,เก็บในตู้เย็น,NULL
3198,1000,102854,แก้ปวด ลดอักเสบ,วันละ 1 ครั้ง ช่วงเวลาเดียวกัน,รับประทานครั้งละ 1 เม็ด,หลังอาหาร,เก็บในอุณหภูมิห้อง,ยามีฤทธิ์ระคายเคืองกระเพาะอาหาร
3199,1000,102855,แก้จุกเสียด แน่นท้อง ขับลม ,เช้า-กลางวัน-เย็น,รับประทานครั้งละ 1 เม็ด,หลังอาหาร,เก็บในอุณหภูมิห้อง,NULL
3200,1000,102858,แก้ปวด ลดอักเสบ,วันละ 1 ครั้ง ช่วงเวลาเดียวกัน,รับประทานครั้งละ 1 เม็ด,หลังอาหาร,เก็บในอุณหภูมิห้อง,ยานี้อาจทำให้ท้องเสียในลูกค้าบางราย
3201,1000,102859,แก้ปวด ลดอักเสบ ลดไข้,เช้า-กลางวัน-เย็น,รับประทานครั้งละ 1 เม็ด,หลังอาหาร,เก็บในอุณหภูมิห้อง,ยามีฤทธิ์ระคายเคืองกระเพาะอาหาร
3202,1000,102861,แก้ปวด ลดอักเสบ,วันละ 1 ครั้ง ช่วงเวลาเดียวกัน,รับประทานครั้งละ 1 เม็ด,หลังอาหาร,เก็บในอุณหภูมิห้อง,ยามีฤทธิ์ระคายเคืองกระเพาะอาหาร
3203,1000,102862,แก้ปวด ลดอักเสบ,วันละ 1 ครั้ง ช่วงเวลาเดียวกัน,รับประทานครั้งละ 1-2 ซอง,หลังอาหาร,NULL,ยามีฤทธิ์ระคายเคืองกระเพาะอาหาร
3204,1000,102865,แก้แพ้ เมารถ  ช่วยให้หลับ,วันละ 1 ครั้ง ช่วงเวลาเดียวกัน,รับประทานครั้งละ 1 เม็ด,ก่อนอาหาร,NULL,ยานี้ทำให้ง่วงนอน
3205,1000,102867,รักษาโรคเบาหวาน,วันละ 1 ครั้ง ช่วงเวลาเดียวกัน,รับประทานครั้งละ ............. เม็ด,หลังอาหาร,NULL,NULL
3206,1000,102868,ลดความดันโลหิตสูง,วันละ 1 ครั้ง ช่วงเวลาเดียวกัน,รับประทานครั้งละ 1 เม็ด,หลังอาหาร,NULL,NULL
3207,1000,102873,แก้ปวดประจำเดือน,เช้า-กลางวัน-เย็น,รับประทานครั้งละ 1 เม็ด,หลังอาหาร,NULL,ยามีฤทธิ์ระคายเคืองกระเพาะอาหาร
3208,1000,102880,แก้แพ้ ลดน้ำมูก ผื่นคัน,วันละ 1 ครั้ง ช่วงเวลาเดียวกัน,รับประทานครั้งละ 1 เม็ด,หลังอาหาร,NULL,สามารถเคี้ยวให้ละเอียดก่อนกลืนยา
3209,1000,102880,แก้แพ้  น้ำมูก จาม คันตา ผื่นคัน,วันละ 1 ครั้ง ช่วงเวลาเดียวกัน,รับประทานครั้งละ 1 เม็ด,NULL,NULL,สามารถเคี้ยวหรือกลืนทั้งเม็ด
3210,1000,102880,แก้แพ้  น้ำมูก จาม คันตา ผื่นคัน,วันละ 1 ครั้ง ช่วงเวลาเดียวกัน,รับประทานครั้งละ 1 เม็ด,NULL,NULL,สามารถเคี้ยวหรือกลืนทั้งเม็ด
3211,1000,102880,NULL,วันละ 1 ครั้ง ช่วงเวลาเดียวกัน,รับประทานครั้งละ 1 เม็ด,NULL,NULL,สามารถเคี้ยวหรือกลืนทั้งเม็ด
3212,1000,102884,แก้ปวด ลดอักเสบ,วันละ 1 ครั้ง ช่วงเวลาเดียวกัน,รับประทานครั้งละ 1 เม็ด,หลังอาหาร,NULL,ยามีฤทธิ์ระคายเคืองกระเพาะอาหาร
3213,1000,102887,แก้ปวด ลดอักเสบ,วันละ 1 ครั้ง ช่วงเวลาเดียวกัน,รับประทานครั้งละ 1 เม็ด,หลังอาหาร,NULL,ยามีฤทธิ์ระคายเคืองกระเพาะอาหาร
3214,1000,102888,แก้ไอ ละลายเสมหะ,เช้า-กลางวัน-เย็น,รับประทานครั้งละ 1 เม็ด,หลังอาหาร,NULL,NULL
3215,1000,102889,แก้แพ้ผื่นคัน,เช้า-กลางวัน-เย็น,รับประทานครั้งละ 1 เม็ด,หลังอาหาร,NULL,ยานี้ทำให้ง่วงนอน
3216,1000,102890,แก้ปวด ลดอักเสบ,เช้า-เย็น,รับประทานครั้งละ 1 เม็ด,หลังอาหาร,NULL,ยามีฤทธิ์ระคายเคืองกระเพาะอาหาร
3217,1000,102891,แก้ปวด ลดอักเสบ,เช้า-กลางวัน-เย็น,รับประทานครั้งละ 1 เม็ด,หลังอาหาร,NULL,ยามีฤทธิ์ระคายเคืองกระเพาะอาหาร
3218,1000,102893,แก้ปวด ลดอักเสบ,วันละ 1 ครั้ง ช่วงเวลาเดียวกัน,รับประทานครั้งละ 1 เม็ด,หลังอาหาร,NULL,ทานตามอาการ หายปวดแล้วหยุดทาน
3219,1000,102895,ช่วยย่อยอาหาร,ทุกครั้งที่มีอาการ,รับประทานครั้งละ 2 เม็ด,หลังอาหาร,เก็บในอุณหภูมิห้อง,NULL
3220,1000,102896,ฆ่าเชื้อไวรัส,ทุก 4 ชั่วโมง,รับประทานครั้งละ 1 เม็ด,หลังอาหาร,NULL,รับประทานยาติดต่อกันจนยาหมด เพื่อป้องกันการดื้อยา
3221,1000,102897,ฆ่าเชื้อแบคทีเรีย,เช้า-เย็น,รับประทานครั้งละ 1 เม็ด,หลังอาหาร,NULL,รับประทานยาติดต่อกันจนยาหมด เพื่อป้องกันการดื้อยา
3222,1000,102898,ฆ่าเชื้อแบคทีเรีย,เช้า-เย็น,รับประทานครั้งละ 1 เม็ด,หลังอาหาร,NULL,รับประทานยาติดต่อกันจนยาหมด เพื่อป้องกันการดื้อยา
3223,1000,102911,แก้ไอ ละลายเสมหะ,เช้า-กลางวัน-เย็น,รับประทานครั้งละ 1 ช้อนชา,หลังอาหาร,NULL,เขย่าขวดก่อนรับประทาน
3224,1000,102921,คลายกล้ามเนื้อ,เช้า-กลางวัน-เย็น,รับประทานครั้งละ 1 เม็ด,หลังอาหาร,NULL,ดื่มน้ำตามมากๆ
3225,1000,102922,ฆ่าเชื้อแบคทีเรีย,เช้า-เย็น,รับประทานครั้งละ 1 เม็ด,หลังอาหาร,NULL,รับประทานยาติดต่อกันจนยาหมด เพื่อป้องกันการดื้อยา
3226,1000,102926,แก้ปวด ลดอักเสบ ลดไข้,เช้า-กลางวัน-เย็น,รับประทานครั้งละ 1 เม็ด,หลังอาหาร,NULL,ยามีฤทธิ์ระคายเคืองกระเพาะอาหาร
3227,1000,102939,แก้แพ้ ลดน้ำมูก ผื่นคัน,วันละ 1 ครั้ง ช่วงเวลาเดียวกัน,รับประทานครั้งละ 1 เม็ด,หลังอาหาร,NULL,ดื่มน้ำตามมากๆ
3228,1000,102942,ฆ่าเชื้อแบคทีเรีย,เช้า-เย็น,รับประทานครั้งละ 1 เม็ด,หลังอาหาร,NULL,รับประทานยาติดต่อกันจนยาหมด เพื่อป้องกันการดื้อยา
3229,1000,102943,รักษาริดสีดวงทวาร,เช้า-กลางวัน-เย็น,รับประทานครั้งละ 2 เม็ด,หลังอาหาร,NULL,วันที่ 1-4 หลังจากนั้น วันที่ 5-7 ทาน 2เม็ด วันละ 2ครั้ง  เช้า เย็น
3230,1000,102944,แก้ปวด คลายกล้ามเนื้อ,เช้า-กลางวัน-เย็น,รับประทานครั้งละ 1 เม็ด,หลังอาหาร,เก็บในอุณหภูมิห้อง,NULL
3231,1000,102945,ลดอาการคัดจมูก,ก่อนนอน,รับประทานครั้งละ 1 เม็ด,NULL,เก็บในอุณหภูมิห้อง,NULL
3232,1000,102946,ลดกรดในกระเพาะอาหาร,วันละ 1 ครั้ง ช่วงเวลาเดียวกัน,รับประทานครั้งละ 1 เม็ด,ก่อนอาหาร,NULL,ดื่มน้ำตามมากๆ
3233,1000,102950,ลดอาการอักเสบที่ผิวหนัง,เช้า-เย็น,ทาวันละ 2 ครั้ง,NULL,NULL,ยาใช้ภายนอก ฟอกทำความสะอาดผิวหนัง
3234,1000,102951,แก้ไอ ขับเสมหะ,เช้า-กลางวัน-เย็น,รับประทานครั้งละ ... ช้อนชา,หลังอาหาร,เก็บในอุณหภูมิห้อง,ยานี้ทำให้ง่วงนอน
3235,1000,102953,แก้เวียนหัว น้ำในหู หูอื้อ,เช้า-กลางวัน-เย็น,รับประทานครั้งละ 1 เม็ด,หลังอาหาร,NULL,ยานี้ทำให้ง่วงนอน
3236,1000,102955,ลดน้ำมูก แพ้อากาศ,วันละ 1 ครั้ง ช่วงเวลาเดียวกัน,รับประทานครั้งละ 1 เม็ด,หลังอาหาร,NULL,ดื่มน้ำตามมากๆ
3237,1000,102957,แก้ปวด คลายกล้ามเนื้อ,เช้า-กลางวัน-เย็น,รับประทานครั้งละ 1 เม็ด,หลังอาหาร,NULL,ยานี้ทำให้ง่วงนอน
3238,1000,102960,แก้ปวด ลดอักเสบ,เช้า-กลางวัน-เย็น,รับประทานครั้งละ 1 เม็ด,หลังอาหาร,NULL,ยานี้ทำให้ง่วงนอน   ดื่มน้ำตามมากๆ
3239,1000,102961,แก้แพ้ ลดน้ำมูก ผื่นคัน,วันละ 1 ครั้ง ช่วงเวลาเดียวกัน,รับประทานครั้งละ 1 เม็ด,หลังอาหาร,NULL,ดื่มน้ำตามมากๆ
3240,1000,102962,แก้แพ้  น้ำมูก จาม คันตา ผื่นคัน,วันละ 1 ครั้ง ช่วงเวลาเดียวกัน,รับประทานครั้งละ 1 เม็ด,หลังอาหาร,NULL,ดื่มน้ำตามมากๆ
3241,1000,102963,แก้ไอ ขับเสมหะ,เช้า-กลางวัน-เย็น-ก่อนนอน,รับประทานครั้งละ 1 เม็ด,หลังอาหาร,NULL,ยานี้ทำให้ง่วงนอน
3242,1000,102964,รักษาโรคกระเพาะ,วันละ 1 ครั้ง ช่วงเวลาเดียวกัน,รับประทานครั้งละ 1 เม็ด,ก่อนอาหาร,NULL,ก่อนอาหาร 30 นาที
3243,1000,102967,แก้แพ้ ลดน้ำมูก ผื่นคัน,วันละ 1 ครั้ง ช่วงเวลาเดียวกัน,รับประทานครั้งละ 1 เม็ด,หลังอาหาร,NULL,ดื่มน้ำตามมากๆ
3244,1000,102968,แก้แพ้  น้ำมูก จาม คันตา ผื่นคัน,วันละ 1 ครั้ง ช่วงเวลาเดียวกัน,รับประทานครั้งละ 1 เม็ด,หลังอาหาร,NULL,ดื่มน้ำตามมากๆ
3245,1000,102970,บรรเทาอาการ เหน็บชา,เช้า-กลางวัน-เย็น,รับประทานครั้งละ 1 เม็ด,หลังอาหาร,NULL,ดื่มน้ำตามมากๆ
3246,1000,102971,รักษาเส้นประสาทส่วนปลายอักเสบ,เช้า-กลางวัน-เย็น,รับประทานครั้งละ 1 เม็ด,หลังอาหาร,NULL,NULL
3247,1000,102972,ยาโรควิตกกังวล,NULL,รับประทานตามแพทย์สั่ง  ,NULL,เก็บในอุณหภูมิห้อง,NULL
3248,1000,102980,NULL,NULL,หยอดครั้งละ 1-2 หยด,NULL,เก็บในอุณหภูมิห้อง,ใช้ตามแพทย์สั้งเท่านั้น
3249,1000,102981,แก้ปวด ลดอักเสบ,เช้า-กลางวัน-เย็น,รับประทานครั้งละ 1 ช้อนชา,หลังอาหาร,เก็บในตู้เย็น,NULL
3250,1000,102982,แก้ปวดไมเกรน,ทุก 12 ชั่วโมง,รับประทานครั้งละ 1 เม็ด,หลังอาหาร,NULL,ไม่ควรใช้ติดต่อกันเกิน…….วัน
3251,1000,102983,แก้ปวด ลดอักเสบ,วันละ 1 ครั้ง ช่วงเวลาเดียวกัน,รับประทานครั้งละ 1 เม็ด,หลังอาหาร,NULL,ดื่มน้ำตามมากๆ
3252,1000,102984,แก้ปวด ลดอักเสบ,เช้า-เย็น,รับประทานครั้งละ 1 เม็ด,หลังอาหาร,NULL,NULL
3253,1000,102989,ต้อหิน,NULL,หยอดครั้งละ 1-2 หยด,NULL,เก็บในอุณหภูมิห้อง,ห้ามปรับขนาดยาเอง โดยไม่มีคำสั่งแพทย์
3254,1000,102991,แก้ปวดปลายประสาท,วันละ 1 ครั้ง ช่วงเวลาเดียวกัน,รับประทานครั้งละ 1 เม็ด,หลังอาหาร,NULL,ยานี้ทำให้ง่วงนอน
3255,1000,102994,บรรเทาอาการระคายเคืองตา,เช้า-กลางวัน-เย็น-ก่อนนอน,หยอดครั้งละ 1-2 หยด,NULL,เก็บในอุณหภูมิห้อง,NULL
3256,1000,102995,แก้ปวด ลดอักเสบ,เช้า-เย็น,รับประทานครั้งละ 1 เม็ด,หลังอาหาร,NULL,ยามีฤทธิ์ระคายเคืองกระเพาะอาหาร
3257,1000,102999,ฆ่าเชื้อแบคทีเรีย,เช้า-เย็น,ทาวันละ 2 ครั้ง,NULL,NULL,ทาจนกว่าจะหาย
3258,1000,103003,ฆ่าเชื้อแบคทีเรีย,เช้า-เย็น,รับประทานครั้งละ 1 เม็ด,หลังอาหาร,NULL,NULL
3259,1000,103004,ฆ่าเชื้อแบคทีเรีย,เช้า-เย็น,ทาวันละ 2 ครั้ง,NULL,NULL,ยาใช้ภายนอก
3260,1000,103006,แก้แพ้ผื่นคัน,ก่อนนอน,รับประทานครั้งละ 1 เม็ด,NULL,NULL,ยานี้ทำให้ง่วงนอน
3261,1000,103008,แก้ปวด ลดอักเสบ ลดไข้,เช้า-กลางวัน-เย็น,รับประทานครั้งละ 1 เม็ด,หลังอาหาร,NULL,NULL
3262,1000,103018,ฆ่าเชื้อแบคทีเรีย,เช้า-เย็น,ทาวันละ 2 ครั้ง,NULL,NULL,ยาใช้ภายนอก
3263,1000,103021,แก้ปวด ลดอักเสบ ลดไข้,เช้า-กลางวัน-เย็น,รับประทานครั้งละ 1 เม็ด,หลังอาหาร,NULL,ยามีฤทธิ์ระคายเคืองกระเพาะอาหาร
3264,1000,103022,ฆ่าพยาธิ,วันละ 1 ครั้ง ช่วงเวลาเดียวกัน,รับประทานครั้งละ 1 ช้อนชา,หลังอาหาร,NULL,รับประทานยาติดต่อกันจนยาหมด เพื่อป้องกันการดื้อยา
3265,1000,103023,แก้ปวด ลดอักเสบ,วันละ 1 ครั้ง ช่วงเวลาเดียวกัน,รับประทานครั้งละ 1 เม็ด,หลังอาหาร,NULL,ดื่มน้ำตามมากๆ
3266,1000,103025,แก้แพ้ ลดน้ำมูก ผื่นคัน,ก่อนนอน,รับประทานครั้งละ 1 เม็ด,NULL,NULL,ยานี้ทำให้ง่วงนอน
3267,1000,103028,ฆ่าเชื้อแบคทีเรีย,เช้า-กลางวัน-เย็น-ก่อนนอน,รับประทานครั้งละ 1 ช้อนชา,ก่อนอาหาร,เก็บในตู้เย็น,รับประทานยาติดต่อกันจนยาหมด เพื่อป้องกันการดื้อยา
3268,1000,103030,แก้ปวด คลายกล้ามเนื้อ,เช้า-กลางวัน-เย็น,รับประทานครั้งละ 1 เม็ด,หลังอาหาร,NULL,ดื่มน้ำตามมากๆ
3269,1000,103032,แก้ปวด คลายกล้ามเนื้อ,เช้า-กลางวัน-เย็น,รับประทานครั้งละ 1 เม็ด,หลังอาหาร,NULL,ยานี้ทำให้ง่วงนอน
3270,1000,103033,ลดอักเสบ ลดคัน,เช้า-เย็น,ทาวันละ 2 ครั้ง,NULL,เก็บในอุณหภูมิห้อง,NULL
3271,1000,103036,ปรับลำไส้ แก้คลื่นไส้ อาเจียน,เช้า-กลางวัน-เย็น,รับประทานครั้งละ 1 เม็ด,ก่อนอาหาร,NULL,ก่อนอาหาร 30 นาที
3272,1000,103037,แก้ไอแห้ง,เช้า-กลางวัน-เย็น,รับประทานครั้งละ 1 เม็ด,หลังอาหาร,NULL,ยานี้ทำให้ง่วงนอน
3273,1000,103038,แก้แพ้ ลดน้ำมูก ผื่นคัน,เช้า-เย็น,รับประทานครั้งละ 1 เม็ด,หลังอาหาร,NULL,NULL
3274,1000,103044,คลายกล้ามเนื้อ,เช้า-กลางวัน-เย็น,รับประทานครั้งละ 1 เม็ด,หลังอาหาร,NULL,ยานี้ทำให้ง่วงนอน
3275,1000,103049,ฆ่าเชื้อแบคทีเรีย,เช้า-เย็น,รับประทานครั้งละ 1 เม็ด,พร้อมอาหาร,NULL,รับประทานยาติดต่อกันจนยาหมด เพื่อป้องกันการดื้อยา
3276,1000,103075,แก้ไอ ละลายเสมหะ,เช้า-กลางวัน-เย็น,รับประทานครั้งละ 1 ช้อนชา,หลังอาหาร,เก็บในตู้เย็น,เขย่าขวดก่อนรับประทาน
3277,1000,103080,แก้ไอ ขับเสมหะ,เช้า-กลางวัน-เย็น,รับประทานครั้งละ 1 เม็ด,หลังอาหาร,NULL,ดื่มน้ำตามมากๆ
3278,1000,103081,ลดไข้ บรรเทาอาการปวด,ทุก 6 ชั่วโมง,รับประทานครั้งละ 1 ช้อนชา,หลังอาหาร,NULL,เวลามีไข้ ดื่มน้ำตามมากๆ
3279,1000,103082,ลดไข้ บรรเทาอาการปวด,ทุก 6 ชั่วโมง,รับประทานครั้งละ 1 ช้อนชา,หลังอาหาร,NULL,เวลามีไข้ ดื่มน้ำตามมากๆ
3280,1000,103083,แก้ปวด ลดอักเสบ,เช้า-กลางวัน-เย็น,รับประทานครั้งละ 1 เม็ด,หลังอาหาร,เก็บในอุณหภูมิห้อง,ยามีฤทธิ์ระคายเคืองกระเพาะอาหาร
3281,1000,103084,แก้ปวดประจำเดือน,เช้า-กลางวัน-เย็น,รับประทานครั้งละ 1 เม็ด,หลังอาหาร,NULL,ยามีฤทธิ์ระคายเคืองกระเพาะอาหาร
3282,1000,103085,ลดปวด ลดอักเสบ,เช้า-เย็น,รับประทานครั้งละ 1 เม็ด,หลังอาหาร,NULL,ยามีฤทธิ์ระคายเคืองกระเพาะอาหาร
3283,1000,103098,แก้แพ้ ลดน้ำมูก ผื่นคัน,วันละ 1 ครั้ง ช่วงเวลาเดียวกัน,รับประทานครั้งละ 1 เม็ด,NULL,NULL,NULL
3284,1000,103105,ลดกลิ่นปากและไอจากการคันคอ,ทุกครั้งที่มีอาการ,พ่นช่องปากครั้งละ 1-2 ครั้ง,NULL,NULL,NULL
3285,1000,103107,เจริญอาหาร,เช้า-กลางวัน-เย็น,รับประทานครั้งละ 1 เม็ด,ก่อนอาหาร,NULL,NULL
3286,1000,103108,แก้แพ้ ลดน้ำมูก ผื่นคัน,วันละ 1 ครั้ง ช่วงเวลาเดียวกัน,รับประทานครั้งละ  ,NULL,NULL,NULL
3287,1000,103109,ป้องกันการขาดวิตามินบี บำรุงโลหิต,เช้า-เย็น,รับประทานครั้งละ 1 เม็ด,ก่อนอาหาร,NULL,NULL
3288,1000,103112,แก้แพ้  น้ำมูก จาม คันตา ผื่นคัน,วันละ 1 ครั้ง ช่วงเวลาเดียวกัน,รับประทานครั้งละ 1 เม็ด,NULL,NULL,สามารถเคี้ยวหรือกลืนทั้งเม็ด
3289,1000,103113,แก้แพ้  น้ำมูก จาม คันตา ผื่นคัน,วันละ 1 ครั้ง ช่วงเวลาเดียวกัน,รับประทานครั้งละ 1 เม็ด,NULL,NULL,NULL
3290,1000,103114,ลดน้ำมูก แพ้อากาศ,เช้า-กลางวัน-เย็น-ก่อนนอน,รับประทานครั้งละ ... ml,NULL,NULL,NULL
3291,1000,103115,ลดน้ำมูก แก้คัดจมูก,เช้า-กลางวัน-เย็น-ก่อนนอน,รับประทานครั้งละ ... ml,หลังอาหาร,NULL,NULL
3292,1000,103118,ลดอาการอักเสบที่ผิวหนัง,เช้า-เย็น,ทาวันละ 2 ครั้ง,NULL,NULL,NULL
3293,1000,103139,ยาชาเฉพาะที่,ทุกครั้งที่มีอาการ,ทาวันละ 3-4 ครั้ง,NULL,เก็บในตู้เย็น,NULL
3294,1000,103139,ยาชาเฉพาะที่,NULL,ทาวันละ 1 ครั้ง,NULL,เก็บในตู้เย็น,NULL
3295,1000,103140,บรรเทาอาการตาแห้ง,ทุกครั้งที่มีอาการ,หยอดครั้งละ 1-2 หยด,NULL,เก็บในอุณหภูมิห้อง,NULL
3296,1000,103144,แก้ไอ ละลายเสมหะ,เช้า-กลางวัน-เย็น,รับประทานครั้งละ ... ช้อนชา,หลังอาหาร,NULL,NULL
3297,1000,103147,แก้ไอ ละลายเสมหะ,เช้า-กลางวัน-เย็น,รับประทานครั้งละ ... ml,หลังอาหาร,NULL,NULL
3298,1000,103151,ฆ่าเชื้อราผิวหนัง,เช้า-เย็น,ทาวันละ 2 ครั้ง,NULL,NULL,NULL
3299,1000,103152,รักษาผิวหนังอักเสบและเชื้อรา,เช้า-เย็น,ทาวันละ 2 ครั้ง,NULL,NULL,NULL
3300,1000,103153,ฆ่าเชื้อที่ผิวหนัง,เช้า-เย็น,ทาวันละ 2 ครั้ง,NULL,NULL,NULL
3301,1000,103154,รักษาเริม,เช้า-กลางวัน-เย็น,รับประทานครั้งละ 1 เม็ด,หลังอาหาร,NULL,รับประทานติดต่อกัน 7 วัน
3302,1000,103158,คลายกล้ามเนื้อ,เช้า-กลางวัน-เย็น,รับประทานครั้งละ 1-2 เม็ด,หลังอาหาร,NULL,ดื่มน้ำตามมากๆ
3303,1000,103174,ละลายเสมหะ,เช้า,รับประทานครั้งละ 1 เม็ด,หลังอาหาร,NULL,NULL
3304,1000,103181,NULL,NULL,ทาวันละ 2 ครั้ง,NULL,NULL,NULL
